date,return,extreme_left,extreme_right,extreme_event
2015-03-30,-0.011785518405061958,1,0,-1
2015-03-31,-0.01066397978276213,1,0,-1
2015-04-01,0.002099958772544234,0,0,0
2015-04-02,0.01911547920107722,0,1,1
2015-04-03,-0.004951526518508291,0,0,0
2015-04-07,0.008854170888470991,0,0,0
2015-04-08,-0.0006151953439180327,0,0,0
2015-04-09,-0.013423020332140661,1,0,-1
2015-04-10,-0.0010400416954139703,0,0,0
2015-04-13,0.009940028000823402,0,1,1
2015-04-14,-0.01035634774039177,1,0,-1
2015-04-15,-0.00020822488362588613,0,0,0
2015-04-16,0.00684863110619618,0,0,0
2015-04-17,-0.0037298012571738925,0,0,0
2015-04-20,0.007857774095204623,0,0,0
2015-04-21,-0.011809937325785422,1,0,-1
2015-04-22,0.005404295007381385,0,0,0
2015-04-23,-0.015879982677462698,1,0,-1
2015-04-24,0.006298572156196244,0,0,0
2015-04-27,-0.009885452254606762,1,0,-1
2015-04-28,0.01759944860107789,0,1,1
2015-04-29,0.007036452873126407,0,0,0
2015-04-30,-0.005169038698330884,0,0,0
2015-05-04,-0.015248337220099906,1,0,-1
2015-05-05,0.00399118269546543,0,0,0
2015-05-06,0.00522740343515173,0,0,0
2015-05-07,-0.009639638768416767,1,0,-1
2015-05-08,0.002103492571988681,0,0,0
2015-05-11,0.0004201680734084617,0,0,0
2015-05-12,-0.002523660645397023,0,0,0
2015-05-13,0.00838755179348755,0,0,0
2015-05-14,0.0316508129643501,0,1,1
2015-05-15,0.0012131016449266152,0,0,0
2015-05-18,0.007047245515402922,0,0,0
2015-05-19,-0.005835613703200677,0,0,0
2015-05-20,-0.014227882287205278,1,0,-1
2015-05-21,0.0034739996111748453,0,0,0
2015-05-22,-0.0020420672809949372,0,0,0
2015-05-25,-0.0016366615764677372,0,0,0
2015-05-26,-0.006985851299066336,0,0,0
2015-05-27,-0.005789925190412523,0,0,0
2015-05-28,-0.00020740433549399438,0,0,0
2015-05-29,-0.0010376674169653285,0,0,0
2015-06-01,-0.0010387452892032473,0,0,0
2015-06-02,0.0012463649307670552,0,0,0
2015-06-03,0.0012448134387511986,0,0,0
2015-06-04,-0.008119124438504242,0,0,0
2015-06-05,-0.0035598404256420046,0,0,0
2015-06-08,-0.0027308072846864914,0,0,0
2015-06-09,0.0037791352976674726,0,0,0
2015-06-10,0.004391015941824602,0,0,0
2015-06-11,0.0018759776215670936,0,0,0
2015-06-12,-0.0025020863762375838,0,0,0
2015-06-15,0.0010432969125776675,0,0,0
2015-06-16,0.0033312543819152387,0,0,0
2015-06-17,-0.007929924693557177,0,0,0
2015-06-18,0.006890099290517746,0,0,0
2015-06-19,0.009319731948802227,0,0,0
2015-06-23,-0.011194146743152698,1,0,-1
2015-06-24,-0.005225218284257202,0,0,0
2015-06-25,-0.0014679671295041883,0,0,0
2015-06-26,-0.0037846975369845073,0,0,0
2015-06-29,0.007973185335736733,0,0,0
2015-06-30,-0.0050282946925358325,0,0,0
2015-07-01,-0.0014713612743796445,0,0,0
2015-07-02,-0.007601387952518841,0,0,0
2015-07-03,0.0033855301063087997,0,0,0
2015-07-06,-0.001479759280692901,0,0,0
2015-07-07,0.0023243539254943504,0,0,0
2015-07-08,-0.022194679726409365,1,0,-1
2015-07-09,0.015842763387845925,0,1,1
2015-07-10,-0.0008499788017045179,0,0,0
2015-07-13,-0.00021260763341482013,0,0,0
2015-07-14,-0.007898429363672636,0,0,0
2015-07-15,0.0008568980815676863,0,0,0
2015-07-16,-0.008602203582663191,0,0,0
2015-07-17,-0.0008643042888952726,0,0,0
2015-07-20,-0.02473044296438333,1,0,-1
2015-07-21,-0.011589164698736451,1,0,-1
2015-07-22,-0.01081822585871758,1,0,-1
2015-07-23,0.002037352147844452,0,0,0
2015-07-24,-0.008174432439558062,0,0,0
2015-07-27,0.01986521307224136,0,1,1
2015-07-28,-0.008755247306394986,1,0,-1
2015-07-29,0.0004508566352296627,0,0,0
2015-07-30,-0.012701463565010992,1,0,-1
2015-07-31,-0.004117114690288878,0,0,0
2015-08-03,0.015691055303510074,0,1,1
2015-08-04,-0.010433299449286157,1,0,-1
2015-08-05,-0.0006842285590243518,0,0,0
2015-08-06,-0.0020554991820961105,0,0,0
2015-08-07,0.011366341965457587,0,1,1
2015-08-10,0.0015810279973187732,0,0,0
2015-08-11,0.02121325499399325,0,1,1
2015-08-12,0.039637024050071856,0,1,1
2015-08-13,-0.005109655571031959,0,0,0
2015-08-14,-0.005994451690145328,0,0,0
2015-08-17,0.0,0,0,0
2015-08-18,-0.0017193212917925188,0,0,0
2015-08-19,0.00472103881152344,0,0,0
2015-08-20,0.014452961465480092,0,1,1
2015-08-21,0.016117565021068692,0,1,1
2015-08-24,-0.003327790092674691,0,0,0
2015-08-25,-0.0020855064910213707,0,0,0
2015-08-26,-0.011337513841119218,1,0,-1
2015-08-27,-0.008694784921478361,0,0,0
2015-08-28,0.002127660377116828,0,0,0
2015-08-31,0.0012744266805612126,0,0,0
2015-09-01,0.005081526920137491,0,0,0
2015-09-02,-0.0006337805219012998,0,0,0
2015-09-07,-0.01640603538710998,1,0,-1
2015-09-08,-0.0021505384632285844,0,0,0
2015-09-09,0.00279479919634734,0,0,0
2015-09-10,-0.013399811475639956,1,0,-1
2015-09-11,-0.000870700969244032,0,0,0
2015-09-14,-0.0015255533088370686,0,0,0
2015-09-15,0.00021807872728456766,0,0,0
2015-09-16,0.0,0,0,0
2015-09-17,0.011490641333893905,0,1,1
2015-09-18,0.005803347829631603,0,0,0
2015-09-21,0.010234630914700997,0,1,1
2015-09-22,-0.005317464406490164,0,0,0
2015-09-23,-0.0036320945815232677,0,0,0
2015-09-24,0.008100662502400439,0,0,0
2015-09-25,0.007192753667097946,0,0,0
2015-09-28,-0.010382549035197999,1,0,-1
2015-09-29,-0.010706740394424343,1,0,-1
2015-09-30,-0.005396667172154388,0,0,0
2015-10-08,0.016742181143073628,0,1,1
2015-10-09,0.0006383658052724966,0,0,0
2015-10-12,0.013522285064171975,0,1,1
2015-10-13,-0.007583773444426712,0,0,0
2015-10-14,0.016359425250085033,0,1,1
2015-10-15,0.005394203951123519,0,0,0
2015-10-16,-0.0029009552047513615,0,0,0
2015-10-19,-0.0031175334404586162,0,0,0
2015-10-20,-0.0010413413416286651,0,0,0
2015-10-21,0.001041341341628617,0,0,0
2015-10-22,-0.003336116522010369,0,0,0
2015-10-23,0.0062461164969529895,0,0,0
2015-10-26,-0.00917437627604138,1,0,-1
2015-10-27,0.0010467916793828423,0,0,0
2015-10-28,0.006257842699504494,0,0,0
2015-10-29,-0.011292466298171894,1,0,-1
2015-10-30,-0.01227268895249555,1,0,-1
2015-11-02,-0.005764935364052119,0,0,0
2015-11-03,-0.004076821438845901,0,0,0
2015-11-04,-0.0142921445335318,1,0,-1
2015-11-05,-0.00810252982013855,0,0,0
2015-11-06,0.0017574696966461256,0,0,0
2015-11-09,-0.01392441549691282,1,0,-1
2015-11-10,0.0006674825033671009,0,0,0
2015-11-11,0.00022239519718042657,0,0,0
2015-11-12,-0.003564271984564272,0,0,0
2015-11-13,-0.0033530823860397885,0,0,0
2015-11-16,0.024113545309518557,0,1,1
2015-11-17,-0.018753996973321665,1,0,-1
2015-11-18,-0.006255605743822223,0,0,0
2015-11-19,0.005810072210054373,0,0,0
2015-11-20,0.00666224982541625,0,0,0
2015-11-23,-0.01314489240047199,1,0,-1
2015-11-24,0.0006725703650011596,0,0,0
2015-11-25,0.008258053848694524,0,0,0
2015-11-26,-0.0062430526071915755,0,0,0
2015-11-27,-0.002687571606504101,0,0,0
2015-11-30,-0.017191104208667447,1,0,-1
2015-12-01,0.022559043736630337,0,1,1
2015-12-02,-0.005592230209625367,0,0,0
2015-12-03,-0.01309569403946163,1,0,-1
2015-12-04,0.008824584927682644,0,0,0
2015-12-07,0.0249178631826067,0,1,1
2015-12-08,-0.009937147024452189,1,0,-1
2015-12-09,0.004428705201292951,0,0,0
2015-12-10,-0.002654868816001829,0,0,0
2015-12-11,0.001107052033798775,0,0,0
2015-12-14,0.004415993045185932,0,0,0
2015-12-15,-0.009296215685758225,1,0,-1
2015-12-16,0.0017773832717310116,0,0,0
2015-12-17,0.0026601656121658587,0,0,0
2015-12-18,-0.007332551462553626,0,0,0
2015-12-21,0.013512222419528793,0,1,1
2015-12-22,0.0065789710980425605,0,0,0
2015-12-23,-0.004600731085936772,0,0,0
2015-12-24,0.0010973335897564262,0,0,0
2015-12-25,0.0017532329715576115,0,0,0
2015-12-28,-0.003070177850216874,0,0,0
2015-12-29,0.0028511917549587976,0,0,0
2015-12-30,-0.0006572461623382686,0,0,0
2015-12-31,-0.009247093632797406,1,0,-1
2016-01-04,0.009466223687361006,0,0,0
2016-01-05,0.009160369398664416,0,0,0
2016-01-06,0.004765007932936565,0,0,0
2016-01-07,0.022223136784710256,0,1,1
2016-01-08,0.0008449514655643136,0,0,0
2016-01-11,0.0027411719852800318,0,0,0
2016-01-12,-0.012075138775755712,1,0,-1
2016-01-13,-0.010067558525427149,1,0,-1
2016-01-14,0.00772039005213177,0,0,0
2016-01-15,-0.006214527661515578,0,0,0
2016-01-18,0.003861837024387926,0,0,0
2016-01-19,-0.0012856226326146988,0,0,0
2016-01-20,0.0025695945616307143,0,0,0
2016-01-21,0.010424517335883987,0,1,1
2016-01-22,-0.004454350349380309,0,0,0
2016-01-25,0.002547772078798783,0,0,0
2016-01-26,0.013061066228493276,0,1,1
2016-01-27,0.0018818615067540429,0,0,0
2016-01-28,-0.0023005343200709683,0,0,0
2016-01-29,-0.0020959974137505825,0,0,0
2016-02-01,0.006691785740952317,0,0,0
2016-02-02,0.0027057982998137703,0,0,0
2016-02-03,0.0037344441740880985,0,0,0
2016-02-04,0.010300873942295225,0,1,1
2016-02-05,0.007961662960300712,0,0,0
2016-02-15,0.040838261163064195,0,1,1
2016-02-16,-0.01197854283413286,1,0,-1
2016-02-17,0.0076749368178573325,0,0,0
2016-02-18,-0.0007844675828849176,0,0,0
2016-02-19,0.01228444813556669,0,1,1
2016-02-22,-0.007001195458983588,0,0,0
2016-02-23,0.0003902439073916661,0,0,0
2016-02-24,0.008353618272022712,0,0,0
2016-02-25,0.011732031862929213,0,1,1
2016-02-26,0.0013375372205192183,0,0,0
2016-02-29,-0.00940054884315334,1,0,-1
2016-03-01,0.01397285629447276,0,1,1
2016-03-02,-0.012239586722365291,1,0,-1
2016-03-03,0.008430783793724382,0,0,0
2016-03-04,0.013456092354103527,0,1,1
2016-03-07,0.00018823529467331497,0,0,0
2016-03-08,0.003944778291016325,0,0,0
2016-03-09,-0.00998595203502638,1,0,-1
2016-03-10,-0.008175727639276091,0,0,0
2016-03-11,0.01459326570839112,0,1,1
2016-03-14,-0.012304935190378863,1,0,-1
2016-03-15,-0.01787306153471045,1,0,-1
2016-03-16,0.00618598531678048,0,0,0
2016-03-17,0.014730060688515094,0,1,1
2016-03-18,0.00018987942713476238,0,0,0
2016-03-21,-0.013956827260695696,1,0,-1
2016-03-22,0.006524682521418816,0,0,0
2016-03-23,-0.011736546456927751,1,0,-1
2016-03-24,-0.012659629585427976,1,0,-1
2016-03-25,0.003912368057713952,0,0,0
2016-03-28,-0.004108388836544058,0,0,0
2016-03-29,0.0027408004628002992,0,0,0
2016-03-30,0.01108206150602132,0,1,1
2016-03-31,-0.009519255952545994,1,0,-1
2016-04-01,0.00409078197825307,0,0,0
2016-04-05,-0.00448125445490489,0,0,0
2016-04-06,0.002730110900108355,0,0,0
2016-04-07,-0.00116913497339023,0,0,0
2016-04-08,0.006025871086339909,0,0,0
2016-04-11,0.009835196433606358,0,1,1
2016-04-12,0.004786072120575923,0,0,0
2016-04-13,-0.005361943141385511,0,0,0
2016-04-14,-0.010034819829327028,1,0,-1
2016-04-15,-0.0023300981416227323,0,0,0
2016-04-18,0.0005830337352993001,0,0,0
2016-04-19,0.009667515355687384,0,1,1
2016-04-20,0.0030739697596638377,0,0,0
2016-04-21,0.012770591932201246,0,1,1
2016-04-22,-0.012962438455571363,1,0,-1
2016-04-25,-0.0075108682412208,0,0,0
2016-04-26,-0.0021286897249557296,0,0,0
2016-04-27,0.012322065801998629,0,1,1
2016-04-28,0.0036290747498396642,0,0,0
2016-04-29,0.015888361466384622,0,1,1
2016-05-03,0.01877553063119891,0,1,1
2016-05-04,-0.011483734276463528,1,0,-1
2016-05-05,0.006869051421791007,0,0,0
2016-05-06,0.001848429361782375,0,0,0
2016-05-09,-0.0025887588421997718,0,0,0
2016-05-10,-0.009113798784826656,1,0,-1
2016-05-11,0.004846235020745412,0,0,0
2016-05-12,-0.002979518032905199,0,0,0
2016-05-13,0.0074322155566563155,0,0,0
2016-05-16,0.0071936121333644265,0,0,0
2016-05-17,-0.007193612133364385,0,0,0
2016-05-18,0.0003701647275285344,0,0,0
2016-05-19,-0.015854104337771888,1,0,-1
2016-05-20,0.0005638567953169736,0,0,0
2016-05-23,-0.002445678953963099,0,0,0
2016-05-24,-0.006993696401328248,0,0,0
2016-05-25,-0.014905683959649547,1,0,-1
2016-05-26,0.003843202270753352,0,0,0
2016-05-27,-0.004613618333512721,0,0,0
2016-05-30,-0.011822988770665914,1,0,-1
2016-05-31,0.009701279034623003,0,1,1
2016-06-01,0.001543507927508962,0,0,0
2016-06-02,0.0011560694929185725,0,0,0
2016-06-03,-0.003858773840803919,0,0,0
2016-06-06,0.021987311528007165,0,1,1
2016-06-07,0.0017005200130045925,0,0,0
2016-06-08,0.006398215278234208,0,0,0
2016-06-13,0.028113558581287286,0,1,1
2016-06-14,-0.0029223765090490516,0,0,0
2016-06-15,0.006745080718180233,0,0,0
2016-06-16,0.01711290973571377,0,1,1
2016-06-17,-0.024406888098267254,1,0,-1
2016-06-20,0.0020111534340756855,0,0,0
2016-06-21,-0.002011153434075629,0,0,0
2016-06-22,-0.013264748658482945,1,0,-1
2016-06-23,0.0005562251000919455,0,0,0
2016-06-24,0.0452975988915274,0,1,1
2016-06-27,0.008467152367319333,0,0,0
2016-06-28,-0.004577472781462517,0,0,0
2016-06-29,0.0033471360413257277,0,0,0
2016-06-30,-0.004583121013716528,0,0,0
2016-07-01,0.014557829667067916,0,1,1
2016-07-04,0.0172626416901405,0,1,1
2016-07-05,-0.004631623341081651,0,0,0
2016-07-06,0.020085781637411673,0,1,1
2016-07-07,-0.0033761004383446136,0,0,0
2016-07-08,-0.009855644771274957,1,0,-1
2016-07-11,0.007485574252663312,0,0,0
2016-07-12,-0.004757059599459234,0,0,0
2016-07-13,-0.009582551080996302,1,0,-1
2016-07-14,-0.006728223432089673,0,0,0
2016-07-15,0.0003461405365123626,0,0,0
2016-07-18,-0.002772484881111626,0,0,0
2016-07-19,0.0019069087862141878,0,0,0
2016-07-20,-0.003991328509126085,0,0,0
2016-07-21,-0.010312072504011187,1,0,-1
2016-07-22,0.005955526448317321,0,0,0
2016-07-25,-0.005253032566248634,0,0,0
2016-07-26,0.0014035090023200904,0,0,0
2016-07-27,-0.0007015082714903594,0,0,0
2016-07-28,0.014802185805135365,0,1,1
2016-07-29,-0.006242434004486025,0,0,0
2016-08-01,0.007624365473333145,0,0,0
2016-08-02,0.005165300740495896,0,0,0
2016-08-03,0.00496789030289506,0,0,0
2016-08-04,-0.009788006366162932,1,0,-1
2016-08-05,0.01217749376354424,0,1,1
2016-08-08,-0.021539559369759577,1,0,-1
2016-08-09,-0.0008713078881805221,0,0,0
2016-08-10,0.014194456775690431,0,1,1
2016-08-11,-0.008284479553001576,0,0,0
2016-08-12,-0.0008669267989858376,0,0,0
2016-08-15,-0.0019098885916662073,0,0,0
2016-08-16,0.0045084175549300375,0,0,0
2016-08-17,-0.004856062265540501,0,0,0
2016-08-18,0.005893586135197695,0,0,0
2016-08-19,0.0,0,0,0
2016-08-22,-0.009027839092765328,1,0,-1
2016-08-23,0.0019165438395409673,0,0,0
2016-08-24,0.0005220569160595142,0,0,0
2016-08-25,-0.009263371317632994,1,0,-1
2016-08-26,0.00017557721052912335,0,0,0
2016-08-29,-0.0031651160588953516,0,0,0
2016-08-30,0.0026382919181654222,0,0,0
2016-08-31,-0.004401028140510818,0,0,0
2016-09-01,-0.0022962122603501565,0,0,0
2016-09-02,0.001413677563584191,0,0,0
2016-09-05,0.01228516679457777,0,1,1
2016-09-06,0.0010460251999797707,0,0,0
2016-09-07,0.013499685802399124,0,1,1
2016-09-08,-0.001376225918229099,0,0,0
2016-09-09,-0.0062165629315989535,0,0,0
2016-09-12,-0.003992021269537338,0,0,0
2016-09-13,-0.00017392816810519782,0,0,0
2016-09-14,-0.005057121249447258,0,0,0
2016-09-19,-0.005082825770719678,0,0,0
2016-09-20,0.0010537408772717859,0,0,0
2016-09-21,0.001753771056312526,0,0,0
2016-09-22,0.00820177357478495,0,0,0
2016-09-23,0.0015629073251730618,0,0,0
2016-09-26,-0.00017353579219236723,0,0,0
2016-09-27,-0.0013893715329806452,0,0,0
2016-09-28,-0.007851388147234085,0,0,0
2016-09-29,-0.00245528008297666,0,0,0
2016-09-30,0.0019296558921628314,0,0,0
2016-10-10,-0.04041315183138414,1,0,-1
2016-10-11,-0.0003650301190377882,0,0,0
2016-10-12,-0.002192983335009992,0,0,0
2016-10-13,0.0032876741941917083,0,0,0
2016-10-14,-0.002738977335432239,0,0,0
2016-10-17,0.0009138262538515615,0,0,0
2016-10-18,0.005465490012555156,0,0,0
2016-10-19,0.0,0,0,0
2016-10-20,0.007421520171287902,0,0,0
2016-10-21,-0.003432394301105558,0,0,0
2016-10-24,0.0027107633839878083,0,0,0
2016-10-25,0.0030633414350992537,0,0,0
2016-10-26,0.004667034139759361,0,0,0
2016-10-27,-0.003408380732563175,0,0,0
2016-10-28,0.0008980692116844054,0,0,0
2016-10-31,0.004120761900258165,0,0,0
2016-11-01,0.002143240684672489,0,0,0
2016-11-02,0.009588141636263432,0,1,1
2016-11-03,0.002823365207079688,0,0,0
2016-11-04,-0.004769063176525514,0,0,0
2016-11-07,-0.001949491091502887,0,0,0
2016-11-08,-0.002308854591074338,0,0,0
2016-11-09,0.026321926732379583,0,1,1
2016-11-10,-0.019941189025651725,1,0,-1
2016-11-11,-0.004426744723351974,0,0,0
2016-11-14,-0.031731524692119116,1,0,-1
2016-11-15,0.01093106165774359,0,1,1
2016-11-16,0.003978305427848437,0,0,0
2016-11-17,-0.001987174350969215,0,0,0
2016-11-18,-0.01109203116960783,1,0,-1
2016-11-21,0.007650310536462791,0,0,0
2016-11-22,0.0025371525027182698,0,0,0
2016-11-23,0.0012661663986953916,0,0,0
2016-11-24,-0.010539803184024516,1,0,-1
2016-11-25,-0.008438868645864708,0,0,0
2016-11-28,0.008804165453579973,0,0,0
2016-11-29,-0.0038422881411683475,0,0,0
2016-11-30,-0.006252319006832921,0,0,0
2016-12-01,-0.006662989669849255,0,0,0
2016-12-02,-0.00148671278081078,0,0,0
2016-12-05,-0.0003720238138146394,0,0,0
2016-12-06,-0.0022350540129384058,0,0,0
2016-12-07,-0.0016795749026273404,0,0,0
2016-12-08,0.007628653611937157,0,0,0
2016-12-09,-0.0009272137891922502,0,0,0
2016-12-12,-0.005767994408192672,0,0,0
2016-12-13,0.0009325749067187993,0,0,0
2016-12-14,0.005391850935657879,0,0,0
2016-12-15,-0.010063446837040736,1,0,-1
2016-12-16,-0.006011665672291127,0,0,0
2016-12-19,0.004699698470704288,0,0,0
2016-12-20,-0.005076630250515906,0,0,0
2016-12-21,-0.001509149503556716,0,0,0
2016-12-22,-0.005869561488271966,0,0,0
2016-12-23,0.0009490367989521787,0,0,0
2016-12-26,0.004542881180299884,0,0,0
2016-12-27,0.005086193502127681,0,0,0
2016-12-28,0.00449944516122975,0,0,0
2016-12-29,0.005409956296999268,0,0,0
2016-12-30,0.00962792106754146,0,1,1
2017-01-03,-0.005913896371169876,0,0,0
2017-01-04,0.0024067400305648376,0,0,0
2017-01-05,-0.0033339538197571005,0,0,0
2017-01-06,-0.002414787093364651,0,0,0
2017-01-09,0.0033420008825568682,0,0,0
2017-01-10,0.006466535235746134,0,0,0
2017-01-11,0.0012883042179395272,0,0,0
2017-01-12,0.0014703182211401656,0,0,0
2017-01-13,-0.0036798569584005083,0,0,0
2017-01-16,0.006247723373097251,0,0,0
2017-01-17,0.006026865106104236,0,0,0
2017-01-18,-0.004013871471834909,0,0,0
2017-01-19,-0.010290425241780421,1,0,-1
2017-01-20,0.0025825507805133183,0,0,0
2017-01-23,0.004961877312411478,0,0,0
2017-01-24,-0.001467620883496627,0,0,0
2017-01-25,-0.010148624791531509,1,0,-1
2017-01-26,-0.0074460507840785626,0,0,0
2017-02-03,0.014837067430467574,0,1,1
2017-02-06,0.009892002259016451,0,1,1
2017-02-07,0.007988423018831821,0,0,0
2017-02-08,0.0009037506263566791,0,0,0
2017-02-09,0.005225707900596297,0,0,0
2017-02-10,-0.010660503886553138,1,0,-1
2017-02-13,0.004169316290725438,0,0,0
2017-02-14,-0.0014482261763647637,0,0,0
2017-02-15,-0.0038116027633262944,0,0,0
2017-02-16,0.005078915325448271,0,0,0
2017-02-17,0.003972558492638161,0,0,0
2017-02-20,-0.0021648935029339247,0,0,0
2017-02-21,0.0023450899175129964,0,0,0
2017-02-22,-0.0010816658707410232,0,0,0
2017-02-23,0.0019821612039912025,0,0,0
2017-02-24,0.012166906218471225,0,1,1
2017-02-27,0.0035505096769383538,0,0,0
2017-02-28,-0.00337268447863923,0,0,0
2017-03-01,-0.007316888180140435,0,0,0
2017-03-02,0.0010741139593377236,0,0,0
2017-03-03,-0.007362877834975935,0,0,0
2017-03-06,0.0001802288911790758,0,0,0
2017-03-07,-0.0037916448783955085,0,0,0
2017-03-08,-0.006715698168633132,0,0,0
2017-03-09,-0.004746266668233688,0,0,0
2017-03-10,-0.008083821350300724,0,0,0
2017-03-13,0.00954661188357991,0,1,1
2017-03-14,-0.00476191376024348,0,0,0
2017-03-15,0.0005506102736152095,0,0,0
2017-03-16,0.01692026176251477,0,1,1
2017-03-17,-0.00036088055245486316,0,0,0
2017-03-20,0.005040514722318767,0,0,0
2017-03-21,-0.003958263534433894,0,0,0
2017-03-22,0.008794815730137313,0,0,0
2017-03-23,-0.00017871503934619769,0,0,0
2017-03-24,-0.0028637929004972943,0,0,0
2017-03-27,0.010874516646576285,0,1,1
2017-03-28,-0.0028409110016037525,0,0,0
2017-03-29,-0.0021359922681491996,0,0,0
2017-03-30,0.0,0,0,0
2017-03-31,-0.007153106322655233,0,0,0
2017-04-05,0.00946689217292455,0,0,0
2017-04-06,0.0,0,0,0
2017-04-07,0.007968169649176881,0,0,0
2017-04-10,-0.004596083749093165,0,0,0
2017-04-11,0.0019470755775161917,0,0,0
2017-04-12,0.010904082713750434,0,1,1
2017-04-13,0.004537529600325172,0,0,0
2017-04-14,0.0019135432471966652,0,0,0
2017-04-17,-0.0017394333834331085,0,0,0
2017-04-18,-0.0026148363194823223,0,0,0
2017-04-19,-0.0005237887505173711,0,0,0
2017-04-20,-0.0006988120480047944,0,0,0
2017-04-21,-0.0006993007277986152,0,0,0
2017-04-24,-0.00702003584934065,0,0,0
2017-04-25,0.0,0,0,0
2017-04-26,-0.005120519707654392,0,0,0
2017-04-27,0.0014151780178938021,0,0,0
2017-04-28,0.0012366400303997769,0,0,0
2017-05-02,-0.00868876820101212,0,0,0
2017-05-03,-0.001960959715645946,0,0,0
2017-05-04,-0.014197381070943977,1,0,-1
2017-05-05,-0.001811594698350714,0,0,0
2017-05-08,0.009923401233726878,0,1,1
2017-05-09,-0.00017954933166118735,0,0,0
2017-05-10,-0.005040514722318915,0,0,0
2017-05-11,0.0010822511878848297,0,0,0
2017-05-12,0.0027005147386757237,0,0,0
2017-05-15,0.004663685582942165,0,0,0
2017-05-16,0.002145156346388202,0,0,0
2017-05-17,0.003387114388957658,0,0,0
2017-05-18,0.00815318234990843,0,0,0
2017-05-19,-0.0021205167868159733,0,0,0
2017-05-22,0.002297023715171241,0,0,0
2017-05-23,0.006684281703669834,0,0,0
2017-05-24,-0.011815674012556784,1,0,-1
2017-05-25,0.005131392308886861,0,0,0
2017-05-26,0.00017647577915739558,0,0,0
2017-05-31,-0.006017717274905392,0,0,0
2017-06-01,0.0007098491868612672,0,0,0
2017-06-02,-0.003554295549142257,0,0,0
2017-06-05,0.01308826607069104,0,1,1
2017-06-06,0.0061312270549363805,0,0,0
2017-06-07,0.0010473032900021688,0,0,0
2017-06-08,-0.0029702127191514973,0,0,0
2017-06-09,-0.01143875208842437,1,0,-1
2017-06-12,-0.005145961138411662,0,0,0
2017-06-13,0.00035574529012669543,0,0,0
2017-06-14,0.0019543401441162156,0,0,0
2017-06-15,-0.006588929544958236,0,0,0
2017-06-16,-0.0017882694322107547,0,0,0
2017-06-19,-0.0017914730695950266,0,0,0
2017-06-20,-0.002154012679908635,0,0,0
2017-06-21,-0.00035945363435208754,0,0,0
2017-06-22,0.0062718600001057025,0,0,0
2017-06-23,0.001963059432938057,0,0,0
2017-06-26,0.000534711714014777,0,0,0
2017-06-27,-0.004285720845499297,0,0,0
2017-06-28,-0.0023291240485328935,0,0,0
2017-06-29,-0.002154786253026337,0,0,0
2017-06-30,-0.00957290792833294,1,0,-1
2017-07-03,-0.003272135259098386,0,0,0
2017-07-04,-0.00730997407143838,0,0,0
2017-07-05,-0.0007339449870751193,0,0,0
2017-07-06,0.0016506193568838017,0,0,0
2017-07-07,-0.002385103414875379,0,0,0
2017-07-10,-0.012569481568371106,1,0,-1
2017-07-11,0.004454350349380153,0,0,0
2017-07-12,0.0036968618813262026,0,0,0
2017-07-13,0.0027637051216179423,0,0,0
2017-07-14,-0.004056052758331957,0,0,0
2017-07-17,0.008645321941972909,0,0,0
2017-07-18,0.0025608208616736505,0,0,0
2017-07-19,0.0012779554454922092,0,0,0
2017-07-20,0.0005471956360884174,0,0,0
2017-07-21,0.005818198230987481,0,0,0
2017-07-24,0.002354007424740506,0,0,0
2017-07-25,0.0012652509595727029,0,0,0
2017-07-26,-0.00870832789178442,0,0,0
2017-07-27,0.011594332780919446,0,1,1
2017-07-28,-0.0012616024021731122,0,0,0
2017-07-31,0.002881327403096639,0,0,0
2017-08-01,-0.00017983994293593032,0,0,0
2017-08-02,-0.0001798722911586313,0,0,0
2017-08-03,-0.003784811222562324,0,0,0
2017-08-04,0.005582079858761502,0,0,0
2017-08-07,-0.009018820150167335,1,0,-1
2017-08-08,-0.0009063718557591866,0,0,0
2017-08-09,0.0027166547541908606,0,0,0
2017-08-10,0.007208537251735723,0,0,0
2017-08-11,0.005015235301691156,0,0,0
2017-08-14,-0.00035739814533407256,0,0,0
2017-08-15,-0.006814947466104263,0,0,0
2017-08-16,-0.003244415246817504,0,0,0
2017-08-17,0.010774031315789292,0,1,1
2017-08-18,0.001962709167848689,0,0,0
2017-08-21,-0.002856124754837035,0,0,0
2017-08-22,-0.002147459665637448,0,0,0
2017-08-23,0.00017913121409269606,0,0,0
2017-08-24,0.00035816619294079077,0,0,0
2017-08-25,-0.0007164607148674677,0,0,0
2017-08-28,0.005004478719903314,0,0,0
2017-08-29,0.01187430877159647,0,1,1
2017-08-30,-0.012230942156260723,1,0,-1
2017-08-31,-0.0016064260482739103,0,0,0
2017-09-01,0.00676520294317204,0,0,0
2017-09-04,0.008480616198420353,0,0,0
2017-09-05,-0.0019371318904241432,0,0,0
2017-09-06,0.0015852050875662536,0,0,0
2017-09-07,-0.003702728377473344,0,0,0
2017-09-08,0.0022937813321367182,0,0,0
2017-09-11,-0.004592836195718717,0,0,0
2017-09-12,-0.004614027706600634,0,0,0
2017-09-13,0.001421969667258824,0,0,0
2017-09-14,-0.0012441128415344705,0,0,0
2017-09-15,0.004613209033060505,0,0,0
2017-09-18,-0.009247798433902416,1,0,-1
2017-09-19,-0.00017868310598783522,0,0,0
2017-09-20,0.0008930964244605651,0,0,0
2017-09-21,-0.009147225469352207,1,0,-1
2017-09-22,0.0016203082129892612,0,0,0
2017-09-25,-0.0012600127668289712,0,0,0
2017-09-26,0.015016370831930394,0,1,1
2017-09-27,-0.00926922857636251,1,0,-1
2017-09-28,-0.005386976575463505,0,0,0
2017-09-29,0.004311900320689368,0,0,0
2017-10-09,-0.007738723044696903,0,0,0
2017-10-10,-0.00036140224462763004,0,0,0
2017-10-11,-0.0019900504080098136,0,0,0
2017-10-12,0.003615332932823981,0,0,0
2017-10-13,0.0003608154468152255,0,0,0
2017-10-16,0.005396667172154259,0,0,0
2017-10-17,-0.005216308257426063,0,0,0
2017-10-18,-0.003975429883279896,0,0,0
2017-10-19,-0.0016308783174454635,0,0,0
2017-10-20,0.0012686907003026764,0,0,0
2017-10-23,-0.004174613558853681,0,0,0
2017-10-24,0.003268570188001543,0,0,0
2017-10-25,-0.00454257163431986,0,0,0
2017-10-26,0.004542571634319915,0,0,0
2017-10-27,-0.00673035737477684,0,0,0
2017-10-30,0.0012767899591328159,0,0,0
2017-10-31,0.0007288630060276624,0,0,0
2017-11-01,-0.002188184680552894,0,0,0
2017-11-02,0.00036503011903783506,0,0,0
2017-11-03,0.0,0,0,0
2017-11-06,-0.0021921820982211586,0,0,0
2017-11-07,0.004925668993881695,0,0,0
2017-11-08,0.0001819670644634992,0,0,0
2017-11-09,0.003451097785417645,0,0,0
2017-11-10,0.002716162828777683,0,0,0
2017-11-13,-0.004167805253898885,0,0,0
2017-11-14,-0.0007266122027228243,0,0,0
2017-11-15,0.016758658725613124,0,1,1
2017-11-16,-0.002325790475011486,0,0,0
2017-11-17,0.0033974105096935365,0,0,0
2017-11-20,0.0055184830746598966,0,0,0
2017-11-21,-0.006232768819315141,0,0,0
2017-11-22,0.00017861927349439703,0,0,0
2017-11-23,0.0005356664711606814,0,0,0
2017-11-24,0.0012487736882830281,0,0,0
2017-11-27,0.0,0,0,0
2017-11-28,0.00391459574628169,0,0,0
2017-11-29,0.0007101012192580801,0,0,0
2017-11-30,-0.007838985447231378,0,0,0
2017-12-01,-0.006459738952914979,0,0,0
2017-12-04,-0.00072033138356906,0,0,0
2017-12-05,0.0005402971765835512,0,0,0
2017-12-06,-0.005959385582700197,0,0,0
2017-12-07,-0.006906606879996249,0,0,0
2017-12-08,-0.00658739802037379,0,0,0
2017-12-11,0.0007340796806063733,0,0,0
2017-12-12,-0.002387731871865028,0,0,0
2017-12-13,-0.00018390804649514756,0,0,0
2017-12-14,0.00878965556340986,0,0,0
2017-12-15,0.0,0,0,0
2017-12-18,0.0005467966963903684,0,0,0
2017-12-19,0.00418220447751422,0,0,0
2017-12-20,-0.002179837375420725,0,0,0
2017-12-21,-0.0009096698525955768,0,0,0
2017-12-22,0.0007278020699718133,0,0,0
2017-12-25,0.00616502405945801,0,0,0
2017-12-26,-0.00036159826826841294,0,0,0
2017-12-27,0.0023480549034240574,0,0,0
2017-12-28,0.0032420777677594297,0,0,0
2017-12-29,-0.0008995233133296349,0,0,0
2018-01-02,0.0057430165026180115,0,0,0
2018-01-03,0.003394375746820185,0,0,0
2018-01-04,-0.00482704074831598,0,0,0
2018-01-05,0.003041963516003146,0,0,0
2018-01-08,0.0012498885655378407,0,0,0
2018-01-09,0.0012483282940744173,0,0,0
2018-01-10,-0.0021409464020787938,0,0,0
2018-01-11,0.003209703183539574,0,0,0
2018-01-12,0.0024893327221857287,0,0,0
2018-01-15,0.0017743084853575962,0,0,0
2018-01-16,-0.0014191948452622672,0,0,0
2018-01-17,-0.00302249318906678,0,0,0
2018-01-18,-0.005535234202346019,0,0,0
2018-01-19,-0.0032281233197932304,0,0,0
2018-01-22,0.0005387447378218546,0,0,0
2018-01-23,0.0032263874555227465,0,0,0
2018-01-24,0.004642036544975296,0,0,0
2018-01-25,0.0037336695520488092,0,0,0
2018-01-26,-0.006409137124983388,0,0,0
2018-01-29,-0.004475081306999745,0,0,0
2018-01-30,-0.008467756208630427,0,0,0
2018-01-31,0.0009042409513859175,0,0,0
2018-02-01,-0.001990410500604259,0,0,0
2018-02-02,0.0012670831634611394,0,0,0
2018-02-05,-0.00872098550544454,1,0,-1
2018-02-06,0.007272759329079878,0,0,0
2018-02-07,-0.01349646603743599,1,0,-1
2018-02-08,-0.0022058832474119434,0,0,0
2018-02-09,0.004956412165860668,0,0,0
2018-02-12,-0.000549500883870013,0,0,0
2018-02-13,0.00493467144104693,0,0,0
2018-02-14,0.0067230197807690946,0,0,0
2018-02-22,-0.008913201346181803,1,0,-1
2018-02-23,0.0034655757439436452,0,0,0
2018-02-26,0.004541746384569176,0,0,0
2018-02-27,-0.005270343866709772,0,0,0
2018-02-28,-0.008601022919795656,0,0,0
2018-03-01,-0.0012873564996324289,0,0,0
2018-03-02,0.003673773419240719,0,0,0
2018-03-05,0.0034776277383842076,0,0,0
2018-03-06,-0.0012798246559047165,0,0,0
2018-03-07,0.004381168015562874,0,0,0
2018-03-08,-0.0018231545615151365,0,0,0
2018-03-09,-0.005306022877780288,0,0,0
2018-03-12,-0.00018346940699113926,0,0,0
2018-03-13,-0.000734214423584785,0,0,0
2018-03-14,0.001651225033466294,0,0,0
2018-03-15,-0.0009170106098814834,0,0,0
2018-03-16,-0.004229113593884828,0,0,0
2018-03-19,-0.004802373470513792,0,0,0
2018-03-20,0.004249429027340352,0,0,0
2018-03-21,-0.0001843827791709251,0,0,0
2018-03-22,0.008629448574966432,0,0,0
2018-03-23,0.01090919910035353,0,1,1
2018-03-26,-0.0012666246151930537,0,0,0
2018-03-27,-0.0012682309879949426,0,0,0
2018-03-28,-0.005818198230987503,0,0,0
2018-03-29,-0.011554461421866762,1,0,-1
2018-03-30,0.0018429787745071306,0,0,0
2018-04-02,0.0007362415204645653,0,0,0
2018-04-03,0.007332755129391791,0,0,0
2018-04-04,-0.0012793568408615036,0,0,0
2018-04-09,-0.0031138407795591717,0,0,0
2018-04-10,0.0005502063412529128,0,0,0
2018-04-11,0.005850108092014728,0,0,0
2018-04-12,0.0032757081156309883,0,0,0
2018-04-13,-0.007477011217462028,0,0,0
2018-04-16,0.004019004313613079,0,0,0
2018-04-17,0.001457460633289789,0,0,0
2018-04-18,-0.0005462988390440146,0,0,0
2018-04-19,0.0025468451096032174,0,0,0
2018-04-20,-0.00491759482945815,0,0,0
2018-04-23,-0.0047584277194405245,0,0,0
2018-04-24,-0.002571639918360186,0,0,0
2018-04-25,-0.0009200479073885704,0,0,0
2018-04-26,0.0011039559538837415,0,0,0
2018-04-27,-0.0027621783513554214,0,0,0
2018-05-02,-0.0027698291182606666,0,0,0
2018-05-03,0.0,0,0,0
2018-05-04,0.0014781968693109652,0,0,0
2018-05-07,0.015935862467647645,0,1,1
2018-05-08,-0.0007271405519440933,0,0,0
2018-05-09,-0.0012737696199528767,0,0,0
2018-05-10,0.0007280670143235832,0,0,0
2018-05-11,0.0014545457109941399,0,0,0
2018-05-14,-0.0001817025534208598,0,0,0
2018-05-15,-0.004918490651419151,0,0,0
2018-05-16,-0.009357007999679272,1,0,-1
2018-05-17,-0.005174655790017474,0,0,0
2018-05-18,0.0016662042177501145,0,0,0
2018-05-21,-0.0029640629333501484,0,0,0
2018-05-22,0.002779066170265807,0,0,0
2018-05-23,0.000924641767218463,0,0,0
2018-05-24,0.006448663526533611,0,0,0
2018-05-25,0.0047636586967652285,0,0,0
2018-05-28,-0.0043964166801513625,0,0,0
2018-05-29,0.0032991232269644175,0,0,0
2018-05-30,0.003288274793409552,0,0,0
2018-05-31,0.0012758590995278472,0,0,0
2018-06-01,-0.0023707497198548763,0,0,0
2018-06-04,-0.005308936954373193,0,0,0
2018-06-05,-0.0018372226369322306,0,0,0
2018-06-06,0.0018372226369323791,0,0,0
2018-06-07,-0.0009181893951483036,0,0,0
2018-06-08,-0.00018373909100822546,0,0,0
2018-06-11,0.0022026440623420965,0,0,0
2018-06-12,-0.0011007155761856271,0,0,0
2018-06-13,-0.0011019284861565328,0,0,0
2018-06-14,0.004583379551807738,0,0,0
2018-06-15,0.0010968922489187492,0,0,0
2018-06-19,-0.00825617018915843,0,0,0
2018-06-20,-0.004431321874670287,0,0,0
2018-06-21,-0.0027795811465927277,0,0,0
2018-06-22,0.004074079709238638,0,0,0
2018-06-25,0.002215249198325319,0,0,0
2018-06-26,0.0003687315675997421,0,0,0
2018-06-27,0.0012894908298719137,0,0,0
2018-06-28,-0.002580646593491848,0,0,0
2018-06-29,0.0018439983097193638,0,0,0
2018-07-02,0.0025758983884320388,0,0,0
2018-07-03,-0.0007352941507757214,0,0,0
2018-07-04,0.002754569733645596,0,0,0
2018-07-05,0.000366703341109773,0,0,0
2018-07-06,0.0018315023434678406,0,0,0
2018-07-09,-0.0005490985769885475,0,0,0
2018-07-10,-0.004035962183662117,0,0,0
2018-07-11,0.0031201273362436777,0,0,0
2018-07-12,-0.003487841993816139,0,0,0
2018-07-13,-0.000735835206122905,0,0,0
2018-07-16,0.0012873564996323786,0,0,0
2018-07-17,-0.0018395884510801032,0,0,0
2018-07-18,-0.009249048545425588,1,0,-1
2018-07-19,0.004635217346973377,0,0,0
2018-07-20,0.0012940199605849193,0,0,0
2018-07-23,0.004607878395438203,0,0,0
2018-07-24,-0.000735835206122905,0,0,0
2018-07-25,0.0,0,0,0
2018-07-26,0.0014711293568987495,0,0,0
2018-07-27,-0.002207506415210569,0,0,0
2018-07-30,0.00018414510686411964,0,0,0
2018-07-31,0.0003681885166776984,0,0,0
2018-08-01,-0.0007365126460719271,0,0,0
2018-08-02,-0.0025820744703600965,0,0,0
2018-08-03,-0.0020334603550015576,0,0,0
2018-08-06,0.00018503099321911365,0,0,0
2018-08-07,-0.0005551957207476928,0,0,0
2018-08-08,-0.0022238704495181377,0,0,0
2018-08-09,0.00018551154862599643,0,0,0
2018-08-10,-0.0005566379214142,0,0,0
2018-08-13,0.0025949968223065284,0,0,0
2018-08-14,-0.00911210395917972,1,0,-1
2018-08-15,-0.00093449217154751,0,0,0
2018-08-16,-0.01279656152152658,1,0,-1
2018-08-17,-0.0022753138371355394,0,0,0
2018-08-20,0.006621914273958371,0,0,0
2018-08-21,0.004515529779869215,0,0,0
2018-08-22,-0.000375516339373362,0,0,0
2018-08-23,-0.00018781106262364026,0,0,0
2018-08-24,0.0003755868588754796,0,0,0
2018-08-27,0.0043091401573724375,0,0,0
2018-08-28,0.0031731244543194764,0,0,0
2018-08-29,-0.004669850645799186,0,0,0
2018-08-30,0.0014967261914797846,0,0,0
2018-08-31,0.0013078002798130788,0,0,0
2018-09-03,-0.004491025512463827,0,0,0
2018-09-04,-0.003757990142329479,0,0,0
2018-09-05,0.0,0,0,0
2018-09-06,0.0030075210639551007,0,0,0
2018-09-07,0.002998502996256633,0,0,0
2018-09-10,-0.0035617246388557544,0,0,0
2018-09-11,0.0028129413766146577,0,0,0
2018-09-12,-0.0007493443587808343,0,0,0
2018-09-13,0.004860731200445071,0,0,0
2018-09-14,0.002049371932916709,0,0,0
2018-09-17,-0.004850755780089736,0,0,0
2018-09-18,0.0011214954446495226,0,0,0
2018-09-19,0.0011202391014689971,0,0,0
2018-09-20,0.0009325749067187993,0,0,0
2018-09-21,0.0031642650878506975,0,0,0
2018-09-25,-0.004096839994569425,0,0,0
2018-09-26,0.0014917026819787217,0,0,0
2018-09-27,-0.0035464339549952126,0,0,0
2018-09-28,-0.009393268389818773,1,0,-1
2018-10-08,0.01405702089680654,0,1,1
2018-10-09,-0.0027956406242673846,0,0,0
2018-10-10,0.0,0,0,0
2018-10-11,0.005769067828942693,0,0,0
2018-10-12,0.012539349252735392,0,1,1
2018-10-15,0.009120822076249497,0,0,0
2018-10-16,-0.00036324010570122075,0,0,0
2018-10-17,-0.0027285146532040625,0,0,0
2018-10-18,0.0009103323341453856,0,0,0
2018-10-19,0.004720415446322933,0,0,0
2018-10-22,-0.0007247690116138133,0,0,0
2018-10-23,0.00397974476067289,0,0,0
2018-10-24,0.0007218913867007947,0,0,0
2018-10-25,0.004859183501525108,0,0,0
2018-10-26,-0.0007183908354935225,0,0,0
2018-10-29,-0.0016182688059148064,0,0,0
2018-10-30,-0.0021617734954539067,0,0,0
2018-10-31,-0.008512231059276497,0,0,0
2018-11-01,0.0014540169773616365,0,0,0
2018-11-02,0.0003631741459926869,0,0,0
2018-11-05,0.0007259528449491545,0,0,0
2018-11-06,0.0009067005789362345,0,0,0
2018-11-07,0.000181241504800379,0,0,0
2018-11-08,-0.003631086052040427,0,0,0
2018-11-09,-0.0020027316662154324,0,0,0
2018-11-12,0.00798697293570265,0,0,0
2018-11-13,-0.003985512521961531,0,0,0
2018-11-14,0.00018150467424358105,0,0,0
2018-11-15,0.005610366720389522,0,0,0
2018-11-16,0.0016229378731305688,0,0,0
2018-11-19,0.0026990569691649835,0,0,0
2018-11-20,0.0037664827954768648,0,0,0
2018-11-21,-0.0010746911297655202,0,0,0
2018-11-22,0.0023270394462313773,0,0,0
2018-11-23,0.0,0,0,0
2018-11-26,-0.0005365286724430062,0,0,0
2018-11-27,-0.002148997961710617,0,0,0
2018-11-28,-0.004852197497272836,0,0,0
2018-11-29,0.007180070336484095,0,0,0
2018-11-30,-0.0003577817569472806,0,0,0
2018-12-03,-0.003944071086190213,0,0,0
2018-12-04,0.0,0,0,0
2018-12-05,0.001973980003926258,0,0,0
2018-12-06,0.003579101887964463,0,0,0
2018-12-07,0.0012496654308614588,0,0,0
2018-12-10,0.010118130165584686,0,1,1
2018-12-11,-0.001590808996554302,0,0,0
2018-12-12,-0.005143223184789983,0,0,0
2018-12-13,-0.0014234877848537351,0,0,0
2018-12-14,-0.001603849581974516,0,0,0
2018-12-17,-0.0005351886667750486,0,0,0
2018-12-18,0.006048764217160209,0,0,0
2018-12-19,0.0023031279557856645,0,0,0
2018-12-20,-0.0014166816607033466,0,0,0
2018-12-21,0.00934833512267166,0,0,0
2018-12-24,0.002279702872447358,0,0,0
2018-12-25,0.005763704716750134,0,0,0
2018-12-26,0.0013922731103866708,0,0,0
2018-12-27,-0.004182648133335753,0,0,0
2018-12-28,0.005399299017749184,0,0,0
2019-01-02,0.00156209352253795,0,0,0
2019-01-03,0.00829020292047366,0,0,0
2019-01-04,-0.0005161290437156329,0,0,0
2019-01-07,-0.006560797014172134,0,0,0
2019-01-08,-0.004861964778077492,0,0,0
2019-01-09,-0.0036620496065145917,0,0,0
2019-01-10,0.002442855864968632,0,0,0
2019-01-11,-0.006819996706310514,0,0,0
2019-01-14,0.00035087719658232375,0,0,0
2019-01-15,-0.002634584820636782,0,0,0
2019-01-16,0.0010546669987978824,0,0,0
2019-01-17,0.0017553102628742076,0,0,0
2019-01-18,-0.00017539244103546647,0,0,0
2019-01-21,-0.006511241658026251,0,0,0
2019-01-22,0.00017653808855100912,0,0,0
2019-01-23,0.0012348947498568342,0,0,0
2019-01-24,-0.0010583878215016202,0,0,0
2019-01-25,-0.0014129285289494699,0,0,0
2019-01-28,0.009498752157907905,0,0,0
2019-01-29,0.003495284928642142,0,0,0
2019-01-30,0.0033092427656917574,0,0,0
2019-01-31,0.0010427529620555044,0,0,0
2019-02-01,0.004678979162790971,0,0,0
2019-02-11,-0.0015572284486063198,0,0,0
2019-02-12,0.0003462603912712153,0,0,0
2019-02-13,-0.0020793630781062245,0,0,0
2019-02-14,-0.0022575333022766754,0,0,0
2019-02-15,0.0069300346646696325,0,0,0
2019-02-18,0.004650770591117485,0,0,0
2019-02-19,0.0013738624864044618,0,0,0
2019-02-20,0.0068411417827857444,0,0,0
2019-02-21,-0.00632642958132187,0,0,0
2019-02-22,-0.006539345278985726,0,0,0
2019-02-25,-0.0010364485294718936,0,0,0
2019-02-26,-0.0010375238696572796,0,0,0
2019-02-27,-0.001211806605489651,0,0,0
2019-02-28,-0.006255450459062335,0,0,0
2019-03-01,-0.003492233337899776,0,0,0
2019-03-04,-0.014269598245400465,1,0,-1
2019-03-05,-0.003554927312923834,0,0,0
2019-03-06,0.005504763967189701,0,0,0
2019-03-07,-0.005148702008647888,0,0,0
2019-03-08,0.009389740349839137,0,0,0
2019-03-11,0.004223127867254357,0,0,0
2019-03-12,-0.0019333866642912978,0,0,0
2019-03-13,0.005089069507471228,0,0,0
2019-03-14,-0.001927289251845023,0,0,0
2019-03-15,-0.0007017544147638182,0,0,0
2019-03-18,0.0010524470362781994,0,0,0
2019-03-19,0.0026262818211844033,0,0,0
2019-03-20,-0.0013998252504532453,0,0,0
2019-03-21,0.006457828534052505,0,0,0
2019-03-22,-0.003660134805058099,0,0,0
2019-03-25,0.005919237338525731,0,0,0
2019-03-26,0.0008675284659644106,0,0,0
2019-03-27,-0.0001734454951880812,0,0,0
2019-03-28,-0.002779227079868509,0,0,0
2019-03-29,-0.0191418611311863,1,0,-1
2019-04-01,0.0003545470698370992,0,0,0
2019-04-02,0.00017722640719823764,0,0,0
2019-04-03,0.0026546338923724927,0,0,0
2019-04-04,0.0001767252810112731,0,0,0
2019-04-08,0.004232064154597583,0,0,0
2019-04-09,0.0008794301859552974,0,0,0
2019-04-10,0.004910567566681418,0,0,0
2019-04-11,0.001223883359344082,0,0,0
2019-04-12,-0.010009742018640286,1,0,-1
2019-04-15,-0.0054862539165852564,0,0,0
2019-04-16,-0.0008877053401406589,0,0,0
2019-04-17,-0.0053428444104954695,0,0,0
2019-04-18,-0.006449323679907095,0,0,0
2019-04-19,0.004662013105811371,0,0,0
2019-04-22,0.0028581655755887192,0,0,0
2019-04-23,-0.004648676349377,0,0,0
2019-04-24,-0.0005377789858028697,0,0,0
2019-04-25,0.005543152324872099,0,0,0
2019-04-26,0.0037376567496006804,0,0,0
2019-04-29,-0.0005330964142243311,0,0,0
2019-04-30,0.0008883362048163406,0,0,0
2019-05-06,0.004076212998917095,0,0,0
2019-05-07,-0.0010617590804577136,0,0,0
2019-05-08,0.005473660704354624,0,0,0
2019-05-09,0.0005281225367007637,0,0,0
2019-05-10,0.011026627868722721,0,1,1
2019-05-13,0.006765573555744439,0,0,0
2019-05-14,0.012200512193217059,0,1,1
2019-05-15,-0.005136997597916357,0,0,0
2019-05-16,0.0037697097417691934,0,0,0
2019-05-17,-0.0022258377480038967,0,0,0
2019-05-20,-0.007916062676292303,0,0,0
2019-05-21,-0.0008642295931562252,0,0,0
2019-05-22,-0.0008649771320376633,0,0,0
2019-05-23,0.0015564205476583796,0,0,0
2019-05-24,0.006029822731729782,0,0,0
2019-05-27,0.000515154128332671,0,0,0
2019-05-28,-0.0008587377084177582,0,0,0
2019-05-29,0.001545197320066266,0,0,0
2019-05-30,-0.004642773364200323,0,0,0
2019-05-31,0.011481575876985043,0,1,1
2019-06-03,0.011014260292432644,0,1,1
2019-06-04,0.010227266610847646,0,1,1
2019-06-05,0.006484352257391809,0,0,0
2019-06-06,0.0,0,0,0
2019-06-10,-0.00282134449865457,0,0,0
2019-06-11,-0.004330453136426871,0,0,0
2019-06-12,0.010130452824321668,0,1,1
2019-06-13,0.0019808524139608443,0,0,0
2019-06-14,0.014895111296346296,0,1,1
2019-06-17,-0.01193117038124382,1,0,-1
2019-06-18,0.006718583240644322,0,0,0
2019-06-19,-0.0060611210210379345,0,0,0
2019-06-20,0.022582390875991985,0,1,1
2019-06-21,0.0075218406973354525,0,0,0
2019-06-24,0.006990813345288893,0,0,0
2019-06-25,0.018821132736741065,0,1,1
2019-06-26,-0.01692299866478411,1,0,-1
2019-06-27,-0.002531646921779508,0,0,0
2019-06-28,0.003952886797806893,0,0,0
2019-07-01,-0.025572753627617788,1,0,-1
2019-07-02,0.01030770923814383,0,1,1
2019-07-03,0.02858916971541621,0,1,1
2019-07-04,-0.010802453382926144,1,0,-1
2019-07-05,0.0011012350676346907,0,0,0
2019-07-08,-0.005202187187283512,0,0,0
2019-07-09,-0.00920933787291593,1,0,-1
2019-07-10,-0.0007978936033294921,0,0,0
2019-07-11,0.018349138668196617,0,1,1
2019-07-12,-0.007394039822405375,0,0,0
2019-07-15,0.0034678471071241585,0,0,0
2019-07-16,0.0,0,0,0
2019-07-17,-0.006155808248021684,0,0,0
2019-07-18,0.010395431462656212,0,1,1
2019-07-19,0.01307615144718952,0,1,1
2019-07-22,-0.008230499136515591,0,0,0
2019-07-23,-0.006099964171581156,0,0,0
2019-07-24,0.0029764257894451603,0,0,0
2019-07-25,0.002031409402376757,0,0,0
2019-07-26,-0.0037535233309145904,0,0,0
2019-07-29,0.0015656806079218598,0,0,0
2019-07-30,0.003903510304404734,0,0,0
2019-07-31,0.004353917622772455,0,0,0
2019-08-01,-0.017688494372384875,1,0,-1
2019-08-02,0.02387567574964142,0,1,1
2019-08-05,0.029626169780147142,0,1,1
2019-08-06,0.004629983627547928,0,0,0
2019-08-07,0.01845479407724222,0,1,1
2019-08-08,0.007432811309216864,0,0,0
2019-08-09,0.00449113395241555,0,0,0
2019-08-12,-0.0047815783343587645,0,0,0
2019-08-13,0.023114947738427837,0,1,1
2019-08-14,-0.026898421401861636,1,0,-1
2019-08-15,0.012892189861674178,0,1,1
2019-08-16,0.0010069769965478327,0,0,0
2019-08-19,-0.003889654115272315,0,0,0
2019-08-20,-0.004774660014868823,0,0,0
2019-08-21,0.0017388788615707448,0,0,0
2019-08-22,0.0031801125384082044,0,0,0
2019-08-23,-0.0005774505718419919,0,0,0
2019-08-26,0.034070009206733025,0,1,1
2019-08-27,0.001255317829955636,0,0,0
2019-08-28,0.00041808933784399514,0,0,0
2019-08-29,0.010947244364900532,0,1,1
2019-08-30,-0.016956625876135757,1,0,-1
2019-09-02,-0.0025263171331110254,0,0,0
2019-09-03,0.004626716981126025,0,0,0
2019-09-04,0.004326896275418131,0,0,0
2019-09-05,0.0052785231604639766,0,0,0
2019-09-06,-0.03295608768329572,1,0,-1
2019-09-09,0.004001148521687191,0,0,0
2019-09-10,-0.016536432609833847,1,0,-1
2019-09-11,0.0031847160675196984,0,0,0
2019-09-12,0.000577951179214251,0,0,0
2019-09-16,0.00028885037751385086,0,0,0
2019-09-17,-0.003761578509430567,0,0,0
2019-09-18,0.004483339637840347,0,0,0
2019-09-19,-0.0014440435722336913,0,0,0
2019-09-20,0.0020210776332534775,0,0,0
2019-09-23,0.010330077512463539,0,1,1
2019-09-24,0.004983280761700993,0,0,0
2019-09-25,0.0050998835566514866,0,0,0
2019-09-26,-0.012226481563799574,1,0,-1
2019-09-27,-0.009196788489380108,1,0,-1
2019-09-30,-0.0037604904020032033,0,0,0
2019-10-08,-0.0015952436128975722,0,0,0
2019-10-09,0.014409471220151784,0,1,1
2019-10-10,-0.005163522660049269,0,0,0
2019-10-11,-0.005334883967221909,0,0,0
2019-10-14,-0.015002830379672922,1,0,-1
2019-10-15,0.002784496559866412,0,0,0
2019-10-16,-0.004253141265025865,0,0,0
2019-10-17,0.007321748918801751,0,0,0
2019-10-18,-0.0020446918179579635,0,0,0
2019-10-21,-0.0007312614585462313,0,0,0
2019-10-22,-0.003811203675083369,0,0,0
2019-10-23,0.0043962556151294725,0,0,0
2019-10-24,-0.0013168485332602383,0,0,0
2019-10-25,0.009181730320815991,0,0,0
2019-10-28,-0.00014508523783149157,0,0,0
2019-10-29,-0.01079514494997202,1,0,-1
2019-10-30,-0.0010272214565299142,0,0,0
2019-10-31,0.0016137317372727621,0,0,0
2019-11-01,0.0086113062238887,0,0,0
2019-11-04,-0.0010178117927007147,0,0,0
2019-11-05,-0.006714373495447957,0,0,0
2019-11-06,-0.014308083903617992,1,0,-1
2019-11-07,0.0053341362215124435,0,0,0
2019-11-08,-0.018644734295533667,1,0,-1
2019-11-11,-0.0018083187567837712,0,0,0
2019-11-12,-0.009699985118370178,1,0,-1
2019-11-13,0.010755235084386935,0,1,1
2019-11-14,0.002558123432497006,0,0,0
2019-11-15,-0.002407464298502169,0,0,0
2019-11-18,0.0004518412607938206,0,0,0
2019-11-19,0.010038289402385632,0,1,1
2019-11-20,0.0032742996956740588,0,0,0
2019-11-21,-0.0014869891215782557,0,0,0
2019-11-22,-0.0031298930089277044,0,0,0
2019-11-25,-0.0068903807663801145,0,0,0
2019-11-26,-0.000902255700305546,0,0,0
2019-11-27,0.002404208520955233,0,0,0
2019-11-28,-0.003307279021823314,0,0,0
2019-11-29,0.003157185212911374,0,0,0
2019-12-02,0.0012001201560444073,0,0,0
2019-12-03,0.002096750805614819,0,0,0
2019-12-04,0.018381780537925645,0,1,1
2019-12-05,-0.004859024505308294,0,0,0
2019-12-06,-0.006961444095117729,0,0,0
2019-12-09,-0.008358257614201135,0,0,0
2019-12-10,0.0008988764650170287,0,0,0
2019-12-11,0.0006586629380966805,0,0,0
2019-12-12,0.005670472113550777,0,0,0
2019-12-13,-0.01275886606313044,1,0,-1
2019-12-16,0.010673483831530776,0,1,1
2019-12-17,-0.0005369447970785954,0,0,0
2019-12-18,0.0013716196204732645,0,0,0
2019-12-19,-0.0012522736363237772,0,0,0
2019-12-20,0.0026815259043993,0,0,0
2019-12-23,0.00326768552652852,0,0,0
2019-12-24,0.0044387963864214045,0,0,0
2019-12-25,0.005711777636613473,0,0,0
2019-12-26,0.010222947342457453,0,1,1
2019-12-27,0.0034231706427992974,0,0,0
2019-12-30,0.00046325786919152454,0,0,0
2019-12-31,0.005830247126581522,0,0,0
2020-01-02,-0.0035749331736578175,0,0,0
2020-01-03,0.014109783839945956,0,1,1
2020-01-06,0.02024029631374379,0,1,1
2020-01-07,-0.009533495265333009,1,0,-1
2020-01-08,0.016042377525287133,0,1,1
2020-01-09,-0.035673722933882185,1,0,-1
2020-01-10,0.003613736114962513,0,0,0
2020-01-13,0.0003434852335121844,0,0,0
2020-01-14,-0.013600163523478906,1,0,-1
2020-01-15,0.008205292771288692,0,0,0
2020-01-16,0.0012077643452314529,0,0,0
2020-01-17,-0.0005174346854171715,0,0,0
2020-01-20,0.00045995516248140047,0,0,0
2020-01-21,0.009724364468832718,0,1,1
2020-01-22,-0.008632818098999613,0,0,0
2020-01-23,0.006866586833358803,0,0,0
2020-02-03,0.024169509799877042,0,1,1
2020-02-04,-0.00866532326391178,0,0,0
2020-02-05,-0.005574181827074951,0,0,0
2020-02-06,-0.0051512949664619225,0,0,0
2020-02-07,0.00537711780940189,0,0,0
2020-02-10,0.0035499995020478676,0,0,0
2020-02-11,-0.002703617733366591,0,0,0
2020-02-12,-0.0016934805063331428,0,0,0
2020-02-13,0.0070934261287421314,0,0,0
2020-02-14,0.0007290060606049662,0,0,0
2020-02-17,0.003134272448858698,0,0,0
2020-02-18,0.004961129493291529,0,0,0
2020-02-19,0.012103941952481214,0,1,1
2020-02-20,0.0027430344168853094,0,0,0
2020-02-21,0.018563277296386155,0,1,1
2020-02-24,0.02075646630673222,0,1,1
2020-02-25,-0.02118678205754975,1,0,-1
2020-02-26,0.006756057869435451,0,0,0
2020-02-27,0.0001068718607409035,0,0,0
2020-02-28,-0.011608664787140227,1,0,-1
2020-03-02,-0.02390639274064503,1,0,-1
2020-03-03,-0.0027165643871857516,0,0,0
2020-03-04,0.022723260911302542,0,1,1
2020-03-05,0.0002170492167616901,0,0,0
2020-03-06,0.020035583592398425,0,1,1
2020-03-09,-0.007098095178685256,0,0,0
2020-03-10,-0.012883233469718014,1,0,-1
2020-03-11,0.006974320703480775,0,0,0
2020-03-12,-0.01072483467991903,1,0,-1
2020-03-13,-0.03001634849437931,1,0,-1
2020-03-16,-0.02621031815625103,1,0,-1
2020-03-17,-0.04808760556039348,1,0,-1
2020-03-18,0.024480295860195178,0,1,1
2020-03-19,-0.007281370042184573,0,0,0
2020-03-20,0.009343651655748277,0,0,0
2020-03-23,-0.0004710038356134673,0,0,0
2020-03-24,0.053989732285296035,0,1,1
2020-03-25,0.016435087582352043,0,1,1
2020-03-26,-0.0029131303752043505,0,0,0
2020-03-27,0.011601947026729172,0,1,1
2020-03-30,-0.0078658842226935,0,0,0
2020-03-31,0.0005482456277673391,0,0,0
2020-04-01,-0.017360011378184045,1,0,-1
2020-04-02,0.005783255845275527,0,0,0
2020-04-03,0.0076776869176530885,0,0,0
2020-04-07,0.02821061548723642,0,1,1
2020-04-08,-0.009891490174985593,1,0,-1
2020-04-09,0.003397786619798651,0,0,0
2020-04-10,0.006119181734913552,0,0,0
2020-04-13,-0.0012851407391258356,0,0,0
2020-04-14,0.011560206516362376,0,1,1
2020-04-15,-0.003395589001138272,0,0,0
2020-04-16,0.008098496028369357,0,0,0
2020-04-17,-0.01916073308549569,1,0,-1
2020-04-20,-0.0037147745213810847,0,0,0
2020-04-21,0.009715328288422323,0,1,1
2020-04-22,-0.0033172850110193756,0,0,0
2020-04-23,0.017583921409082562,0,1,1
2020-04-24,0.00781561323174139,0,0,0
2020-04-27,-0.0069208056872355605,0,0,0
2020-04-28,-0.008029201658379975,0,0,0
2020-04-29,0.004339549570447587,0,0,0
2020-04-30,0.004057869656070637,0,0,0
2020-05-06,-0.0005260666121637515,0,0,0
2020-05-07,-0.0050114841255920715,0,0,0
2020-05-08,0.013656391656940443,0,1,1
2020-05-11,-0.004286915808268007,0,0,0
2020-05-12,-0.0022553837154829777,0,0,0
2020-05-13,0.0025696843990551128,0,0,0
2020-05-14,0.006785703039395872,0,0,0
2020-05-15,0.019166952880871398,0,1,1
2020-05-18,0.02335364501442182,0,1,1
2020-05-19,-0.01674120993407872,1,0,-1
2020-05-20,0.0106402758731048,0,1,1
2020-05-21,-0.009221764059179221,1,0,-1
2020-05-22,-0.0017227405963146254,0,0,0
2020-05-25,-0.002132196969840711,0,0,0
2020-05-26,0.004563439620084292,0,0,0
2020-05-27,-0.010527215993121184,1,0,-1
2020-05-28,0.007588719603685977,0,0,0
2020-05-29,0.0006086736175746,0,0,0
2020-06-01,0.009035673902514653,0,0,0
2020-06-02,-0.002616485340946854,0,0,0
2020-06-03,-0.00992413208309799,1,0,-1
2020-06-04,-0.0084315377244044,0,0,0
2020-06-05,0.001128320973126978,0,0,0
2020-06-08,-0.010045676010398486,1,0,-1
2020-06-09,5.177457351861279e-05,0,0,0
2020-06-10,0.0105575848667017,0,1,1
2020-06-11,0.008417343410754391,0,0,0
2020-06-12,-0.00020322105440051026,0,0,0
2020-06-15,-0.0027475340373582374,0,0,0
2020-06-16,-0.0003567151667250651,0,0,0
2020-06-17,0.0011715866149222673,0,0,0
2020-06-18,-0.0017323962347594814,0,0,0
2020-06-19,0.0019360103866465507,0,0,0
2020-06-22,0.011538005636369355,0,1,1
2020-06-23,-0.0013594141508957416,0,0,0
2020-06-24,0.007779015915615933,0,0,0
2020-06-29,0.0001999500131629457,0,0,0
2020-06-30,0.0014484431770916066,0,0,0
2020-07-01,0.005921741073758737,0,0,0
2020-07-02,-0.010072888598735378,1,0,-1
2020-07-03,0.0037018551528927674,0,0,0
2020-07-06,-0.002199451024134404,0,0,0
2020-07-07,0.0016500416254030743,0,0,0
2020-07-08,0.005082982987591242,0,0,0
2020-07-09,0.006391697717232624,0,0,0
2020-07-10,-0.007585371389256612,0,0,0
2020-07-13,0.004617569834168123,0,0,0
2020-07-14,-0.0017849179214535825,0,0,0
2020-07-15,0.0014876527587413917,0,0,0
2020-07-16,-0.0037232897283501396,0,0,0
2020-07-17,-0.005886184501269843,0,0,0
2020-07-20,0.005040308098053593,0,0,0
2020-07-21,0.006845943990946392,0,0,0
2020-07-22,0.023646614523055293,0,1,1
2020-07-23,0.005537246013690243,0,0,0
2020-07-24,0.009272159341100808,0,0,0
2020-07-27,0.022718094834446534,0,1,1
2020-07-28,-0.0002790697692530201,0,0,0
2020-07-29,0.003343708126238324,0,0,0
2020-07-30,-0.005672323187412538,0,0,0
2020-07-31,0.009097301079567858,0,0,0
2020-08-03,-0.0033786161313273696,0,0,0
2020-08-04,0.0012972574095029455,0,0,0
2020-08-05,0.02762669707287103,0,1,1
2020-08-06,0.00785091850209047,0,0,0
2020-08-07,0.004814559942038539,0,0,0
2020-08-10,-0.00745455968551975,0,0,0
2020-08-11,-0.021374721298092543,1,0,-1
2020-08-12,-0.04632604464493445,1,0,-1
2020-08-13,-0.0010073151109580086,0,0,0
2020-08-14,0.008506215869016955,0,0,0
2020-08-17,0.009801910994318624,0,1,1
2020-08-18,0.022135622689836144,0,1,1
2020-08-19,-0.011076465926680202,1,0,-1
2020-08-20,-0.02567874503815757,1,0,-1
2020-08-21,0.002864784235816446,0,0,0
2020-08-24,-0.00943696974956435,1,0,-1
2020-08-25,0.0023075823902572877,0,0,0
2020-08-26,-0.002018843215970258,0,0,0
2020-08-27,0.011671981349361246,0,1,1
2020-08-28,-0.0003329607374924511,0,0,0
2020-08-31,0.005408752570033971,0,0,0
2020-09-01,0.010121782151347842,0,1,1
2020-09-02,-0.010311068542221592,1,0,-1
2020-09-03,-0.017424954545248488,1,0,-1
2020-09-04,0.002981344774162391,0,0,0
2020-09-07,-0.00043222476360252836,0,0,0
2020-09-08,0.000480238207376008,0,0,0
2020-09-09,-0.0001440472477462125,0,0,0
2020-09-10,0.007081708145051406,0,0,0
2020-09-11,-0.0026736707261749005,0,0,0
2020-09-14,0.00023901144978616108,0,0,0
2020-09-15,0.003244896910972634,0,0,0
2020-09-16,-0.002767045322580325,0,0,0
2020-09-17,-0.00723998080138363,0,0,0
2020-09-18,0.003122975608552958,0,0,0
2020-09-21,0.0002877835887289447,0,0,0
2020-09-22,-0.022944908028585058,1,0,-1
2020-09-23,-0.016525212782804347,1,0,-1
2020-09-24,-0.010834233477801962,1,0,-1
2020-09-25,0.011233255878228338,0,1,1
2020-09-28,-0.0022965561766176467,0,0,0
2020-09-29,0.014292337972582059,0,1,1
2020-09-30,0.0004926108474002033,0,0,0
2020-10-09,-0.0018238735245978495,0,0,0
2020-10-12,0.011430377828774594,0,1,1
2020-10-13,-0.0036161102734987008,0,0,0
2020-10-14,-0.011075945761946811,1,0,-1
2020-10-15,-0.0010400416954140814,0,0,0
2020-10-16,0.003363841905553935,0,0,0
2020-10-19,-0.00019756013300790485,0,0,0
2020-10-20,-0.003265389800377341,0,0,0
2020-10-21,0.0026724751133105564,0,0,0
2020-10-22,0.0004941199823827482,0,0,0
2020-10-23,-0.003166595095693238,0,0,0
2020-10-26,-0.005017771414412195,0,0,0
2020-10-27,0.009270571810937033,0,0,0
2020-10-28,0.00014802753339149925,0,0,0
2020-10-29,-0.013861165365153617,1,0,-1
2020-10-30,-0.006726257665294828,0,0,0
2020-11-02,0.008974965606357651,0,0,0
2020-11-03,0.004780409462127729,0,0,0
2020-11-04,0.004164194000770492,0,0,0
2020-11-05,-0.00014842300583820816,0,0,0
2020-11-06,0.010042914124906604,0,1,1
2020-11-09,-0.002157603936118594,0,0,0
2020-11-10,-0.027067675678995082,1,0,-1
2020-11-11,-0.002272211838776562,0,0,0
2020-11-12,-0.001669576163799629,0,0,0
2020-11-13,0.004798837284953009,0,0,0
2020-11-16,-0.0006048997059131442,0,0,0
2020-11-17,-0.0011604148523453248,0,0,0
2020-11-18,-0.006431867403750278,0,0,0
2020-11-19,-0.004174946240322208,0,0,0
2020-11-20,0.0004590782809081143,0,0,0
2020-11-23,0.0015796584089400845,0,0,0
2020-11-24,-0.0244304270047494,1,0,-1
2020-11-25,-0.010700899425803063,1,0,-1
2020-11-26,0.005207386251168529,0,0,0
2020-11-27,-0.00020987460069700492,0,0,0
2020-11-30,-0.026048676720904867,1,0,-1
2020-12-01,0.007672328860664113,0,0,0
2020-12-02,0.014433021422302204,0,1,1
2020-12-03,0.010637561990615331,0,1,1
2020-12-04,0.001978755071807544,0,0,0
2020-12-07,-0.0028130879146999826,0,0,0
2020-12-08,0.015015297119995434,0,1,1
2020-12-09,-0.005617268500227928,0,0,0
2020-12-10,-0.0097110829894327,1,0,-1
2020-12-11,-0.0012531984304220848,0,0,0
2020-12-14,0.00010449320803652502,0,0,0
2020-12-15,0.00739124747349541,0,0,0
2020-12-16,0.007079584125710762,0,0,0
2020-12-17,0.005392232862570867,0,0,0
2020-12-18,0.007856381599202891,0,0,0
2020-12-21,0.012071768184495324,0,1,1
2020-12-22,-0.014157380762349346,1,0,-1
2020-12-23,-0.0033664913202212884,0,0,0
2020-12-24,0.004079140879524772,0,0,0
2020-12-25,0.004974377040728916,0,0,0
2020-12-28,0.0019727364196356688,0,0,0
2020-12-29,-0.004862985116707191,0,0,0
2020-12-30,-0.0004063182543584776,0,0,0
2020-12-31,0.003245932758148557,0,0,0
2021-01-04,0.012729411400474983,0,1,1
2021-01-05,0.0056832497553938625,0,0,0
2021-01-06,0.0013909589922731173,0,0,0
2021-01-07,-0.009526969331597497,1,0,-1
2021-01-08,-0.00754606659565038,0,0,0
2021-01-11,-0.028322380640950166,1,0,-1
2021-01-12,0.0062660415786463435,0,0,0
2021-01-13,0.0003096934060057095,0,0,0
2021-01-14,-0.0026872012449597315,0,0,0
2021-01-15,0.0036157064184447496,0,0,0
2021-01-18,-0.0027881058953376533,0,0,0
2021-01-19,0.002323961073823606,0,0,0
2021-01-20,0.002833081968086447,0,0,0
2021-01-21,0.009980378157303378,0,1,1
2021-01-22,-0.004645116950888038,0,0,0
2021-01-25,-0.004872429180462774,0,0,0
2021-01-26,0.0029263054483401937,0,0,0
2021-01-27,-0.0056549605766409395,0,0,0
2021-01-28,-0.004236418817910009,0,0,0
2021-01-29,0.005266974894072043,0,0,0
2021-02-01,0.011011916956238913,0,1,1
2021-02-02,-0.008029296211743626,0,0,0
2021-02-03,-0.011360824489939693,1,0,-1
2021-02-04,-0.007402035464411422,0,0,0
2021-02-05,-0.01157724871127991,1,0,-1
2021-02-08,0.008275618481528975,0,0,0
2021-02-09,0.01200118760968968,0,1,1
2021-02-10,0.00015558955506843434,0,0,0
2021-02-18,-0.03021918723418647,1,0,-1
2021-02-19,-0.004607315553912794,0,0,0
2021-02-22,0.011213274263241431,0,1,1
2021-02-23,0.010563664493036834,0,1,1
2021-02-24,-0.0027885215238651795,0,0,0
2021-02-25,-0.00968851054732348,1,0,-1
2021-02-26,-0.017278815800192842,1,0,-1
2021-03-01,-0.004230858990619208,0,0,0
2021-03-02,-0.016994159668268036,1,0,-1
2021-03-03,0.004853575244204735,0,0,0
2021-03-04,-0.008731266786019987,1,0,-1
2021-03-05,-0.010433324758513898,1,0,-1
2021-03-08,0.010488826354199211,0,1,1
2021-03-09,-0.0036697288889624017,0,0,0
2021-03-10,0.010693511324747617,0,1,1
2021-03-11,0.008178096569139084,0,0,0
2021-03-12,-0.01409249349065634,1,0,-1
2021-03-15,0.008556260971150248,0,0,0
2021-03-16,0.0019219686869696242,0,0,0
2021-03-17,0.0044884852847833015,0,0,0
2021-03-18,0.008267206881540439,0,0,0
2021-03-19,-0.004288241067225108,0,0,0
2021-03-22,-0.005345272899390186,0,0,0
2021-03-23,0.003003415226974357,0,0,0
2021-03-24,-0.0015278841780531757,0,0,0
2021-03-25,0.002672267289784493,0,0,0
2021-03-26,-0.0026722672897844355,0,0,0
2021-03-29,0.000545940942751385,0,0,0
2021-03-30,-0.013572755548188563,1,0,-1
2021-03-31,-0.011462400148304137,1,0,-1
2021-04-01,0.02104291611015376,0,1,1
2021-04-02,0.013606392562574067,0,1,1
2021-04-06,-0.007269997297621452,0,0,0
2021-04-07,0.004888657210331252,0,0,0
2021-04-08,0.002651588447176011,0,0,0
2021-04-09,0.005067123126867468,0,0,0
2021-04-12,-0.007501991629542511,0,0,0
2021-04-13,-0.009197594023688634,1,0,-1
2021-04-14,0.010172252970241559,0,1,1
2021-04-15,0.0,0,0,0
2021-04-16,0.008944025140308462,0,0,0
2021-04-19,0.007055457136874009,0,0,0
2021-04-20,-0.009095835851612605,1,0,-1
2021-04-21,0.01037331513323846,0,1,1
2021-04-22,0.001116457225409151,0,0,0
2021-04-23,-0.0031931905791549088,0,0,0
2021-04-26,-0.005505532788216744,0,0,0
2021-04-27,0.0009107712718723636,0,0,0
2021-04-28,-0.0055848066971198795,0,0,0
2021-04-29,0.0034404936636188016,0,0,0
2021-04-30,-0.0051651895745923404,0,0,0
2021-05-06,0.014778594096118683,0,1,1
2021-05-07,0.010889783567484553,0,1,1
2021-05-10,0.0035688082383159856,0,0,0
2021-05-11,-0.0005764444021797736,0,0,0
2021-05-12,0.002356083709873918,0,0,0
2021-05-13,-0.004612651013102725,0,0,0
2021-05-14,0.005971417880110869,0,0,0
2021-05-17,0.011269041436452914,0,1,1
2021-05-18,0.006844583240364154,0,0,0
2021-05-19,0.000871504425498591,0,0,0
2021-05-20,0.00025618035236810117,0,0,0
2021-05-21,0.0,0,0,0
2021-05-24,0.0032222619497531153,0,0,0
2021-05-25,-0.004709022368195809,0,0,0
2021-05-26,0.009141811834464064,0,0,0
2021-05-27,0.002234410842279533,0,0,0
2021-05-28,-0.00738236176117854,0,0,0
2021-05-31,0.007635956467480324,0,0,0
2021-06-01,0.006369448285479707,0,0,0
2021-06-02,-0.01758890403157883,1,0,-1
2021-06-03,-0.00637960696403904,0,0,0
2021-06-04,-0.012673519238166462,1,0,-1
2021-06-07,0.00703182833418766,0,0,0
2021-06-08,0.006673416556498501,0,0,0
2021-06-09,-0.0005157297690380465,0,0,0
2021-06-10,-0.003203474890029141,0,0,0
2021-06-11,0.00891322009004181,0,0,0
2021-06-15,-0.01879472342003933,1,0,-1
2021-06-16,-0.0010981828793573342,0,0,0
2021-06-17,-0.017364204592225322,1,0,-1
2021-06-18,-0.010812652180665561,1,0,-1
2021-06-21,0.0008607241372743251,0,0,0
2021-06-22,0.004024798156308037,0,0,0
2021-06-23,0.0015519228223826657,0,0,0
2021-06-24,-0.00557672097869085,0,0,0
2021-06-25,-0.0014529020232776429,0,0,0
2021-06-28,0.0020442204116942805,0,0,0
2021-06-29,-0.0036610356385996024,0,0,0
2021-06-30,-0.008939515038808755,1,0,-1
2021-07-01,0.011578962826106678,0,1,1
2021-07-02,0.0023105246570328513,0,0,0
2021-07-05,0.003322084178351853,0,0,0
2021-07-06,0.009529712495610645,0,0,0
2021-07-07,-0.00042397583972837244,0,0,0
2021-07-08,-0.0018039054127694492,0,0,0
2021-07-09,0.0030752940461781244,0,0,0
2021-07-12,-0.0020668281556627667,0,0,0
2021-07-13,0.004763173863912391,0,0,0
2021-07-14,0.001846235523761386,0,0,0
2021-07-15,0.007821767482163457,0,0,0
2021-07-16,-0.0026179396071362763,0,0,0
2021-07-19,-0.009587599122850074,1,0,-1
2021-07-20,0.0074883016162811235,0,0,0
2021-07-21,-0.0036844086102798173,0,0,0
2021-07-22,-0.007888020994471234,0,0,0
2021-07-23,0.004560406673418657,0,0,0
2021-07-26,0.002694636137665252,0,0,0
2021-07-27,-0.008478219499872831,0,0,0
2021-07-28,0.010744539282977163,0,1,1
2021-07-29,0.0033111742864076425,0,0,0
2021-07-30,0.0035094187866029644,0,0,0
2021-08-02,-0.012257827678728869,1,0,-1
2021-08-03,-5.293385915527744e-05,0,0,0
2021-08-04,0.0022208130954969427,0,0,0
2021-08-05,-0.0016386946973478648,0,0,0
2021-08-06,-0.005676859556723126,0,0,0
2021-08-09,-0.027783310990137196,1,0,-1
2021-08-10,-0.0046057763182463605,0,0,0
2021-08-11,-0.0010997471690168761,0,0,0
2021-08-12,0.009963404258158509,0,1,1
2021-08-13,0.002393907563270327,0,0,0
2021-08-16,0.008657125813031581,0,0,0
2021-08-17,0.010130604154380302,0,1,1
2021-08-18,0.0010127662708360428,0,0,0
2021-08-19,-0.0029879437446962164,0,0,0
2021-08-20,0.0032542907964772925,0,0,0
2021-08-23,-0.0016524964447039295,0,0,0
2021-08-24,0.007441301478545813,0,0,0
2021-08-25,-0.0056822860733662175,0,0,0
2021-08-26,-0.004216150341550274,0,0,0
2021-08-27,0.010163175780558644,0,1,1
2021-08-30,0.0033297248068018892,0,0,0
2021-08-31,-0.000527788052574871,0,0,0
2021-09-01,0.0007388253014322572,0,0,0
2021-09-02,-0.0005276766519991366,0,0,0
2021-09-03,-0.0010033533965606478,0,0,0
2021-09-06,0.006372635127779439,0,0,0
2021-09-07,-0.0040506118141532075,0,0,0
2021-09-08,-0.011824417309948775,1,0,-1
2021-09-09,-0.004704884641261919,0,0,0
2021-09-10,0.0061440022310007055,0,0,0
2021-09-13,-0.005876085283651194,0,0,0
2021-09-14,0.001392012217493616,0,0,0
2021-09-15,0.0026715125955018167,0,0,0
2021-09-16,-0.008197425956810679,0,0,0
2021-09-17,-0.010546053774071204,1,0,-1
2021-09-22,0.01258829665080535,0,1,1
2021-09-23,-0.008789724685859979,1,0,-1
2021-09-24,-0.006738789698908022,0,0,0
2021-09-27,0.002940217733962596,0,0,0
2021-09-28,-0.009944350334977927,1,0,-1
2021-09-29,0.0007135995911437019,0,0,0
2021-09-30,-0.004675090328994014,0,0,0
2021-10-08,0.013035566337454944,0,1,1
2021-10-11,-0.0037617599218916845,0,0,0
2021-10-12,0.005610189283673916,0,0,0
2021-10-13,-0.0003259452440852508,0,0,0
2021-10-14,0.013867003980845782,0,1,1
2021-10-15,-0.0017698645042587794,0,0,0
2021-10-18,-0.013510797824234507,1,0,-1
2021-10-19,0.003205043893065607,0,0,0
2021-10-20,-0.0029874278756678776,0,0,0
2021-10-21,0.005100390872281244,0,0,0
2021-10-22,0.004158683858063687,0,0,0
2021-10-25,-0.002536360335468489,0,0,0
2021-10-26,0.004044331323509498,0,0,0
2021-10-27,-0.007345825405593574,0,0,0
2021-10-28,0.009818280306603594,0,1,1
2021-10-29,-0.00559863650162515,0,0,0
2021-11-01,-0.0045992018954780335,0,0,0
2021-11-02,0.006702365504058637,0,0,0
2021-11-03,-0.008710997866916583,0,0,0
2021-11-04,-0.003974849370458807,0,0,0
2021-11-05,0.013977906636505149,0,1,1
2021-11-08,0.011128465389925374,0,1,1
2021-11-09,0.004141452239860912,0,0,0
2021-11-10,0.0,0,0,0
2021-11-11,0.015509892677036735,0,1,1
2021-11-12,0.000625847522253371,0,0,0
2021-11-15,-0.0036563112031105433,0,0,0
2021-11-16,0.004750602758597799,0,0,0
2021-11-17,-0.0045936292083186645,0,0,0
2021-11-18,0.003342912488917809,0,0,0
2021-11-19,-0.0020880103634506714,0,0,0
2021-11-22,-0.009450377468500132,1,0,-1
2021-11-23,-0.019603248534420973,1,0,-1
2021-11-24,-0.005448134952927337,0,0,0
2021-11-25,0.0030783379694743823,0,0,0
2021-11-26,0.004841321989667609,0,0,0
2021-11-29,-0.0034403087203057677,0,0,0
2021-11-30,-0.0031820537595951726,0,0,0
2021-12-01,-0.004059655363067088,0,0,0
2021-12-02,-0.004729940587674474,0,0,0
2021-12-03,-0.002947117780099195,0,0,0
2021-12-06,0.007514328850992357,0,0,0
2021-12-07,-0.0021722610909666986,0,0,0
2021-12-08,0.0010867203851481978,0,0,0
2021-12-09,-0.00424490433332491,0,0,0
2021-12-10,-0.003004071407381003,0,0,0
2021-12-13,0.006868757925636862,0,0,0
2021-12-14,0.0010316836361553919,0,0,0
2021-12-15,-0.011352594364122082,1,0,-1
2021-12-16,0.010157915970603946,0,1,1
2021-12-17,0.012688127456444303,0,1,1
2021-12-20,-0.0011810179599066005,0,0,0
2021-12-21,-0.007061452947173906,0,0,0
2021-12-22,-0.002220357793947075,0,0,0
2021-12-23,0.010462828701027613,0,1,1
2021-12-24,0.002090200937859598,0,0,0
2021-12-27,-0.0003212851433259701,0,0,0
2021-12-28,0.0027276390758153393,0,0,0
2021-12-29,-0.0050332083124441235,0,0,0
2021-12-30,-0.004788946169862346,0,0,0
2021-12-31,0.010462872107941553,0,1,1
2022-01-04,-0.007931020619434735,0,0,0
2022-01-05,0.003651795046905403,0,0,0
2022-01-06,-0.006615239118719317,0,0,0
2022-01-07,-0.006767940503816966,0,0,0
2022-01-10,0.0011402200230856076,0,0,0
2022-01-11,0.009129030314221402,0,0,0
2022-01-12,0.005309319848664801,0,0,0
2022-01-13,0.0026707990877372595,0,0,0
2022-01-14,-0.0009072715765773815,0,0,0
2022-01-17,-0.00551467064825072,0,0,0
2022-01-18,0.002520176137476781,0,0,0
2022-01-19,-0.0010716391745172694,0,0,0
2022-01-20,0.014212572561306683,0,1,1
2022-01-21,-0.0004758002785961922,0,0,0
2022-01-24,-0.0027004861398245606,0,0,0
2022-01-25,0.0019069822496950274,0,0,0
2022-01-26,0.0017448781690759783,0,0,0
2022-01-27,-0.018663227000048903,1,0,-1
2022-01-28,-0.00399094478591417,0,0,0
2022-02-07,0.005496888167384938,0,0,0
2022-02-08,0.007122422804771895,0,0,0
2022-02-09,0.004737957704015102,0,0,0
2022-02-10,0.002175124866167405,0,0,0
2022-02-11,-0.005739811676699582,0,0,0
2022-02-14,0.01706913849343372,0,1,1
2022-02-15,0.010113734420138737,0,1,1
2022-02-16,-0.014998582750019583,1,0,-1
2022-02-17,0.009693806424066378,0,1,1
2022-02-18,0.008050109691459102,0,0,0
2022-02-21,-0.0016566580719976935,0,0,0
2022-02-22,0.012153821457508988,0,1,1
2022-02-23,-0.008068911824236625,0,0,0
2022-02-24,0.02159293715621071,0,1,1
2022-02-25,-0.011734063977490801,1,0,-1
2022-02-28,-0.006150396098277069,0,0,0
2022-03-01,0.0003084198646838711,0,0,0
2022-03-02,0.013679964242698895,0,1,1
2022-03-03,-0.003300752012917482,0,0,0
2022-03-04,0.003655568652471372,0,0,0
2022-03-07,0.0217067449538397,0,1,1
2022-03-08,0.021827966577036142,0,1,1
2022-03-09,0.01196117279665354,0,1,1
2022-03-10,-0.03205496329186215,1,0,-1
2022-03-11,0.0019288316769094126,0,0,0
2022-03-14,-0.005648612779441474,0,0,0
2022-03-15,-0.0201773558832607,1,0,-1
2022-03-16,-0.00870788443218144,0,0,0
2022-03-17,0.01118921245552809,0,1,1
2022-03-18,0.0011625851133810633,0,0,0
2022-03-21,-0.0028836688082784726,0,0,0
2022-03-22,0.006061236861587066,0,0,0
2022-03-23,-0.006162569384346814,0,0,0
2022-03-24,0.010834888165868386,0,1,1
2022-03-25,0.006694000418321362,0,0,0
2022-03-28,-0.010057879578819309,1,0,-1
2022-03-29,-0.005395741892538262,0,0,0
2022-03-30,-0.0020245995679173973,0,0,0
2022-03-31,-0.0010138389878398709,0,0,0
2022-04-01,0.004857080127991253,0,0,0
2022-04-06,-0.004451421180183862,0,0,0
2022-04-07,0.0011147143432347047,0,0,0
2022-04-08,0.0027813616251504353,0,0,0
2022-04-11,0.008948830520084588,0,0,0
2022-04-12,0.005440628359604713,0,0,0
2022-04-13,0.004767352724891832,0,0,0
2022-04-14,0.001534615780988895,0,0,0
2022-04-15,0.0037030678995941878,0,0,0
2022-04-18,0.00540648127110486,0,0,0
2022-04-19,-0.0071822426019381574,0,0,0
2022-04-20,-0.012519414349538047,1,0,-1
2022-04-21,0.012420668422727186,0,1,1
2022-04-22,0.004286459892570859,0,0,0
2022-04-25,-0.005867722266821289,0,0,0
2022-04-26,-0.007744664634712585,0,0,0
2022-04-27,-0.000997257624409814,0,0,0
2022-04-28,-0.00019957092317893557,0,0,0
2022-04-29,0.012397262814196026,0,1,1
2022-05-05,-0.003208532505508555,0,0,0
2022-05-06,-0.0022768905545156584,0,0,0
2022-05-09,0.004351272688200348,0,0,0
2022-05-10,-0.007577482211911754,0,0,0
2022-05-11,-0.0058835430988856685,0,0,0
2022-05-12,0.010694225126796379,0,1,1
2022-05-13,-0.011394575330510014,1,0,-1
2022-05-16,-0.009604096449020097,1,0,-1
2022-05-17,0.005391663561396664,0,0,0
2022-05-18,-0.0117782228535642,1,0,-1
2022-05-19,0.004160964038651859,0,0,0
2022-05-20,0.005605084485411199,0,0,0
2022-05-23,-5.035627062522283e-05,0,0,0
2022-05-24,0.002313767945366555,0,0,0
2022-05-25,0.0019073438498322293,0,0,0
2022-05-26,0.0038038083902259406,0,0,0
2022-05-27,0.007018970001459503,0,0,0
2022-05-30,-0.008118585246962594,0,0,0
2022-05-31,-0.00220286461364325,0,0,0
2022-06-01,-0.006738773300973083,0,0,0
2022-06-02,0.006588401129566257,0,0,0
2022-06-06,-0.002459285035827057,0,0,0
2022-06-07,-0.005037794029957181,0,0,0
2022-06-08,0.005088044023686434,0,0,0
2022-06-09,0.002007932003378493,0,0,0
2022-06-10,-0.0032146293190924015,0,0,0
2022-06-13,0.016663726238170494,0,1,1
2022-06-14,-0.018274924411603912,1,0,-1
2022-06-15,-0.006166618813662267,0,0,0
2022-06-16,0.003290225944095892,0,0,0
2022-06-17,0.007100263985751624,0,0,0
2022-06-20,-0.0039719502180143255,0,0,0
2022-06-21,-0.0018657192210776129,0,0,0
2022-06-22,-0.000151427201662294,0,0,0
2022-06-23,0.0012611932558339717,0,0,0
2022-06-24,-0.007743541489499679,0,0,0
2022-06-27,0.006785179710264739,0,0,0
2022-06-28,-0.006226449536999093,0,0,0
2022-06-29,-0.0013211384035425424,0,0,0
2022-06-30,-0.0016284162165438392,0,0,0
2022-07-01,-0.009620871507227662,1,0,-1
2022-07-04,0.005077845393898934,0,0,0
2022-07-05,-0.0010237511131643373,0,0,0
2022-07-06,-0.019809797249160183,1,0,-1
2022-07-07,-0.014257771448945706,1,0,-1
2022-07-08,-0.0010603330438894716,0,0,0
2022-07-11,0.00397046499529767,0,0,0
2022-07-12,-0.0008985913864160904,0,0,0
2022-07-13,-0.0068984088902492345,0,0,0
2022-07-14,0.001330318142182872,0,0,0
2022-07-15,-0.0072583976671092175,0,0,0
2022-07-18,0.004276023405623309,0,0,0
2022-07-19,-0.0030447928226340487,0,0,0
2022-07-20,-0.0008563477294890853,0,0,0
2022-07-21,-0.008604053939666463,0,0,0
2022-07-22,0.01516845376280035,0,1,1
2022-07-25,0.0031865765984036517,0,0,0
2022-07-26,0.0007420757257741368,0,0,0
2022-07-27,-0.002174778738081307,0,0,0
2022-07-28,0.010774372740943122,0,1,1
2022-07-29,0.014032206457335628,0,1,1
2022-08-01,-0.0007773027985620139,0,0,0
2022-08-02,0.00867146963559824,0,0,0
2022-08-03,-0.0047909835865204186,0,0,0
2022-08-04,0.0015479879252149533,0,0,0
2022-08-05,0.008215707315546997,0,0,0
2022-08-08,-0.006155443903291095,0,0,0
2022-08-09,0.00451769339647868,0,0,0
2022-08-10,0.0018422808547155156,0,0,0
2022-08-11,-0.0041499150163732046,0,0,0
2022-08-12,0.004252164505214868,0,0,0
2022-08-15,0.0019917781922491372,0,0,0
2022-08-16,-0.001225240096101021,0,0,0
2022-08-17,-0.004146303705809866,0,0,0
2022-08-18,-0.005503704451431097,0,0,0
2022-08-19,-0.0005159160203171763,0,0,0
2022-08-22,-0.0033599576723500535,0,0,0
2022-08-23,0.0027405068988770403,0,0,0
2022-08-24,0.005715331058423436,0,0,0
2022-08-25,0.0032805401300436475,0,0,0
2022-08-26,0.0011763202993043396,0,0,0
2022-08-29,-0.008572727740956016,0,0,0
2022-08-30,0.0034995661262643323,0,0,0
2022-08-31,-0.006132301302063829,0,0,0
2022-09-01,-0.008356956061439602,0,0,0
2022-09-02,-0.0017737901144931933,0,0,0
2022-09-05,0.00997566333553822,0,1,1
2022-09-06,0.005465057941007568,0,0,0
2022-09-07,-0.006758351103864213,0,0,0
2022-09-08,0.00799158696233689,0,0,0
2022-09-09,0.0001540476010132495,0,0,0
2022-09-13,0.0003593521432958606,0,0,0
2022-09-14,-0.006333208615319263,0,0,0
2022-09-15,-0.005074838709758359,0,0,0
2022-09-16,-0.004266173683380317,0,0,0
2022-09-19,0.002863466748966252,0,0,0
2022-09-20,0.002958966002466859,0,0,0
2022-09-21,0.002950236347066426,0,0,0
2022-09-22,-0.0024320210688473605,0,0,0
2022-09-23,0.004136082827413823,0,0,0
2022-09-26,-0.00844542726009063,0,0,0
2022-09-27,0.001299950784939616,0,0,0
2022-09-28,0.0026466711523748247,0,0,0
2022-09-29,0.009696295474168278,0,1,1
2022-09-30,0.0029725319140561134,0,0,0
2022-10-10,0.006173016566926227,0,0,0
2022-10-11,-0.001323222748926416,0,0,0
2022-10-12,0.0008144981105956705,0,0,0
2022-10-13,-0.00010177599113162577,0,0,0
2022-10-14,-0.0014769170773056288,0,0,0
2022-10-17,-0.005468264552206341,0,0,0
2022-10-18,0.0012803115466159078,0,0,0
2022-10-19,-0.001536570677249599,0,0,0
2022-10-20,-0.005345132734254795,0,0,0
2022-10-21,-0.0016504207160609379,0,0,0
2022-10-24,0.013484272090997323,0,1,1
2022-10-25,0.002797062367226997,0,0,0
2022-10-26,-0.0005079752217328328,0,0,0
2022-10-27,-0.002340015311327332,0,0,0
2022-10-28,0.00020369710311292176,0,0,0
2022-10-31,-0.0028555421983865077,0,0,0
2022-11-01,-0.0005107774143126947,0,0,0
2022-11-02,0.001633570223908365,0,0,0
2022-11-03,-0.0031163017888556892,0,0,0
2022-11-04,-0.00020468734080266235,0,0,0
2022-11-07,0.008154989129306164,0,0,0
2022-11-08,0.0020790555395879765,0,0,0
2022-11-09,0.021151550372407686,0,1,1
2022-11-10,0.0006941001766025989,0,0,0
2022-11-11,0.007849372614557346,0,0,0
2022-11-14,-0.007700699521635356,0,0,0
2022-11-15,0.003364008317359814,0,0,0
2022-11-16,0.0053196854837632875,0,0,0
2022-11-17,0.0014236275446304143,0,0,0
2022-11-18,-0.0006870154357960961,0,0,0
2022-11-21,-0.005463822014883264,0,0,0
2022-11-22,-0.0008394440410969674,0,0,0
2022-11-23,-0.0004941199823826933,0,0,0
2022-11-24,0.004290687913223564,0,0,0
2022-11-25,0.0029484050842978286,0,0,0
2022-11-28,0.0010298914620133564,0,0,0
2022-11-29,-0.0035846732387291224,0,0,0
2022-11-30,-0.0010828371388320486,0,0,0
2022-12-01,0.0024101730759113482,0,0,0
2022-12-02,0.006415144059400763,0,0,0
2022-12-05,-0.009810733060538918,1,0,-1
2022-12-06,-0.009758591373791835,1,0,-1
2022-12-07,-0.0016939023579959527,0,0,0
2022-12-08,0.003335244647842621,0,0,0
2022-12-09,0.0025313327823545976,0,0,0
2022-12-12,-0.0003966483268821243,0,0,0
2022-12-13,0.0005949135072094631,0,0,0
2022-12-14,0.011236627025228173,0,1,1
2022-12-15,-0.007970914078328823,0,0,0
2022-12-16,-0.004852936136129716,0,0,0
2022-12-19,0.005939141436961418,0,0,0
2022-12-20,0.0002960331578754381,0,0,0
2022-12-21,0.01001333650098581,0,1,1
2022-12-22,0.0008787346786889573,0,0,0
2022-12-23,-0.007493973797408099,0,0,0
2022-12-26,0.00108102806459007,0,0,0
2022-12-27,0.0017664381433223843,0,0,0
2022-12-28,0.001567552001204302,0,0,0
2022-12-29,-0.0005875440827070405,0,0,0
2022-12-30,0.007562671745269782,0,0,0
2023-01-03,-0.000632095905129275,0,0,0
2023-01-04,0.004997220694503215,0,0,0
2023-01-05,-0.0018407290607228694,0,0,0
2023-01-06,-0.007201627154321485,0,0,0
2023-01-09,0.010831395204900193,0,1,1
2023-01-10,-0.0007249003579486336,0,0,0
2023-01-11,0.002655402888006426,0,0,0
2023-01-12,-0.000530516784007155,0,0,0
2023-01-13,0.001542540677037974,0,0,0
2023-01-16,0.004948959049830232,0,0,0
2023-01-17,0.004113460623904301,0,0,0
2023-01-18,-0.0014330071714246603,0,0,0
2023-01-19,0.00300694687583586,0,0,0
2023-01-20,0.009108654465560126,0,0,0
2023-01-30,-0.0019381225192790315,0,0,0
2023-01-31,-0.007599542606625661,0,0,0
2023-02-01,0.0049937088055440615,0,0,0
2023-02-02,0.00775014511998905,0,0,0
2023-02-03,-0.013077656174644984,1,0,-1
2023-02-06,-0.013299281405649862,1,0,-1
2023-02-07,-0.0028556927516429167,0,0,0
2023-02-08,0.000193864198736424,0,0,0
2023-02-09,0.0019849441292476675,0,0,0
2023-02-10,-0.006696778557689564,0,0,0
2023-02-13,0.005632176473109038,0,0,0
2023-02-14,-0.0008234240372254362,0,0,0
2023-02-15,-0.0026200888351233156,0,0,0
2023-02-16,-0.00043734966802519464,0,0,0
2023-02-17,-0.0029693112088384705,0,0,0
2023-02-20,0.004960134658863648,0,0,0
2023-02-21,-0.0014563109369954172,0,0,0
2023-02-22,0.003007375180874274,0,0,0
2023-02-23,-0.002424596280401696,0,0,0
2023-02-24,0.002908810893775086,0,0,0
2023-02-27,-0.002277850113747948,0,0,0
2023-02-28,0.00106687367667605,0,0,0
2023-03-01,0.003387045382514771,0,0,0
2023-03-02,-0.0010149095910191902,0,0,0
2023-03-03,0.004727456947203685,0,0,0
2023-03-06,0.006858375603826036,0,0,0
2023-03-07,0.0009077228724459486,0,0,0
2023-03-08,-0.011382041475525143,1,0,-1
2023-03-09,-0.0001449100352734842,0,0,0
2023-03-10,0.006596234706775384,0,0,0
2023-03-13,0.01059726371583748,0,1,1
2023-03-14,0.012176279561115621,0,1,1
2023-03-15,0.00042208934851073265,0,0,0
2023-03-16,0.009194716011717369,0,0,0
2023-03-17,0.004542723243406429,0,0,0
2023-03-20,0.02867563655195104,0,1,1
2023-03-21,-0.007805313826370735,0,0,0
2023-03-22,-0.01400282863205028,1,0,-1
2023-03-23,0.006729408077090843,0,0,0
2023-03-24,0.005323881252749797,0,0,0
2023-03-27,-0.00582587784058791,0,0,0
2023-03-28,-0.00448349181827335,0,0,0
2023-03-29,0.003615812805050903,0,0,0
2023-03-30,0.0026007817000574403,0,0,0
2023-03-31,0.005226690685159174,0,0,0
2023-04-03,-0.012727983692265495,1,0,-1
2023-04-04,0.011594068160859304,0,1,1
2023-04-06,0.01459682627371616,0,1,1
2023-04-07,0.00031302403832999116,0,0,0
2023-04-10,-0.01015602132550571,1,0,-1
2023-04-11,0.004596466116159279,0,0,0
2023-04-12,0.008951809846024313,0,0,0
2023-04-13,-4.456030123497234e-05,0,0,0
2023-04-14,0.004845423007247823,0,0,0
2023-04-17,-0.010969031370574046,1,0,-1
2023-04-18,-0.004088331502627914,0,0,0
2023-04-19,-0.000630460256855144,0,0,0
2023-04-20,0.0012605232839992988,0,0,0
2023-04-21,-0.004599575208636333,0,0,0
2023-04-24,-0.0030328430100379834,0,0,0
2023-04-25,0.008621715898065515,0,0,0
2023-04-26,0.0030516560952931868,0,0,0
2023-04-27,0.0021038032870848798,0,0,0
2023-04-28,-0.004661177317000101,0,0,0
2023-05-04,0.022345064917852826,0,1,1
2023-05-05,0.005825812048843598,0,0,0
2023-05-08,-0.012216173364959912,1,0,-1
2023-05-09,0.00181107455028543,0,0,0
2023-05-10,0.003788217022546816,0,0,0
2023-05-11,-0.0001758782926750995,0,0,0
2023-05-12,-0.007326363426243144,0,0,0
2023-05-15,0.004243475403643514,0,0,0
2023-05-16,-0.002561612565835628,0,0,0
2023-05-17,-0.0044764617688236655,0,0,0
2023-05-18,-0.0018674141747954732,0,0,0
2023-05-19,-0.003968701559245497,0,0,0
2023-05-22,0.004280179524697941,0,0,0
2023-05-23,-0.004280179524697936,0,0,0
2023-05-24,0.005080677655143195,0,0,0
2023-05-25,-0.004232103432141408,0,0,0
2023-05-26,-0.005595985504121113,0,0,0
2023-05-29,0.0003590825479582268,0,0,0
2023-05-30,-0.0023363446849766767,0,0,0
2023-05-31,0.013936885252141257,0,1,1
2023-06-01,0.0002661225953788124,0,0,0
2023-06-02,0.0029226838624320105,0,0,0
2023-06-05,-0.011205595485226406,1,0,-1
2023-06-06,0.006729530488031987,0,0,0
2023-06-07,0.0018194329277470913,0,0,0
2023-06-08,-0.005869553068965667,0,0,0
2023-06-09,0.008614618106280912,0,0,0
2023-06-12,0.00035365368831529733,0,0,0
2023-06-13,0.0026043405657917127,0,0,0
2023-06-14,-0.006146518278734186,0,0,0
2023-06-15,-0.008373840744925472,0,0,0
2023-06-16,0.007486332366279632,0,0,0
2023-06-19,0.0016412716883269758,0,0,0
2023-06-20,0.0011517166278615769,0,0,0
2023-06-21,-0.0042591013806349935,0,0,0
2023-06-26,-0.0015573208335508868,0,0,0
2023-06-27,-0.0006236080380267836,0,0,0
2023-06-28,-0.003928751872433618,0,0,0
2023-06-29,0.0008942544749750434,0,0,0
2023-06-30,0.0024550843711979124,0,0,0
2023-07-03,0.0020487247178348164,0,0,0
2023-07-04,0.0009338937374103708,0,0,0
2023-07-05,0.004036824823228175,0,0,0
2023-07-06,-0.00022138097542307328,0,0,0
2023-07-07,-0.0018615376353439401,0,0,0
2023-07-10,0.002791008567773615,0,0,0
2023-07-11,0.00026540452228152663,0,0,0
2023-07-12,-0.0001769285213391138,0,0,0
2023-07-13,0.009246686463346067,0,0,0
2023-07-14,-0.005097119744528402,0,0,0
2023-07-17,0.0029471946025283716,0,0,0
2023-07-18,0.0035076986024603633,0,0,0
2023-07-19,0.012051221527883814,0,1,1
2023-07-20,-0.0011250055273340194,0,0,0
2023-07-21,-0.005774715915138923,0,0,0
2023-07-24,-0.00043554007657140985,0,0,0
2023-07-25,-0.0050223929133758755,0,0,0
2023-07-26,0.004107140828303212,0,0,0
2023-07-27,0.0023518150293823305,0,0,0
2023-07-28,-0.007554126266129206,0,0,0
2023-07-31,-0.000701539029956057,0,0,0
2023-08-01,0.003502783913333183,0,0,0
2023-08-02,-0.0008745463848318221,0,0,0
2023-08-03,-0.004691859257080784,0,0,0
2023-08-04,-0.0014074597678798285,0,0,0
2023-08-07,0.002725156624769656,0,0,0
2023-08-08,0.0,0,0,0
2023-08-09,-0.0006147091302236765,0,0,0
2023-08-10,-0.0038284717491977923,0,0,0
2023-08-11,0.004267588253860581,0,0,0
2023-08-14,0.00039504005780937446,0,0,0
2023-08-15,0.0002632733670319595,0,0,0
2023-08-16,0.0027164405067071572,0,0,0
2023-08-17,-0.0005251871099751441,0,0,0
2023-08-18,-0.0038598232051272486,0,0,0
2023-08-21,0.004341255255916571,0,0,0
2023-08-22,-0.0012697302434897964,0,0,0
2023-08-23,0.003018441015252459,0,0,0
2023-08-24,0.004706301174105075,0,0,0
2023-08-25,-0.003353150527861146,0,0,0
2023-08-28,0.0002616887663223393,0,0,0
2023-08-29,0.0033088105419809793,0,0,0
2023-08-30,0.002907925054266135,0,0,0
2023-08-31,0.0036338506849832803,0,0,0
2023-09-01,-0.001512500018250785,0,0,0
2023-09-04,0.005090167146044579,0,0,0
2023-09-05,0.00034416003781300423,0,0,0
2023-09-06,-0.001592734027326373,0,0,0
2023-09-07,-0.0002585204030081251,0,0,0
2023-09-08,0.0058434470648082056,0,0,0
2023-09-11,-0.0006428250237428974,0,0,0
2023-09-12,0.0004714454174966014,0,0,0
2023-09-13,0.001926329227340755,0,0,0
2023-09-14,0.009237449420308215,0,0,0
2023-09-15,-0.004842213088674934,0,0,0
2023-09-18,-0.005122524647932839,0,0,0
2023-09-19,0.0052928243758647645,0,0,0
2023-09-20,0.0033574905634293026,0,0,0
2023-09-21,-0.0010612783030790527,0,0,0
2023-09-22,-0.0008498343334620726,0,0,0
2023-09-25,0.002123233206668274,0,0,0
2023-09-26,-0.0018682070651065915,0,0,0
2023-09-27,-0.007893374316370839,0,0,0
2023-09-28,-0.015976160181149522,1,0,-1
2023-10-09,-0.010281179919360707,1,0,-1
2023-10-10,-0.009322120127384254,1,0,-1
2023-10-11,-0.00039956492351618,0,0,0
2023-10-12,0.007211941972752939,0,0,0
2023-10-13,0.002773560518010242,0,0,0
2023-10-16,0.013710209078660043,0,1,1
2023-10-17,0.00475882360337194,0,0,0
2023-10-18,0.00974947057218597,0,1,1
2023-10-19,0.007069876125765593,0,0,0
2023-10-20,0.011435447526378179,0,1,1
2023-10-23,-0.001427551991185446,0,0,0
2023-10-24,-0.0016820861829848262,0,0,0
2023-10-25,-0.0026972369690011536,0,0,0
2023-10-26,0.005764917394618062,0,0,0
2023-10-27,0.0006711128140817922,0,0,0
2023-10-30,0.0023871857216463325,0,0,0
2023-10-31,0.0017135815949917217,0,0,0
2023-11-01,-0.0022575260423872935,0,0,0
2023-11-02,0.0017980727836732825,0,0,0
2023-11-03,-0.0010868203218334978,0,0,0
2023-11-06,-0.004695237937271672,0,0,0
2023-11-07,-0.004126495391876189,0,0,0
2023-11-08,-0.0045673766281104505,0,0,0
2023-11-09,-0.0062504189714254876,0,0,0
2023-11-10,0.005232607178724888,0,0,0
2023-11-13,-0.002931992667063249,0,0,0
2023-11-14,0.003271378382182301,0,0,0
2023-11-15,0.0030915853104873047,0,0,0
2023-11-16,-0.0023707728813046254,0,0,0
2023-11-17,0.0033428572333322904,0,0,0
2023-11-20,-0.01155689273425279,1,0,-1
2023-11-21,-0.002181865718294882,0,0,0
2023-11-22,-0.0018862268206565659,0,0,0
2023-11-23,-0.0013740394621764877,0,0,0
2023-11-24,0.0009448549062321206,0,0,0
2023-11-27,0.008931874162761458,0,0,0
2023-11-28,0.003228275677703447,0,0,0
2023-11-29,0.008151587806910715,0,0,0
2023-11-30,0.0005466893889180597,0,0,0
2023-12-01,0.0001261166580756633,0,0,0
2023-12-04,0.01219985885442023,0,1,1
2023-12-05,-0.013840617336899256,1,0,-1
2023-12-06,-0.0019387202093861773,0,0,0
2023-12-07,0.0016860567137059305,0,0,0
2023-12-08,0.0006736275094742743,0,0,0
2023-12-11,-0.007604599385219192,0,0,0
2023-12-12,-0.00361126255444593,0,0,0
2023-12-13,-0.001874494648475981,0,0,0
2023-12-14,0.015192522592468399,0,1,1
2023-12-15,-0.0015551775826358684,0,0,0
2023-12-18,-0.0011785009150504166,0,0,0
2023-12-19,0.002103492571988681,0,0,0
2023-12-20,0.002141013810866528,0,0,0
2023-12-21,0.00020965679259971347,0,0,0
2023-12-22,0.005268892343093918,0,0,0
2023-12-25,0.002624072147373152,0,0,0
2023-12-26,0.0012471421279737515,0,0,0
2023-12-27,0.0024896278419597982,0,0,0
2023-12-28,0.0020699655497063278,0,0,0
2023-12-29,-0.003936605104462567,0,0,0
2024-01-02,0.004969983309473579,0,0,0
2024-01-03,-0.001074735553183873,0,0,0
2024-01-04,-0.004019814368446592,0,0,0
2024-01-05,0.00153523815967647,0,0,0
2024-01-08,-0.0013691527914154508,0,0,0
2024-01-09,-0.0014541831093640154,0,0,0
2024-01-10,-0.002414454590639922,0,0,0
2024-01-11,0.0007915842513122961,0,0,0
2024-01-12,0.0011238060744463531,0,0,0
2024-01-15,0.005806976374430603,0,0,0
2024-01-16,-0.0004964216376302473,0,0,0
2024-01-17,-0.007642820172815297,0,0,0
2024-01-18,-0.0019616442359615873,0,0,0
2024-01-19,0.0034199474464248203,0,0,0
2024-01-22,-0.0030857786880937495,0,0,0
2024-01-23,0.0006262655988251012,0,0,0
2024-01-24,-0.0010857764367454396,0,0,0
2024-01-25,-0.0038095284166678417,0,0,0
2024-01-26,0.003934870496256998,0,0,0
2024-01-29,0.0027535584171828166,0,0,0
2024-01-30,0.0019978363425205937,0,0,0
2024-01-31,0.0012050947873262835,0,0,0
2024-02-01,0.002612970939838842,0,0,0
2024-02-02,0.004092352196662842,0,0,0
2024-02-05,-0.006996075147854064,0,0,0
2024-02-06,-0.0016214534266545976,0,0,0
2024-02-07,0.002991401956496123,0,0,0
2024-02-08,0.002982480152898371,0,0,0
2024-02-19,-0.005890666664560015,0,0,0
2024-02-20,-0.0005826535873175048,0,0,0
2024-02-21,0.0,0,0,0
2024-02-22,-0.000749625222509881,0,0,0
2024-02-23,-0.0022940094729910587,0,0,0
2024-02-26,0.00537221489858623,0,0,0
2024-02-27,-0.00024923153738710827,0,0,0
2024-02-28,-0.00029084865687534694,0,0,0
2024-02-29,0.0011213789982081747,0,0,0
2024-03-01,0.004100997856298588,0,0,0
2024-03-04,0.014365114660829572,0,1,1
2024-03-05,0.013277397124325756,0,1,1
2024-03-06,0.006693009374817002,0,0,0
2024-03-07,0.010292367675876563,0,1,1
2024-03-08,0.0007903889124720247,0,0,0
2024-03-11,0.0039819485286092665,0,0,0
2024-03-12,-0.003073772911905343,0,0,0
2024-03-13,-0.0022126525286345466,0,0,0
2024-03-14,0.0014229813856130218,0,0,0
2024-03-15,0.0035879782207861315,0,0,0
2024-03-18,-0.008140728617223784,0,0,0
2024-03-19,0.002338347973116957,0,0,0
2024-03-20,0.0010287252628364948,0,0,0
2024-03-21,0.01950249781946752,0,1,1
2024-03-22,-0.0062635151960652715,0,0,0
2024-03-25,0.001832537797170249,0,0,0
2024-03-26,0.0015180711737708132,0,0,0
2024-03-27,0.00430809305764889,0,0,0
2024-03-28,0.006908423686034907,0,0,0
2024-03-29,0.02149802188142439,0,1,1
2024-04-01,0.005143909064996651,0,0,0
2024-04-02,0.0013099049385118776,0,0,0
2024-04-03,0.012599352739946062,0,1,1
2024-04-08,0.024119535311978333,0,1,1
2024-04-09,0.003922067528754146,0,0,0
2024-04-10,0.0033342327205366827,0,0,0
2024-04-11,-0.006391404163086238,0,0,0
2024-04-12,0.027148737703595223,0,1,1
2024-04-15,-0.011671706399405728,1,0,-1
2024-04-16,0.005517840825027419,0,0,0
2024-04-17,0.0013747160204441303,0,0,0
2024-04-18,-0.003988357885497688,0,0,0
2024-04-19,0.004903786440377185,0,0,0
2024-04-22,-0.017538080877401687,1,0,-1
2024-04-23,-0.024619193846533088,1,0,-1
2024-04-24,0.01124263557377363,0,1,1
2024-04-25,-0.001307569560119652,0,0,0
2024-04-26,0.0077838309119465975,0,0,0
2024-04-29,-0.005641763906668126,0,0,0
2024-04-30,0.00047136460924605036,0,0,0
2024-05-06,-0.006181613081020398,0,0,0
2024-05-07,0.0027318938075388084,0,0,0
2024-05-08,-0.0014925104243069711,0,0,0
2024-05-09,-0.0016406894574598886,0,0,0
2024-05-10,0.023975911875711305,0,1,1
2024-05-13,-0.00675593711897059,0,0,0
2024-05-14,-0.005394532250667196,0,0,0
2024-05-15,0.007902056132244244,0,0,0
2024-05-16,0.009613404521526418,0,1,1
2024-05-17,0.0007792576194843866,0,0,0
2024-05-20,0.024448188038392736,0,1,1
2024-05-21,-0.011502568050915905,1,0,-1
2024-05-22,0.001920492236138864,0,0,0
2024-05-23,-0.024007366367502347,1,0,-1
2024-05-24,-0.009405921077783383,1,0,-1
2024-05-27,0.002341794884261915,0,0,0
2024-05-28,0.00032381672256632426,0,0,0
2024-05-29,0.006704576680756601,0,0,0
2024-05-30,-0.009875293468435851,1,0,-1
2024-05-31,0.004788229406478347,0,0,0
2024-06-03,-0.00956323486181613,1,0,-1
2024-06-04,0.00844922881722213,0,0,0
2024-06-05,-0.004721324972242877,0,0,0
2024-06-06,0.01527239837263234,0,1,1
2024-06-07,0.000284586107004079,0,0,0
2024-06-11,-0.031653471856238444,1,0,-1
2024-06-12,0.005966233542990299,0,0,0
2024-06-13,0.0007296075035465656,0,0,0
2024-06-14,7.293148090593966e-05,0,0,0
2024-06-17,0.0017851617761544562,0,0,0
2024-06-18,0.001127744448969677,0,0,0
2024-06-19,0.004208699340652412,0,0,0
2024-06-20,0.00858003028469359,0,0,0
2024-06-21,0.004619938381094164,0,0,0
2024-06-24,-0.015410955630019997,1,0,-1
2024-06-25,0.0017764247787885063,0,0,0
2024-06-26,-0.006286015284763483,0,0,0
2024-06-27,-0.0060323736534416235,0,0,0
2024-06-28,0.011158632357067029,0,1,1
2024-07-01,-0.00018133352725272013,0,0,0
2024-07-02,0.001920464400379751,0,0,0
2024-07-03,0.005811346644193365,0,0,0
2024-07-04,0.004739515532404289,0,0,0
2024-07-05,0.0023613606679115224,0,0,0
2024-07-08,0.0019278834960837644,0,0,0
2024-07-09,-0.0037162808537818436,0,0,0
2024-07-10,0.008448796313778878,0,0,0
2024-07-11,0.0036497037483079367,0,0,0
2024-07-12,0.0054321121228848145,0,0,0
2024-07-15,-0.00035184012747716816,0,0,0
2024-07-16,0.011545856340662556,0,1,1
2024-07-17,0.011448460536574244,0,1,1
2024-07-18,-0.00013757050510058064,0,0,0
2024-07-19,-0.027088512041225254,1,0,-1
2024-07-22,-0.0009546202574090051,0,0,0
2024-07-23,-0.004964549203733435,0,0,0
2024-07-24,0.012435686295470469,0,1,1
2024-07-25,-0.024811993355463205,1,0,-1
2024-07-26,0.0030546445328566867,0,0,0
2024-07-29,0.006901387997174663,0,0,0
2024-07-30,0.0013888149232989134,0,0,0
2024-07-31,0.007551219077202329,0,0,0
2024-08-01,0.008125407443917152,0,0,0
2024-08-02,0.00548501733251766,0,0,0
2024-08-05,-0.02486944517088485,1,0,-1
2024-08-06,-0.010340091409011643,1,0,-1
2024-08-07,0.0033866583745512614,0,0,0
2024-08-08,7.193209613253467e-05,0,0,0
2024-08-09,0.008237868936108651,0,0,0
2024-08-12,0.008170560551618045,0,0,0
2024-08-13,0.00733197968921076,0,0,0
2024-08-14,-0.002179875696198063,0,0,0
2024-08-15,-0.0021846379372323227,0,0,0
2024-08-16,0.0013395377073514114,0,0,0
2024-08-19,0.010443044163448692,0,1,1
2024-08-20,0.0009408157914716092,0,0,0
2024-08-21,0.003407395251131062,0,0,0
2024-08-22,-0.003024353547135383,0,0,0
2024-08-23,-0.0032780054460753005,0,0,0
2024-08-26,0.00630235899321074,0,0,0
2024-08-27,-0.00045133404692753565,0,0,0
2024-08-28,-0.0013552256439605171,0,0,0
2024-08-29,-0.00017387977995859605,0,0,0
2024-08-30,-0.0017404627061302766,0,0,0
2024-09-02,-0.005659996942208682,0,0,0
2024-09-03,0.002274836055456655,0,0,0
2024-09-04,-0.006840091912441513,0,0,0
2024-09-05,0.006700251330476768,0,0,0
2024-09-06,0.0028628305695848513,0,0,0
2024-09-09,-0.007804746941478787,0,0,0
2024-09-10,0.007037474557030245,0,0,0
2024-09-11,0.005011495140978439,0,0,0
2024-09-12,-0.0015633960138890812,0,0,0
2024-09-13,0.014428969696460826,0,1,1
2024-09-18,-0.0010286655686937338,0,0,0
2024-09-19,0.0015426018176498493,0,0,0
2024-09-20,0.01147735034133094,0,1,1
2024-09-23,0.0076238393822493184,0,0,0
2024-09-24,-0.0015133938216163778,0,0,0
2024-09-25,0.0069093013419192365,0,0,0
2024-09-26,0.002570395152787246,0,0,0
2024-09-27,-0.0008004536331071866,0,0,0
2024-09-30,-0.004514529379032371,0,0,0
2024-10-08,-0.0008382651755808312,0,0,0
2024-10-09,-0.012930850847318154,1,0,-1
2024-10-10,0.003629398689180831,0,0,0
2024-10-11,0.011245152501977603,0,1,1
2024-10-14,0.009861158631548683,0,1,1
2024-10-15,0.0005634083036336533,0,0,0
2024-10-16,0.013721608489420056,0,1,1
2024-10-17,0.003718689045280743,0,0,0
2024-10-18,0.00778390723520283,0,0,0
2024-10-21,0.010860591296209273,0,1,1
2024-10-22,0.0010859845196602284,0,0,0
2024-10-23,0.005507550970256972,0,0,0
2024-10-24,-0.008640946550948055,0,0,0
2024-10-25,0.00028817059898770457,0,0,0
2024-10-28,0.002972910365092544,0,0,0
2024-10-29,0.00829642864847246,0,0,0
2024-10-30,0.010736709931521687,0,1,1
2024-10-31,-0.004645769099172681,0,0,0
2024-11-01,-0.00938855305390542,1,0,-1
2024-11-04,-0.006915811167142354,0,0,0
2024-11-05,-0.0005758157548735089,0,0,0
2024-11-06,-0.0015371316313157705,0,0,0
2024-11-07,-0.020625963933460962,1,0,-1
2024-11-08,0.006781897529541656,0,0,0
2024-11-11,0.00048730569650058805,0,0,0
2024-11-12,-0.01657098437284625,1,0,-1
2024-11-13,-0.0019832750360920985,0,0,0
2024-11-14,-0.01897247863205871,1,0,-1
2024-11-15,0.0003371544199165918,0,0,0
2024-11-18,0.012228982284632511,0,1,1
2024-11-19,0.01526747213078838,0,1,1
2024-11-20,0.0012454526207591808,0,0,0
2024-11-21,0.015180618861886987,0,1,1
2024-11-22,0.012726366244341609,0,1,1
2024-11-25,-0.013985344701329505,1,0,-1
2024-11-26,-0.013528661620695862,1,0,-1
2024-11-27,0.00915837901381545,0,0,0
2024-11-28,-0.005302291101137089,0,0,0
2024-11-29,0.009090971701251884,0,0,0
2024-12-02,-0.008960517066666066,1,0,-1
2024-12-03,0.009800500316391165,0,1,1
2024-12-04,-0.0017777207842871253,0,0,0
2024-12-05,0.000291116108863128,0,0,0
2024-12-06,-0.003985941081035919,0,0,0
2024-12-09,0.0051495587700275715,0,0,0
2024-12-10,0.0037402507007018794,0,0,0
2024-12-11,0.00900286417156177,0,0,0
2024-12-12,0.0068656701463085746,0,0,0
2024-12-13,-0.009196710749674444,1,0,-1
2024-12-16,-0.009443426103010202,1,0,-1
2024-12-17,-0.0009363447724131579,0,0,0
2024-12-18,-0.0010342265231353107,0,0,0
2024-12-19,-0.008084328375938843,0,0,0
2024-12-20,0.0006843400459343531,0,0,0
2024-12-23,0.010048055497772351,0,1,1
2024-12-24,-0.004136644233787426,0,0,0
2024-12-25,0.0022966579180730183,0,0,0
2024-12-26,0.001194762562001021,0,0,0
2024-12-27,0.000774218561851387,0,0,0
2024-12-30,-0.004136109557595482,0,0,0
2024-12-31,-9.714554028643033e-05,0,0,0
2025-01-02,0.007741974153615459,0,0,0
2025-01-03,0.008893497307935021,0,0,0
2025-01-06,-0.004852828628414471,0,0,0
2025-01-07,0.00016000768071002344,0,0,0
2025-01-08,0.004692820947704384,0,0,0
2025-01-09,0.005304715201463109,0,0,0
2025-01-10,0.006567960710052958,0,0,0
2025-01-13,0.002640265560176206,0,0,0
2025-01-14,-0.005571571143593062,0,0,0
2025-01-15,0.005100606127587822,0,0,0
2025-01-16,0.003573783545982592,0,0,0
2025-01-17,0.00243788212630852,0,0,0
2025-01-20,-0.0013744847846775333,0,0,0
2025-01-21,-3.1260257274433964e-05,0,0,0
2025-01-22,0.008838873641411626,0,0,0
2025-01-23,0.0011458124908434043,0,0,0
2025-01-24,0.004169568236724831,0,0,0
2025-01-27,-0.002098053899716297,0,0,0
2025-02-05,0.03505191260219535,0,1,1
2025-02-06,-0.003255921030321743,0,0,0
2025-02-07,0.002151888214941665,0,0,0
2025-02-10,0.013610493428210952,0,1,1
2025-02-11,0.00975960619512877,0,1,1
2025-02-12,-0.006613238826999193,0,0,0
2025-02-13,0.004890987799236859,0,0,0
2025-02-14,0.005593768227585065,0,0,0
2025-02-17,-0.016551091845784634,1,0,-1
2025-02-18,0.008412309153779943,0,0,0
2025-02-19,0.007266816352786251,0,0,0
2025-02-20,0.0031934995931392316,0,0,0
2025-02-21,-0.008090611927535326,0,0,0
2025-02-24,0.0022474871181638514,0,0,0
2025-02-25,-0.0005832774524488808,0,0,0
2025-02-26,-0.00902570229710135,1,0,-1
2025-02-27,-0.0035682201201084297,0,0,0
2025-02-28,-0.00723437690253373,0,0,0
2025-03-03,0.0004165055247192057,0,0,0
2025-03-04,0.0065519571483591095,0,0,0
2025-03-05,0.007858875750974352,0,0,0
2025-03-06,-0.002230702421921755,0,0,0
2025-03-07,-0.0017057322607619532,0,0,0
2025-03-10,0.0029684513854769403,0,0,0
2025-03-11,-0.0057981414184063345,0,0,0
2025-03-12,0.002947420195532846,0,0,0
2025-03-13,0.007243114814789698,0,0,0
2025-03-14,0.015165645223161514,0,1,1
2025-03-17,0.0014091597701748916,0,0,0
2025-03-18,0.006816385654648306,0,0,0
2025-03-19,0.009431620155602767,0,0,0
2025-03-20,0.004457492005064238,0,0,0
2025-03-21,-0.004994860327406319,0,0,0
2025-03-24,0.00025457888547087836,0,0,0
2025-03-25,-0.0005375203467704379,0,0,0
2025-03-26,0.003192589130529781,0,0,0
2025-03-27,0.0018036811247849824,0,0,0
2025-03-28,0.017445142714309213,0,1,1
2025-03-31,0.00963796528427388,0,1,1
2025-04-01,0.008867120372323956,0,0,0
2025-04-02,-0.003673723432415994,0,0,0
2025-04-03,0.007388125740040024,0,0,0
2025-04-07,-0.028631812674327153,1,0,-1
2025-04-08,0.0014470574390954324,0,0,0
2025-04-09,0.012326045953176209,0,1,1
2025-04-10,0.022192650696098683,0,1,1
2025-04-11,0.017073488023438423,0,1,1
2025-04-14,0.008336997806681576,0,0,0
2025-04-15,0.0010470656943221087,0,0,0
2025-04-16,0.022199561107792434,0,1,1
2025-04-17,0.009702015217382318,0,1,1
2025-04-18,0.0022781359521153433,0,0,0
2025-04-21,0.017593556904450594,0,1,1
2025-04-22,0.03221827353615736,0,1,1
2025-04-23,-0.05836898289145757,1,0,-1
2025-04-24,0.010047785740595389,0,1,1
2025-04-25,-0.006331539449772613,0,0,0
2025-04-28,-0.009137145318003689,1,0,-1
2025-04-29,0.00651684541002158,0,0,0
2025-04-30,-0.006183584707346032,0,0,0
2025-05-06,0.021427127215924203,0,1,1
2025-05-07,0.007871596838927493,0,0,0
2025-05-08,-0.01595738504563843,1,0,-1
2025-05-09,-0.0029888573415347373,0,0,0
2025-05-12,-0.02068376422277809,1,0,-1
2025-05-13,-0.005974198916286189,0,0,0
2025-05-14,-0.007793945560713736,0,0,0
2025-05-15,-0.02917212072407959,1,0,-1
2025-05-16,0.016063417763541213,0,1,1
2025-05-19,0.005385842715376686,0,0,0
2025-05-20,-0.001959954012309452,0,0,0
2025-05-21,0.031832372800994,0,1,1
2025-05-22,0.0016935239601284595,0,0,0
2025-05-23,0.0,0,0,0
2025-05-26,-0.0035957403580936125,0,0,0
2025-05-27,-0.007360095204599889,0,0,0
2025-05-28,0.0008808975360419033,0,0,0
2025-05-29,-0.010360628925964111,1,0,-1
2025-05-30,0.009738899461866606,0,1,1
2025-06-03,0.014534952653373614,0,1,1
2025-06-04,-0.0008687209908082488,0,0,0
2025-06-05,0.0016601329364824143,0,0,0
2025-06-06,-0.000612651267439729,0,0,0
2025-06-09,-0.010937488685432687,1,0,-1
2025-06-10,0.0004387719617683802,0,0,0
2025-06-11,0.003194643963916059,0,0,0
2025-06-12,0.009752428994269638,0,1,1
2025-06-13,0.011649240326316224,0,1,1
2025-06-16,-0.0025966510247677245,0,0,0
2025-06-17,-0.009154484553317865,1,0,-1
2025-06-18,0.00043298313315713686,0,0,0
2025-06-19,-0.005336205582344943,0,0,0
2025-06-20,-0.0034106532530026137,0,0,0
2025-06-23,0.0034874512870106057,0,0,0
2025-06-24,-0.012156012573564115,1,0,-1
2025-06-25,0.0026911647759654735,0,0,0
2025-06-26,0.0017299032211946558,0,0,0
2025-06-27,-0.00860153497473053,0,0,0
2025-06-30,-0.0013800108945653668,0,0,0
2025-07-01,0.011038669303094564,0,1,1
2025-07-02,-7.731261359146412e-05,0,0,0
2025-07-03,0.006729535066848485,0,0,0
2025-07-04,-0.005416032849799341,0,0,0
2025-07-07,-0.0074401645235973686,0,0,0
2025-07-08,0.006358582217912133,0,0,0
2025-07-09,-0.012183891906067917,1,0,-1
2025-07-10,0.008414978363191907,0,0,0
2025-07-11,0.0003361648791079271,0,0,0
2025-07-14,0.010083946126872436,0,1,1
2025-07-15,-0.0012805738720140622,0,0,0
2025-07-16,-0.0048039345851467906,0,0,0
2025-07-17,-0.0004893943199149997,0,0,0
2025-07-18,0.0009528102182243105,0,0,0
2025-07-21,0.006004945164166194,0,0,0
2025-07-22,0.004008840125616016,0,0,0
2025-07-23,0.01021723492645221,0,1,1
2025-07-24,-0.01801988135063062,1,0,-1
2025-07-25,-0.0018251229312198263,0,0,0
2025-07-28,-0.00327298790988749,0,0,0
2025-07-29,-0.004320219884486107,0,0,0
2025-07-30,0.0030286972583011148,0,0,0
2025-07-31,-0.004533510348743087,0,0,0
2025-08-01,0.000571057770223588,0,0,0
2025-08-04,0.013787634497254288,0,1,1
2025-08-05,0.0013811450351431359,0,0,0
2025-08-06,0.0015068513494946685,0,0,0
2025-08-07,0.001708421401060659,0,0,0
2025-08-08,0.0035350553719419825,0,0,0
2025-08-11,-0.010617219840871784,1,0,-1
2025-08-12,-0.004422965449432043,0,0,0
2025-08-13,0.002162496981123235,0,0,0
2025-08-14,0.0012593003553155902,0,0,0
2025-08-15,-0.0037311075770736927,0,0,0
2025-08-18,0.0023946556574718234,0,0,0
2025-08-19,-0.0033489649518766273,0,0,0
2025-08-20,-0.003075454373369697,0,0,0
2025-08-21,0.0031528647386562807,0,0,0
2025-08-22,-0.002221476903551998,0,0,0
2025-08-25,0.0074457054745871495,0,0,0
2025-08-26,0.0024867025568114844,0,0,0
2025-08-27,5.1207209986410705e-05,0,0,0
2025-08-28,0.0026336327371655668,0,0,0
2025-08-29,0.002422945189846002,0,0,0
2025-09-01,0.019474910440607285,0,1,1
2025-09-02,0.004685717162064684,0,0,0
2025-09-03,0.013043663192029398,0,1,1
2025-09-04,-0.0023343541370773172,0,0,0
2025-09-05,0.003217529701082991,0,0,0
2025-09-08,0.008862038150517587,0,0,0
2025-09-09,0.014022699516898069,0,1,1
2025-09-10,-0.001271059587158373,0,0,0
2025-09-11,-0.0031726982508385434,0,0,0
2025-09-12,0.0041321380116602,0,0,0
2025-09-15,-0.0031456005575211036,0,0,0
2025-09-16,0.012523465621611093,0,1,1
2025-09-17,-0.00834749296070986,0,0,0
2025-09-18,-0.00994051148287943,1,0,-1
2025-09-19,0.004513154917039163,0,0,0
2025-09-22,0.019010029494271122,0,1,1
2025-09-23,0.010505754875211208,0,1,1
2025-09-24,0.005316432799152244,0,0,0
2025-09-25,-0.006158459325957315,0,0,0
2025-09-26,0.0015665372216581471,0,0,0
2025-09-29,0.01214472310783629,0,1,1
2025-09-30,0.00905274661123831,0,0,0
2025-10-09,0.04464268272701371,0,1,1
2025-10-10,-0.014054023420273065,1,0,-1
2025-10-13,0.02843088624716533,0,1,1
2025-10-14,0.01223669731066963,0,1,1
2025-10-15,0.022493208699434573,0,1,1
2025-10-16,0.00631113390430371,0,0,0
2025-10-17,0.03395673664882714,0,1,1
2025-10-20,-0.029929344978844814,1,0,-1
2025-10-21,0.02417165300726432,0,1,1
2025-10-22,-0.042644469864969954,1,0,-1
2025-10-23,-0.010850626818513889,1,0,-1
2025-10-24,-0.00444591719250035,0,0,0
2025-10-27,-0.004230233202267159,0,0,0
2025-10-28,-0.03569939762725084,1,0,-1
2025-10-29,0.010484242900384551,0,1,1
2025-10-30,0.0014042480804999802,0,0,0
2025-10-31,0.010643038612891861,0,1,1
2025-11-03,0.0007156411256903435,0,0,0
2025-11-04,-0.007616348781842391,0,0,0
2025-11-05,-0.0036327070761639204,0,0,0
2025-11-06,0.0060544647968855505,0,0,0
2025-11-07,0.003762796300725139,0,0,0
2025-11-10,0.015851810466477552,0,1,1
2025-11-11,0.013688232993084463,0,1,1
2025-11-12,-0.00329350464496093,0,0,0
2025-11-13,0.01621447389396327,0,1,1
2025-11-14,-0.008378565745435562,0,0,0
2025-11-17,-0.02522097287826044,1,0,-1
2025-11-18,-0.011840093295657068,1,0,-1
2025-11-19,0.01991960318775264,0,1,1
2025-11-20,-0.0016448953219069808,0,0,0
2025-11-21,-0.009149548364501861,1,0,-1
2025-11-24,0.0036397744327745047,0,0,0
2025-11-25,0.017242357664589748,0,1,1
2025-11-26,0.00023240827900644496,0,0,0
2025-11-27,0.0004646545799273503,0,0,0
2025-11-28,0.007111776981395272,0,0,0
2025-12-01,0.009764317094256998,0,1,1
2025-12-02,-0.005058032326992253,0,0,0
2025-12-03,-0.001796232572849638,0,0,0
2025-12-04,-0.0034343425794050317,0,0,0
2025-12-05,0.00796051130840302,0,0,0
2025-12-08,-0.002437831330168668,0,0,0
2025-12-09,-0.007496475344386482,0,0,0
2025-12-10,0.005094510845605259,0,0,0
2025-12-11,0.001567152804676468,0,0,0
2025-12-12,0.013232864104166958,0,1,1
2025-12-15,0.012795621448710616,0,1,1
2025-12-16,-0.01201295540117817,1,0,-1
2025-12-17,0.008507898014255147,0,0,0
2025-12-18,0.0007958290816003858,0,0,0
2025-12-19,-0.0006121199946282452,0,0,0
2025-12-22,0.021164383752246267,0,1,1
2025-12-23,0.013279933141837256,0,1,1
2025-12-24,0.00043372829574129775,0,0,0
2025-12-25,-0.00585143803759111,0,0,0
2025-12-26,0.007446727349714324,0,0,0
2025-12-29,-0.00901423464012521,1,0,-1
2025-12-30,-0.022430434073974877,1,0,-1
2025-12-31,-0.007419520379672109,0,0,0
