index,symbol,date,open,high,low,close,volume,open_interest,turnover,settle,pre_settle,variety
37,PB1505,2015-03-27,12500.0,12505.0,12385.0,12425.0,2142,11914,,12435.0,12475.0,PB
37,PB1505,2015-03-30,12435.0,12500.0,12375.0,12415.0,2634,10370,,12440.0,12435.0,PB
37,PB1505,2015-03-31,12420.0,12470.0,12365.0,12385.0,2692,9322,,12415.0,12440.0,PB
37,PB1505,2015-04-01,12370.0,12480.0,12270.0,12450.0,2550,8592,,12385.0,12415.0,PB
37,PB1505,2015-04-02,12435.0,12570.0,12390.0,12520.0,2938,7856,,12495.0,12385.0,PB
38,PB1506,2015-04-03,12500.0,12660.0,12470.0,12660.0,3832,13422,,12565.0,12470.0,PB
38,PB1506,2015-04-07,12700.0,12730.0,12600.0,12690.0,2112,13736,,12665.0,12565.0,PB
38,PB1506,2015-04-08,12725.0,12840.0,12625.0,12680.0,3878,14410,,12710.0,12665.0,PB
38,PB1506,2015-04-09,12715.0,12820.0,12680.0,12810.0,6694,16172,,12760.0,12710.0,PB
38,PB1506,2015-04-10,12860.0,13270.0,12830.0,13270.0,13692,18306,,13030.0,12760.0,PB
38,PB1506,2015-04-13,13450.0,13500.0,13210.0,13320.0,23234,20444,,13365.0,13030.0,PB
38,PB1506,2015-04-14,13305.0,13355.0,12870.0,12925.0,19678,18842,,13075.0,13365.0,PB
38,PB1506,2015-04-15,13000.0,13260.0,12935.0,13180.0,11186,17790,,13100.0,13075.0,PB
37,PB1506,2015-04-16,13150.0,13365.0,13130.0,13290.0,15764,17238,,13250.0,13100.0,PB
37,PB1506,2015-04-17,13410.0,13720.0,13385.0,13540.0,22928,17714,,13560.0,13250.0,PB
37,PB1506,2015-04-20,13510.0,13660.0,13410.0,13565.0,14726,16558,,13555.0,13560.0,PB
37,PB1506,2015-04-21,13520.0,13645.0,13445.0,13475.0,9088,15672,,13530.0,13555.0,PB
37,PB1506,2015-04-22,13485.0,13750.0,13480.0,13725.0,10376,16494,,13630.0,13530.0,PB
37,PB1506,2015-04-23,13720.0,13740.0,13210.0,13490.0,13940,16980,,13595.0,13630.0,PB
37,PB1506,2015-04-24,13490.0,13545.0,13355.0,13495.0,8382,16286,,13460.0,13595.0,PB
37,PB1506,2015-04-27,13620.0,13840.0,13595.0,13755.0,13520,16370,,13720.0,13460.0,PB
37,PB1506,2015-04-28,13780.0,13885.0,13680.0,13740.0,8828,15412,,13790.0,13720.0,PB
37,PB1506,2015-04-29,13800.0,13820.0,13650.0,13730.0,5294,15020,,13725.0,13790.0,PB
37,PB1506,2015-04-30,13785.0,13865.0,13745.0,13790.0,5512,13776,,13795.0,13725.0,PB
38,PB1507,2015-05-04,13885.0,13900.0,13755.0,13900.0,3118,12438,,13845.0,13805.0,PB
38,PB1507,2015-05-05,13870.0,14030.0,13510.0,13790.0,5478,12806,,13805.0,13845.0,PB
38,PB1507,2015-05-06,13900.0,13980.0,13840.0,13910.0,6580,14300,,13935.0,13805.0,PB
38,PB1507,2015-05-07,13880.0,13880.0,13445.0,13485.0,13254,15448,,13650.0,13935.0,PB
38,PB1507,2015-05-08,13555.0,13585.0,13360.0,13560.0,8424,15468,,13490.0,13650.0,PB
38,PB1507,2015-05-11,13520.0,13630.0,13450.0,13495.0,5804,15762,,13505.0,13490.0,PB
38,PB1507,2015-05-12,13450.0,13450.0,13295.0,13320.0,7050,15628,,13375.0,13505.0,PB
38,PB1507,2015-05-13,13445.0,13675.0,13380.0,13620.0,6946,15334,,13490.0,13375.0,PB
38,PB1507,2015-05-14,13580.0,13600.0,13405.0,13550.0,5860,15068,,13485.0,13490.0,PB
38,PB1507,2015-05-15,13480.0,13530.0,13300.0,13360.0,7082,14858,,13385.0,13485.0,PB
37,PB1507,2015-05-18,13345.0,13460.0,13265.0,13410.0,5910,15244,,13375.0,13385.0,PB
37,PB1507,2015-05-19,13385.0,13500.0,13320.0,13335.0,5104,15034,,13385.0,13375.0,PB
37,PB1507,2015-05-20,13240.0,13300.0,13155.0,13180.0,6986,15286,,13225.0,13385.0,PB
37,PB1507,2015-05-21,13165.0,13340.0,13095.0,13270.0,6224,14688,,13200.0,13225.0,PB
37,PB1507,2015-05-22,13280.0,13465.0,13280.0,13380.0,6554,14442,,13355.0,13200.0,PB
37,PB1507,2015-05-25,13270.0,13280.0,13180.0,13275.0,6012,13632,,13235.0,13355.0,PB
37,PB1507,2015-05-26,13265.0,13425.0,13235.0,13250.0,3876,13008,,13335.0,13235.0,PB
37,PB1507,2015-05-27,13200.0,13340.0,13170.0,13310.0,5060,12966,,13275.0,13335.0,PB
37,PB1507,2015-05-28,13260.0,13380.0,13260.0,13355.0,3404,12560,,13330.0,13275.0,PB
37,PB1507,2015-05-29,13415.0,13445.0,13300.0,13415.0,4658,11596,,13380.0,13330.0,PB
37,PB1507,2015-06-01,13310.0,13360.0,13210.0,13285.0,3602,10496,,13265.0,13380.0,PB
37,PB1507,2015-06-02,13210.0,13300.0,13180.0,13220.0,3774,9378,,13235.0,13265.0,PB
37,PB1507,2015-06-03,13240.0,13295.0,13100.0,13100.0,2926,8524,,13225.0,13235.0,PB
38,PB1508,2015-06-04,13110.0,13240.0,13040.0,13215.0,3774,10862,,13150.0,13175.0,PB
38,PB1508,2015-06-05,13205.0,13260.0,13100.0,13100.0,2768,11250,,13155.0,13150.0,PB
38,PB1508,2015-06-08,13100.0,13185.0,13030.0,13110.0,4436,11754,,13095.0,13155.0,PB
38,PB1508,2015-06-09,13135.0,13260.0,13135.0,13150.0,4604,12020,,13190.0,13095.0,PB
38,PB1508,2015-06-10,13200.0,13240.0,13165.0,13225.0,4424,12108,,13220.0,13190.0,PB
38,PB1508,2015-06-11,13260.0,13295.0,13155.0,13165.0,2802,12018,,13225.0,13220.0,PB
38,PB1508,2015-06-12,13135.0,13165.0,12800.0,12835.0,7256,12060,,12940.0,13225.0,PB
38,PB1508,2015-06-15,12855.0,12905.0,12770.0,12775.0,6566,12106,,12855.0,12940.0,PB
37,PB1508,2015-06-16,12720.0,12795.0,12650.0,12750.0,10040,14392,,12730.0,12855.0,PB
37,PB1508,2015-06-17,12720.0,12780.0,12650.0,12705.0,4658,14024,,12740.0,12730.0,PB
37,PB1508,2015-06-18,12750.0,12990.0,12725.0,12985.0,6972,13550,,12900.0,12740.0,PB
37,PB1508,2015-06-19,12970.0,13020.0,12905.0,12920.0,4800,12914,,12960.0,12900.0,PB
37,PB1508,2015-06-23,12850.0,13095.0,12850.0,13080.0,3100,13032,,13015.0,12960.0,PB
37,PB1508,2015-06-24,13080.0,13230.0,13040.0,13225.0,5368,13096,,13160.0,13015.0,PB
37,PB1508,2015-06-25,13235.0,13290.0,13110.0,13135.0,3312,12946,,13165.0,13160.0,PB
37,PB1508,2015-06-26,13135.0,13140.0,13040.0,13100.0,4758,13216,,13100.0,13165.0,PB
37,PB1508,2015-06-29,13080.0,13080.0,12755.0,12820.0,3746,13106,,13000.0,13100.0,PB
37,PB1508,2015-06-30,12750.0,12920.0,12710.0,12795.0,4462,13850,,12800.0,13000.0,PB
37,PB1508,2015-07-01,12795.0,12835.0,12435.0,12770.0,3752,13668,,12660.0,12800.0,PB
37,PB1508,2015-07-02,12840.0,13130.0,12705.0,13100.0,3934,13450,,12970.0,12660.0,PB
38,PB1509,2015-07-03,12900.0,12990.0,12790.0,12865.0,2672,12318,,12890.0,12830.0,PB
37,PB1508,2015-07-06,12895.0,12920.0,12660.0,12715.0,2456,12822,,12795.0,13020.0,PB
37,PB1508,2015-07-07,12785.0,12880.0,12655.0,12690.0,2420,12234,,12785.0,12795.0,PB
38,PB1509,2015-07-08,12570.0,12590.0,12150.0,12150.0,11978,12608,,12335.0,12660.0,PB
38,PB1509,2015-07-09,12300.0,12825.0,12300.0,12810.0,9282,12502,,12695.0,12335.0,PB
38,PB1509,2015-07-10,12905.0,13160.0,12800.0,12910.0,5498,12382,,12970.0,12695.0,PB
38,PB1509,2015-07-13,12970.0,12975.0,12770.0,12840.0,2768,12498,,12865.0,12970.0,PB
38,PB1509,2015-07-14,13040.0,13260.0,13015.0,13255.0,5634,12900,,13155.0,12865.0,PB
38,PB1509,2015-07-15,13155.0,13215.0,13065.0,13180.0,4496,12566,,13150.0,13155.0,PB
37,PB1509,2015-07-16,13210.0,13290.0,13015.0,13190.0,4818,12624,,13130.0,13150.0,PB
37,PB1509,2015-07-17,13045.0,13190.0,13035.0,13115.0,3396,12524,,13100.0,13130.0,PB
37,PB1509,2015-07-20,13080.0,13225.0,13020.0,13110.0,2728,12382,,13125.0,13100.0,PB
37,PB1509,2015-07-21,13020.0,13190.0,13020.0,13095.0,3028,12166,,13115.0,13125.0,PB
37,PB1509,2015-07-22,13020.0,13075.0,12825.0,12870.0,4448,11654,,12945.0,13115.0,PB
37,PB1509,2015-07-23,12865.0,13000.0,12760.0,12960.0,3884,11174,,12895.0,12945.0,PB
37,PB1509,2015-07-24,12855.0,12950.0,12680.0,12730.0,3828,11038,,12780.0,12895.0,PB
37,PB1509,2015-07-27,12705.0,12860.0,12705.0,12815.0,2798,11150,,12790.0,12780.0,PB
37,PB1509,2015-07-28,12740.0,12850.0,12730.0,12815.0,2968,10382,,12790.0,12790.0,PB
37,PB1509,2015-07-29,12895.0,13200.0,12845.0,13200.0,4792,10268,,13080.0,12790.0,PB
37,PB1509,2015-07-30,13160.0,13265.0,13125.0,13220.0,4682,9848,,13175.0,13080.0,PB
37,PB1509,2015-07-31,13195.0,13200.0,13075.0,13130.0,2888,9806,,13150.0,13175.0,PB
38,PB1510,2015-08-03,12995.0,13070.0,12830.0,12850.0,3454,17236,,12970.0,13015.0,PB
38,PB1510,2015-08-04,12825.0,12880.0,12650.0,12855.0,5074,17350,,12760.0,12970.0,PB
38,PB1510,2015-08-05,12975.0,13015.0,12900.0,12920.0,4262,17806,,12930.0,12760.0,PB
38,PB1510,2015-08-06,12890.0,12930.0,12820.0,12910.0,2720,17974,,12875.0,12930.0,PB
38,PB1510,2015-08-07,12830.0,12870.0,12760.0,12800.0,4470,18162,,12815.0,12875.0,PB
38,PB1510,2015-08-10,12765.0,13110.0,12725.0,13060.0,5364,18396,,12915.0,12815.0,PB
38,PB1510,2015-08-11,13055.0,13320.0,13050.0,13250.0,7508,18558,,13165.0,12915.0,PB
38,PB1510,2015-08-12,13180.0,13285.0,13100.0,13255.0,9050,18230,,13185.0,13165.0,PB
38,PB1510,2015-08-13,13295.0,13520.0,13120.0,13430.0,9678,18708,,13360.0,13185.0,PB
38,PB1510,2015-08-14,13310.0,13395.0,13180.0,13215.0,4536,18250,,13295.0,13360.0,PB
38,PB1510,2015-08-17,13290.0,13395.0,13170.0,13375.0,5344,18664,,13280.0,13295.0,PB
37,PB1510,2015-08-18,13310.0,13380.0,13190.0,13205.0,6028,18150,,13315.0,13280.0,PB
37,PB1510,2015-08-19,13160.0,13300.0,13025.0,13295.0,5774,17584,,13145.0,13315.0,PB
37,PB1510,2015-08-20,13300.0,13395.0,13260.0,13370.0,5446,17940,,13330.0,13145.0,PB
37,PB1510,2015-08-21,13475.0,13860.0,13070.0,13205.0,6640,17564,,13370.0,13330.0,PB
37,PB1510,2015-08-24,13210.0,13480.0,13035.0,13050.0,6948,17742,,13130.0,13370.0,PB
37,PB1510,2015-08-25,12980.0,13245.0,12725.0,13140.0,8852,17560,,13080.0,13130.0,PB
37,PB1510,2015-08-26,13240.0,13425.0,13170.0,13205.0,7226,17318,,13300.0,13080.0,PB
37,PB1510,2015-08-27,13145.0,13375.0,13115.0,13355.0,6356,16684,,13255.0,13300.0,PB
37,PB1510,2015-08-28,13360.0,13590.0,13320.0,13415.0,7368,16254,,13440.0,13255.0,PB
37,PB1510,2015-08-31,13520.0,13520.0,13300.0,13345.0,4302,16028,,13370.0,13440.0,PB
37,PB1510,2015-09-01,13325.0,13415.0,13200.0,13330.0,3040,15268,,13320.0,13370.0,PB
37,PB1510,2015-09-02,13370.0,13490.0,13300.0,13490.0,2590,14598,,13400.0,13320.0,PB
38,PB1511,2015-09-07,13230.0,13425.0,13225.0,13310.0,3138,14884,,13340.0,13265.0,PB
38,PB1511,2015-09-08,13315.0,13355.0,13070.0,13130.0,5658,15048,,13195.0,13340.0,PB
38,PB1511,2015-09-09,13170.0,13380.0,13170.0,13320.0,7502,15040,,13325.0,13195.0,PB
38,PB1511,2015-09-10,13320.0,13430.0,13280.0,13410.0,4952,15382,,13355.0,13325.0,PB
38,PB1511,2015-09-11,13410.0,13465.0,13280.0,13395.0,5088,15090,,13395.0,13355.0,PB
38,PB1511,2015-09-14,13320.0,13420.0,13220.0,13240.0,3756,14714,,13285.0,13395.0,PB
38,PB1511,2015-09-15,13175.0,13300.0,13145.0,13205.0,5506,13470,,13230.0,13285.0,PB
37,PB1511,2015-09-16,13210.0,13375.0,13210.0,13320.0,3944,12866,,13310.0,13230.0,PB
37,PB1511,2015-09-17,13330.0,13385.0,13290.0,13335.0,3274,13122,,13345.0,13310.0,PB
37,PB1511,2015-09-18,13300.0,13360.0,13260.0,13320.0,2394,13312,,13325.0,13345.0,PB
37,PB1511,2015-09-21,13245.0,13305.0,12995.0,13145.0,8662,13254,,13170.0,13325.0,PB
37,PB1511,2015-09-22,13190.0,13245.0,13095.0,13135.0,5824,13126,,13160.0,13170.0,PB
37,PB1511,2015-09-23,13060.0,13200.0,13000.0,13185.0,7170,12882,,13110.0,13160.0,PB
37,PB1511,2015-09-24,13195.0,13300.0,13145.0,13285.0,5962,13130,,13215.0,13110.0,PB
37,PB1511,2015-09-25,13245.0,13315.0,13220.0,13290.0,5170,13346,,13270.0,13215.0,PB
37,PB1511,2015-09-28,13270.0,13290.0,13115.0,13120.0,3444,12752,,13205.0,13270.0,PB
37,PB1511,2015-09-29,12990.0,13170.0,12940.0,13135.0,6802,12776,,13060.0,13205.0,PB
37,PB1511,2015-09-30,13200.0,13835.0,13190.0,13585.0,10904,12498,,13330.0,13060.0,PB
37,PB1511,2015-10-08,13590.0,13590.0,13360.0,13360.0,3888,11694,,13450.0,13330.0,PB
37,PB1511,2015-10-09,13345.0,13690.0,13115.0,13550.0,6108,10992,,13500.0,13450.0,PB
38,PB1512,2015-10-12,13650.0,13825.0,13515.0,13655.0,6598,14394,,13650.0,13475.0,PB
38,PB1512,2015-10-13,13750.0,13750.0,13480.0,13590.0,5548,14788,,13580.0,13650.0,PB
38,PB1512,2015-10-14,13540.0,13600.0,13515.0,13560.0,3632,15294,,13565.0,13580.0,PB
38,PB1512,2015-10-15,13580.0,13665.0,13485.0,13490.0,4062,15368,,13580.0,13565.0,PB
37,PB1512,2015-10-16,13555.0,13575.0,13380.0,13390.0,4662,15134,,13495.0,13580.0,PB
37,PB1512,2015-10-19,13425.0,13540.0,13410.0,13480.0,3888,15590,,13475.0,13495.0,PB
37,PB1512,2015-10-20,13470.0,13880.0,13400.0,13435.0,4004,15074,,13450.0,13475.0,PB
37,PB1512,2015-10-21,13460.0,13485.0,13180.0,13185.0,5592,15562,,13380.0,13450.0,PB
37,PB1512,2015-10-22,13180.0,13350.0,13030.0,13215.0,11872,14330,,13170.0,13380.0,PB
37,PB1512,2015-10-23,13290.0,13385.0,13125.0,13270.0,7058,14192,,13235.0,13170.0,PB
37,PB1512,2015-10-26,13280.0,13340.0,13165.0,13235.0,5270,13968,,13230.0,13235.0,PB
37,PB1512,2015-10-27,13235.0,13350.0,13195.0,13330.0,7110,13788,,13275.0,13230.0,PB
37,PB1512,2015-10-28,13305.0,13330.0,13220.0,13270.0,3632,13934,,13270.0,13275.0,PB
37,PB1512,2015-10-29,13230.0,13410.0,13210.0,13365.0,8370,14236,,13335.0,13270.0,PB
37,PB1512,2015-10-30,13300.0,13360.0,13170.0,13220.0,6850,13518,,13270.0,13335.0,PB
37,PB1512,2015-11-02,13175.0,13205.0,13045.0,13055.0,6690,12084,,13145.0,13270.0,PB
37,PB1512,2015-11-03,13060.0,13175.0,13040.0,13070.0,2894,11480,,13105.0,13145.0,PB
37,PB1512,2015-11-04,13005.0,13240.0,12910.0,13205.0,3470,11336,,13100.0,13105.0,PB
37,PB1512,2015-11-05,13175.0,13290.0,13010.0,13025.0,3676,10906,,13105.0,13100.0,PB
37,PB1512,2015-11-06,12970.0,13060.0,12950.0,13035.0,4148,10218,,12985.0,13105.0,PB
37,PB1512,2015-11-09,13035.0,13070.0,12955.0,12985.0,2160,9772,,13005.0,12985.0,PB
37,PB1512,2015-11-10,13095.0,13095.0,12760.0,12870.0,3998,9070,,12900.0,13005.0,PB
38,PB1601,2015-11-11,12735.0,12765.0,12570.0,12660.0,3744,10684,,12675.0,12805.0,PB
38,PB1601,2015-11-12,12650.0,12750.0,12450.0,12675.0,9020,11626,,12630.0,12675.0,PB
38,PB1601,2015-11-13,12590.0,12750.0,12495.0,12600.0,7206,11760,,12630.0,12630.0,PB
38,PB1601,2015-11-16,12600.0,12700.0,12470.0,12480.0,5718,12492,,12620.0,12630.0,PB
37,PB1601,2015-11-17,12495.0,12535.0,12125.0,12260.0,12764,12956,,12300.0,12620.0,PB
37,PB1601,2015-11-18,12330.0,12385.0,12005.0,12150.0,12848,13998,,12155.0,12300.0,PB
37,PB1601,2015-11-19,12150.0,12275.0,11835.0,11960.0,15788,15754,,12005.0,12155.0,PB
37,PB1601,2015-11-20,11965.0,12365.0,11800.0,12280.0,20844,15970,,12090.0,12005.0,PB
37,PB1601,2015-11-23,12295.0,12420.0,11900.0,11980.0,19272,15160,,12120.0,12090.0,PB
37,PB1601,2015-11-24,11960.0,12505.0,11910.0,12455.0,19372,14846,,12260.0,12120.0,PB
37,PB1601,2015-11-25,12540.0,12660.0,12360.0,12565.0,15294,14244,,12520.0,12260.0,PB
37,PB1601,2015-11-26,12505.0,13020.0,12390.0,12815.0,17934,13224,,12740.0,12520.0,PB
37,PB1601,2015-11-27,12885.0,13020.0,12515.0,12605.0,14884,12886,,12700.0,12740.0,PB
37,PB1601,2015-11-30,12530.0,12725.0,12485.0,12690.0,12024,13036,,12585.0,12700.0,PB
37,PB1601,2015-12-01,12680.0,12850.0,12585.0,12765.0,10482,12054,,12745.0,12585.0,PB
37,PB1601,2015-12-02,12695.0,12915.0,12655.0,12790.0,7642,10538,,12820.0,12745.0,PB
38,PB1602,2015-12-03,12620.0,13000.0,12515.0,12565.0,5072,13222,,12615.0,12660.0,PB
38,PB1602,2015-12-04,12605.0,12800.0,12550.0,12800.0,8020,13978,,12675.0,12615.0,PB
38,PB1602,2015-12-07,12860.0,13035.0,12770.0,13020.0,8408,15392,,12890.0,12675.0,PB
38,PB1602,2015-12-08,13000.0,13030.0,12885.0,12920.0,9978,15982,,12965.0,12890.0,PB
38,PB1602,2015-12-09,12880.0,13035.0,12740.0,13035.0,10672,16448,,12900.0,12965.0,PB
38,PB1602,2015-12-10,13080.0,13125.0,12890.0,12890.0,12800,17286,,13015.0,12900.0,PB
38,PB1602,2015-12-11,12840.0,13105.0,12840.0,13100.0,11578,17780,,13005.0,13015.0,PB
38,PB1602,2015-12-14,13065.0,13175.0,13000.0,13110.0,10912,17474,,13085.0,13005.0,PB
38,PB1602,2015-12-15,13020.0,13175.0,12920.0,13000.0,11398,17362,,13080.0,13085.0,PB
37,PB1602,2015-12-16,12950.0,13050.0,12910.0,12915.0,9562,17564,,12975.0,13080.0,PB
37,PB1602,2015-12-17,12920.0,13120.0,12815.0,12825.0,17388,17560,,12960.0,12975.0,PB
37,PB1602,2015-12-18,12805.0,12860.0,12640.0,12815.0,23346,18136,,12750.0,12960.0,PB
37,PB1602,2015-12-21,12890.0,13085.0,12795.0,13070.0,15172,17784,,12915.0,12750.0,PB
37,PB1602,2015-12-22,13090.0,13160.0,12990.0,13005.0,12436,18466,,13070.0,12915.0,PB
37,PB1602,2015-12-23,13030.0,13145.0,12900.0,13090.0,11062,18328,,13040.0,13070.0,PB
37,PB1602,2015-12-24,13125.0,13210.0,13045.0,13045.0,13040,18184,,13145.0,13040.0,PB
37,PB1602,2015-12-25,13055.0,13190.0,13020.0,13145.0,7318,18312,,13105.0,13145.0,PB
37,PB1602,2015-12-28,13160.0,13165.0,12930.0,12960.0,7670,17592,,13020.0,13105.0,PB
37,PB1602,2015-12-29,12940.0,13040.0,12880.0,13000.0,8904,17644,,12980.0,13020.0,PB
37,PB1602,2015-12-30,13085.0,13215.0,13030.0,13060.0,13734,17626,,13115.0,12980.0,PB
37,PB1602,2015-12-31,13075.0,13185.0,13070.0,13170.0,9716,16978,,13145.0,13115.0,PB
37,PB1602,2016-01-04,13130.0,13335.0,13080.0,13145.0,9506,16534,,13185.0,13145.0,PB
38,PB1603,2016-01-05,13035.0,13220.0,13025.0,13220.0,7088,11892,,13120.0,13105.0,PB
38,PB1603,2016-01-06,13165.0,13200.0,13050.0,13140.0,8998,12506,,13115.0,13120.0,PB
38,PB1603,2016-01-07,13130.0,13170.0,12810.0,12845.0,6956,12144,,13035.0,13115.0,PB
38,PB1603,2016-01-08,12760.0,12950.0,12715.0,12915.0,10842,12006,,12835.0,13035.0,PB
38,PB1603,2016-01-11,12880.0,12945.0,12730.0,12740.0,6702,12224,,12810.0,12835.0,PB
38,PB1603,2016-01-12,12685.0,12735.0,12520.0,12555.0,8866,12904,,12635.0,12810.0,PB
38,PB1603,2016-01-13,12580.0,12735.0,12560.0,12715.0,8480,13564,,12670.0,12635.0,PB
38,PB1603,2016-01-14,12700.0,12875.0,12655.0,12835.0,9312,13712,,12780.0,12670.0,PB
38,PB1603,2016-01-15,12815.0,12925.0,12575.0,12585.0,12156,13382,,12755.0,12780.0,PB
37,PB1603,2016-01-18,12545.0,12900.0,12535.0,12890.0,12434,14094,,12770.0,12755.0,PB
37,PB1603,2016-01-19,12880.0,13020.0,12790.0,12995.0,9888,15188,,12905.0,12770.0,PB
37,PB1603,2016-01-20,13010.0,13055.0,12805.0,12870.0,8354,14306,,12925.0,12905.0,PB
37,PB1603,2016-01-21,12885.0,12910.0,12750.0,12775.0,7214,13912,,12830.0,12925.0,PB
37,PB1603,2016-01-22,12795.0,12890.0,12725.0,12795.0,10364,13834,,12810.0,12830.0,PB
37,PB1603,2016-01-25,12855.0,12895.0,12780.0,12810.0,5586,13404,,12825.0,12810.0,PB
37,PB1603,2016-01-26,12790.0,12980.0,12785.0,12920.0,7744,13876,,12895.0,12825.0,PB
37,PB1603,2016-01-27,13015.0,13250.0,12985.0,13215.0,10974,14810,,13115.0,12895.0,PB
37,PB1603,2016-01-28,13240.0,13265.0,13105.0,13145.0,6728,14830,,13180.0,13115.0,PB
37,PB1603,2016-01-29,13200.0,13695.0,13155.0,13475.0,21334,17226,,13375.0,13180.0,PB
37,PB1603,2016-02-01,13525.0,13770.0,13520.0,13650.0,21510,17350,,13655.0,13375.0,PB
37,PB1603,2016-02-02,13665.0,13735.0,13615.0,13680.0,15300,19120,,13670.0,13655.0,PB
37,PB1603,2016-02-03,13705.0,13825.0,13600.0,13775.0,14192,20580,,13735.0,13670.0,PB
37,PB1603,2016-02-04,13750.0,14115.0,13720.0,14045.0,12776,20542,,13910.0,13735.0,PB
37,PB1603,2016-02-05,14055.0,14055.0,13605.0,13815.0,7412,19610,,13855.0,13910.0,PB
38,PB1604,2016-02-15,13915.0,13915.0,13585.0,13745.0,5820,18364,,13755.0,13655.0,PB
37,PB1604,2016-02-16,13670.0,13785.0,13580.0,13590.0,9360,20256,,13675.0,13755.0,PB
37,PB1604,2016-02-17,13625.0,13685.0,13470.0,13510.0,9774,20548,,13560.0,13675.0,PB
37,PB1604,2016-02-18,13545.0,13550.0,13370.0,13485.0,12370,20786,,13460.0,13560.0,PB
37,PB1604,2016-02-19,13410.0,13700.0,13370.0,13655.0,17210,20630,,13520.0,13460.0,PB
37,PB1604,2016-02-22,13595.0,13870.0,13565.0,13860.0,15512,22436,,13710.0,13520.0,PB
37,PB1604,2016-02-23,13900.0,13930.0,13465.0,13590.0,13966,22742,,13660.0,13710.0,PB
37,PB1604,2016-02-24,13620.0,13630.0,13490.0,13555.0,8822,22820,,13555.0,13660.0,PB
37,PB1604,2016-02-25,13545.0,13760.0,13485.0,13520.0,13376,22992,,13610.0,13555.0,PB
37,PB1604,2016-02-26,13535.0,13660.0,13450.0,13610.0,13218,21900,,13530.0,13610.0,PB
37,PB1604,2016-02-29,13670.0,13835.0,13565.0,13650.0,16522,21462,,13695.0,13530.0,PB
37,PB1604,2016-03-01,13740.0,13795.0,13500.0,13660.0,8424,19862,,13635.0,13695.0,PB
37,PB1604,2016-03-02,13690.0,13800.0,13625.0,13740.0,7518,19942,,13730.0,13635.0,PB
37,PB1604,2016-03-03,13725.0,13955.0,13725.0,13835.0,8864,19236,,13830.0,13730.0,PB
37,PB1604,2016-03-04,13885.0,13950.0,13765.0,13890.0,10946,17870,,13860.0,13830.0,PB
38,PB1605,2016-03-07,13790.0,14100.0,13700.0,13870.0,11638,17868,,13865.0,13755.0,PB
38,PB1605,2016-03-08,14000.0,14275.0,13715.0,13755.0,20670,18088,,13995.0,13865.0,PB
38,PB1605,2016-03-09,13795.0,13860.0,13485.0,13570.0,13082,17804,,13630.0,13995.0,PB
38,PB1605,2016-03-10,13635.0,13795.0,13600.0,13605.0,8284,18300,,13675.0,13630.0,PB
38,PB1605,2016-03-11,13630.0,13770.0,13520.0,13770.0,7014,18830,,13655.0,13675.0,PB
38,PB1605,2016-03-14,13750.0,13815.0,13605.0,13695.0,7806,19214,,13740.0,13655.0,PB
38,PB1605,2016-03-15,13720.0,13745.0,13605.0,13615.0,4968,18792,,13650.0,13740.0,PB
37,PB1605,2016-03-16,13530.0,13600.0,13465.0,13525.0,9472,18586,,13530.0,13650.0,PB
37,PB1605,2016-03-17,13485.0,13710.0,13415.0,13685.0,8458,18364,,13565.0,13530.0,PB
37,PB1605,2016-03-18,13685.0,13790.0,13620.0,13630.0,12836,18482,,13715.0,13565.0,PB
37,PB1605,2016-03-21,13600.0,13740.0,13470.0,13595.0,8784,18070,,13650.0,13715.0,PB
37,PB1605,2016-03-22,13605.0,13700.0,13595.0,13600.0,6704,18632,,13635.0,13650.0,PB
37,PB1605,2016-03-23,13595.0,13710.0,13540.0,13570.0,6854,18642,,13590.0,13635.0,PB
37,PB1605,2016-03-24,13545.0,13595.0,13465.0,13520.0,8002,18838,,13525.0,13590.0,PB
37,PB1605,2016-03-25,13495.0,13575.0,13435.0,13540.0,4546,18764,,13525.0,13525.0,PB
37,PB1605,2016-03-28,13550.0,13620.0,13525.0,13575.0,4188,19128,,13575.0,13525.0,PB
37,PB1605,2016-03-29,13575.0,13650.0,13530.0,13550.0,4220,18722,,13585.0,13575.0,PB
37,PB1605,2016-03-30,13550.0,13575.0,13285.0,13295.0,7590,17432,,13475.0,13585.0,PB
37,PB1605,2016-03-31,13305.0,13385.0,13110.0,13240.0,9630,16768,,13275.0,13475.0,PB
37,PB1605,2016-04-01,13240.0,13375.0,13170.0,13370.0,6380,16310,,13280.0,13275.0,PB
37,PB1605,2016-04-05,13300.0,13330.0,13200.0,13230.0,2444,15762,,13265.0,13280.0,PB
37,PB1605,2016-04-06,13230.0,13270.0,13155.0,13170.0,2642,15320,,13220.0,13265.0,PB
37,PB1605,2016-04-07,13160.0,13300.0,13115.0,13230.0,3850,14688,,13235.0,13220.0,PB
37,PB1605,2016-04-08,13230.0,13230.0,13000.0,13025.0,5162,14426,,13070.0,13235.0,PB
38,PB1606,2016-04-11,13015.0,13235.0,12970.0,13120.0,4288,10676,,13095.0,13050.0,PB
37,PB1605,2016-04-12,13140.0,13140.0,13000.0,13070.0,3704,13170,,13065.0,13115.0,PB
38,PB1606,2016-04-13,13110.0,13430.0,13060.0,13290.0,10884,13108,,13250.0,13030.0,PB
38,PB1606,2016-04-14,13230.0,13435.0,13230.0,13350.0,9914,13964,,13330.0,13250.0,PB
38,PB1606,2016-04-15,13400.0,13420.0,13235.0,13255.0,6960,14610,,13305.0,13330.0,PB
37,PB1606,2016-04-18,13240.0,13355.0,13200.0,13215.0,7764,15480,,13280.0,13305.0,PB
37,PB1606,2016-04-19,13300.0,13385.0,13175.0,13255.0,9280,16030,,13295.0,13280.0,PB
37,PB1606,2016-04-20,13295.0,13505.0,13295.0,13450.0,13162,16300,,13410.0,13295.0,PB
37,PB1606,2016-04-21,13550.0,13620.0,13405.0,13440.0,18156,18228,,13515.0,13410.0,PB
37,PB1606,2016-04-22,13555.0,13650.0,13210.0,13365.0,17476,17602,,13430.0,13515.0,PB
37,PB1606,2016-04-25,13430.0,13640.0,13180.0,13420.0,16202,17442,,13450.0,13430.0,PB
37,PB1606,2016-04-26,13350.0,13400.0,13030.0,13060.0,11894,17080,,13220.0,13450.0,PB
37,PB1606,2016-04-27,13100.0,13215.0,13070.0,13105.0,7104,17248,,13130.0,13220.0,PB
37,PB1606,2016-04-28,13160.0,13175.0,13020.0,13060.0,8052,17044,,13090.0,13130.0,PB
37,PB1606,2016-04-29,13090.0,13245.0,13055.0,13230.0,7602,16474,,13155.0,13090.0,PB
37,PB1606,2016-05-03,13245.0,13370.0,13180.0,13365.0,6482,15834,,13250.0,13155.0,PB
37,PB1606,2016-05-04,13295.0,13360.0,13030.0,13060.0,6156,15290,,13155.0,13250.0,PB
38,PB1607,2016-05-05,13200.0,13210.0,13070.0,13080.0,4316,13406,,13135.0,13190.0,PB
38,PB1607,2016-05-06,13070.0,13115.0,12845.0,12925.0,8746,15304,,12930.0,13135.0,PB
38,PB1607,2016-05-09,12875.0,13040.0,12845.0,12970.0,9804,17164,,12915.0,12930.0,PB
38,PB1607,2016-05-10,12955.0,13050.0,12850.0,12970.0,7614,17482,,12935.0,12915.0,PB
38,PB1607,2016-05-11,12970.0,13140.0,12970.0,13120.0,7012,18102,,13065.0,12935.0,PB
38,PB1607,2016-05-12,13150.0,13245.0,12925.0,13090.0,8262,18426,,13135.0,13065.0,PB
38,PB1607,2016-05-13,13035.0,13135.0,12850.0,12885.0,9852,17080,,12960.0,13135.0,PB
38,PB1607,2016-05-16,12885.0,12965.0,12780.0,12880.0,8528,17534,,12865.0,12960.0,PB
37,PB1607,2016-05-17,12845.0,13000.0,12830.0,12985.0,7186,17820,,12925.0,12865.0,PB
37,PB1607,2016-05-18,12915.0,12960.0,12805.0,12860.0,8020,17490,,12870.0,12925.0,PB
37,PB1607,2016-05-19,12815.0,12990.0,12700.0,12870.0,11854,16522,,12835.0,12870.0,PB
37,PB1607,2016-05-20,12835.0,12835.0,12675.0,12795.0,9578,16898,,12755.0,12835.0,PB
37,PB1607,2016-05-23,12840.0,12870.0,12670.0,12690.0,10808,14644,,12745.0,12755.0,PB
37,PB1607,2016-05-24,12625.0,12730.0,12590.0,12640.0,8318,13364,,12655.0,12745.0,PB
37,PB1607,2016-05-25,12685.0,12760.0,12600.0,12650.0,6366,14306,,12665.0,12655.0,PB
37,PB1607,2016-05-26,12720.0,12750.0,12610.0,12715.0,5996,14858,,12675.0,12665.0,PB
37,PB1607,2016-05-27,12740.0,12875.0,12690.0,12805.0,6872,14430,,12770.0,12675.0,PB
37,PB1607,2016-05-30,12840.0,12880.0,12785.0,12850.0,4640,14134,,12825.0,12770.0,PB
37,PB1607,2016-05-31,12830.0,12900.0,12730.0,12785.0,4420,14396,,12795.0,12825.0,PB
37,PB1607,2016-06-01,12815.0,12850.0,12640.0,12670.0,6812,14764,,12710.0,12795.0,PB
37,PB1607,2016-06-02,12650.0,12870.0,12650.0,12860.0,8374,12858,,12790.0,12710.0,PB
37,PB1607,2016-06-03,12860.0,12860.0,12700.0,12770.0,4618,12818,,12780.0,12790.0,PB
37,PB1607,2016-06-06,12800.0,12835.0,12770.0,12800.0,5468,13350,,12800.0,12780.0,PB
37,PB1607,2016-06-07,12785.0,12875.0,12725.0,12750.0,4260,12508,,12775.0,12800.0,PB
37,PB1607,2016-06-08,12745.0,12765.0,12710.0,12720.0,5022,11626,,12725.0,12775.0,PB
37,PB1607,2016-06-13,12700.0,12865.0,12655.0,12865.0,4386,9918,,12810.0,12725.0,PB
37,PB1607,2016-06-14,12860.0,12860.0,12715.0,12730.0,3794,8998,,12765.0,12810.0,PB
37,PB1607,2016-06-15,12725.0,12795.0,12720.0,12750.0,3916,8732,,12745.0,12765.0,PB
37,PB1608,2016-06-16,12875.0,12940.0,12700.0,12805.0,5006,12118,,12800.0,12790.0,PB
37,PB1608,2016-06-17,12820.0,12935.0,12775.0,12870.0,6164,12986,,12830.0,12800.0,PB
37,PB1608,2016-06-20,12840.0,12880.0,12685.0,12790.0,5668,13598,,12795.0,12830.0,PB
37,PB1608,2016-06-21,12800.0,12885.0,12785.0,12830.0,5068,13618,,12835.0,12795.0,PB
37,PB1608,2016-06-22,12800.0,12885.0,12755.0,12870.0,3800,14212,,12825.0,12835.0,PB
37,PB1608,2016-06-23,12870.0,12930.0,12780.0,12840.0,5530,14446,,12845.0,12825.0,PB
37,PB1608,2016-06-24,12890.0,12895.0,12720.0,12730.0,7360,13966,,12800.0,12845.0,PB
37,PB1608,2016-06-27,12760.0,12865.0,12740.0,12850.0,5708,14524,,12815.0,12800.0,PB
37,PB1608,2016-06-28,12825.0,12915.0,12775.0,12900.0,8258,15894,,12855.0,12815.0,PB
37,PB1608,2016-06-29,12930.0,13065.0,12785.0,12935.0,15042,15214,,12930.0,12855.0,PB
37,PB1608,2016-06-30,12980.0,13275.0,12920.0,13175.0,16118,16968,,13050.0,12930.0,PB
37,PB1608,2016-07-01,13210.0,13270.0,13085.0,13260.0,12344,16056,,13185.0,13050.0,PB
37,PB1608,2016-07-04,13355.0,13585.0,13330.0,13440.0,13166,15986,,13445.0,13185.0,PB
37,PB1608,2016-07-05,13455.0,13470.0,12950.0,13110.0,13054,14792,,13200.0,13445.0,PB
38,PB1609,2016-07-06,13205.0,13300.0,12990.0,13065.0,10352,14940,,13120.0,13280.0,PB
38,PB1609,2016-07-07,13025.0,13200.0,12945.0,13015.0,10728,16480,,13080.0,13120.0,PB
38,PB1609,2016-07-08,13025.0,13085.0,12965.0,13040.0,9428,16624,,13025.0,13080.0,PB
38,PB1609,2016-07-11,13095.0,13165.0,12975.0,13165.0,10108,17288,,13070.0,13025.0,PB
38,PB1609,2016-07-12,13125.0,13225.0,13080.0,13190.0,9352,16924,,13140.0,13070.0,PB
38,PB1609,2016-07-13,13290.0,13445.0,13175.0,13250.0,17710,17684,,13300.0,13140.0,PB
38,PB1609,2016-07-14,13260.0,13300.0,13160.0,13270.0,7476,18442,,13230.0,13300.0,PB
38,PB1609,2016-07-15,13285.0,13440.0,13260.0,13420.0,13956,19610,,13350.0,13230.0,PB
37,PB1609,2016-07-18,13425.0,13465.0,13130.0,13210.0,11472,19290,,13260.0,13350.0,PB
37,PB1609,2016-07-19,13255.0,13390.0,13140.0,13340.0,11526,19592,,13275.0,13260.0,PB
37,PB1609,2016-07-20,13335.0,13395.0,13235.0,13320.0,10012,19884,,13315.0,13275.0,PB
37,PB1609,2016-07-21,13195.0,13520.0,13140.0,13390.0,10750,20050,,13285.0,13315.0,PB
37,PB1609,2016-07-22,13400.0,13505.0,13360.0,13395.0,11498,20594,,13430.0,13285.0,PB
37,PB1609,2016-07-25,13380.0,13665.0,13270.0,13635.0,22756,21414,,13505.0,13430.0,PB
37,PB1609,2016-07-26,13615.0,13830.0,13470.0,13810.0,30630,23046,,13650.0,13505.0,PB
37,PB1609,2016-07-27,13795.0,13860.0,13670.0,13755.0,21238,23922,,13775.0,13650.0,PB
37,PB1609,2016-07-28,13710.0,13780.0,13545.0,13605.0,18104,23058,,13690.0,13775.0,PB
37,PB1609,2016-07-29,13610.0,13800.0,13575.0,13775.0,19752,22124,,13710.0,13690.0,PB
37,PB1609,2016-08-01,13800.0,14135.0,13745.0,14050.0,18164,23328,,13905.0,13710.0,PB
37,PB1609,2016-08-02,14005.0,14065.0,13840.0,13900.0,14018,22176,,13950.0,13905.0,PB
37,PB1609,2016-08-03,13945.0,14030.0,13775.0,13805.0,11472,21452,,13895.0,13950.0,PB
37,PB1609,2016-08-04,13835.0,13905.0,13775.0,13835.0,5994,21174,,13825.0,13895.0,PB
37,PB1609,2016-08-05,13770.0,13950.0,13705.0,13945.0,8958,21344,,13810.0,13825.0,PB
37,PB1609,2016-08-08,13950.0,13950.0,13755.0,13900.0,9542,21014,,13870.0,13810.0,PB
37,PB1609,2016-08-09,13860.0,13960.0,13710.0,13730.0,7920,20026,,13825.0,13870.0,PB
37,PB1609,2016-08-10,13735.0,13850.0,13660.0,13765.0,7034,19574,,13755.0,13825.0,PB
37,PB1609,2016-08-11,13850.0,13940.0,13705.0,13885.0,8056,19760,,13835.0,13755.0,PB
38,PB1610,2016-08-12,13920.0,13925.0,13815.0,13840.0,5098,9616,,13855.0,13875.0,PB
37,PB1609,2016-08-15,13745.0,13865.0,13460.0,13470.0,11170,16870,,13620.0,13830.0,PB
36,PB1609,2016-08-16,13505.0,13680.0,13450.0,13530.0,11268,16260,,13530.0,13620.0,PB
36,PB1609,2016-08-17,13655.0,13655.0,13485.0,13540.0,6780,15556,,13550.0,13530.0,PB
37,PB1610,2016-08-18,13640.0,13885.0,13615.0,13885.0,8576,14184,,13735.0,13600.0,PB
37,PB1610,2016-08-19,13875.0,14000.0,13825.0,13985.0,9014,15566,,13905.0,13735.0,PB
37,PB1610,2016-08-22,14000.0,14035.0,13870.0,13900.0,6384,16256,,13930.0,13905.0,PB
37,PB1610,2016-08-23,13855.0,13960.0,13845.0,13915.0,8014,16956,,13915.0,13930.0,PB
37,PB1610,2016-08-24,13930.0,13995.0,13895.0,13965.0,9302,17358,,13960.0,13915.0,PB
37,PB1610,2016-08-25,13995.0,14070.0,13880.0,13970.0,13130,18006,,13950.0,13960.0,PB
37,PB1610,2016-08-26,13945.0,14050.0,13865.0,13960.0,8812,17396,,13950.0,13950.0,PB
37,PB1610,2016-08-29,14000.0,14040.0,13855.0,13905.0,8578,17930,,13925.0,13950.0,PB
37,PB1610,2016-08-30,13875.0,13900.0,13765.0,13810.0,8748,18132,,13835.0,13925.0,PB
37,PB1610,2016-08-31,13845.0,13920.0,13805.0,13835.0,10008,18126,,13870.0,13835.0,PB
37,PB1610,2016-09-01,13825.0,14420.0,13825.0,14420.0,21586,22620,,14170.0,13870.0,PB
37,PB1610,2016-09-02,14460.0,14935.0,14370.0,14495.0,41308,24440,,14600.0,14170.0,PB
37,PB1610,2016-09-05,14595.0,14610.0,14290.0,14520.0,26136,22950,,14445.0,14600.0,PB
37,PB1610,2016-09-06,14575.0,14595.0,14400.0,14420.0,10358,21064,,14480.0,14445.0,PB
37,PB1610,2016-09-07,14385.0,14400.0,14200.0,14240.0,10550,19838,,14265.0,14480.0,PB
37,PB1610,2016-09-08,14160.0,14385.0,14115.0,14135.0,9514,18798,,14205.0,14265.0,PB
37,PB1610,2016-09-09,14140.0,14190.0,14045.0,14145.0,7464,18800,,14125.0,14205.0,PB
37,PB1610,2016-09-12,14060.0,14190.0,13820.0,13835.0,12850,17786,,13975.0,14125.0,PB
38,PB1611,2016-09-13,13890.0,14080.0,13890.0,14040.0,8198,13808,,14000.0,14030.0,PB
38,PB1611,2016-09-14,14120.0,14120.0,14005.0,14070.0,8490,13912,,14060.0,14000.0,PB
38,PB1611,2016-09-19,14220.0,14355.0,14125.0,14250.0,6812,15350,,14220.0,14060.0,PB
37,PB1611,2016-09-20,14250.0,14495.0,14250.0,14475.0,12976,18718,,14425.0,14220.0,PB
37,PB1611,2016-09-21,14525.0,14745.0,14510.0,14620.0,18462,21460,,14630.0,14425.0,PB
37,PB1611,2016-09-22,14580.0,14610.0,14395.0,14550.0,13160,21366,,14530.0,14630.0,PB
37,PB1611,2016-09-23,14580.0,14745.0,14320.0,14515.0,13636,21696,,14550.0,14530.0,PB
37,PB1611,2016-09-26,14450.0,14525.0,14335.0,14440.0,12018,21032,,14405.0,14550.0,PB
37,PB1611,2016-09-27,14485.0,14890.0,14450.0,14750.0,30532,26284,,14680.0,14405.0,PB
37,PB1611,2016-09-28,14750.0,14795.0,14605.0,14650.0,14234,24356,,14680.0,14680.0,PB
37,PB1611,2016-09-29,14750.0,15150.0,14735.0,15005.0,24256,24532,,14960.0,14680.0,PB
37,PB1611,2016-09-30,15130.0,15460.0,15080.0,15445.0,32486,28074,,15260.0,14960.0,PB
37,PB1611,2016-10-10,15330.0,15825.0,15310.0,15770.0,16526,30214,,15615.0,15260.0,PB
37,PB1611,2016-10-11,15740.0,15915.0,15680.0,15880.0,15414,31002,,15790.0,15615.0,PB
37,PB1611,2016-10-12,15760.0,15790.0,15580.0,15625.0,13952,29444,,15665.0,15790.0,PB
37,PB1611,2016-10-13,15665.0,15780.0,15340.0,15375.0,16860,26348,,15510.0,15665.0,PB
37,PB1611,2016-10-14,15325.0,15485.0,15270.0,15480.0,10198,24236,,15385.0,15510.0,PB
38,PB1612,2016-10-17,15305.0,15500.0,15290.0,15430.0,10254,19198,,15400.0,15265.0,PB
37,PB1612,2016-10-18,15395.0,15580.0,15335.0,15545.0,9798,20872,,15450.0,15400.0,PB
37,PB1612,2016-10-19,15525.0,15525.0,15330.0,15360.0,10490,21950,,15415.0,15450.0,PB
37,PB1612,2016-10-20,15390.0,15650.0,15290.0,15410.0,19750,23070,,15470.0,15415.0,PB
37,PB1612,2016-10-21,15455.0,15800.0,15430.0,15760.0,25208,27508,,15655.0,15470.0,PB
37,PB1612,2016-10-24,15725.0,15875.0,15620.0,15755.0,22420,29310,,15745.0,15655.0,PB
37,PB1612,2016-10-25,15830.0,16370.0,15800.0,16370.0,28534,33198,,16170.0,15745.0,PB
37,PB1612,2016-10-26,16380.0,16620.0,16025.0,16230.0,31504,30286,,16305.0,16170.0,PB
37,PB1612,2016-10-27,16305.0,16560.0,16175.0,16245.0,27774,31348,,16380.0,16305.0,PB
37,PB1612,2016-10-28,16320.0,16500.0,16250.0,16455.0,19882,31244,,16360.0,16380.0,PB
37,PB1612,2016-10-31,16440.0,16600.0,16295.0,16470.0,25492,30442,,16470.0,16360.0,PB
37,PB1612,2016-11-01,16515.0,16955.0,16440.0,16590.0,34432,28846,,16680.0,16470.0,PB
37,PB1612,2016-11-02,16595.0,16675.0,16240.0,16355.0,23584,25756,,16520.0,16680.0,PB
37,PB1612,2016-11-03,16475.0,16680.0,16325.0,16640.0,11652,25002,,16490.0,16520.0,PB
38,PB1701,2016-11-04,16650.0,16750.0,16555.0,16665.0,13694,22952,,16655.0,16490.0,PB
38,PB1701,2016-11-07,16665.0,17100.0,16600.0,17000.0,26372,24968,,16835.0,16655.0,PB
38,PB1701,2016-11-08,16935.0,17100.0,16635.0,16690.0,30278,25886,,16835.0,16835.0,PB
38,PB1701,2016-11-09,16675.0,17050.0,16550.0,16690.0,32028,26660,,16795.0,16835.0,PB
38,PB1701,2016-11-10,16810.0,17465.0,16790.0,17400.0,55348,28296,,17180.0,16795.0,PB
38,PB1701,2016-11-11,17400.0,17480.0,17060.0,17450.0,34472,27564,,17280.0,17180.0,PB
38,PB1701,2016-11-14,17420.0,18295.0,16835.0,17675.0,76006,27992,,17535.0,17280.0,PB
38,PB1701,2016-11-15,17650.0,18565.0,17615.0,17790.0,68894,27754,,17985.0,17535.0,PB
37,PB1701,2016-11-16,17780.0,18660.0,17710.0,18320.0,80594,32052,,18270.0,17985.0,PB
37,PB1701,2016-11-17,18295.0,18360.0,17400.0,17790.0,58104,29910,,17935.0,18270.0,PB
37,PB1701,2016-11-18,17850.0,17975.0,17600.0,17835.0,35142,29192,,17790.0,17935.0,PB
37,PB1701,2016-11-21,17860.0,18340.0,17665.0,18230.0,60068,31740,,18020.0,17790.0,PB
37,PB1701,2016-11-22,18280.0,19100.0,18075.0,19095.0,68886,36052,,18645.0,18020.0,PB
37,PB1701,2016-11-23,19010.0,19355.0,18765.0,19170.0,73616,39858,,19030.0,18645.0,PB
37,PB1701,2016-11-24,19120.0,20105.0,19020.0,19880.0,106222,40424,,19610.0,19030.0,PB
37,PB1701,2016-11-25,19900.0,20475.0,19805.0,20180.0,126682,40664,,20220.0,19610.0,PB
37,PB1701,2016-11-28,20470.0,21635.0,20295.0,21635.0,163666,45442,,21025.0,20220.0,PB
37,PB1701,2016-11-29,21730.0,22940.0,21555.0,21865.0,269264,42872,,22230.0,21025.0,PB
37,PB1701,2016-11-30,22080.0,22145.0,20670.0,20670.0,267962,39866,,21270.0,22230.0,PB
37,PB1701,2016-12-01,20600.0,21470.0,20450.0,21140.0,206424,38512,,20895.0,21270.0,PB
37,PB1701,2016-12-02,21190.0,21315.0,20000.0,20300.0,131956,37020,,20615.0,20895.0,PB
37,PB1701,2016-12-05,20200.0,20515.0,19670.0,20210.0,141806,38610,,20140.0,20615.0,PB
37,PB1701,2016-12-06,20300.0,21300.0,20220.0,20350.0,101560,38042,,20435.0,20140.0,PB
37,PB1701,2016-12-07,20440.0,21285.0,20255.0,21060.0,142008,37180,,20920.0,20435.0,PB
37,PB1701,2016-12-08,21215.0,21695.0,20775.0,20965.0,117542,36538,,21170.0,20920.0,PB
37,PB1701,2016-12-09,21145.0,21280.0,20410.0,20680.0,85130,34008,,20780.0,21170.0,PB
38,PB1702,2016-12-12,20520.0,20960.0,20180.0,20440.0,79984,42022,,20600.0,20570.0,PB
38,PB1702,2016-12-13,20465.0,20820.0,20300.0,20545.0,82576,45014,,20585.0,20600.0,PB
38,PB1702,2016-12-14,20785.0,20815.0,20315.0,20490.0,81722,45052,,20485.0,20585.0,PB
38,PB1702,2016-12-15,20600.0,20950.0,20250.0,20745.0,95834,47536,,20590.0,20485.0,PB
37,PB1702,2016-12-16,20400.0,20495.0,19830.0,19830.0,101882,45944,,20175.0,20590.0,PB
37,PB1702,2016-12-19,19680.0,19755.0,18760.0,18760.0,127320,47190,,19170.0,20175.0,PB
37,PB1702,2016-12-20,18590.0,18600.0,17665.0,18055.0,192852,45364,,18020.0,19170.0,PB
37,PB1702,2016-12-21,18220.0,18665.0,18110.0,18405.0,158664,45686,,18390.0,18020.0,PB
37,PB1702,2016-12-22,18380.0,18425.0,18010.0,18070.0,123138,45620,,18180.0,18390.0,PB
37,PB1702,2016-12-23,17820.0,18560.0,17780.0,18260.0,170122,45196,,18295.0,18180.0,PB
37,PB1702,2016-12-26,18155.0,18450.0,17070.0,17385.0,168806,42732,,17820.0,18295.0,PB
37,PB1702,2016-12-27,17400.0,17705.0,17260.0,17655.0,116832,43752,,17470.0,17820.0,PB
37,PB1702,2016-12-28,17700.0,18135.0,17505.0,17590.0,134648,42906,,17785.0,17470.0,PB
37,PB1702,2016-12-29,17745.0,17930.0,17430.0,17775.0,122276,41884,,17685.0,17785.0,PB
37,PB1702,2016-12-30,17690.0,17825.0,17310.0,17665.0,116398,41214,,17555.0,17685.0,PB
37,PB1702,2017-01-03,17670.0,17910.0,17385.0,17410.0,47136,39824,,17695.0,17555.0,PB
37,PB1702,2017-01-04,17515.0,17720.0,17280.0,17715.0,86380,40278,,17465.0,17695.0,PB
37,PB1702,2017-01-05,17730.0,18030.0,17690.0,17910.0,92726,39076,,17850.0,17465.0,PB
37,PB1702,2017-01-06,17885.0,18120.0,17720.0,17960.0,90676,39686,,17900.0,17850.0,PB
37,PB1702,2017-01-09,18035.0,18185.0,17840.0,18090.0,76450,38338,,18055.0,17900.0,PB
37,PB1702,2017-01-10,18060.0,18865.0,18040.0,18755.0,91306,35774,,18465.0,18055.0,PB
37,PB1702,2017-01-11,18800.0,19015.0,18620.0,18780.0,75406,30978,,18795.0,18465.0,PB
37,PB1702,2017-01-12,18770.0,18840.0,18360.0,18660.0,80420,30484,,18615.0,18795.0,PB
37,PB1702,2017-01-13,18760.0,19020.0,18400.0,18555.0,65508,28200,,18730.0,18615.0,PB
37,PB1702,2017-01-16,18720.0,19140.0,18545.0,18845.0,73290,27060,,18895.0,18730.0,PB
37,PB1703,2017-01-17,19065.0,19150.0,18155.0,18310.0,63132,32668,,18700.0,18945.0,PB
37,PB1703,2017-01-18,18400.0,18690.0,18290.0,18530.0,64946,34270,,18505.0,18700.0,PB
37,PB1703,2017-01-19,18505.0,18605.0,18305.0,18375.0,61182,36830,,18420.0,18505.0,PB
37,PB1703,2017-01-20,18460.0,18500.0,17825.0,17975.0,69276,36364,,18260.0,18420.0,PB
37,PB1703,2017-01-23,18150.0,19000.0,18015.0,18725.0,93252,35628,,18525.0,18260.0,PB
37,PB1703,2017-01-24,18700.0,18860.0,18350.0,18580.0,70230,36010,,18645.0,18525.0,PB
37,PB1703,2017-01-25,18660.0,18920.0,18655.0,18750.0,63992,35702,,18795.0,18645.0,PB
37,PB1703,2017-01-26,18750.0,19070.0,18665.0,19015.0,63892,34952,,18900.0,18795.0,PB
37,PB1703,2017-02-03,18785.0,18885.0,18405.0,18495.0,29480,35930,,18600.0,18900.0,PB
37,PB1703,2017-02-06,18515.0,18870.0,18475.0,18680.0,52748,35324,,18655.0,18600.0,PB
37,PB1703,2017-02-07,18670.0,18920.0,18635.0,18825.0,45978,37632,,18795.0,18655.0,PB
37,PB1703,2017-02-08,18800.0,19415.0,18705.0,19250.0,77908,42080,,19080.0,18795.0,PB
37,PB1703,2017-02-09,19275.0,19630.0,19210.0,19245.0,66112,42292,,19425.0,19080.0,PB
37,PB1703,2017-02-10,19290.0,19525.0,19180.0,19435.0,67618,42558,,19360.0,19425.0,PB
37,PB1703,2017-02-13,19565.0,20070.0,19495.0,19915.0,80550,42480,,19775.0,19360.0,PB
37,PB1703,2017-02-14,19990.0,20015.0,19525.0,19830.0,63154,39048,,19760.0,19775.0,PB
37,PB1703,2017-02-15,19820.0,19855.0,19250.0,19335.0,63144,35934,,19460.0,19760.0,PB
36,PB1703,2017-02-16,19240.0,19440.0,18900.0,18990.0,65042,32616,,19235.0,19460.0,PB
36,PB1703,2017-02-17,18890.0,18980.0,18655.0,18695.0,53782,29868,,18830.0,19235.0,PB
36,PB1703,2017-02-20,18735.0,18880.0,18600.0,18785.0,43702,27458,,18740.0,18830.0,PB
37,PB1704,2017-02-21,18940.0,19320.0,18935.0,19150.0,39954,32372,,19140.0,18790.0,PB
37,PB1704,2017-02-22,19100.0,19140.0,18705.0,18825.0,48118,35342,,18895.0,19140.0,PB
37,PB1704,2017-02-23,18950.0,19135.0,18605.0,18720.0,56996,38170,,18930.0,18895.0,PB
37,PB1704,2017-02-24,18810.0,18910.0,18430.0,18800.0,66652,37580,,18660.0,18930.0,PB
37,PB1704,2017-02-27,18775.0,18980.0,18480.0,18545.0,75758,38712,,18750.0,18660.0,PB
37,PB1704,2017-02-28,18630.0,18695.0,18380.0,18450.0,80110,40788,,18540.0,18750.0,PB
37,PB1704,2017-03-01,18515.0,18685.0,18440.0,18625.0,60048,41740,,18550.0,18540.0,PB
37,PB1704,2017-03-02,18740.0,19010.0,18680.0,18835.0,64060,40280,,18830.0,18550.0,PB
37,PB1704,2017-03-03,18765.0,18765.0,18425.0,18570.0,49694,39002,,18570.0,18830.0,PB
37,PB1704,2017-03-06,18545.0,18640.0,18010.0,18075.0,67300,41038,,18385.0,18570.0,PB
37,PB1704,2017-03-07,18100.0,18205.0,17950.0,17990.0,50322,40794,,18055.0,18385.0,PB
37,PB1704,2017-03-08,18010.0,18115.0,17715.0,17990.0,64988,38088,,17905.0,18055.0,PB
37,PB1704,2017-03-09,18050.0,18090.0,17550.0,17625.0,70560,36646,,17825.0,17905.0,PB
37,PB1704,2017-03-10,17675.0,17950.0,17675.0,17840.0,45930,34140,,17825.0,17825.0,PB
37,PB1704,2017-03-13,17905.0,18260.0,17780.0,18160.0,64710,32062,,18000.0,17825.0,PB
37,PB1704,2017-03-14,18185.0,18330.0,17915.0,18030.0,44656,29266,,18125.0,18000.0,PB
37,PB1704,2017-03-15,17860.0,18180.0,17650.0,18055.0,64710,30202,,17945.0,18125.0,PB
36,PB1704,2017-03-16,18030.0,18430.0,18030.0,18430.0,47476,28118,,18275.0,17945.0,PB
36,PB1704,2017-03-17,18480.0,18480.0,18160.0,18345.0,31440,25818,,18300.0,18275.0,PB
36,PB1704,2017-03-20,18385.0,18600.0,18190.0,18440.0,38304,24874,,18450.0,18300.0,PB
37,PB1705,2017-03-21,18560.0,18605.0,18200.0,18445.0,40570,38988,,18430.0,18550.0,PB
37,PB1705,2017-03-22,18600.0,18600.0,17925.0,18060.0,62290,41484,,18225.0,18430.0,PB
37,PB1705,2017-03-23,18325.0,18790.0,18175.0,18605.0,100258,46156,,18510.0,18225.0,PB
37,PB1705,2017-03-24,18605.0,18605.0,18100.0,18230.0,83668,47766,,18250.0,18510.0,PB
37,PB1705,2017-03-27,18160.0,18315.0,17690.0,17730.0,79576,48246,,18020.0,18250.0,PB
37,PB1705,2017-03-28,17750.0,17810.0,17145.0,17275.0,112008,53248,,17405.0,18020.0,PB
37,PB1705,2017-03-29,17410.0,17700.0,17230.0,17525.0,122042,55650,,17455.0,17405.0,PB
37,PB1705,2017-03-30,17455.0,17585.0,17115.0,17270.0,106494,57486,,17380.0,17455.0,PB
37,PB1705,2017-03-31,17320.0,17590.0,17265.0,17400.0,91066,52558,,17410.0,17380.0,PB
37,PB1705,2017-04-05,17300.0,17625.0,17200.0,17535.0,47766,49080,,17470.0,17410.0,PB
37,PB1705,2017-04-06,17560.0,17695.0,17420.0,17580.0,60640,50662,,17540.0,17470.0,PB
37,PB1705,2017-04-07,17650.0,17650.0,16310.0,16325.0,124938,51654,,17060.0,17540.0,PB
37,PB1705,2017-04-10,16350.0,16655.0,16240.0,16480.0,90798,45026,,16460.0,17060.0,PB
37,PB1705,2017-04-11,16465.0,16550.0,16240.0,16340.0,72748,43252,,16380.0,16460.0,PB
37,PB1705,2017-04-12,16460.0,16520.0,15920.0,16250.0,95498,41142,,16250.0,16380.0,PB
37,PB1705,2017-04-13,16335.0,16545.0,16135.0,16485.0,65180,38526,,16365.0,16250.0,PB
37,PB1705,2017-04-14,16455.0,16505.0,16085.0,16175.0,58510,36460,,16315.0,16365.0,PB
37,PB1705,2017-04-17,16170.0,16760.0,16135.0,16445.0,59890,33834,,16465.0,16315.0,PB
37,PB1706,2017-04-18,16540.0,16650.0,15980.0,16210.0,66004,44112,,16270.0,16555.0,PB
37,PB1706,2017-04-19,16125.0,16150.0,15550.0,15915.0,111596,45230,,15805.0,16270.0,PB
37,PB1706,2017-04-20,15950.0,16225.0,15865.0,16160.0,98740,44432,,16040.0,15805.0,PB
37,PB1706,2017-04-21,16145.0,16320.0,16010.0,16085.0,85816,45446,,16150.0,16040.0,PB
37,PB1706,2017-04-24,16000.0,16065.0,15775.0,15990.0,89942,47072,,15910.0,16150.0,PB
37,PB1706,2017-04-25,16020.0,16045.0,15800.0,15945.0,60358,49114,,15930.0,15910.0,PB
37,PB1706,2017-04-26,16010.0,16210.0,15955.0,16110.0,74400,48294,,16095.0,15930.0,PB
37,PB1706,2017-04-27,16135.0,16250.0,16100.0,16180.0,56412,49650,,16175.0,16095.0,PB
37,PB1706,2017-04-28,16255.0,16430.0,16155.0,16355.0,77538,48768,,16275.0,16175.0,PB
37,PB1706,2017-05-02,16500.0,16860.0,16360.0,16485.0,38988,48396,,16565.0,16275.0,PB
37,PB1706,2017-05-03,16500.0,16520.0,16195.0,16230.0,50978,49898,,16345.0,16565.0,PB
37,PB1706,2017-05-04,16185.0,16230.0,15870.0,15995.0,62948,50078,,16085.0,16345.0,PB
37,PB1706,2017-05-05,15950.0,16205.0,15905.0,16020.0,59216,49308,,16090.0,16085.0,PB
37,PB1706,2017-05-08,16050.0,16185.0,15805.0,16050.0,74984,49714,,15995.0,16090.0,PB
37,PB1706,2017-05-09,16070.0,16115.0,15915.0,16050.0,53752,49436,,16010.0,15995.0,PB
37,PB1706,2017-05-10,16060.0,16280.0,16055.0,16190.0,66604,46860,,16175.0,16010.0,PB
37,PB1706,2017-05-11,16170.0,16425.0,16060.0,16340.0,65074,45568,,16225.0,16175.0,PB
37,PB1706,2017-05-12,16295.0,16320.0,15980.0,16020.0,65580,44224,,16135.0,16225.0,PB
37,PB1706,2017-05-15,16070.0,16115.0,15845.0,15965.0,62448,42494,,15940.0,16135.0,PB
36,PB1706,2017-05-16,15955.0,16040.0,15500.0,15715.0,69968,42310,,15750.0,15940.0,PB
36,PB1706,2017-05-17,15680.0,15785.0,15605.0,15710.0,48900,39916,,15690.0,15750.0,PB
36,PB1706,2017-05-18,15780.0,15795.0,15395.0,15425.0,56398,41712,,15580.0,15690.0,PB
36,PB1706,2017-05-19,15355.0,15540.0,15140.0,15385.0,60680,39936,,15370.0,15580.0,PB
36,PB1706,2017-05-22,15500.0,15815.0,15500.0,15730.0,54122,35608,,15725.0,15370.0,PB
36,PB1706,2017-05-23,15805.0,15955.0,15600.0,15795.0,44096,30974,,15775.0,15725.0,PB
37,PB1707,2017-05-24,15840.0,15975.0,15655.0,15930.0,55654,40930,,15795.0,15870.0,PB
37,PB1707,2017-05-25,15920.0,15980.0,15815.0,15930.0,45214,41276,,15885.0,15795.0,PB
37,PB1707,2017-05-26,15930.0,16010.0,15855.0,15980.0,51978,42692,,15950.0,15885.0,PB
37,PB1707,2017-05-31,15930.0,16215.0,15770.0,15835.0,47906,43148,,15985.0,15950.0,PB
37,PB1707,2017-06-01,15865.0,16170.0,15800.0,16090.0,66008,43596,,16020.0,15985.0,PB
37,PB1707,2017-06-02,16075.0,16250.0,16000.0,16185.0,64596,43184,,16130.0,16020.0,PB
37,PB1707,2017-06-05,16110.0,16630.0,16040.0,16500.0,81638,44030,,16385.0,16130.0,PB
37,PB1707,2017-06-06,16450.0,16720.0,16400.0,16605.0,78250,44846,,16590.0,16385.0,PB
37,PB1707,2017-06-07,16590.0,16780.0,16375.0,16480.0,86514,42986,,16525.0,16590.0,PB
37,PB1707,2017-06-08,16485.0,16750.0,16370.0,16670.0,64474,41870,,16535.0,16525.0,PB
37,PB1707,2017-06-09,16675.0,16920.0,16530.0,16850.0,64594,41812,,16710.0,16535.0,PB
37,PB1707,2017-06-12,16985.0,17120.0,16825.0,17070.0,59566,39296,,16975.0,16710.0,PB
37,PB1707,2017-06-13,17035.0,17050.0,16725.0,16825.0,60088,38156,,16870.0,16975.0,PB
37,PB1707,2017-06-14,16975.0,17030.0,16685.0,16975.0,64860,35972,,16870.0,16870.0,PB
37,PB1707,2017-06-15,16975.0,17215.0,16920.0,17110.0,68668,36828,,17105.0,16870.0,PB
36,PB1707,2017-06-16,17125.0,17380.0,17120.0,17295.0,50788,35858,,17285.0,17105.0,PB
36,PB1707,2017-06-19,17280.0,17485.0,17165.0,17405.0,50992,33574,,17310.0,17285.0,PB
36,PB1707,2017-06-20,17410.0,17780.0,17355.0,17675.0,51894,34806,,17560.0,17310.0,PB
36,PB1707,2017-06-21,17620.0,17740.0,17460.0,17600.0,56964,32566,,17575.0,17560.0,PB
36,PB1707,2017-06-22,17785.0,17835.0,17605.0,17660.0,51356,30262,,17725.0,17575.0,PB
36,PB1707,2017-06-23,17750.0,17780.0,17380.0,17460.0,44926,25646,,17560.0,17725.0,PB
37,PB1708,2017-06-26,17385.0,17405.0,17050.0,17180.0,57296,39018,,17185.0,17440.0,PB
37,PB1708,2017-06-27,17200.0,17440.0,17130.0,17405.0,55670,40682,,17260.0,17185.0,PB
37,PB1708,2017-06-28,17410.0,17890.0,17390.0,17715.0,81712,42506,,17660.0,17260.0,PB
37,PB1708,2017-06-29,17675.0,17865.0,17590.0,17735.0,62458,41686,,17735.0,17660.0,PB
37,PB1708,2017-06-30,17750.0,17880.0,17580.0,17800.0,63714,42578,,17755.0,17735.0,PB
37,PB1708,2017-07-03,17800.0,18170.0,17725.0,18100.0,54544,43814,,17930.0,17755.0,PB
37,PB1708,2017-07-04,18050.0,18210.0,17655.0,17765.0,55684,43638,,17975.0,17930.0,PB
37,PB1708,2017-07-05,17705.0,17930.0,17420.0,17475.0,77920,41690,,17690.0,17975.0,PB
37,PB1708,2017-07-06,17440.0,17650.0,17315.0,17580.0,54754,40296,,17450.0,17690.0,PB
37,PB1708,2017-07-07,17645.0,17850.0,17530.0,17810.0,46536,40234,,17655.0,17450.0,PB
37,PB1708,2017-07-10,17750.0,17890.0,17545.0,17580.0,55864,39612,,17730.0,17655.0,PB
37,PB1708,2017-07-11,17600.0,18000.0,17500.0,17985.0,66932,41878,,17760.0,17730.0,PB
37,PB1708,2017-07-12,17950.0,18085.0,17810.0,17920.0,50180,40168,,17950.0,17760.0,PB
37,PB1708,2017-07-13,17950.0,17995.0,17785.0,17885.0,32140,38954,,17880.0,17950.0,PB
37,PB1708,2017-07-14,17865.0,17905.0,17470.0,17600.0,46050,37408,,17615.0,17880.0,PB
37,PB1708,2017-07-17,17695.0,17890.0,17560.0,17835.0,40386,35468,,17770.0,17615.0,PB
36,PB1708,2017-07-18,17760.0,17940.0,17510.0,17635.0,44976,34018,,17725.0,17770.0,PB
36,PB1708,2017-07-19,17560.0,17635.0,17410.0,17535.0,39424,31818,,17530.0,17725.0,PB
36,PB1708,2017-07-20,17425.0,17485.0,17230.0,17370.0,42540,26864,,17340.0,17530.0,PB
36,PB1708,2017-07-21,17410.0,17465.0,17220.0,17460.0,40034,23756,,17355.0,17340.0,PB
37,PB1709,2017-07-24,17500.0,17645.0,17365.0,17460.0,39868,33750,,17510.0,17345.0,PB
37,PB1709,2017-07-25,17460.0,17650.0,17430.0,17645.0,52444,37202,,17520.0,17510.0,PB
37,PB1709,2017-07-26,17660.0,18125.0,17660.0,17935.0,97296,38322,,17840.0,17520.0,PB
37,PB1709,2017-07-27,17910.0,18230.0,17850.0,18215.0,90310,46834,,18065.0,17840.0,PB
37,PB1709,2017-07-28,18185.0,18300.0,17965.0,18030.0,84370,45274,,18135.0,18065.0,PB
37,PB1709,2017-07-31,18135.0,18480.0,18100.0,18400.0,75518,49012,,18295.0,18135.0,PB
37,PB1709,2017-08-01,18350.0,18425.0,18165.0,18185.0,39984,46258,,18280.0,18295.0,PB
37,PB1709,2017-08-02,18185.0,18455.0,18135.0,18440.0,51802,47084,,18295.0,18280.0,PB
37,PB1709,2017-08-03,18430.0,18780.0,18380.0,18425.0,63154,46952,,18585.0,18295.0,PB
37,PB1709,2017-08-04,18475.0,18725.0,18450.0,18685.0,38284,46788,,18605.0,18585.0,PB
37,PB1709,2017-08-07,18670.0,19105.0,18555.0,18935.0,66948,45436,,18795.0,18605.0,PB
37,PB1709,2017-08-08,19010.0,19165.0,18970.0,19035.0,49790,41160,,19070.0,18795.0,PB
37,PB1709,2017-08-09,19010.0,20200.0,18905.0,19700.0,67198,37578,,19385.0,19070.0,PB
37,PB1709,2017-08-10,19585.0,19635.0,19305.0,19420.0,58342,35432,,19455.0,19385.0,PB
37,PB1709,2017-08-11,19410.0,19430.0,18920.0,19010.0,56930,31662,,19130.0,19455.0,PB
37,PB1709,2017-08-14,19090.0,19220.0,18905.0,19050.0,39346,30156,,19085.0,19130.0,PB
38,PB1710,2017-08-15,19005.0,19320.0,18985.0,19220.0,37496,32630,,19185.0,19075.0,PB
37,PB1710,2017-08-16,19280.0,19510.0,19235.0,19440.0,56094,37402,,19375.0,19185.0,PB
37,PB1710,2017-08-17,19580.0,20535.0,19580.0,20365.0,130414,44950,,20180.0,19375.0,PB
37,PB1710,2017-08-18,19995.0,20170.0,19535.0,19840.0,131260,45584,,19840.0,20180.0,PB
37,PB1710,2017-08-21,19785.0,20040.0,19380.0,19620.0,145256,48796,,19625.0,19840.0,PB
37,PB1710,2017-08-22,19600.0,19685.0,19015.0,19355.0,118946,48804,,19370.0,19625.0,PB
37,PB1710,2017-08-23,19420.0,19940.0,19270.0,19570.0,191074,48942,,19670.0,19370.0,PB
37,PB1710,2017-08-24,19500.0,19750.0,19300.0,19415.0,114416,49878,,19540.0,19670.0,PB
37,PB1710,2017-08-25,19205.0,19525.0,19180.0,19490.0,97480,51816,,19360.0,19540.0,PB
37,PB1710,2017-08-28,19480.0,19600.0,18745.0,19025.0,114462,47518,,19080.0,19360.0,PB
37,PB1710,2017-08-29,19100.0,19175.0,18805.0,19150.0,83242,49290,,18990.0,19080.0,PB
37,PB1710,2017-08-30,19375.0,19500.0,19110.0,19465.0,114048,48170,,19335.0,18990.0,PB
37,PB1710,2017-08-31,19400.0,19570.0,19260.0,19300.0,119548,48288,,19390.0,19335.0,PB
37,PB1710,2017-09-01,19380.0,19550.0,19185.0,19535.0,78458,46962,,19385.0,19390.0,PB
37,PB1710,2017-09-04,19425.0,19820.0,19410.0,19530.0,83556,47056,,19625.0,19385.0,PB
37,PB1710,2017-09-05,19550.0,19600.0,19400.0,19515.0,54606,46138,,19495.0,19625.0,PB
37,PB1710,2017-09-06,19385.0,19400.0,18790.0,19015.0,103286,44712,,19100.0,19495.0,PB
37,PB1710,2017-09-07,19020.0,19220.0,18900.0,18905.0,59768,42994,,19080.0,19100.0,PB
37,PB1710,2017-09-08,18975.0,19220.0,18635.0,18900.0,84158,41032,,19005.0,19080.0,PB
37,PB1710,2017-09-11,18860.0,18860.0,18480.0,18785.0,86038,39990,,18670.0,19005.0,PB
37,PB1710,2017-09-12,18785.0,19145.0,18715.0,19090.0,73312,40968,,18875.0,18670.0,PB
37,PB1710,2017-09-13,18995.0,19695.0,18920.0,19515.0,101050,41160,,19445.0,18875.0,PB
37,PB1710,2017-09-14,19580.0,20035.0,19410.0,19905.0,114582,40778,,19765.0,19445.0,PB
37,PB1710,2017-09-15,19985.0,20085.0,19640.0,19820.0,107168,36984,,19885.0,19765.0,PB
37,PB1711,2017-09-18,19255.0,19945.0,18955.0,19830.0,116864,48170,,19515.0,19380.0,PB
37,PB1711,2017-09-19,19820.0,20175.0,19815.0,19895.0,123222,57534,,19995.0,19515.0,PB
37,PB1711,2017-09-20,20010.0,20770.0,19720.0,20645.0,209848,73812,,20335.0,19995.0,PB
37,PB1711,2017-09-21,20650.0,20915.0,20515.0,20650.0,240456,80994,,20715.0,20335.0,PB
37,PB1711,2017-09-22,20845.0,21070.0,19845.0,20225.0,367750,79242,,20470.0,20715.0,PB
37,PB1711,2017-09-25,20500.0,20970.0,20180.0,20600.0,365516,88710,,20575.0,20470.0,PB
37,PB1711,2017-09-26,20680.0,20880.0,20470.0,20820.0,157588,108840,,20660.0,20575.0,PB
37,PB1711,2017-09-27,20660.0,20790.0,20405.0,20705.0,138138,100222,,20615.0,20660.0,PB
37,PB1711,2017-09-28,20590.0,20660.0,20390.0,20650.0,109590,90194,,20535.0,20615.0,PB
37,PB1711,2017-09-29,20790.0,21350.0,20500.0,21220.0,131634,93530,,20850.0,20535.0,PB
37,PB1711,2017-10-09,21220.0,21430.0,20920.0,21150.0,51224,84770,,21160.0,20850.0,PB
37,PB1711,2017-10-10,21110.0,21160.0,20640.0,20650.0,76200,83162,,20890.0,21160.0,PB
37,PB1711,2017-10-11,20720.0,21000.0,20560.0,20665.0,69344,79002,,20760.0,20890.0,PB
37,PB1711,2017-10-12,20720.0,20850.0,20450.0,20730.0,63348,77930,,20630.0,20760.0,PB
37,PB1711,2017-10-13,20740.0,20890.0,20480.0,20645.0,61408,73756,,20695.0,20630.0,PB
38,PB1712,2017-10-16,20285.0,20500.0,20060.0,20435.0,85698,40026,,20335.0,20335.0,PB
37,PB1712,2017-10-17,20495.0,20670.0,19930.0,20090.0,92420,39656,,20335.0,20335.0,PB
37,PB1712,2017-10-18,20090.0,20160.0,19265.0,19395.0,107556,42474,,19670.0,20335.0,PB
37,PB1712,2017-10-19,19405.0,19570.0,19170.0,19200.0,84344,44656,,19400.0,19670.0,PB
37,PB1712,2017-10-20,19195.0,19490.0,18850.0,19270.0,119748,45554,,19150.0,19400.0,PB
37,PB1712,2017-10-23,19185.0,19390.0,18910.0,19295.0,114172,46208,,19200.0,19150.0,PB
37,PB1712,2017-10-24,19220.0,19585.0,19210.0,19385.0,88096,46426,,19425.0,19200.0,PB
37,PB1712,2017-10-25,19375.0,19390.0,18980.0,19025.0,92038,49642,,19205.0,19425.0,PB
37,PB1712,2017-10-26,19090.0,19375.0,19045.0,19110.0,86248,51482,,19175.0,19205.0,PB
37,PB1712,2017-10-27,19110.0,19135.0,18520.0,18635.0,101866,53734,,18825.0,19175.0,PB
37,PB1712,2017-10-30,18635.0,18670.0,18200.0,18265.0,91732,54748,,18455.0,18825.0,PB
37,PB1712,2017-10-31,18255.0,18650.0,18180.0,18610.0,82962,50524,,18375.0,18455.0,PB
37,PB1712,2017-11-01,18540.0,19105.0,18450.0,18715.0,92770,47228,,18710.0,18375.0,PB
37,PB1712,2017-11-02,18755.0,18825.0,18555.0,18705.0,68494,46832,,18685.0,18710.0,PB
37,PB1712,2017-11-03,18730.0,18815.0,18450.0,18590.0,74206,46178,,18630.0,18685.0,PB
37,PB1712,2017-11-06,18670.0,18865.0,18515.0,18790.0,62584,45152,,18655.0,18630.0,PB
37,PB1712,2017-11-07,18850.0,19045.0,18735.0,18835.0,66300,42714,,18890.0,18655.0,PB
37,PB1712,2017-11-08,18835.0,19100.0,18640.0,18670.0,60492,42544,,18840.0,18890.0,PB
37,PB1712,2017-11-09,18825.0,19010.0,18680.0,18860.0,56558,40386,,18855.0,18840.0,PB
37,PB1712,2017-11-10,18935.0,19340.0,18785.0,19290.0,68978,40542,,19095.0,18855.0,PB
37,PB1712,2017-11-13,19305.0,19430.0,19200.0,19260.0,71272,38036,,19320.0,19095.0,PB
37,PB1712,2017-11-14,19205.0,19360.0,19020.0,19115.0,65480,37090,,19185.0,19320.0,PB
37,PB1712,2017-11-15,19165.0,19185.0,18520.0,18725.0,55878,33982,,18795.0,19185.0,PB
37,PB1801,2017-11-16,18650.0,18675.0,18385.0,18495.0,47010,39188,,18485.0,18800.0,PB
37,PB1801,2017-11-17,18580.0,18605.0,18270.0,18410.0,49316,41048,,18445.0,18485.0,PB
37,PB1801,2017-11-20,18400.0,18755.0,18325.0,18660.0,52986,41836,,18570.0,18445.0,PB
37,PB1801,2017-11-21,18610.0,18810.0,18495.0,18675.0,61314,43086,,18655.0,18570.0,PB
37,PB1801,2017-11-22,18770.0,18975.0,18715.0,18955.0,57164,44540,,18850.0,18655.0,PB
37,PB1801,2017-11-23,18910.0,18920.0,18290.0,18300.0,84326,48952,,18645.0,18850.0,PB
37,PB1801,2017-11-24,18330.0,18575.0,18270.0,18520.0,68964,46800,,18430.0,18645.0,PB
37,PB1801,2017-11-27,18685.0,18695.0,18235.0,18300.0,65796,48782,,18510.0,18430.0,PB
37,PB1801,2017-11-28,18300.0,18495.0,18130.0,18380.0,75850,49794,,18340.0,18510.0,PB
37,PB1801,2017-11-29,18400.0,18480.0,18055.0,18260.0,68318,47408,,18275.0,18340.0,PB
37,PB1801,2017-11-30,18250.0,18415.0,18185.0,18375.0,57352,45902,,18290.0,18275.0,PB
37,PB1801,2017-12-01,18510.0,18765.0,18385.0,18750.0,62056,44492,,18560.0,18290.0,PB
37,PB1801,2017-12-04,18830.0,19385.0,18770.0,18950.0,83666,46026,,19085.0,18560.0,PB
37,PB1801,2017-12-05,19115.0,19150.0,18850.0,18910.0,61952,43146,,19010.0,19085.0,PB
37,PB1801,2017-12-06,18900.0,18970.0,18480.0,18720.0,58974,40212,,18680.0,19010.0,PB
37,PB1801,2017-12-07,18820.0,18915.0,18560.0,18680.0,56268,38232,,18755.0,18680.0,PB
37,PB1801,2017-12-08,18705.0,18850.0,18380.0,18550.0,66464,37242,,18625.0,18755.0,PB
37,PB1801,2017-12-11,18440.0,18620.0,18360.0,18490.0,50950,37242,,18470.0,18625.0,PB
37,PB1801,2017-12-12,18595.0,19525.0,18560.0,19155.0,79530,41644,,18870.0,18470.0,PB
37,PB1801,2017-12-13,19250.0,19280.0,19025.0,19270.0,52326,39568,,19170.0,18870.0,PB
37,PB1801,2017-12-14,19260.0,19265.0,19000.0,19050.0,36026,37010,,19140.0,19170.0,PB
37,PB1801,2017-12-15,18955.0,19075.0,18900.0,18980.0,27368,34158,,18990.0,19140.0,PB
37,PB1802,2017-12-18,18990.0,19430.0,18950.0,19295.0,46154,31538,,19190.0,18955.0,PB
37,PB1802,2017-12-19,19420.0,19520.0,19170.0,19235.0,45822,36224,,19350.0,19190.0,PB
37,PB1802,2017-12-20,19225.0,19440.0,19180.0,19335.0,40670,40766,,19305.0,19350.0,PB
37,PB1802,2017-12-21,19295.0,19350.0,18850.0,19170.0,71234,39350,,19165.0,19305.0,PB
37,PB1802,2017-12-22,19125.0,19250.0,18955.0,19235.0,52008,41314,,19065.0,19165.0,PB
37,PB1802,2017-12-25,19175.0,19280.0,19020.0,19125.0,52386,41690,,19155.0,19065.0,PB
37,PB1802,2017-12-26,19170.0,19170.0,18890.0,19000.0,39720,41148,,19030.0,19155.0,PB
37,PB1802,2017-12-27,19095.0,19110.0,18910.0,19040.0,42186,40832,,19015.0,19030.0,PB
37,PB1802,2017-12-28,19170.0,19330.0,19085.0,19250.0,56130,43754,,19220.0,19015.0,PB
37,PB1802,2017-12-29,19200.0,19240.0,19100.0,19170.0,45266,40306,,19160.0,19220.0,PB
37,PB1802,2018-01-02,19180.0,19220.0,18880.0,19020.0,37084,40980,,19005.0,19160.0,PB
37,PB1802,2018-01-03,19180.0,19390.0,19095.0,19310.0,59086,42516,,19250.0,19005.0,PB
37,PB1802,2018-01-04,19365.0,19495.0,19205.0,19405.0,48210,43036,,19350.0,19250.0,PB
37,PB1802,2018-01-05,19400.0,19565.0,19325.0,19480.0,41500,42652,,19405.0,19350.0,PB
37,PB1802,2018-01-08,19425.0,19590.0,19345.0,19405.0,47440,41510,,19445.0,19405.0,PB
37,PB1802,2018-01-09,19395.0,19650.0,19320.0,19620.0,40624,40288,,19515.0,19445.0,PB
37,PB1802,2018-01-10,19570.0,19685.0,19350.0,19415.0,38552,36732,,19500.0,19515.0,PB
37,PB1802,2018-01-11,19490.0,19515.0,19325.0,19390.0,25206,34752,,19405.0,19500.0,PB
37,PB1802,2018-01-12,19490.0,19490.0,19180.0,19250.0,33314,31034,,19280.0,19405.0,PB
37,PB1802,2018-01-15,19120.0,19210.0,19005.0,19185.0,35774,29650,,19115.0,19280.0,PB
36,PB1802,2018-01-16,19155.0,19205.0,18745.0,18820.0,39234,24766,,19020.0,19115.0,PB
37,PB1803,2018-01-17,18815.0,19265.0,18815.0,19195.0,45658,32840,,19100.0,19075.0,PB
37,PB1803,2018-01-18,19195.0,19340.0,19080.0,19330.0,46984,37432,,19220.0,19100.0,PB
37,PB1803,2018-01-19,19400.0,19595.0,19355.0,19570.0,60022,42956,,19465.0,19220.0,PB
37,PB1803,2018-01-22,19575.0,19575.0,19305.0,19480.0,53950,40976,,19435.0,19465.0,PB
37,PB1803,2018-01-23,19490.0,19815.0,19425.0,19800.0,67798,49846,,19580.0,19435.0,PB
37,PB1803,2018-01-24,19740.0,19780.0,19560.0,19575.0,48702,47512,,19690.0,19580.0,PB
37,PB1803,2018-01-25,19620.0,19890.0,19545.0,19650.0,70204,45326,,19675.0,19690.0,PB
37,PB1803,2018-01-26,19540.0,19630.0,19395.0,19470.0,53436,43418,,19500.0,19675.0,PB
37,PB1803,2018-01-29,19545.0,19895.0,19450.0,19800.0,62010,46400,,19680.0,19500.0,PB
37,PB1803,2018-01-30,19840.0,19840.0,19455.0,19540.0,61692,42068,,19600.0,19680.0,PB
37,PB1803,2018-01-31,19650.0,19650.0,19350.0,19400.0,46324,40366,,19465.0,19600.0,PB
37,PB1803,2018-02-01,19465.0,19645.0,19380.0,19570.0,44964,40732,,19500.0,19465.0,PB
37,PB1803,2018-02-02,19655.0,19785.0,19595.0,19660.0,46992,41554,,19690.0,19500.0,PB
37,PB1803,2018-02-05,19595.0,19780.0,19505.0,19535.0,46904,40176,,19595.0,19690.0,PB
37,PB1803,2018-02-06,19470.0,19640.0,19405.0,19465.0,35882,37682,,19495.0,19595.0,PB
37,PB1803,2018-02-07,19380.0,19415.0,19150.0,19200.0,48456,35130,,19275.0,19495.0,PB
37,PB1803,2018-02-08,19125.0,19255.0,19015.0,19080.0,46594,31164,,19110.0,19275.0,PB
37,PB1803,2018-02-09,19130.0,19195.0,18975.0,19040.0,43106,28964,,19080.0,19110.0,PB
36,PB1803,2018-02-12,19165.0,19185.0,19010.0,19030.0,41788,27582,,19095.0,19080.0,PB
36,PB1803,2018-02-13,19025.0,19040.0,18905.0,19015.0,26628,24208,,18975.0,19095.0,PB
36,PB1803,2018-02-14,19035.0,19345.0,18980.0,19320.0,26280,20494,,19190.0,18975.0,PB
37,PB1804,2018-02-22,19285.0,19340.0,19155.0,19295.0,13728,31604,,19230.0,19190.0,PB
37,PB1804,2018-02-23,19240.0,19440.0,19240.0,19375.0,31874,34778,,19365.0,19230.0,PB
37,PB1804,2018-02-26,19300.0,19465.0,19255.0,19430.0,39950,37886,,19355.0,19365.0,PB
37,PB1804,2018-02-27,19485.0,19575.0,19430.0,19500.0,33472,39120,,19500.0,19355.0,PB
37,PB1804,2018-02-28,19485.0,19490.0,19145.0,19205.0,47168,41732,,19300.0,19500.0,PB
37,PB1804,2018-03-01,19175.0,19180.0,19035.0,19080.0,40934,40584,,19100.0,19300.0,PB
37,PB1804,2018-03-02,18925.0,18930.0,18775.0,18895.0,44718,39732,,18860.0,19100.0,PB
37,PB1804,2018-03-05,18880.0,18950.0,18730.0,18750.0,37330,38082,,18825.0,18860.0,PB
37,PB1804,2018-03-06,18660.0,18730.0,18500.0,18640.0,41152,37852,,18615.0,18825.0,PB
37,PB1804,2018-03-07,18670.0,18775.0,18615.0,18715.0,32380,38032,,18695.0,18615.0,PB
37,PB1804,2018-03-08,18700.0,18750.0,18440.0,18580.0,43106,36598,,18570.0,18695.0,PB
37,PB1804,2018-03-09,18510.0,18590.0,18315.0,18475.0,40764,33022,,18440.0,18570.0,PB
37,PB1804,2018-03-12,18465.0,18600.0,18375.0,18445.0,40116,31340,,18475.0,18440.0,PB
37,PB1804,2018-03-13,18365.0,18395.0,18105.0,18190.0,38252,30586,,18215.0,18475.0,PB
38,PB1805,2018-03-14,18405.0,18420.0,18245.0,18385.0,35280,34524,,18330.0,18150.0,PB
38,PB1805,2018-03-15,18500.0,18610.0,18370.0,18460.0,58528,40770,,18495.0,18330.0,PB
37,PB1805,2018-03-16,18435.0,18575.0,18375.0,18550.0,49102,41954,,18475.0,18495.0,PB
37,PB1805,2018-03-19,18540.0,18625.0,18305.0,18345.0,48210,43090,,18460.0,18475.0,PB
37,PB1805,2018-03-20,18330.0,18445.0,18250.0,18325.0,42282,42092,,18355.0,18460.0,PB
37,PB1805,2018-03-21,18380.0,18420.0,18150.0,18355.0,51428,45806,,18290.0,18355.0,PB
37,PB1805,2018-03-22,18450.0,18920.0,18390.0,18855.0,92420,55834,,18685.0,18290.0,PB
37,PB1805,2018-03-23,18700.0,18800.0,18275.0,18435.0,93890,50446,,18560.0,18685.0,PB
37,PB1805,2018-03-26,18435.0,18550.0,18290.0,18405.0,63910,48474,,18410.0,18560.0,PB
37,PB1805,2018-03-27,18475.0,18665.0,18385.0,18570.0,60024,49756,,18535.0,18410.0,PB
37,PB1805,2018-03-28,18555.0,18735.0,18465.0,18645.0,58440,50970,,18610.0,18535.0,PB
37,PB1805,2018-03-29,18645.0,18780.0,18550.0,18735.0,55544,52214,,18660.0,18610.0,PB
37,PB1805,2018-03-30,18735.0,18870.0,18560.0,18825.0,46530,53932,,18710.0,18660.0,PB
37,PB1805,2018-04-02,18815.0,19110.0,18800.0,18895.0,56132,53678,,18915.0,18710.0,PB
37,PB1805,2018-04-03,18845.0,18900.0,18640.0,18705.0,41650,51850,,18765.0,18915.0,PB
37,PB1805,2018-04-04,18770.0,18770.0,18610.0,18640.0,37362,48154,,18680.0,18765.0,PB
37,PB1805,2018-04-09,18690.0,18745.0,18435.0,18555.0,32814,47228,,18550.0,18680.0,PB
37,PB1805,2018-04-10,18605.0,18605.0,18380.0,18490.0,41200,43980,,18460.0,18550.0,PB
37,PB1805,2018-04-11,18490.0,18595.0,18435.0,18485.0,26900,42434,,18495.0,18460.0,PB
37,PB1805,2018-04-12,18515.0,18645.0,18350.0,18475.0,57724,41718,,18515.0,18495.0,PB
37,PB1805,2018-04-13,18375.0,18380.0,18115.0,18365.0,53978,39844,,18280.0,18515.0,PB
38,PB1806,2018-04-16,18150.0,18160.0,17785.0,18100.0,69820,42242,,17965.0,18115.0,PB
37,PB1806,2018-04-17,18140.0,18300.0,18045.0,18155.0,64858,46816,,18195.0,17965.0,PB
37,PB1806,2018-04-18,18050.0,18250.0,18020.0,18170.0,67528,48364,,18135.0,18195.0,PB
37,PB1806,2018-04-19,18405.0,18530.0,18290.0,18350.0,71996,46966,,18400.0,18135.0,PB
37,PB1806,2018-04-20,18250.0,18340.0,18140.0,18325.0,54986,47032,,18240.0,18400.0,PB
37,PB1806,2018-04-23,18465.0,18470.0,18305.0,18440.0,41808,48012,,18385.0,18240.0,PB
37,PB1806,2018-04-24,18305.0,18415.0,18240.0,18365.0,39132,47998,,18355.0,18385.0,PB
37,PB1806,2018-04-25,18410.0,18440.0,18215.0,18215.0,41326,48204,,18315.0,18355.0,PB
37,PB1806,2018-04-26,18285.0,18285.0,18110.0,18225.0,56992,49926,,18205.0,18315.0,PB
37,PB1806,2018-04-27,18220.0,18430.0,18200.0,18370.0,50264,50320,,18300.0,18205.0,PB
37,PB1806,2018-05-02,18350.0,18595.0,18300.0,18590.0,33906,55046,,18455.0,18300.0,PB
37,PB1806,2018-05-03,18560.0,18605.0,18400.0,18510.0,40122,54952,,18475.0,18455.0,PB
37,PB1806,2018-05-04,18525.0,18570.0,18420.0,18550.0,42816,58160,,18495.0,18475.0,PB
37,PB1806,2018-05-07,18530.0,18965.0,18495.0,18865.0,59922,64864,,18755.0,18495.0,PB
37,PB1806,2018-05-08,18875.0,18980.0,18830.0,18955.0,32072,64232,,18900.0,18755.0,PB
37,PB1806,2018-05-09,18950.0,18990.0,18790.0,18950.0,39630,66900,,18895.0,18900.0,PB
37,PB1806,2018-05-10,18930.0,18960.0,18850.0,18935.0,32684,67072,,18905.0,18895.0,PB
37,PB1806,2018-05-11,19015.0,19245.0,19010.0,19160.0,62036,67910,,19140.0,18905.0,PB
37,PB1806,2018-05-14,19240.0,19815.0,19185.0,19385.0,89236,62738,,19495.0,19140.0,PB
37,PB1806,2018-05-15,19465.0,19530.0,19305.0,19490.0,40442,61776,,19410.0,19495.0,PB
36,PB1806,2018-05-16,19400.0,19490.0,19250.0,19410.0,36262,58084,,19335.0,19410.0,PB
36,PB1806,2018-05-17,19335.0,19635.0,19300.0,19410.0,44306,56698,,19460.0,19335.0,PB
36,PB1806,2018-05-18,19420.0,19705.0,19360.0,19665.0,30518,57848,,19545.0,19460.0,PB
36,PB1806,2018-05-21,19600.0,19920.0,19580.0,19825.0,40364,56780,,19760.0,19545.0,PB
36,PB1806,2018-05-22,19825.0,20465.0,19820.0,20200.0,91824,49930,,20225.0,19760.0,PB
37,PB1807,2018-05-23,19885.0,19895.0,19520.0,19750.0,50210,64234,,19690.0,19595.0,PB
37,PB1807,2018-05-24,19740.0,20100.0,19625.0,19990.0,99048,74710,,19890.0,19690.0,PB
37,PB1807,2018-05-25,20000.0,20225.0,19955.0,19995.0,103500,78102,,20085.0,19890.0,PB
37,PB1807,2018-05-28,19915.0,19960.0,19635.0,19870.0,97126,73886,,19800.0,20085.0,PB
37,PB1807,2018-05-29,19890.0,20210.0,19750.0,20065.0,109648,77094,,19965.0,19800.0,PB
37,PB1807,2018-05-30,20045.0,20055.0,19785.0,19835.0,70108,77402,,19890.0,19965.0,PB
37,PB1807,2018-05-31,19885.0,20115.0,19855.0,19940.0,64822,77668,,19975.0,19890.0,PB
37,PB1807,2018-06-01,19970.0,20075.0,19700.0,19840.0,67476,76808,,19890.0,19975.0,PB
37,PB1807,2018-06-04,19885.0,20015.0,19760.0,19885.0,49690,78392,,19890.0,19890.0,PB
37,PB1807,2018-06-05,19895.0,20680.0,19855.0,20600.0,229322,96968,,20385.0,19890.0,PB
37,PB1807,2018-06-06,20625.0,20780.0,20495.0,20675.0,105940,92412,,20620.0,20385.0,PB
37,PB1807,2018-06-07,20700.0,20810.0,20540.0,20645.0,76846,85906,,20655.0,20620.0,PB
37,PB1807,2018-06-08,20700.0,20770.0,20310.0,20385.0,74834,77416,,20485.0,20655.0,PB
37,PB1807,2018-06-11,20375.0,20595.0,20325.0,20545.0,61054,77002,,20495.0,20485.0,PB
37,PB1807,2018-06-12,20500.0,20635.0,20450.0,20580.0,36066,75714,,20545.0,20495.0,PB
37,PB1807,2018-06-13,20505.0,20550.0,20390.0,20505.0,36776,73848,,20455.0,20545.0,PB
37,PB1807,2018-06-14,20480.0,20750.0,20180.0,20250.0,90190,68720,,20440.0,20455.0,PB
37,PB1807,2018-06-15,20200.0,20330.0,20110.0,20210.0,47140,66280,,20220.0,20440.0,PB
36,PB1807,2018-06-19,20050.0,20335.0,19950.0,20080.0,41544,62224,,20130.0,20220.0,PB
36,PB1807,2018-06-20,20020.0,20075.0,19905.0,19975.0,41660,55752,,19990.0,20130.0,PB
36,PB1807,2018-06-21,19930.0,20050.0,19850.0,19855.0,36802,53126,,19955.0,19990.0,PB
36,PB1807,2018-06-22,19905.0,19950.0,19610.0,19935.0,48832,49802,,19755.0,19955.0,PB
37,PB1808,2018-06-25,19595.0,19795.0,19515.0,19550.0,50370,51426,,19655.0,19395.0,PB
37,PB1808,2018-06-26,19645.0,19940.0,19575.0,19895.0,95954,61338,,19785.0,19655.0,PB
37,PB1808,2018-06-27,19820.0,20195.0,19815.0,20170.0,87660,64286,,20010.0,19785.0,PB
37,PB1808,2018-06-28,20200.0,20625.0,20200.0,20595.0,136212,78146,,20445.0,20010.0,PB
37,PB1808,2018-06-29,20500.0,20550.0,20280.0,20460.0,100150,77344,,20425.0,20445.0,PB
37,PB1808,2018-07-02,20515.0,20585.0,20015.0,20080.0,84324,73702,,20285.0,20425.0,PB
37,PB1808,2018-07-03,20120.0,20235.0,20050.0,20115.0,65204,71910,,20145.0,20285.0,PB
37,PB1808,2018-07-04,20100.0,20185.0,19880.0,19905.0,66506,67514,,19990.0,20145.0,PB
37,PB1808,2018-07-05,19855.0,19880.0,19520.0,19605.0,84146,67934,,19690.0,19990.0,PB
37,PB1808,2018-07-06,19765.0,19790.0,19455.0,19685.0,78358,63798,,19640.0,19690.0,PB
37,PB1808,2018-07-09,19535.0,19725.0,19510.0,19635.0,53686,61498,,19620.0,19640.0,PB
37,PB1808,2018-07-10,19670.0,19765.0,19430.0,19465.0,52240,59296,,19560.0,19620.0,PB
37,PB1808,2018-07-11,19400.0,19455.0,18790.0,19045.0,101788,56464,,19155.0,19560.0,PB
37,PB1808,2018-07-12,19055.0,19240.0,18855.0,19070.0,78444,55520,,19065.0,19155.0,PB
37,PB1808,2018-07-13,18865.0,18995.0,18760.0,18935.0,61080,52860,,18890.0,19065.0,PB
37,PB1808,2018-07-16,18905.0,19355.0,18850.0,19005.0,89336,50182,,19170.0,18890.0,PB
36,PB1808,2018-07-17,19020.0,19110.0,18660.0,18760.0,60596,49414,,18825.0,19170.0,PB
36,PB1808,2018-07-18,18795.0,18940.0,18685.0,18850.0,44094,48270,,18780.0,18825.0,PB
36,PB1808,2018-07-19,18745.0,19240.0,18700.0,18940.0,75994,44590,,19045.0,18780.0,PB
36,PB1808,2018-07-20,18700.0,19045.0,18700.0,18810.0,51138,41046,,18895.0,19045.0,PB
36,PB1808,2018-07-23,18895.0,18945.0,18785.0,18850.0,38108,36594,,18860.0,18895.0,PB
37,PB1809,2018-07-24,18565.0,18585.0,18420.0,18575.0,31082,50008,,18510.0,18450.0,PB
37,PB1809,2018-07-25,18630.0,18880.0,18570.0,18820.0,62002,58194,,18740.0,18510.0,PB
37,PB1809,2018-07-26,18740.0,18835.0,18630.0,18820.0,53598,61664,,18730.0,18740.0,PB
37,PB1809,2018-07-27,18765.0,18930.0,18760.0,18820.0,46792,61532,,18835.0,18730.0,PB
37,PB1809,2018-07-30,18780.0,18785.0,18350.0,18435.0,89584,65498,,18555.0,18835.0,PB
37,PB1809,2018-07-31,18490.0,18580.0,18410.0,18490.0,52368,67084,,18495.0,18555.0,PB
37,PB1809,2018-08-01,18550.0,18570.0,18270.0,18305.0,64636,67556,,18425.0,18495.0,PB
37,PB1809,2018-08-02,18270.0,18380.0,18185.0,18240.0,46818,67028,,18285.0,18425.0,PB
37,PB1809,2018-08-03,18310.0,18345.0,17855.0,17950.0,66818,65248,,18090.0,18285.0,PB
37,PB1809,2018-08-06,18005.0,18210.0,17810.0,17840.0,69622,62870,,17990.0,18090.0,PB
37,PB1809,2018-08-07,17900.0,18235.0,17750.0,18120.0,80314,62136,,17990.0,17990.0,PB
37,PB1809,2018-08-08,18120.0,18565.0,18060.0,18455.0,63800,60468,,18295.0,17990.0,PB
37,PB1809,2018-08-09,18450.0,18565.0,18310.0,18450.0,39730,59428,,18425.0,18295.0,PB
37,PB1809,2018-08-10,18460.0,18520.0,18205.0,18235.0,40204,57432,,18330.0,18425.0,PB
37,PB1809,2018-08-13,18315.0,18375.0,18160.0,18180.0,36214,56498,,18270.0,18330.0,PB
37,PB1809,2018-08-14,18260.0,18410.0,18080.0,18365.0,45298,55278,,18245.0,18270.0,PB
37,PB1809,2018-08-15,18330.0,18385.0,18025.0,18145.0,40636,52548,,18185.0,18245.0,PB
37,PB1810,2018-08-16,17560.0,17750.0,17210.0,17505.0,62410,46350,,17480.0,17935.0,PB
37,PB1810,2018-08-17,17555.0,17695.0,17270.0,17345.0,62706,48128,,17500.0,17480.0,PB
37,PB1810,2018-08-20,17345.0,17700.0,17280.0,17530.0,70762,52628,,17425.0,17500.0,PB
37,PB1810,2018-08-21,17535.0,17580.0,17320.0,17550.0,73340,57232,,17465.0,17425.0,PB
37,PB1810,2018-08-22,17600.0,17720.0,17450.0,17535.0,75872,57944,,17585.0,17465.0,PB
37,PB1810,2018-08-23,17575.0,17975.0,17560.0,17815.0,81796,59166,,17795.0,17585.0,PB
37,PB1810,2018-08-24,17860.0,18355.0,17860.0,18325.0,94670,63974,,18150.0,17795.0,PB
37,PB1810,2018-08-27,18430.0,18475.0,18220.0,18420.0,57298,61892,,18340.0,18150.0,PB
37,PB1810,2018-08-28,18500.0,18595.0,18260.0,18410.0,48804,61648,,18350.0,18340.0,PB
37,PB1810,2018-08-29,18390.0,18395.0,18185.0,18280.0,57962,58954,,18260.0,18350.0,PB
37,PB1810,2018-08-30,18275.0,18700.0,18255.0,18685.0,86390,62836,,18500.0,18260.0,PB
37,PB1810,2018-08-31,18640.0,18985.0,18460.0,18810.0,97610,64464,,18685.0,18500.0,PB
37,PB1810,2018-09-03,18755.0,19030.0,18620.0,18865.0,92180,65370,,18820.0,18685.0,PB
37,PB1810,2018-09-04,19000.0,19120.0,18805.0,18805.0,77878,61772,,18990.0,18820.0,PB
37,PB1810,2018-09-05,18795.0,18825.0,18470.0,18665.0,71972,60170,,18665.0,18990.0,PB
37,PB1810,2018-09-06,18660.0,18780.0,18440.0,18595.0,68336,59248,,18595.0,18665.0,PB
37,PB1810,2018-09-07,18590.0,18755.0,18520.0,18645.0,60278,60946,,18625.0,18595.0,PB
37,PB1810,2018-09-10,18700.0,19095.0,18640.0,19045.0,77836,64840,,18890.0,18625.0,PB
37,PB1810,2018-09-11,19125.0,19240.0,18570.0,18705.0,78116,57208,,18850.0,18890.0,PB
37,PB1810,2018-09-12,18515.0,18950.0,18500.0,18870.0,58786,58680,,18705.0,18850.0,PB
37,PB1810,2018-09-13,18960.0,18990.0,18740.0,18835.0,49972,56282,,18850.0,18705.0,PB
37,PB1810,2018-09-14,18985.0,19055.0,18790.0,19020.0,49908,53472,,18910.0,18850.0,PB
37,PB1810,2018-09-17,19035.0,19050.0,18595.0,18665.0,49484,49716,,18770.0,18910.0,PB
36,PB1810,2018-09-18,18705.0,18845.0,18495.0,18715.0,60474,44658,,18685.0,18770.0,PB
37,PB1811,2018-09-19,18320.0,18580.0,18175.0,18480.0,46802,51968,,18360.0,18270.0,PB
37,PB1811,2018-09-20,18420.0,18645.0,18335.0,18470.0,61680,57704,,18460.0,18360.0,PB
37,PB1811,2018-09-21,18410.0,18470.0,18205.0,18290.0,70258,60936,,18315.0,18460.0,PB
37,PB1811,2018-09-25,18325.0,18395.0,18155.0,18310.0,46612,61890,,18250.0,18315.0,PB
37,PB1811,2018-09-26,18360.0,18370.0,17975.0,18015.0,79788,56022,,18165.0,18250.0,PB
37,PB1811,2018-09-27,18080.0,18085.0,17760.0,17840.0,66566,53816,,17925.0,18165.0,PB
37,PB1811,2018-09-28,17815.0,18175.0,17780.0,18115.0,61524,51516,,17965.0,17925.0,PB
37,PB1811,2018-10-08,18045.0,18170.0,17945.0,18130.0,29526,50170,,18070.0,17965.0,PB
37,PB1811,2018-10-09,18160.0,18345.0,18050.0,18335.0,54974,49550,,18165.0,18070.0,PB
37,PB1811,2018-10-10,18185.0,18320.0,18005.0,18250.0,76352,50664,,18160.0,18165.0,PB
37,PB1811,2018-10-11,18140.0,18410.0,18055.0,18210.0,95510,54406,,18255.0,18160.0,PB
37,PB1811,2018-10-12,18480.0,18750.0,18330.0,18600.0,109886,54140,,18510.0,18255.0,PB
37,PB1811,2018-10-15,18780.0,18995.0,18700.0,18815.0,78334,54582,,18875.0,18510.0,PB
36,PB1811,2018-10-16,18955.0,19060.0,18715.0,18750.0,62028,52146,,18880.0,18875.0,PB
36,PB1811,2018-10-17,18825.0,18875.0,18600.0,18670.0,44292,50058,,18735.0,18880.0,PB
36,PB1811,2018-10-18,18630.0,18760.0,18480.0,18500.0,50828,45492,,18625.0,18735.0,PB
36,PB1811,2018-10-19,18435.0,18480.0,18260.0,18275.0,46086,39484,,18365.0,18625.0,PB
36,PB1811,2018-10-22,18180.0,18505.0,18130.0,18470.0,38710,34472,,18295.0,18365.0,PB
37,PB1812,2018-10-23,18205.0,18270.0,18035.0,18125.0,38790,47556,,18145.0,18080.0,PB
37,PB1812,2018-10-24,18040.0,18310.0,18040.0,18150.0,71888,47652,,18160.0,18145.0,PB
37,PB1812,2018-10-25,18100.0,18455.0,18100.0,18420.0,63984,51412,,18280.0,18160.0,PB
37,PB1812,2018-10-26,18420.0,18540.0,18340.0,18520.0,59658,52778,,18435.0,18280.0,PB
37,PB1812,2018-10-29,18465.0,18625.0,18450.0,18560.0,61504,53198,,18520.0,18435.0,PB
37,PB1812,2018-10-30,18545.0,18555.0,18370.0,18405.0,49554,51982,,18450.0,18520.0,PB
37,PB1812,2018-10-31,18350.0,18465.0,18225.0,18425.0,51944,52760,,18315.0,18450.0,PB
37,PB1812,2018-11-01,18295.0,18800.0,18210.0,18740.0,89418,59480,,18540.0,18315.0,PB
37,PB1812,2018-11-02,18785.0,18790.0,18610.0,18750.0,73536,56224,,18690.0,18540.0,PB
37,PB1812,2018-11-05,18850.0,18860.0,18630.0,18635.0,59392,54406,,18735.0,18690.0,PB
37,PB1812,2018-11-06,18580.0,18660.0,18420.0,18420.0,55870,50836,,18530.0,18735.0,PB
37,PB1812,2018-11-07,18420.0,18465.0,18260.0,18390.0,49120,47056,,18365.0,18530.0,PB
37,PB1812,2018-11-08,18365.0,18520.0,18320.0,18465.0,48352,45946,,18410.0,18365.0,PB
37,PB1812,2018-11-09,18520.0,18765.0,18500.0,18550.0,58124,44610,,18655.0,18410.0,PB
37,PB1812,2018-11-12,18545.0,18680.0,18385.0,18605.0,53290,44986,,18505.0,18655.0,PB
37,PB1812,2018-11-13,18495.0,18575.0,18420.0,18475.0,35672,42700,,18495.0,18505.0,PB
37,PB1812,2018-11-14,18380.0,18540.0,18315.0,18505.0,43266,39492,,18435.0,18495.0,PB
38,PB1901,2018-11-15,18140.0,18320.0,18030.0,18250.0,49128,50490,,18200.0,17990.0,PB
37,PB1901,2018-11-16,18210.0,18265.0,18020.0,18140.0,77092,54414,,18125.0,18200.0,PB
37,PB1901,2018-11-19,18220.0,18445.0,18160.0,18205.0,99190,55548,,18300.0,18125.0,PB
37,PB1901,2018-11-20,18295.0,18355.0,18200.0,18300.0,66350,53860,,18270.0,18300.0,PB
37,PB1901,2018-11-21,18335.0,18335.0,18070.0,18290.0,90786,54466,,18210.0,18270.0,PB
37,PB1901,2018-11-22,18250.0,18385.0,18215.0,18345.0,63094,58816,,18300.0,18210.0,PB
37,PB1901,2018-11-23,18360.0,18585.0,18215.0,18480.0,111782,68474,,18445.0,18300.0,PB
37,PB1901,2018-11-26,18385.0,18425.0,18105.0,18120.0,104814,66886,,18255.0,18445.0,PB
37,PB1901,2018-11-27,18095.0,18190.0,17935.0,17945.0,84442,71158,,18090.0,18255.0,PB
37,PB1901,2018-11-28,17950.0,18175.0,17920.0,18150.0,90538,67820,,18060.0,18090.0,PB
37,PB1901,2018-11-29,18230.0,18315.0,18135.0,18190.0,66640,62992,,18230.0,18060.0,PB
37,PB1901,2018-11-30,18255.0,18330.0,18175.0,18290.0,61838,61110,,18250.0,18230.0,PB
37,PB1901,2018-12-03,18395.0,18765.0,18320.0,18570.0,91784,59138,,18525.0,18250.0,PB
37,PB1901,2018-12-04,18510.0,18580.0,18405.0,18475.0,44138,55462,,18470.0,18525.0,PB
37,PB1901,2018-12-05,18525.0,18635.0,18520.0,18535.0,52934,55530,,18560.0,18470.0,PB
37,PB1901,2018-12-06,18530.0,18630.0,18430.0,18465.0,31378,56058,,18530.0,18560.0,PB
37,PB1901,2018-12-07,18435.0,18620.0,18370.0,18590.0,35514,54310,,18495.0,18530.0,PB
37,PB1901,2018-12-10,18520.0,18605.0,18480.0,18530.0,31060,52712,,18530.0,18495.0,PB
37,PB1901,2018-12-11,18530.0,18560.0,18370.0,18380.0,33384,51210,,18435.0,18530.0,PB
37,PB1901,2018-12-12,18430.0,18590.0,18425.0,18560.0,34674,53040,,18505.0,18435.0,PB
37,PB1901,2018-12-13,18500.0,18550.0,18450.0,18500.0,30934,50180,,18495.0,18505.0,PB
37,PB1901,2018-12-14,18440.0,18500.0,18355.0,18390.0,29116,48470,,18420.0,18495.0,PB
37,PB1901,2018-12-17,18380.0,18415.0,18255.0,18380.0,29402,46236,,18340.0,18420.0,PB
36,PB1901,2018-12-18,18275.0,18340.0,18200.0,18220.0,25556,44728,,18270.0,18340.0,PB
36,PB1901,2018-12-19,18245.0,18490.0,18205.0,18420.0,41416,38936,,18390.0,18270.0,PB
37,PB1902,2018-12-20,18025.0,18170.0,18005.0,18045.0,27628,48502,,18075.0,18025.0,PB
37,PB1902,2018-12-21,18075.0,18160.0,18010.0,18035.0,35436,51636,,18090.0,18075.0,PB
37,PB1902,2018-12-24,18030.0,18060.0,17900.0,17950.0,42310,56816,,17970.0,18090.0,PB
37,PB1902,2018-12-25,18015.0,18085.0,17820.0,17835.0,46206,58138,,17970.0,17970.0,PB
37,PB1902,2018-12-26,17870.0,17880.0,17655.0,17825.0,47234,60286,,17755.0,17970.0,PB
37,PB1902,2018-12-27,17825.0,17995.0,17795.0,17930.0,37962,56344,,17925.0,17755.0,PB
37,PB1902,2018-12-28,17995.0,18080.0,17935.0,18050.0,46740,52880,,18005.0,17925.0,PB
37,PB1902,2019-01-02,18000.0,18140.0,17960.0,18000.0,19634,54096,,18020.0,18005.0,PB
37,PB1902,2019-01-03,17915.0,17925.0,17755.0,17770.0,37376,56980,,17820.0,18020.0,PB
37,PB1902,2019-01-04,17760.0,17820.0,17520.0,17735.0,47390,57290,,17670.0,17820.0,PB
37,PB1902,2019-01-07,17720.0,17755.0,17570.0,17670.0,46328,59844,,17635.0,17670.0,PB
37,PB1902,2019-01-08,17655.0,17660.0,17365.0,17410.0,48948,61338,,17490.0,17635.0,PB
37,PB1902,2019-01-09,17450.0,17615.0,17430.0,17570.0,41182,58896,,17535.0,17490.0,PB
37,PB1902,2019-01-10,17550.0,17620.0,17395.0,17450.0,31952,57954,,17485.0,17535.0,PB
37,PB1902,2019-01-11,17465.0,17595.0,17275.0,17485.0,46658,55244,,17455.0,17485.0,PB
37,PB1902,2019-01-14,17465.0,17500.0,17335.0,17470.0,36830,53046,,17425.0,17455.0,PB
37,PB1902,2019-01-15,17420.0,17570.0,17345.0,17555.0,27244,51394,,17465.0,17425.0,PB
36,PB1902,2019-01-16,17480.0,17630.0,17440.0,17590.0,29372,49166,,17515.0,17465.0,PB
36,PB1902,2019-01-17,17560.0,17665.0,17555.0,17650.0,22564,46994,,17600.0,17515.0,PB
36,PB1902,2019-01-18,17670.0,17730.0,17595.0,17715.0,29578,42982,,17660.0,17600.0,PB
36,PB1902,2019-01-21,17715.0,17810.0,17685.0,17715.0,33618,40138,,17760.0,17660.0,PB
36,PB1902,2019-01-22,17700.0,17790.0,17620.0,17640.0,29818,33866,,17710.0,17760.0,PB
37,PB1903,2019-01-23,17525.0,17585.0,17500.0,17555.0,19212,44772,,17535.0,17580.0,PB
37,PB1903,2019-01-24,17565.0,17690.0,17530.0,17605.0,34354,46724,,17605.0,17535.0,PB
37,PB1903,2019-01-25,17650.0,17815.0,17615.0,17660.0,46924,47252,,17715.0,17605.0,PB
37,PB1903,2019-01-28,17690.0,17860.0,17675.0,17705.0,37516,45718,,17755.0,17715.0,PB
37,PB1903,2019-01-29,17775.0,17785.0,17620.0,17645.0,38598,42904,,17705.0,17755.0,PB
37,PB1903,2019-01-30,17660.0,17670.0,17490.0,17500.0,36826,43122,,17575.0,17705.0,PB
37,PB1903,2019-01-31,17515.0,17590.0,17395.0,17410.0,33884,41624,,17495.0,17575.0,PB
37,PB1903,2019-02-01,17400.0,17515.0,17330.0,17375.0,29466,38286,,17425.0,17495.0,PB
37,PB1903,2019-02-11,17345.0,17345.0,16675.0,16770.0,35340,43864,,16955.0,17425.0,PB
37,PB1903,2019-02-12,16795.0,16945.0,16790.0,16800.0,24156,45044,,16855.0,16955.0,PB
37,PB1903,2019-02-13,16800.0,16825.0,16510.0,16710.0,43780,42832,,16645.0,16855.0,PB
37,PB1903,2019-02-14,16680.0,16895.0,16630.0,16875.0,35770,39932,,16790.0,16645.0,PB
37,PB1903,2019-02-15,16860.0,16920.0,16785.0,16870.0,20266,39102,,16855.0,16790.0,PB
36,PB1903,2019-02-18,17010.0,17120.0,16925.0,16965.0,28414,36816,,17020.0,16855.0,PB
36,PB1903,2019-02-19,16935.0,16940.0,16740.0,16830.0,22950,34436,,16845.0,17020.0,PB
36,PB1903,2019-02-20,16770.0,16870.0,16735.0,16790.0,20972,32888,,16795.0,16845.0,PB
37,PB1904,2019-02-21,16900.0,16900.0,16720.0,16765.0,28456,43332,,16800.0,16800.0,PB
37,PB1904,2019-02-22,16755.0,17045.0,16735.0,17045.0,37516,43180,,16890.0,16800.0,PB
37,PB1904,2019-02-25,17085.0,17225.0,16970.0,17125.0,43298,43546,,17105.0,16890.0,PB
37,PB1904,2019-02-26,17140.0,17180.0,16965.0,17025.0,34098,46448,,17065.0,17105.0,PB
37,PB1904,2019-02-27,17025.0,17200.0,16985.0,17145.0,28182,47354,,17120.0,17065.0,PB
37,PB1904,2019-02-28,17250.0,17375.0,17185.0,17365.0,44854,48030,,17295.0,17120.0,PB
37,PB1904,2019-03-01,17415.0,17850.0,17415.0,17780.0,69264,45256,,17615.0,17295.0,PB
37,PB1904,2019-03-04,17780.0,17800.0,17650.0,17710.0,37288,41244,,17700.0,17615.0,PB
37,PB1904,2019-03-05,17615.0,17705.0,17540.0,17570.0,39980,38436,,17615.0,17700.0,PB
37,PB1904,2019-03-06,17620.0,17635.0,17490.0,17525.0,27662,35978,,17550.0,17615.0,PB
37,PB1904,2019-03-07,17555.0,17595.0,17470.0,17575.0,31376,38094,,17540.0,17550.0,PB
37,PB1904,2019-03-08,17525.0,17565.0,17395.0,17475.0,23782,37152,,17465.0,17540.0,PB
37,PB1904,2019-03-11,17445.0,17555.0,17365.0,17465.0,23510,36226,,17450.0,17465.0,PB
37,PB1904,2019-03-12,17430.0,17490.0,17355.0,17415.0,20006,35458,,17410.0,17450.0,PB
37,PB1904,2019-03-13,17390.0,17550.0,17390.0,17450.0,21460,34404,,17485.0,17410.0,PB
37,PB1904,2019-03-14,17500.0,17580.0,17310.0,17325.0,35040,34784,,17435.0,17485.0,PB
37,PB1904,2019-03-15,17325.0,17400.0,17190.0,17200.0,31544,32972,,17305.0,17435.0,PB
36,PB1904,2019-03-18,17150.0,17155.0,16910.0,16910.0,33094,28438,,17020.0,17305.0,PB
36,PB1904,2019-03-19,16840.0,16985.0,16810.0,16855.0,22902,25372,,16885.0,17020.0,PB
37,PB1905,2019-03-20,16840.0,16900.0,16780.0,16875.0,17352,36390,,16850.0,16860.0,PB
37,PB1905,2019-03-21,16845.0,17005.0,16815.0,16990.0,31054,38504,,16895.0,16850.0,PB
37,PB1905,2019-03-22,16960.0,17050.0,16865.0,16980.0,27884,38776,,16945.0,16895.0,PB
37,PB1905,2019-03-25,16930.0,16960.0,16785.0,16850.0,28892,40916,,16865.0,16945.0,PB
37,PB1905,2019-03-26,16805.0,16890.0,16755.0,16815.0,30326,43630,,16820.0,16865.0,PB
37,PB1905,2019-03-27,16750.0,16865.0,16745.0,16835.0,26294,42724,,16825.0,16820.0,PB
37,PB1905,2019-03-28,16820.0,16870.0,16735.0,16760.0,31382,43394,,16795.0,16825.0,PB
37,PB1905,2019-03-29,16760.0,16795.0,16700.0,16730.0,25874,44102,,16740.0,16795.0,PB
37,PB1905,2019-04-01,16765.0,16960.0,16765.0,16945.0,40688,42616,,16875.0,16740.0,PB
37,PB1905,2019-04-02,16990.0,16990.0,16775.0,16820.0,23206,42990,,16850.0,16875.0,PB
37,PB1905,2019-04-03,16750.0,16910.0,16735.0,16895.0,26556,42346,,16805.0,16850.0,PB
37,PB1905,2019-04-04,16890.0,16945.0,16815.0,16920.0,36458,43088,,16875.0,16805.0,PB
37,PB1905,2019-04-08,16810.0,16945.0,16775.0,16880.0,20152,42002,,16870.0,16875.0,PB
37,PB1905,2019-04-09,16900.0,16930.0,16820.0,16900.0,26672,40950,,16875.0,16870.0,PB
37,PB1905,2019-04-10,16855.0,16940.0,16665.0,16685.0,38340,43708,,16780.0,16875.0,PB
37,PB1905,2019-04-11,16690.0,16690.0,16410.0,16445.0,53334,45280,,16525.0,16780.0,PB
37,PB1905,2019-04-12,16465.0,16515.0,16260.0,16345.0,31460,44450,,16365.0,16525.0,PB
38,PB1906,2019-04-15,16365.0,16440.0,16235.0,16420.0,31738,41112,,16335.0,16365.0,PB
37,PB1906,2019-04-16,16450.0,16530.0,16335.0,16520.0,49248,50376,,16440.0,16335.0,PB
37,PB1906,2019-04-17,16465.0,16545.0,16350.0,16440.0,36338,53578,,16465.0,16440.0,PB
37,PB1906,2019-04-18,16500.0,16515.0,16340.0,16365.0,31022,53416,,16420.0,16465.0,PB
37,PB1906,2019-04-19,16410.0,16540.0,16355.0,16500.0,31782,53616,,16470.0,16420.0,PB
37,PB1906,2019-04-22,16475.0,16580.0,16450.0,16575.0,27406,50890,,16520.0,16470.0,PB
37,PB1906,2019-04-23,16600.0,16665.0,16470.0,16500.0,27688,54524,,16535.0,16520.0,PB
37,PB1906,2019-04-24,16510.0,16535.0,16340.0,16345.0,27936,56398,,16410.0,16535.0,PB
37,PB1906,2019-04-25,16360.0,16550.0,16350.0,16545.0,42812,56644,,16470.0,16410.0,PB
37,PB1906,2019-04-26,16475.0,16610.0,16430.0,16590.0,36294,56042,,16525.0,16470.0,PB
37,PB1906,2019-04-29,16625.0,16780.0,16590.0,16710.0,47650,58484,,16695.0,16525.0,PB
37,PB1906,2019-04-30,16730.0,16750.0,16650.0,16685.0,24270,56960,,16695.0,16695.0,PB
37,PB1906,2019-05-06,16305.0,16595.0,16210.0,16380.0,25252,56828,,16425.0,16695.0,PB
37,PB1906,2019-05-07,16365.0,16420.0,16325.0,16365.0,26708,57042,,16370.0,16425.0,PB
37,PB1906,2019-05-08,16355.0,16395.0,16295.0,16355.0,27960,57754,,16340.0,16370.0,PB
37,PB1906,2019-05-09,16305.0,16380.0,16155.0,16180.0,36114,56106,,16285.0,16340.0,PB
37,PB1906,2019-05-10,16110.0,16255.0,16100.0,16155.0,36414,53960,,16175.0,16285.0,PB
37,PB1906,2019-05-13,16120.0,16140.0,15940.0,15955.0,32952,55264,,16030.0,16175.0,PB
37,PB1906,2019-05-14,15875.0,15995.0,15790.0,15890.0,28822,53662,,15870.0,16030.0,PB
37,PB1906,2019-05-15,15820.0,16130.0,15810.0,16065.0,34086,50486,,15960.0,15870.0,PB
36,PB1906,2019-05-16,16020.0,16280.0,15965.0,16275.0,26292,47260,,16110.0,15960.0,PB
36,PB1906,2019-05-17,16360.0,16400.0,16080.0,16120.0,28984,42500,,16225.0,16110.0,PB
37,PB1907,2019-05-20,16080.0,16175.0,16020.0,16065.0,23268,37130,,16110.0,16195.0,PB
37,PB1907,2019-05-21,16010.0,16155.0,15870.0,16135.0,45582,39220,,16010.0,16110.0,PB
37,PB1907,2019-05-22,16105.0,16145.0,16020.0,16085.0,37640,44634,,16075.0,16010.0,PB
37,PB1907,2019-05-23,16030.0,16275.0,16020.0,16125.0,51728,45878,,16130.0,16075.0,PB
37,PB1907,2019-05-24,16025.0,16295.0,16025.0,16265.0,49956,46374,,16195.0,16130.0,PB
37,PB1907,2019-05-27,16305.0,16350.0,15990.0,16020.0,39462,49738,,16190.0,16195.0,PB
37,PB1907,2019-05-28,16020.0,16135.0,15935.0,15955.0,44398,55770,,16050.0,16190.0,PB
37,PB1907,2019-05-29,15965.0,16040.0,15865.0,15945.0,40956,54462,,15965.0,16050.0,PB
37,PB1907,2019-05-30,15970.0,16185.0,15920.0,16175.0,43826,51208,,16110.0,15965.0,PB
37,PB1907,2019-05-31,16120.0,16165.0,15920.0,15925.0,45384,52402,,16060.0,16110.0,PB
37,PB1907,2019-06-03,15930.0,16090.0,15920.0,15960.0,37020,52120,,16010.0,16060.0,PB
37,PB1907,2019-06-04,15960.0,16030.0,15860.0,15870.0,35096,51808,,15935.0,16010.0,PB
37,PB1907,2019-06-05,15990.0,16100.0,15935.0,16030.0,44310,49124,,16015.0,15935.0,PB
37,PB1907,2019-06-06,16125.0,16145.0,15985.0,16090.0,36124,46272,,16065.0,16015.0,PB
37,PB1907,2019-06-10,16080.0,16270.0,15920.0,16220.0,29222,46078,,16145.0,16065.0,PB
37,PB1907,2019-06-11,16300.0,16320.0,16160.0,16180.0,31032,46472,,16230.0,16145.0,PB
37,PB1907,2019-06-12,16215.0,16265.0,16025.0,16045.0,35208,46190,,16140.0,16230.0,PB
37,PB1907,2019-06-13,16050.0,16170.0,16020.0,16065.0,28182,43966,,16085.0,16140.0,PB
37,PB1907,2019-06-14,16050.0,16175.0,16000.0,16135.0,25352,44286,,16095.0,16085.0,PB
37,PB1907,2019-06-17,16090.0,16200.0,16020.0,16145.0,28452,42338,,16085.0,16095.0,PB
36,PB1907,2019-06-18,16120.0,16255.0,16060.0,16140.0,27146,40220,,16150.0,16085.0,PB
36,PB1907,2019-06-19,16130.0,16340.0,16120.0,16270.0,30442,37644,,16240.0,16150.0,PB
36,PB1907,2019-06-20,16220.0,16225.0,16060.0,16090.0,29324,35206,,16125.0,16240.0,PB
37,PB1908,2019-06-21,16145.0,16155.0,15945.0,15965.0,28924,45656,,16045.0,16120.0,PB
37,PB1908,2019-06-24,15910.0,16165.0,15910.0,16160.0,46272,48912,,16035.0,16045.0,PB
37,PB1908,2019-06-25,16185.0,16290.0,16145.0,16235.0,40184,50874,,16220.0,16035.0,PB
37,PB1908,2019-06-26,16235.0,16310.0,16140.0,16185.0,41410,51786,,16225.0,16220.0,PB
37,PB1908,2019-06-27,16175.0,16220.0,16035.0,16040.0,33480,53732,,16135.0,16225.0,PB
37,PB1908,2019-06-28,16025.0,16085.0,15985.0,16020.0,37754,56460,,16030.0,16135.0,PB
37,PB1908,2019-07-01,16020.0,16275.0,15990.0,16275.0,43812,51342,,16135.0,16030.0,PB
37,PB1908,2019-07-02,16285.0,16300.0,16110.0,16170.0,42300,51474,,16185.0,16135.0,PB
37,PB1908,2019-07-03,16095.0,16160.0,16010.0,16015.0,35040,50696,,16075.0,16185.0,PB
37,PB1908,2019-07-04,16020.0,16170.0,15925.0,16150.0,40626,49714,,16050.0,16075.0,PB
37,PB1908,2019-07-05,16135.0,16195.0,15975.0,16010.0,31498,50750,,16055.0,16050.0,PB
37,PB1908,2019-07-08,16005.0,16065.0,15910.0,15960.0,34208,51842,,15990.0,16055.0,PB
37,PB1908,2019-07-09,16000.0,16005.0,15655.0,15655.0,47654,56514,,15840.0,15990.0,PB
37,PB1908,2019-07-10,15720.0,16450.0,15675.0,15995.0,80720,48468,,15885.0,15840.0,PB
37,PB1908,2019-07-11,16060.0,16155.0,16005.0,16105.0,33314,45426,,16075.0,15885.0,PB
37,PB1908,2019-07-12,16005.0,16155.0,15975.0,16105.0,35574,43846,,16080.0,16075.0,PB
37,PB1908,2019-07-15,16080.0,16170.0,15965.0,16060.0,33910,40834,,16065.0,16080.0,PB
37,PB1909,2019-07-16,16070.0,16290.0,16050.0,16275.0,39168,47732,,16175.0,16065.0,PB
37,PB1909,2019-07-17,16270.0,16395.0,16220.0,16305.0,42386,51850,,16305.0,16175.0,PB
37,PB1909,2019-07-18,16305.0,16635.0,16260.0,16500.0,84916,61140,,16445.0,16305.0,PB
37,PB1909,2019-07-19,16530.0,16725.0,16505.0,16675.0,81734,65872,,16605.0,16445.0,PB
37,PB1909,2019-07-22,16815.0,16915.0,16355.0,16430.0,104084,61176,,16620.0,16605.0,PB
37,PB1909,2019-07-23,16365.0,16515.0,16360.0,16455.0,41142,62930,,16455.0,16620.0,PB
37,PB1909,2019-07-24,16465.0,16670.0,16415.0,16640.0,63280,67592,,16520.0,16455.0,PB
37,PB1909,2019-07-25,16755.0,16765.0,16590.0,16695.0,51524,65446,,16685.0,16520.0,PB
37,PB1909,2019-07-26,16795.0,16930.0,16745.0,16765.0,65420,68294,,16835.0,16685.0,PB
37,PB1909,2019-07-29,16705.0,16760.0,16630.0,16670.0,49262,64838,,16690.0,16835.0,PB
37,PB1909,2019-07-30,16590.0,16850.0,16550.0,16835.0,46666,63818,,16720.0,16690.0,PB
37,PB1909,2019-07-31,16725.0,16760.0,16485.0,16505.0,60620,63728,,16610.0,16720.0,PB
37,PB1909,2019-08-01,16465.0,16600.0,16360.0,16385.0,51812,60162,,16470.0,16610.0,PB
37,PB1909,2019-08-02,16410.0,16430.0,16310.0,16380.0,40812,57010,,16365.0,16470.0,PB
37,PB1909,2019-08-05,16350.0,16380.0,16210.0,16325.0,41224,52616,,16280.0,16365.0,PB
37,PB1909,2019-08-06,16305.0,16600.0,16265.0,16595.0,50400,56488,,16395.0,16280.0,PB
37,PB1909,2019-08-07,16630.0,16695.0,16460.0,16470.0,49900,55852,,16585.0,16395.0,PB
37,PB1909,2019-08-08,16460.0,16815.0,16425.0,16780.0,53302,53582,,16665.0,16585.0,PB
37,PB1909,2019-08-09,16850.0,16950.0,16605.0,16785.0,55092,50968,,16805.0,16665.0,PB
37,PB1909,2019-08-12,16760.0,16995.0,16710.0,16900.0,53970,47238,,16880.0,16805.0,PB
37,PB1909,2019-08-13,16915.0,16920.0,16585.0,16630.0,41006,45190,,16745.0,16880.0,PB
37,PB1909,2019-08-14,16640.0,16760.0,16545.0,16715.0,39110,45638,,16670.0,16745.0,PB
37,PB1909,2019-08-15,16650.0,16660.0,16520.0,16620.0,26772,44250,,16590.0,16670.0,PB
36,PB1909,2019-08-16,16640.0,16795.0,16590.0,16720.0,33074,42472,,16710.0,16590.0,PB
36,PB1909,2019-08-19,16665.0,16775.0,16635.0,16750.0,23320,42826,,16695.0,16710.0,PB
37,PB1910,2019-08-20,16760.0,16995.0,16735.0,16975.0,38504,48582,,16850.0,16700.0,PB
37,PB1910,2019-08-21,16950.0,17155.0,16920.0,17120.0,71834,56936,,17030.0,16850.0,PB
37,PB1910,2019-08-22,17145.0,17190.0,16970.0,17045.0,76382,55800,,17085.0,17030.0,PB
37,PB1910,2019-08-23,17100.0,17150.0,16980.0,17140.0,43192,60762,,17065.0,17085.0,PB
37,PB1910,2019-08-26,17080.0,17115.0,16880.0,16935.0,52524,59558,,17010.0,17065.0,PB
37,PB1910,2019-08-27,16960.0,17275.0,16920.0,17180.0,66770,68896,,17155.0,17010.0,PB
37,PB1910,2019-08-28,17250.0,17460.0,17185.0,17435.0,81522,75056,,17325.0,17155.0,PB
37,PB1910,2019-08-29,17365.0,17425.0,17205.0,17330.0,59660,68488,,17300.0,17325.0,PB
37,PB1910,2019-08-30,17270.0,17380.0,17200.0,17245.0,58438,66788,,17295.0,17300.0,PB
37,PB1910,2019-09-02,17275.0,17375.0,17180.0,17350.0,52356,63658,,17265.0,17295.0,PB
37,PB1910,2019-09-03,17315.0,17480.0,17270.0,17360.0,51666,64098,,17375.0,17265.0,PB
37,PB1910,2019-09-04,17320.0,17340.0,17205.0,17280.0,46372,61580,,17280.0,17375.0,PB
37,PB1910,2019-09-05,17375.0,17415.0,17225.0,17360.0,52386,57736,,17335.0,17280.0,PB
37,PB1910,2019-09-06,17385.0,17590.0,17325.0,17470.0,61832,57044,,17450.0,17335.0,PB
37,PB1910,2019-09-09,17450.0,17580.0,17355.0,17400.0,52732,54928,,17470.0,17450.0,PB
37,PB1910,2019-09-10,17425.0,17495.0,17305.0,17415.0,38140,54110,,17405.0,17470.0,PB
37,PB1910,2019-09-11,17460.0,17485.0,17305.0,17365.0,41274,52186,,17390.0,17405.0,PB
37,PB1910,2019-09-12,17390.0,17490.0,17330.0,17345.0,40016,48600,,17395.0,17390.0,PB
37,PB1910,2019-09-16,17355.0,17435.0,17320.0,17360.0,26334,45848,,17375.0,17395.0,PB
36,PB1910,2019-09-17,17385.0,17395.0,16770.0,16825.0,57768,41524,,17040.0,17375.0,PB
37,PB1911,2019-09-18,16755.0,16920.0,16640.0,16870.0,47724,44830,,16780.0,16965.0,PB
37,PB1911,2019-09-19,16885.0,16950.0,16750.0,16855.0,50234,49838,,16850.0,16780.0,PB
37,PB1911,2019-09-20,16890.0,16935.0,16785.0,16870.0,45670,54072,,16865.0,16850.0,PB
37,PB1911,2019-09-23,16900.0,16930.0,16805.0,16895.0,41694,57874,,16880.0,16865.0,PB
37,PB1911,2019-09-24,16850.0,16895.0,16650.0,16750.0,57494,62428,,16765.0,16880.0,PB
37,PB1911,2019-09-25,16740.0,16970.0,16700.0,16900.0,77984,60418,,16845.0,16765.0,PB
37,PB1911,2019-09-26,16930.0,17075.0,16850.0,16855.0,51148,56170,,16960.0,16845.0,PB
37,PB1911,2019-09-27,16935.0,16990.0,16840.0,16980.0,36614,55020,,16910.0,16960.0,PB
37,PB1911,2019-09-30,16935.0,17050.0,16850.0,16920.0,58040,52590,,16945.0,16910.0,PB
37,PB1911,2019-10-08,17100.0,17280.0,17075.0,17205.0,38928,55998,,17205.0,16945.0,PB
37,PB1911,2019-10-09,17180.0,17230.0,16905.0,16915.0,42770,52690,,17035.0,17205.0,PB
37,PB1911,2019-10-10,16945.0,16980.0,16865.0,16950.0,32476,50970,,16915.0,17035.0,PB
37,PB1911,2019-10-11,16945.0,16995.0,16835.0,16900.0,34594,49846,,16920.0,16915.0,PB
37,PB1911,2019-10-14,16930.0,17065.0,16860.0,16920.0,42504,50974,,16965.0,16920.0,PB
37,PB1911,2019-10-15,16845.0,16895.0,16725.0,16810.0,36204,53044,,16820.0,16965.0,PB
36,PB1911,2019-10-16,16820.0,16985.0,16805.0,16895.0,31184,51886,,16905.0,16820.0,PB
36,PB1911,2019-10-17,16935.0,17145.0,16935.0,17095.0,36868,53966,,17050.0,16905.0,PB
36,PB1911,2019-10-18,17105.0,17200.0,16995.0,17055.0,26740,53360,,17090.0,17050.0,PB
36,PB1911,2019-10-21,17135.0,17165.0,16895.0,16910.0,32552,49714,,17015.0,17090.0,PB
37,PB1912,2019-10-22,16840.0,16920.0,16740.0,16840.0,27938,48976,,16820.0,16895.0,PB
37,PB1912,2019-10-23,16835.0,16845.0,16640.0,16665.0,48932,58114,,16720.0,16820.0,PB
37,PB1912,2019-10-24,16700.0,16740.0,16600.0,16630.0,61128,58210,,16660.0,16720.0,PB
37,PB1912,2019-10-25,16660.0,16785.0,16605.0,16750.0,56618,58806,,16700.0,16660.0,PB
37,PB1912,2019-10-28,16740.0,16810.0,16655.0,16700.0,39200,58572,,16725.0,16700.0,PB
37,PB1912,2019-10-29,16675.0,16785.0,16630.0,16670.0,41114,60940,,16685.0,16725.0,PB
37,PB1912,2019-10-30,16680.0,16760.0,16640.0,16730.0,47590,59642,,16705.0,16685.0,PB
37,PB1912,2019-10-31,16715.0,16715.0,16520.0,16600.0,47690,60794,,16610.0,16705.0,PB
37,PB1912,2019-11-01,16620.0,16640.0,16455.0,16575.0,39118,58890,,16535.0,16610.0,PB
37,PB1912,2019-11-04,16510.0,16545.0,16410.0,16470.0,33652,59426,,16460.0,16535.0,PB
37,PB1912,2019-11-05,16460.0,16475.0,16360.0,16390.0,30750,61598,,16405.0,16460.0,PB
37,PB1912,2019-11-06,16400.0,16430.0,16060.0,16155.0,56912,59780,,16245.0,16405.0,PB
37,PB1912,2019-11-07,16155.0,16235.0,16070.0,16090.0,27760,55900,,16125.0,16245.0,PB
37,PB1912,2019-11-08,16115.0,16130.0,16005.0,16100.0,26620,53688,,16080.0,16125.0,PB
37,PB1912,2019-11-11,16025.0,16090.0,15895.0,15965.0,33460,52116,,16015.0,16080.0,PB
38,PB2001,2019-11-12,15910.0,16040.0,15725.0,16000.0,45950,43074,,15875.0,15920.0,PB
38,PB2001,2019-11-13,15930.0,16090.0,15840.0,15850.0,67740,46906,,15955.0,15875.0,PB
38,PB2001,2019-11-14,15785.0,15830.0,15670.0,15730.0,42266,54506,,15750.0,15955.0,PB
38,PB2001,2019-11-15,15725.0,15840.0,15660.0,15810.0,49676,61132,,15730.0,15750.0,PB
37,PB2001,2019-11-18,15740.0,16015.0,15665.0,15885.0,82570,69934,,15830.0,15730.0,PB
37,PB2001,2019-11-19,15820.0,15860.0,15560.0,15640.0,58726,72162,,15695.0,15830.0,PB
37,PB2001,2019-11-20,15635.0,15725.0,15610.0,15655.0,37288,72356,,15680.0,15695.0,PB
37,PB2001,2019-11-21,15675.0,15710.0,15390.0,15550.0,59272,79102,,15555.0,15680.0,PB
37,PB2001,2019-11-22,15530.0,15595.0,15435.0,15520.0,36482,80226,,15515.0,15555.0,PB
37,PB2001,2019-11-25,15525.0,15640.0,15515.0,15560.0,28916,79230,,15570.0,15515.0,PB
37,PB2001,2019-11-26,15570.0,15580.0,15315.0,15360.0,52924,85676,,15385.0,15570.0,PB
37,PB2001,2019-11-27,15360.0,15415.0,15245.0,15290.0,55384,87136,,15295.0,15385.0,PB
37,PB2001,2019-11-28,15300.0,15510.0,15205.0,15480.0,67190,73610,,15385.0,15295.0,PB
37,PB2001,2019-11-29,15445.0,15600.0,15420.0,15435.0,69244,75648,,15495.0,15385.0,PB
37,PB2001,2019-12-02,15420.0,15460.0,15240.0,15300.0,46308,75558,,15335.0,15495.0,PB
37,PB2001,2019-12-03,15265.0,15270.0,15030.0,15050.0,47016,79342,,15120.0,15335.0,PB
37,PB2001,2019-12-04,15070.0,15100.0,14970.0,15025.0,37204,78028,,15020.0,15120.0,PB
37,PB2001,2019-12-05,15050.0,15145.0,15020.0,15060.0,28462,76238,,15080.0,15020.0,PB
37,PB2001,2019-12-06,15055.0,15120.0,14995.0,15120.0,20212,75614,,15070.0,15080.0,PB
37,PB2001,2019-12-09,15080.0,15180.0,15020.0,15140.0,39040,70318,,15105.0,15070.0,PB
37,PB2001,2019-12-10,15125.0,15155.0,15065.0,15130.0,16832,68618,,15110.0,15105.0,PB
37,PB2001,2019-12-11,15120.0,15225.0,15105.0,15200.0,32020,65622,,15170.0,15110.0,PB
37,PB2001,2019-12-12,15185.0,15315.0,15160.0,15300.0,30536,61192,,15275.0,15170.0,PB
37,PB2001,2019-12-13,15275.0,15330.0,15230.0,15255.0,26584,57342,,15280.0,15275.0,PB
38,PB2002,2019-12-16,15135.0,15180.0,14930.0,14975.0,39618,60132,,15045.0,15145.0,PB
37,PB2002,2019-12-17,14950.0,15000.0,14910.0,14945.0,54722,70394,,14940.0,15045.0,PB
37,PB2002,2019-12-18,14930.0,14980.0,14750.0,14955.0,85778,63696,,14880.0,14940.0,PB
37,PB2002,2019-12-19,14945.0,15080.0,14945.0,15070.0,48624,63014,,15020.0,14880.0,PB
37,PB2002,2019-12-20,15050.0,15090.0,14950.0,14985.0,46132,64480,,15030.0,15020.0,PB
37,PB2002,2019-12-23,15020.0,15070.0,14775.0,14795.0,59930,69864,,14910.0,15030.0,PB
37,PB2002,2019-12-24,14800.0,15090.0,14770.0,15090.0,61252,60584,,14905.0,14910.0,PB
37,PB2002,2019-12-25,15060.0,15235.0,15000.0,15225.0,77324,60492,,15130.0,14905.0,PB
37,PB2002,2019-12-26,15200.0,15340.0,15135.0,15215.0,53856,58918,,15235.0,15130.0,PB
37,PB2002,2019-12-27,15220.0,15285.0,15160.0,15235.0,33292,56590,,15220.0,15235.0,PB
37,PB2002,2019-12-30,15210.0,15265.0,15140.0,15185.0,33918,59628,,15215.0,15220.0,PB
37,PB2002,2019-12-31,15215.0,15240.0,15020.0,15050.0,50270,59068,,15115.0,15215.0,PB
37,PB2002,2020-01-02,15060.0,15120.0,14890.0,14910.0,15144,29443,,14990.0,15115.0,PB
37,PB2002,2020-01-03,14940.0,14960.0,14545.0,14595.0,27387,32032,,14775.0,14990.0,PB
37,PB2002,2020-01-06,14610.0,14805.0,14575.0,14755.0,27593,28816,,14695.0,14775.0,PB
37,PB2002,2020-01-07,14775.0,14825.0,14725.0,14820.0,16393,26765,,14785.0,14695.0,PB
37,PB2002,2020-01-08,14845.0,14965.0,14765.0,14960.0,21611,23480,,14865.0,14785.0,PB
37,PB2002,2020-01-09,14960.0,15015.0,14880.0,14925.0,15252,21706,,14940.0,14865.0,PB
38,PB2003,2020-01-10,14945.0,15025.0,14940.0,14975.0,11896,20676,,14975.0,14970.0,PB
38,PB2003,2020-01-13,15000.0,15075.0,14940.0,14990.0,21654,22870,,15010.0,14975.0,PB
38,PB2003,2020-01-14,14925.0,14950.0,14780.0,14905.0,24205,24831,,14860.0,15010.0,PB
38,PB2003,2020-01-15,14895.0,15160.0,14875.0,15140.0,22316,25870,,15005.0,14860.0,PB
37,PB2003,2020-01-16,15170.0,15320.0,15125.0,15300.0,40780,25634,,15225.0,15005.0,PB
37,PB2003,2020-01-17,15300.0,15405.0,15140.0,15225.0,36947,25703,,15260.0,15225.0,PB
37,PB2003,2020-01-20,15200.0,15515.0,15145.0,15470.0,38783,27476,,15325.0,15260.0,PB
37,PB2003,2020-01-21,15435.0,15505.0,15075.0,15085.0,38003,26059,,15295.0,15325.0,PB
37,PB2003,2020-01-22,15105.0,15225.0,15090.0,15155.0,17770,24166,,15165.0,15295.0,PB
37,PB2003,2020-01-23,15130.0,15130.0,14820.0,14850.0,23012,23044,,14995.0,15165.0,PB
37,PB2003,2020-02-03,14500.0,14505.0,14020.0,14220.0,21374,22803,,14255.0,14995.0,PB
37,PB2003,2020-02-04,14120.0,14330.0,14065.0,14320.0,10896,21847,,14260.0,14255.0,PB
37,PB2003,2020-02-05,14305.0,14315.0,14075.0,14105.0,11296,22578,,14200.0,14260.0,PB
37,PB2003,2020-02-06,14195.0,14210.0,14120.0,14175.0,9855,22591,,14165.0,14200.0,PB
37,PB2003,2020-02-07,14140.0,14210.0,14035.0,14070.0,11963,23081,,14110.0,14165.0,PB
37,PB2003,2020-02-10,13970.0,14045.0,13815.0,14010.0,12754,22350,,13970.0,14110.0,PB
37,PB2003,2020-02-11,13950.0,14080.0,13950.0,14070.0,5522,21714,,14045.0,13970.0,PB
38,PB2004,2020-02-12,14165.0,14245.0,14115.0,14200.0,14973,20902,,14180.0,14095.0,PB
38,PB2004,2020-02-13,14175.0,14260.0,14090.0,14240.0,11509,22423,,14185.0,14180.0,PB
38,PB2004,2020-02-14,14330.0,14430.0,14270.0,14405.0,16243,23740,,14345.0,14185.0,PB
38,PB2004,2020-02-17,14335.0,14450.0,14285.0,14445.0,9853,24535,,14375.0,14345.0,PB
37,PB2004,2020-02-18,14420.0,14515.0,14385.0,14450.0,11756,24240,,14440.0,14375.0,PB
37,PB2004,2020-02-19,14550.0,14575.0,14475.0,14555.0,10135,24019,,14530.0,14440.0,PB
37,PB2004,2020-02-20,14550.0,14560.0,14450.0,14540.0,13120,24366,,14505.0,14530.0,PB
37,PB2004,2020-02-21,14495.0,14670.0,14480.0,14640.0,13913,24495,,14565.0,14505.0,PB
37,PB2004,2020-02-24,14460.0,14585.0,14420.0,14505.0,18933,24454,,14510.0,14565.0,PB
37,PB2004,2020-02-25,14530.0,14595.0,14485.0,14560.0,16059,23958,,14540.0,14510.0,PB
37,PB2004,2020-02-26,14575.0,14620.0,14500.0,14560.0,14011,24321,,14545.0,14540.0,PB
37,PB2004,2020-02-27,14525.0,14590.0,14460.0,14520.0,13412,24545,,14515.0,14545.0,PB
37,PB2004,2020-02-28,14505.0,14535.0,14240.0,14335.0,31922,24379,,14390.0,14515.0,PB
37,PB2004,2020-03-02,14450.0,14660.0,14435.0,14640.0,24415,24227,,14580.0,14390.0,PB
37,PB2004,2020-03-03,14715.0,15200.0,14575.0,14580.0,16590,22490,,14665.0,14580.0,PB
37,PB2004,2020-03-04,14550.0,14650.0,14380.0,14455.0,21285,21342,,14510.0,14665.0,PB
37,PB2004,2020-03-05,14385.0,14480.0,14360.0,14430.0,9554,21208,,14430.0,14510.0,PB
37,PB2004,2020-03-06,14400.0,14515.0,14380.0,14470.0,12705,19870,,14430.0,14430.0,PB
37,PB2004,2020-03-09,14390.0,14555.0,14105.0,14485.0,19901,19264,,14420.0,14430.0,PB
37,PB2004,2020-03-10,14470.0,14610.0,14465.0,14555.0,16476,17909,,14540.0,14420.0,PB
38,PB2005,2020-03-11,14500.0,14520.0,14310.0,14315.0,11061,24377,,14415.0,14495.0,PB
38,PB2005,2020-03-12,14260.0,14390.0,14180.0,14250.0,20564,26445,,14275.0,14415.0,PB
38,PB2005,2020-03-13,14190.0,14250.0,14040.0,14150.0,22501,27073,,14150.0,14275.0,PB
38,PB2005,2020-03-16,14170.0,14210.0,14045.0,14185.0,20175,27053,,14130.0,14150.0,PB
37,PB2005,2020-03-17,14205.0,14220.0,13615.0,13720.0,43788,28449,,13910.0,14130.0,PB
37,PB2005,2020-03-18,13500.0,13565.0,13075.0,13075.0,57839,29780,,13330.0,13910.0,PB
37,PB2005,2020-03-19,13500.0,13515.0,12620.0,12945.0,69172,28738,,12875.0,13330.0,PB
37,PB2005,2020-03-20,13070.0,13410.0,13005.0,13310.0,48671,25358,,13250.0,12875.0,PB
37,PB2005,2020-03-23,13200.0,13270.0,12910.0,13225.0,45113,24657,,13155.0,13250.0,PB
37,PB2005,2020-03-24,13360.0,13535.0,13330.0,13460.0,31059,24377,,13425.0,13155.0,PB
37,PB2005,2020-03-25,13325.0,13555.0,13325.0,13550.0,21182,24702,,13425.0,13425.0,PB
37,PB2005,2020-03-26,13650.0,13650.0,13500.0,13515.0,18758,24118,,13580.0,13425.0,PB
37,PB2005,2020-03-27,13695.0,13895.0,13660.0,13845.0,20529,24987,,13800.0,13580.0,PB
37,PB2005,2020-03-30,13625.0,13835.0,13560.0,13745.0,17288,24699,,13710.0,13800.0,PB
37,PB2005,2020-03-31,13825.0,13925.0,13825.0,13885.0,11105,25287,,13890.0,13710.0,PB
37,PB2005,2020-04-01,13930.0,13975.0,13680.0,13680.0,12752,24201,,13815.0,13890.0,PB
37,PB2005,2020-04-02,13740.0,13795.0,13520.0,13790.0,15874,23955,,13655.0,13815.0,PB
37,PB2005,2020-04-03,13725.0,13840.0,13660.0,13810.0,11472,23208,,13745.0,13655.0,PB
37,PB2005,2020-04-07,13710.0,13980.0,13710.0,13865.0,12140,22933,,13875.0,13745.0,PB
37,PB2005,2020-04-08,13930.0,13945.0,13675.0,13715.0,14165,21715,,13765.0,13875.0,PB
37,PB2005,2020-04-09,13725.0,13795.0,13655.0,13700.0,10566,21716,,13700.0,13765.0,PB
37,PB2005,2020-04-10,13780.0,13910.0,13685.0,13835.0,10956,21319,,13815.0,13700.0,PB
37,PB2005,2020-04-13,13780.0,13950.0,13740.0,13945.0,8985,20752,,13855.0,13815.0,PB
37,PB2005,2020-04-14,13985.0,14235.0,13935.0,14060.0,20588,19023,,14115.0,13855.0,PB
37,PB2005,2020-04-15,14035.0,14045.0,13815.0,13845.0,13671,16181,,13890.0,14115.0,PB
37,PB2006,2020-04-16,13650.0,13700.0,13585.0,13680.0,9232,22038,,13650.0,13675.0,PB
37,PB2006,2020-04-17,13800.0,13850.0,13645.0,13715.0,16039,24196,,13765.0,13650.0,PB
37,PB2006,2020-04-20,13630.0,13710.0,13555.0,13595.0,16600,26427,,13605.0,13765.0,PB
37,PB2006,2020-04-21,13605.0,13695.0,13510.0,13620.0,26002,24976,,13605.0,13605.0,PB
37,PB2006,2020-04-22,13550.0,13735.0,13425.0,13645.0,25814,25113,,13520.0,13605.0,PB
37,PB2006,2020-04-23,13710.0,13830.0,13665.0,13825.0,19472,25246,,13775.0,13520.0,PB
37,PB2006,2020-04-24,13720.0,13810.0,13700.0,13775.0,14627,24894,,13755.0,13775.0,PB
37,PB2006,2020-04-27,13790.0,14030.0,13790.0,13940.0,21549,25564,,13940.0,13755.0,PB
37,PB2006,2020-04-28,13995.0,14000.0,13755.0,13770.0,14566,25773,,13840.0,13940.0,PB
37,PB2006,2020-04-29,13800.0,13820.0,13730.0,13745.0,11986,25340,,13755.0,13840.0,PB
37,PB2006,2020-04-30,13800.0,13800.0,13625.0,13660.0,18295,23408,,13670.0,13755.0,PB
37,PB2006,2020-05-06,13605.0,13840.0,13605.0,13835.0,12746,24246,,13735.0,13670.0,PB
37,PB2006,2020-05-07,13820.0,13945.0,13770.0,13885.0,19662,24414,,13890.0,13735.0,PB
37,PB2006,2020-05-08,13910.0,14000.0,13850.0,13895.0,18371,25391,,13920.0,13890.0,PB
37,PB2006,2020-05-11,13900.0,13925.0,13805.0,13895.0,16176,24460,,13860.0,13920.0,PB
37,PB2006,2020-05-12,13895.0,14340.0,13875.0,14150.0,63895,26083,,14180.0,13860.0,PB
37,PB2006,2020-05-13,14140.0,14215.0,13865.0,13885.0,30481,24927,,13990.0,14180.0,PB
37,PB2006,2020-05-14,13865.0,13920.0,13745.0,13860.0,20492,23944,,13825.0,13990.0,PB
37,PB2006,2020-05-15,13800.0,13980.0,13730.0,13940.0,18837,21342,,13835.0,13825.0,PB
36,PB2006,2020-05-18,13895.0,14005.0,13835.0,13955.0,16992,18465,,13920.0,13835.0,PB
36,PB2006,2020-05-19,14005.0,14190.0,13990.0,14045.0,21544,15818,,14100.0,13920.0,PB
37,PB2007,2020-05-20,13980.0,14145.0,13945.0,14090.0,17610,20876,,14050.0,13990.0,PB
37,PB2007,2020-05-21,14145.0,14280.0,14065.0,14170.0,35181,25102,,14160.0,14050.0,PB
37,PB2007,2020-05-22,14150.0,14280.0,13970.0,14045.0,39468,25865,,14110.0,14160.0,PB
37,PB2007,2020-05-25,13935.0,14430.0,13935.0,14350.0,40816,29475,,14235.0,14110.0,PB
37,PB2007,2020-05-26,14400.0,14405.0,14200.0,14310.0,20006,28604,,14300.0,14235.0,PB
37,PB2007,2020-05-27,14375.0,14495.0,14155.0,14260.0,43787,28727,,14370.0,14300.0,PB
37,PB2007,2020-05-28,14260.0,14380.0,14170.0,14305.0,21963,28655,,14280.0,14370.0,PB
37,PB2007,2020-05-29,14215.0,14295.0,14125.0,14220.0,25610,26473,,14200.0,14280.0,PB
37,PB2007,2020-06-01,14280.0,14580.0,14220.0,14550.0,33605,29438,,14410.0,14200.0,PB
37,PB2007,2020-06-02,14525.0,14620.0,14420.0,14495.0,23646,29531,,14520.0,14410.0,PB
37,PB2007,2020-06-03,14595.0,14645.0,14415.0,14465.0,30840,29717,,14525.0,14520.0,PB
37,PB2007,2020-06-04,14465.0,14505.0,14280.0,14285.0,23954,29317,,14400.0,14525.0,PB
37,PB2007,2020-06-05,14325.0,14445.0,14285.0,14390.0,21262,28228,,14350.0,14400.0,PB
37,PB2007,2020-06-08,14435.0,14490.0,14270.0,14340.0,33348,25385,,14360.0,14350.0,PB
37,PB2007,2020-06-09,14300.0,14445.0,14255.0,14340.0,32916,25273,,14365.0,14360.0,PB
37,PB2007,2020-06-10,14360.0,14475.0,14270.0,14420.0,29754,25552,,14395.0,14365.0,PB
37,PB2007,2020-06-11,14460.0,14460.0,14140.0,14160.0,38910,24853,,14310.0,14395.0,PB
37,PB2007,2020-06-12,14180.0,14235.0,14035.0,14145.0,36511,22872,,14145.0,14310.0,PB
37,PB2007,2020-06-15,14215.0,14235.0,14060.0,14080.0,22689,20753,,14135.0,14145.0,PB
36,PB2007,2020-06-16,14070.0,14290.0,14020.0,14260.0,17777,19011,,14160.0,14135.0,PB
36,PB2007,2020-06-17,14350.0,14395.0,14215.0,14360.0,20324,18396,,14305.0,14160.0,PB
36,PB2007,2020-06-18,14330.0,14500.0,14330.0,14485.0,14004,18864,,14425.0,14305.0,PB
36,PB2007,2020-06-19,14495.0,14635.0,14450.0,14605.0,13371,19285,,14530.0,14425.0,PB
37,PB2008,2020-06-22,14535.0,14645.0,14460.0,14560.0,15584,21819,,14545.0,14450.0,PB
37,PB2008,2020-06-23,14525.0,14645.0,14400.0,14455.0,20703,23008,,14500.0,14545.0,PB
37,PB2008,2020-06-24,14500.0,14515.0,14390.0,14470.0,14089,23874,,14450.0,14500.0,PB
37,PB2008,2020-06-29,14560.0,14720.0,14510.0,14685.0,19617,25652,,14640.0,14450.0,PB
37,PB2008,2020-06-30,14695.0,14785.0,14640.0,14770.0,22131,24662,,14705.0,14640.0,PB
37,PB2008,2020-07-01,14840.0,14915.0,14725.0,14785.0,26022,25451,,14825.0,14705.0,PB
37,PB2008,2020-07-02,14795.0,14940.0,14710.0,14790.0,22639,26317,,14825.0,14825.0,PB
37,PB2008,2020-07-03,14770.0,14770.0,14615.0,14650.0,24663,26567,,14690.0,14825.0,PB
37,PB2008,2020-07-06,14705.0,14710.0,14565.0,14650.0,19797,26870,,14625.0,14690.0,PB
37,PB2008,2020-07-07,14710.0,14710.0,14585.0,14670.0,20487,25808,,14640.0,14625.0,PB
37,PB2008,2020-07-08,14700.0,14840.0,14670.0,14840.0,22995,25715,,14755.0,14640.0,PB
37,PB2008,2020-07-09,14840.0,15145.0,14775.0,15075.0,34010,25675,,14935.0,14755.0,PB
37,PB2008,2020-07-10,15135.0,15175.0,15020.0,15070.0,27094,25225,,15095.0,14935.0,PB
37,PB2008,2020-07-13,15130.0,15545.0,15130.0,15460.0,34480,25068,,15410.0,15095.0,PB
37,PB2008,2020-07-14,15480.0,15635.0,15295.0,15365.0,34504,22292,,15450.0,15410.0,PB
37,PB2008,2020-07-15,15415.0,15445.0,15310.0,15345.0,18358,22006,,15370.0,15450.0,PB
36,PB2008,2020-07-16,15390.0,15410.0,14835.0,14890.0,41095,20178,,15090.0,15370.0,PB
36,PB2008,2020-07-17,14950.0,15005.0,14860.0,14925.0,21472,19060,,14935.0,15090.0,PB
36,PB2008,2020-07-20,14905.0,14925.0,14665.0,14795.0,26777,17832,,14755.0,14935.0,PB
36,PB2008,2020-07-21,14870.0,15095.0,14835.0,15075.0,17244,16625,,14950.0,14755.0,PB
36,PB2008,2020-07-22,15015.0,15235.0,14950.0,14990.0,21236,14418,,15080.0,14950.0,PB
37,PB2009,2020-07-23,14945.0,15000.0,14765.0,14850.0,20791,22654,,14865.0,15055.0,PB
37,PB2009,2020-07-24,14840.0,15030.0,14800.0,14975.0,30476,23087,,14930.0,14865.0,PB
37,PB2009,2020-07-27,14970.0,15260.0,14915.0,15160.0,33631,22852,,15090.0,14930.0,PB
37,PB2009,2020-07-28,15195.0,15560.0,15135.0,15435.0,48414,23021,,15370.0,15090.0,PB
37,PB2009,2020-07-29,15435.0,15580.0,15355.0,15555.0,31382,23677,,15475.0,15370.0,PB
37,PB2009,2020-07-30,15515.0,15785.0,15485.0,15710.0,38314,24950,,15645.0,15475.0,PB
37,PB2009,2020-07-31,15590.0,15725.0,15525.0,15705.0,31255,24122,,15615.0,15645.0,PB
37,PB2009,2020-08-03,15685.0,16010.0,15620.0,15920.0,42514,25942,,15810.0,15615.0,PB
37,PB2009,2020-08-04,15920.0,16015.0,15685.0,15735.0,30068,25143,,15815.0,15810.0,PB
37,PB2009,2020-08-05,15710.0,15970.0,15660.0,15900.0,26705,24893,,15835.0,15815.0,PB
37,PB2009,2020-08-06,15940.0,16475.0,15900.0,16475.0,44150,27093,,16140.0,15835.0,PB
37,PB2009,2020-08-07,16410.0,16585.0,16315.0,16355.0,50238,25282,,16460.0,16140.0,PB
37,PB2009,2020-08-10,16390.0,16565.0,16150.0,16195.0,36142,23521,,16295.0,16460.0,PB
37,PB2009,2020-08-11,16250.0,16295.0,16040.0,16130.0,25920,21595,,16195.0,16295.0,PB
37,PB2009,2020-08-12,16195.0,16360.0,15855.0,15990.0,40088,20946,,16130.0,16195.0,PB
37,PB2009,2020-08-13,16050.0,16055.0,15880.0,16010.0,21860,19844,,15970.0,16130.0,PB
37,PB2009,2020-08-14,16050.0,16190.0,15955.0,16095.0,29185,19126,,16100.0,15970.0,PB
37,PB2009,2020-08-17,16080.0,16270.0,16035.0,16200.0,18616,18899,,16160.0,16100.0,PB
36,PB2009,2020-08-18,16135.0,16280.0,16055.0,16165.0,21497,16519,,16160.0,16160.0,PB
36,PB2009,2020-08-19,16330.0,16330.0,16050.0,16155.0,23779,15003,,16155.0,16160.0,PB
37,PB2010,2020-08-20,16250.0,16370.0,15920.0,16015.0,27475,21981,,16165.0,16135.0,PB
37,PB2010,2020-08-21,16085.0,16100.0,15955.0,16030.0,22867,23538,,16025.0,16165.0,PB
37,PB2010,2020-08-24,15960.0,16055.0,15780.0,15930.0,31511,26057,,15905.0,16025.0,PB
37,PB2010,2020-08-25,15930.0,16030.0,15855.0,15895.0,23078,26303,,15950.0,15905.0,PB
37,PB2010,2020-08-26,15960.0,15995.0,15720.0,15780.0,26921,27537,,15835.0,15950.0,PB
37,PB2010,2020-08-27,15780.0,15815.0,15605.0,15640.0,30284,28351,,15725.0,15835.0,PB
37,PB2010,2020-08-28,15660.0,15810.0,15545.0,15795.0,35998,26036,,15675.0,15725.0,PB
37,PB2010,2020-08-31,15780.0,15815.0,15570.0,15605.0,29339,27214,,15670.0,15675.0,PB
37,PB2010,2020-09-01,15615.0,15970.0,15610.0,15965.0,38656,25307,,15815.0,15670.0,PB
37,PB2010,2020-09-02,16055.0,16055.0,15760.0,15845.0,28743,24907,,15865.0,15815.0,PB
37,PB2010,2020-09-03,15700.0,15880.0,15670.0,15670.0,31814,25244,,15750.0,15865.0,PB
37,PB2010,2020-09-04,15845.0,15845.0,15360.0,15440.0,42101,26790,,15525.0,15750.0,PB
37,PB2010,2020-09-07,15460.0,15655.0,15410.0,15580.0,28859,26446,,15540.0,15525.0,PB
37,PB2010,2020-09-08,15635.0,15660.0,15530.0,15595.0,17157,24903,,15585.0,15540.0,PB
37,PB2010,2020-09-09,15540.0,15540.0,15215.0,15220.0,30852,25048,,15320.0,15585.0,PB
37,PB2010,2020-09-10,15330.0,15385.0,14920.0,14970.0,33375,28301,,15150.0,15320.0,PB
37,PB2010,2020-09-11,14800.0,15035.0,14785.0,15000.0,31615,27156,,14925.0,15150.0,PB
37,PB2010,2020-09-14,14945.0,15075.0,14830.0,15075.0,37563,26285,,14935.0,14925.0,PB
37,PB2010,2020-09-15,15090.0,15175.0,14940.0,15145.0,28996,25297,,15065.0,14935.0,PB
36,PB2010,2020-09-16,15195.0,15215.0,14865.0,14950.0,27034,25052,,15025.0,15065.0,PB
36,PB2010,2020-09-17,14915.0,15045.0,14805.0,14870.0,25396,23219,,14920.0,15025.0,PB
36,PB2010,2020-09-18,14915.0,15260.0,14800.0,15210.0,31401,18866,,15070.0,14920.0,PB
36,PB2010,2020-09-21,15200.0,15450.0,15170.0,15370.0,32066,15147,,15290.0,15070.0,PB
36,PB2010,2020-09-22,15410.0,15450.0,15165.0,15330.0,25648,13311,,15330.0,15290.0,PB
36,PB2010,2020-09-23,15285.0,15615.0,15285.0,15400.0,25182,11229,,15490.0,15330.0,PB
37,PB2011,2020-09-24,15110.0,15195.0,14970.0,15100.0,21495,21316,,15110.0,15125.0,PB
37,PB2011,2020-09-25,15100.0,15100.0,14685.0,14695.0,44566,24783,,14825.0,15110.0,PB
37,PB2011,2020-09-28,14545.0,15070.0,14545.0,14995.0,43706,23145,,14815.0,14825.0,PB
37,PB2011,2020-09-29,15045.0,15230.0,14885.0,15200.0,33767,23571,,15065.0,14815.0,PB
37,PB2011,2020-09-30,15090.0,15175.0,15020.0,15080.0,27999,19341,,15095.0,15065.0,PB
37,PB2011,2020-10-09,15150.0,15150.0,14680.0,14720.0,25618,21530,,14880.0,15095.0,PB
37,PB2011,2020-10-12,14760.0,14840.0,14690.0,14750.0,27898,24014,,14755.0,14880.0,PB
37,PB2011,2020-10-13,14805.0,14915.0,14750.0,14825.0,24878,23758,,14825.0,14755.0,PB
37,PB2011,2020-10-14,14705.0,14760.0,14475.0,14515.0,35689,25513,,14590.0,14825.0,PB
37,PB2011,2020-10-15,14520.0,14590.0,14350.0,14550.0,26692,24805,,14485.0,14590.0,PB
36,PB2011,2020-10-16,14395.0,14515.0,14360.0,14470.0,25454,24343,,14430.0,14485.0,PB
36,PB2011,2020-10-19,14535.0,14535.0,14280.0,14420.0,32948,24378,,14380.0,14430.0,PB
36,PB2011,2020-10-20,14460.0,14470.0,14180.0,14365.0,31394,24470,,14305.0,14380.0,PB
36,PB2011,2020-10-21,14425.0,14490.0,14310.0,14420.0,30715,23082,,14410.0,14305.0,PB
36,PB2011,2020-10-22,14500.0,14575.0,14290.0,14395.0,33278,20178,,14475.0,14410.0,PB
36,PB2011,2020-10-23,14390.0,14565.0,14380.0,14480.0,27451,16637,,14490.0,14475.0,PB
37,PB2012,2020-10-26,14400.0,14480.0,14075.0,14105.0,26107,32337,,14255.0,14395.0,PB
37,PB2012,2020-10-27,14060.0,14405.0,14050.0,14385.0,45302,30251,,14235.0,14255.0,PB
37,PB2012,2020-10-28,14400.0,14495.0,14275.0,14435.0,38181,31302,,14375.0,14235.0,PB
37,PB2012,2020-10-29,14360.0,14560.0,14320.0,14455.0,38393,30713,,14445.0,14375.0,PB
37,PB2012,2020-10-30,14385.0,14645.0,14285.0,14380.0,57116,28769,,14465.0,14445.0,PB
37,PB2012,2020-11-02,14370.0,14400.0,14255.0,14315.0,36883,29836,,14325.0,14465.0,PB
37,PB2012,2020-11-03,14185.0,14475.0,14185.0,14385.0,31105,28080,,14350.0,14325.0,PB
37,PB2012,2020-11-04,14455.0,14490.0,14140.0,14245.0,40296,32009,,14310.0,14350.0,PB
37,PB2012,2020-11-05,14275.0,14495.0,14230.0,14425.0,38046,30109,,14350.0,14310.0,PB
37,PB2012,2020-11-06,14490.0,14490.0,14205.0,14280.0,36416,29947,,14340.0,14350.0,PB
37,PB2012,2020-11-09,14340.0,14615.0,14330.0,14545.0,49769,27247,,14495.0,14340.0,PB
37,PB2012,2020-11-10,14600.0,14685.0,14435.0,14495.0,32926,25423,,14540.0,14495.0,PB
37,PB2012,2020-11-11,14555.0,14735.0,14510.0,14590.0,37060,25232,,14615.0,14540.0,PB
37,PB2012,2020-11-12,14560.0,14690.0,14470.0,14680.0,33973,24823,,14575.0,14615.0,PB
37,PB2012,2020-11-13,14710.0,14815.0,14645.0,14785.0,33778,25390,,14735.0,14575.0,PB
37,PB2012,2020-11-16,14760.0,14860.0,14635.0,14675.0,43479,25171,,14735.0,14735.0,PB
36,PB2012,2020-11-17,14745.0,14750.0,14580.0,14640.0,33085,22922,,14645.0,14735.0,PB
36,PB2012,2020-11-18,14680.0,14680.0,14510.0,14600.0,33919,21133,,14585.0,14645.0,PB
45,PB2012,2020-11-19,14620.0,14730.0,14510.0,14725.0,31568,19393,,14600.0,14585.0,PB
46,PB2101,2020-11-20,14595.0,15330.0,14595.0,15320.0,48972,31198,,14930.0,14580.0,PB
46,PB2101,2020-11-23,15320.0,15635.0,15085.0,15155.0,105749,35189,,15415.0,14930.0,PB
46,PB2101,2020-11-24,15180.0,15455.0,15165.0,15385.0,76717,37031,,15320.0,15415.0,PB
46,PB2101,2020-11-25,15345.0,15420.0,15165.0,15225.0,48097,37781,,15285.0,15320.0,PB
46,PB2101,2020-11-26,15350.0,15450.0,15145.0,15260.0,50392,38642,,15290.0,15285.0,PB
46,PB2101,2020-11-27,15290.0,15380.0,15220.0,15270.0,58172,41019,,15300.0,15290.0,PB
46,PB2101,2020-11-30,15330.0,15900.0,15220.0,15530.0,122578,42404,,15540.0,15300.0,PB
46,PB2101,2020-12-01,15690.0,15690.0,15110.0,15265.0,76326,40137,,15335.0,15540.0,PB
46,PB2101,2020-12-02,15220.0,15355.0,14975.0,15010.0,59815,39748,,15145.0,15335.0,PB
46,PB2101,2020-12-03,15040.0,15040.0,14820.0,14845.0,50056,37313,,14915.0,15145.0,PB
46,PB2101,2020-12-04,15020.0,15060.0,14810.0,14975.0,45637,33777,,14940.0,14915.0,PB
46,PB2101,2020-12-07,14895.0,14895.0,14705.0,14755.0,50467,35154,,14760.0,14940.0,PB
46,PB2101,2020-12-08,14710.0,15105.0,14710.0,15060.0,55806,31896,,14990.0,14760.0,PB
46,PB2101,2020-12-09,15075.0,15230.0,14940.0,15130.0,50681,31228,,15125.0,14990.0,PB
46,PB2101,2020-12-10,15125.0,15245.0,14850.0,14990.0,57185,31230,,15080.0,15125.0,PB
46,PB2101,2020-12-11,14910.0,15205.0,14755.0,14805.0,88828,35351,,15000.0,15080.0,PB
46,PB2101,2020-12-14,14810.0,15030.0,14725.0,14960.0,51139,32470,,14865.0,15000.0,PB
46,PB2101,2020-12-15,14790.0,14945.0,14550.0,14565.0,55871,34803,,14715.0,14865.0,PB
46,PB2101,2020-12-16,14615.0,14780.0,14485.0,14680.0,42973,33418,,14645.0,14715.0,PB
46,PB2101,2020-12-17,14695.0,14860.0,14640.0,14795.0,33926,31923,,14750.0,14645.0,PB
46,PB2101,2020-12-18,14765.0,15010.0,14680.0,14975.0,42945,28356,,14825.0,14750.0,PB
46,PB2101,2020-12-21,14965.0,15060.0,14435.0,14525.0,57607,29607,,14745.0,14825.0,PB
46,PB2101,2020-12-22,14505.0,14525.0,14065.0,14070.0,48186,28197,,14360.0,14745.0,PB
47,PB2102,2020-12-23,14250.0,14575.0,14125.0,14520.0,56370,31225,,14365.0,14410.0,PB
47,PB2102,2020-12-24,14465.0,14650.0,14450.0,14590.0,47347,34887,,14565.0,14365.0,PB
47,PB2102,2020-12-25,14620.0,14780.0,14520.0,14670.0,49629,33637,,14640.0,14565.0,PB
47,PB2102,2020-12-28,14730.0,14970.0,14720.0,14860.0,56373,31978,,14855.0,14640.0,PB
47,PB2102,2020-12-29,14800.0,14990.0,14595.0,14715.0,55606,30645,,14810.0,14855.0,PB
47,PB2102,2020-12-30,14660.0,14835.0,14575.0,14720.0,55224,31152,,14710.0,14810.0,PB
47,PB2102,2020-12-31,14650.0,14980.0,14560.0,14625.0,76875,31284,,14745.0,14710.0,PB
47,PB2102,2021-01-04,14745.0,15140.0,14660.0,15045.0,44892,29719,,14925.0,14745.0,PB
47,PB2102,2021-01-05,15140.0,15185.0,14865.0,15010.0,62794,27749,,15030.0,14925.0,PB
47,PB2102,2021-01-06,15050.0,15165.0,14940.0,15035.0,55399,27191,,15030.0,15030.0,PB
47,PB2102,2021-01-07,15050.0,15230.0,14725.0,15230.0,62558,27527,,15020.0,15030.0,PB
47,PB2102,2021-01-08,15060.0,15230.0,14815.0,14950.0,51398,28444,,15040.0,15020.0,PB
47,PB2102,2021-01-11,14800.0,14880.0,14350.0,14470.0,60013,29549,,14620.0,15040.0,PB
47,PB2102,2021-01-12,14595.0,14625.0,14380.0,14505.0,49448,26662,,14495.0,14620.0,PB
47,PB2102,2021-01-13,14505.0,14800.0,14390.0,14795.0,42169,21995,,14605.0,14495.0,PB
47,PB2102,2021-01-14,14805.0,14980.0,14745.0,14910.0,39014,17412,,14860.0,14605.0,PB
48,PB2103,2021-01-15,14930.0,15085.0,14820.0,14905.0,36508,31781,,14945.0,14845.0,PB
48,PB2103,2021-01-18,14870.0,15115.0,14845.0,14985.0,62036,34453,,15000.0,14945.0,PB
48,PB2103,2021-01-19,14980.0,15045.0,14740.0,14785.0,46558,35894,,14895.0,15000.0,PB
48,PB2103,2021-01-20,14820.0,15150.0,14815.0,15130.0,55717,38274,,15025.0,14895.0,PB
48,PB2103,2021-01-21,15140.0,15280.0,15085.0,15190.0,54921,39396,,15185.0,15025.0,PB
48,PB2103,2021-01-22,15295.0,15320.0,14970.0,15085.0,58394,37515,,15115.0,15185.0,PB
48,PB2103,2021-01-25,15100.0,15635.0,15020.0,15555.0,91876,48026,,15395.0,15115.0,PB
48,PB2103,2021-01-26,15495.0,15665.0,15315.0,15430.0,66890,45623,,15465.0,15395.0,PB
48,PB2103,2021-01-27,15480.0,15765.0,15320.0,15420.0,87013,45049,,15525.0,15465.0,PB
48,PB2103,2021-01-28,15305.0,15500.0,15235.0,15380.0,68911,41493,,15365.0,15525.0,PB
48,PB2103,2021-01-29,15355.0,15510.0,15085.0,15110.0,74928,39102,,15295.0,15365.0,PB
48,PB2103,2021-02-01,15280.0,15320.0,14995.0,15070.0,64253,37271,,15125.0,15295.0,PB
48,PB2103,2021-02-02,15035.0,15130.0,14880.0,14910.0,57942,35314,,14985.0,15125.0,PB
48,PB2103,2021-02-03,15070.0,15085.0,14760.0,14765.0,56796,35247,,14955.0,14985.0,PB
48,PB2103,2021-02-04,14840.0,15070.0,14820.0,15020.0,44041,32072,,14975.0,14955.0,PB
48,PB2103,2021-02-05,14900.0,15300.0,14890.0,15275.0,43974,30015,,15160.0,14975.0,PB
48,PB2103,2021-02-08,15250.0,15250.0,15040.0,15145.0,43493,27980,,15110.0,15160.0,PB
48,PB2103,2021-02-09,15135.0,15380.0,15115.0,15190.0,41557,26626,,15255.0,15110.0,PB
48,PB2103,2021-02-10,15245.0,15520.0,15025.0,15430.0,68408,27995,,15305.0,15255.0,PB
48,PB2103,2021-02-18,15370.0,15625.0,15270.0,15560.0,30428,27688,,15485.0,15305.0,PB
48,PB2103,2021-02-19,15640.0,15670.0,15245.0,15570.0,59999,26582,,15485.0,15485.0,PB
49,PB2104,2021-02-22,15680.0,15995.0,15560.0,15840.0,63708,27193,,15790.0,15510.0,PB
49,PB2104,2021-02-23,15815.0,16120.0,15625.0,15880.0,95751,35485,,15890.0,15790.0,PB
49,PB2104,2021-02-24,15840.0,15865.0,15510.0,15595.0,72961,40153,,15705.0,15890.0,PB
49,PB2104,2021-02-25,15665.0,16145.0,15630.0,15775.0,103214,44498,,15880.0,15705.0,PB
49,PB2104,2021-02-26,15930.0,15965.0,15510.0,15595.0,87918,43560,,15725.0,15880.0,PB
49,PB2104,2021-03-01,15550.0,15635.0,15250.0,15330.0,85766,43713,,15395.0,15725.0,PB
49,PB2104,2021-03-02,15325.0,15435.0,15155.0,15360.0,64612,41172,,15300.0,15395.0,PB
49,PB2104,2021-03-03,15395.0,15475.0,15260.0,15355.0,59545,39800,,15385.0,15300.0,PB
49,PB2104,2021-03-04,15295.0,15540.0,15050.0,15105.0,82133,36942,,15280.0,15385.0,PB
49,PB2104,2021-03-05,15160.0,15335.0,14850.0,15080.0,80888,33690,,15050.0,15280.0,PB
49,PB2104,2021-03-08,15085.0,15085.0,14790.0,14825.0,85341,40399,,14895.0,15050.0,PB
49,PB2104,2021-03-09,14950.0,15040.0,14755.0,14880.0,61588,36689,,14900.0,14895.0,PB
49,PB2104,2021-03-10,14915.0,14920.0,14610.0,14635.0,64117,38007,,14720.0,14900.0,PB
49,PB2104,2021-03-11,14650.0,15010.0,14600.0,14900.0,54431,33814,,14765.0,14720.0,PB
49,PB2104,2021-03-12,14715.0,14945.0,14650.0,14855.0,52856,36171,,14770.0,14765.0,PB
49,PB2104,2021-03-15,14745.0,14965.0,14740.0,14820.0,53715,37808,,14855.0,14770.0,PB
48,PB2104,2021-03-16,14865.0,15020.0,14675.0,14815.0,57861,36933,,14845.0,14855.0,PB
48,PB2104,2021-03-17,14830.0,14900.0,14695.0,14850.0,33443,34842,,14795.0,14845.0,PB
48,PB2104,2021-03-18,14780.0,14975.0,14610.0,14675.0,50638,38377,,14780.0,14795.0,PB
49,PB2105,2021-03-19,14715.0,14980.0,14685.0,14830.0,60241,30594,,14820.0,14810.0,PB
49,PB2105,2021-03-22,14920.0,15210.0,14780.0,15170.0,79523,36506,,15075.0,14820.0,PB
49,PB2105,2021-03-23,15170.0,15285.0,15070.0,15280.0,58751,37557,,15195.0,15075.0,PB
49,PB2105,2021-03-24,15180.0,15275.0,15045.0,15240.0,56715,37126,,15185.0,15195.0,PB
49,PB2105,2021-03-25,15225.0,15290.0,14880.0,14900.0,73099,38964,,15030.0,15185.0,PB
49,PB2105,2021-03-26,14940.0,15085.0,14870.0,15025.0,49707,36569,,14980.0,15030.0,PB
49,PB2105,2021-03-29,15025.0,15150.0,14975.0,15140.0,59197,36813,,15070.0,14980.0,PB
49,PB2105,2021-03-30,15185.0,15460.0,15140.0,15425.0,75734,41529,,15355.0,15070.0,PB
49,PB2105,2021-03-31,15310.0,15450.0,15285.0,15385.0,57268,41655,,15355.0,15355.0,PB
49,PB2105,2021-04-01,15400.0,15475.0,15115.0,15230.0,77872,39897,,15300.0,15355.0,PB
49,PB2105,2021-04-02,15230.0,15280.0,15010.0,15015.0,60872,40313,,15135.0,15300.0,PB
49,PB2105,2021-04-06,15045.0,15095.0,14930.0,14965.0,43595,43169,,14985.0,15135.0,PB
49,PB2105,2021-04-07,15000.0,15035.0,14840.0,14925.0,60143,47130,,14915.0,14985.0,PB
49,PB2105,2021-04-08,14925.0,15010.0,14860.0,14885.0,51519,45237,,14940.0,14915.0,PB
49,PB2105,2021-04-09,14940.0,15005.0,14750.0,14900.0,73964,45050,,14885.0,14940.0,PB
49,PB2105,2021-04-12,14805.0,14940.0,14725.0,14740.0,55831,49664,,14800.0,14885.0,PB
49,PB2105,2021-04-13,14705.0,14835.0,14610.0,14790.0,55647,51867,,14705.0,14800.0,PB
49,PB2105,2021-04-14,14815.0,14925.0,14760.0,14880.0,46629,49710,,14850.0,14705.0,PB
49,PB2105,2021-04-15,14910.0,14940.0,14840.0,14880.0,42533,49390,,14885.0,14850.0,PB
48,PB2105,2021-04-16,14990.0,15095.0,14900.0,15045.0,51600,45925,,14980.0,14885.0,PB
48,PB2105,2021-04-19,15125.0,15160.0,14940.0,15105.0,50007,39953,,15065.0,14980.0,PB
48,PB2105,2021-04-20,15200.0,15325.0,15165.0,15300.0,52094,33021,,15245.0,15065.0,PB
48,PB2105,2021-04-21,15300.0,15425.0,15130.0,15195.0,48663,27599,,15270.0,15245.0,PB
48,PB2105,2021-04-22,15175.0,15335.0,15145.0,15310.0,48074,19930,,15260.0,15270.0,PB
49,PB2106,2021-04-23,15375.0,15440.0,15250.0,15320.0,51212,40921,,15330.0,15280.0,PB
49,PB2106,2021-04-26,15435.0,15435.0,15230.0,15360.0,70630,46491,,15335.0,15330.0,PB
49,PB2106,2021-04-27,15365.0,15525.0,15355.0,15470.0,59316,51269,,15440.0,15335.0,PB
49,PB2106,2021-04-28,15530.0,15530.0,15270.0,15360.0,63428,49665,,15400.0,15440.0,PB
49,PB2106,2021-04-29,15350.0,15405.0,15215.0,15290.0,66286,52319,,15295.0,15400.0,PB
49,PB2106,2021-04-30,15390.0,15390.0,15080.0,15110.0,79252,48408,,15200.0,15295.0,PB
49,PB2106,2021-05-06,15195.0,15500.0,15185.0,15445.0,55796,51494,,15380.0,15200.0,PB
49,PB2106,2021-05-07,15580.0,15775.0,15485.0,15755.0,79114,55340,,15630.0,15380.0,PB
49,PB2106,2021-05-10,15800.0,15885.0,15620.0,15700.0,79345,52136,,15750.0,15630.0,PB
49,PB2106,2021-05-11,15700.0,15740.0,15525.0,15705.0,62847,50648,,15650.0,15750.0,PB
49,PB2106,2021-05-12,15735.0,15755.0,15505.0,15640.0,57170,51303,,15615.0,15650.0,PB
49,PB2106,2021-05-13,15555.0,15630.0,15240.0,15305.0,72958,50240,,15400.0,15615.0,PB
49,PB2106,2021-05-14,15155.0,15235.0,14980.0,15055.0,69178,49496,,15120.0,15400.0,PB
49,PB2106,2021-05-17,15060.0,15225.0,15000.0,15210.0,54519,49808,,15110.0,15120.0,PB
48,PB2106,2021-05-18,15210.0,15565.0,15125.0,15500.0,59318,48257,,15325.0,15110.0,PB
48,PB2106,2021-05-19,15500.0,15705.0,15485.0,15575.0,66311,43301,,15580.0,15325.0,PB
48,PB2106,2021-05-20,15560.0,15750.0,15300.0,15735.0,74899,39487,,15490.0,15580.0,PB
48,PB2106,2021-05-21,15585.0,15750.0,15465.0,15610.0,63220,36746,,15615.0,15490.0,PB
48,PB2106,2021-05-24,15665.0,15750.0,15305.0,15350.0,69554,29953,,15500.0,15615.0,PB
49,PB2107,2021-05-25,15335.0,15440.0,15230.0,15255.0,70493,51271,,15335.0,15540.0,PB
49,PB2107,2021-05-26,15290.0,15460.0,15220.0,15420.0,71684,52025,,15355.0,15335.0,PB
49,PB2107,2021-05-27,15400.0,15440.0,15275.0,15420.0,62183,57714,,15355.0,15355.0,PB
49,PB2107,2021-05-28,15350.0,15615.0,15340.0,15600.0,77326,57827,,15510.0,15355.0,PB
49,PB2107,2021-05-31,15540.0,15680.0,15510.0,15625.0,69785,56843,,15595.0,15510.0,PB
49,PB2107,2021-06-01,15560.0,15695.0,15405.0,15455.0,69844,58006,,15550.0,15595.0,PB
49,PB2107,2021-06-02,15350.0,15525.0,15300.0,15350.0,77380,61571,,15415.0,15550.0,PB
49,PB2107,2021-06-03,15385.0,15465.0,15300.0,15305.0,63392,63383,,15365.0,15415.0,PB
49,PB2107,2021-06-04,15205.0,15205.0,15020.0,15035.0,83045,71879,,15095.0,15365.0,PB
49,PB2107,2021-06-07,15035.0,15075.0,14930.0,14945.0,67379,79023,,14990.0,15095.0,PB
49,PB2107,2021-06-08,14910.0,15080.0,14900.0,15050.0,52618,77659,,15010.0,14990.0,PB
49,PB2107,2021-06-09,15030.0,15485.0,15005.0,15450.0,81384,63041,,15270.0,15010.0,PB
49,PB2107,2021-06-10,15485.0,15495.0,15380.0,15420.0,54469,58120,,15430.0,15270.0,PB
49,PB2107,2021-06-11,15400.0,15525.0,15375.0,15465.0,61394,51963,,15450.0,15430.0,PB
49,PB2107,2021-06-15,15405.0,15490.0,15245.0,15285.0,41255,53396,,15330.0,15450.0,PB
48,PB2107,2021-06-16,15220.0,15320.0,15150.0,15160.0,50714,53991,,15240.0,15330.0,PB
48,PB2107,2021-06-17,15190.0,15415.0,15160.0,15370.0,57619,46281,,15310.0,15240.0,PB
48,PB2107,2021-06-18,15280.0,15280.0,15030.0,15055.0,68680,53216,,15140.0,15310.0,PB
48,PB2107,2021-06-21,15105.0,15480.0,15080.0,15435.0,91496,36651,,15355.0,15140.0,PB
48,PB2107,2021-06-22,15435.0,15545.0,15395.0,15540.0,48811,31880,,15465.0,15355.0,PB
48,PB2107,2021-06-23,15595.0,15610.0,15385.0,15415.0,44234,27165,,15490.0,15465.0,PB
49,PB2108,2021-06-24,15520.0,15615.0,15410.0,15465.0,44816,48401,,15505.0,15545.0,PB
49,PB2108,2021-06-25,15510.0,15700.0,15465.0,15650.0,76157,58383,,15595.0,15505.0,PB
49,PB2108,2021-06-28,15600.0,15650.0,15260.0,15350.0,106642,63759,,15430.0,15595.0,PB
49,PB2108,2021-06-29,15295.0,15485.0,15295.0,15470.0,80375,68091,,15390.0,15430.0,PB
49,PB2108,2021-06-30,15575.0,16075.0,15560.0,16050.0,144260,73455,,15805.0,15390.0,PB
49,PB2108,2021-07-01,15900.0,16065.0,15675.0,15715.0,97336,64003,,15850.0,15805.0,PB
49,PB2108,2021-07-02,15665.0,15800.0,15660.0,15730.0,54675,60070,,15730.0,15850.0,PB
49,PB2108,2021-07-05,15785.0,15890.0,15715.0,15820.0,75859,63337,,15805.0,15730.0,PB
49,PB2108,2021-07-06,15885.0,15890.0,15725.0,15830.0,49977,63358,,15805.0,15805.0,PB
49,PB2108,2021-07-07,15830.0,15930.0,15655.0,15895.0,78118,62765,,15805.0,15805.0,PB
49,PB2108,2021-07-08,15930.0,16015.0,15695.0,15725.0,91111,59702,,15850.0,15805.0,PB
49,PB2108,2021-07-09,15750.0,15800.0,15650.0,15725.0,71098,60464,,15735.0,15850.0,PB
49,PB2108,2021-07-12,15800.0,15970.0,15775.0,15895.0,79017,60119,,15885.0,15735.0,PB
49,PB2108,2021-07-13,15830.0,15910.0,15600.0,15630.0,77325,62781,,15735.0,15885.0,PB
49,PB2108,2021-07-14,15685.0,15685.0,15530.0,15650.0,66510,66024,,15595.0,15735.0,PB
49,PB2108,2021-07-15,15585.0,15915.0,15580.0,15890.0,81084,56100,,15785.0,15595.0,PB
48,PB2108,2021-07-16,15825.0,16010.0,15825.0,15895.0,71052,55078,,15925.0,15785.0,PB
48,PB2108,2021-07-19,15960.0,15975.0,15730.0,15830.0,57827,49392,,15840.0,15925.0,PB
48,PB2108,2021-07-20,15765.0,15765.0,15555.0,15630.0,60847,49655,,15620.0,15840.0,PB
48,PB2108,2021-07-21,15695.0,15860.0,15640.0,15815.0,60218,36475,,15765.0,15620.0,PB
49,PB2109,2021-07-22,15800.0,16025.0,15800.0,16005.0,62472,62560,,15950.0,15825.0,PB
49,PB2109,2021-07-23,16090.0,16390.0,16080.0,16345.0,112218,79031,,16265.0,15950.0,PB
49,PB2109,2021-07-26,16395.0,16420.0,16040.0,16065.0,97493,75003,,16225.0,16265.0,PB
49,PB2109,2021-07-27,16125.0,16205.0,16010.0,16065.0,86279,75947,,16115.0,16225.0,PB
49,PB2109,2021-07-28,16065.0,16070.0,15830.0,15870.0,86730,76123,691645.54,15945.0,16115.0,PB
49,PB2109,2021-07-29,15945.0,15995.0,15855.0,15970.0,60341,76550,480403.1175,15920.0,15945.0,PB
49,PB2109,2021-07-30,15960.0,16035.0,15845.0,15860.0,71701,79029,571097.45,15925.0,15920.0,PB
49,PB2109,2021-08-02,16000.0,16150.0,15955.0,16090.0,93302,74024,749690.9525,16070.0,15925.0,PB
49,PB2109,2021-08-03,16205.0,16270.0,15755.0,15790.0,113039,75399,903876.3025,15990.0,16070.0,PB
49,PB2109,2021-08-04,15980.0,15985.0,15830.0,15895.0,56884,71871,452348.3425,15900.0,15990.0,PB
49,PB2109,2021-08-05,15865.0,15865.0,15705.0,15730.0,57592,77421,454485.64,15780.0,15900.0,PB
49,PB2109,2021-08-06,15760.0,15810.0,15670.0,15785.0,60313,79076,475010.77,15750.0,15780.0,PB
49,PB2109,2021-08-09,15650.0,15690.0,15370.0,15460.0,92438,83943,716981.8375,15510.0,15750.0,PB
49,PB2109,2021-08-10,15395.0,15530.0,15320.0,15495.0,72814,82583,561568.4925,15420.0,15510.0,PB
49,PB2109,2021-08-11,15455.0,15540.0,15380.0,15400.0,57894,84329,447470.9325,15455.0,15420.0,PB
49,PB2109,2021-08-12,15480.0,15565.0,15440.0,15510.0,46097,80890,357358.115,15500.0,15455.0,PB
49,PB2109,2021-08-13,15550.0,15560.0,15380.0,15410.0,52814,82782,407693.085,15435.0,15500.0,PB
49,PB2109,2021-08-16,15505.0,15580.0,15330.0,15420.0,64088,82791,495254.0925,15455.0,15435.0,PB
48,PB2109,2021-08-17,15475.0,15475.0,15360.0,15385.0,44814,82292,345496.5425,15415.0,15455.0,PB
48,PB2109,2021-08-18,15300.0,15380.0,15265.0,15335.0,51112,82784,391757.1975,15325.0,15415.0,PB
48,PB2109,2021-08-19,15335.0,15525.0,15240.0,15465.0,69638,71614,536100.1925,15395.0,15325.0,PB
48,PB2109,2021-08-20,15415.0,15455.0,15090.0,15115.0,72657,70940,553241.4375,15225.0,15395.0,PB
48,PB2109,2021-08-23,15070.0,15475.0,15070.0,15420.0,73939,56039,567178.0375,15340.0,15225.0,PB
48,PB2109,2021-08-24,15460.0,15530.0,15405.0,15460.0,48506,49524,375108.1725,15465.0,15340.0,PB
49,PB2110,2021-08-25,15515.0,15555.0,15425.0,15470.0,37648,49754,291568.935,15485.0,15515.0,PB
49,PB2110,2021-08-26,15550.0,15640.0,15230.0,15275.0,118248,72412,913555.0125,15450.0,15485.0,PB
49,PB2110,2021-08-27,15300.0,15460.0,15285.0,15350.0,74852,75518,575439.9775,15375.0,15450.0,PB
49,PB2110,2021-08-30,15350.0,15375.0,15200.0,15210.0,73837,85601,564076.84,15275.0,15375.0,PB
49,PB2110,2021-08-31,15155.0,15190.0,14995.0,15025.0,80449,95489,606223.54,15070.0,15275.0,PB
49,PB2110,2021-09-01,14960.0,15040.0,14865.0,14900.0,61755,100308,461504.61,14945.0,15070.0,PB
49,PB2110,2021-09-02,14950.0,15020.0,14875.0,14925.0,58234,100342,434936.175,14935.0,14945.0,PB
49,PB2110,2021-09-03,14925.0,15085.0,14915.0,15035.0,63267,92135,475328.71,15025.0,14935.0,PB
49,PB2110,2021-09-06,15005.0,15150.0,14970.0,15090.0,54491,89338,410500.2275,15065.0,15025.0,PB
49,PB2110,2021-09-07,15045.0,15070.0,14825.0,14895.0,59431,93165,443407.36,14920.0,15065.0,PB
49,PB2110,2021-09-08,14915.0,14920.0,14830.0,14895.0,39800,93946,295980.9075,14870.0,14920.0,PB
49,PB2110,2021-09-09,14920.0,15095.0,14880.0,14940.0,78626,86886,589936.1025,15005.0,14870.0,PB
49,PB2110,2021-09-10,15030.0,15130.0,14980.0,15070.0,61050,81090,460158.0975,15070.0,15005.0,PB
49,PB2110,2021-09-13,15070.0,15230.0,15030.0,15060.0,64538,78332,488332.955,15130.0,15070.0,PB
49,PB2110,2021-09-14,15090.0,15090.0,14855.0,14890.0,79966,80894,597614.415,14945.0,15130.0,PB
49,PB2110,2021-09-15,14900.0,14915.0,14640.0,14660.0,85337,86956,628237.0375,14720.0,14945.0,PB
48,PB2110,2021-09-16,14620.0,14740.0,14580.0,14665.0,61275,83352,449046.4275,14655.0,14720.0,PB
48,PB2110,2021-09-17,14670.0,14770.0,14480.0,14665.0,78744,74173,577216.885,14660.0,14655.0,PB
48,PB2110,2021-09-22,14555.0,14555.0,14150.0,14220.0,68096,75853,485726.5675,14265.0,14660.0,PB
48,PB2110,2021-09-23,14150.0,14380.0,14055.0,14345.0,94511,66495,671930.395,14215.0,14265.0,PB
48,PB2110,2021-09-24,14345.0,14385.0,14240.0,14355.0,63058,55593,451178.065,14305.0,14215.0,PB
48,PB2110,2021-09-27,14460.0,14600.0,14360.0,14495.0,79647,38271,577425.985,14495.0,14305.0,PB
49,PB2111,2021-09-28,14560.0,14590.0,14450.0,14515.0,72000,69036,522437.745,14510.0,14540.0,PB
49,PB2111,2021-09-29,14500.0,14545.0,14265.0,14355.0,110775,75114,798596.0475,14415.0,14510.0,PB
49,PB2111,2021-09-30,14380.0,14395.0,14225.0,14350.0,70338,72788,503599.1375,14315.0,14415.0,PB
49,PB2111,2021-10-08,14430.0,14695.0,14430.0,14610.0,57534,68488,419725.315,14590.0,14315.0,PB
49,PB2111,2021-10-11,14675.0,14780.0,14535.0,14765.0,73677,66894,541148.1725,14685.0,14590.0,PB
49,PB2111,2021-10-12,14805.0,14980.0,14790.0,14875.0,70712,63239,526528.8775,14890.0,14685.0,PB
49,PB2111,2021-10-13,14970.0,14970.0,14650.0,14795.0,68785,62343,508266.355,14775.0,14890.0,PB
49,PB2111,2021-10-14,14935.0,15380.0,14900.0,15335.0,140656,59465,1064754.18,15135.0,14775.0,PB
49,PB2111,2021-10-15,15395.0,15465.0,15195.0,15365.0,100474,52722,770273.4475,15330.0,15135.0,PB
48,PB2111,2021-10-18,15590.0,15915.0,15405.0,15790.0,118539,50679,922561.99,15565.0,15330.0,PB
48,PB2111,2021-10-19,15910.0,15990.0,15670.0,15840.0,100976,49427,798551.1475,15815.0,15565.0,PB
48,PB2111,2021-10-20,15790.0,15990.0,15500.0,15725.0,121600,43064,955213.92,15710.0,15815.0,PB
48,PB2111,2021-10-21,15805.0,16330.0,15775.0,15945.0,119475,39784,958405.5575,16040.0,15710.0,PB
48,PB2111,2021-10-22,15945.0,16175.0,15660.0,16030.0,111553,34966,886570.475,15895.0,16040.0,PB
48,PB2111,2021-10-25,15905.0,16200.0,15790.0,15985.0,92216,30211,736870.165,15980.0,15895.0,PB
49,PB2112,2021-10-26,16065.0,16200.0,15945.0,16060.0,72876,47148,586330.545,16090.0,16030.0,PB
49,PB2112,2021-10-27,16105.0,16150.0,15860.0,15900.0,91061,51668,727404.63,15975.0,16090.0,PB
49,PB2112,2021-10-28,15805.0,15885.0,15590.0,15750.0,131951,54827,1036168.88,15705.0,15975.0,PB
49,PB2112,2021-10-29,15815.0,16065.0,15650.0,15705.0,124196,54947,984452.045,15850.0,15705.0,PB
49,PB2112,2021-11-01,15660.0,15930.0,15660.0,15680.0,92875,54841,734948.2,15825.0,15850.0,PB
49,PB2112,2021-11-02,15730.0,15845.0,15685.0,15745.0,62048,54223,488723.3325,15750.0,15825.0,PB
49,PB2112,2021-11-03,15765.0,15965.0,15610.0,15865.0,66054,53425,519871.4975,15740.0,15750.0,PB
49,PB2112,2021-11-04,15900.0,15905.0,15630.0,15715.0,56654,51951,445823.3225,15735.0,15740.0,PB
49,PB2112,2021-11-05,15695.0,15820.0,15510.0,15745.0,75234,53054,588095.43,15630.0,15735.0,PB
49,PB2112,2021-11-08,15685.0,15720.0,15470.0,15505.0,63761,53466,496913.4775,15585.0,15630.0,PB
49,PB2112,2021-11-09,15590.0,15700.0,15545.0,15610.0,53566,50677,418443.1225,15620.0,15585.0,PB
49,PB2112,2021-11-10,15650.0,15690.0,15485.0,15570.0,56389,51731,438588.99,15555.0,15620.0,PB
49,PB2112,2021-11-11,15470.0,15525.0,15345.0,15420.0,57330,54211,442736.4275,15445.0,15555.0,PB
49,PB2112,2021-11-12,15540.0,15715.0,15440.0,15570.0,57371,49731,446136.5225,15550.0,15445.0,PB
49,PB2112,2021-11-15,15570.0,15580.0,15250.0,15260.0,70335,55213,541409.14,15395.0,15550.0,PB
48,PB2112,2021-11-16,15310.0,15345.0,15185.0,15195.0,37581,57421,286844.585,15265.0,15395.0,PB
48,PB2112,2021-11-17,15195.0,15225.0,14955.0,14995.0,44702,57730,336440.5825,15050.0,15265.0,PB
48,PB2112,2021-11-18,14995.0,15085.0,14845.0,14890.0,51698,49630,386333.7525,14945.0,15050.0,PB
48,PB2112,2021-11-19,14855.0,14900.0,14620.0,14840.0,56247,50673,415442.2175,14770.0,14945.0,PB
48,PB2112,2021-11-22,14765.0,14925.0,14585.0,14865.0,60947,48992,449368.125,14745.0,14770.0,PB
48,PB2112,2021-11-23,14920.0,15015.0,14855.0,14945.0,45734,45904,341535.4125,14935.0,14745.0,PB
49,PB2201,2021-11-24,14980.0,15330.0,14945.0,15285.0,45824,42507,348192.3275,15195.0,14980.0,PB
49,PB2201,2021-11-25,15335.0,15335.0,15140.0,15275.0,71815,49122,546434.01,15215.0,15195.0,PB
49,PB2201,2021-11-26,15290.0,15445.0,15215.0,15330.0,83946,49888,643711.4575,15335.0,15215.0,PB
49,PB2201,2021-11-29,15275.0,15480.0,15235.0,15405.0,71666,45292,551179.6275,15380.0,15335.0,PB
49,PB2201,2021-11-30,15555.0,15565.0,15290.0,15340.0,55471,41999,427572.8875,15415.0,15380.0,PB
49,PB2201,2021-12-01,15400.0,15425.0,15210.0,15280.0,51588,40756,394849.55,15305.0,15415.0,PB
49,PB2201,2021-12-02,15220.0,15335.0,15205.0,15245.0,44978,40948,343470.8675,15270.0,15305.0,PB
49,PB2201,2021-12-03,15310.0,15320.0,15100.0,15265.0,62387,40491,474567.7075,15210.0,15270.0,PB
49,PB2201,2021-12-06,15120.0,15165.0,14770.0,14820.0,85631,48043,638421.55,14910.0,15210.0,PB
49,PB2201,2021-12-07,14875.0,14965.0,14820.0,14955.0,54993,43393,409635.545,14895.0,14910.0,PB
49,PB2201,2021-12-08,15000.0,15195.0,14985.0,15175.0,53147,40736,401080.375,15090.0,14895.0,PB
49,PB2201,2021-12-09,15285.0,15590.0,15240.0,15520.0,87227,42144,673587.3425,15440.0,15090.0,PB
49,PB2201,2021-12-10,15465.0,15500.0,15400.0,15470.0,39674,38708,306482.58,15450.0,15440.0,PB
49,PB2201,2021-12-13,15435.0,15805.0,15425.0,15740.0,72956,39566,572651.06,15695.0,15450.0,PB
49,PB2201,2021-12-14,15805.0,15870.0,15620.0,15715.0,46817,38457,368491.9475,15740.0,15695.0,PB
49,PB2201,2021-12-15,15550.0,15690.0,15265.0,15320.0,57679,32443,445653.1575,15450.0,15740.0,PB
48,PB2201,2021-12-16,15380.0,15465.0,15250.0,15425.0,52901,29273,406259.5825,15355.0,15450.0,PB
48,PB2201,2021-12-17,15425.0,15775.0,15425.0,15670.0,58946,30294,461467.1275,15655.0,15355.0,PB
48,PB2201,2021-12-20,15695.0,15700.0,15350.0,15470.0,51482,24261,398973.32,15495.0,15655.0,PB
49,PB2202,2021-12-21,15445.0,15655.0,15440.0,15575.0,36527,36916,284023.92,15550.0,15510.0,PB
49,PB2202,2021-12-22,15635.0,15645.0,15345.0,15515.0,69292,42394,534404.4275,15420.0,15550.0,PB
49,PB2202,2021-12-23,15575.0,15765.0,15555.0,15705.0,65795,47774,515014.075,15655.0,15420.0,PB
49,PB2202,2021-12-24,15640.0,15640.0,15350.0,15480.0,70019,42538,540982.0075,15450.0,15655.0,PB
49,PB2202,2021-12-27,15465.0,15515.0,15305.0,15375.0,45610,43319,350816.1025,15380.0,15450.0,PB
49,PB2202,2021-12-28,15435.0,15510.0,15365.0,15400.0,46868,42372,361741.5425,15435.0,15380.0,PB
49,PB2202,2021-12-29,15340.0,15505.0,15300.0,15500.0,50795,37460,391123.4875,15400.0,15435.0,PB
49,PB2202,2021-12-30,15480.0,15480.0,15280.0,15325.0,58423,38569,448388.7925,15345.0,15400.0,PB
49,PB2202,2021-12-31,15390.0,15470.0,15280.0,15300.0,57357,36978,440898.9575,15370.0,15345.0,PB
49,PB2202,2022-01-04,15360.0,15530.0,15360.0,15385.0,41271,34412,318530.96,15435.0,15370.0,PB
49,PB2202,2022-01-05,15260.0,15355.0,15190.0,15200.0,64624,42049,493530.1425,15270.0,15435.0,PB
49,PB2202,2022-01-06,15325.0,15340.0,15050.0,15060.0,63884,49777,483296.845,15130.0,15270.0,PB
49,PB2202,2022-01-07,15105.0,15475.0,15055.0,15415.0,90243,38326,691745.03,15330.0,15130.0,PB
49,PB2202,2022-01-10,15350.0,15415.0,15065.0,15190.0,82653,44851,627755.255,15190.0,15330.0,PB
49,PB2202,2022-01-11,15290.0,15290.0,15145.0,15190.0,42828,42668,325703.955,15205.0,15190.0,PB
49,PB2202,2022-01-12,15150.0,15365.0,15150.0,15310.0,55488,39695,423012.1525,15245.0,15205.0,PB
49,PB2202,2022-01-13,15395.0,15425.0,15260.0,15365.0,67539,34583,518644.1525,15355.0,15245.0,PB
49,PB2202,2022-01-14,15490.0,15670.0,15470.0,15655.0,88026,31353,686266.015,15590.0,15355.0,PB
49,PB2202,2022-01-17,15530.0,15715.0,15530.0,15660.0,69998,26468,547383.72,15635.0,15590.0,PB
48,PB2202,2022-01-18,15660.0,15710.0,15565.0,15615.0,46458,22086,363142.0575,15630.0,15635.0,PB
49,PB2203,2022-01-19,15685.0,15700.0,15475.0,15540.0,51714,46430,402069.9975,15545.0,15675.0,PB
49,PB2203,2022-01-20,15665.0,15845.0,15615.0,15815.0,74191,56846,582214.8875,15695.0,15545.0,PB
49,PB2203,2022-01-21,15705.0,15795.0,15580.0,15675.0,65787,55964,514968.3475,15655.0,15695.0,PB
49,PB2203,2022-01-24,15780.0,15875.0,15670.0,15700.0,62846,58402,495639.8675,15770.0,15655.0,PB
49,PB2203,2022-01-25,15680.0,15680.0,15430.0,15455.0,77619,55707,602194.36,15515.0,15770.0,PB
49,PB2203,2022-01-26,15500.0,15515.0,15385.0,15440.0,66395,53391,512913.615,15450.0,15515.0,PB
49,PB2203,2022-01-27,15505.0,15530.0,15325.0,15395.0,66687,50146,513959.6175,15410.0,15450.0,PB
49,PB2203,2022-01-28,15340.0,15400.0,15185.0,15210.0,70427,49368,538140.6725,15280.0,15410.0,PB
49,PB2203,2022-02-07,15000.0,15000.0,14785.0,14820.0,73814,54674,548575.3075,14860.0,15280.0,PB
49,PB2203,2022-02-08,14820.0,14870.0,14690.0,14840.0,66563,59114,492642.7075,14800.0,14860.0,PB
49,PB2203,2022-02-09,14820.0,15015.0,14785.0,14995.0,66282,55811,494417.5575,14915.0,14800.0,PB
49,PB2203,2022-02-10,15100.0,15230.0,15030.0,15230.0,70566,46662,534246.2325,15140.0,14915.0,PB
49,PB2203,2022-02-11,15205.0,15470.0,15195.0,15230.0,75286,40330,576002.7175,15300.0,15140.0,PB
49,PB2203,2022-02-14,15355.0,15450.0,15295.0,15385.0,68154,34811,523749.5025,15365.0,15300.0,PB
49,PB2203,2022-02-15,15345.0,15425.0,15245.0,15360.0,57882,32190,443780.345,15330.0,15365.0,PB
48,PB2203,2022-02-16,15445.0,15450.0,15280.0,15310.0,41753,30115,320206.57,15335.0,15330.0,PB
48,PB2203,2022-02-17,15410.0,15505.0,15360.0,15490.0,43919,26206,339004.3475,15435.0,15335.0,PB
48,PB2203,2022-02-18,15470.0,15565.0,15410.0,15470.0,40972,23063,317482.72,15495.0,15435.0,PB
49,PB2204,2022-02-21,15540.0,15570.0,15365.0,15420.0,42652,45948,329011.97,15425.0,15530.0,PB
49,PB2204,2022-02-22,15475.0,15555.0,15425.0,15530.0,66487,53224,515253.2,15495.0,15425.0,PB
49,PB2204,2022-02-23,15595.0,15610.0,15480.0,15565.0,59170,54983,460077.1775,15550.0,15495.0,PB
49,PB2204,2022-02-24,15575.0,15630.0,15430.0,15540.0,57702,54958,446829.875,15485.0,15550.0,PB
49,PB2204,2022-02-25,15555.0,15640.0,15515.0,15615.0,58754,56193,457466.6,15570.0,15485.0,PB
49,PB2204,2022-02-28,15545.0,15630.0,15435.0,15550.0,65643,56486,509946.865,15535.0,15570.0,PB
49,PB2204,2022-03-01,15650.0,15680.0,15545.0,15585.0,51725,56178,403189.695,15585.0,15535.0,PB
49,PB2204,2022-03-02,15580.0,15675.0,15565.0,15580.0,51724,57312,404059.98,15620.0,15585.0,PB
49,PB2204,2022-03-03,15685.0,15700.0,15465.0,15495.0,62029,58799,481991.8175,15540.0,15620.0,PB
49,PB2204,2022-03-04,15505.0,15530.0,15360.0,15480.0,59651,55993,461022.1375,15455.0,15540.0,PB
49,PB2204,2022-03-07,15535.0,15790.0,15500.0,15770.0,100076,49664,784052.0225,15665.0,15455.0,PB
49,PB2204,2022-03-08,15770.0,16465.0,15230.0,15970.0,186870,47691,1469044.6225,15720.0,15665.0,PB
49,PB2204,2022-03-09,15570.0,15750.0,15400.0,15410.0,109136,43762,847878.91,15535.0,15720.0,PB
49,PB2204,2022-03-10,15360.0,15500.0,15180.0,15185.0,63338,41713,484059.085,15280.0,15535.0,PB
49,PB2204,2022-03-11,15190.0,15485.0,15150.0,15275.0,43776,36483,333988.81,15255.0,15280.0,PB
49,PB2204,2022-03-14,15345.0,15345.0,15200.0,15215.0,47926,30664,365563.2,15255.0,15255.0,PB
49,PB2204,2022-03-15,15120.0,15140.0,14910.0,15085.0,44550,28172,334622.325,15020.0,15255.0,PB
49,PB2205,2022-03-16,15045.0,15225.0,15005.0,15145.0,40457,55695,305381.7375,15095.0,15040.0,PB
49,PB2205,2022-03-17,15205.0,15310.0,15065.0,15275.0,55636,55410,422698.5025,15195.0,15095.0,PB
49,PB2205,2022-03-18,15195.0,15305.0,15180.0,15265.0,36724,57815,279776.145,15235.0,15195.0,PB
49,PB2205,2022-03-21,15285.0,15355.0,15160.0,15200.0,45590,59371,347735.4725,15250.0,15235.0,PB
49,PB2205,2022-03-22,15240.0,15280.0,15165.0,15265.0,31846,59568,242551.5775,15230.0,15250.0,PB
49,PB2205,2022-03-23,15255.0,15345.0,15255.0,15260.0,36398,56797,278528.2425,15300.0,15230.0,PB
49,PB2205,2022-03-24,15360.0,15405.0,15305.0,15380.0,46354,56729,355839.86,15350.0,15300.0,PB
49,PB2205,2022-03-25,15255.0,15460.0,15255.0,15445.0,54348,56735,417419.9825,15360.0,15350.0,PB
49,PB2205,2022-03-28,15495.0,15540.0,15365.0,15480.0,53394,52054,412568.82,15450.0,15360.0,PB
49,PB2205,2022-03-29,15515.0,15665.0,15505.0,15590.0,64126,49605,499496.125,15575.0,15450.0,PB
49,PB2205,2022-03-30,15575.0,15725.0,15545.0,15705.0,52619,48225,411414.7875,15635.0,15575.0,PB
49,PB2205,2022-03-31,15680.0,15860.0,15680.0,15815.0,58762,54491,464372.1525,15805.0,15635.0,PB
49,PB2205,2022-04-01,15855.0,15875.0,15600.0,15740.0,71606,50197,561454.97,15680.0,15805.0,PB
49,PB2205,2022-04-06,15625.0,15830.0,15620.0,15770.0,31832,51029,250888.2425,15760.0,15680.0,PB
49,PB2205,2022-04-07,15875.0,15875.0,15585.0,15675.0,39263,48831,307160.0675,15645.0,15760.0,PB
49,PB2205,2022-04-08,15570.0,15630.0,15425.0,15455.0,43099,47843,334075.5925,15500.0,15645.0,PB
49,PB2205,2022-04-11,15580.0,15580.0,15340.0,15385.0,39128,47231,302418.135,15455.0,15500.0,PB
49,PB2205,2022-04-12,15400.0,15495.0,15335.0,15370.0,36885,46269,283955.135,15395.0,15455.0,PB
49,PB2205,2022-04-13,15475.0,15535.0,15305.0,15490.0,40234,43400,309826.7025,15400.0,15395.0,PB
49,PB2205,2022-04-14,15455.0,15515.0,15305.0,15320.0,41075,47250,315789.13,15375.0,15400.0,PB
49,PB2205,2022-04-15,15420.0,15490.0,15330.0,15440.0,37144,38627,286479.6275,15425.0,15375.0,PB
48,PB2205,2022-04-18,15395.0,15690.0,15395.0,15595.0,46588,33625,363481.9,15600.0,15425.0,PB
48,PB2205,2022-04-19,15670.0,15715.0,15540.0,15560.0,31686,32050,247722.53,15635.0,15600.0,PB
49,PB2206,2022-04-20,15410.0,15575.0,15410.0,15435.0,40616,41439,314962.375,15505.0,15655.0,PB
49,PB2206,2022-04-21,15480.0,15695.0,15410.0,15680.0,62209,48194,485245.7525,15600.0,15505.0,PB
49,PB2206,2022-04-22,15630.0,15780.0,15630.0,15725.0,54952,58976,432016.2375,15720.0,15600.0,PB
49,PB2206,2022-04-25,15800.0,15830.0,15580.0,15650.0,68495,60201,538216.56,15715.0,15720.0,PB
49,PB2206,2022-04-26,15685.0,15685.0,15550.0,15575.0,56247,55807,438464.565,15590.0,15715.0,PB
49,PB2206,2022-04-27,15450.0,15575.0,15445.0,15495.0,50664,54902,392855.87,15505.0,15590.0,PB
49,PB2206,2022-04-28,15480.0,15490.0,15390.0,15435.0,57104,54259,440651.295,15430.0,15505.0,PB
49,PB2206,2022-04-29,15455.0,15715.0,15380.0,15695.0,61534,48048,478676.945,15555.0,15430.0,PB
49,PB2206,2022-05-05,15585.0,15900.0,15585.0,15750.0,53709,53126,423312.4825,15760.0,15555.0,PB
49,PB2206,2022-05-06,15850.0,15850.0,15705.0,15775.0,53738,53112,423729.44,15770.0,15760.0,PB
49,PB2206,2022-05-09,15700.0,15825.0,15480.0,15545.0,72653,47613,567951.72,15630.0,15770.0,PB
49,PB2206,2022-05-10,15350.0,15420.0,15225.0,15320.0,74149,47446,567918.5175,15315.0,15630.0,PB
49,PB2206,2022-05-11,15170.0,15240.0,15060.0,15120.0,72582,50884,549224.19,15130.0,15315.0,PB
49,PB2206,2022-05-12,15100.0,15155.0,14970.0,14980.0,62453,56344,469781.755,15040.0,15130.0,PB
49,PB2206,2022-05-13,14950.0,15070.0,14920.0,14925.0,56328,51079,422412.615,14995.0,15040.0,PB
49,PB2206,2022-05-16,14870.0,15080.0,14750.0,14960.0,91910,57105,683918.3425,14880.0,14995.0,PB
48,PB2206,2022-05-17,15090.0,15090.0,14800.0,14895.0,52141,55099,388813.585,14910.0,14880.0,PB
48,PB2206,2022-05-18,14805.0,14940.0,14680.0,14770.0,58100,54783,430132.0875,14805.0,14910.0,PB
48,PB2206,2022-05-19,14795.0,14930.0,14720.0,14905.0,70375,39552,521590.905,14820.0,14805.0,PB
48,PB2206,2022-05-20,14815.0,15020.0,14805.0,15005.0,49532,32239,369672.2125,14925.0,14820.0,PB
49,PB2207,2022-05-23,14955.0,15145.0,14955.0,15055.0,50780,64268,382884.4875,15080.0,14920.0,PB
49,PB2207,2022-05-24,15145.0,15180.0,15055.0,15150.0,74004,64869,560043.95,15135.0,15080.0,PB
49,PB2207,2022-05-25,15100.0,15135.0,14975.0,15085.0,56125,61775,422495.005,15055.0,15135.0,PB
49,PB2207,2022-05-26,15000.0,15015.0,14790.0,14800.0,67982,67012,506052.89,14885.0,15055.0,PB
49,PB2207,2022-05-27,14860.0,15095.0,14820.0,15045.0,65463,63786,490171.1275,14975.0,14885.0,PB
49,PB2207,2022-05-30,15020.0,15125.0,14975.0,15075.0,56164,56670,422647.305,15050.0,14975.0,PB
49,PB2207,2022-05-31,15170.0,15280.0,15120.0,15210.0,69197,53578,527024.8475,15230.0,15050.0,PB
49,PB2207,2022-06-01,15100.0,15220.0,15060.0,15125.0,49361,51452,373773.2775,15140.0,15230.0,PB
49,PB2207,2022-06-02,15125.0,15150.0,15000.0,15030.0,41189,50297,310190.6175,15060.0,15140.0,PB
49,PB2207,2022-06-06,14970.0,15000.0,14805.0,14945.0,47476,55141,353649.9375,14895.0,15060.0,PB
49,PB2207,2022-06-07,15050.0,15215.0,15025.0,15120.0,60562,49615,458166.305,15130.0,14895.0,PB
49,PB2207,2022-06-08,15035.0,15280.0,14990.0,15275.0,61180,53651,464663.4575,15190.0,15130.0,PB
49,PB2207,2022-06-09,15290.0,15310.0,15150.0,15175.0,41453,51087,315633.7125,15225.0,15190.0,PB
49,PB2207,2022-06-10,15160.0,15160.0,14980.0,15025.0,52727,51346,396359.8875,15030.0,15225.0,PB
49,PB2207,2022-06-13,14920.0,15040.0,14910.0,14955.0,43353,54342,324812.83,14980.0,15030.0,PB
49,PB2207,2022-06-14,14905.0,15020.0,14900.0,14950.0,49312,56819,368667.1225,14950.0,14980.0,PB
49,PB2207,2022-06-15,14925.0,14965.0,14825.0,14940.0,52350,59224,389606.1425,14880.0,14950.0,PB
48,PB2207,2022-06-16,14855.0,14960.0,14830.0,14885.0,49169,59297,365919.98,14880.0,14880.0,PB
48,PB2207,2022-06-17,14845.0,15120.0,14820.0,15085.0,68365,52329,512510.1075,14990.0,14880.0,PB
48,PB2207,2022-06-20,15000.0,15050.0,14850.0,14960.0,59622,49728,444968.335,14925.0,14990.0,PB
48,PB2207,2022-06-21,14960.0,15240.0,14940.0,15215.0,77270,38614,585387.195,15150.0,14925.0,PB
48,PB2207,2022-06-22,15110.0,15230.0,15075.0,15185.0,55236,29724,418294.4075,15145.0,15150.0,PB
49,PB2208,2022-06-23,15120.0,15195.0,15065.0,15110.0,52211,52460,394891.455,15125.0,15175.0,PB
49,PB2208,2022-06-24,15045.0,15050.0,14900.0,14915.0,81384,56293,609100.2125,14965.0,15125.0,PB
49,PB2208,2022-06-27,14825.0,15200.0,14800.0,15185.0,110238,51451,827793.0975,15015.0,14965.0,PB
49,PB2208,2022-06-28,15195.0,15260.0,15130.0,15245.0,65688,49364,498972.635,15190.0,15015.0,PB
49,PB2208,2022-06-29,15210.0,15285.0,15165.0,15170.0,62338,49017,474259.49,15215.0,15190.0,PB
49,PB2208,2022-06-30,15190.0,15375.0,15180.0,15280.0,82028,59671,627140.71,15290.0,15215.0,PB
49,PB2208,2022-07-01,15175.0,15195.0,15025.0,15085.0,84608,50988,638272.7625,15085.0,15290.0,PB
49,PB2208,2022-07-04,15085.0,15145.0,15015.0,15090.0,55549,51115,418651.8375,15070.0,15085.0,PB
49,PB2208,2022-07-05,15045.0,15085.0,14935.0,14955.0,59584,52536,446437.8475,14985.0,15070.0,PB
49,PB2208,2022-07-06,14960.0,15015.0,14875.0,14920.0,63164,51883,471616.0725,14930.0,14985.0,PB
49,PB2208,2022-07-07,14960.0,15165.0,14930.0,15115.0,70212,49300,529078.095,15070.0,14930.0,PB
49,PB2208,2022-07-08,15115.0,15160.0,14860.0,14865.0,55910,51345,419142.4875,14990.0,15070.0,PB
49,PB2208,2022-07-11,14940.0,14940.0,14800.0,14830.0,50800,54064,377129.4025,14845.0,14990.0,PB
49,PB2208,2022-07-12,14830.0,15125.0,14825.0,15070.0,69324,50147,520653.41,15020.0,14845.0,PB
49,PB2208,2022-07-13,15000.0,15040.0,14820.0,14880.0,60881,48634,453573.8625,14900.0,15020.0,PB
49,PB2208,2022-07-14,14895.0,14910.0,14610.0,14655.0,72898,54629,538982.335,14785.0,14900.0,PB
49,PB2208,2022-07-15,14640.0,14665.0,14345.0,14620.0,84336,55272,612386.8925,14520.0,14785.0,PB
48,PB2208,2022-07-18,14750.0,15065.0,14750.0,15040.0,91317,42240,682753.91,14950.0,14520.0,PB
48,PB2208,2022-07-19,15040.0,15200.0,15040.0,15095.0,52981,38463,401292.4925,15145.0,14950.0,PB
48,PB2208,2022-07-20,15050.0,15145.0,14940.0,15125.0,40867,33512,307731.2225,15060.0,15145.0,PB
48,PB2208,2022-07-21,15200.0,15325.0,15190.0,15245.0,42678,29608,325823.18,15265.0,15060.0,PB
49,PB2209,2022-07-22,15100.0,15165.0,15045.0,15150.0,41332,43392,312178.99,15105.0,15170.0,PB
49,PB2209,2022-07-25,15200.0,15295.0,15150.0,15215.0,68510,56903,521181.9725,15210.0,15105.0,PB
49,PB2209,2022-07-26,15255.0,15285.0,15190.0,15275.0,38284,57922,291612.0225,15230.0,15210.0,PB
49,PB2209,2022-07-27,15230.0,15255.0,15150.0,15185.0,34807,56221,264486.215,15195.0,15230.0,PB
49,PB2209,2022-07-28,15185.0,15305.0,15155.0,15305.0,46609,58833,355076.185,15235.0,15195.0,PB
49,PB2209,2022-07-29,15255.0,15295.0,15190.0,15290.0,47318,59783,360722.4225,15245.0,15235.0,PB
49,PB2209,2022-08-01,15340.0,15355.0,15100.0,15135.0,63767,54300,485857.35,15235.0,15245.0,PB
49,PB2209,2022-08-02,15185.0,15315.0,15185.0,15210.0,56376,58758,429988.635,15250.0,15235.0,PB
49,PB2209,2022-08-03,15160.0,15215.0,15095.0,15160.0,41214,56557,312251.7275,15150.0,15250.0,PB
49,PB2209,2022-08-04,15090.0,15185.0,15085.0,15140.0,34392,54694,260560.645,15150.0,15150.0,PB
49,PB2209,2022-08-05,15170.0,15260.0,15090.0,15225.0,46449,57385,352597.4175,15180.0,15150.0,PB
49,PB2209,2022-08-08,15200.0,15320.0,15190.0,15290.0,41903,59769,319975.97,15270.0,15180.0,PB
49,PB2209,2022-08-09,15425.0,15450.0,15280.0,15315.0,47159,64482,361943.465,15345.0,15270.0,PB
49,PB2209,2022-08-10,15355.0,15380.0,15155.0,15225.0,49349,58815,376308.95,15250.0,15345.0,PB
49,PB2209,2022-08-11,15185.0,15250.0,15125.0,15250.0,38855,57064,294754.38,15170.0,15250.0,PB
49,PB2209,2022-08-12,15285.0,15345.0,15255.0,15315.0,43057,60029,329536.4575,15305.0,15170.0,PB
49,PB2209,2022-08-15,15205.0,15230.0,14985.0,14985.0,81602,54980,616146.325,15100.0,15305.0,PB
48,PB2209,2022-08-16,15060.0,15065.0,14975.0,15040.0,37551,53441,282152.4575,15025.0,15100.0,PB
48,PB2209,2022-08-17,15040.0,15175.0,15025.0,15100.0,38914,49372,294014.0625,15110.0,15025.0,PB
48,PB2209,2022-08-18,15040.0,15110.0,14945.0,14960.0,37512,47970,281890.3025,15025.0,15110.0,PB
48,PB2209,2022-08-19,15060.0,15075.0,14915.0,14960.0,40044,43853,300061.0875,14985.0,15025.0,PB
48,PB2209,2022-08-22,14960.0,15115.0,14925.0,15080.0,40244,39649,302663.0325,15040.0,14985.0,PB
48,PB2209,2022-08-23,15015.0,15105.0,14970.0,15065.0,34429,37888,259090.16,15050.0,15040.0,PB
48,PB2209,2022-08-24,15055.0,15085.0,14995.0,15080.0,29031,35476,218456.175,15045.0,15050.0,PB
48,PB2209,2022-08-25,15025.0,15185.0,15025.0,15160.0,40030,32598,302810.3525,15125.0,15045.0,PB
48,PB2209,2022-08-26,15160.0,15200.0,14980.0,15020.0,52297,22873,394032.585,15065.0,15125.0,PB
49,PB2210,2022-08-29,15075.0,15095.0,14930.0,14960.0,48111,53655,360354.55,14980.0,15075.0,PB
49,PB2210,2022-08-30,14920.0,14985.0,14860.0,14920.0,61286,60846,456820.3575,14905.0,14980.0,PB
49,PB2210,2022-08-31,14900.0,14950.0,14855.0,14915.0,30704,59661,228945.36,14910.0,14905.0,PB
49,PB2210,2022-09-01,14855.0,14900.0,14800.0,14800.0,39110,65959,290411.4125,14850.0,14910.0,PB
49,PB2210,2022-09-02,14810.0,14920.0,14800.0,14885.0,37608,62106,279357.5675,14855.0,14850.0,PB
49,PB2210,2022-09-05,14840.0,14935.0,14795.0,14920.0,39587,62173,294071.3775,14855.0,14855.0,PB
49,PB2210,2022-09-06,14870.0,15080.0,14870.0,15060.0,56569,55188,424184.155,14995.0,14855.0,PB
49,PB2210,2022-09-07,15050.0,15095.0,15000.0,15030.0,37691,51701,283441.37,15040.0,14995.0,PB
49,PB2210,2022-09-08,15070.0,15135.0,15045.0,15110.0,43321,48191,326739.1225,15080.0,15040.0,PB
49,PB2210,2022-09-09,15015.0,15050.0,14905.0,14940.0,55717,46900,416619.9075,14950.0,15080.0,PB
49,PB2210,2022-09-13,15095.0,15195.0,15050.0,15145.0,55525,47348,420419.085,15140.0,14950.0,PB
49,PB2210,2022-09-14,15065.0,15080.0,14955.0,14995.0,52639,43338,394793.485,15000.0,15140.0,PB
49,PB2210,2022-09-15,15010.0,15075.0,14995.0,15050.0,38466,41162,289300.245,15040.0,15000.0,PB
48,PB2210,2022-09-16,15025.0,15055.0,14920.0,14925.0,38316,43101,287138.17,14985.0,15040.0,PB
48,PB2210,2022-09-19,14920.0,14925.0,14845.0,14875.0,53477,48274,397661.2525,14870.0,14985.0,PB
48,PB2210,2022-09-20,14835.0,14950.0,14825.0,14910.0,33895,43662,252525.2925,14900.0,14870.0,PB
48,PB2210,2022-09-21,14980.0,15005.0,14935.0,14960.0,27544,40196,206116.1525,14965.0,14900.0,PB
48,PB2210,2022-09-22,14925.0,15050.0,14910.0,15005.0,41744,32980,312909.505,14990.0,14965.0,PB
48,PB2210,2022-09-23,15015.0,15055.0,14860.0,14885.0,44687,34005,333315.4625,14915.0,14990.0,PB
48,PB2210,2022-09-26,14850.0,14995.0,14825.0,14940.0,45311,23201,338448.8175,14935.0,14915.0,PB
49,PB2211,2022-09-27,14875.0,14965.0,14820.0,14860.0,44477,47551,331087.315,14885.0,14930.0,PB
49,PB2211,2022-09-28,14865.0,14925.0,14830.0,14880.0,50331,53710,374075.5525,14860.0,14885.0,PB
49,PB2211,2022-09-29,14885.0,15045.0,14885.0,15005.0,68901,48620,516197.92,14980.0,14860.0,PB
49,PB2211,2022-09-30,15075.0,15100.0,14980.0,15030.0,45033,46536,338398.01,15025.0,14980.0,PB
49,PB2211,2022-10-10,15285.0,15295.0,15155.0,15245.0,63349,50985,482402.9675,15230.0,15025.0,PB
49,PB2211,2022-10-11,15290.0,15300.0,15225.0,15265.0,42762,54903,326290.035,15260.0,15230.0,PB
49,PB2211,2022-10-12,15240.0,15305.0,15235.0,15295.0,35471,57652,270766.775,15265.0,15260.0,PB
49,PB2211,2022-10-13,15260.0,15365.0,15210.0,15280.0,42809,59980,327097.385,15280.0,15265.0,PB
49,PB2211,2022-10-14,15280.0,15385.0,15240.0,15365.0,38595,61152,295513.4275,15310.0,15280.0,PB
49,PB2211,2022-10-17,15365.0,15390.0,15265.0,15310.0,38498,58897,294727.5775,15310.0,15310.0,PB
48,PB2211,2022-10-18,15300.0,15360.0,15280.0,15315.0,34276,58524,262625.86,15320.0,15310.0,PB
48,PB2211,2022-10-19,15280.0,15350.0,15260.0,15310.0,34758,55510,265844.63,15295.0,15320.0,PB
48,PB2211,2022-10-20,15280.0,15390.0,15255.0,15350.0,38205,54663,293065.455,15340.0,15295.0,PB
48,PB2211,2022-10-21,15310.0,15510.0,15300.0,15460.0,51258,57608,395979.0075,15450.0,15340.0,PB
48,PB2211,2022-10-24,15365.0,15410.0,15265.0,15365.0,50185,46232,384398.5525,15315.0,15450.0,PB
48,PB2211,2022-10-25,15350.0,15395.0,15300.0,15310.0,46491,31184,356575.425,15335.0,15315.0,PB
49,PB2212,2022-10-26,15290.0,15335.0,15175.0,15190.0,65045,62700,495860.75,15245.0,15340.0,PB
49,PB2212,2022-10-27,15190.0,15230.0,15105.0,15125.0,56149,65225,425779.1425,15165.0,15245.0,PB
49,PB2212,2022-10-28,15075.0,15140.0,15055.0,15080.0,50100,62463,377943.9775,15085.0,15165.0,PB
49,PB2212,2022-10-31,15180.0,15290.0,15125.0,15180.0,71228,62446,541890.395,15215.0,15085.0,PB
49,PB2212,2022-11-01,15170.0,15180.0,15105.0,15160.0,43395,58765,328572.5475,15140.0,15215.0,PB
49,PB2212,2022-11-02,15165.0,15225.0,15130.0,15155.0,33478,57810,254037.595,15175.0,15140.0,PB
49,PB2212,2022-11-03,15155.0,15175.0,15065.0,15165.0,45383,53862,342850.0025,15105.0,15175.0,PB
49,PB2212,2022-11-04,15150.0,15275.0,15120.0,15230.0,46651,53044,354623.67,15200.0,15105.0,PB
49,PB2212,2022-11-07,15205.0,15245.0,15115.0,15125.0,47877,49321,363190.7775,15170.0,15200.0,PB
49,PB2212,2022-11-08,15145.0,15250.0,15115.0,15165.0,44712,48721,339131.0625,15165.0,15170.0,PB
49,PB2212,2022-11-09,15200.0,15315.0,15170.0,15290.0,43224,50637,329910.075,15265.0,15165.0,PB
49,PB2212,2022-11-10,15315.0,15580.0,15300.0,15535.0,75339,59353,582331.8,15455.0,15265.0,PB
49,PB2212,2022-11-11,15555.0,15750.0,15455.0,15680.0,65254,60035,508218.6725,15575.0,15455.0,PB
49,PB2212,2022-11-14,15720.0,15765.0,15550.0,15585.0,72334,57623,565056.26,15620.0,15575.0,PB
49,PB2212,2022-11-15,15680.0,15970.0,15630.0,15880.0,89615,61795,708756.3,15815.0,15620.0,PB
48,PB2212,2022-11-16,15890.0,16035.0,15820.0,15880.0,75343,61088,599612.505,15915.0,15815.0,PB
48,PB2212,2022-11-17,15890.0,15920.0,15585.0,15635.0,72975,48537,572583.895,15690.0,15915.0,PB
48,PB2212,2022-11-18,15635.0,15720.0,15600.0,15670.0,42276,44796,331140.81,15665.0,15690.0,PB
49,PB2301,2022-11-21,15735.0,15875.0,15650.0,15700.0,42417,85953,333883.415,15740.0,15695.0,PB
49,PB2301,2022-11-22,15655.0,15815.0,15615.0,15735.0,47769,93577,375877.58,15735.0,15740.0,PB
49,PB2301,2022-11-23,15700.0,15800.0,15590.0,15610.0,70531,87874,553406.54,15690.0,15735.0,PB
49,PB2301,2022-11-24,15660.0,15810.0,15610.0,15725.0,51094,90675,402017.9475,15735.0,15690.0,PB
49,PB2301,2022-11-25,15725.0,15780.0,15620.0,15640.0,50559,84050,396063.275,15665.0,15735.0,PB
49,PB2301,2022-11-28,15625.0,15660.0,15575.0,15595.0,55117,81800,430183.7225,15605.0,15665.0,PB
49,PB2301,2022-11-29,15660.0,15685.0,15550.0,15670.0,38512,83996,301125.2825,15635.0,15605.0,PB
49,PB2301,2022-11-30,15720.0,15780.0,15705.0,15740.0,41035,83355,323046.945,15740.0,15635.0,PB
49,PB2301,2022-12-01,15770.0,15825.0,15715.0,15750.0,40545,81576,319400.36,15755.0,15740.0,PB
49,PB2301,2022-12-02,15750.0,15775.0,15690.0,15745.0,28429,80835,223773.38,15740.0,15755.0,PB
49,PB2301,2022-12-05,15770.0,16045.0,15770.0,16005.0,78505,88470,625545.7675,15935.0,15740.0,PB
49,PB2301,2022-12-06,15935.0,16020.0,15900.0,15940.0,37037,85387,295406.9975,15950.0,15935.0,PB
49,PB2301,2022-12-07,15910.0,15935.0,15755.0,15770.0,56313,73988,444925.85,15800.0,15950.0,PB
49,PB2301,2022-12-08,15820.0,15835.0,15700.0,15730.0,43600,71166,343001.74,15730.0,15800.0,PB
49,PB2301,2022-12-09,15785.0,15825.0,15720.0,15810.0,36769,68615,290124.51,15780.0,15730.0,PB
49,PB2301,2022-12-12,15670.0,15715.0,15505.0,15540.0,77056,67523,601065.8025,15600.0,15780.0,PB
49,PB2301,2022-12-13,15695.0,15695.0,15525.0,15590.0,47384,63875,370016.0125,15615.0,15600.0,PB
49,PB2301,2022-12-14,15595.0,15610.0,15515.0,15530.0,36487,65653,283751.175,15550.0,15615.0,PB
49,PB2301,2022-12-15,15470.0,15535.0,15430.0,15445.0,38327,60949,296694.5025,15480.0,15550.0,PB
48,PB2301,2022-12-16,15415.0,15600.0,15410.0,15550.0,46675,52576,362225.155,15520.0,15480.0,PB
48,PB2301,2022-12-19,15530.0,15580.0,15465.0,15510.0,30876,50584,239595.3375,15515.0,15520.0,PB
48,PB2301,2022-12-20,15515.0,15570.0,15450.0,15465.0,31340,45817,242818.5425,15495.0,15515.0,PB
48,PB2301,2022-12-21,15545.0,15590.0,15460.0,15505.0,46203,35999,358880.565,15530.0,15495.0,PB
49,PB2302,2022-12-22,15540.0,15810.0,15535.0,15765.0,56240,58690,441465.27,15695.0,15510.0,PB
49,PB2302,2022-12-23,15865.0,15885.0,15720.0,15865.0,66602,66869,526250.8075,15800.0,15695.0,PB
49,PB2302,2022-12-26,15950.0,16030.0,15900.0,15980.0,56803,71985,453514.025,15965.0,15800.0,PB
49,PB2302,2022-12-27,15975.0,16125.0,15975.0,16120.0,44310,74258,355851.7075,16060.0,15965.0,PB
49,PB2302,2022-12-28,16055.0,16205.0,16055.0,16185.0,44852,76967,362343.325,16155.0,16060.0,PB
49,PB2302,2022-12-29,16125.0,16150.0,15820.0,15905.0,71390,71861,568761.62,15930.0,16155.0,PB
49,PB2302,2022-12-30,15980.0,16000.0,15875.0,15925.0,41815,71594,333086.115,15930.0,15930.0,PB
49,PB2302,2023-01-03,16050.0,16110.0,15770.0,15875.0,48034,67830,381926.5325,15900.0,15930.0,PB
49,PB2302,2023-01-04,15885.0,15930.0,15740.0,15765.0,45593,65041,360805.1525,15825.0,15900.0,PB
49,PB2302,2023-01-05,15750.0,15755.0,15655.0,15675.0,40892,58765,320892.4975,15690.0,15825.0,PB
49,PB2302,2023-01-06,15770.0,15770.0,15600.0,15620.0,46919,52243,367526.295,15665.0,15690.0,PB
49,PB2302,2023-01-09,15555.0,15620.0,15525.0,15595.0,46591,45874,362707.0075,15565.0,15665.0,PB
50,PB2303,2023-01-10,15730.0,15745.0,15470.0,15555.0,68485,73844,533945.585,15590.0,15605.0,PB
50,PB2303,2023-01-11,15500.0,15585.0,15365.0,15375.0,63988,74191,494954.1975,15470.0,15590.0,PB
50,PB2303,2023-01-12,15450.0,15450.0,15315.0,15370.0,44897,73034,345265.3575,15380.0,15470.0,PB
50,PB2303,2023-01-13,15340.0,15350.0,15245.0,15255.0,46608,76736,356313.8725,15285.0,15380.0,PB
50,PB2303,2023-01-16,15220.0,15425.0,15190.0,15340.0,61182,79588,468744.19,15320.0,15285.0,PB
49,PB2303,2023-01-17,15345.0,15420.0,15305.0,15370.0,47440,78905,364146.5475,15350.0,15320.0,PB
49,PB2303,2023-01-18,15375.0,15400.0,15320.0,15360.0,37794,79662,290206.255,15355.0,15350.0,PB
49,PB2303,2023-01-19,15315.0,15360.0,15265.0,15285.0,52939,81742,405093.8125,15300.0,15355.0,PB
49,PB2303,2023-01-20,15300.0,15320.0,15180.0,15190.0,50918,78622,388005.6625,15240.0,15300.0,PB
49,PB2303,2023-01-30,15345.0,15385.0,15220.0,15230.0,42545,80759,325297.8125,15290.0,15240.0,PB
49,PB2303,2023-01-31,15190.0,15265.0,15190.0,15210.0,42670,82392,324998.335,15230.0,15290.0,PB
49,PB2303,2023-02-01,15200.0,15280.0,15125.0,15270.0,51737,82955,392622.5925,15175.0,15230.0,PB
49,PB2303,2023-02-02,15295.0,15380.0,15230.0,15340.0,66770,76940,511253.0975,15310.0,15175.0,PB
49,PB2303,2023-02-03,15330.0,15400.0,15250.0,15275.0,46395,74245,355180.9775,15310.0,15310.0,PB
49,PB2303,2023-02-06,15260.0,15340.0,15205.0,15310.0,51819,71559,395769.0975,15275.0,15310.0,PB
49,PB2303,2023-02-07,15280.0,15315.0,15160.0,15235.0,42190,73210,321000.715,15215.0,15275.0,PB
49,PB2303,2023-02-08,15155.0,15310.0,15150.0,15245.0,47279,69592,359899.3925,15220.0,15215.0,PB
49,PB2303,2023-02-09,15280.0,15285.0,15190.0,15265.0,35280,67826,268955.1675,15245.0,15220.0,PB
49,PB2303,2023-02-10,15265.0,15415.0,15265.0,15395.0,64164,59898,492445.7375,15345.0,15245.0,PB
49,PB2303,2023-02-13,15295.0,15330.0,15190.0,15255.0,57952,60843,441657.54,15240.0,15345.0,PB
49,PB2303,2023-02-14,15285.0,15300.0,15230.0,15270.0,34014,57176,259649.3725,15265.0,15240.0,PB
49,PB2303,2023-02-15,15220.0,15260.0,15190.0,15230.0,34815,58458,265087.41,15225.0,15265.0,PB
48,PB2303,2023-02-16,15225.0,15225.0,15145.0,15155.0,43906,61450,333184.46,15175.0,15225.0,PB
48,PB2303,2023-02-17,15150.0,15185.0,15080.0,15170.0,41484,59571,313777.4975,15125.0,15175.0,PB
48,PB2303,2023-02-20,15170.0,15235.0,15085.0,15220.0,32962,56912,249741.2575,15150.0,15125.0,PB
48,PB2303,2023-02-21,15300.0,15415.0,15260.0,15395.0,63138,40519,484927.495,15360.0,15150.0,PB
49,PB2304,2023-02-22,15450.0,15480.0,15390.0,15445.0,48096,53597,371202.2475,15435.0,15380.0,PB
49,PB2304,2023-02-23,15445.0,15500.0,15320.0,15345.0,54975,55593,423574.2825,15405.0,15435.0,PB
49,PB2304,2023-02-24,15390.0,15390.0,15300.0,15350.0,61166,54644,469276.9575,15340.0,15405.0,PB
49,PB2304,2023-02-27,15305.0,15400.0,15285.0,15345.0,57954,53368,444873.2375,15350.0,15340.0,PB
49,PB2304,2023-02-28,15390.0,15415.0,15330.0,15350.0,54763,53486,420616.2075,15360.0,15350.0,PB
49,PB2304,2023-03-01,15290.0,15345.0,15275.0,15340.0,44729,53914,342656.96,15320.0,15360.0,PB
49,PB2304,2023-03-02,15365.0,15370.0,15275.0,15285.0,39154,55667,299982.2325,15320.0,15320.0,PB
49,PB2304,2023-03-03,15300.0,15315.0,15215.0,15295.0,51440,59374,392755.8175,15270.0,15320.0,PB
49,PB2304,2023-03-06,15310.0,15315.0,15235.0,15285.0,31875,61073,243548.965,15280.0,15270.0,PB
49,PB2304,2023-03-07,15280.0,15300.0,15245.0,15285.0,37449,61217,286007.12,15270.0,15280.0,PB
49,PB2304,2023-03-08,15215.0,15225.0,15160.0,15195.0,40334,63485,306330.76,15185.0,15270.0,PB
49,PB2304,2023-03-09,15210.0,15230.0,15155.0,15180.0,34601,67179,262639.545,15180.0,15185.0,PB
49,PB2304,2023-03-10,15210.0,15210.0,15145.0,15155.0,32675,68263,247808.1225,15165.0,15180.0,PB
49,PB2304,2023-03-13,15155.0,15190.0,15120.0,15150.0,37474,69698,283930.4425,15150.0,15165.0,PB
49,PB2304,2023-03-14,15150.0,15285.0,15145.0,15240.0,54836,60343,417526.1675,15225.0,15150.0,PB
49,PB2304,2023-03-15,15260.0,15300.0,15230.0,15260.0,31336,56203,239120.9025,15260.0,15225.0,PB
48,PB2304,2023-03-16,15260.0,15295.0,15220.0,15245.0,38982,51269,297473.58,15260.0,15260.0,PB
48,PB2304,2023-03-17,15250.0,15420.0,15235.0,15405.0,65530,43556,502543.035,15335.0,15260.0,PB
48,PB2304,2023-03-20,15405.0,15450.0,15300.0,15320.0,55166,37040,424482.86,15385.0,15335.0,PB
48,PB2304,2023-03-21,15355.0,15400.0,15330.0,15395.0,36345,29895,279175.7325,15360.0,15385.0,PB
49,PB2305,2023-03-22,15375.0,15390.0,15295.0,15350.0,39024,53488,299384.1825,15340.0,15335.0,PB
49,PB2305,2023-03-23,15390.0,15405.0,15355.0,15375.0,44196,56814,339989.1875,15385.0,15340.0,PB
49,PB2305,2023-03-24,15395.0,15400.0,15340.0,15390.0,32415,55755,249220.17,15375.0,15385.0,PB
49,PB2305,2023-03-27,15390.0,15440.0,15365.0,15440.0,56409,63595,434724.98,15410.0,15375.0,PB
49,PB2305,2023-03-28,15410.0,15450.0,15385.0,15420.0,42737,65944,329569.7375,15420.0,15410.0,PB
49,PB2305,2023-03-29,15390.0,15405.0,15240.0,15260.0,79537,54987,608309.925,15295.0,15420.0,PB
49,PB2305,2023-03-30,15335.0,15360.0,15245.0,15305.0,51356,54631,392793.135,15295.0,15295.0,PB
49,PB2305,2023-03-31,15285.0,15330.0,15265.0,15285.0,39473,53564,301943.16,15295.0,15295.0,PB
49,PB2305,2023-04-03,15265.0,15275.0,15175.0,15175.0,53573,54025,407604.235,15215.0,15295.0,PB
49,PB2305,2023-04-04,15210.0,15240.0,15185.0,15205.0,36270,54640,275849.7025,15210.0,15215.0,PB
49,PB2305,2023-04-06,15190.0,15250.0,15190.0,15230.0,25016,53097,190482.3775,15225.0,15210.0,PB
49,PB2305,2023-04-07,15220.0,15330.0,15220.0,15320.0,50978,51292,389981.63,15295.0,15225.0,PB
49,PB2305,2023-04-10,15290.0,15325.0,15270.0,15320.0,31581,50013,241638.4975,15300.0,15295.0,PB
49,PB2305,2023-04-11,15290.0,15315.0,15240.0,15285.0,34685,46095,264893.66,15270.0,15300.0,PB
49,PB2305,2023-04-12,15255.0,15310.0,15245.0,15280.0,27823,44049,212573.15,15280.0,15270.0,PB
49,PB2305,2023-04-13,15330.0,15355.0,15300.0,15320.0,32645,44894,250138.3875,15320.0,15280.0,PB
49,PB2305,2023-04-14,15290.0,15315.0,15245.0,15305.0,39453,43158,301478.9425,15280.0,15320.0,PB
49,PB2305,2023-04-17,15345.0,15405.0,15325.0,15390.0,53107,41818,408363.3275,15375.0,15280.0,PB
49,PB2306,2023-04-18,15300.0,15380.0,15280.0,15360.0,50435,48911,386459.99,15325.0,15380.0,PB
49,PB2306,2023-04-19,15390.0,15400.0,15360.0,15395.0,44036,59141,338676.725,15380.0,15325.0,PB
49,PB2306,2023-04-20,15410.0,15430.0,15370.0,15410.0,54375,67691,418620.025,15395.0,15380.0,PB
49,PB2306,2023-04-21,15430.0,15450.0,15255.0,15290.0,76922,66210,590269.32,15345.0,15395.0,PB
49,PB2306,2023-04-24,15325.0,15335.0,15280.0,15300.0,45517,65926,348392.61,15305.0,15345.0,PB
49,PB2306,2023-04-25,15255.0,15300.0,15230.0,15295.0,44348,63238,338868.31,15280.0,15305.0,PB
49,PB2306,2023-04-26,15280.0,15320.0,15255.0,15315.0,53664,67060,410216.4825,15285.0,15280.0,PB
49,PB2306,2023-04-27,15290.0,15315.0,15260.0,15275.0,46343,63599,354227.895,15285.0,15285.0,PB
49,PB2306,2023-04-28,15280.0,15280.0,15240.0,15255.0,36531,61231,278648.2175,15255.0,15285.0,PB
49,PB2306,2023-05-04,15270.0,15395.0,15250.0,15370.0,58930,65958,452759.0275,15365.0,15255.0,PB
49,PB2306,2023-05-05,15310.0,15360.0,15275.0,15345.0,50906,62478,389857.3475,15315.0,15365.0,PB
49,PB2306,2023-05-08,15315.0,15325.0,15270.0,15275.0,41748,60677,319211.7075,15290.0,15315.0,PB
49,PB2306,2023-05-09,15300.0,15300.0,15230.0,15245.0,38511,61240,293845.8075,15260.0,15290.0,PB
49,PB2306,2023-05-10,15245.0,15330.0,15240.0,15285.0,38658,63335,295527.845,15285.0,15260.0,PB
49,PB2306,2023-05-11,15305.0,15320.0,15270.0,15305.0,33448,63165,255860.775,15295.0,15285.0,PB
49,PB2306,2023-05-12,15270.0,15280.0,15220.0,15230.0,51011,59924,389041.7275,15250.0,15295.0,PB
49,PB2306,2023-05-15,15225.0,15240.0,15175.0,15200.0,56427,59219,428898.81,15200.0,15250.0,PB
48,PB2306,2023-05-16,15200.0,15245.0,15180.0,15185.0,39692,52457,301756.175,15200.0,15200.0,PB
48,PB2306,2023-05-17,15185.0,15230.0,15155.0,15215.0,39975,49366,303641.98,15190.0,15200.0,PB
48,PB2306,2023-05-18,15245.0,15325.0,15205.0,15305.0,43013,43703,328135.8,15255.0,15190.0,PB
48,PB2306,2023-05-19,15290.0,15400.0,15290.0,15380.0,61133,44545,469400.47,15355.0,15255.0,PB
48,PB2306,2023-05-22,15395.0,15440.0,15360.0,15375.0,41758,42009,321286.32,15385.0,15355.0,PB
48,PB2306,2023-05-23,15355.0,15370.0,15270.0,15305.0,41544,31779,317955.8675,15305.0,15385.0,PB
49,PB2307,2023-05-24,15255.0,15295.0,15255.0,15285.0,30647,54176,234156.4075,15280.0,15285.0,PB
49,PB2307,2023-05-25,15250.0,15275.0,15205.0,15270.0,51313,54483,391035.415,15240.0,15280.0,PB
49,PB2307,2023-05-26,15220.0,15275.0,15220.0,15265.0,43662,55088,333021.565,15250.0,15240.0,PB
49,PB2307,2023-05-29,15250.0,15260.0,15220.0,15240.0,35378,54605,269586.0175,15240.0,15250.0,PB
49,PB2307,2023-05-30,15250.0,15255.0,15200.0,15215.0,36770,56770,279835.4475,15220.0,15240.0,PB
49,PB2307,2023-05-31,15230.0,15235.0,15170.0,15195.0,36185,57044,275162.8375,15205.0,15220.0,PB
49,PB2307,2023-06-01,15170.0,15180.0,15100.0,15140.0,66274,61447,501434.935,15130.0,15205.0,PB
49,PB2307,2023-06-02,15080.0,15100.0,15030.0,15050.0,66967,59569,504054.27,15050.0,15130.0,PB
49,PB2307,2023-06-05,15070.0,15110.0,15015.0,15055.0,47854,59013,360514.55,15065.0,15050.0,PB
49,PB2307,2023-06-06,15090.0,15090.0,15030.0,15080.0,32284,59458,243170.58,15060.0,15065.0,PB
49,PB2307,2023-06-07,15095.0,15175.0,15080.0,15165.0,43337,54425,327953.59,15135.0,15060.0,PB
49,PB2307,2023-06-08,15165.0,15195.0,15135.0,15165.0,27596,52309,209359.7025,15170.0,15135.0,PB
49,PB2307,2023-06-09,15140.0,15185.0,15140.0,15180.0,28389,47579,215299.3,15165.0,15170.0,PB
49,PB2307,2023-06-12,15150.0,15305.0,15150.0,15275.0,55440,47251,422439.085,15235.0,15165.0,PB
49,PB2307,2023-06-13,15310.0,15335.0,15280.0,15335.0,47903,47341,366656.34,15305.0,15235.0,PB
49,PB2307,2023-06-14,15345.0,15355.0,15290.0,15315.0,43215,45625,331146.2375,15325.0,15305.0,PB
49,PB2307,2023-06-15,15380.0,15395.0,15320.0,15380.0,55671,46617,427462.39,15355.0,15325.0,PB
48,PB2307,2023-06-16,15450.0,15515.0,15385.0,15460.0,64198,40458,495363.685,15430.0,15355.0,PB
48,PB2307,2023-06-19,15415.0,15535.0,15415.0,15495.0,40986,37264,317325.1625,15480.0,15430.0,PB
49,PB2308,2023-06-20,15510.0,15550.0,15480.0,15545.0,41483,89520,321841.9475,15515.0,15480.0,PB
49,PB2308,2023-06-21,15530.0,15635.0,15500.0,15595.0,63587,95613,495200.6375,15575.0,15515.0,PB
49,PB2308,2023-06-26,15615.0,15690.0,15540.0,15550.0,63605,105841,496539.8075,15610.0,15575.0,PB
49,PB2308,2023-06-27,15535.0,15585.0,15470.0,15490.0,57701,107131,447415.8,15505.0,15610.0,PB
49,PB2308,2023-06-28,15470.0,15510.0,15445.0,15475.0,49118,107403,379825.075,15465.0,15505.0,PB
49,PB2308,2023-06-29,15470.0,15485.0,15435.0,15460.0,34142,107533,263947.1075,15460.0,15465.0,PB
49,PB2308,2023-06-30,15420.0,15480.0,15405.0,15440.0,42986,106458,331710.125,15430.0,15460.0,PB
49,PB2308,2023-07-03,15485.0,15650.0,15470.0,15615.0,79930,107958,623308.54,15595.0,15430.0,PB
49,PB2308,2023-07-04,15580.0,15630.0,15515.0,15520.0,42403,106192,329592.835,15545.0,15595.0,PB
49,PB2308,2023-07-05,15505.0,15510.0,15455.0,15490.0,34859,101791,269852.745,15480.0,15545.0,PB
49,PB2308,2023-07-06,15495.0,15580.0,15485.0,15555.0,45875,101926,356554.4575,15540.0,15480.0,PB
49,PB2308,2023-07-07,15510.0,15545.0,15475.0,15505.0,39941,98391,309579.2625,15500.0,15540.0,PB
49,PB2308,2023-07-10,15490.0,15540.0,15425.0,15510.0,52326,95656,404764.755,15470.0,15500.0,PB
49,PB2308,2023-07-11,15510.0,15610.0,15500.0,15560.0,40827,93859,317687.315,15560.0,15470.0,PB
49,PB2308,2023-07-12,15525.0,15535.0,15480.0,15520.0,38693,89392,299938.2525,15500.0,15560.0,PB
49,PB2308,2023-07-13,15585.0,15665.0,15565.0,15655.0,59143,91687,462153.25,15625.0,15500.0,PB
49,PB2308,2023-07-14,15655.0,15830.0,15635.0,15740.0,72288,90376,569461.85,15755.0,15625.0,PB
49,PB2308,2023-07-17,15790.0,15790.0,15655.0,15750.0,52155,86536,409627.0575,15705.0,15755.0,PB
48,PB2308,2023-07-18,15700.0,15760.0,15675.0,15705.0,38907,85508,305744.145,15715.0,15705.0,PB
48,PB2308,2023-07-19,15680.0,15775.0,15680.0,15755.0,44633,78563,351019.5375,15725.0,15715.0,PB
48,PB2308,2023-07-20,15795.0,15850.0,15740.0,15825.0,40471,74251,319504.965,15785.0,15725.0,PB
48,PB2308,2023-07-21,15825.0,15930.0,15815.0,15925.0,43820,71563,347705.115,15865.0,15785.0,PB
48,PB2308,2023-07-24,15935.0,15985.0,15910.0,15980.0,47454,67344,378222.33,15940.0,15865.0,PB
49,PB2309,2023-07-25,15950.0,16170.0,15945.0,16100.0,86433,101250,695251.1675,16085.0,15905.0,PB
49,PB2309,2023-07-26,16055.0,16080.0,15915.0,15975.0,79259,100837,633570.7,15985.0,16085.0,PB
49,PB2309,2023-07-27,15970.0,15970.0,15895.0,15925.0,58765,99499,468043.78,15925.0,15985.0,PB
49,PB2309,2023-07-28,15960.0,16005.0,15920.0,15960.0,55898,105205,446056.58,15955.0,15925.0,PB
49,PB2309,2023-07-31,15975.0,16030.0,15940.0,15970.0,49938,108403,398771.4,15970.0,15955.0,PB
49,PB2309,2023-08-01,15945.0,15960.0,15840.0,15895.0,53816,105484,427956.2075,15900.0,15970.0,PB
49,PB2309,2023-08-02,15925.0,15975.0,15910.0,15935.0,43310,106243,345347.0,15945.0,15900.0,PB
49,PB2309,2023-08-03,15935.0,15965.0,15890.0,15925.0,39582,106313,315354.4025,15930.0,15945.0,PB
49,PB2309,2023-08-04,15930.0,16030.0,15910.0,15950.0,46168,106512,368797.5375,15975.0,15930.0,PB
49,PB2309,2023-08-07,15925.0,15940.0,15825.0,15920.0,54148,101972,429937.92,15880.0,15975.0,PB
49,PB2309,2023-08-08,15980.0,16050.0,15920.0,15945.0,43163,100580,344793.795,15975.0,15880.0,PB
49,PB2309,2023-08-09,15885.0,15980.0,15840.0,15950.0,34623,100141,275635.0475,15920.0,15975.0,PB
49,PB2309,2023-08-10,15950.0,16005.0,15940.0,15985.0,30015,99143,239837.195,15980.0,15920.0,PB
49,PB2309,2023-08-11,15960.0,16000.0,15925.0,15950.0,34472,98443,275029.51,15955.0,15980.0,PB
49,PB2309,2023-08-14,15900.0,15950.0,15860.0,15875.0,46682,95951,371225.45,15900.0,15955.0,PB
49,PB2309,2023-08-15,15890.0,15955.0,15855.0,15955.0,35202,91954,279856.6775,15900.0,15900.0,PB
48,PB2309,2023-08-16,15920.0,16100.0,15920.0,16005.0,56705,91203,454298.0,16020.0,15900.0,PB
48,PB2309,2023-08-17,16000.0,16080.0,15965.0,16040.0,51644,88275,413622.8825,16015.0,16020.0,PB
48,PB2309,2023-08-18,16145.0,16145.0,16000.0,16070.0,45891,85225,369012.1425,16080.0,16015.0,PB
48,PB2309,2023-08-21,16070.0,16160.0,16055.0,16155.0,37756,82542,304318.935,16120.0,16080.0,PB
49,PB2310,2023-08-22,16165.0,16300.0,16155.0,16295.0,75804,83593,614943.4275,16220.0,16110.0,PB
49,PB2310,2023-08-23,16350.0,16450.0,16255.0,16430.0,109735,111462,896755.1,16340.0,16220.0,PB
49,PB2310,2023-08-24,16435.0,16565.0,16350.0,16425.0,105470,116120,867550.1175,16450.0,16340.0,PB
49,PB2310,2023-08-25,16470.0,16480.0,16360.0,16435.0,65258,116117,535736.06,16415.0,16450.0,PB
49,PB2310,2023-08-28,16380.0,16415.0,16325.0,16330.0,62180,114040,509005.7025,16370.0,16415.0,PB
49,PB2310,2023-08-29,16375.0,16375.0,16070.0,16105.0,115644,102809,938064.285,16220.0,16370.0,PB
49,PB2310,2023-08-30,16185.0,16350.0,16155.0,16305.0,107983,101803,877904.93,16260.0,16220.0,PB
49,PB2310,2023-08-31,16310.0,16400.0,16285.0,16310.0,86251,100324,704033.6275,16325.0,16260.0,PB
49,PB2310,2023-09-01,16385.0,17210.0,16360.0,17055.0,222432,108219,1858872.62,16710.0,16325.0,PB
49,PB2310,2023-09-04,17150.0,17540.0,16520.0,16595.0,198386,95244,1683111.055,16965.0,16710.0,PB
49,PB2310,2023-09-05,16595.0,16680.0,16450.0,16515.0,98707,92851,816774.0325,16545.0,16965.0,PB
49,PB2310,2023-09-06,16575.0,16865.0,16530.0,16750.0,110926,93439,927122.1675,16715.0,16545.0,PB
49,PB2310,2023-09-07,16745.0,17125.0,16745.0,17075.0,114795,95894,971832.43,16930.0,16715.0,PB
49,PB2310,2023-09-08,17075.0,17100.0,16880.0,17025.0,73812,93892,628300.6075,17020.0,16930.0,PB
49,PB2310,2023-09-11,17025.0,17165.0,16830.0,17085.0,74448,93559,632226.71,16980.0,17020.0,PB
49,PB2310,2023-09-12,17090.0,17175.0,16925.0,16965.0,59696,95124,509852.8375,17080.0,16980.0,PB
49,PB2310,2023-09-13,16920.0,16985.0,16800.0,16930.0,78459,95300,661993.9025,16870.0,17080.0,PB
49,PB2310,2023-09-14,16880.0,16960.0,16835.0,16870.0,49448,92178,417330.4525,16875.0,16870.0,PB
49,PB2310,2023-09-15,16890.0,17185.0,16845.0,17110.0,74978,90864,637400.1925,17000.0,16875.0,PB
48,PB2310,2023-09-18,17005.0,17285.0,17000.0,17255.0,70533,87581,605216.0975,17160.0,17000.0,PB
48,PB2310,2023-09-19,17150.0,17305.0,17095.0,17275.0,55696,86532,479404.6825,17215.0,17160.0,PB
48,PB2310,2023-09-20,17240.0,17365.0,17225.0,17325.0,57837,84123,499725.43,17280.0,17215.0,PB
48,PB2310,2023-09-21,17350.0,17375.0,16910.0,16920.0,72406,72901,619214.6025,17100.0,17280.0,PB
49,PB2311,2023-09-22,16650.0,16910.0,16610.0,16875.0,58049,85946,487783.7375,16805.0,16890.0,PB
49,PB2311,2023-09-25,16840.0,16940.0,16805.0,16825.0,78146,93644,658953.8675,16860.0,16805.0,PB
49,PB2311,2023-09-26,16880.0,16900.0,16705.0,16760.0,87841,95280,737360.28,16785.0,16860.0,PB
49,PB2311,2023-09-27,16820.0,16825.0,16615.0,16620.0,68333,93915,570700.95,16700.0,16785.0,PB
49,PB2311,2023-09-28,16530.0,16625.0,16475.0,16490.0,52810,87975,437083.2325,16550.0,16700.0,PB
49,PB2311,2023-10-09,16800.0,16820.0,16655.0,16655.0,42304,85536,354179.495,16740.0,16550.0,PB
49,PB2311,2023-10-10,16545.0,16630.0,16375.0,16415.0,61052,85440,503476.4,16490.0,16740.0,PB
49,PB2311,2023-10-11,16335.0,16410.0,16295.0,16345.0,51756,84459,423222.7175,16350.0,16490.0,PB
49,PB2311,2023-10-12,16355.0,16425.0,16305.0,16370.0,36956,85632,302444.0625,16365.0,16350.0,PB
49,PB2311,2023-10-13,16300.0,16310.0,16160.0,16220.0,56974,82836,462774.04,16245.0,16365.0,PB
49,PB2311,2023-10-16,16160.0,16230.0,16080.0,16135.0,89037,81874,719456.77,16160.0,16245.0,PB
48,PB2311,2023-10-17,16135.0,16305.0,16125.0,16285.0,60309,74628,489015.9975,16215.0,16160.0,PB
48,PB2311,2023-10-18,16255.0,16455.0,16245.0,16380.0,56359,67802,461166.99,16365.0,16215.0,PB
48,PB2311,2023-10-19,16430.0,16475.0,16380.0,16475.0,38336,66128,314973.645,16430.0,16365.0,PB
48,PB2311,2023-10-20,16475.0,16560.0,16435.0,16440.0,43287,62266,357186.585,16500.0,16430.0,PB
48,PB2311,2023-10-23,16430.0,16595.0,16385.0,16480.0,31379,61157,259291.1775,16525.0,16500.0,PB
48,PB2311,2023-10-24,16500.0,16515.0,16425.0,16455.0,26673,57915,219545.635,16460.0,16525.0,PB
49,PB2312,2023-10-25,16330.0,16345.0,16260.0,16285.0,35448,55443,288874.2875,16295.0,16275.0,PB
49,PB2312,2023-10-26,16220.0,16275.0,16150.0,16185.0,51268,60186,415589.345,16210.0,16295.0,PB
49,PB2312,2023-10-27,16155.0,16300.0,16135.0,16285.0,48857,60753,395932.545,16205.0,16210.0,PB
49,PB2312,2023-10-30,16295.0,16340.0,16260.0,16305.0,33893,61608,276263.58,16300.0,16205.0,PB
49,PB2312,2023-10-31,16340.0,16360.0,16250.0,16320.0,39164,64116,319114.0375,16295.0,16300.0,PB
49,PB2312,2023-11-01,16290.0,16380.0,16230.0,16270.0,38182,62170,310964.8825,16285.0,16295.0,PB
49,PB2312,2023-11-02,16285.0,16460.0,16260.0,16460.0,49057,63628,401260.9275,16355.0,16285.0,PB
49,PB2312,2023-11-03,16490.0,16625.0,16475.0,16620.0,50497,64849,417959.565,16550.0,16355.0,PB
49,PB2312,2023-11-06,16670.0,16695.0,16565.0,16595.0,38899,65960,323340.885,16620.0,16550.0,PB
49,PB2312,2023-11-07,16550.0,16590.0,16455.0,16490.0,42005,65956,346819.485,16510.0,16620.0,PB
49,PB2312,2023-11-08,16550.0,16575.0,16415.0,16435.0,45180,64010,372113.075,16470.0,16510.0,PB
49,PB2312,2023-11-09,16450.0,16550.0,16425.0,16465.0,36852,64028,303959.3875,16495.0,16470.0,PB
49,PB2312,2023-11-10,16490.0,16545.0,16455.0,16505.0,28397,64062,234301.205,16500.0,16495.0,PB
49,PB2312,2023-11-13,16455.0,16630.0,16400.0,16605.0,39210,66882,323226.5625,16485.0,16500.0,PB
49,PB2312,2023-11-14,16540.0,16580.0,16360.0,16415.0,39578,65558,325787.75,16460.0,16485.0,PB
49,PB2312,2023-11-15,16415.0,16545.0,16370.0,16505.0,33475,66328,275567.8625,16460.0,16460.0,PB
48,PB2312,2023-11-16,16550.0,16810.0,16540.0,16770.0,63782,68513,532664.8075,16700.0,16460.0,PB
48,PB2312,2023-11-17,16905.0,17060.0,16870.0,17030.0,64391,67702,546064.06,16960.0,16700.0,PB
48,PB2312,2023-11-20,17100.0,17195.0,17035.0,17045.0,57020,61456,487786.125,17105.0,16960.0,PB
49,PB2401,2023-11-21,17000.0,17000.0,16735.0,16760.0,49998,75295,421233.755,16850.0,17020.0,PB
49,PB2401,2023-11-22,16775.0,16840.0,16650.0,16700.0,53499,80337,447943.6675,16745.0,16850.0,PB
49,PB2401,2023-11-23,16640.0,16645.0,16475.0,16530.0,83878,80625,694320.76,16555.0,16745.0,PB
49,PB2401,2023-11-24,16530.0,16560.0,16440.0,16465.0,53535,75419,441661.9575,16495.0,16555.0,PB
49,PB2401,2023-11-27,16465.0,16470.0,16120.0,16145.0,76815,72212,625883.2175,16295.0,16495.0,PB
49,PB2401,2023-11-28,16105.0,16230.0,16055.0,16135.0,71689,73408,578464.635,16135.0,16295.0,PB
49,PB2401,2023-11-29,16085.0,16120.0,15965.0,16020.0,73997,69072,593718.055,16045.0,16135.0,PB
49,PB2401,2023-11-30,15965.0,15975.0,15810.0,15810.0,65893,67666,522928.1725,15870.0,16045.0,PB
49,PB2401,2023-12-01,15825.0,16015.0,15740.0,15785.0,84343,61894,668669.9175,15855.0,15870.0,PB
49,PB2401,2023-12-04,15810.0,15850.0,15560.0,15645.0,83692,57838,657055.4,15700.0,15855.0,PB
49,PB2401,2023-12-05,15700.0,15770.0,15580.0,15610.0,49679,51563,388856.2375,15650.0,15700.0,PB
49,PB2401,2023-12-06,15570.0,15635.0,15480.0,15580.0,56150,50344,436872.6375,15560.0,15650.0,PB
49,PB2401,2023-12-07,15515.0,15595.0,15480.0,15535.0,50252,48943,390010.64,15520.0,15560.0,PB
49,PB2401,2023-12-08,15525.0,15570.0,15405.0,15410.0,54963,47363,425153.98,15470.0,15520.0,PB
49,PB2401,2023-12-11,15490.0,15700.0,15485.0,15550.0,48893,43758,381259.685,15595.0,15470.0,PB
49,PB2401,2023-12-12,15545.0,15650.0,15510.0,15575.0,30146,40724,234823.695,15575.0,15595.0,PB
49,PB2401,2023-12-13,15625.0,15645.0,15500.0,15545.0,31378,39557,244024.6,15550.0,15575.0,PB
50,PB2402,2023-12-14,15545.0,15615.0,15465.0,15555.0,42938,39376,333707.8025,15540.0,15535.0,PB
50,PB2402,2023-12-15,15575.0,15655.0,15530.0,15620.0,61067,50026,475661.16,15575.0,15540.0,PB
49,PB2402,2023-12-18,15605.0,15785.0,15565.0,15720.0,61758,50437,483610.5825,15660.0,15575.0,PB
49,PB2402,2023-12-19,15795.0,15810.0,15605.0,15675.0,55645,56373,435884.7925,15665.0,15660.0,PB
49,PB2402,2023-12-20,15670.0,15695.0,15610.0,15670.0,36868,56001,288528.9825,15650.0,15665.0,PB
49,PB2402,2023-12-21,15685.0,15705.0,15615.0,15660.0,39207,56349,306902.775,15655.0,15650.0,PB
49,PB2402,2023-12-22,15620.0,15685.0,15585.0,15665.0,46259,55543,361669.9625,15635.0,15655.0,PB
49,PB2402,2023-12-25,15710.0,15775.0,15630.0,15720.0,52633,53224,413531.5025,15710.0,15635.0,PB
49,PB2402,2023-12-26,15710.0,15765.0,15695.0,15745.0,30175,52189,237324.5775,15725.0,15710.0,PB
49,PB2402,2023-12-27,15705.0,15860.0,15700.0,15840.0,44558,50842,351353.1325,15770.0,15725.0,PB
49,PB2402,2023-12-28,15820.0,15960.0,15795.0,15900.0,42879,50169,340387.235,15875.0,15770.0,PB
49,PB2402,2023-12-29,15870.0,15910.0,15820.0,15875.0,33577,50392,266339.8375,15860.0,15875.0,PB
49,PB2402,2024-01-02,15900.0,16000.0,15870.0,15955.0,29617,49626,236229.14,15950.0,15860.0,PB
49,PB2402,2024-01-03,15970.0,15985.0,15860.0,15980.0,33416,46968,266146.6975,15925.0,15950.0,PB
49,PB2402,2024-01-04,15995.0,16020.0,15930.0,15965.0,33003,43213,263673.27,15975.0,15925.0,PB
49,PB2402,2024-01-05,15940.0,16105.0,15920.0,16055.0,41554,39477,332822.3625,16015.0,15975.0,PB
49,PB2402,2024-01-08,16095.0,16180.0,16050.0,16140.0,42637,38818,343539.43,16110.0,16015.0,PB
49,PB2402,2024-01-09,16105.0,16210.0,16070.0,16185.0,35802,38879,288986.44,16140.0,16110.0,PB
49,PB2402,2024-01-10,16150.0,16415.0,16150.0,16385.0,44594,37447,363024.7625,16280.0,16140.0,PB
49,PB2402,2024-01-11,16415.0,16520.0,16330.0,16475.0,47085,33353,386487.7025,16415.0,16280.0,PB
49,PB2402,2024-01-12,16455.0,16550.0,16305.0,16325.0,45262,28150,372427.7875,16455.0,16415.0,PB
50,PB2403,2024-01-15,16300.0,16335.0,16160.0,16210.0,51072,59036,414155.8625,16215.0,16450.0,PB
49,PB2403,2024-01-16,16210.0,16295.0,16135.0,16230.0,48941,62926,396886.1,16215.0,16215.0,PB
49,PB2403,2024-01-17,16250.0,16270.0,16155.0,16170.0,34826,63491,282363.07,16215.0,16215.0,PB
49,PB2403,2024-01-18,16170.0,16265.0,16140.0,16215.0,50894,64693,412665.78,16215.0,16215.0,PB
49,PB2403,2024-01-19,16220.0,16410.0,16195.0,16360.0,56188,70467,458354.135,16315.0,16215.0,PB
49,PB2403,2024-01-22,16455.0,16545.0,16350.0,16355.0,70045,77517,577057.7725,16475.0,16315.0,PB
49,PB2403,2024-01-23,16360.0,16730.0,16360.0,16685.0,61250,85331,506953.74,16550.0,16475.0,PB
49,PB2403,2024-01-24,16665.0,16725.0,16575.0,16665.0,56392,85165,469841.7675,16660.0,16550.0,PB
49,PB2403,2024-01-25,16690.0,16690.0,16305.0,16310.0,70756,79949,582126.05,16450.0,16660.0,PB
49,PB2403,2024-01-26,16335.0,16410.0,16200.0,16225.0,69947,75587,570199.13,16300.0,16450.0,PB
49,PB2403,2024-01-29,16275.0,16315.0,16205.0,16240.0,48958,70607,397940.6875,16255.0,16300.0,PB
49,PB2403,2024-01-30,16255.0,16335.0,16175.0,16240.0,38957,66601,316596.75,16250.0,16255.0,PB
49,PB2403,2024-01-31,16255.0,16320.0,16205.0,16300.0,32909,64350,267580.1675,16260.0,16250.0,PB
49,PB2403,2024-02-01,16210.0,16250.0,16120.0,16230.0,43824,60824,354630.78,16180.0,16260.0,PB
49,PB2403,2024-02-02,16245.0,16280.0,16150.0,16240.0,36294,58649,294082.3025,16205.0,16180.0,PB
49,PB2403,2024-02-05,16180.0,16250.0,16155.0,16205.0,34212,55881,277069.4225,16195.0,16205.0,PB
49,PB2403,2024-02-06,16205.0,16330.0,16125.0,16185.0,38318,51477,310540.5425,16205.0,16195.0,PB
49,PB2403,2024-02-07,16185.0,16215.0,16150.0,16180.0,31051,46743,251112.59,16170.0,16205.0,PB
49,PB2403,2024-02-08,16180.0,16330.0,16140.0,16250.0,32881,43052,267145.49,16245.0,16170.0,PB
49,PB2403,2024-02-19,16165.0,16180.0,15860.0,15910.0,37117,37899,297053.3075,16005.0,16245.0,PB
48,PB2403,2024-02-20,15860.0,15890.0,15825.0,15845.0,26281,34029,208311.1075,15850.0,16005.0,PB
48,PB2403,2024-02-21,15890.0,15890.0,15790.0,15840.0,29393,28317,232576.6075,15825.0,15850.0,PB
49,PB2404,2024-02-22,15845.0,15920.0,15845.0,15875.0,29638,41407,235309.3425,15875.0,15825.0,PB
49,PB2404,2024-02-23,15890.0,15985.0,15830.0,15885.0,38319,42112,304569.685,15895.0,15875.0,PB
49,PB2404,2024-02-26,15845.0,15950.0,15845.0,15895.0,36679,44167,291375.8775,15885.0,15895.0,PB
49,PB2404,2024-02-27,15955.0,15980.0,15910.0,15955.0,29251,44806,233294.1375,15950.0,15885.0,PB
49,PB2404,2024-02-28,15955.0,15965.0,15900.0,15945.0,26996,45478,215041.3875,15930.0,15950.0,PB
49,PB2404,2024-02-29,15905.0,15995.0,15900.0,15970.0,25857,45129,206159.74,15945.0,15930.0,PB
49,PB2404,2024-03-01,15950.0,16085.0,15930.0,15970.0,37189,45225,297175.7625,15980.0,15945.0,PB
49,PB2404,2024-03-04,15970.0,16025.0,15915.0,15995.0,32799,43515,262162.725,15985.0,15980.0,PB
49,PB2404,2024-03-05,15955.0,16010.0,15950.0,15990.0,25291,41594,202104.2875,15980.0,15985.0,PB
49,PB2404,2024-03-06,15980.0,16060.0,15965.0,16020.0,24215,41208,193804.91,16005.0,15980.0,PB
49,PB2404,2024-03-07,16095.0,16095.0,16000.0,16040.0,31779,38568,254952.285,16045.0,16005.0,PB
49,PB2404,2024-03-08,16065.0,16270.0,16040.0,16220.0,37792,38632,304775.75,16125.0,16045.0,PB
49,PB2404,2024-03-11,16205.0,16280.0,16130.0,16250.0,35523,34891,287906.8975,16205.0,16125.0,PB
49,PB2404,2024-03-12,16280.0,16315.0,16235.0,16270.0,28119,33841,228780.735,16270.0,16205.0,PB
49,PB2404,2024-03-13,16310.0,16345.0,16235.0,16340.0,29164,32148,237625.94,16295.0,16270.0,PB
49,PB2404,2024-03-14,16360.0,16380.0,16240.0,16275.0,30313,29295,247397.08,16320.0,16295.0,PB
50,PB2405,2024-03-15,16250.0,16335.0,16250.0,16315.0,21218,44761,172873.56,16290.0,16320.0,PB
49,PB2405,2024-03-18,16245.0,16320.0,16200.0,16255.0,31743,48341,258052.145,16255.0,16290.0,PB
49,PB2405,2024-03-19,16265.0,16325.0,16200.0,16215.0,39692,52009,322359.055,16240.0,16255.0,PB
49,PB2405,2024-03-20,16260.0,16300.0,16225.0,16255.0,31367,54504,255074.315,16260.0,16240.0,PB
49,PB2405,2024-03-21,16215.0,16250.0,16175.0,16230.0,30861,53766,250197.7175,16210.0,16260.0,PB
49,PB2405,2024-03-22,16260.0,16275.0,16165.0,16235.0,38593,54542,313069.995,16220.0,16210.0,PB
49,PB2405,2024-03-25,16225.0,16290.0,16185.0,16240.0,43085,54536,349816.0325,16235.0,16220.0,PB
49,PB2405,2024-03-26,16235.0,16255.0,16145.0,16155.0,49545,51342,401238.3275,16195.0,16235.0,PB
49,PB2405,2024-03-27,16150.0,16235.0,16120.0,16185.0,42072,48818,340183.99,16170.0,16195.0,PB
49,PB2405,2024-03-28,16185.0,16515.0,16150.0,16465.0,89632,59994,732708.0275,16345.0,16170.0,PB
49,PB2405,2024-03-29,16490.0,16895.0,16480.0,16815.0,171082,65831,1431373.6925,16730.0,16345.0,PB
49,PB2405,2024-04-01,16740.0,16780.0,16425.0,16490.0,85428,60184,709245.005,16600.0,16730.0,PB
49,PB2405,2024-04-02,16425.0,16515.0,16380.0,16490.0,54363,56456,446878.515,16440.0,16600.0,PB
49,PB2405,2024-04-03,16490.0,16505.0,16395.0,16460.0,41603,52257,342033.9425,16440.0,16440.0,PB
49,PB2405,2024-04-08,16625.0,16735.0,16430.0,16470.0,57649,49544,478070.585,16585.0,16440.0,PB
49,PB2405,2024-04-09,16550.0,16640.0,16495.0,16595.0,43642,46150,361614.0725,16570.0,16585.0,PB
49,PB2405,2024-04-10,16640.0,16840.0,16590.0,16805.0,46505,44781,388083.9675,16685.0,16570.0,PB
50,PB2406,2024-04-11,16805.0,16835.0,16620.0,16680.0,60737,60795,507958.4725,16725.0,16690.0,PB
50,PB2406,2024-04-12,16690.0,16780.0,16615.0,16760.0,57264,68573,478009.295,16690.0,16725.0,PB
50,PB2406,2024-04-15,16795.0,16940.0,16680.0,16755.0,85021,66792,713985.4625,16795.0,16690.0,PB
49,PB2406,2024-04-16,16770.0,16985.0,16720.0,16940.0,70848,70186,596087.325,16825.0,16795.0,PB
49,PB2406,2024-04-17,16940.0,17115.0,16830.0,16885.0,96382,70139,817675.115,16965.0,16825.0,PB
49,PB2406,2024-04-18,16960.0,17130.0,16915.0,17070.0,61756,72039,524831.5025,16995.0,16965.0,PB
49,PB2406,2024-04-19,17120.0,17415.0,17065.0,17315.0,79490,77870,685298.275,17240.0,16995.0,PB
49,PB2406,2024-04-22,17400.0,17560.0,16920.0,16920.0,110727,74508,956577.19,17275.0,17240.0,PB
49,PB2406,2024-04-23,16880.0,16910.0,16750.0,16830.0,65704,65411,553086.275,16835.0,17275.0,PB
49,PB2406,2024-04-24,16805.0,17155.0,16780.0,17030.0,73133,62010,621882.2125,17005.0,16835.0,PB
49,PB2406,2024-04-25,17095.0,17180.0,16985.0,17175.0,47339,58734,404212.2825,17075.0,17005.0,PB
49,PB2406,2024-04-26,17160.0,17400.0,17060.0,17380.0,52540,58326,451981.1625,17205.0,17075.0,PB
49,PB2406,2024-04-29,17380.0,17395.0,17180.0,17240.0,57961,53314,500068.1725,17255.0,17205.0,PB
49,PB2406,2024-04-30,17290.0,17475.0,17230.0,17350.0,44738,47936,387682.5975,17330.0,17255.0,PB
49,PB2406,2024-05-06,17230.0,17750.0,17215.0,17740.0,36497,50804,319664.22,17515.0,17330.0,PB
49,PB2406,2024-05-07,17755.0,17825.0,17560.0,17735.0,54188,50248,479458.4225,17695.0,17515.0,PB
49,PB2406,2024-05-08,17750.0,18055.0,17740.0,17870.0,83247,49876,745057.62,17895.0,17695.0,PB
49,PB2406,2024-05-09,17800.0,18145.0,17765.0,18065.0,64435,48721,580123.86,18005.0,17895.0,PB
49,PB2406,2024-05-10,18065.0,18205.0,17830.0,18070.0,69216,42416,622947.1325,18000.0,18005.0,PB
49,PB2406,2024-05-13,18060.0,18285.0,17955.0,18225.0,58107,40052,525994.325,18100.0,18000.0,PB
50,PB2407,2024-05-14,18170.0,18455.0,18170.0,18345.0,49051,68505,449245.875,18315.0,18085.0,PB
50,PB2407,2024-05-15,18300.0,18860.0,18300.0,18790.0,152876,89967,1423729.2275,18625.0,18315.0,PB
49,PB2407,2024-05-16,18820.0,18950.0,18460.0,18635.0,198097,84435,1852453.4975,18700.0,18625.0,PB
49,PB2407,2024-05-17,18730.0,18855.0,18650.0,18695.0,101469,86010,951189.8175,18745.0,18700.0,PB
49,PB2407,2024-05-20,18730.0,19060.0,18670.0,18830.0,117641,82291,1107482.3225,18825.0,18745.0,PB
49,PB2407,2024-05-21,18890.0,19175.0,18560.0,18655.0,145208,81870,1372460.4425,18900.0,18825.0,PB
49,PB2407,2024-05-22,18730.0,18765.0,18300.0,18710.0,122835,79624,1139793.9775,18555.0,18900.0,PB
49,PB2407,2024-05-23,18685.0,18685.0,18320.0,18365.0,113723,79043,1051663.2,18495.0,18555.0,PB
49,PB2407,2024-05-24,18360.0,18595.0,18350.0,18490.0,82161,75333,758824.11,18470.0,18495.0,PB
49,PB2407,2024-05-27,18475.0,18680.0,18400.0,18550.0,82290,71326,762850.83,18540.0,18470.0,PB
49,PB2407,2024-05-28,18625.0,18975.0,18600.0,18860.0,97665,66318,918301.2325,18805.0,18540.0,PB
49,PB2407,2024-05-29,18870.0,19075.0,18795.0,19040.0,84694,63490,801506.5375,18925.0,18805.0,PB
49,PB2407,2024-05-30,18880.0,19060.0,18750.0,18760.0,84994,60317,802850.5375,18890.0,18925.0,PB
49,PB2407,2024-05-31,18750.0,18910.0,18655.0,18840.0,74969,55126,703257.67,18760.0,18890.0,PB
49,PB2407,2024-06-03,18840.0,18975.0,18640.0,18770.0,110177,54972,1035227.4075,18790.0,18760.0,PB
49,PB2407,2024-06-04,18860.0,19140.0,18840.0,18995.0,148764,57061,1412666.62,18990.0,18790.0,PB
49,PB2407,2024-06-05,18815.0,18905.0,18670.0,18690.0,92318,53836,867706.4525,18795.0,18990.0,PB
49,PB2407,2024-06-06,18670.0,19070.0,18590.0,18890.0,108432,46119,1020533.58,18820.0,18795.0,PB
49,PB2407,2024-06-07,18890.0,19020.0,18755.0,18870.0,65038,42216,614181.0675,18885.0,18820.0,PB
50,PB2408,2024-06-11,18705.0,18875.0,18635.0,18690.0,48952,74566,459027.915,18750.0,18870.0,PB
50,PB2408,2024-06-12,18630.0,18735.0,18505.0,18605.0,77113,80973,718177.89,18625.0,18750.0,PB
50,PB2408,2024-06-13,18690.0,18785.0,18490.0,18580.0,94258,85979,877326.2125,18615.0,18625.0,PB
50,PB2408,2024-06-14,18645.0,18655.0,18495.0,18630.0,86741,88282,805248.27,18565.0,18615.0,PB
50,PB2408,2024-06-17,18540.0,18845.0,18415.0,18665.0,172263,96295,1604029.965,18620.0,18565.0,PB
49,PB2408,2024-06-18,18655.0,19015.0,18650.0,18895.0,172537,107187,1630038.69,18890.0,18620.0,PB
49,PB2408,2024-06-19,18890.0,19495.0,18860.0,19485.0,306059,137369,2947471.315,19260.0,18890.0,PB
49,PB2408,2024-06-20,19500.0,19560.0,18695.0,18790.0,384308,107858,3659156.5425,19040.0,19260.0,PB
49,PB2408,2024-06-21,18805.0,18905.0,18680.0,18735.0,216927,99328,2037696.695,18785.0,19040.0,PB
49,PB2408,2024-06-24,18735.0,19000.0,18635.0,18890.0,205778,98470,1939250.07,18845.0,18785.0,PB
49,PB2408,2024-06-25,18890.0,18970.0,18750.0,18885.0,131436,92512,1239574.2575,18860.0,18845.0,PB
49,PB2408,2024-06-26,18995.0,19260.0,18925.0,19240.0,224241,104445,2144513.7725,19125.0,18860.0,PB
49,PB2408,2024-06-27,19265.0,19340.0,19175.0,19215.0,135345,106884,1303596.895,19260.0,19125.0,PB
49,PB2408,2024-06-28,19275.0,19490.0,19190.0,19440.0,149466,105915,1446014.5625,19345.0,19260.0,PB
49,PB2408,2024-07-01,19480.0,19705.0,19440.0,19655.0,145388,111955,1423232.655,19575.0,19345.0,PB
49,PB2408,2024-07-02,19680.0,19820.0,19420.0,19740.0,192353,107069,1891354.2075,19665.0,19575.0,PB
49,PB2408,2024-07-03,19740.0,19780.0,19390.0,19500.0,165549,92033,1618357.625,19550.0,19665.0,PB
49,PB2408,2024-07-04,19500.0,19640.0,19410.0,19570.0,109870,88235,1071797.7175,19510.0,19550.0,PB
49,PB2408,2024-07-05,19520.0,19815.0,19520.0,19660.0,153670,91713,1513333.8425,19695.0,19510.0,PB
49,PB2408,2024-07-08,19755.0,19760.0,19525.0,19575.0,121793,89009,1195537.86,19630.0,19695.0,PB
49,PB2408,2024-07-09,19675.0,19810.0,19530.0,19625.0,121006,88188,1189459.0875,19655.0,19630.0,PB
49,PB2408,2024-07-10,19560.0,19590.0,19400.0,19430.0,120548,85573,1174399.415,19480.0,19655.0,PB
49,PB2408,2024-07-11,19455.0,19585.0,19360.0,19535.0,93353,83866,908587.5575,19465.0,19480.0,PB
49,PB2408,2024-07-12,19555.0,19640.0,19450.0,19455.0,82164,81730,802328.4,19525.0,19465.0,PB
49,PB2408,2024-07-15,19480.0,19700.0,19480.0,19595.0,87303,79920,855601.2875,19600.0,19525.0,PB
48,PB2408,2024-07-16,19585.0,19795.0,19575.0,19725.0,92923,80915,916361.3225,19720.0,19600.0,PB
48,PB2408,2024-07-17,19700.0,19895.0,19670.0,19885.0,92406,81351,915116.7075,19805.0,19720.0,PB
48,PB2408,2024-07-18,19985.0,20050.0,19805.0,19965.0,92471,78147,920598.785,19910.0,19805.0,PB
49,PB2409,2024-07-19,19430.0,19545.0,19305.0,19445.0,122493,91775,1191193.29,19445.0,19515.0,PB
49,PB2409,2024-07-22,19465.0,19475.0,19090.0,19125.0,182724,112933,1762032.825,19285.0,19445.0,PB
49,PB2409,2024-07-23,19030.0,19255.0,18970.0,19055.0,201127,119729,1920315.0075,19095.0,19285.0,PB
49,PB2409,2024-07-24,19025.0,19210.0,18780.0,19165.0,242183,121369,2297289.505,18970.0,19095.0,PB
49,PB2409,2024-07-25,19180.0,19180.0,18645.0,18725.0,231670,115683,2184791.9175,18860.0,18970.0,PB
49,PB2409,2024-07-26,18720.0,18910.0,18595.0,18610.0,204564,118107,1920609.3025,18775.0,18860.0,PB
49,PB2409,2024-07-29,18665.0,18860.0,18485.0,18710.0,241867,119060,2257294.05,18665.0,18775.0,PB
49,PB2409,2024-07-30,18710.0,18765.0,18585.0,18730.0,189743,118988,1773309.1825,18690.0,18665.0,PB
49,PB2409,2024-07-31,18640.0,18970.0,18520.0,18805.0,272706,112593,2559543.3175,18770.0,18690.0,PB
49,PB2409,2024-08-01,18820.0,19080.0,18590.0,18660.0,227386,103469,2144263.9725,18860.0,18770.0,PB
49,PB2409,2024-08-02,18725.0,18735.0,18015.0,18165.0,343973,101004,3147478.8325,18300.0,18860.0,PB
49,PB2409,2024-08-05,18160.0,18205.0,17525.0,17590.0,263873,94778,2358365.0575,17875.0,18300.0,PB
49,PB2409,2024-08-06,17300.0,17415.0,17040.0,17215.0,251052,88640,2166799.6975,17260.0,17875.0,PB
49,PB2409,2024-08-07,17225.0,17435.0,17225.0,17295.0,146064,86963,1265384.4175,17325.0,17260.0,PB
49,PB2409,2024-08-08,17360.0,17395.0,17235.0,17345.0,107106,84265,928232.265,17330.0,17325.0,PB
49,PB2409,2024-08-09,17430.0,17985.0,17325.0,17905.0,208607,80350,1844287.405,17680.0,17330.0,PB
49,PB2409,2024-08-12,17980.0,18305.0,17825.0,18270.0,146511,79294,1316003.665,17960.0,17680.0,PB
49,PB2409,2024-08-13,18270.0,18270.0,17705.0,17730.0,163572,78641,1475070.32,18035.0,17960.0,PB
49,PB2409,2024-08-14,17705.0,17720.0,17275.0,17290.0,154483,71965,1346205.025,17425.0,18035.0,PB
49,PB2409,2024-08-15,17355.0,17645.0,17355.0,17530.0,137841,65186,1205797.9425,17495.0,17425.0,PB
48,PB2409,2024-08-16,17585.0,17805.0,17525.0,17795.0,126959,63040,1122599.1425,17680.0,17495.0,PB
48,PB2409,2024-08-19,17700.0,17840.0,17510.0,17660.0,123724,59388,1092590.305,17660.0,17680.0,PB
48,PB2409,2024-08-20,17615.0,17675.0,17455.0,17640.0,97299,55863,853987.735,17550.0,17660.0,PB
48,PB2409,2024-08-21,17820.0,17915.0,17390.0,17660.0,121733,51715,1072537.915,17620.0,17550.0,PB
48,PB2409,2024-08-22,17680.0,17720.0,17435.0,17480.0,86004,48371,754061.655,17535.0,17620.0,PB
48,PB2409,2024-08-23,17425.0,17555.0,17305.0,17420.0,73679,45748,640666.0525,17390.0,17535.0,PB
48,PB2409,2024-08-26,17570.0,17840.0,17505.0,17830.0,78132,40099,688412.85,17620.0,17390.0,PB
49,PB2410,2024-08-27,17575.0,17605.0,17425.0,17580.0,60563,50605,530792.2475,17525.0,17380.0,PB
49,PB2410,2024-08-28,17615.0,17660.0,17360.0,17375.0,72189,52247,633599.31,17550.0,17525.0,PB
49,PB2410,2024-08-29,17310.0,17505.0,17275.0,17450.0,73849,53791,642605.275,17400.0,17550.0,PB
49,PB2410,2024-08-30,17380.0,17390.0,17195.0,17345.0,82262,52631,711443.075,17295.0,17400.0,PB
49,PB2410,2024-09-02,17345.0,17600.0,17125.0,17130.0,115577,56041,1003300.355,17360.0,17295.0,PB
49,PB2410,2024-09-03,17090.0,17420.0,17090.0,17255.0,87017,53826,751671.0775,17275.0,17360.0,PB
49,PB2410,2024-09-04,17200.0,17300.0,17105.0,17120.0,82491,55492,708741.6075,17180.0,17275.0,PB
49,PB2410,2024-09-05,17065.0,17240.0,16860.0,16925.0,95132,54714,813176.5625,17095.0,17180.0,PB
49,PB2410,2024-09-06,17000.0,17070.0,16710.0,16915.0,85412,53073,721616.9275,16895.0,17095.0,PB
49,PB2410,2024-09-09,16880.0,16905.0,16370.0,16475.0,100009,55433,829578.9825,16590.0,16895.0,PB
49,PB2410,2024-09-10,16475.0,16490.0,16280.0,16410.0,85099,55333,696830.665,16375.0,16590.0,PB
49,PB2410,2024-09-11,16410.0,16620.0,16345.0,16585.0,79139,51427,651580.305,16465.0,16375.0,PB
49,PB2410,2024-09-12,16635.0,16780.0,16525.0,16750.0,64901,48385,540330.8,16650.0,16465.0,PB
49,PB2410,2024-09-13,16790.0,16860.0,16705.0,16715.0,55999,44885,469572.92,16770.0,16650.0,PB
49,PB2410,2024-09-18,16555.0,16630.0,16335.0,16440.0,52917,44771,435307.4225,16450.0,16770.0,PB
48,PB2410,2024-09-19,16510.0,16570.0,16245.0,16540.0,65631,40616,538426.7275,16405.0,16450.0,PB
48,PB2410,2024-09-20,16610.0,16710.0,16540.0,16595.0,56671,36305,471561.9075,16640.0,16405.0,PB
48,PB2410,2024-09-23,16520.0,16545.0,16285.0,16430.0,69767,29959,572368.3275,16405.0,16640.0,PB
48,PB2410,2024-09-24,16530.0,16715.0,16495.0,16655.0,52911,23214,439749.5425,16620.0,16405.0,PB
49,PB2411,2024-09-25,16775.0,16790.0,16515.0,16525.0,55665,45223,464541.63,16690.0,16625.0,PB
49,PB2411,2024-09-26,16555.0,16755.0,16535.0,16725.0,71932,46167,599328.44,16660.0,16690.0,PB
49,PB2411,2024-09-27,16850.0,17080.0,16765.0,16925.0,85943,44158,724749.4875,16865.0,16660.0,PB
49,PB2411,2024-09-30,16900.0,17085.0,16815.0,17055.0,78931,43458,669012.78,16950.0,16865.0,PB
49,PB2411,2024-10-08,17090.0,17100.0,16830.0,16880.0,55416,46118,470090.815,16965.0,16950.0,PB
49,PB2411,2024-10-09,16825.0,16960.0,16740.0,16745.0,59968,45675,505377.51,16850.0,16965.0,PB
49,PB2411,2024-10-10,16665.0,16685.0,16515.0,16525.0,65925,43510,546668.9475,16580.0,16850.0,PB
49,PB2411,2024-10-11,16525.0,16740.0,16525.0,16725.0,45491,42582,378711.86,16645.0,16580.0,PB
49,PB2411,2024-10-14,16805.0,16980.0,16590.0,16620.0,65650,41852,550927.4075,16780.0,16645.0,PB
49,PB2411,2024-10-15,16520.0,16575.0,16450.0,16505.0,51486,43079,425004.71,16505.0,16780.0,PB
48,PB2411,2024-10-16,16495.0,16810.0,16460.0,16790.0,60133,38874,502159.7725,16700.0,16505.0,PB
48,PB2411,2024-10-17,16830.0,16890.0,16570.0,16585.0,50739,38138,424219.8275,16720.0,16700.0,PB
48,PB2411,2024-10-18,16595.0,16770.0,16550.0,16760.0,45270,36016,376853.5,16645.0,16720.0,PB
48,PB2411,2024-10-21,16805.0,16875.0,16670.0,16740.0,48149,34024,403233.045,16745.0,16645.0,PB
48,PB2411,2024-10-22,16740.0,16850.0,16610.0,16785.0,49010,31453,409961.74,16725.0,16745.0,PB
48,PB2411,2024-10-23,16810.0,16870.0,16690.0,16740.0,40576,28883,340285.78,16770.0,16725.0,PB
49,PB2412,2024-10-24,16700.0,16890.0,16680.0,16880.0,38863,37703,326232.1875,16785.0,16780.0,PB
49,PB2412,2024-10-25,16895.0,16900.0,16725.0,16770.0,59399,41281,498901.5225,16795.0,16785.0,PB
49,PB2412,2024-10-28,16770.0,16835.0,16665.0,16785.0,65691,39828,550451.07,16755.0,16795.0,PB
49,PB2412,2024-10-29,16745.0,16785.0,16605.0,16610.0,47763,43116,398513.1975,16685.0,16755.0,PB
49,PB2412,2024-10-30,16560.0,16770.0,16535.0,16730.0,67820,43918,564102.805,16635.0,16685.0,PB
49,PB2412,2024-10-31,16705.0,16775.0,16610.0,16620.0,47757,43947,398644.2275,16690.0,16635.0,PB
49,PB2412,2024-11-01,16650.0,16900.0,16550.0,16840.0,73689,44828,614949.2575,16690.0,16690.0,PB
49,PB2412,2024-11-04,16885.0,16945.0,16690.0,16855.0,65959,44155,554074.14,16800.0,16690.0,PB
49,PB2412,2024-11-05,16810.0,16875.0,16740.0,16755.0,41642,42689,349646.635,16790.0,16800.0,PB
49,PB2412,2024-11-06,16755.0,16775.0,16620.0,16690.0,49498,42693,412756.1325,16675.0,16790.0,PB
49,PB2412,2024-11-07,16715.0,16940.0,16655.0,16900.0,58215,44016,489070.5175,16800.0,16675.0,PB
49,PB2412,2024-11-08,16950.0,16950.0,16810.0,16890.0,47671,44446,402535.1825,16885.0,16800.0,PB
49,PB2412,2024-11-11,16855.0,16945.0,16770.0,16945.0,45785,43420,386020.0425,16860.0,16885.0,PB
49,PB2412,2024-11-12,16935.0,17045.0,16875.0,16995.0,51800,45213,439223.9675,16955.0,16860.0,PB
49,PB2412,2024-11-13,16970.0,17295.0,16970.0,17175.0,69094,44402,592850.97,17160.0,16955.0,PB
49,PB2412,2024-11-14,17140.0,17150.0,16855.0,16905.0,66623,40029,567084.6775,17020.0,17160.0,PB
49,PB2412,2024-11-15,16850.0,16880.0,16720.0,16760.0,55432,34502,465300.5625,16785.0,17020.0,PB
48,PB2412,2024-11-18,16760.0,16815.0,16650.0,16765.0,41203,32318,344917.5975,16740.0,16785.0,PB
48,PB2412,2024-11-19,16740.0,16835.0,16730.0,16790.0,39092,28069,328028.315,16780.0,16740.0,PB
49,PB2501,2024-11-20,16805.0,17010.0,16805.0,16990.0,32231,37754,272334.2325,16895.0,16820.0,PB
49,PB2501,2024-11-21,17060.0,17080.0,16895.0,16925.0,46000,44014,390492.9225,16975.0,16895.0,PB
49,PB2501,2024-11-22,16925.0,17005.0,16855.0,16975.0,43478,46833,367801.9575,16915.0,16975.0,PB
49,PB2501,2024-11-25,16955.0,17285.0,16935.0,17190.0,95464,60395,819330.58,17165.0,16915.0,PB
49,PB2501,2024-11-26,17185.0,17270.0,17085.0,17200.0,60891,58120,523437.2675,17190.0,17165.0,PB
49,PB2501,2024-11-27,17220.0,17320.0,17180.0,17235.0,50942,58352,439193.065,17240.0,17190.0,PB
49,PB2501,2024-11-28,17250.0,17470.0,17220.0,17300.0,78635,58751,682886.135,17365.0,17240.0,PB
49,PB2501,2024-11-29,17375.0,17430.0,17325.0,17395.0,46711,58550,405905.705,17375.0,17365.0,PB
49,PB2501,2024-12-02,17355.0,17660.0,17235.0,17630.0,71199,60072,620663.83,17430.0,17375.0,PB
49,PB2501,2024-12-03,17635.0,17760.0,17435.0,17455.0,85690,58670,754893.02,17615.0,17430.0,PB
49,PB2501,2024-12-04,17430.0,17635.0,17405.0,17610.0,51023,56022,447496.08,17540.0,17615.0,PB
49,PB2501,2024-12-05,17560.0,17715.0,17530.0,17610.0,48500,55234,427163.6,17610.0,17540.0,PB
49,PB2501,2024-12-06,17610.0,17910.0,17600.0,17770.0,66367,57575,589069.5725,17750.0,17610.0,PB
49,PB2501,2024-12-09,17740.0,17800.0,17540.0,17740.0,56161,52400,496348.8375,17675.0,17750.0,PB
49,PB2501,2024-12-10,17775.0,17825.0,17630.0,17670.0,44099,49405,390568.7425,17710.0,17675.0,PB
49,PB2501,2024-12-11,17720.0,17720.0,17570.0,17665.0,32425,45959,286268.1175,17655.0,17710.0,PB
49,PB2501,2024-12-12,17690.0,17705.0,17420.0,17455.0,43385,41963,380345.6225,17530.0,17655.0,PB
49,PB2501,2024-12-13,17460.0,17540.0,17360.0,17380.0,41270,38282,359800.3825,17435.0,17530.0,PB
49,PB2501,2024-12-16,17355.0,17500.0,17270.0,17500.0,43620,32641,378720.2525,17360.0,17435.0,PB
48,PB2501,2024-12-17,17470.0,17625.0,17390.0,17560.0,36729,29367,321501.34,17505.0,17360.0,PB
49,PB2502,2024-12-18,17630.0,17805.0,17320.0,17340.0,78056,56716,686900.7725,17600.0,17550.0,PB
49,PB2502,2024-12-19,17410.0,17515.0,17360.0,17420.0,50350,59918,438786.755,17425.0,17600.0,PB
49,PB2502,2024-12-20,17415.0,17430.0,17280.0,17360.0,50716,61011,440172.9225,17355.0,17425.0,PB
49,PB2502,2024-12-23,17445.0,17645.0,17370.0,17540.0,50803,62115,444592.505,17500.0,17355.0,PB
49,PB2502,2024-12-24,17415.0,17505.0,17360.0,17370.0,40520,59220,353055.3875,17425.0,17500.0,PB
49,PB2502,2024-12-25,17400.0,17470.0,17320.0,17410.0,35860,57002,311734.695,17385.0,17425.0,PB
49,PB2502,2024-12-26,17350.0,17455.0,17330.0,17340.0,34699,54745,301527.8725,17375.0,17385.0,PB
49,PB2502,2024-12-27,17335.0,17385.0,16825.0,16850.0,99644,55726,850154.6975,17060.0,17375.0,PB
49,PB2502,2024-12-30,16880.0,16915.0,16760.0,16795.0,59610,53138,501678.1875,16830.0,17060.0,PB
49,PB2502,2024-12-31,16790.0,16820.0,16720.0,16765.0,40896,49740,342857.0925,16765.0,16830.0,PB
49,PB2502,2025-01-02,16870.0,16905.0,16740.0,16825.0,28915,49567,243129.8225,16815.0,16765.0,PB
49,PB2502,2025-01-03,16795.0,16855.0,16620.0,16685.0,43733,49563,365795.97,16725.0,16815.0,PB
49,PB2502,2025-01-06,16615.0,16820.0,16615.0,16730.0,39929,47338,334188.2075,16735.0,16725.0,PB
49,PB2502,2025-01-07,16795.0,16810.0,16660.0,16730.0,28827,43709,241163.2,16730.0,16735.0,PB
49,PB2502,2025-01-08,16755.0,16805.0,16710.0,16735.0,24248,41843,203098.95,16750.0,16730.0,PB
49,PB2502,2025-01-09,16680.0,16690.0,16455.0,16505.0,51570,40156,427362.74,16570.0,16750.0,PB
49,PB2502,2025-01-10,16440.0,16630.0,16305.0,16600.0,59440,38847,489193.09,16460.0,16570.0,PB
49,PB2502,2025-01-13,16665.0,16725.0,16520.0,16570.0,42139,36980,349969.0925,16610.0,16460.0,PB
49,PB2502,2025-01-14,16570.0,16580.0,16420.0,16520.0,39257,34999,323674.3975,16490.0,16610.0,PB
49,PB2502,2025-01-15,16530.0,16680.0,16510.0,16535.0,42244,30423,350351.5075,16585.0,16490.0,PB
48,PB2502,2025-01-16,16500.0,16660.0,16480.0,16645.0,28147,27070,233320.935,16575.0,16585.0,PB
49,PB2503,2025-01-17,16680.0,16795.0,16630.0,16685.0,40764,42009,340595.1975,16710.0,16580.0,PB
49,PB2503,2025-01-20,16690.0,16840.0,16635.0,16785.0,47208,45341,395018.635,16735.0,16710.0,PB
49,PB2503,2025-01-21,16785.0,16875.0,16670.0,16690.0,40857,45197,342817.9075,16780.0,16735.0,PB
49,PB2503,2025-01-22,16650.0,16830.0,16605.0,16780.0,44345,47165,370434.22,16705.0,16780.0,PB
49,PB2503,2025-01-23,16855.0,16870.0,16645.0,16705.0,34075,45674,285160.465,16735.0,16705.0,PB
49,PB2503,2025-01-24,16775.0,16820.0,16730.0,16730.0,36164,43702,303389.685,16775.0,16735.0,PB
49,PB2503,2025-01-27,16720.0,16840.0,16625.0,16675.0,39337,40580,328605.24,16705.0,16775.0,PB
49,PB2503,2025-02-05,16750.0,17110.0,16750.0,17095.0,51329,46513,436196.52,16995.0,16705.0,PB
49,PB2503,2025-02-06,17050.0,17175.0,17010.0,17040.0,38569,45986,329661.375,17090.0,16995.0,PB
49,PB2503,2025-02-07,17060.0,17180.0,17015.0,17175.0,29776,45100,254508.1925,17090.0,17090.0,PB
49,PB2503,2025-02-10,17210.0,17230.0,17100.0,17160.0,34066,43034,292431.28,17165.0,17090.0,PB
49,PB2503,2025-02-11,17100.0,17220.0,17085.0,17130.0,32322,40280,277147.5,17145.0,17165.0,PB
49,PB2503,2025-02-12,17065.0,17185.0,17020.0,17145.0,26073,39053,222855.8075,17090.0,17145.0,PB
49,PB2503,2025-02-13,17140.0,17175.0,17085.0,17145.0,21268,37162,182177.2825,17130.0,17090.0,PB
49,PB2503,2025-02-14,17150.0,17235.0,17105.0,17130.0,32896,36818,282363.44,17165.0,17130.0,PB
49,PB2503,2025-02-17,17130.0,17240.0,17070.0,17190.0,43723,35018,374807.0075,17140.0,17165.0,PB
48,PB2503,2025-02-18,17200.0,17250.0,17110.0,17150.0,30281,31649,259992.3425,17170.0,17140.0,PB
48,PB2503,2025-02-19,17150.0,17160.0,16930.0,16965.0,37355,26228,318263.5975,17035.0,17170.0,PB
49,PB2504,2025-02-20,17020.0,17190.0,16975.0,17185.0,30382,43343,259521.0475,17080.0,17075.0,PB
49,PB2504,2025-02-21,17210.0,17230.0,17100.0,17120.0,33670,46467,288954.1475,17160.0,17080.0,PB
49,PB2504,2025-02-24,17090.0,17195.0,17035.0,17160.0,39063,48788,334240.39,17110.0,17160.0,PB
49,PB2504,2025-02-25,17180.0,17180.0,17080.0,17125.0,38814,48674,332519.7275,17130.0,17110.0,PB
49,PB2504,2025-02-26,17125.0,17220.0,17090.0,17140.0,36968,47055,317065.8775,17150.0,17130.0,PB
49,PB2504,2025-02-27,17160.0,17205.0,17125.0,17145.0,36603,47508,314174.37,17165.0,17150.0,PB
49,PB2504,2025-02-28,17140.0,17235.0,17115.0,17190.0,39112,47852,335848.4,17170.0,17165.0,PB
49,PB2504,2025-03-03,17190.0,17295.0,17180.0,17260.0,43729,47555,377098.4025,17245.0,17170.0,PB
49,PB2504,2025-03-04,17270.0,17280.0,17190.0,17220.0,27623,46355,238113.4525,17240.0,17245.0,PB
49,PB2504,2025-03-05,17290.0,17425.0,17230.0,17375.0,54251,50675,470033.93,17325.0,17240.0,PB
49,PB2504,2025-03-06,17350.0,17440.0,17320.0,17410.0,46284,48152,402276.3375,17380.0,17325.0,PB
49,PB2504,2025-03-07,17440.0,17530.0,17400.0,17420.0,41747,47943,364804.1525,17475.0,17380.0,PB
49,PB2504,2025-03-10,17400.0,17510.0,17355.0,17490.0,37222,46686,324144.1275,17415.0,17475.0,PB
49,PB2504,2025-03-11,17520.0,17555.0,17365.0,17400.0,40763,44340,355947.16,17460.0,17415.0,PB
49,PB2504,2025-03-12,17380.0,17520.0,17345.0,17505.0,31885,44545,278118.115,17445.0,17460.0,PB
49,PB2504,2025-03-13,17575.0,17640.0,17535.0,17570.0,38475,43441,338167.9925,17575.0,17445.0,PB
49,PB2504,2025-03-14,17510.0,17755.0,17510.0,17725.0,44410,40930,391108.6675,17610.0,17575.0,PB
49,PB2504,2025-03-17,17680.0,17695.0,17585.0,17635.0,41711,37191,368023.575,17645.0,17610.0,PB
48,PB2504,2025-03-18,17655.0,17655.0,17540.0,17540.0,26773,33995,235487.7825,17590.0,17645.0,PB
49,PB2505,2025-03-19,17650.0,17735.0,17585.0,17725.0,38365,62354,338923.095,17665.0,17625.0,PB
49,PB2505,2025-03-20,17750.0,17760.0,17620.0,17650.0,43834,65232,387311.34,17670.0,17665.0,PB
49,PB2505,2025-03-21,17580.0,17620.0,17320.0,17430.0,75458,61393,659160.275,17470.0,17670.0,PB
49,PB2505,2025-03-24,17430.0,17805.0,17380.0,17670.0,81519,66597,716701.0625,17580.0,17470.0,PB
49,PB2505,2025-03-25,17640.0,17640.0,17480.0,17560.0,56779,61032,497782.5225,17530.0,17580.0,PB
49,PB2505,2025-03-26,17565.0,17670.0,17510.0,17615.0,49343,58096,433646.675,17575.0,17530.0,PB
49,PB2505,2025-03-27,17625.0,17675.0,17585.0,17615.0,55557,54100,489538.475,17620.0,17575.0,PB
49,PB2505,2025-03-28,17530.0,17600.0,17415.0,17450.0,50953,51190,445859.74,17500.0,17620.0,PB
49,PB2505,2025-03-31,17415.0,17460.0,17370.0,17445.0,37771,50652,328808.0025,17410.0,17500.0,PB
49,PB2505,2025-04-01,17465.0,17465.0,17370.0,17410.0,31961,49569,278212.13,17405.0,17410.0,PB
49,PB2505,2025-04-02,17375.0,17400.0,17305.0,17360.0,37654,48551,326584.19,17345.0,17405.0,PB
49,PB2505,2025-04-03,17300.0,17355.0,17075.0,17100.0,53156,47915,457093.7925,17195.0,17345.0,PB
49,PB2505,2025-04-07,16420.0,17045.0,16305.0,16660.0,90361,44328,755519.195,16720.0,17195.0,PB
49,PB2505,2025-04-08,16550.0,16780.0,16520.0,16540.0,49232,42720,409650.3225,16640.0,16720.0,PB
49,PB2505,2025-04-09,16650.0,16690.0,16165.0,16410.0,54274,41816,447103.51,16475.0,16640.0,PB
49,PB2505,2025-04-10,16365.0,16900.0,16315.0,16800.0,61828,36768,514388.1275,16635.0,16475.0,PB
49,PB2505,2025-04-11,16735.0,16860.0,16700.0,16825.0,32358,34875,271453.25,16775.0,16635.0,PB
49,PB2505,2025-04-14,16920.0,16990.0,16845.0,16850.0,26063,32739,220538.1025,16920.0,16775.0,PB
49,PB2505,2025-04-15,16785.0,16860.0,16750.0,16825.0,17267,32077,145087.6825,16805.0,16920.0,PB
48,PB2505,2025-04-16,16830.0,16850.0,16630.0,16655.0,19726,30993,165246.6325,16750.0,16805.0,PB
48,PB2505,2025-04-17,16695.0,16790.0,16650.0,16750.0,21381,28291,178768.435,16720.0,16750.0,PB
49,PB2506,2025-04-18,16760.0,16895.0,16725.0,16855.0,22542,36619,189435.5225,16805.0,16715.0,PB
49,PB2506,2025-04-21,16820.0,17075.0,16820.0,17045.0,34405,38159,291444.855,16940.0,16805.0,PB
49,PB2506,2025-04-22,17085.0,17085.0,16880.0,16950.0,28503,37471,241771.805,16960.0,16940.0,PB
49,PB2506,2025-04-23,16890.0,16935.0,16825.0,16910.0,34044,39302,287239.92,16870.0,16960.0,PB
49,PB2506,2025-04-24,16965.0,17000.0,16825.0,16940.0,39737,39654,336210.375,16920.0,16870.0,PB
49,PB2506,2025-04-25,16995.0,17080.0,16930.0,16945.0,37979,38733,323146.235,17015.0,16920.0,PB
49,PB2506,2025-04-28,16940.0,17010.0,16825.0,17005.0,40549,38819,343206.3025,16925.0,17015.0,PB
49,PB2506,2025-04-29,17015.0,17020.0,16870.0,16895.0,31780,36543,269244.03,16940.0,16925.0,PB
49,PB2506,2025-04-30,16885.0,16920.0,16765.0,16840.0,34434,36106,290258.9625,16855.0,16940.0,PB
49,PB2506,2025-05-06,16755.0,16780.0,16625.0,16700.0,36146,38454,301681.7225,16690.0,16855.0,PB
49,PB2506,2025-05-07,16740.0,16875.0,16650.0,16700.0,44962,36929,376285.445,16735.0,16690.0,PB
49,PB2506,2025-05-08,16720.0,16865.0,16690.0,16775.0,39686,34382,333102.485,16785.0,16735.0,PB
49,PB2506,2025-05-09,16760.0,16865.0,16725.0,16805.0,28955,33454,243126.255,16790.0,16785.0,PB
49,PB2506,2025-05-12,16900.0,17015.0,16800.0,16995.0,42622,33309,360704.6975,16925.0,16790.0,PB
49,PB2506,2025-05-13,16940.0,17000.0,16895.0,16970.0,26926,30495,228261.5275,16950.0,16925.0,PB
49,PB2506,2025-05-14,16930.0,16980.0,16835.0,16935.0,32590,30725,275756.8575,16920.0,16950.0,PB
49,PB2506,2025-05-15,16990.0,17050.0,16950.0,16975.0,24392,29283,207353.8925,17000.0,16920.0,PB
48,PB2506,2025-05-16,16990.0,17015.0,16845.0,16870.0,32484,28562,274990.0025,16930.0,17000.0,PB
48,PB2506,2025-05-19,16885.0,16985.0,16835.0,16860.0,26893,27388,227296.6025,16900.0,16930.0,PB
48,PB2506,2025-05-20,16860.0,16880.0,16740.0,16845.0,24386,22798,205001.2725,16810.0,16900.0,PB
49,PB2507,2025-05-21,16920.0,16945.0,16840.0,16900.0,23093,35294,195027.775,16890.0,16825.0,PB
49,PB2507,2025-05-22,16895.0,16895.0,16670.0,16685.0,42980,45301,360638.3825,16780.0,16890.0,PB
49,PB2507,2025-05-23,16685.0,16870.0,16655.0,16860.0,51462,47379,431646.6975,16775.0,16780.0,PB
49,PB2507,2025-05-26,16835.0,16890.0,16785.0,16795.0,36787,44332,309804.8675,16840.0,16775.0,PB
49,PB2507,2025-05-27,16760.0,16850.0,16745.0,16825.0,36820,46064,309114.8875,16790.0,16840.0,PB
49,PB2507,2025-05-28,16790.0,16805.0,16680.0,16705.0,32697,49021,273792.6875,16745.0,16790.0,PB
49,PB2507,2025-05-29,16730.0,16825.0,16705.0,16750.0,37075,45996,310624.9,16755.0,16745.0,PB
49,PB2507,2025-05-30,16700.0,16715.0,16540.0,16620.0,52931,53330,439893.09,16620.0,16755.0,PB
49,PB2507,2025-06-03,16650.0,16685.0,16525.0,16570.0,28541,55547,236540.16,16575.0,16620.0,PB
49,PB2507,2025-06-04,16575.0,16705.0,16545.0,16670.0,35010,52496,291209.56,16635.0,16575.0,PB
49,PB2507,2025-06-05,16680.0,16765.0,16645.0,16695.0,30915,50484,258315.17,16710.0,16635.0,PB
49,PB2507,2025-06-06,16720.0,16795.0,16630.0,16780.0,30853,49975,257435.85,16685.0,16710.0,PB
49,PB2507,2025-06-09,16705.0,16770.0,16695.0,16765.0,27538,49567,230383.5825,16730.0,16685.0,PB
49,PB2507,2025-06-10,16815.0,16905.0,16790.0,16880.0,36214,43968,305255.46,16855.0,16730.0,PB
49,PB2507,2025-06-11,16850.0,16875.0,16805.0,16845.0,21724,43989,182945.985,16840.0,16855.0,PB
49,PB2507,2025-06-12,16870.0,16965.0,16840.0,16890.0,29540,44388,249643.3475,16900.0,16840.0,PB
49,PB2507,2025-06-13,16900.0,17010.0,16890.0,16945.0,32714,43604,277323.7425,16950.0,16900.0,PB
49,PB2507,2025-06-16,16915.0,16985.0,16860.0,16980.0,30240,42057,255852.3975,16920.0,16950.0,PB
48,PB2507,2025-06-17,16995.0,17000.0,16855.0,16860.0,29996,41457,253849.4175,16925.0,16920.0,PB
48,PB2507,2025-06-18,16850.0,16925.0,16750.0,16810.0,36557,40054,307766.355,16835.0,16925.0,PB
48,PB2507,2025-06-19,16850.0,16965.0,16760.0,16925.0,37967,33907,320491.1975,16880.0,16835.0,PB
48,PB2507,2025-06-20,16920.0,16940.0,16785.0,16810.0,26878,34107,226561.5275,16855.0,16880.0,PB
48,PB2507,2025-06-23,16855.0,16925.0,16825.0,16920.0,26206,28273,221085.215,16870.0,16855.0,PB
48,PB2507,2025-06-24,16925.0,17005.0,16870.0,16955.0,34403,19560,291238.64,16930.0,16870.0,PB
49,PB2508,2025-06-25,17000.0,17195.0,17000.0,17190.0,56352,48344,482485.8425,17120.0,16940.0,PB
49,PB2508,2025-06-26,17170.0,17255.0,17150.0,17225.0,52643,51182,452965.09,17205.0,17120.0,PB
49,PB2508,2025-06-27,17225.0,17270.0,17110.0,17125.0,40650,51800,349506.2325,17195.0,17205.0,PB
49,PB2508,2025-06-30,17105.0,17220.0,17095.0,17200.0,32321,51408,277142.235,17145.0,17195.0,PB
49,PB2508,2025-07-01,17200.0,17220.0,17090.0,17100.0,31387,51411,268924.035,17135.0,17145.0,PB
49,PB2508,2025-07-02,17115.0,17210.0,17110.0,17175.0,27524,51254,236200.005,17160.0,17135.0,PB
49,PB2508,2025-07-03,17235.0,17315.0,17195.0,17245.0,34446,52878,297325.7975,17260.0,17160.0,PB
49,PB2508,2025-07-04,17220.0,17305.0,17215.0,17295.0,24330,51672,210145.5925,17270.0,17260.0,PB
49,PB2508,2025-07-07,17315.0,17315.0,17155.0,17210.0,29406,51045,253041.49,17210.0,17270.0,PB
49,PB2508,2025-07-08,17180.0,17185.0,17065.0,17160.0,35649,51617,305095.9125,17115.0,17210.0,PB
49,PB2508,2025-07-09,17190.0,17280.0,17125.0,17175.0,33005,52261,283909.76,17200.0,17115.0,PB
49,PB2508,2025-07-10,17180.0,17295.0,17120.0,17230.0,30897,52534,266000.5675,17215.0,17200.0,PB
49,PB2508,2025-07-11,17200.0,17235.0,17015.0,17075.0,52461,53479,448716.86,17105.0,17215.0,PB
49,PB2508,2025-07-14,17055.0,17130.0,17020.0,17085.0,31556,52444,269246.855,17060.0,17105.0,PB
49,PB2508,2025-07-15,17060.0,17080.0,16925.0,16930.0,33602,52667,285809.585,17010.0,17060.0,PB
48,PB2508,2025-07-16,16930.0,16945.0,16855.0,16895.0,32614,53407,275529.33,16895.0,17010.0,PB
48,PB2508,2025-07-17,16900.0,16935.0,16820.0,16845.0,31395,51951,264874.5225,16870.0,16895.0,PB
48,PB2508,2025-07-18,16825.0,16850.0,16770.0,16820.0,32288,50581,271516.2025,16815.0,16870.0,PB
48,PB2508,2025-07-21,16850.0,17010.0,16850.0,16960.0,44659,44870,378183.56,16935.0,16815.0,PB
49,PB2509,2025-07-22,16965.0,17015.0,16855.0,16930.0,36791,47218,311350.6525,16925.0,16965.0,PB
49,PB2509,2025-07-23,16930.0,16985.0,16820.0,16850.0,70210,62272,593612.12,16905.0,16925.0,PB
49,PB2509,2025-07-24,16910.0,16945.0,16840.0,16890.0,46419,69992,392102.65,16890.0,16905.0,PB
49,PB2509,2025-07-25,16890.0,16975.0,16850.0,16955.0,46763,73327,395423.85,16910.0,16890.0,PB
49,PB2509,2025-07-28,16960.0,17085.0,16820.0,16915.0,72526,70546,614383.105,16940.0,16910.0,PB
49,PB2509,2025-07-29,16985.0,17015.0,16890.0,16900.0,47978,64534,406602.4425,16945.0,16940.0,PB
49,PB2509,2025-07-30,16870.0,16930.0,16840.0,16890.0,37318,66741,315052.9675,16880.0,16945.0,PB
49,PB2509,2025-07-31,16885.0,16905.0,16710.0,16735.0,53359,72631,448504.9725,16810.0,16880.0,PB
49,PB2509,2025-08-01,16705.0,16750.0,16615.0,16735.0,47634,76338,396813.2625,16660.0,16810.0,PB
49,PB2509,2025-08-04,16780.0,16835.0,16715.0,16750.0,46198,71330,387611.02,16780.0,16660.0,PB
49,PB2509,2025-08-05,16750.0,16805.0,16650.0,16775.0,40133,72083,335433.005,16715.0,16780.0,PB
49,PB2509,2025-08-06,16750.0,16935.0,16720.0,16855.0,48645,65019,409370.8325,16830.0,16715.0,PB
49,PB2509,2025-08-07,16880.0,16905.0,16825.0,16875.0,32431,62019,273449.8725,16860.0,16830.0,PB
49,PB2509,2025-08-08,16875.0,16910.0,16820.0,16845.0,31008,59123,261485.6675,16865.0,16860.0,PB
49,PB2509,2025-08-11,16850.0,16950.0,16820.0,16885.0,35623,54395,300807.585,16885.0,16865.0,PB
49,PB2509,2025-08-12,16855.0,16980.0,16855.0,16915.0,29986,51223,253697.8975,16920.0,16885.0,PB
49,PB2509,2025-08-13,16940.0,16975.0,16865.0,16930.0,28937,49424,244931.72,16925.0,16920.0,PB
49,PB2509,2025-08-14,16880.0,16890.0,16755.0,16770.0,45616,51370,383531.895,16815.0,16925.0,PB
49,PB2509,2025-08-15,16820.0,16870.0,16775.0,16850.0,32601,51207,274269.0525,16825.0,16815.0,PB
48,PB2509,2025-08-18,16810.0,16835.0,16750.0,16775.0,30595,49496,256888.3475,16790.0,16825.0,PB
48,PB2509,2025-08-19,16790.0,16865.0,16765.0,16825.0,27255,48112,229087.86,16810.0,16790.0,PB
48,PB2509,2025-08-20,16825.0,16830.0,16680.0,16725.0,38671,46776,323573.455,16730.0,16810.0,PB
48,PB2509,2025-08-21,16770.0,16810.0,16720.0,16745.0,28843,44230,241732.7675,16760.0,16730.0,PB
48,PB2509,2025-08-22,16755.0,16800.0,16730.0,16780.0,22945,41165,192322.9825,16760.0,16760.0,PB
49,PB2510,2025-08-25,16815.0,16900.0,16765.0,16865.0,49559,47516,417499.3625,16845.0,16765.0,PB
49,PB2510,2025-08-26,16865.0,16970.0,16860.0,16930.0,45181,50846,382169.3425,16915.0,16845.0,PB
49,PB2510,2025-08-27,16925.0,16960.0,16870.0,16890.0,49426,49915,418054.115,16915.0,16915.0,PB
49,PB2510,2025-08-28,16885.0,16925.0,16850.0,16910.0,34152,49909,288317.7375,16880.0,16915.0,PB
49,PB2510,2025-08-29,16880.0,16910.0,16800.0,16880.0,43853,49182,369556.32,16850.0,16880.0,PB
49,PB2510,2025-09-01,16875.0,16880.0,16780.0,16855.0,39854,51017,335618.1475,16840.0,16850.0,PB
49,PB2510,2025-09-02,16875.0,16950.0,16830.0,16850.0,42223,51504,356321.7175,16875.0,16840.0,PB
49,PB2510,2025-09-03,16810.0,16920.0,16800.0,16865.0,30342,50638,255977.0725,16870.0,16875.0,PB
49,PB2510,2025-09-04,16865.0,16890.0,16835.0,16860.0,25910,50042,218500.15,16865.0,16870.0,PB
49,PB2510,2025-09-05,16890.0,16915.0,16850.0,16900.0,33992,49426,286945.8175,16880.0,16865.0,PB
49,PB2510,2025-09-08,16915.0,16925.0,16830.0,16895.0,40658,48884,343372.27,16890.0,16880.0,PB
49,PB2510,2025-09-09,16920.0,16940.0,16885.0,16930.0,30476,49701,257778.78,16915.0,16890.0,PB
49,PB2510,2025-09-10,16895.0,16910.0,16790.0,16795.0,45315,50467,381613.0475,16840.0,16915.0,PB
49,PB2510,2025-09-11,16815.0,16920.0,16790.0,16900.0,41772,49603,352145.4725,16860.0,16840.0,PB
49,PB2510,2025-09-12,16860.0,17120.0,16830.0,17040.0,63429,52188,538094.125,16965.0,16860.0,PB
49,PB2510,2025-09-15,17050.0,17205.0,17030.0,17160.0,58666,47056,502252.8375,17120.0,16965.0,PB
48,PB2510,2025-09-16,17150.0,17155.0,17005.0,17055.0,54978,45095,469603.235,17080.0,17120.0,PB
48,PB2510,2025-09-17,17075.0,17135.0,17035.0,17100.0,44958,42195,383950.8125,17080.0,17080.0,PB
48,PB2510,2025-09-18,17095.0,17170.0,17055.0,17145.0,39143,39036,334920.55,17110.0,17080.0,PB
48,PB2510,2025-09-19,17105.0,17180.0,17100.0,17150.0,35975,32743,308337.54,17140.0,17110.0,PB
49,PB2511,2025-09-22,17180.0,17205.0,17110.0,17165.0,34769,60605,298397.7375,17160.0,17170.0,PB
49,PB2511,2025-09-23,17190.0,17190.0,17065.0,17085.0,48758,63941,417558.4425,17125.0,17160.0,PB
49,PB2511,2025-09-24,17085.0,17110.0,17035.0,17065.0,43329,61071,370013.9225,17075.0,17125.0,PB
49,PB2511,2025-09-25,17085.0,17145.0,17080.0,17090.0,46256,62847,395744.79,17110.0,17075.0,PB
49,PB2511,2025-09-26,17100.0,17130.0,17055.0,17110.0,49275,60662,421151.7525,17090.0,17110.0,PB
49,PB2511,2025-09-29,17065.0,17110.0,16845.0,16855.0,76219,48797,646614.415,16965.0,17090.0,PB
49,PB2511,2025-09-30,16880.0,16990.0,16870.0,16940.0,45605,42633,386073.8475,16930.0,16965.0,PB
49,PB2511,2025-10-09,17000.0,17155.0,16905.0,17115.0,40199,41077,342556.615,17040.0,16930.0,PB
49,PB2511,2025-10-10,17135.0,17165.0,17095.0,17140.0,36308,44795,310931.575,17125.0,17040.0,PB
49,PB2511,2025-10-13,17160.0,17290.0,17085.0,17095.0,66594,43988,571303.01,17155.0,17125.0,PB
49,PB2511,2025-10-14,17050.0,17155.0,17035.0,17050.0,43201,43597,369152.005,17085.0,17155.0,PB
49,PB2511,2025-10-15,17010.0,17135.0,16960.0,17110.0,41257,44032,351838.6375,17055.0,17085.0,PB
48,PB2511,2025-10-16,17110.0,17150.0,17090.0,17100.0,32242,41899,275984.425,17115.0,17055.0,PB
48,PB2511,2025-10-17,17090.0,17110.0,17020.0,17075.0,39642,40218,338032.94,17050.0,17115.0,PB
48,PB2511,2025-10-20,17075.0,17155.0,17055.0,17060.0,27656,38195,236501.815,17100.0,17050.0,PB
48,PB2511,2025-10-21,17130.0,17210.0,17110.0,17160.0,43537,33556,373754.4975,17165.0,17100.0,PB
48,PB2511,2025-10-22,17125.0,17185.0,17110.0,17160.0,29011,26547,248845.7525,17155.0,17165.0,PB
49,PB2512,2025-10-23,17170.0,17660.0,17165.0,17565.0,108649,74538,946551.7775,17420.0,17170.0,PB
49,PB2512,2025-10-24,17565.0,17635.0,17440.0,17595.0,79514,83846,697112.2425,17530.0,17420.0,PB
49,PB2512,2025-10-27,17640.0,17640.0,17395.0,17520.0,81722,84395,715822.7175,17515.0,17530.0,PB
49,PB2512,2025-10-28,17520.0,17540.0,17340.0,17355.0,57175,77635,498175.3625,17425.0,17515.0,PB
49,PB2512,2025-10-29,17315.0,17410.0,17315.0,17355.0,46325,73518,402202.7325,17360.0,17425.0,PB
49,PB2512,2025-10-30,17360.0,17405.0,17335.0,17350.0,39452,69287,342510.87,17360.0,17360.0,PB
49,PB2512,2025-10-31,17355.0,17475.0,17335.0,17390.0,48319,68184,420421.91,17400.0,17360.0,PB
49,PB2512,2025-11-03,17390.0,17480.0,17350.0,17420.0,34978,68089,304463.35,17405.0,17400.0,PB
49,PB2512,2025-11-04,17415.0,17490.0,17400.0,17415.0,32675,66092,285073.8075,17445.0,17405.0,PB
49,PB2512,2025-11-05,17425.0,17585.0,17425.0,17475.0,46416,65699,406254.125,17500.0,17445.0,PB
49,PB2512,2025-11-06,17465.0,17555.0,17350.0,17430.0,44172,62498,385313.535,17445.0,17500.0,PB
49,PB2512,2025-11-07,17420.0,17460.0,17370.0,17420.0,27206,59818,237016.3,17420.0,17445.0,PB
49,PB2512,2025-11-10,17440.0,17535.0,17440.0,17505.0,31610,58725,276431.0575,17490.0,17420.0,PB
49,PB2512,2025-11-11,17505.0,17575.0,17435.0,17440.0,30855,55107,269844.0125,17490.0,17490.0,PB
49,PB2512,2025-11-12,17485.0,17765.0,17440.0,17660.0,55843,50539,490732.2425,17575.0,17490.0,PB
49,PB2512,2025-11-13,17605.0,17815.0,17575.0,17650.0,61405,43468,542929.4175,17680.0,17575.0,PB
50,PB2601,2025-11-14,17705.0,17730.0,17485.0,17505.0,41244,76209,363003.2075,17600.0,17710.0,PB
50,PB2601,2025-11-17,17520.0,17520.0,17310.0,17355.0,74591,74585,650021.5675,17425.0,17600.0,PB
49,PB2601,2025-11-18,17365.0,17370.0,17215.0,17230.0,55068,69126,475852.945,17280.0,17425.0,PB
49,PB2601,2025-11-19,17225.0,17265.0,17170.0,17250.0,46208,63895,397785.935,17215.0,17280.0,PB
49,PB2601,2025-11-20,17300.0,17320.0,17195.0,17220.0,37231,60285,321059.4075,17245.0,17215.0,PB
49,PB2601,2025-11-21,17250.0,17275.0,17150.0,17165.0,40133,55106,345229.945,17200.0,17245.0,PB
49,PB2601,2025-11-24,17195.0,17230.0,17115.0,17135.0,38420,52888,329772.735,17165.0,17200.0,PB
49,PB2601,2025-11-25,17115.0,17130.0,17010.0,17045.0,40496,52466,345538.9225,17065.0,17165.0,PB
49,PB2601,2025-11-26,17065.0,17130.0,17030.0,17065.0,40187,49033,343075.69,17070.0,17065.0,PB
49,PB2601,2025-11-27,17060.0,17075.0,15885.0,16955.0,57305,48129,484483.17,16905.0,17070.0,PB
49,PB2601,2025-11-28,16990.0,17150.0,16945.0,17090.0,43419,47922,369920.11,17035.0,16905.0,PB
49,PB2601,2025-12-01,17100.0,17175.0,17010.0,17075.0,38782,47187,331302.5775,17085.0,17035.0,PB
49,PB2601,2025-12-02,17145.0,17230.0,17110.0,17210.0,52077,47601,447393.6325,17180.0,17085.0,PB
49,PB2601,2025-12-03,17170.0,17240.0,17140.0,17210.0,27017,46627,232144.0625,17185.0,17180.0,PB
49,PB2601,2025-12-04,17240.0,17285.0,17120.0,17245.0,37288,46582,320474.87,17185.0,17185.0,PB
49,PB2601,2025-12-05,17200.0,17375.0,17200.0,17290.0,44508,44944,385050.9275,17300.0,17185.0,PB
49,PB2601,2025-12-08,17340.0,17380.0,17275.0,17340.0,38061,43107,329763.5225,17325.0,17300.0,PB
49,PB2601,2025-12-09,17310.0,17345.0,17145.0,17170.0,35748,40620,308139.4575,17235.0,17325.0,PB
49,PB2601,2025-12-10,17125.0,17150.0,17015.0,17115.0,36449,39315,311188.9275,17075.0,17235.0,PB
49,PB2601,2025-12-11,17155.0,17220.0,17070.0,17155.0,34885,35754,299144.215,17150.0,17075.0,PB
49,PB2601,2025-12-12,17115.0,17190.0,17075.0,17125.0,29694,33768,254271.575,17125.0,17150.0,PB
49,PB2601,2025-12-15,17130.0,17165.0,16985.0,17010.0,41512,32396,354337.6725,17070.0,17125.0,PB
48,PB2601,2025-12-16,17015.0,17015.0,16810.0,16825.0,40679,29732,343237.9425,16875.0,17070.0,PB
48,PB2601,2025-12-17,16825.0,16855.0,16680.0,16735.0,40173,26930,336933.8375,16770.0,16875.0,PB
49,PB2602,2025-12-18,16835.0,16915.0,16750.0,16785.0,31223,55672,262475.37,16810.0,16775.0,PB
49,PB2602,2025-12-19,16800.0,16980.0,16705.0,16880.0,56461,62177,475803.74,16850.0,16810.0,PB
49,PB2602,2025-12-22,16970.0,17030.0,16890.0,16920.0,49244,59586,417563.64,16955.0,16850.0,PB
49,PB2602,2025-12-23,16920.0,17025.0,16915.0,16995.0,44610,58086,378424.985,16965.0,16955.0,PB
49,PB2602,2025-12-24,17030.0,17305.0,17000.0,17225.0,68022,56538,582817.5525,17135.0,16965.0,PB
49,PB2602,2025-12-25,17215.0,17345.0,17205.0,17315.0,55100,56328,475669.82,17265.0,17135.0,PB
49,PB2602,2025-12-26,17315.0,17585.0,17185.0,17555.0,58769,55558,510040.035,17355.0,17265.0,PB
49,PB2602,2025-12-29,17460.0,17645.0,17415.0,17490.0,84769,54475,743216.915,17535.0,17355.0,PB
49,PB2602,2025-12-30,17465.0,17635.0,17330.0,17505.0,69782,53891,609600.3475,17470.0,17535.0,PB
49,PB2602,2025-12-31,17490.0,17505.0,17115.0,17355.0,77958,45412,673662.2475,17280.0,17470.0,PB
