date,symbol,close,log_return,extreme_left,extreme_right,extreme_event
2015-03-30,PB1505,12415.0,-0.0008051530225624752,0,0,0
2015-03-31,PB1505,12385.0,-0.0024193560188070025,0,0,0
2015-04-01,PB1505,12450.0,0.005234559969393659,0,0,0
2015-04-02,PB1505,12520.0,0.005606742761235872,0,0,0
2015-04-03,PB1506,12660.0,0.01112005104407764,0,1,1
2015-04-07,PB1506,12690.0,0.002366865010266244,0,0,0
2015-04-08,PB1506,12680.0,-0.0007883327172164291,0,0,0
2015-04-09,PB1506,12810.0,0.010200166899562949,0,1,1
2015-04-10,PB1506,13270.0,0.035279732435473304,0,1,1
2015-04-13,PB1506,13320.0,0.003760816768126919,0,0,0
2015-04-14,PB1506,12925.0,-0.030103244717750263,1,0,-1
2015-04-15,PB1506,13180.0,0.01953710867986835,0,1,1
2015-04-16,PB1506,13290.0,0.008311343650792901,0,0,0
2015-04-17,PB1506,13540.0,0.018636394758974915,0,1,1
2015-04-20,PB1506,13565.0,0.001844678626766095,0,0,0
2015-04-21,PB1506,13475.0,-0.006656829315834183,0,0,0
2015-04-22,PB1506,13725.0,0.018382870600533577,0,1,1
2015-04-23,PB1506,13490.0,-0.01727031717592985,1,0,-1
2015-04-24,PB1506,13495.0,0.0003705762503034397,0,0,0
2015-04-27,PB1506,13755.0,0.019083147906569904,0,1,1
2015-04-28,PB1506,13740.0,-0.001091107582334568,0,0,0
2015-04-29,PB1506,13730.0,-0.0007280670143236201,0,0,0
2015-04-30,PB1506,13790.0,0.004360472025330663,0,0,0
2015-05-04,PB1507,13900.0,0.007945148331435574,0,0,0
2015-05-05,PB1507,13790.0,-0.007945148331435647,0,0,0
2015-05-06,PB1507,13910.0,0.008664314130140998,0,0,0
2015-05-07,PB1507,13485.0,-0.031030049343658262,1,0,-1
2015-05-08,PB1507,13560.0,0.005546325920556135,0,0,0
2015-05-11,PB1507,13495.0,-0.0048050360422815875,0,0,0
2015-05-12,PB1507,13320.0,-0.01305258135772487,1,0,-1
2015-05-13,PB1507,13620.0,0.022272635609123223,0,1,1
2015-05-14,PB1507,13550.0,-0.005152753395656441,0,0,0
2015-05-15,PB1507,13360.0,-0.014121379217210272,1,0,-1
2015-05-18,PB1507,13410.0,0.0037355291850874484,0,0,0
2015-05-19,PB1507,13335.0,-0.005608539659609537,0,0,0
2015-05-20,PB1507,13180.0,-0.011691628559616453,1,0,-1
2015-05-21,PB1507,13270.0,0.0068053192697550835,0,0,0
2015-05-22,PB1507,13380.0,0.008255206355966344,0,0,0
2015-05-25,PB1507,13275.0,-0.007878487572079828,0,0,0
2015-05-26,PB1507,13250.0,-0.001885014695771335,0,0,0
2015-05-27,PB1507,13310.0,0.004518079974789136,0,0,0
2015-05-28,PB1507,13355.0,0.0033752141549038654,0,0,0
2015-05-29,PB1507,13415.0,0.004482637315663371,0,0,0
2015-06-01,PB1507,13285.0,-0.009737904665810624,1,0,-1
2015-06-02,PB1507,13220.0,-0.004904744788236573,0,0,0
2015-06-03,PB1507,13100.0,-0.009118604216434345,0,0,0
2015-06-04,PB1508,13215.0,0.008740317849146617,0,0,0
2015-06-05,PB1508,13100.0,-0.008740317849146653,0,0,0
2015-06-08,PB1508,13110.0,0.0007630675685026486,0,0,0
2015-06-09,PB1508,13150.0,0.0030464608481650737,0,0,0
2015-06-10,PB1508,13225.0,0.005687219120589514,0,0,0
2015-06-11,PB1508,13165.0,-0.004547184796090308,0,0,0
2015-06-12,PB1508,12835.0,-0.025385978625169017,1,0,-1
2015-06-15,PB1508,12775.0,-0.004685678233335572,0,0,0
2015-06-16,PB1508,12750.0,-0.001958864485333034,0,0,0
2015-06-17,PB1508,12705.0,-0.0035356548323077553,0,0,0
2015-06-18,PB1508,12985.0,0.02179922834258436,0,1,1
2015-06-19,PB1508,12920.0,-0.005018346760255952,0,0,0
2015-06-23,PB1508,13080.0,0.012307847674596773,0,1,1
2015-06-24,PB1508,13225.0,0.011024631715310543,0,1,1
2015-06-25,PB1508,13135.0,-0.0068285546068599335,0,0,0
2015-06-26,PB1508,13100.0,-0.0026681929303973666,0,0,0
2015-06-29,PB1508,12820.0,-0.021605778714581848,1,0,-1
2015-06-30,PB1508,12795.0,-0.001951981880771806,0,0,0
2015-07-01,PB1508,12770.0,-0.0019557995673041926,0,0,0
2015-07-02,PB1508,13100.0,0.02551356016265786,0,1,1
2015-07-03,PB1509,12865.0,-0.018101784473398403,1,0,-1
2015-07-06,PB1508,12715.0,-0.011728046859624525,1,0,-1
2015-07-07,PB1508,12690.0,-0.001968117147786685,0,0,0
2015-07-08,PB1509,12150.0,-0.04348511193973878,1,0,-1
2015-07-09,PB1509,12810.0,0.05289694612208535,0,1,1
2015-07-10,PB1509,12910.0,0.007776088949908263,0,0,0
2015-07-13,PB1509,12840.0,-0.005436906596736036,0,0,0
2015-07-14,PB1509,13255.0,0.03180954147917371,0,1,1
2015-07-15,PB1509,13180.0,-0.0056743106666277115,0,0,0
2015-07-16,PB1509,13190.0,0.00075843765486218,0,0,0
2015-07-17,PB1509,13115.0,-0.005702353410386191,0,0,0
2015-07-20,PB1509,13110.0,-0.00038131554322848484,0,0,0
2015-07-21,PB1509,13095.0,-0.0011448198159333073,0,0,0
2015-07-22,PB1509,12870.0,-0.017331456351639976,1,0,-1
2015-07-23,PB1509,12960.0,0.0069686693160934355,0,0,0
2015-07-24,PB1509,12730.0,-0.017906278354813506,1,0,-1
2015-07-27,PB1509,12815.0,0.006654947246719387,0,0,0
2015-07-28,PB1509,12815.0,0.0,0,0,0
2015-07-29,PB1509,13200.0,0.029600469776290682,0,1,1
2015-07-30,PB1509,13220.0,0.0015140048312150113,0,0,0
2015-07-31,PB1509,13130.0,-0.006831146108835363,0,0,0
2015-08-03,PB1510,12850.0,-0.021555876973475965,1,0,-1
2015-08-04,PB1510,12855.0,0.00038902937662399706,0,0,0
2015-08-05,PB1510,12920.0,0.005043657636602934,0,0,0
2015-08-06,PB1510,12910.0,-0.0007742934959046684,0,0,0
2015-08-07,PB1510,12800.0,-0.008557033932979618,0,0,0
2015-08-10,PB1510,13060.0,0.020108952922713478,0,1,1
2015-08-11,PB1510,13250.0,0.01444342858394612,0,1,1
2015-08-12,PB1510,13255.0,0.00037728730875758007,0,0,0
2015-08-13,PB1510,13430.0,0.013116170794157259,0,1,1
2015-08-14,PB1510,13215.0,-0.01613846247889372,1,0,-1
2015-08-17,PB1510,13375.0,0.012034744725817795,0,1,1
2015-08-18,PB1510,13205.0,-0.012791747032974747,1,0,-1
2015-08-19,PB1510,13295.0,0.006792478945887693,0,0,0
2015-08-20,PB1510,13370.0,0.005625366418868639,0,0,0
2015-08-21,PB1510,13205.0,-0.01241784536475628,1,0,-1
2015-08-24,PB1510,13050.0,-0.011807411980393144,1,0,-1
2015-08-25,PB1510,13140.0,0.0068728792877620504,0,0,0
2015-08-26,PB1510,13205.0,0.004934532692631045,0,0,0
2015-08-27,PB1510,13355.0,0.011295300812828594,0,1,1
2015-08-28,PB1510,13415.0,0.004482637315663371,0,0,0
2015-08-31,PB1510,13345.0,-0.005231701021100056,0,0,0
2015-09-01,PB1510,13330.0,-0.0011246486658701782,0,0,0
2015-09-02,PB1510,13490.0,0.01193153602904712,0,1,1
2015-09-07,PB1511,13310.0,-0.013433037812644278,1,0,-1
2015-09-08,PB1511,13130.0,-0.01361594409231542,1,0,-1
2015-09-09,PB1511,13320.0,0.014366976797538289,0,1,1
2015-09-10,PB1511,13410.0,0.0067340321813441194,0,0,0
2015-09-11,PB1511,13395.0,-0.001119194297015112,0,0,0
2015-09-14,PB1511,13240.0,-0.01163895248770989,1,0,-1
2015-09-15,PB1511,13205.0,-0.0026470047597665757,0,0,0
2015-09-16,PB1511,13320.0,0.008671119363147588,0,0,0
2015-09-17,PB1511,13335.0,0.0011254925217345582,0,0,0
2015-09-18,PB1511,13320.0,-0.0011254925217344803,0,0,0
2015-09-21,PB1511,13145.0,-0.01322520693039854,1,0,-1
2015-09-22,PB1511,13135.0,-0.0007610350443413372,0,0,0
2015-09-23,PB1511,13185.0,0.0037993966677468778,0,0,0
2015-09-24,PB1511,13285.0,0.007555759406526732,0,0,0
2015-09-25,PB1511,13290.0,0.00037629351337719187,0,0,0
2015-09-28,PB1511,13120.0,-0.012874089209211011,1,0,-1
2015-09-29,PB1511,13135.0,0.0011426396215602757,0,0,0
2015-09-30,PB1511,13585.0,0.03368581974080792,0,1,1
2015-10-08,PB1511,13360.0,-0.01670107476981143,1,0,-1
2015-10-09,PB1511,13550.0,0.014121379217210309,0,1,1
2015-10-12,PB1512,13655.0,0.007719207599958431,0,0,0
2015-10-13,PB1512,13590.0,-0.004771526762615987,0,0,0
2015-10-14,PB1512,13560.0,-0.002209945650802844,0,0,0
2015-10-15,PB1512,13490.0,-0.005175612292584987,0,0,0
2015-10-16,PB1512,13390.0,-0.007440510516583341,0,0,0
2015-10-19,PB1512,13480.0,0.0066989457810797655,0,0,0
2015-10-20,PB1512,13435.0,-0.0033438634167064457,0,0,0
2015-10-21,PB1512,13185.0,-0.01878342226220457,1,0,-1
2015-10-22,PB1512,13215.0,0.0022727282510026188,0,0,0
2015-10-23,PB1512,13270.0,0.00415330028786372,0,0,0
2015-10-26,PB1512,13235.0,-0.00264101266505156,0,0,0
2015-10-27,PB1512,13330.0,0.007152298511552815,0,0,0
2015-10-28,PB1512,13270.0,-0.004511285846501125,0,0,0
2015-10-29,PB1512,13365.0,0.007133501246766193,0,0,0
2015-10-30,PB1512,13220.0,-0.010908515167342047,1,0,-1
2015-11-02,PB1512,13055.0,-0.012559632272448069,1,0,-1
2015-11-03,PB1512,13070.0,0.0011483254850385065,0,0,0
2015-11-04,PB1512,13205.0,0.010276018112965003,0,1,1
2015-11-05,PB1512,13025.0,-0.013724958109664898,1,0,-1
2015-11-06,PB1512,13035.0,0.0007674597460343694,0,0,0
2015-11-09,PB1512,12985.0,-0.0038432022707532887,0,0,0
2015-11-10,PB1512,12870.0,-0.008895823506676516,0,0,0
2015-11-11,PB1601,12660.0,-0.01645160489200517,1,0,-1
2015-11-12,PB1601,12675.0,0.001184132761216772,0,0,0
2015-11-13,PB1601,12600.0,-0.005934735519814578,0,0,0
2015-11-16,PB1601,12480.0,-0.009569451016150672,1,0,-1
2015-11-17,PB1601,12260.0,-0.017785432433216314,1,0,-1
2015-11-18,PB1601,12150.0,-0.009012760721507918,0,0,0
2015-11-19,PB1601,11960.0,-0.01576142126407176,1,0,-1
2015-11-20,PB1601,12280.0,0.02640417419651071,0,1,1
2015-11-23,PB1601,11980.0,-0.024733330031693125,1,0,-1
2015-11-24,PB1601,12455.0,0.038883556026840405,0,1,1
2015-11-25,PB1601,12565.0,0.008793022281411773,0,0,0
2015-11-26,PB1601,12815.0,0.01970118882047901,0,1,1
2015-11-27,PB1601,12605.0,-0.016522799176151313,1,0,-1
2015-11-30,PB1601,12690.0,0.006720721086413122,0,0,0
2015-12-01,PB1601,12765.0,0.00589276896715092,0,0,0
2015-12-02,PB1601,12790.0,0.001956564897304134,0,0,0
2015-12-03,PB1602,12565.0,-0.01774844459519577,1,0,-1
2015-12-04,PB1602,12800.0,0.018529999930016045,0,1,1
2015-12-07,PB1602,13020.0,0.017041465854851615,0,1,1
2015-12-08,PB1602,12920.0,-0.007710138425967434,0,0,0
2015-12-09,PB1602,13035.0,0.008861549031009252,0,0,0
2015-12-10,PB1602,12890.0,-0.011186230434368987,1,0,-1
2015-12-11,PB1602,13100.0,0.016160413256009906,0,1,1
2015-12-14,PB1602,13110.0,0.0007630675685026486,0,0,0
2015-12-15,PB1602,13000.0,-0.008425940314071711,0,0,0
2015-12-16,PB1602,12915.0,-0.006559930913732876,0,0,0
2015-12-17,PB1602,12825.0,-0.006993035490970637,0,0,0
2015-12-18,PB1602,12815.0,-0.0007800312407987771,0,0,0
2015-12-21,PB1602,13070.0,0.019703167820096165,0,1,1
2015-12-22,PB1602,13005.0,-0.004985628735515738,0,0,0
2015-12-23,PB1602,13090.0,0.006514681021193672,0,0,0
2015-12-24,PB1602,13045.0,-0.0034436613331168047,0,0,0
2015-12-25,PB1602,13145.0,0.007636539593152727,0,0,0
2015-12-28,PB1602,12960.0,-0.01417376725771586,1,0,-1
2015-12-29,PB1602,13000.0,0.0030816665374081144,0,0,0
2015-12-30,PB1602,13060.0,0.004604766386748339,0,0,0
2015-12-31,PB1602,13170.0,0.008387391906904768,0,0,0
2016-01-04,PB1602,13145.0,-0.0019000575733451193,0,0,0
2016-01-05,PB1603,13220.0,0.0056893762416956335,0,0,0
2016-01-06,PB1603,13140.0,-0.006069821367075722,0,0,0
2016-01-07,PB1603,12845.0,-0.022706382494617594,1,0,-1
2016-01-08,PB1603,12915.0,0.005434795985956995,0,0,0
2016-01-11,PB1603,12740.0,-0.01364277640378649,1,0,-1
2016-01-12,PB1603,12555.0,-0.014627657534468966,1,0,-1
2016-01-13,PB1603,12715.0,0.012663406264534695,0,1,1
2016-01-14,PB1603,12835.0,0.009393415449020821,0,0,0
2016-01-15,PB1603,12585.0,-0.019670185735824495,1,0,-1
2016-01-18,PB1603,12890.0,0.023946188363816845,0,1,1
2016-01-19,PB1603,12995.0,0.008112851142357595,0,0,0
2016-01-20,PB1603,12870.0,-0.009665646485418287,1,0,-1
2016-01-21,PB1603,12775.0,-0.007408885518267117,0,0,0
2016-01-22,PB1603,12795.0,0.0015643335219840892,0,0,0
2016-01-25,PB1603,12810.0,0.0011716462968907578,0,0,0
2016-01-26,PB1603,12920.0,0.008550382445812924,0,0,0
2016-01-27,PB1603,13215.0,0.022576049701796663,0,1,1
2016-01-28,PB1603,13145.0,-0.0053110898744080075,0,0,0
2016-01-29,PB1603,13475.0,0.024794658613216274,0,1,1
2016-02-01,PB1603,13650.0,0.012903404835907782,0,1,1
2016-02-02,PB1603,13680.0,0.002195390563435656,0,0,0
2016-02-03,PB1603,13775.0,0.006920442844573757,0,0,0
2016-02-04,PB1603,14045.0,0.019411105517228775,0,1,1
2016-02-05,PB1603,13815.0,-0.016511502180827187,1,0,-1
2016-02-15,PB1604,13745.0,-0.005079836758170826,0,0,0
2016-02-16,PB1604,13590.0,-0.011340893454156686,1,0,-1
2016-02-17,PB1604,13510.0,-0.005904076190944848,0,0,0
2016-02-18,PB1604,13485.0,-0.0018521953804142403,0,0,0
2016-02-19,PB1604,13655.0,0.012527798333975078,0,1,1
2016-02-22,PB1604,13860.0,0.01490123883608884,0,1,1
2016-02-23,PB1604,13590.0,-0.01967276559870478,1,0,-1
2016-02-24,PB1604,13555.0,-0.0025787452124234715,0,0,0
2016-02-25,PB1604,13520.0,-0.0025854123358108358,0,0,0
2016-02-26,PB1604,13610.0,0.006634746048556733,0,0,0
2016-02-29,PB1604,13650.0,0.002934704967594022,0,0,0
2016-03-01,PB1604,13660.0,0.0007323325116752631,0,0,0
2016-03-02,PB1604,13740.0,0.005839432651559166,0,0,0
2016-03-03,PB1604,13835.0,0.006890326444685862,0,0,0
2016-03-04,PB1604,13890.0,0.00396754352736325,0,0,0
2016-03-07,PB1605,13870.0,-0.0014409224395122218,0,0,0
2016-03-08,PB1605,13755.0,-0.008325839950202385,0,0,0
2016-03-09,PB1605,13570.0,-0.01354092052976014,1,0,-1
2016-03-10,PB1605,13605.0,0.002575898388431817,0,0,0
2016-03-11,PB1605,13770.0,0.012054940505353898,0,1,1
2016-03-14,PB1605,13695.0,-0.005461510025522014,0,0,0
2016-03-15,PB1605,13615.0,-0.005858676589318593,0,0,0
2016-03-16,PB1605,13525.0,-0.006632301393177735,0,0,0
2016-03-17,PB1605,13685.0,0.011760517760097284,0,1,1
2016-03-18,PB1605,13630.0,-0.0040270967842012066,0,0,0
2016-03-21,PB1605,13595.0,-0.0025711676240071776,0,0,0
2016-03-22,PB1605,13600.0,0.0003677146575723102,0,0,0
2016-03-23,PB1605,13570.0,-0.002208318895228543,0,0,0
2016-03-24,PB1605,13520.0,-0.003691403231959688,0,0,0
2016-03-25,PB1605,13540.0,0.0014781968693109652,0,0,0
2016-03-28,PB1605,13575.0,0.0025815983358701044,0,0,0
2016-03-29,PB1605,13550.0,-0.001843318494289224,0,0,0
2016-03-30,PB1605,13295.0,-0.01899852263072674,1,0,-1
2016-03-31,PB1605,13240.0,-0.004145474186121002,0,0,0
2016-04-01,PB1605,13370.0,0.009770840604989714,0,0,0
2016-04-05,PB1605,13230.0,-0.010526412986987504,1,0,-1
2016-04-06,PB1605,13170.0,-0.0045454623716746105,0,0,0
2016-04-07,PB1605,13230.0,0.004545462371674638,0,0,0
2016-04-08,PB1605,13025.0,-0.015616390487433657,1,0,-1
2016-04-11,PB1606,13120.0,0.007267195876512392,0,0,0
2016-04-12,PB1605,13070.0,-0.0038182558798123788,0,0,0
2016-04-13,PB1606,13290.0,0.016692345089023314,0,1,1
2016-04-14,PB1606,13350.0,0.004504512121104508,0,0,0
2016-04-15,PB1606,13255.0,-0.007141545105269714,0,0,0
2016-04-18,PB1606,13215.0,-0.00302229168473639,0,0,0
2016-04-19,PB1606,13255.0,0.0030222916847364133,0,0,0
2016-04-20,PB1606,13450.0,0.014604266306859298,0,1,1
2016-04-21,PB1606,13440.0,-0.0007437709528446524,0,0,0
2016-04-22,PB1606,13365.0,-0.005595985504121113,0,0,0
2016-04-25,PB1606,13420.0,0.004106781952653502,0,0,0
2016-04-26,PB1606,13060.0,-0.02719200769525077,1,0,-1
2016-04-27,PB1606,13105.0,0.0034397129270846505,0,0,0
2016-04-28,PB1606,13060.0,-0.0034397129270846327,0,0,0
2016-04-29,PB1606,13230.0,0.012932854278579323,0,1,1
2016-05-03,PB1606,13365.0,0.010152371464017908,0,1,1
2016-05-04,PB1606,13060.0,-0.023085225742597328,1,0,-1
2016-05-05,PB1607,13080.0,0.0015302221807675365,0,0,0
2016-05-06,PB1607,12925.0,-0.011920925634559789,1,0,-1
2016-05-09,PB1607,12970.0,0.0034755779338597414,0,0,0
2016-05-10,PB1607,12970.0,0.0,0,0,0
2016-05-11,PB1607,13120.0,0.011498785187590448,0,1,1
2016-05-12,PB1607,13090.0,-0.0022892035941344513,0,0,0
2016-05-13,PB1607,12885.0,-0.015784735817480192,1,0,-1
2016-05-16,PB1607,12880.0,-0.00038812342812086746,0,0,0
2016-05-17,PB1607,12985.0,0.008119124438504191,0,0,0
2016-05-18,PB1607,12860.0,-0.009673126305238384,1,0,-1
2016-05-19,PB1607,12870.0,0.0007773027985620129,0,0,0
2016-05-20,PB1607,12795.0,-0.005844551996283132,0,0,0
2016-05-23,PB1607,12690.0,-0.008240187885455816,0,0,0
2016-05-24,PB1607,12640.0,-0.0039478930075849345,0,0,0
2016-05-25,PB1607,12650.0,0.0007908264548177709,0,0,0
2016-05-26,PB1607,12715.0,0.005125183700553687,0,0,0
2016-05-27,PB1607,12805.0,0.007053320777405588,0,0,0
2016-05-30,PB1607,12850.0,0.0035080916897402585,0,0,0
2016-05-31,PB1607,12785.0,-0.005071202598078845,0,0,0
2016-06-01,PB1607,12670.0,-0.009035614410102259,0,0,0
2016-06-02,PB1607,12860.0,0.014884724476425654,0,1,1
2016-06-03,PB1607,12770.0,-0.007023048765025381,0,0,0
2016-06-06,PB1607,12800.0,0.002346500881123612,0,0,0
2016-06-07,PB1607,12750.0,-0.003913899321136329,0,0,0
2016-06-08,PB1607,12720.0,-0.0023557136924590365,0,0,0
2016-06-13,PB1607,12865.0,0.011334887821731445,0,1,1
2016-06-14,PB1607,12730.0,-0.010549033164392298,1,0,-1
2016-06-15,PB1607,12750.0,0.0015698590351200523,0,0,0
2016-06-16,PB1608,12805.0,0.004304448047053486,0,0,0
2016-06-17,PB1608,12870.0,0.0050633019565466345,0,0,0
2016-06-20,PB1608,12790.0,-0.006235406017284022,0,0,0
2016-06-21,PB1608,12830.0,0.0031225630367936745,0,0,0
2016-06-22,PB1608,12870.0,0.0031128429804903246,0,0,0
2016-06-23,PB1608,12840.0,-0.0023337233462202116,0,0,0
2016-06-24,PB1608,12730.0,-0.008603885692499993,0,0,0
2016-06-27,PB1608,12850.0,0.009382398771913738,0,0,0
2016-06-28,PB1608,12900.0,0.003883500026397612,0,0,0
2016-06-29,PB1608,12935.0,0.0027095042703661164,0,0,0
2016-06-30,PB1608,13175.0,0.01838427878943348,0,1,1
2016-07-01,PB1608,13260.0,0.006430890330290331,0,0,0
2016-07-04,PB1608,13440.0,0.013483350337286988,0,1,1
2016-07-05,PB1608,13110.0,-0.024860037319394977,1,0,-1
2016-07-06,PB1609,13065.0,-0.003438398803032709,0,0,0
2016-07-07,PB1609,13015.0,-0.0038343605260471115,0,0,0
2016-07-08,PB1609,13040.0,0.0019190180519781182,0,0,0
2016-07-11,PB1609,13165.0,0.009540236449765748,0,0,0
2016-07-12,PB1609,13190.0,0.001897173780950521,0,0,0
2016-07-13,PB1609,13250.0,0.0045385857030080376,0,0,0
2016-07-14,PB1609,13270.0,0.0015082959118848814,0,0,0
2016-07-15,PB1609,13420.0,0.01124028319941954,0,1,1
2016-07-18,PB1609,13210.0,-0.01577201300930176,1,0,-1
2016-07-19,PB1609,13340.0,0.009792921953243768,0,0,0
2016-07-20,PB1609,13320.0,-0.0015003753752345652,0,0,0
2016-07-21,PB1609,13390.0,0.005241494590837971,0,0,0
2016-07-22,PB1609,13395.0,0.00037334329349081937,0,0,0
2016-07-25,PB1609,13635.0,0.017758513300979894,0,1,1
2016-07-26,PB1609,13810.0,0.012752951123648923,0,1,1
2016-07-27,PB1609,13755.0,-0.003990573044662833,0,0,0
2016-07-28,PB1609,13605.0,-0.010965022141328216,1,0,-1
2016-07-29,PB1609,13775.0,0.012417982803768619,0,1,1
2016-08-01,PB1609,14050.0,0.019767040740776582,0,1,1
2016-08-02,PB1609,13900.0,-0.010733555643108664,1,0,-1
2016-08-03,PB1609,13805.0,-0.0068579947545283,0,0,0
2016-08-04,PB1609,13835.0,0.0021707678567714737,0,0,0
2016-08-05,PB1609,13945.0,0.007919407840562989,0,0,0
2016-08-08,PB1609,13900.0,-0.0032321809428062227,0,0,0
2016-08-09,PB1609,13730.0,-0.012305620356766337,1,0,-1
2016-08-10,PB1609,13765.0,0.0025459188146910077,0,0,0
2016-08-11,PB1609,13885.0,0.008679982164192303,0,0,0
2016-08-12,PB1610,13840.0,-0.0032461705692393354,0,0,0
2016-08-15,PB1609,13470.0,-0.027097959767250886,1,0,-1
2016-08-16,PB1609,13530.0,0.004444451760423976,0,0,0
2016-08-17,PB1609,13540.0,0.0007388253014322572,0,0,0
2016-08-18,PB1610,13885.0,0.025160853274633996,0,1,1
2016-08-19,PB1610,13985.0,0.007176205895160116,0,0,0
2016-08-22,PB1610,13900.0,-0.006096486517277022,0,0,0
2016-08-23,PB1610,13915.0,0.001078554841208066,0,0,0
2016-08-24,PB1610,13965.0,0.0035868044192859418,0,0,0
2016-08-25,PB1610,13970.0,0.00035797387173038865,0,0,0
2016-08-26,PB1610,13960.0,-0.0007160759346440843,0,0,0
2016-08-29,PB1610,13905.0,-0.003947609648298211,0,0,0
2016-08-30,PB1610,13810.0,-0.00685552026472746,0,0,0
2016-08-31,PB1610,13835.0,0.0018086458176885646,0,0,0
2016-09-01,PB1610,14420.0,0.04141451861791369,0,1,1
2016-09-02,PB1610,14495.0,0.005187630516815908,0,0,0
2016-09-05,PB1610,14520.0,0.001723247023031201,0,0,0
2016-09-06,PB1610,14420.0,-0.0069108775398470275,0,0,0
2016-09-07,PB1610,14240.0,-0.012561225872973304,1,0,-1
2016-09-08,PB1610,14135.0,-0.007400914838276068,0,0,0
2016-09-09,PB1610,14145.0,0.0007072136079767403,0,0,0
2016-09-12,PB1610,13835.0,-0.02215959151464131,1,0,-1
2016-09-13,PB1611,14040.0,0.014708785358775853,0,1,1
2016-09-14,PB1611,14070.0,0.0021344725286326196,0,0,0
2016-09-19,PB1611,14250.0,0.012712035588361944,0,1,1
2016-09-20,PB1611,14475.0,0.015666116744399456,0,1,1
2016-09-21,PB1611,14620.0,0.009967430862573526,0,0,0
2016-09-22,PB1611,14550.0,-0.0047994607041309595,0,0,0
2016-09-23,PB1611,14515.0,-0.002408396140908297,0,0,0
2016-09-26,PB1611,14440.0,-0.005180464011913061,0,0,0
2016-09-27,PB1611,14750.0,0.02124094932114873,0,1,1
2016-09-28,PB1611,14650.0,-0.006802747322752523,0,0,0
2016-09-29,PB1611,15005.0,0.02394314342925402,0,1,1
2016-09-30,PB1611,15445.0,0.028901847478214667,0,1,1
2016-10-10,PB1611,15770.0,0.02082407460440194,0,1,1
2016-10-11,PB1611,15880.0,0.00695105484404263,0,0,0
2016-10-12,PB1611,15625.0,-0.016188260196524442,1,0,-1
2016-10-13,PB1611,15375.0,-0.016129381929883644,1,0,-1
2016-10-14,PB1611,15480.0,0.006806054468999496,0,0,0
2016-10-17,PB1612,15430.0,-0.0032352017865116284,0,0,0
2016-10-18,PB1612,15545.0,0.007425377135647678,0,0,0
2016-10-19,PB1612,15360.0,-0.011972315791191035,1,0,-1
2016-10-20,PB1612,15410.0,0.0032499216124982004,0,0,0
2016-10-21,PB1612,15760.0,0.022458435097708788,0,1,1
2016-10-24,PB1612,15755.0,-0.0003173092204951462,0,0,0
2016-10-25,PB1612,16370.0,0.038292616173805694,0,1,1
2016-10-26,PB1612,16230.0,-0.008589009856543683,0,0,0
2016-10-27,PB1612,16245.0,0.0009237875945636812,0,0,0
2016-10-28,PB1612,16455.0,0.012844213274239732,0,1,1
2016-10-31,PB1612,16470.0,0.0009111617942456437,0,0,0
2016-11-01,PB1612,16590.0,0.007259560012804102,0,0,0
2016-11-02,PB1612,16355.0,-0.014266443212005844,1,0,-1
2016-11-03,PB1612,16640.0,0.01727577440271522,0,1,1
2016-11-04,PB1701,16665.0,0.0015012763666403725,0,0,0
2016-11-07,PB1701,17000.0,0.019902632296513064,0,1,1
2016-11-08,PB1701,16690.0,-0.018403606382472328,1,0,-1
2016-11-09,PB1701,16690.0,0.0,0,0,0
2016-11-10,PB1701,17400.0,0.04166046854673971,0,1,1
2016-11-11,PB1701,17450.0,0.002869442427952739,0,0,0
2016-11-14,PB1701,17675.0,0.012811563134200368,0,1,1
2016-11-15,PB1701,17790.0,0.006485289895107392,0,0,0
2016-11-16,PB1701,18320.0,0.029356857568240358,0,1,1
2016-11-17,PB1701,17790.0,-0.02935685756824043,1,0,-1
2016-11-18,PB1701,17835.0,0.0025263171331111355,0,0,0
2016-11-21,PB1701,18230.0,0.021905769879716812,0,1,1
2016-11-22,PB1701,19095.0,0.046357931986907804,0,1,1
2016-11-23,PB1701,19170.0,0.0039200363800735005,0,0,0
2016-11-24,PB1701,19880.0,0.03636764417087479,0,1,1
2016-11-25,PB1701,20180.0,0.014977813697034964,0,1,1
2016-11-28,PB1701,21635.0,0.0696203587513852,0,1,1
2016-11-29,PB1701,21865.0,0.010574811188035722,0,1,1
2016-11-30,PB1701,20670.0,-0.05620381117120705,1,0,-1
2016-12-01,PB1701,21140.0,0.02248360674841466,0,1,1
2016-12-02,PB1701,20300.0,-0.040546094394349905,1,0,-1
2016-12-05,PB1701,20210.0,-0.004443354632211967,0,0,0
2016-12-06,PB1701,20350.0,0.006903380473074445,0,0,0
2016-12-07,PB1701,21060.0,0.03429459481722542,0,1,1
2016-12-08,PB1701,20965.0,-0.004521126083103512,0,0,0
2016-12-09,PB1701,20680.0,-0.013687330982497557,1,0,-1
2016-12-12,PB1702,20440.0,-0.011673284304724734,1,0,-1
2016-12-13,PB1702,20545.0,0.005123836999869466,0,0,0
2016-12-14,PB1702,20490.0,-0.002680640084564723,0,0,0
2016-12-15,PB1702,20745.0,0.012368291534022796,0,1,1
2016-12-16,PB1702,19830.0,-0.045109311253126644,1,0,-1
2016-12-19,PB1702,18760.0,-0.05546899895362596,1,0,-1
2016-12-20,PB1702,18055.0,-0.03830428884865756,1,0,-1
2016-12-21,PB1702,18405.0,0.019199712101563272,0,1,1
2016-12-22,PB1702,18070.0,-0.018369262226847278,1,0,-1
2016-12-23,PB1702,18260.0,0.010459770562685355,0,1,1
2016-12-26,PB1702,17385.0,-0.04910510970699766,1,0,-1
2016-12-27,PB1702,17655.0,0.015411263920524944,0,1,1
2016-12-28,PB1702,17590.0,-0.0036884706308829506,0,0,0
2016-12-29,PB1702,17775.0,0.010462416939837866,0,1,1
2016-12-30,PB1702,17665.0,-0.006207694878196017,0,0,0
2017-01-03,PB1702,17410.0,-0.014540527031010901,1,0,-1
2017-01-04,PB1702,17715.0,0.017366984537337662,0,1,1
2017-01-05,PB1702,17910.0,0.010947477755185092,0,1,1
2017-01-06,PB1702,17960.0,0.0027878468014332076,0,0,0
2017-01-09,PB1702,18090.0,0.007212236533150314,0,0,0
2017-01-10,PB1702,18755.0,0.036101084126647,0,1,1
2017-01-11,PB1702,18780.0,0.0013320902462661312,0,0,0
2017-01-12,PB1702,18660.0,-0.006410278360919054,0,0,0
2017-01-13,PB1702,18555.0,-0.005642900906636853,0,0,0
2017-01-16,PB1702,18845.0,0.01550833220653776,0,1,1
2017-01-17,PB1703,18310.0,-0.028800268032679398,1,0,-1
2017-01-18,PB1703,18530.0,0.011943681610849027,0,1,1
2017-01-19,PB1703,18375.0,-0.008399995198368022,0,0,0
2017-01-20,PB1703,17975.0,-0.02200914149178999,1,0,-1
2017-01-23,PB1703,18725.0,0.04087762579617275,0,1,1
2017-01-24,PB1703,18580.0,-0.007773796017590698,0,0,0
2017-01-25,PB1703,18750.0,0.009108019030727303,0,0,0
2017-01-26,PB1703,19015.0,0.014034388963803155,0,1,1
2017-02-03,PB1703,18495.0,-0.027727716095805693,1,0,-1
2017-02-06,PB1703,18680.0,0.009953007516279177,0,0,0
2017-02-07,PB1703,18825.0,0.007732340885260605,0,0,0
2017-02-08,PB1703,19250.0,0.022325287047835936,0,1,1
2017-02-09,PB1703,19245.0,-0.000259773998083822,0,0,0
2017-02-10,PB1703,19435.0,0.009824277568477141,0,0,0
2017-02-13,PB1703,19915.0,0.024397652329421062,0,1,1
2017-02-14,PB1703,19830.0,-0.004277274101902972,0,0,0
2017-02-15,PB1703,19335.0,-0.02527901747244423,1,0,-1
2017-02-16,PB1703,18990.0,-0.018004400235065835,1,0,-1
2017-02-17,PB1703,18695.0,-0.015656416395117514,1,0,-1
2017-02-20,PB1703,18785.0,0.004802570596855169,0,0,0
2017-02-21,PB1704,19150.0,0.019244036600722682,0,1,1
2017-02-22,PB1704,18825.0,-0.017116941940697752,1,0,-1
2017-02-23,PB1704,18720.0,-0.005593302636511326,0,0,0
2017-02-24,PB1704,18800.0,0.004264398786457518,0,0,0
2017-02-27,PB1704,18545.0,-0.013656658894349381,1,0,-1
2017-02-28,PB1704,18450.0,-0.005135840455017893,0,0,0
2017-03-01,PB1704,18625.0,0.009440393779087126,0,0,0
2017-03-02,PB1704,18835.0,0.01121207687838124,0,1,1
2017-03-03,PB1704,18570.0,-0.014169465779389927,1,0,-1
2017-03-06,PB1704,18075.0,-0.027017607319786096,1,0,-1
2017-03-07,PB1704,17990.0,-0.004713720082386632,0,0,0
2017-03-08,PB1704,17990.0,0.0,0,0,0
2017-03-09,PB1704,17625.0,-0.020497699264109426,1,0,-1
2017-03-10,PB1704,17840.0,0.01212477845353092,0,1,1
2017-03-13,PB1704,18160.0,0.01777824602128397,0,1,1
2017-03-14,PB1704,18030.0,-0.00718433595792136,0,0,0
2017-03-15,PB1704,18055.0,0.001385617514195167,0,0,0
2017-03-16,PB1704,18430.0,0.020557116952310866,0,1,1
2017-03-17,PB1704,18345.0,-0.004622713874486576,0,0,0
2017-03-20,PB1704,18440.0,0.005165160321202465,0,0,0
2017-03-21,PB1705,18445.0,0.0002711129201911798,0,0,0
2017-03-22,PB1705,18060.0,-0.021093783059799594,1,0,-1
2017-03-23,PB1705,18605.0,0.02973081380974648,0,1,1
2017-03-24,PB1705,18230.0,-0.020361773108014153,1,0,-1
2017-03-27,PB1705,17730.0,-0.02781046860445519,1,0,-1
2017-03-28,PB1705,17275.0,-0.025997750432382925,1,0,-1
2017-03-29,PB1705,17525.0,0.014368063266920193,0,1,1
2017-03-30,PB1705,17270.0,-0.014657540762066558,1,0,-1
2017-03-31,PB1705,17400.0,0.007499314061896069,0,0,0
2017-04-05,PB1705,17535.0,0.00772867737165807,0,0,0
2017-04-06,PB1705,17580.0,0.0025630086648895482,0,0,0
2017-04-07,PB1705,16325.0,-0.07406421709453614,1,0,-1
2017-04-10,PB1705,16480.0,0.009449849318830951,0,0,0
2017-04-11,PB1705,16340.0,-0.008531435049468867,0,0,0
2017-04-12,PB1705,16250.0,-0.005523180656110384,0,0,0
2017-04-13,PB1705,16485.0,0.014357967747947948,0,1,1
2017-04-14,PB1705,16175.0,-0.018984036136730126,1,0,-1
2017-04-17,PB1705,16445.0,0.016554639254056078,0,1,1
2017-04-18,PB1706,16210.0,-0.014393143893435519,1,0,-1
2017-04-19,PB1706,15915.0,-0.01836627501352861,1,0,-1
2017-04-20,PB1706,16160.0,0.015276992358893262,0,1,1
2017-04-21,PB1706,16085.0,-0.004651892401959683,0,0,0
2017-04-24,PB1706,15990.0,-0.005923633845126807,0,0,0
2017-04-25,PB1706,15945.0,-0.0028182263838418893,0,0,0
2017-04-26,PB1706,16110.0,0.010294896726862035,0,1,1
2017-04-27,PB1706,16180.0,0.00433571444146256,0,0,0
2017-04-28,PB1706,16355.0,0.010757749360001524,0,1,1
2017-05-02,PB1706,16485.0,0.007917215533347144,0,0,0
2017-05-03,PB1706,16230.0,-0.015589494997194496,1,0,-1
2017-05-04,PB1706,15995.0,-0.014585208125018517,1,0,-1
2017-05-05,PB1706,16020.0,0.0015617682387319388,0,0,0
2017-05-08,PB1706,16050.0,0.0018709079358116025,0,0,0
2017-05-09,PB1706,16050.0,0.0,0,0,0
2017-05-10,PB1706,16190.0,0.008684918113518849,0,0,0
2017-05-11,PB1706,16340.0,0.00922232174231309,0,0,0
2017-05-12,PB1706,16020.0,-0.019778147791643632,1,0,-1
2017-05-15,PB1706,15965.0,-0.003439115473467776,0,0,0
2017-05-16,PB1706,15715.0,-0.01578315591721445,1,0,-1
2017-05-17,PB1706,15710.0,-0.000318217982001158,0,0,0
2017-05-18,PB1706,15425.0,-0.018307882476078324,1,0,-1
2017-05-19,PB1706,15385.0,-0.002596561017446369,0,0,0
2017-05-22,PB1706,15730.0,0.022176708296181204,0,1,1
2017-05-23,PB1706,15795.0,0.004123717183862156,0,0,0
2017-05-24,PB1707,15930.0,0.00851068966790861,0,0,0
2017-05-25,PB1707,15930.0,0.0,0,0,0
2017-05-26,PB1707,15980.0,0.003133816416171484,0,0,0
2017-05-31,PB1707,15835.0,-0.009115260347525446,0,0,0
2017-06-01,PB1707,16090.0,0.01597528101368869,0,1,1
2017-06-02,PB1707,16185.0,0.005886926373915755,0,0,0
2017-06-05,PB1707,16500.0,0.01927549352832717,0,1,1
2017-06-06,PB1707,16605.0,0.0063434739221749515,0,0,0
2017-06-07,PB1707,16480.0,-0.007556330347384231,0,0,0
2017-06-08,PB1707,16670.0,0.011463172281376907,0,1,1
2017-06-09,PB1707,16850.0,0.010739960035668045,0,1,1
2017-06-12,PB1707,17070.0,0.012971880007978564,0,1,1
2017-06-13,PB1707,16825.0,-0.014456661275557694,1,0,-1
2017-06-14,PB1707,16975.0,0.008875797913968291,0,0,0
2017-06-15,PB1707,17110.0,0.007921414459342257,0,0,0
2017-06-16,PB1707,17295.0,0.010754354485029878,0,1,1
2017-06-19,PB1707,17405.0,0.006340078874270276,0,0,0
2017-06-20,PB1707,17675.0,0.01539369051923417,0,1,1
2017-06-21,PB1707,17600.0,-0.0042523097385303915,0,0,0
2017-06-22,PB1707,17660.0,0.003403293131707865,0,0,0
2017-06-23,PB1707,17460.0,-0.011389644764357788,1,0,-1
2017-06-26,PB1708,17180.0,-0.01616663385534689,1,0,-1
2017-06-27,PB1708,17405.0,0.013011604707292899,0,1,1
2017-06-28,PB1708,17715.0,0.01765421705403306,0,1,1
2017-06-29,PB1708,17735.0,0.0011283499081499425,0,0,0
2017-06-30,PB1708,17800.0,0.0036583690724542764,0,0,0
2017-07-03,PB1708,18100.0,0.016713480973740532,0,1,1
2017-07-04,PB1708,17765.0,-0.018681708798789703,1,0,-1
2017-07-05,PB1708,17475.0,-0.01645894135311646,1,0,-1
2017-07-06,PB1708,17580.0,0.005990604137156973,0,0,0
2017-07-07,PB1708,17810.0,0.012998205044539354,0,1,1
2017-07-10,PB1708,17580.0,-0.012998205044539295,1,0,-1
2017-07-11,PB1708,17985.0,0.022776184890556384,0,1,1
2017-07-12,PB1708,17920.0,-0.003620669600802848,0,0,0
2017-07-13,PB1708,17885.0,-0.0019550348358033506,0,0,0
2017-07-14,PB1708,17600.0,-0.016063470666874972,1,0,-1
2017-07-17,PB1708,17835.0,0.013263916766748814,0,1,1
2017-07-18,PB1708,17635.0,-0.011277255122839482,1,0,-1
2017-07-19,PB1708,17535.0,-0.005686680095873889,0,0,0
2017-07-20,PB1708,17370.0,-0.009454303339127806,0,0,0
2017-07-21,PB1708,17460.0,0.005167970158442598,0,0,0
2017-07-24,PB1709,17460.0,0.0,0,0,0
2017-07-25,PB1709,17645.0,0.010539906715777207,0,1,1
2017-07-26,PB1709,17935.0,0.016301653857012488,0,1,1
2017-07-27,PB1709,18215.0,0.015491319476281289,0,1,1
2017-07-28,PB1709,18030.0,-0.01020839324530119,1,0,-1
2017-07-31,PB1709,18400.0,0.020313627399714016,0,1,1
2017-08-01,PB1709,18185.0,-0.01175358617598758,1,0,-1
2017-08-02,PB1709,18440.0,0.01392513968949547,0,1,1
2017-08-03,PB1709,18425.0,-0.0008137800530474539,0,0,0
2017-08-04,PB1709,18685.0,0.01401262486204694,0,1,1
2017-08-07,PB1709,18935.0,0.01329099841631089,0,1,1
2017-08-08,PB1709,19035.0,0.005267328480702529,0,0,0
2017-08-09,PB1709,19700.0,0.03433924590948216,0,1,1
2017-08-10,PB1709,19420.0,-0.014315172880763945,1,0,-1
2017-08-11,PB1709,19010.0,-0.021338306362841005,1,0,-1
2017-08-14,PB1709,19050.0,0.002101945072372136,0,0,0
2017-08-15,PB1710,19220.0,0.008884301969436476,0,0,0
2017-08-16,PB1710,19440.0,0.011381395490146532,0,1,1
2017-08-17,PB1710,20365.0,0.04648494206808286,0,1,1
2017-08-18,PB1710,19840.0,-0.026117639243649127,1,0,-1
2017-08-21,PB1710,19620.0,-0.011150647719509727,1,0,-1
2017-08-22,PB1710,19355.0,-0.01359867010760556,1,0,-1
2017-08-23,PB1710,19570.0,0.011046997378373467,0,1,1
2017-08-24,PB1710,19415.0,-0.007951818224354255,0,0,0
2017-08-25,PB1710,19490.0,0.003855550335838907,0,0,0
2017-08-28,PB1710,19025.0,-0.02414760977171993,1,0,-1
2017-08-29,PB1710,19150.0,0.006548811878905462,0,0,0
2017-08-30,PB1710,19465.0,0.016315265435763948,0,1,1
2017-08-31,PB1710,19300.0,-0.008512885151579178,0,0,0
2017-09-01,PB1710,19535.0,0.012102632596193996,0,1,1
2017-09-04,PB1710,19530.0,-0.00025598361844631916,0,0,0
2017-09-05,PB1710,19515.0,-0.0007683442560092923,0,0,0
2017-09-06,PB1710,19015.0,-0.025955259252355287,1,0,-1
2017-09-07,PB1710,18905.0,-0.005801704037326791,0,0,0
2017-09-08,PB1710,18900.0,-0.0002645152772995014,0,0,0
2017-09-11,PB1710,18785.0,-0.006103243039664529,0,0,0
2017-09-12,PB1710,19090.0,0.01610595871172392,0,1,1
2017-09-13,PB1710,19515.0,0.022018762894921964,0,1,1
2017-09-14,PB1710,19905.0,0.019787555819702162,0,1,1
2017-09-15,PB1710,19820.0,-0.004279427550438587,0,0,0
2017-09-18,PB1711,19830.0,0.0005044136298627622,0,0,0
2017-09-19,PB1711,19895.0,0.003272501347187383,0,0,0
2017-09-20,PB1711,20645.0,0.03700471545916152,0,1,1
2017-09-21,PB1711,20650.0,0.00024216006898809825,0,0,0
2017-09-22,PB1711,20225.0,-0.020795856462486367,1,0,-1
2017-09-25,PB1711,20600.0,0.018371612850980063,0,1,1
2017-09-26,PB1711,20820.0,0.010622987391287468,0,1,1
2017-09-27,PB1711,20705.0,-0.005538846189292252,0,0,0
2017-09-28,PB1711,20650.0,-0.002659897590488817,0,0,0
2017-09-29,PB1711,21220.0,0.027228813778795293,0,1,1
2017-10-09,PB1711,21150.0,-0.0033042276935500723,0,0,0
2017-10-10,PB1711,20650.0,-0.02392458608524525,1,0,-1
2017-10-11,PB1711,20665.0,0.0007261285566538606,0,0,0
2017-10-12,PB1711,20730.0,0.0031404784839924884,0,0,0
2017-10-13,PB1711,20645.0,-0.004108767109634715,0,0,0
2017-10-16,PB1712,20435.0,-0.010224042321812893,1,0,-1
2017-10-17,PB1712,20090.0,-0.01702693818939763,1,0,-1
2017-10-18,PB1712,19395.0,-0.03520687793491259,1,0,-1
2017-10-19,PB1712,19200.0,-0.010105021858194634,1,0,-1
2017-10-20,PB1712,19270.0,0.0036392033925391736,0,0,0
2017-10-23,PB1712,19295.0,0.0012965125633070422,0,0,0
2017-10-24,PB1712,19385.0,0.004653576133310408,0,0,0
2017-10-25,PB1712,19025.0,-0.01874566737514289,1,0,-1
2017-10-26,PB1712,19110.0,0.004457854504432162,0,0,0
2017-10-27,PB1712,18635.0,-0.02517022532095989,1,0,-1
2017-10-30,PB1712,18265.0,-0.020054872683975898,1,0,-1
2017-10-31,PB1712,18610.0,0.018712410406913547,0,1,1
2017-11-01,PB1712,18715.0,0.005626270702232918,0,0,0
2017-11-02,PB1712,18705.0,-0.0005344735562828438,0,0,0
2017-11-03,PB1712,18590.0,-0.006167066066756858,0,0,0
2017-11-06,PB1712,18790.0,0.010701011692021294,0,1,1
2017-11-07,PB1712,18835.0,0.0023920277186305536,0,0,0
2017-11-08,PB1712,18670.0,-0.008798883590373188,0,0,0
2017-11-09,PB1712,18860.0,0.010125319651680198,0,0,0
2017-11-10,PB1712,19290.0,0.022543549712326208,0,1,1
2017-11-13,PB1712,19260.0,-0.0015564205476581953,0,0,0
2017-11-14,PB1712,19115.0,-0.007557039221603337,0,0,0
2017-11-15,PB1712,18725.0,-0.02061383774509291,1,0,-1
2017-11-16,PB1801,18495.0,-0.0123591041188659,1,0,-1
2017-11-17,PB1801,18410.0,-0.0046064300394307684,0,0,0
2017-11-20,PB1801,18660.0,0.01348820017421122,0,1,1
2017-11-21,PB1801,18675.0,0.000803535599683173,0,0,0
2017-11-22,PB1801,18955.0,0.014882017949417079,0,1,1
2017-11-23,PB1801,18300.0,-0.03516668912092295,1,0,-1
2017-11-24,PB1801,18520.0,0.011950169370657994,0,1,1
2017-11-27,PB1801,18300.0,-0.011950169370658084,1,0,-1
2017-11-28,PB1801,18380.0,0.004362057080165828,0,0,0
2017-11-29,PB1801,18260.0,-0.006550241760718542,0,0,0
2017-11-30,PB1801,18375.0,0.006278169932077882,0,0,0
2017-12-01,PB1801,18750.0,0.02020270731751947,0,1,1
2017-12-04,PB1801,18950.0,0.010610179112015469,0,1,1
2017-12-05,PB1801,18910.0,-0.00211304885806928,0,0,0
2017-12-06,PB1801,18720.0,-0.010098411620920154,1,0,-1
2017-12-07,PB1801,18680.0,-0.0021390382487494184,0,0,0
2017-12-08,PB1801,18550.0,-0.006983643747252469,0,0,0
2017-12-11,PB1801,18490.0,-0.0032397436544106344,0,0,0
2017-12-12,PB1801,19155.0,0.03533373275357893,0,1,1
2017-12-13,PB1801,19270.0,0.005985704273662805,0,0,0
2017-12-14,PB1801,19050.0,-0.011482380853565092,1,0,-1
2017-12-15,PB1801,18980.0,-0.0036813083909281504,0,0,0
2017-12-18,PB1802,19295.0,0.016460201807800345,0,1,1
2017-12-19,PB1802,19235.0,-0.0031144587853236573,0,0,0
2017-12-20,PB1802,19335.0,0.005185388855002064,0,0,0
2017-12-21,PB1802,19170.0,-0.008570368001707277,0,0,0
2017-12-22,PB1802,19235.0,0.0033849791467053295,0,0,0
2017-12-25,PB1802,19125.0,-0.0057351564916589175,0,0,0
2017-12-26,PB1802,19000.0,-0.006557400546159052,0,0,0
2017-12-27,PB1802,19040.0,0.00210305019677889,0,0,0
2017-12-28,PB1802,19250.0,0.010969031370573937,0,1,1
2017-12-29,PB1802,19170.0,-0.004164503676240082,0,0,0
2018-01-02,PB1802,19020.0,-0.007855499940308883,0,0,0
2018-01-03,PB1802,19310.0,0.015132039323178734,0,1,1
2018-01-04,PB1802,19405.0,0.0049076683804466425,0,0,0
2018-01-05,PB1802,19480.0,0.0038575333935194,0,0,0
2018-01-08,PB1802,19405.0,-0.00385753339351945,0,0,0
2018-01-09,PB1802,19620.0,0.011018689316347315,0,1,1
2018-01-10,PB1802,19415.0,-0.010503490953586445,1,0,-1
2018-01-11,PB1802,19390.0,-0.00128849392907023,0,0,0
2018-01-12,PB1802,19250.0,-0.007246408520767198,0,0,0
2018-01-15,PB1802,19185.0,-0.0033823370348775163,0,0,0
2018-01-16,PB1802,18820.0,-0.019208589541682093,1,0,-1
2018-01-17,PB1803,19195.0,0.019729694295527435,0,1,1
2018-01-18,PB1803,19330.0,0.007008464767478465,0,0,0
2018-01-19,PB1803,19570.0,0.012339488187745318,0,1,1
2018-01-22,PB1803,19480.0,-0.004609483193595807,0,0,0
2018-01-23,PB1803,19800.0,0.016293639486100533,0,1,1
2018-01-24,PB1803,19575.0,-0.011428695823622744,1,0,-1
2018-01-25,PB1803,19650.0,0.0038240964384034758,0,0,0
2018-01-26,PB1803,19470.0,-0.009202518931161894,0,0,0
2018-01-29,PB1803,19800.0,0.01680711831638119,0,1,1
2018-01-30,PB1803,19540.0,-0.013218291085852844,1,0,-1
2018-01-31,PB1803,19400.0,-0.007190580545354254,0,0,0
2018-02-01,PB1803,19570.0,0.008724715338702385,0,0,0
2018-02-02,PB1803,19660.0,0.004588333311035617,0,0,0
2018-02-05,PB1803,19535.0,-0.006378386211986597,0,0,0
2018-02-06,PB1803,19465.0,-0.003589747444614872,0,0,0
2018-02-07,PB1803,19200.0,-0.01370770202868316,1,0,-1
2018-02-08,PB1803,19080.0,-0.006269613013595374,0,0,0
2018-02-09,PB1803,19040.0,-0.0020986366569212492,0,0,0
2018-02-12,PB1803,19030.0,-0.0005253480551611301,0,0,0
2018-02-13,PB1803,19015.0,-0.0007885399278351606,0,0,0
2018-02-14,PB1803,19320.0,0.015912687404149025,0,1,1
2018-02-22,PB1804,19295.0,-0.0012948337947899138,0,0,0
2018-02-23,PB1804,19375.0,0.0041375802498286466,0,0,0
2018-02-26,PB1804,19430.0,0.0028346881499380647,0,0,0
2018-02-27,PB1804,19500.0,0.0035962021803525087,0,0,0
2018-02-28,PB1804,19205.0,-0.015243803771832988,1,0,-1
2018-03-01,PB1804,19080.0,-0.006529995777727617,0,0,0
2018-03-02,PB1804,18895.0,-0.009743329218688167,1,0,-1
2018-03-05,PB1804,18750.0,-0.007703584385032416,0,0,0
2018-03-06,PB1804,18640.0,-0.005883943158974716,0,0,0
2018-03-07,PB1804,18715.0,0.004015532098947065,0,0,0
2018-03-08,PB1804,18580.0,-0.007239607970699812,0,0,0
2018-03-09,PB1804,18475.0,-0.005667266551426963,0,0,0
2018-03-12,PB1804,18445.0,-0.0016251357856265376,0,0,0
2018-03-13,PB1804,18190.0,-0.01392133851860812,1,0,-1
2018-03-14,PB1805,18385.0,0.010663122223204338,0,1,1
2018-03-15,PB1805,18460.0,0.0040711143214707275,0,0,0
2018-03-16,PB1805,18550.0,0.004863559978738024,0,0,0
2018-03-19,PB1805,18345.0,-0.011112731246198758,1,0,-1
2018-03-20,PB1805,18325.0,-0.0010908100345301468,0,0,0
2018-03-21,PB1805,18355.0,0.0016357691760825145,0,0,0
2018-03-22,PB1805,18855.0,0.02687611376152289,0,1,1
2018-03-23,PB1805,18435.0,-0.02252709902421262,1,0,-1
2018-03-26,PB1805,18405.0,-0.0016286648551233403,0,0,0
2018-03-27,PB1805,18570.0,0.00892500853363007,0,0,0
2018-03-28,PB1805,18645.0,0.004030638266169639,0,0,0
2018-03-29,PB1805,18735.0,0.00481541861486657,0,0,0
2018-03-30,PB1805,18825.0,0.004792341440306487,0,0,0
2018-04-02,PB1805,18895.0,0.0037115631154949675,0,0,0
2018-04-03,PB1805,18705.0,-0.010106469001342853,1,0,-1
2018-04-04,PB1805,18640.0,-0.003481058542664353,0,0,0
2018-04-09,PB1805,18555.0,-0.004570514744884263,0,0,0
2018-04-10,PB1805,18490.0,-0.0035092491135274586,0,0,0
2018-04-11,PB1805,18485.0,-0.00027045301043825354,0,0,0
2018-04-12,PB1805,18475.0,-0.0005411255543297903,0,0,0
2018-04-13,PB1805,18365.0,-0.005971787562634838,0,0,0
2018-04-16,PB1806,18100.0,-0.01453474099985062,1,0,-1
2018-04-17,PB1806,18155.0,0.0030340665945190427,0,0,0
2018-04-18,PB1806,18170.0,0.0008258775417807771,0,0,0
2018-04-19,PB1806,18350.0,0.009857692092499532,0,0,0
2018-04-20,PB1806,18325.0,-0.0013633267278640533,0,0,0
2018-04-23,PB1806,18440.0,0.006255970355732659,0,0,0
2018-04-24,PB1806,18365.0,-0.004075538856817175,0,0,0
2018-04-25,PB1806,18215.0,-0.0082012488111035,0,0,0
2018-04-26,PB1806,18225.0,0.0005488474341947254,0,0,0
2018-04-27,PB1806,18370.0,0.007924621332312453,0,0,0
2018-05-02,PB1806,18590.0,0.011904902506318458,0,1,1
2018-05-03,PB1806,18510.0,-0.004312675147946553,0,0,0
2018-05-04,PB1806,18550.0,0.0021586624680381065,0,0,0
2018-05-07,PB1806,18865.0,0.016838564362829742,0,1,1
2018-05-08,PB1806,18955.0,0.004759395552024399,0,0,0
2018-05-09,PB1806,18950.0,-0.0002638174398628405,0,0,0
2018-05-10,PB1806,18935.0,-0.000791870174677183,0,0,0
2018-05-11,PB1806,19160.0,0.011812711188956234,0,1,1
2018-05-14,PB1806,19385.0,0.01167479858017798,0,1,1
2018-05-15,PB1806,19490.0,0.005401942396576899,0,0,0
2018-05-16,PB1806,19410.0,-0.004113116338550601,0,0,0
2018-05-17,PB1806,19410.0,0.0,0,0,0
2018-05-18,PB1806,19665.0,0.013052008702853966,0,1,1
2018-05-21,PB1806,19825.0,0.008103361637138873,0,0,0
2018-05-22,PB1806,20200.0,0.018738836886247483,0,1,1
2018-05-23,PB1807,19750.0,-0.022529113060028222,1,0,-1
2018-05-24,PB1807,19990.0,0.012078657165177928,0,1,1
2018-05-25,PB1807,19995.0,0.0002500937864730256,0,0,0
2018-05-28,PB1807,19870.0,-0.006271185735056229,0,0,0
2018-05-29,PB1807,20065.0,0.009765947155154624,0,0,0
2018-05-30,PB1807,19835.0,-0.011528949752586603,1,0,-1
2018-05-31,PB1807,19940.0,0.005279710567398817,0,0,0
2018-06-01,PB1807,19840.0,-0.005027662676965501,0,0,0
2018-06-04,PB1807,19885.0,0.0022655768029271497,0,0,0
2018-06-05,PB1807,20600.0,0.03532539713588139,0,1,1
2018-06-06,PB1807,20675.0,0.0036341651142196693,0,0,0
2018-06-07,PB1807,20645.0,-0.0014520815717014818,0,0,0
2018-06-08,PB1807,20385.0,-0.012673823066836844,1,0,-1
2018-06-11,PB1807,20545.0,0.00781826606415634,0,0,0
2018-06-12,PB1807,20580.0,0.0017021280705303626,0,0,0
2018-06-13,PB1807,20505.0,-0.0036509715618809856,0,0,0
2018-06-14,PB1807,20250.0,-0.01251396529147446,1,0,-1
2018-06-15,PB1807,20210.0,-0.0019772621370184556,0,0,0
2018-06-19,PB1807,20080.0,-0.006453236592001203,0,0,0
2018-06-20,PB1807,19975.0,-0.005242803171190133,0,0,0
2018-06-21,PB1807,19855.0,-0.006025627069123606,0,0,0
2018-06-22,PB1807,19935.0,0.004021116250103659,0,0,0
2018-06-25,PB1808,19550.0,-0.019501694401943537,1,0,-1
2018-06-26,PB1808,19895.0,0.01749315744751712,0,1,1
2018-06-27,PB1808,20170.0,0.013727908087228473,0,1,1
2018-06-28,PB1808,20595.0,0.020851975921923758,0,1,1
2018-06-29,PB1808,20460.0,-0.006576567364563602,0,0,0
2018-07-02,PB1808,20080.0,-0.01874746569995196,1,0,-1
2018-07-03,PB1808,20115.0,0.001741510578223145,0,0,0
2018-07-04,PB1808,19905.0,-0.010494848949470987,1,0,-1
2018-07-05,PB1808,19605.0,-0.015186320707985602,1,0,-1
2018-07-06,PB1808,19685.0,0.0040722886514058835,0,0,0
2018-07-09,PB1808,19635.0,-0.0025432363657279153,0,0,0
2018-07-10,PB1808,19465.0,-0.008695706967553932,0,0,0
2018-07-11,PB1808,19045.0,-0.02181338113185171,1,0,-1
2018-07-12,PB1808,19070.0,0.0013118196817603872,0,0,0
2018-07-13,PB1808,18935.0,-0.007104358258569567,0,0,0
2018-07-16,PB1808,19005.0,0.003690041087453963,0,0,0
2018-07-17,PB1808,18760.0,-0.012975158863133418,1,0,-1
2018-07-18,PB1808,18850.0,0.004785970315941081,0,0,0
2018-07-19,PB1808,18940.0,0.004763173863912391,0,0,0
2018-07-20,PB1808,18810.0,-0.006887444444993115,0,0,0
2018-07-23,PB1808,18850.0,0.0021242705810808112,0,0,0
2018-07-24,PB1809,18575.0,-0.014696323290196893,1,0,-1
2018-07-25,PB1809,18820.0,0.013103543553410734,0,1,1
2018-07-26,PB1809,18820.0,0.0,0,0,0
2018-07-27,PB1809,18820.0,0.0,0,0,0
2018-07-30,PB1809,18435.0,-0.020669102471125696,1,0,-1
2018-07-31,PB1809,18490.0,0.0029790137129256564,0,0,0
2018-08-01,PB1809,18305.0,-0.010055798826833906,1,0,-1
2018-08-02,PB1809,18240.0,-0.003557261926014214,0,0,0
2018-08-03,PB1809,17950.0,-0.01602686971189746,1,0,-1
2018-08-06,PB1809,17840.0,-0.006146987782424602,0,0,0
2018-08-07,PB1809,18120.0,0.015573173462969887,0,1,1
2018-08-08,PB1809,18455.0,0.01831903586712869,0,1,1
2018-08-09,PB1809,18450.0,-0.00027096599542570526,0,0,0
2018-08-10,PB1809,18235.0,-0.011721546225892634,1,0,-1
2018-08-13,PB1809,18180.0,-0.003020735511310775,0,0,0
2018-08-14,PB1809,18365.0,0.010124590522297916,0,0,0
2018-08-15,PB1809,18145.0,-0.012051638606597031,1,0,-1
2018-08-16,PB1810,17505.0,-0.035908486258404655,1,0,-1
2018-08-17,PB1810,17345.0,-0.009182273984915933,0,0,0
2018-08-20,PB1810,17530.0,0.010609418511430185,0,1,1
2018-08-21,PB1810,17550.0,0.0011402509787316571,0,0,0
2018-08-22,PB1810,17535.0,-0.0008550663197333875,0,0,0
2018-08-23,PB1810,17815.0,0.015841915465657923,0,1,1
2018-08-24,PB1810,18325.0,0.02822544871491588,0,1,1
2018-08-27,PB1810,18420.0,0.005170783054445691,0,0,0
2018-08-28,PB1810,18410.0,-0.0005430355821742984,0,0,0
2018-08-29,PB1810,18280.0,-0.007086429218982503,0,0,0
2018-08-30,PB1810,18685.0,0.021913496911443266,0,1,1
2018-08-31,PB1810,18810.0,0.00666758037549189,0,0,0
2018-09-03,PB1810,18865.0,0.002919710103334846,0,0,0
2018-09-04,PB1810,18805.0,-0.0031855614939740443,0,0,0
2018-09-05,PB1810,18665.0,-0.007472679555752574,0,0,0
2018-09-06,PB1810,18595.0,-0.003757384989513818,0,0,0
2018-09-07,PB1810,18645.0,0.002685286253750707,0,0,0
2018-09-10,PB1810,19045.0,0.021226586299783197,0,1,1
2018-09-11,PB1810,18705.0,-0.018013732130457875,1,0,-1
2018-09-12,PB1810,18870.0,0.008782491580349452,0,0,0
2018-09-13,PB1810,18835.0,-0.001856518236454405,0,0,0
2018-09-14,PB1810,19020.0,0.00977421597323975,0,0,0
2018-09-17,PB1810,18665.0,-0.01884094475069708,1,0,-1
2018-09-18,PB1810,18715.0,0.002675228989845061,0,0,0
2018-09-19,PB1811,18480.0,-0.012636275142854137,1,0,-1
2018-09-20,PB1811,18470.0,-0.0005412720023894752,0,0,0
2018-09-21,PB1811,18290.0,-0.009793331808374318,1,0,-1
2018-09-25,PB1811,18310.0,0.0010928962836450477,0,0,0
2018-09-26,PB1811,18015.0,-0.016242614486362814,1,0,-1
2018-09-27,PB1811,17840.0,-0.009761617048193194,1,0,-1
2018-09-28,PB1811,18115.0,0.015297197195177211,0,1,1
2018-10-08,PB1811,18130.0,0.0008277004197191289,0,0,0
2018-10-09,PB1811,18335.0,0.01124377675652961,0,1,1
2018-10-10,PB1811,18250.0,-0.004646721494788782,0,0,0
2018-10-11,PB1811,18210.0,-0.0021941862889839603,0,0,0
2018-10-12,PB1811,18600.0,0.021190686979639054,0,1,1
2018-10-15,PB1811,18815.0,0.01149284332624494,0,1,1
2018-10-16,PB1811,18750.0,-0.0034606716289807917,0,0,0
2018-10-17,PB1811,18670.0,-0.00427579486278855,0,0,0
2018-10-18,PB1811,18500.0,-0.009147225469352096,0,0,0
2018-10-19,PB1811,18275.0,-0.012236726448436921,1,0,-1
2018-10-22,PB1811,18470.0,0.010613788575306406,0,1,1
2018-10-23,PB1812,18125.0,-0.0188555934704101,1,0,-1
2018-10-24,PB1812,18150.0,0.0013783599701213596,0,0,0
2018-10-25,PB1812,18420.0,0.014766470116300995,0,1,1
2018-10-26,PB1812,18520.0,0.005414198390872541,0,0,0
2018-10-29,PB1812,18560.0,0.0021574981400210927,0,0,0
2018-10-30,PB1812,18405.0,-0.008386360527070076,0,0,0
2018-10-31,PB1812,18425.0,0.0010860712444157809,0,0,0
2018-11-01,PB1812,18740.0,0.016951838734875775,0,1,1
2018-11-02,PB1812,18750.0,0.0005334756061437835,0,0,0
2018-11-05,PB1812,18635.0,-0.006152219485198076,0,0,0
2018-11-06,PB1812,18420.0,-0.011604502104060955,1,0,-1
2018-11-07,PB1812,18390.0,-0.0016299922109310643,0,0,0
2018-11-08,PB1812,18465.0,0.0040700096882969,0,0,0
2018-11-09,PB1812,18550.0,0.004592740748917534,0,0,0
2018-11-12,PB1812,18605.0,0.002960572745141626,0,0,0
2018-11-13,PB1812,18475.0,-0.007011894964320351,0,0,0
2018-11-14,PB1812,18505.0,0.0016224990038538466,0,0,0
2018-11-15,PB1901,18250.0,-0.013875885809618776,1,0,-1
2018-11-16,PB1901,18140.0,-0.006045635341510008,0,0,0
2018-11-19,PB1901,18205.0,0.0035768369404063096,0,0,0
2018-11-20,PB1901,18300.0,0.005204778219978415,0,0,0
2018-11-21,PB1901,18290.0,-0.0005465974446008838,0,0,0
2018-11-22,PB1901,18345.0,0.0030025954044710754,0,0,0
2018-11-23,PB1901,18480.0,0.007332008406292731,0,0,0
2018-11-26,PB1901,18120.0,-0.01967276559870478,1,0,-1
2018-11-27,PB1901,17945.0,-0.009704776015262704,1,0,-1
2018-11-28,PB1901,18150.0,0.011359036111289146,0,1,1
2018-11-29,PB1901,18190.0,0.002201431819171033,0,0,0
2018-11-30,PB1901,18290.0,0.005482469872743457,0,0,0
2018-12-03,PB1901,18570.0,0.015192912961840114,0,1,1
2018-12-04,PB1901,18475.0,-0.005128908530348971,0,0,0
2018-12-05,PB1901,18535.0,0.00324236976843016,0,0,0
2018-12-06,PB1901,18465.0,-0.0037837882981690864,0,0,0
2018-12-07,PB1901,18590.0,0.006746753428826087,0,0,0
2018-12-10,PB1901,18530.0,-0.0032327614360842115,0,0,0
2018-12-11,PB1901,18380.0,-0.00812792336972738,0,0,0
2018-12-12,PB1901,18560.0,0.00974561043051352,0,0,0
2018-12-13,PB1901,18500.0,-0.0032379952737753384,0,0,0
2018-12-14,PB1901,18390.0,-0.005963693468049463,0,0,0
2018-12-17,PB1901,18380.0,-0.0005439216886887005,0,0,0
2018-12-18,PB1901,18220.0,-0.00874322509572875,0,0,0
2018-12-19,PB1901,18420.0,0.010917138995348446,0,1,1
2018-12-20,PB1902,18045.0,-0.020568392732408906,1,0,-1
2018-12-21,PB1902,18035.0,-0.0005543237392495531,0,0,0
2018-12-24,PB1902,17950.0,-0.004724199421214396,0,0,0
2018-12-25,PB1902,17835.0,-0.006427296123433027,0,0,0
2018-12-26,PB1902,17825.0,-0.0005608525104951644,0,0,0
2018-12-27,PB1902,17930.0,0.005873321316681771,0,0,0
2018-12-28,PB1902,18050.0,0.006670397161848378,0,0,0
2019-01-02,PB1902,18000.0,-0.002773926882725208,0,0,0
2019-01-03,PB1902,17770.0,-0.012860115729604726,1,0,-1
2019-01-04,PB1902,17735.0,-0.0019715539409748207,0,0,0
2019-01-07,PB1902,17670.0,-0.0036718018939800898,0,0,0
2019-01-08,PB1902,17410.0,-0.014823532551507384,1,0,-1
2019-01-09,PB1902,17570.0,0.009148148418908094,0,0,0
2019-01-10,PB1902,17450.0,-0.006853253550569664,0,0,0
2019-01-11,PB1902,17485.0,0.002003721866902969,0,0,0
2019-01-14,PB1902,17470.0,-0.0008582463693739452,0,0,0
2019-01-15,PB1902,17555.0,0.004853685474430302,0,0,0
2019-01-16,PB1902,17590.0,0.0019917491290711814,0,0,0
2019-01-17,PB1902,17650.0,0.0034052246298388717,0,0,0
2019-01-18,PB1902,17715.0,0.003675954938129488,0,0,0
2019-01-21,PB1902,17715.0,0.0,0,0,0
2019-01-22,PB1902,17640.0,-0.004242687738790093,0,0,0
2019-01-23,PB1903,17555.0,-0.0048302409582496935,0,0,0
2019-01-24,PB1903,17605.0,0.002844142986620222,0,0,0
2019-01-25,PB1903,17660.0,0.00311924256879805,0,0,0
2019-01-28,PB1903,17705.0,0.0025448903880530634,0,0,0
2019-01-29,PB1903,17645.0,-0.003394628436633633,0,0,0
2019-01-30,PB1903,17500.0,-0.00825157619776501,0,0,0
2019-01-31,PB1903,17410.0,-0.005156127149370669,0,0,0
2019-02-01,PB1903,17375.0,-0.002012362329241875,0,0,0
2019-02-11,PB1903,16770.0,-0.035440815615738336,1,0,-1
2019-02-12,PB1903,16800.0,0.0017873105740956587,0,0,0
2019-02-13,PB1903,16710.0,-0.005371543801910877,0,0,0
2019-02-14,PB1903,16875.0,0.0098258941512912,0,0,0
2019-02-15,PB1903,16870.0,-0.00029634020071664174,0,0,0
2019-02-18,PB1903,16965.0,0.005615501678316516,0,0,0
2019-02-19,PB1903,16830.0,-0.007989390033478863,0,0,0
2019-02-20,PB1903,16790.0,-0.002379537113265209,0,0,0
2019-02-21,PB1904,16765.0,-0.0014900911712575516,0,0,0
2019-02-22,PB1904,17045.0,0.016563525671674642,0,1,1
2019-02-25,PB1904,17125.0,0.004682478558422575,0,0,0
2019-02-26,PB1904,17025.0,-0.005856532112712871,0,0,0
2019-02-27,PB1904,17145.0,0.007023733879307705,0,0,0
2019-02-28,PB1904,17365.0,0.012750100281153715,0,1,1
2019-03-01,PB1904,17780.0,0.02361754388972125,0,1,1
2019-03-04,PB1904,17710.0,-0.003944778291016341,0,0,0
2019-03-05,PB1904,17570.0,-0.007936549595736303,0,0,0
2019-03-06,PB1904,17525.0,-0.002564469278352081,0,0,0
2019-03-07,PB1904,17575.0,0.002849004776074871,0,0,0
2019-03-08,PB1904,17475.0,-0.0057061495768546714,0,0,0
2019-03-11,PB1904,17465.0,-0.000572409861078665,0,0,0
2019-03-12,PB1904,17415.0,-0.0028669744408307525,0,0,0
2019-03-13,PB1904,17450.0,0.002007744830471621,0,0,0
2019-03-14,PB1904,17325.0,-0.007189103572469226,0,0,0
2019-03-15,PB1904,17200.0,-0.0072411612565595855,0,0,0
2019-03-18,PB1904,16910.0,-0.017004220908918392,1,0,-1
2019-03-19,PB1904,16855.0,-0.003257814224464913,0,0,0
2019-03-20,PB1905,16875.0,0.001185888072569449,0,0,0
2019-03-21,PB1905,16990.0,0.006791698925247149,0,0,0
2019-03-22,PB1905,16980.0,-0.0005887548006394346,0,0,0
2019-03-25,PB1905,16850.0,-0.007685524084830581,0,0,0
2019-03-26,PB1905,16815.0,-0.002079311606137845,0,0,0
2019-03-27,PB1905,16835.0,0.0011887074208048608,0,0,0
2019-03-28,PB1905,16760.0,-0.0044649575591008345,0,0,0
2019-03-29,PB1905,16730.0,-0.0017915800552043316,0,0,0
2019-04-01,PB1905,16945.0,0.012769290060281982,0,1,1
2019-04-02,PB1905,16820.0,-0.007404150514212692,0,0,0
2019-04-03,PB1905,16895.0,0.004449065621451314,0,0,0
2019-04-04,PB1905,16920.0,0.0014786340118240356,0,0,0
2019-04-08,PB1905,16880.0,-0.002366865010266168,0,0,0
2019-04-09,PB1905,16900.0,0.001184132761216772,0,0,0
2019-04-10,PB1905,16685.0,-0.01280350972569049,1,0,-1
2019-04-11,PB1905,16445.0,-0.014488632562317024,1,0,-1
2019-04-12,PB1905,16345.0,-0.0060994394648463705,0,0,0
2019-04-15,PB1906,16420.0,0.004578063848108164,0,0,0
2019-04-16,PB1906,16520.0,0.0060716640685497736,0,0,0
2019-04-17,PB1906,16440.0,-0.004854378464798199,0,0,0
2019-04-18,PB1906,16365.0,-0.004572481674890006,0,0,0
2019-04-19,PB1906,16500.0,0.008215472953391093,0,0,0
2019-04-22,PB1906,16575.0,0.004535155165391363,0,0,0
2019-04-23,PB1906,16500.0,-0.004535155165391262,0,0,0
2019-04-24,PB1906,16345.0,-0.009438340730360992,0,0,0
2019-04-25,PB1906,16545.0,0.012161901197401605,0,1,1
2019-04-26,PB1906,16590.0,0.002716162828777683,0,0,0
2019-04-29,PB1906,16710.0,0.007207238404949167,0,0,0
2019-04-30,PB1906,16685.0,-0.0014972304039649646,0,0,0
2019-05-06,PB1906,16380.0,-0.018449033778413927,1,0,-1
2019-05-07,PB1906,16365.0,-0.0009161704717795296,0,0,0
2019-05-08,PB1906,16355.0,-0.0006112469627966326,0,0,0
2019-05-09,PB1906,16180.0,-0.01075774936000156,1,0,-1
2019-05-10,PB1906,16155.0,-0.001546312353884057,0,0,0
2019-05-13,PB1906,15955.0,-0.012457339546254758,1,0,-1
2019-05-14,PB1906,15890.0,-0.004082279181582191,0,0,0
2019-05-15,PB1906,16065.0,0.010953012019197145,0,1,1
2019-05-16,PB1906,16275.0,0.012987195526811112,0,1,1
2019-05-17,PB1906,16120.0,-0.009569451016150672,1,0,-1
2019-05-20,PB1907,16065.0,-0.003417744510660413,0,0,0
2019-05-21,PB1907,16135.0,0.0043478329361034225,0,0,0
2019-05-22,PB1907,16085.0,-0.0031036648129354368,0,0,0
2019-05-23,PB1907,16125.0,0.0024837019908464466,0,0,0
2019-05-24,PB1907,16265.0,0.00864469724347858,0,0,0
2019-05-27,PB1907,16020.0,-0.015177618285101599,1,0,-1
2019-05-28,PB1907,15955.0,-0.004065681910006285,0,0,0
2019-05-29,PB1907,15945.0,-0.0006269592681859449,0,0,0
2019-05-30,PB1907,16175.0,0.01432153992494332,0,1,1
2019-05-31,PB1907,15925.0,-0.015576638928737225,1,0,-1
2019-06-03,PB1907,15960.0,0.002195390563435656,0,0,0
2019-06-04,PB1907,15870.0,-0.005655057483344988,0,0,0
2019-06-05,PB1907,16030.0,0.010031432083143828,0,0,0
2019-06-06,PB1907,16090.0,0.003735994382830233,0,0,0
2019-06-10,PB1907,16220.0,0.00804708768297502,0,0,0
2019-06-11,PB1907,16180.0,-0.0024691370569212647,0,0,0
2019-06-12,PB1907,16045.0,-0.008378637068525485,0,0,0
2019-06-13,PB1907,16065.0,0.0012457180060015723,0,0,0
2019-06-14,PB1907,16135.0,0.0043478329361034225,0,0,0
2019-06-17,PB1907,16145.0,0.0006195787063133173,0,0,0
2019-06-18,PB1907,16140.0,-0.0003097413684357805,0,0,0
2019-06-19,PB1907,16270.0,0.008022258389143626,0,0,0
2019-06-20,PB1907,16090.0,-0.01112496022665464,1,0,-1
2019-06-21,PB1908,15965.0,-0.007799134837546458,0,0,0
2019-06-24,PB1908,16160.0,0.012140226926203876,0,1,1
2019-06-25,PB1908,16235.0,0.004630352461859877,0,0,0
2019-06-26,PB1908,16185.0,-0.0030845181766015663,0,0,0
2019-06-27,PB1908,16040.0,-0.00899928493983928,0,0,0
2019-06-28,PB1908,16020.0,-0.001247660798155252,0,0,0
2019-07-01,PB1908,16275.0,0.01579224645441976,0,1,1
2019-07-02,PB1908,16170.0,-0.006472514505617479,0,0,0
2019-07-03,PB1908,16015.0,-0.009631890527894012,1,0,-1
2019-07-04,PB1908,16150.0,0.008394266607544009,0,0,0
2019-07-05,PB1908,16010.0,-0.008706522660042262,0,0,0
2019-07-08,PB1908,15960.0,-0.0031279349869606323,0,0,0
2019-07-09,PB1908,15655.0,-0.019295237243293708,1,0,-1
2019-07-10,PB1908,15995.0,0.021485818623112284,0,1,1
2019-07-11,PB1908,16105.0,0.006853609381680876,0,0,0
2019-07-12,PB1908,16105.0,0.0,0,0,0
2019-07-15,PB1908,16060.0,-0.0027980742645465234,0,0,0
2019-07-16,PB1909,16275.0,0.013298479576017269,0,1,1
2019-07-17,PB1909,16305.0,0.001841621146649554,0,0,0
2019-07-18,PB1909,16500.0,0.011888571665252505,0,1,1
2019-07-19,PB1909,16675.0,0.010550210895152392,0,1,1
2019-07-22,PB1909,16430.0,-0.014801659752510698,1,0,-1
2019-07-23,PB1909,16455.0,0.0015204503461264795,0,0,0
2019-07-24,PB1909,16640.0,0.011180052997759232,0,1,1
2019-07-25,PB1909,16695.0,0.003299838002555396,0,0,0
2019-07-26,PB1909,16765.0,0.004184106522574091,0,0,0
2019-07-29,PB1909,16670.0,-0.005682683155489279,0,0,0
2019-07-30,PB1909,16835.0,0.009849355850335272,0,0,0
2019-07-31,PB1909,16505.0,-0.019796687307881443,1,0,-1
2019-08-01,PB1909,16385.0,-0.007297083154378454,0,0,0
2019-08-02,PB1909,16380.0,-0.00030520372585451136,0,0,0
2019-08-05,PB1909,16325.0,-0.003363403262428595,0,0,0
2019-08-06,PB1909,16595.0,0.016403770009443125,0,1,1
2019-08-07,PB1909,16470.0,-0.007560900982388976,0,0,0
2019-08-08,PB1909,16780.0,0.01864715684951116,0,1,1
2019-08-09,PB1909,16785.0,0.0002979293929381556,0,0,0
2019-08-12,PB1909,16900.0,0.0068279914970295705,0,0,0
2019-08-13,PB1909,16630.0,-0.016105328724191518,1,0,-1
2019-08-14,PB1909,16715.0,0.005098226667225594,0,0,0
2019-08-15,PB1909,16620.0,-0.005699730444759834,0,0,0
2019-08-16,PB1909,16720.0,0.005998818229253443,0,0,0
2019-08-19,PB1909,16750.0,0.0017926506145199274,0,0,0
2019-08-20,PB1910,16975.0,0.013343415173684356,0,1,1
2019-08-21,PB1910,17120.0,0.008505697268836189,0,0,0
2019-08-22,PB1910,17045.0,-0.00439046512372958,0,0,0
2019-08-23,PB1910,17140.0,0.005558007579767403,0,0,0
2019-08-26,PB1910,16935.0,-0.012032426899898753,1,0,-1
2019-08-27,PB1910,17180.0,0.014363430286374271,0,1,1
2019-08-28,PB1910,17435.0,0.014733763571505272,0,1,1
2019-08-29,PB1910,17330.0,-0.006040576400099752,0,0,0
2019-08-30,PB1910,17245.0,-0.004916857338710459,0,0,0
2019-09-02,PB1910,17350.0,0.006070260004063931,0,0,0
2019-09-03,PB1910,17360.0,0.0005762028393359224,0,0,0
2019-09-04,PB1910,17280.0,-0.0046189458562945285,0,0,0
2019-09-05,PB1910,17360.0,0.004618945856294458,0,0,0
2019-09-06,PB1910,17470.0,0.006316414913761127,0,0,0
2019-09-09,PB1910,17400.0,-0.004014917925481851,0,0,0
2019-09-10,PB1910,17415.0,0.0008616975974811416,0,0,0
2019-09-11,PB1910,17365.0,-0.0028752176219271953,0,0,0
2019-09-12,PB1910,17345.0,-0.0011524057743243497,0,0,0
2019-09-16,PB1910,17360.0,0.0008644288104911102,0,0,0
2019-09-17,PB1910,16825.0,-0.031302833701412625,1,0,-1
2019-09-18,PB1911,16870.0,0.002671021027085421,0,0,0
2019-09-19,PB1911,16855.0,-0.0008895478718528809,0,0,0
2019-09-20,PB1911,16870.0,0.0008895478718528669,0,0,0
2019-09-23,PB1911,16895.0,0.0014808236083763311,0,0,0
2019-09-24,PB1911,16750.0,-0.008619461895177783,0,0,0
2019-09-25,PB1911,16900.0,0.008915363657952329,0,0,0
2019-09-26,PB1911,16855.0,-0.0026662732430037645,0,0,0
2019-09-27,PB1911,16980.0,0.007388832197177287,0,0,0
2019-09-30,PB1911,16920.0,-0.0035398267051240623,0,0,0
2019-10-08,PB1911,17205.0,0.016703685071366468,0,1,1
2019-10-09,PB1911,16915.0,-0.01699923701677185,1,0,-1
2019-10-10,PB1911,16950.0,0.002067031593787549,0,0,0
2019-10-11,PB1911,16900.0,-0.00295421189743152,0,0,0
2019-10-14,PB1911,16920.0,0.001182732249049394,0,0,0
2019-10-15,PB1911,16810.0,-0.006522406757552962,0,0,0
2019-10-16,PB1911,16895.0,0.005043772745729109,0,0,0
2019-10-17,PB1911,17095.0,0.011768302925011348,0,1,1
2019-10-18,PB1911,17055.0,-0.002342607220655611,0,0,0
2019-10-21,PB1911,16910.0,-0.008538252960120094,0,0,0
2019-10-22,PB1912,16840.0,-0.004148154096308231,0,0,0
2019-10-23,PB1912,16665.0,-0.010446297054477666,1,0,-1
2019-10-24,PB1912,16630.0,-0.0021024185548667368,0,0,0
2019-10-25,PB1912,16750.0,0.007189965066239051,0,0,0
2019-10-28,PB1912,16700.0,-0.0029895388483660483,0,0,0
2019-10-29,PB1912,16670.0,-0.0017980226600068368,0,0,0
2019-10-30,PB1912,16730.0,0.003592818236030026,0,0,0
2019-10-31,PB1912,16600.0,-0.007800819636235068,0,0,0
2019-11-01,PB1912,16575.0,-0.0015071592905713629,0,0,0
2019-11-04,PB1912,16470.0,-0.006354991882377228,0,0,0
2019-11-05,PB1912,16390.0,-0.004869151433810594,0,0,0
2019-11-06,PB1912,16155.0,-0.014441793479276703,1,0,-1
2019-11-07,PB1912,16090.0,-0.004031638272169763,0,0,0
2019-11-08,PB1912,16100.0,0.0006213109861255558,0,0,0
2019-11-11,PB1912,15965.0,-0.008420445823671971,0,0,0
2019-11-12,PB2001,16000.0,0.002189896073035976,0,0,0
2019-11-13,PB2001,15850.0,-0.00941922191649164,0,0,0
2019-11-14,PB2001,15730.0,-0.0075997832531032065,0,0,0
2019-11-15,PB2001,15810.0,0.005072934151194143,0,0,0
2019-11-18,PB2001,15885.0,0.004732616500098728,0,0,0
2019-11-19,PB2001,15640.0,-0.015543532604314451,1,0,-1
2019-11-20,PB2001,15655.0,0.000958619661203917,0,0,0
2019-11-21,PB2001,15550.0,-0.006729716153125845,0,0,0
2019-11-22,PB2001,15520.0,-0.0019311238701704074,0,0,0
2019-11-25,PB2001,15560.0,0.0025740039951728426,0,0,0
2019-11-26,PB2001,15360.0,-0.01293679103071945,1,0,-1
2019-11-27,PB2001,15290.0,-0.004567707778555138,0,0,0
2019-11-28,PB2001,15480.0,0.012349848220610186,0,1,1
2019-11-29,PB2001,15435.0,-0.0029112102074584415,0,0,0
2019-12-02,PB2001,15300.0,-0.008784829555732803,0,0,0
2019-12-03,PB2001,15050.0,-0.016474837203505097,1,0,-1
2019-12-04,PB2001,15025.0,-0.001662510773613414,0,0,0
2019-12-05,PB2001,15060.0,0.0023267419504762847,0,0,0
2019-12-06,PB2001,15120.0,0.003976148379639417,0,0,0
2019-12-09,PB2001,15140.0,0.0013218772579158475,0,0,0
2019-12-10,PB2001,15130.0,-0.0006607202090381347,0,0,0
2019-12-11,PB2001,15200.0,0.004615900051966048,0,0,0
2019-12-12,PB2001,15300.0,0.0065574005461590396,0,0,0
2019-12-13,PB2001,15255.0,-0.002945510229756803,0,0,0
2019-12-16,PB2002,14975.0,-0.01852517416711997,1,0,-1
2019-12-17,PB2002,14945.0,-0.0020053482656118785,0,0,0
2019-12-18,PB2002,14955.0,0.0006688963460101634,0,0,0
2019-12-19,PB2002,15070.0,0.007660320556492772,0,0,0
2019-12-20,PB2002,14985.0,-0.005656311869777537,0,0,0
2019-12-23,PB2002,14795.0,-0.012760414916453607,1,0,-1
2019-12-24,PB2002,15090.0,0.01974298692758461,0,1,1
2019-12-25,PB2002,15225.0,0.00890654081620325,0,0,0
2019-12-26,PB2002,15215.0,-0.0006570302470263655,0,0,0
2019-12-27,PB2002,15235.0,0.001313629088737901,0,0,0
2019-12-30,PB2002,15185.0,-0.003287313939960232,0,0,0
2019-12-31,PB2002,15050.0,-0.008930107302827393,0,0,0
2020-01-02,PB2002,14910.0,-0.009345862418237658,0,0,0
2020-01-03,PB2002,14595.0,-0.021353124470568946,1,0,-1
2020-01-06,PB2002,14755.0,0.010903004088824747,0,1,1
2020-01-07,PB2002,14820.0,0.004395611473038129,0,0,0
2020-01-08,PB2002,14960.0,0.009402352678390334,0,0,0
2020-01-09,PB2002,14925.0,-0.002342313267665382,0,0,0
2020-01-10,PB2003,14975.0,0.00334448472284735,0,0,0
2020-01-13,PB2003,14990.0,0.0010011681129932417,0,0,0
2020-01-14,PB2003,14905.0,-0.0056865849844716125,0,0,0
2020-01-15,PB2003,15140.0,0.015643520879268038,0,1,1
2020-01-16,PB2003,15300.0,0.010512580389086987,0,1,1
2020-01-17,PB2003,15225.0,-0.00491401480242904,0,0,0
2020-01-20,PB2003,15470.0,0.01596385098901399,0,1,1
2020-01-21,PB2003,15085.0,-0.025201791973950362,1,0,-1
2020-01-22,PB2003,15155.0,0.004629637898741976,0,0,0
2020-01-23,PB2003,14850.0,-0.0203306452610578,1,0,-1
2020-02-03,PB2003,14220.0,-0.04335044087361386,1,0,-1
2020-02-04,PB2003,14320.0,0.0070077371574048,0,0,0
2020-02-05,PB2003,14105.0,-0.01512781707853997,1,0,-1
2020-02-06,PB2003,14175.0,0.004950505159856205,0,0,0
2020-02-07,PB2003,14070.0,-0.00743497848751809,0,0,0
2020-02-10,PB2003,14010.0,-0.00427351077738205,0,0,0
2020-02-11,PB2003,14070.0,0.004273510777382085,0,0,0
2020-02-12,PB2004,14200.0,0.009197093480917332,0,0,0
2020-02-13,PB2004,14240.0,0.0028129413766146577,0,0,0
2020-02-14,PB2004,14405.0,0.011520462552662106,0,1,1
2020-02-17,PB2004,14445.0,0.0027729653817066898,0,0,0
2020-02-18,PB2004,14450.0,0.0003460806402426587,0,0,0
2020-02-19,PB2004,14555.0,0.007240162639145381,0,0,0
2020-02-20,PB2004,14540.0,-0.0010311050922132445,0,0,0
2020-02-21,PB2004,14640.0,0.006854036427792213,0,0,0
2020-02-24,PB2004,14505.0,-0.009264090959798157,0,0,0
2020-02-25,PB2004,14560.0,0.00378462519517265,0,0,0
2020-02-26,PB2004,14560.0,0.0,0,0,0
2020-02-27,PB2004,14520.0,-0.002751033371889871,0,0,0
2020-02-28,PB2004,14335.0,-0.01282291006131682,1,0,-1
2020-03-02,PB2004,14640.0,0.021053409197832263,0,1,1
2020-03-03,PB2004,14580.0,-0.004106781952653359,0,0,0
2020-03-04,PB2004,14455.0,-0.008610351112202657,0,0,0
2020-03-05,PB2004,14430.0,-0.0017310026825299136,0,0,0
2020-03-06,PB2004,14470.0,0.0027681678576130632,0,0,0
2020-03-09,PB2004,14485.0,0.001036090577921276,0,0,0
2020-03-10,PB2004,14555.0,0.004820945976272809,0,0,0
2020-03-11,PB2005,14315.0,-0.016626638647508126,1,0,-1
2020-03-12,PB2005,14250.0,-0.004551031835418806,0,0,0
2020-03-13,PB2005,14150.0,-0.007042282625412923,0,0,0
2020-03-16,PB2005,14185.0,0.002470444171568013,0,0,0
2020-03-17,PB2005,13720.0,-0.0333304459630755,1,0,-1
2020-03-18,PB2005,13075.0,-0.0481526123467526,1,0,-1
2020-03-19,PB2005,12945.0,-0.009992396747485683,1,0,-1
2020-03-20,PB2005,13310.0,0.027806019203519407,0,1,1
2020-03-23,PB2005,13225.0,-0.006406654662657205,0,0,0
2020-03-24,PB2005,13460.0,0.017613346472218745,0,1,1
2020-03-25,PB2005,13550.0,0.0066642231091281375,0,0,0
2020-03-26,PB2005,13515.0,-0.0025863675972989434,0,0,0
2020-03-27,PB2005,13845.0,0.0241239768945143,0,1,1
2020-03-30,PB2005,13745.0,-0.007249035005716146,0,0,0
2020-03-31,PB2005,13885.0,0.010133999141553858,0,0,0
2020-04-01,PB2005,13680.0,-0.01487420856435845,1,0,-1
2020-04-02,PB2005,13790.0,0.008008779610806047,0,0,0
2020-04-03,PB2005,13810.0,0.0014492756159902157,0,0,0
2020-04-07,PB2005,13865.0,0.003974711646540666,0,0,0
2020-04-08,PB2005,13715.0,-0.01087755467817483,1,0,-1
2020-04-09,PB2005,13700.0,-0.001094291555487377,0,0,0
2020-04-10,PB2005,13835.0,0.009805780404810035,0,0,0
2020-04-13,PB2005,13945.0,0.007919407840562989,0,0,0
2020-04-14,PB2005,14060.0,0.00821286530306656,0,0,0
2020-04-15,PB2005,13845.0,-0.01540972975959364,1,0,-1
2020-04-16,PB2006,13680.0,-0.011989244428520734,1,0,-1
2020-04-17,PB2006,13715.0,0.002555212195162224,0,0,0
2020-04-20,PB2006,13595.0,-0.008788046305132507,0,0,0
2020-04-21,PB2006,13620.0,0.0018372226369323791,0,0,0
2020-04-22,PB2006,13645.0,0.0018338534389355557,0,0,0
2020-04-23,PB2006,13825.0,0.013105393248096649,0,1,1
2020-04-24,PB2006,13775.0,-0.0036231923694202838,0,0,0
2020-04-27,PB2006,13940.0,0.01190705029339955,0,1,1
2020-04-28,PB2006,13770.0,-0.01227009259181436,1,0,-1
2020-04-29,PB2006,13745.0,-0.0018171911233544114,0,0,0
2020-04-30,PB2006,13660.0,-0.006203267474565013,0,0,0
2020-05-06,PB2006,13835.0,0.012729759096245163,0,1,1
2020-05-07,PB2006,13885.0,0.003607507519873696,0,0,0
2020-05-08,PB2006,13895.0,0.0007199424357041638,0,0,0
2020-05-11,PB2006,13895.0,0.0,0,0,0
2020-05-12,PB2006,14150.0,0.018185560894779594,0,1,1
2020-05-13,PB2006,13885.0,-0.018905503330483714,1,0,-1
2020-05-14,PB2006,13860.0,-0.0018021269970056818,0,0,0
2020-05-15,PB2006,13940.0,0.005755411570620752,0,0,0
2020-05-18,PB2006,13955.0,0.001075461655907577,0,0,0
2020-05-19,PB2006,14045.0,0.0064285935679214415,0,0,0
2020-05-20,PB2007,14090.0,0.0031988653543818324,0,0,0
2020-05-21,PB2007,14170.0,0.0056617277920002484,0,0,0
2020-05-22,PB2007,14045.0,-0.00886059314638205,0,0,0
2020-05-25,PB2007,14350.0,0.021483481649423024,0,1,1
2020-05-26,PB2007,14310.0,-0.00279134863727053,0,0,0
2020-05-27,PB2007,14260.0,-0.0035001785822096863,0,0,0
2020-05-28,PB2007,14305.0,0.003150711515923711,0,0,0
2020-05-29,PB2007,14220.0,-0.0059597021269787295,0,0,0
2020-06-01,PB2007,14550.0,0.02294156924240675,0,1,1
2020-06-02,PB2007,14495.0,-0.0037872312438826895,0,0,0
2020-06-03,PB2007,14465.0,-0.002071823945520363,0,0,0
2020-06-04,PB2007,14285.0,-0.01252190274536204,1,0,-1
2020-06-05,PB2007,14390.0,0.007323485216540058,0,0,0
2020-06-08,PB2007,14340.0,-0.003480685727802112,0,0,0
2020-06-09,PB2007,14340.0,0.0,0,0,0
2020-06-10,PB2007,14420.0,0.005563296685328732,0,0,0
2020-06-11,PB2007,14160.0,-0.018195043591229306,1,0,-1
2020-06-12,PB2007,14145.0,-0.0010598835120432463,0,0,0
2020-06-15,PB2007,14080.0,-0.004605854023634163,0,0,0
2020-06-16,PB2007,14260.0,0.012703064256253456,0,1,1
2020-06-17,PB2007,14360.0,0.006988148633928163,0,0,0
2020-06-18,PB2007,14485.0,0.008667067601235577,0,0,0
2020-06-19,PB2007,14605.0,0.00825030461839063,0,0,0
2020-06-22,PB2008,14560.0,-0.0030858930711643506,0,0,0
2020-06-23,PB2008,14455.0,-0.007237667300230502,0,0,0
2020-06-24,PB2008,14470.0,0.0010371651750831525,0,0,0
2020-06-29,PB2008,14685.0,0.014749024007190994,0,1,1
2020-06-30,PB2008,14770.0,0.005771531892705111,0,0,0
2020-07-01,PB2008,14785.0,0.0010150567611521414,0,0,0
2020-07-02,PB2008,14790.0,0.00033812341826782295,0,0,0
2020-07-03,PB2008,14650.0,-0.009510941259632146,1,0,-1
2020-07-06,PB2008,14650.0,0.0,0,0,0
2020-07-07,PB2008,14670.0,0.001364256691813968,0,0,0
2020-07-08,PB2008,14840.0,0.01152164558434395,0,1,1
2020-07-09,PB2008,15075.0,0.01571150487401479,0,1,1
2020-07-10,PB2008,15070.0,-0.0003317299748450023,0,0,0
2020-07-13,PB2008,15460.0,0.02555003052087175,0,1,1
2020-07-14,PB2008,15365.0,-0.006163847576827896,0,0,0
2020-07-15,PB2008,15345.0,-0.0013025075107484334,0,0,0
2020-07-16,PB2008,14890.0,-0.03009984137578193,1,0,-1
2020-07-17,PB2008,14925.0,0.002347812582748195,0,0,0
2020-07-20,PB2008,14795.0,-0.008748373426492819,0,0,0
2020-07-21,PB2008,15075.0,0.018748456761076088,0,1,1
2020-07-22,PB2008,14990.0,-0.0056544304987428,0,0,0
2020-07-23,PB2009,14850.0,-0.009383446865797665,0,0,0
2020-07-24,PB2009,14975.0,0.008382278752804439,0,0,0
2020-07-27,PB2009,15160.0,0.012278236212712547,0,1,1
2020-07-28,PB2009,15435.0,0.017977277739897123,0,1,1
2020-07-29,PB2009,15555.0,0.007744472395477762,0,0,0
2020-07-30,PB2009,15710.0,0.009915321917929418,0,0,0
2020-07-31,PB2009,15705.0,-0.0003183192769199271,0,0,0
2020-08-03,PB2009,15920.0,0.01359704742562711,0,1,1
2020-08-04,PB2009,15735.0,-0.011688649899866782,1,0,-1
2020-08-05,PB2009,15900.0,0.010431578709815719,0,1,1
2020-08-06,PB2009,16475.0,0.03552497116238512,0,1,1
2020-08-07,PB2009,16355.0,-0.007310419398223631,0,0,0
2020-08-10,PB2009,16195.0,-0.009831108367054623,1,0,-1
2020-08-11,PB2009,16130.0,-0.0040216604861751,0,0,0
2020-08-12,PB2009,15990.0,-0.008717365291254628,0,0,0
2020-08-13,PB2009,16010.0,0.001250000162760564,0,0,0
2020-08-14,PB2009,16095.0,0.005295137742148093,0,0,0
2020-08-17,PB2009,16200.0,0.006502577487566847,0,0,0
2020-08-18,PB2009,16165.0,-0.0021628310609420397,0,0,0
2020-08-19,PB2009,16155.0,-0.0006188119009348215,0,0,0
2020-08-20,PB2010,16015.0,-0.008703816215340141,0,0,0
2020-08-21,PB2010,16030.0,0.0009361835603401357,0,0,0
2020-08-24,PB2010,15930.0,-0.006257842699504427,0,0,0
2020-08-25,PB2010,15895.0,-0.0021995295591911526,0,0,0
2020-08-26,PB2010,15780.0,-0.007261278945037833,0,0,0
2020-08-27,PB2010,15640.0,-0.008911580300563163,0,0,0
2020-08-28,PB2010,15795.0,0.009861699136883402,0,0,0
2020-08-31,PB2010,15605.0,-0.01210205853130581,1,0,-1
2020-09-01,PB2010,15965.0,0.022807450444002616,0,1,1
2020-09-02,PB2010,15845.0,-0.0075448330238613,0,0,0
2020-09-03,PB2010,15670.0,-0.011105936774954637,1,0,-1
2020-09-04,PB2010,15440.0,-0.01478651177129936,1,0,-1
2020-09-07,PB2010,15580.0,0.009026495845972125,0,0,0
2020-09-08,PB2010,15595.0,0.0009623096171642964,0,0,0
2020-09-09,PB2010,15220.0,-0.024339997626226767,1,0,-1
2020-09-10,PB2010,14970.0,-0.016562154002002786,1,0,-1
2020-09-11,PB2010,15000.0,0.0020020026706729687,0,0,0
2020-09-14,PB2010,15075.0,0.004987541511038968,0,0,0
2020-09-15,PB2010,15145.0,0.004632701865951507,0,0,0
2020-09-16,PB2010,14950.0,-0.012959144642505228,1,0,-1
2020-09-17,PB2010,14870.0,-0.00536553936463168,0,0,0
2020-09-18,PB2010,15210.0,0.02260734579913787,0,1,1
2020-09-21,PB2010,15370.0,0.010464451279302987,0,1,1
2020-09-22,PB2010,15330.0,-0.002605864666781785,0,0,0
2020-09-23,PB2010,15400.0,0.004555816535860661,0,0,0
2020-09-24,PB2011,15100.0,-0.01967276559870478,1,0,-1
2020-09-25,PB2011,14695.0,-0.027187443949998006,1,0,-1
2020-09-28,PB2011,14995.0,0.020209512330091654,0,1,1
2020-09-29,PB2011,15200.0,0.013578615651258286,0,1,1
2020-09-30,PB2011,15080.0,-0.007926065272420716,0,0,0
2020-10-09,PB2011,14720.0,-0.024162249279079822,1,0,-1
2020-10-12,PB2011,14750.0,0.0020359694850987584,0,0,0
2020-10-13,PB2011,14825.0,0.005071862097960349,0,0,0
2020-10-14,PB2011,14515.0,-0.02113234740719599,1,0,-1
2020-10-15,PB2011,14550.0,0.002408396140908217,0,0,0
2020-10-16,PB2011,14470.0,-0.005513452974109007,0,0,0
2020-10-19,PB2011,14420.0,-0.003461408786589487,0,0,0
2020-10-20,PB2011,14365.0,-0.0038214394255501405,0,0,0
2020-10-21,PB2011,14420.0,0.003821439425550214,0,0,0
2020-10-22,PB2011,14395.0,-0.001735207792663822,0,0,0
2020-10-23,PB2011,14480.0,0.005887462893431121,0,0,0
2020-10-26,PB2012,14105.0,-0.026239042503610692,1,0,-1
2020-10-27,PB2012,14385.0,0.019656652549551592,0,1,1
2020-10-28,PB2012,14435.0,0.003469816111387178,0,0,0
2020-10-29,PB2012,14455.0,0.001384562353411056,0,0,0
2020-10-30,PB2012,14380.0,-0.005202023175408744,0,0,0
2020-11-02,PB2012,14315.0,-0.004530413742822283,0,0,0
2020-11-03,PB2012,14385.0,0.004878058453432773,0,0,0
2020-11-04,PB2012,14245.0,-0.009780029053639606,1,0,-1
2020-11-05,PB2012,14425.0,0.012556844444291558,0,1,1
2020-11-06,PB2012,14280.0,-0.010102855482724913,1,0,-1
2020-11-09,PB2012,14545.0,0.018387335035726562,0,1,1
2020-11-10,PB2012,14495.0,-0.0034435295735461245,0,0,0
2020-11-11,PB2012,14590.0,0.006532600161075547,0,0,0
2020-11-12,PB2012,14680.0,0.006149660651675329,0,0,0
2020-11-13,PB2012,14785.0,0.007127130118071026,0,0,0
2020-11-16,PB2012,14675.0,-0.007467787590280344,0,0,0
2020-11-17,PB2012,14640.0,-0.002387857180994669,0,0,0
2020-11-18,PB2012,14600.0,-0.0027359798188747488,0,0,0
2020-11-19,PB2012,14725.0,0.008525200823359627,0,0,0
2020-11-20,PB2101,15320.0,0.03961243477479484,0,1,1
2020-11-23,PB2101,15155.0,-0.010828653802678778,1,0,-1
2020-11-24,PB2101,15385.0,0.015062498264238652,0,1,1
2020-11-25,PB2101,15225.0,-0.010454195178044383,1,0,-1
2020-11-26,PB2101,15260.0,0.002296212260350157,0,0,0
2020-11-27,PB2101,15270.0,0.0006550933742301313,0,0,0
2020-11-30,PB2101,15530.0,0.01688351793005465,0,1,1
2020-12-01,PB2101,15265.0,-0.017211010973754496,1,0,-1
2020-12-02,PB2101,15010.0,-0.01684598054147058,1,0,-1
2020-12-03,PB2101,14845.0,-0.011053537429647431,1,0,-1
2020-12-04,PB2101,14975.0,0.008719035785789944,0,0,0
2020-12-07,PB2101,14755.0,-0.014800135606610343,1,0,-1
2020-12-08,PB2101,15060.0,0.02046021397684486,0,1,1
2020-12-09,PB2101,15130.0,0.004637305428517028,0,0,0
2020-12-10,PB2101,14990.0,-0.009296215685758225,0,0,0
2020-12-11,PB2101,14805.0,-0.012418350560951781,1,0,-1
2020-12-14,PB2101,14960.0,0.010415010992776554,0,1,1
2020-12-15,PB2101,14565.0,-0.026758582134933224,1,0,-1
2020-12-16,PB2101,14680.0,0.00786463277497153,0,0,0
2020-12-17,PB2101,14795.0,0.007803262665803386,0,0,0
2020-12-18,PB2101,14975.0,0.012092858149340132,0,1,1
2020-12-21,PB2101,14525.0,-0.030510841263538112,1,0,-1
2020-12-22,PB2101,14070.0,-0.031826431611677204,1,0,-1
2020-12-23,PB2102,14520.0,0.03148213827035237,0,1,1
2020-12-24,PB2102,14590.0,0.004809353138044324,0,0,0
2020-12-25,PB2102,14670.0,0.005468229620196122,0,0,0
2020-12-28,PB2102,14860.0,0.012868447134722709,0,1,1
2020-12-29,PB2102,14715.0,-0.009805657604177034,1,0,-1
2020-12-30,PB2102,14720.0,0.00033973161529402256,0,0,0
2020-12-31,PB2102,14625.0,-0.0064747201828099545,0,0,0
2021-01-04,PB2102,15045.0,0.028313316964088384,0,1,1
2021-01-05,PB2102,15010.0,-0.0023290644366379372,0,0,0
2021-01-06,PB2102,15035.0,0.00166417079512179,0,0,0
2021-01-07,PB2102,15230.0,0.012886350466577956,0,1,1
2021-01-08,PB2102,14950.0,-0.018555867070374966,1,0,-1
2021-01-11,PB2102,14470.0,-0.03263375919330299,1,0,-1
2021-01-12,PB2102,14505.0,0.00241587692997481,0,0,0
2021-01-13,PB2102,14795.0,0.019795868278805587,0,1,1
2021-01-14,PB2102,14910.0,0.007742842924474072,0,0,0
2021-01-15,PB2103,14905.0,-0.0003354016466123038,0,0,0
2021-01-18,PB2103,14985.0,0.005352973638591754,0,0,0
2021-01-19,PB2103,14785.0,-0.013436547464186025,1,0,-1
2021-01-20,PB2103,15130.0,0.02306637449582399,0,1,1
2021-01-21,PB2103,15190.0,0.003957788807416973,0,0,0
2021-01-22,PB2103,15085.0,-0.0069364439966570985,0,0,0
2021-01-25,PB2103,15555.0,0.030681257738575968,0,1,1
2021-01-26,PB2103,15430.0,-0.008068463974530874,0,0,0
2021-01-27,PB2103,15420.0,-0.0006482982398860706,0,0,0
2021-01-28,PB2103,15380.0,-0.002597404057685506,0,0,0
2021-01-29,PB2103,15110.0,-0.017711187792849695,1,0,-1
2021-02-01,PB2103,15070.0,-0.0026507636462441415,0,0,0
2021-02-02,PB2103,14910.0,-0.010673883861757058,1,0,-1
2021-02-03,PB2103,14765.0,-0.009772613580761104,1,0,-1
2021-02-04,PB2103,15020.0,0.017123131140102797,0,1,1
2021-02-05,PB2103,15275.0,0.016834858721670398,0,1,1
2021-02-08,PB2103,15145.0,-0.008547060578458408,0,0,0
2021-02-09,PB2103,15190.0,0.002966872128480941,0,0,0
2021-02-10,PB2103,15430.0,0.015676349767387916,0,1,1
2021-02-18,PB2103,15560.0,0.008389852375176024,0,0,0
2021-02-19,PB2103,15570.0,0.0006424670956615076,0,0,0
2021-02-22,PB2104,15840.0,0.01719240054037277,0,1,1
2021-02-23,PB2104,15880.0,0.002522069432709939,0,0,0
2021-02-24,PB2104,15595.0,-0.01811010575922306,1,0,-1
2021-02-25,PB2104,15775.0,0.011476058367510202,0,1,1
2021-02-26,PB2104,15595.0,-0.011476058367510259,1,0,-1
2021-03-01,PB2104,15330.0,-0.017138657176043792,1,0,-1
2021-03-02,PB2104,15360.0,0.001955034835803295,0,0,0
2021-03-03,PB2104,15355.0,-0.00032557382674045475,0,0,0
2021-03-04,PB2104,15105.0,-0.016415339054150328,1,0,-1
2021-03-05,PB2104,15080.0,-0.0016564522588252762,0,0,0
2021-03-08,PB2104,14825.0,-0.017054417696020823,1,0,-1
2021-03-09,PB2104,14880.0,0.0037030845211566367,0,0,0
2021-03-10,PB2104,14635.0,-0.016602109261096648,1,0,-1
2021-03-11,PB2104,14900.0,0.017945292807564326,0,1,1
2021-03-12,PB2104,14855.0,-0.003024704036842494,0,0,0
2021-03-15,PB2104,14820.0,-0.0023588890466301076,0,0,0
2021-03-16,PB2104,14815.0,-0.0003374388424122405,0,0,0
2021-03-17,PB2104,14850.0,0.0023596842231801184,0,0,0
2021-03-18,PB2104,14675.0,-0.011854499534548481,1,0,-1
2021-03-19,PB2105,14830.0,0.010506790435680655,0,1,1
2021-03-22,PB2105,15170.0,0.022667637210600115,0,1,1
2021-03-23,PB2105,15280.0,0.0072249903779335115,0,0,0
2021-03-24,PB2105,15240.0,-0.0026212334798741926,0,0,0
2021-03-25,PB2105,14900.0,-0.022562337307086792,1,0,-1
2021-03-26,PB2105,15025.0,0.008354267469857724,0,0,0
2021-03-29,PB2105,15140.0,0.00762476758803139,0,0,0
2021-03-30,PB2105,15425.0,0.018649321782148814,0,1,1
2021-03-31,PB2105,15385.0,-0.002596561017446369,0,0,0
2021-04-01,PB2105,15230.0,-0.010125841866934708,1,0,-1
2021-04-02,PB2105,15015.0,-0.014217465471776844,1,0,-1
2021-04-06,PB2105,14965.0,-0.003335560130631342,0,0,0
2021-04-07,PB2105,14925.0,-0.0026764820259964632,0,0,0
2021-04-08,PB2105,14885.0,-0.0026836648109260365,0,0,0
2021-04-09,PB2105,14900.0,0.001007218483673846,0,0,0
2021-04-12,PB2105,14740.0,-0.010796326190222942,1,0,-1
2021-04-13,PB2105,14790.0,0.0033863899615179257,0,0,0
2021-04-14,PB2105,14880.0,0.006066752682237362,0,0,0
2021-04-15,PB2105,14880.0,0.0,0,0,0
2021-04-16,PB2105,15045.0,0.011027680677062645,0,1,1
2021-04-19,PB2105,15105.0,0.0039801047566267265,0,0,0
2021-04-20,PB2105,15300.0,0.012827013559754399,0,1,1
2021-04-21,PB2105,15195.0,-0.00688640202963336,0,0,0
2021-04-22,PB2105,15310.0,0.007539783300835951,0,0,0
2021-04-23,PB2106,15320.0,0.000652954642852817,0,0,0
2021-04-26,PB2106,15360.0,0.0026075634070807695,0,0,0
2021-04-27,PB2106,15470.0,0.007135936865448572,0,0,0
2021-04-28,PB2106,15360.0,-0.00713593686544862,0,0,0
2021-04-29,PB2106,15290.0,-0.004567707778555138,0,0,0
2021-04-30,PB2106,15110.0,-0.011842243656322698,1,0,-1
2021-05-06,PB2106,15445.0,0.021928550085896722,0,1,1
2021-05-07,PB2106,15755.0,0.019872448838692987,0,1,1
2021-05-10,PB2106,15700.0,-0.0034970628549755075,0,0,0
2021-05-11,PB2106,15705.0,0.00031842063634755053,0,0,0
2021-05-12,PB2106,15640.0,-0.004147397873444851,0,0,0
2021-05-13,PB2106,15305.0,-0.021652162719789245,1,0,-1
2021-05-14,PB2106,15055.0,-0.016469410463678644,1,0,-1
2021-05-17,PB2106,15210.0,0.01024294433750423,0,1,1
2021-05-18,PB2106,15500.0,0.0188869176539994,0,1,1
2021-05-19,PB2106,15575.0,0.004827040748315944,0,0,0
2021-05-20,PB2106,15735.0,0.010220465842853273,0,1,1
2021-05-21,PB2106,15610.0,-0.007975795989029503,0,0,0
2021-05-24,PB2106,15350.0,-0.01679626049413452,1,0,-1
2021-05-25,PB2107,15255.0,-0.006208155864573175,0,0,0
2021-05-26,PB2107,15420.0,0.010758049966550434,0,1,1
2021-05-27,PB2107,15420.0,0.0,0,0,0
2021-05-28,PB2107,15600.0,0.01160554612030789,0,1,1
2021-05-31,PB2107,15625.0,0.0016012813669738276,0,0,0
2021-06-01,PB2107,15455.0,-0.010939620038385564,1,0,-1
2021-06-02,PB2107,15350.0,-0.00681710155087347,0,0,0
2021-06-03,PB2107,15305.0,-0.002935901635830311,0,0,0
2021-06-04,PB2107,15035.0,-0.017798755956883478,1,0,-1
2021-06-07,PB2107,14945.0,-0.006004020704591242,0,0,0
2021-06-08,PB2107,15050.0,0.007001195458983561,0,0,0
2021-06-09,PB2107,15450.0,0.026231012148869685,0,1,1
2021-06-10,PB2107,15420.0,-0.0019436352085710144,0,0,0
2021-06-11,PB2107,15465.0,0.002914038001849498,0,0,0
2021-06-15,PB2107,15285.0,-0.011707450794235108,1,0,-1
2021-06-16,PB2107,15160.0,-0.008211575128572216,0,0,0
2021-06-17,PB2107,15370.0,0.01375717733627884,0,1,1
2021-06-18,PB2107,15055.0,-0.020707395616807296,1,0,-1
2021-06-21,PB2107,15435.0,0.024927496020425544,0,1,1
2021-06-22,PB2107,15540.0,0.006779686985378769,0,0,0
2021-06-23,PB2107,15415.0,-0.008076283601387667,0,0,0
2021-06-24,PB2108,15465.0,0.0032383447989192235,0,0,0
2021-06-25,PB2108,15650.0,0.011891510849129257,0,1,1
2021-06-28,PB2108,15350.0,-0.01935544295295609,1,0,-1
2021-06-29,PB2108,15470.0,0.007787190551768685,0,0,0
2021-06-30,PB2108,16050.0,0.036806184991050206,0,1,1
2021-07-01,PB2108,15715.0,-0.02109317932649394,1,0,-1
2021-07-02,PB2108,15730.0,0.0009540468206556134,0,0,0
2021-07-05,PB2108,15820.0,0.005705245269321357,0,0,0
2021-07-06,PB2108,15830.0,0.0006319115534130454,0,0,0
2021-07-07,PB2108,15895.0,0.004097720469845357,0,0,0
2021-07-08,PB2108,15725.0,-0.01075279177626185,1,0,-1
2021-07-09,PB2108,15725.0,0.0,0,0,0
2021-07-12,PB2108,15895.0,0.010752791776261697,0,1,1
2021-07-13,PB2108,15630.0,-0.01681244992938084,1,0,-1
2021-07-14,PB2108,15650.0,0.0012787725527770174,0,0,0
2021-07-15,PB2108,15890.0,0.015219063562462323,0,1,1
2021-07-16,PB2108,15895.0,0.0003146138141413699,0,0,0
2021-07-19,PB2108,15830.0,-0.004097720469845289,0,0,0
2021-07-20,PB2108,15630.0,-0.012714729459535579,1,0,-1
2021-07-21,PB2108,15815.0,0.011766712324226917,0,1,1
2021-07-22,PB2109,16005.0,0.011942316664214182,0,1,1
2021-07-23,PB2109,16345.0,0.021020866754347625,0,1,1
2021-07-26,PB2109,16065.0,-0.017279047608352176,1,0,-1
2021-07-27,PB2109,16065.0,0.0,0,0,0
2021-07-28,PB2109,15870.0,-0.012212458029504034,1,0,-1
2021-07-29,PB2109,15970.0,0.006281427688603273,0,0,0
2021-07-30,PB2109,15860.0,-0.006911746020219111,0,0,0
2021-08-02,PB2109,16090.0,0.01439774479758999,0,1,1
2021-08-03,PB2109,15790.0,-0.018821132736741124,1,0,-1
2021-08-04,PB2109,15895.0,0.00662776609521533,0,0,0
2021-08-05,PB2109,15730.0,-0.010434877292579619,1,0,-1
2021-08-06,PB2109,15785.0,0.0034904049397685676,0,0,0
2021-08-09,PB2109,15460.0,-0.020804078850679128,1,0,-1
2021-08-10,PB2109,15495.0,0.0022613480804356875,0,0,0
2021-08-11,PB2109,15400.0,-0.006149881820128039,0,0,0
2021-08-12,PB2109,15510.0,0.007117467768863955,0,0,0
2021-08-13,PB2109,15410.0,-0.00646832785642303,0,0,0
2021-08-16,PB2109,15420.0,0.0006487188031591277,0,0,0
2021-08-17,PB2109,15385.0,-0.0022723593611782733,0,0,0
2021-08-18,PB2109,15335.0,-0.0032552112077902716,0,0,0
2021-08-19,PB2109,15465.0,0.008441608570818031,0,0,0
2021-08-20,PB2109,15115.0,-0.022891777905611598,1,0,-1
2021-08-23,PB2109,15420.0,0.019977739903762,0,1,1
2021-08-24,PB2109,15460.0,0.0025906750240924626,0,0,0
2021-08-25,PB2110,15470.0,0.000646621425698859,0,0,0
2021-08-26,PB2110,15275.0,-0.012685159527315687,1,0,-1
2021-08-27,PB2110,15350.0,0.004897968975547156,0,0,0
2021-08-30,PB2110,15210.0,-0.009162367762004632,0,0,0
2021-08-31,PB2110,15025.0,-0.012237625849930236,1,0,-1
2021-09-01,PB2110,14900.0,-0.008354267469857813,0,0,0
2021-09-02,PB2110,14925.0,0.0016764463272523522,0,0,0
2021-09-03,PB2110,15035.0,0.007343157161826579,0,0,0
2021-09-06,PB2110,15090.0,0.0036514563392651407,0,0,0
2021-09-07,PB2110,14895.0,-0.013006686614511922,1,0,-1
2021-09-08,PB2110,14895.0,0.0,0,0,0
2021-09-09,PB2110,14940.0,0.0030165935394257273,0,0,0
2021-09-10,PB2110,15070.0,0.00866383293373295,0,0,0
2021-09-13,PB2110,15060.0,-0.0006637902666566221,0,0,0
2021-09-14,PB2110,14890.0,-0.011352375675829892,1,0,-1
2021-09-15,PB2110,14660.0,-0.015567150237412146,1,0,-1
2021-09-16,PB2110,14665.0,0.0003410059709088787,0,0,0
2021-09-17,PB2110,14665.0,0.0,0,0,0
2021-09-22,PB2110,14220.0,-0.030814278054319553,1,0,-1
2021-09-23,PB2110,14345.0,0.008752025058233316,0,0,0
2021-09-24,PB2110,14355.0,0.0006968641396991571,0,0,0
2021-09-27,PB2110,14495.0,0.009705448800591543,0,0,0
2021-09-28,PB2111,14515.0,0.0013788351029742991,0,0,0
2021-09-29,PB2111,14355.0,-0.011084283903565915,1,0,-1
2021-09-30,PB2111,14350.0,-0.0003483713673971135,0,0,0
2021-10-08,PB2111,14610.0,0.017956283556977985,0,1,1
2021-10-11,PB2111,14765.0,0.010553289433277858,0,1,1
2021-10-12,PB2111,14875.0,0.0074224362358074406,0,0,0
2021-10-13,PB2111,14795.0,-0.005392665579520509,0,0,0
2021-10-14,PB2111,15335.0,0.03584851171404184,0,1,1
2021-10-15,PB2111,15365.0,0.001954398016233126,0,0,0
2021-10-18,PB2111,15790.0,0.027284632685102735,0,1,1
2021-10-19,PB2111,15840.0,0.003161558118728991,0,0,0
2021-10-20,PB2111,15725.0,-0.007286583799775559,0,0,0
2021-10-21,PB2111,15945.0,0.013893497875516619,0,1,1
2021-10-22,PB2111,16030.0,0.005316666159440619,0,0,0
2021-10-25,PB2111,15985.0,-0.0028111841096567975,0,0,0
2021-10-26,PB2112,16060.0,0.004680926006810882,0,0,0
2021-10-27,PB2112,15900.0,-0.010012599292429814,1,0,-1
2021-10-28,PB2112,15750.0,-0.00947874395454377,0,0,0
2021-10-29,PB2112,15705.0,-0.002861232281032235,0,0,0
2021-11-01,PB2112,15680.0,-0.0015931180683480637,0,0,0
2021-11-02,PB2112,15745.0,0.004136839630726126,0,0,0
2021-11-03,PB2112,15865.0,0.007592570482170994,0,0,0
2021-11-04,PB2112,15715.0,-0.009499754785627985,1,0,-1
2021-11-05,PB2112,15745.0,0.0019071843034569826,0,0,0
2021-11-08,PB2112,15505.0,-0.01536030200057574,1,0,-1
2021-11-09,PB2112,15610.0,0.00674918197492833,0,0,0
2021-11-10,PB2112,15570.0,-0.002565748681433757,0,0,0
2021-11-11,PB2112,15420.0,-0.009680617710723507,1,0,-1
2021-11-12,PB2112,15570.0,0.009680617710723496,0,0,0
2021-11-15,PB2112,15260.0,-0.02011095998959605,1,0,-1
2021-11-16,PB2112,15195.0,-0.004268599487554519,0,0,0
2021-11-17,PB2112,14995.0,-0.013249614167783986,1,0,-1
2021-11-18,PB2112,14890.0,-0.0070269655050547485,0,0,0
2021-11-19,PB2112,14840.0,-0.003363608956683267,0,0,0
2021-11-22,PB2112,14865.0,0.0016832187108267124,0,0,0
2021-11-23,PB2112,14945.0,0.005367339285840188,0,0,0
2021-11-24,PB2201,15285.0,0.02249515960689667,0,1,1
2021-11-25,PB2201,15275.0,-0.0006544502851388419,0,0,0
2021-11-26,PB2201,15330.0,0.0035941878260637343,0,0,0
2021-11-29,PB2201,15405.0,0.004880439164908569,0,0,0
2021-11-30,PB2201,15340.0,-0.004228336109521064,0,0,0
2021-12-01,PB2201,15280.0,-0.003919012200735719,0,0,0
2021-12-02,PB2201,15245.0,-0.002293203298156349,0,0,0
2021-12-03,PB2201,15265.0,0.0013110457466231735,0,0,0
2021-12-06,PB2201,14820.0,-0.029585006318900306,1,0,-1
2021-12-07,PB2201,14955.0,0.009068072213970518,0,0,0
2021-12-08,PB2201,15175.0,0.014603644863650567,0,1,1
2021-12-09,PB2201,15520.0,0.022480177809510657,0,1,1
2021-12-10,PB2201,15470.0,-0.003226850170097927,0,0,0
2021-12-13,PB2201,15740.0,0.017302578404282353,0,1,1
2021-12-14,PB2201,15715.0,-0.0015895727397262404,0,0,0
2021-12-15,PB2201,15320.0,-0.02545650593708563,1,0,-1
2021-12-16,PB2201,15425.0,0.0068304054790063184,0,0,0
2021-12-17,PB2201,15670.0,0.01575848657647795,0,1,1
2021-12-20,PB2201,15470.0,-0.012845391782954756,1,0,-1
2021-12-21,PB2202,15575.0,0.006764400088542063,0,0,0
2021-12-22,PB2202,15515.0,-0.0038597667731732886,0,0,0
2021-12-23,PB2202,15705.0,0.012171835090266392,0,1,1
2021-12-24,PB2202,15480.0,-0.014430264829028783,1,0,-1
2021-12-27,PB2202,15375.0,-0.006806054468999502,0,0,0
2021-12-28,PB2202,15400.0,0.001624695727001983,0,0,0
2021-12-29,PB2202,15500.0,0.00647251450561752,0,0,0
2021-12-30,PB2202,15325.0,-0.011354542102925785,1,0,-1
2021-12-31,PB2202,15300.0,-0.0016326534238853348,0,0,0
2022-01-04,PB2202,15385.0,0.005540180375615351,0,0,0
2022-01-05,PB2202,15200.0,-0.0120975809217745,1,0,-1
2022-01-06,PB2202,15060.0,-0.009253205480483159,0,0,0
2022-01-07,PB2202,15415.0,0.023298838966366142,0,1,1
2022-01-10,PB2202,15190.0,-0.014703744730432145,1,0,-1
2022-01-11,PB2202,15190.0,0.0,0,0,0
2022-01-12,PB2202,15310.0,0.007868893061910864,0,0,0
2022-01-13,PB2202,15365.0,0.003585985912855606,0,0,0
2022-01-14,PB2202,15655.0,0.018698159195921053,0,1,1
2022-01-17,PB2202,15660.0,0.0003193357842880165,0,0,0
2022-01-18,PB2202,15615.0,-0.002877699827615169,0,0,0
2022-01-19,PB2203,15540.0,-0.004814645795540563,0,0,0
2022-01-20,PB2203,15815.0,0.01754151181811084,0,1,1
2022-01-21,PB2203,15675.0,-0.008891770238627772,0,0,0
2022-01-24,PB2203,15700.0,0.001593625835278026,0,0,0
2022-01-25,PB2203,15455.0,-0.015728136770182796,1,0,-1
2022-01-26,PB2203,15440.0,-0.000971030987449567,0,0,0
2022-01-27,PB2203,15395.0,-0.0029187632201664268,0,0,0
2022-01-28,PB2203,15210.0,-0.012089675105262238,1,0,-1
2022-02-07,PB2203,14820.0,-0.025975486403260677,1,0,-1
2022-02-08,PB2203,14840.0,0.001348617871293463,0,0,0
2022-02-09,PB2203,14995.0,0.010390574461737967,0,1,1
2022-02-10,PB2203,15230.0,0.01555035470609798,0,1,1
2022-02-11,PB2203,15230.0,0.0,0,0,0
2022-02-14,PB2203,15385.0,0.010125841866934668,0,0,0
2022-02-15,PB2203,15360.0,-0.001626281054479031,0,0,0
2022-02-16,PB2203,15310.0,-0.003260518049933759,0,0,0
2022-02-17,PB2203,15490.0,0.011688444759184865,0,1,1
2022-02-18,PB2203,15470.0,-0.0012919898438024683,0,0,0
2022-02-21,PB2204,15420.0,-0.0032372964497913107,0,0,0
2022-02-22,PB2204,15530.0,0.007108269025412245,0,0,0
2022-02-23,PB2204,15565.0,0.0022511667329758287,0,0,0
2022-02-24,PB2204,15540.0,-0.0016074589540701102,0,0,0
2022-02-25,PB2204,15615.0,0.0048146457955404506,0,0,0
2022-02-28,PB2204,15550.0,-0.0041713521097987314,0,0,0
2022-03-01,PB2204,15585.0,0.00224827459405731,0,0,0
2022-03-02,PB2204,15580.0,-0.00032087277669823734,0,0,0
2022-03-03,PB2204,15495.0,-0.005470649202890667,0,0,0
2022-03-04,PB2204,15480.0,-0.000968523078130537,0,0,0
2022-03-07,PB2204,15770.0,0.018560532813365917,0,1,1
2022-03-08,PB2204,15970.0,0.012602561251974136,0,1,1
2022-03-09,PB2204,15410.0,-0.03569531289489673,1,0,-1
2022-03-10,PB2204,15185.0,-0.014708550834312295,1,0,-1
2022-03-11,PB2204,15275.0,0.005909406559946881,0,0,0
2022-03-14,PB2204,15215.0,-0.0039357217087245665,0,0,0
2022-03-15,PB2204,15085.0,-0.008580910737909994,0,0,0
2022-03-16,PB2205,15145.0,0.0039695718681761055,0,0,0
2022-03-17,PB2205,15275.0,0.008547060578458348,0,0,0
2022-03-18,PB2205,15265.0,-0.0006548788708178622,0,0,0
2022-03-21,PB2205,15200.0,-0.004267198334610491,0,0,0
2022-03-22,PB2205,15265.0,0.004267198334610407,0,0,0
2022-03-23,PB2205,15260.0,-0.00032760033053022265,0,0,0
2022-03-24,PB2205,15380.0,0.007832938221186891,0,0,0
2022-03-25,PB2205,15445.0,0.004217362293047179,0,0,0
2022-03-28,PB2205,15480.0,0.0022635417910359347,0,0,0
2022-03-29,PB2205,15590.0,0.007080814908104033,0,0,0
2022-03-30,PB2205,15705.0,0.007349449920924724,0,0,0
2022-03-31,PB2205,15815.0,0.006979723767002404,0,0,0
2022-04-01,PB2205,15740.0,-0.004753613768354992,0,0,0
2022-04-06,PB2205,15770.0,0.001904157985689794,0,0,0
2022-04-07,PB2205,15675.0,-0.006042314455962586,0,0,0
2022-04-08,PB2205,15455.0,-0.014134510934904806,1,0,-1
2022-04-11,PB2205,15385.0,-0.004539566810074518,0,0,0
2022-04-12,PB2205,15370.0,-0.0009754512235006277,0,0,0
2022-04-13,PB2205,15490.0,0.007777096878272806,0,0,0
2022-04-14,PB2205,15320.0,-0.011035490116332005,1,0,-1
2022-04-15,PB2205,15440.0,0.0078023802841848,0,0,0
2022-04-18,PB2205,15595.0,0.009988805463136506,0,0,0
2022-04-19,PB2205,15560.0,-0.002246831309521062,0,0,0
2022-04-20,PB2206,15435.0,-0.008065860796122933,0,0,0
2022-04-21,PB2206,15680.0,0.015748356968139112,0,1,1
2022-04-22,PB2206,15725.0,0.002865787664242446,0,0,0
2022-04-25,PB2206,15650.0,-0.004780885600342008,0,0,0
2022-04-26,PB2206,15575.0,-0.0048038523126453896,0,0,0
2022-04-27,PB2206,15495.0,-0.005149673433805241,0,0,0
2022-04-28,PB2206,15435.0,-0.003879733285588963,0,0,0
2022-04-29,PB2206,15695.0,0.016704532339794232,0,1,1
2022-05-05,PB2206,15750.0,0.0034981749777251154,0,0,0
2022-05-06,PB2206,15775.0,0.0015860431556347797,0,0,0
2022-05-09,PB2206,15545.0,-0.014687364916559729,1,0,-1
2022-05-10,PB2206,15320.0,-0.014579879198271929,1,0,-1
2022-05-11,PB2206,15120.0,-0.013140793561058255,1,0,-1
2022-05-12,PB2206,14980.0,-0.009302392662313561,0,0,0
2022-05-13,PB2206,14925.0,-0.00367831881040768,0,0,0
2022-05-16,PB2206,14960.0,0.0023423132676654622,0,0,0
2022-05-17,PB2206,14895.0,-0.004354386381085624,0,0,0
2022-05-18,PB2206,14770.0,-0.00842748962195719,0,0,0
2022-05-19,PB2206,14905.0,0.009098630586746419,0,0,0
2022-05-20,PB2206,15005.0,0.0066867517622956,0,0,0
2022-05-23,PB2207,15055.0,0.0033266830413667746,0,0,0
2022-05-24,PB2207,15150.0,0.00629037002168096,0,0,0
2022-05-25,PB2207,15085.0,-0.004299659344353775,0,0,0
2022-05-26,PB2207,14800.0,-0.019073691840955045,1,0,-1
2022-05-27,PB2207,15045.0,0.01641852931193919,0,1,1
2022-05-30,PB2207,15075.0,0.0019920325312405766,0,0,0
2022-05-31,PB2207,15210.0,0.008915363657952329,0,0,0
2022-06-01,PB2207,15125.0,-0.005604102354296281,0,0,0
2022-06-02,PB2207,15030.0,-0.006300800152022048,0,0,0
2022-06-06,PB2207,14945.0,-0.005671408028981979,0,0,0
2022-06-07,PB2207,15120.0,0.01164157501548577,0,1,1
2022-06-08,PB2207,15275.0,0.010199134306272117,0,1,1
2022-06-09,PB2207,15175.0,-0.006568168112097044,0,0,0
2022-06-10,PB2207,15025.0,-0.009933856524290737,1,0,-1
2022-06-13,PB2207,14955.0,-0.004669788339359906,0,0,0
2022-06-14,PB2207,14950.0,-0.00033439224521596015,0,0,0
2022-06-15,PB2207,14940.0,-0.0006691201320242076,0,0,0
2022-06-16,PB2207,14885.0,-0.0036881852369315864,0,0,0
2022-06-17,PB2207,15085.0,0.013346878143284807,0,1,1
2022-06-20,PB2207,14960.0,-0.008320900064693257,0,0,0
2022-06-21,PB2207,15215.0,0.016901810802603254,0,1,1
2022-06-22,PB2207,15185.0,-0.00197368485122232,0,0,0
2022-06-23,PB2208,15110.0,-0.004951322213063884,0,0,0
2022-06-24,PB2208,14915.0,-0.012989358317936307,1,0,-1
2022-06-27,PB2208,15185.0,0.017940680531000144,0,1,1
2022-06-28,PB2208,15245.0,0.0039434819425060545,0,0,0
2022-06-29,PB2208,15170.0,-0.004931787079777193,0,0,0
2022-06-30,PB2208,15280.0,0.0072249903779335115,0,0,0
2022-07-01,PB2208,15085.0,-0.012843911127350048,1,0,-1
2022-07-04,PB2208,15090.0,0.00033140016873301327,0,0,0
2022-07-05,PB2208,14955.0,-0.008986580697846133,0,0,0
2022-07-06,PB2208,14920.0,-0.0023430973062965646,0,0,0
2022-07-07,PB2208,15115.0,0.012985033455806564,0,1,1
2022-07-08,PB2208,14865.0,-0.016678171781360347,1,0,-1
2022-07-11,PB2208,14830.0,-0.0023573003002202255,0,0,0
2022-07-12,PB2208,15070.0,0.016053856488563258,0,1,1
2022-07-13,PB2208,14880.0,-0.012687983233458341,1,0,-1
2022-07-14,PB2208,14655.0,-0.015236455242090068,1,0,-1
2022-07-15,PB2208,14620.0,-0.002391119841223316,0,0,0
2022-07-18,PB2208,15040.0,0.028322864200061307,0,1,1
2022-07-19,PB2208,15095.0,0.003650244637108307,0,0,0
2022-07-20,PB2208,15125.0,0.001985440758102957,0,0,0
2022-07-21,PB2208,15245.0,0.007902576523313014,0,0,0
2022-07-22,PB2209,15150.0,-0.006251048484839923,0,0,0
2022-07-25,PB2209,15215.0,0.0042812513935561805,0,0,0
2022-07-26,PB2209,15275.0,0.003935721708724643,0,0,0
2022-07-27,PB2209,15185.0,-0.005909406559946905,0,0,0
2022-07-28,PB2209,15305.0,0.00787147389966382,0,0,0
2022-07-29,PB2209,15290.0,-0.0009805524564048909,0,0,0
2022-08-01,PB2209,15135.0,-0.010189077467288908,1,0,-1
2022-08-02,PB2209,15210.0,0.004943163797519509,0,0,0
2022-08-03,PB2209,15160.0,-0.0032927260569758678,0,0,0
2022-08-04,PB2209,15140.0,-0.001320132204922844,0,0,0
2022-08-05,PB2209,15225.0,0.005598565586658005,0,0,0
2022-08-08,PB2209,15290.0,0.004260206345010274,0,0,0
2022-08-09,PB2209,15315.0,0.0016337203437675456,0,0,0
2022-08-10,PB2209,15225.0,-0.005893926688777801,0,0,0
2022-08-11,PB2209,15250.0,0.0016406894574600179,0,0,0
2022-08-12,PB2209,15315.0,0.004253237231318019,0,0,0
2022-08-15,PB2209,14985.0,-0.02178303951611205,1,0,-1
2022-08-16,PB2209,15040.0,0.0036636177530672614,0,0,0
2022-08-17,PB2209,15100.0,0.003981425299184822,0,0,0
2022-08-18,PB2209,14960.0,-0.009314771274547485,0,0,0
2022-08-19,PB2209,14960.0,0.0,0,0,0
2022-08-22,PB2209,15080.0,0.007989390033478861,0,0,0
2022-08-23,PB2209,15065.0,-0.0009951899975454606,0,0,0
2022-08-24,PB2209,15080.0,0.0009951899975455016,0,0,0
2022-08-25,PB2209,15160.0,0.00529101763441568,0,0,0
2022-08-26,PB2209,15020.0,-0.009277733878236877,0,0,0
2022-08-29,PB2210,14960.0,-0.004002673789657556,0,0,0
2022-08-30,PB2210,14920.0,-0.002677377770716403,0,0,0
2022-08-31,PB2210,14915.0,-0.00033517680890298015,0,0,0
2022-09-01,PB2210,14800.0,-0.007740237196642488,0,0,0
2022-09-02,PB2210,14885.0,0.005726813697670242,0,0,0
2022-09-05,PB2210,14920.0,0.002348600307875014,0,0,0
2022-09-06,PB2210,15060.0,0.009339627596132624,0,0,0
2022-09-07,PB2210,15030.0,-0.0019940186068643953,0,0,0
2022-09-08,PB2210,15110.0,0.0053085725197649985,0,0,0
2022-09-09,PB2210,14940.0,-0.01131459657997695,1,0,-1
2022-09-13,PB2210,15145.0,0.013628264774529325,0,1,1
2022-09-14,PB2210,14995.0,-0.009953632278228174,1,0,-1
2022-09-15,PB2210,15050.0,0.0036611789939123168,0,0,0
2022-09-16,PB2210,14925.0,-0.00834033191621895,0,0,0
2022-09-19,PB2210,14875.0,-0.0033557078469723042,0,0,0
2022-09-20,PB2210,14910.0,0.002350177344953673,0,0,0
2022-09-21,PB2210,14960.0,0.00334784376968412,0,0,0
2022-09-22,PB2210,15005.0,0.0030035063459991815,0,0,0
2022-09-23,PB2210,14885.0,-0.008029484424590762,0,0,0
2022-09-26,PB2210,14940.0,0.0036881852369315235,0,0,0
2022-09-27,PB2211,14860.0,-0.005369140415058097,0,0,0
2022-09-28,PB2211,14880.0,0.0013449901153326123,0,0,0
2022-09-29,PB2211,15005.0,0.00836544948738454,0,0,0
2022-09-30,PB2211,15030.0,0.0016647248725527143,0,0,0
2022-10-10,PB2211,15245.0,0.014203376675335026,0,1,1
2022-10-11,PB2211,15265.0,0.0013110457466231735,0,0,0
2022-10-12,PB2211,15295.0,0.001963351416025624,0,0,0
2022-10-13,PB2211,15280.0,-0.0009811938644922946,0,0,0
2022-10-14,PB2211,15365.0,0.0055474118440735605,0,0,0
2022-10-17,PB2211,15310.0,-0.00358598591285554,0,0,0
2022-10-18,PB2211,15315.0,0.00032653061514616464,0,0,0
2022-10-19,PB2211,15310.0,-0.00032653061514615,0,0,0
2022-10-20,PB2211,15350.0,0.0026092643636138452,0,0,0
2022-10-21,PB2211,15460.0,0.00714056912606979,0,0,0
2022-10-24,PB2211,15365.0,-0.006163847576827896,0,0,0
2022-10-25,PB2211,15310.0,-0.00358598591285554,0,0,0
2022-10-26,PB2212,15190.0,-0.00786889306191089,0,0,0
2022-10-27,PB2212,15125.0,-0.004288312690776366,0,0,0
2022-10-28,PB2212,15080.0,-0.0029796413370951447,0,0,0
2022-10-31,PB2212,15180.0,0.006609409387673807,0,0,0
2022-11-01,PB2212,15160.0,-0.0013183917532582244,0,0,0
2022-11-02,PB2212,15155.0,-0.0003298697044591705,0,0,0
2022-11-03,PB2212,15165.0,0.0006596306307780413,0,0,0
2022-11-04,PB2212,15230.0,0.004277025766525927,0,0,0
2022-11-07,PB2212,15125.0,-0.006918162990165267,0,0,0
2022-11-08,PB2212,15165.0,0.0026411372236393674,0,0,0
2022-11-09,PB2212,15290.0,0.008208878800426407,0,0,0
2022-11-10,PB2212,15535.0,0.015896522904039832,0,1,1
2022-11-11,PB2212,15680.0,0.009290472077250983,0,0,0
2022-11-14,PB2212,15585.0,-0.006077101702961337,0,0,0
2022-11-15,PB2212,15880.0,0.018751542599689152,0,1,1
2022-11-16,PB2212,15880.0,0.0,0,0,0
2022-11-17,PB2212,15635.0,-0.015548464909185067,1,0,-1
2022-11-18,PB2212,15670.0,0.0022360654581248633,0,0,0
2022-11-21,PB2301,15700.0,0.0019126559863329874,0,0,0
2022-11-22,PB2301,15735.0,0.0022268181621077597,0,0,0
2022-11-23,PB2301,15610.0,-0.007975795989029503,0,0,0
2022-11-24,PB2301,15725.0,0.007340068059163468,0,0,0
2022-11-25,PB2301,15640.0,-0.005420067469339145,0,0,0
2022-11-28,PB2301,15595.0,-0.0028813850573984195,0,0,0
2022-11-29,PB2301,15670.0,0.004797706308162958,0,0,0
2022-11-30,PB2301,15740.0,0.00445718662132766,0,0,0
2022-12-01,PB2301,15750.0,0.0006351222823848089,0,0,0
2022-12-02,PB2301,15745.0,-0.00031751071865405447,0,0,0
2022-12-05,PB2301,16005.0,0.016378318868838313,0,1,1
2022-12-06,PB2301,15940.0,-0.004069500059757415,0,0,0
2022-12-07,PB2301,15770.0,-0.010722272387121912,1,0,-1
2022-12-08,PB2301,15730.0,-0.002539683904760532,0,0,0
2022-12-09,PB2301,15810.0,0.005072934151194143,0,0,0
2022-12-12,PB2301,15540.0,-0.01722530628187928,1,0,-1
2022-12-13,PB2301,15590.0,0.0032123381301837994,0,0,0
2022-12-14,PB2301,15530.0,-0.003856045909089429,0,0,0
2022-12-15,PB2301,15445.0,-0.0054883107900506566,0,0,0
2022-12-16,PB2301,15550.0,0.006775312254698053,0,0,0
2022-12-19,PB2301,15510.0,-0.0025756614367957054,0,0,0
2022-12-20,PB2301,15465.0,-0.002905571051414524,0,0,0
2022-12-21,PB2301,15505.0,0.0025831464153793747,0,0,0
2022-12-22,PB2302,15765.0,0.01662974044461194,0,1,1
2022-12-23,PB2302,15865.0,0.006323132038134813,0,0,0
2022-12-26,PB2302,15980.0,0.007222515302969804,0,0,0
2022-12-27,PB2302,16120.0,0.008722796740353735,0,0,0
2022-12-28,PB2302,16185.0,0.004024150299725548,0,0,0
2022-12-29,PB2302,15905.0,-0.017451362177100218,1,0,-1
2022-12-30,PB2302,15925.0,0.0012566762571196348,0,0,0
2023-01-03,PB2302,15875.0,-0.0031446566794717194,0,0,0
2023-01-04,PB2302,15765.0,-0.006953251781731256,0,0,0
2023-01-05,PB2302,15675.0,-0.005725206478039737,0,0,0
2023-01-06,PB2302,15620.0,-0.003514942107444497,0,0,0
2023-01-09,PB2302,15595.0,-0.0016017943517733322,0,0,0
2023-01-10,PB2303,15555.0,-0.0025682197101661868,0,0,0
2023-01-11,PB2303,15375.0,-0.011639316657018815,1,0,-1
2023-01-12,PB2303,15370.0,-0.00032525614207711104,0,0,0
2023-01-13,PB2303,15255.0,-0.007510239381871573,0,0,0
2023-01-16,PB2303,15340.0,0.005556477770477179,0,0,0
2023-01-17,PB2303,15370.0,0.001953761611394377,0,0,0
2023-01-18,PB2303,15360.0,-0.0006508298309783697,0,0,0
2023-01-19,PB2303,15285.0,-0.004894772376728281,0,0,0
2023-01-20,PB2303,15190.0,-0.006234638735116334,0,0,0
2023-01-30,PB2303,15230.0,0.0026298502993889433,0,0,0
2023-01-31,PB2303,15210.0,-0.0013140606358689687,0,0,0
2023-02-01,PB2303,15270.0,0.003937012959339599,0,0,0
2023-02-02,PB2303,15340.0,0.004573676708569006,0,0,0
2023-02-03,PB2303,15275.0,-0.004246290881451097,0,0,0
2023-02-06,PB2303,15310.0,0.0022887046119333438,0,0,0
2023-02-07,PB2303,15235.0,-0.0049107972319200706,0,0,0
2023-02-08,PB2303,15245.0,0.0006561680025457063,0,0,0
2023-02-09,PB2303,15265.0,0.0013110457466231735,0,0,0
2023-02-10,PB2303,15395.0,0.008480155189622585,0,0,0
2023-02-13,PB2303,15255.0,-0.009135463207830785,0,0,0
2023-02-14,PB2303,15270.0,0.0009828010619080778,0,0,0
2023-02-15,PB2303,15230.0,-0.0026229523234705915,0,0,0
2023-02-16,PB2303,15155.0,-0.004936656397303989,0,0,0
2023-02-17,PB2303,15170.0,0.0009892828506743126,0,0,0
2023-02-20,PB2303,15220.0,0.0032905590730988588,0,0,0
2023-02-21,PB2303,15395.0,0.011432428942923916,0,1,1
2023-02-22,PB2304,15445.0,0.0032425449940813285,0,0,0
2023-02-23,PB2304,15345.0,-0.006495638298845518,0,0,0
2023-02-24,PB2304,15350.0,0.0003257859615067385,0,0,0
2023-02-27,PB2304,15345.0,-0.0003257859615066872,0,0,0
2023-02-28,PB2304,15350.0,0.0003257859615067385,0,0,0
2023-03-01,PB2304,15340.0,-0.0006516780940960768,0,0,0
2023-03-02,PB2304,15285.0,-0.003591840596312248,0,0,0
2023-03-03,PB2304,15295.0,0.0006540222600689855,0,0,0
2023-03-06,PB2304,15285.0,-0.0006540222600689172,0,0,0
2023-03-07,PB2304,15285.0,0.0,0,0,0
2023-03-08,PB2304,15195.0,-0.00590552897404141,0,0,0
2023-03-09,PB2304,15180.0,-0.000987654401272541,0,0,0
2023-03-10,PB2304,15155.0,-0.0016482614577174209,0,0,0
2023-03-13,PB2304,15150.0,-0.00032997855438836847,0,0,0
2023-03-14,PB2304,15240.0,0.005923018303122071,0,0,0
2023-03-15,PB2304,15260.0,0.0013114755978106555,0,0,0
2023-03-16,PB2304,15245.0,-0.000983445416092861,0,0,0
2023-03-17,PB2304,15405.0,0.010440551608413133,0,1,1
2023-03-20,PB2304,15320.0,-0.005532967736186048,0,0,0
2023-03-21,PB2304,15395.0,0.004883617064018521,0,0,0
2023-03-22,PB2305,15350.0,-0.0029273073432575097,0,0,0
2023-03-23,PB2305,15375.0,0.0016273396593754076,0,0,0
2023-03-24,PB2305,15390.0,0.0009751341582062914,0,0,0
2023-03-27,PB2305,15440.0,0.003243596745842199,0,0,0
2023-03-28,PB2305,15420.0,-0.0012961764614466856,0,0,0
2023-03-29,PB2305,15260.0,-0.010430342278872446,1,0,-1
2023-03-30,PB2305,15305.0,0.002944546541064824,0,0,0
2023-03-31,PB2305,15285.0,-0.0013076170545779583,0,0,0
2023-04-03,PB2305,15175.0,-0.007222618397235915,0,0,0
2023-04-04,PB2305,15205.0,0.0019749841837661086,0,0,0
2023-04-06,PB2305,15230.0,0.001642845777742364,0,0,0
2023-04-07,PB2305,15320.0,0.00589199740537469,0,0,0
2023-04-10,PB2305,15320.0,0.0,0,0,0
2023-04-11,PB2305,15285.0,-0.0022872089696474667,0,0,0
2023-04-12,PB2305,15280.0,-0.0003271716044234116,0,0,0
2023-04-13,PB2305,15320.0,0.0026143805740708936,0,0,0
2023-04-14,PB2305,15305.0,-0.0009795919150694036,0,0,0
2023-04-17,PB2305,15390.0,0.005538375453411933,0,0,0
2023-04-18,PB2306,15360.0,-0.0019512201312618048,0,0,0
2023-04-19,PB2306,15395.0,0.002276053656937514,0,0,0
2023-04-20,PB2306,15410.0,0.0009738679555607518,0,0,0
2023-04-21,PB2306,15290.0,-0.0078176293910534,0,0,0
2023-04-24,PB2306,15300.0,0.0006538084574189426,0,0,0
2023-04-25,PB2306,15295.0,-0.00032685079552299937,0,0,0
2023-04-26,PB2306,15315.0,0.0013067626818717235,0,0,0
2023-04-27,PB2306,15275.0,-0.0026152352270795037,0,0,0
2023-04-28,PB2306,15255.0,-0.0013101868890260738,0,0,0
2023-05-04,PB2306,15370.0,0.007510239381871499,0,0,0
2023-05-05,PB2306,15345.0,-0.0016278694788049593,0,0,0
2023-05-08,PB2306,15275.0,-0.004572183014040509,0,0,0
2023-05-09,PB2306,15245.0,-0.0019659246174409447,0,0,0
2023-05-10,PB2306,15285.0,0.002620374902579722,0,0,0
2023-05-11,PB2306,15305.0,0.0013076170545780696,0,0,0
2023-05-12,PB2306,15230.0,-0.004912405490305366,0,0,0
2023-05-15,PB2306,15200.0,-0.0019717390548397024,0,0,0
2023-05-16,PB2306,15185.0,-0.0009873293545185756,0,0,0
2023-05-17,PB2306,15215.0,0.001973684851222219,0,0,0
2023-05-18,PB2306,15305.0,0.005897789048441351,0,0,0
2023-05-19,PB2306,15380.0,0.004888391680122068,0,0,0
2023-05-22,PB2306,15375.0,-0.00032515038491637114,0,0,0
2023-05-23,PB2306,15305.0,-0.004563241295205705,0,0,0
2023-05-24,PB2307,15285.0,-0.0013076170545779583,0,0,0
2023-05-25,PB2307,15270.0,-0.000981836112256813,0,0,0
2023-05-26,PB2307,15265.0,-0.0003274930436998948,0,0,0
2023-05-29,PB2307,15240.0,-0.001639075928340963,0,0,0
2023-05-30,PB2307,15215.0,-0.0016417669095657762,0,0,0
2023-05-31,PB2307,15195.0,-0.001315356980178049,0,0,0
2023-06-01,PB2307,15140.0,-0.003626178359453691,0,0,0
2023-06-02,PB2307,15050.0,-0.005962256814418024,0,0,0
2023-06-05,PB2307,15055.0,0.0003321707388125197,0,0,0
2023-06-06,PB2307,15080.0,0.0016592006461127583,0,0,0
2023-06-07,PB2307,15165.0,0.005620778560734365,0,0,0
2023-06-08,PB2307,15165.0,0.0,0,0,0
2023-06-09,PB2307,15180.0,0.000988630826939435,0,0,0
2023-06-12,PB2307,15275.0,0.00623873309017508,0,0,0
2023-06-13,PB2307,15335.0,0.003920292508555893,0,0,0
2023-06-14,PB2307,15315.0,-0.0013050572814762534,0,0,0
2023-06-15,PB2307,15380.0,0.004235223792759245,0,0,0
2023-06-16,PB2307,15460.0,0.0051880790817778995,0,0,0
2023-06-19,PB2307,15495.0,0.0022613480804356875,0,0,0
2023-06-20,PB2308,15545.0,0.003221652271005537,0,0,0
2023-06-21,PB2308,15595.0,0.003211306549049481,0,0,0
2023-06-26,PB2308,15550.0,-0.002889711434523424,0,0,0
2023-06-27,PB2308,15490.0,-0.003865984196465906,0,0,0
2023-06-28,PB2308,15475.0,-0.0009688358581174327,0,0,0
2023-06-29,PB2308,15460.0,-0.0009697754113839125,0,0,0
2023-06-30,PB2308,15440.0,-0.0012944985626458082,0,0,0
2023-07-03,PB2308,15615.0,0.011270446138411825,0,1,1
2023-07-04,PB2308,15520.0,-0.0061024759799691766,0,0,0
2023-07-05,PB2308,15490.0,-0.0019348603262954217,0,0,0
2023-07-06,PB2308,15555.0,0.004187475920823167,0,0,0
2023-07-07,PB2308,15505.0,-0.0032195777971881006,0,0,0
2023-07-10,PB2308,15510.0,0.0003224246360352154,0,0,0
2023-07-11,PB2308,15560.0,0.003218541561798124,0,0,0
2023-07-12,PB2308,15520.0,-0.0025740039951728773,0,0,0
2023-07-13,PB2308,15655.0,0.008660840023296408,0,0,0
2023-07-14,PB2308,15740.0,0.0054148882108882536,0,0,0
2023-07-17,PB2308,15750.0,0.0006351222823848089,0,0,0
2023-07-18,PB2308,15705.0,-0.002861232281032235,0,0,0
2023-07-19,PB2308,15755.0,0.003178642218628029,0,0,0
2023-07-20,PB2308,15825.0,0.004433192821002056,0,0,0
2023-07-21,PB2308,15925.0,0.0062992334279871505,0,0,0
2023-07-24,PB2308,15980.0,0.003447738879901521,0,0,0
2023-07-25,PB2309,16100.0,0.007481331652288766,0,0,0
2023-07-26,PB2309,15975.0,-0.007794271726818797,0,0,0
2023-07-27,PB2309,15925.0,-0.0031347988053715033,0,0,0
2023-07-28,PB2309,15960.0,0.002195390563435656,0,0,0
2023-07-31,PB2309,15970.0,0.0006263702052583445,0,0,0
2023-08-01,PB2309,15895.0,-0.00470736786415507,0,0,0
2023-08-02,PB2309,15935.0,0.0025133535065336647,0,0,0
2023-08-03,PB2309,15925.0,-0.0006277464110727189,0,0,0
2023-08-04,PB2309,15950.0,0.001568627772626434,0,0,0
2023-08-07,PB2309,15920.0,-0.0018826488146166764,0,0,0
2023-08-08,PB2309,15945.0,0.001569120045783959,0,0,0
2023-08-09,PB2309,15950.0,0.000313528768832621,0,0,0
2023-08-10,PB2309,15985.0,0.0021919532809511265,0,0,0
2023-08-11,PB2309,15950.0,-0.0021919532809512032,0,0,0
2023-08-14,PB2309,15875.0,-0.004713284452098202,0,0,0
2023-08-15,PB2309,15955.0,0.005026714951451443,0,0,0
2023-08-16,PB2309,16005.0,0.003128913691619493,0,0,0
2023-08-17,PB2309,16040.0,0.002184429016541988,0,0,0
2023-08-18,PB2309,16070.0,0.0018685773110527486,0,0,0
2023-08-21,PB2309,16155.0,0.0052754195270402916,0,0,0
2023-08-22,PB2310,16295.0,0.008628713013063205,0,0,0
2023-08-23,PB2310,16430.0,0.008250619759651918,0,0,0
2023-08-24,PB2310,16425.0,-0.0003043676785024671,0,0,0
2023-08-25,PB2310,16435.0,0.0006086427455085427,0,0,0
2023-08-28,PB2310,16330.0,-0.00640930013380895,0,0,0
2023-08-29,PB2310,16105.0,-0.013874124199211626,1,0,-1
2023-08-30,PB2310,16305.0,0.012342026458120239,0,1,1
2023-08-31,PB2310,16310.0,0.0003066073916400007,0,0,0
2023-09-01,PB2310,17055.0,0.04466499923768645,0,1,1
2023-09-04,PB2310,16595.0,-0.027341970698671128,1,0,-1
2023-09-05,PB2310,16515.0,-0.004832386329185001,0,0,0
2023-09-06,PB2310,16750.0,0.014129199428322489,0,1,1
2023-09-07,PB2310,17075.0,0.01921714718577835,0,1,1
2023-09-08,PB2310,17025.0,-0.0029325534212776413,0,0,0
2023-09-11,PB2310,17085.0,0.003518033531679029,0,0,0
2023-09-12,PB2310,16965.0,-0.007048487331061739,0,0,0
2023-09-13,PB2310,16930.0,-0.0020652020911495214,0,0,0
2023-09-14,PB2310,16870.0,-0.003550299587167048,0,0,0
2023-09-15,PB2310,17110.0,0.014126191346225128,0,1,1
2023-09-18,PB2310,17255.0,0.008438868645864604,0,0,0
2023-09-19,PB2310,17275.0,0.0011584131037669617,0,0,0
2023-09-20,PB2310,17325.0,0.0028901754222334236,0,0,0
2023-09-21,PB2310,16920.0,-0.023654190897889716,1,0,-1
2023-09-22,PB2311,16875.0,-0.002663117419483662,0,0,0
2023-09-25,PB2311,16825.0,-0.0029673612278020007,0,0,0
2023-09-26,PB2311,16760.0,-0.0038707804768545063,0,0,0
2023-09-27,PB2311,16620.0,-0.008388305626634856,0,0,0
2023-09-28,PB2311,16490.0,-0.007852652855794636,0,0,0
2023-10-09,PB2311,16655.0,0.009956335074135406,0,0,0
2023-10-10,PB2311,16415.0,-0.014514920692087034,1,0,-1
2023-10-11,PB2311,16345.0,-0.00427351077738205,0,0,0
2023-10-12,PB2311,16370.0,0.001528351206869576,0,0,0
2023-10-13,PB2311,16220.0,-0.009205342695776672,0,0,0
2023-10-16,PB2311,16135.0,-0.005254223183341745,0,0,0
2023-10-17,PB2311,16285.0,0.009253613224271661,0,0,0
2023-10-18,PB2311,16380.0,0.005816639696726645,0,0,0
2023-10-19,PB2311,16475.0,0.00578300196364753,0,0,0
2023-10-20,PB2311,16440.0,-0.002126690760537034,0,0,0
2023-10-23,PB2311,16480.0,0.0024301348532918907,0,0,0
2023-10-24,PB2311,16455.0,-0.0015181420860224215,0,0,0
2023-10-25,PB2312,16285.0,-0.010384943667106456,1,0,-1
2023-10-26,PB2312,16185.0,-0.006159551349989174,0,0,0
2023-10-27,PB2312,16285.0,0.0061595513499891315,0,0,0
2023-10-30,PB2312,16305.0,0.0012273705130856284,0,0,0
2023-10-31,PB2312,16320.0,0.0009195402946785818,0,0,0
2023-11-01,PB2312,16270.0,-0.003068428305014509,0,0,0
2023-11-02,PB2312,16460.0,0.011610274017977259,0,1,1
2023-11-03,PB2312,16620.0,0.009673594178378458,0,0,0
2023-11-06,PB2312,16595.0,-0.0015053442553641455,0,0,0
2023-11-07,PB2312,16490.0,-0.006347308600430443,0,0,0
2023-11-08,PB2312,16435.0,-0.003340929455324793,0,0,0
2023-11-09,PB2312,16465.0,0.001823708712144834,0,0,0
2023-11-10,PB2312,16505.0,0.00242644947682882,0,0,0
2023-11-13,PB2312,16605.0,0.006040489523553623,0,0,0
2023-11-14,PB2312,16415.0,-0.011508303875153912,1,0,-1
2023-11-15,PB2312,16505.0,0.005467814351600323,0,0,0
2023-11-16,PB2312,16770.0,0.015928210529961236,0,1,1
2023-11-17,PB2312,17030.0,0.015384918839479456,0,1,1
2023-11-20,PB2312,17045.0,0.0008804109152694608,0,0,0
2023-11-21,PB2401,16760.0,-0.016861810535929486,1,0,-1
2023-11-22,PB2401,16700.0,-0.0035863756312275773,0,0,0
2023-11-23,PB2401,16530.0,-0.01023180758977666,1,0,-1
2023-11-24,PB2401,16465.0,-0.0039399960046052444,0,0,0
2023-11-27,PB2401,16145.0,-0.01962651161808912,1,0,-1
2023-11-28,PB2401,16135.0,-0.0006195787063133552,0,0,0
2023-11-29,PB2401,16020.0,-0.007152883863712016,0,0,0
2023-11-30,PB2401,15810.0,-0.013195290418832545,1,0,-1
2023-12-01,PB2401,15785.0,-0.001582529211425679,0,0,0
2023-12-04,PB2401,15645.0,-0.008908744889109555,0,0,0
2023-12-05,PB2401,15610.0,-0.0022396425935047983,0,0,0
2023-12-06,PB2401,15580.0,-0.0019236940847384802,0,0,0
2023-12-07,PB2401,15535.0,-0.002892497597591459,0,0,0
2023-12-08,PB2401,15410.0,-0.008078893512986325,0,0,0
2023-12-11,PB2401,15550.0,0.009043989293218755,0,0,0
2023-12-12,PB2401,15575.0,0.0016064260482737947,0,0,0
2023-12-13,PB2401,15545.0,-0.0019280211627996922,0,0,0
2023-12-14,PB2402,15555.0,0.0006430868388832155,0,0,0
2023-12-15,PB2402,15620.0,0.0041700140619395165,0,0,0
2023-12-18,PB2402,15720.0,0.006381642589520611,0,0,0
2023-12-19,PB2402,15675.0,-0.0028667004820761123,0,0,0
2023-12-20,PB2402,15670.0,-0.00031903015105496393,0,0,0
2023-12-21,PB2402,15660.0,-0.0006383658052724418,0,0,0
2023-12-22,PB2402,15665.0,0.000319233841498051,0,0,0
2023-12-25,PB2402,15720.0,0.0035048625969054197,0,0,0
2023-12-26,PB2402,15745.0,0.0015890675519275176,0,0,0
2023-12-27,PB2402,15840.0,0.006015531833291821,0,0,0
2023-12-28,PB2402,15900.0,0.0037807228399061523,0,0,0
2023-12-29,PB2402,15875.0,-0.001573564447430552,0,0,0
2024-01-02,PB2402,15955.0,0.005026714951451443,0,0,0
2024-01-03,PB2402,15980.0,0.0015656806079218598,0,0,0
2024-01-04,PB2402,15965.0,-0.0009391141713832493,0,0,0
2024-01-05,PB2402,16055.0,0.00562150137473202,0,0,0
2024-01-08,PB2402,16140.0,0.005280335300325407,0,0,0
2024-01-09,PB2402,16185.0,0.0027842245364048603,0,0,0
2024-01-10,PB2402,16385.0,0.012281394772570228,0,1,1
2024-01-11,PB2402,16475.0,0.0054777982377929154,0,0,0
2024-01-12,PB2402,16325.0,-0.009146405226076147,0,0,0
2024-01-15,PB2403,16210.0,-0.007069339414910014,0,0,0
2024-01-16,PB2403,16230.0,0.0012330457789150066,0,0,0
2024-01-17,PB2403,16170.0,-0.0037037079374844144,0,0,0
2024-01-18,PB2403,16215.0,0.002779066170265807,0,0,0
2024-01-19,PB2403,16360.0,0.008902591415319646,0,0,0
2024-01-22,PB2403,16355.0,-0.00030567018425379995,0,0,0
2024-01-23,PB2403,16685.0,0.019976451212990083,0,1,1
2024-01-24,PB2403,16665.0,-0.0011994004436343486,0,0,0
2024-01-25,PB2403,16310.0,-0.021532295126780503,1,0,-1
2024-01-26,PB2403,16225.0,-0.005225154042768757,0,0,0
2024-01-29,PB2403,16240.0,0.0009240721433782668,0,0,0
2024-01-30,PB2403,16240.0,0.0,0,0,0
2024-01-31,PB2403,16300.0,0.003687773079184836,0,0,0
2024-02-01,PB2403,16230.0,-0.00430372628621678,0,0,0
2024-02-02,PB2403,16240.0,0.0006159532070319814,0,0,0
2024-02-05,PB2403,16205.0,-0.0021574981400212367,0,0,0
2024-02-06,PB2403,16185.0,-0.0012349492153030832,0,0,0
2024-02-07,PB2403,16180.0,-0.00030897574786209773,0,0,0
2024-02-08,PB2403,16250.0,0.004316997145400918,0,0,0
2024-02-19,PB2403,15910.0,-0.021145066426051,1,0,-1
2024-02-20,PB2403,15845.0,-0.0040938492068114205,0,0,0
2024-02-21,PB2403,15840.0,-0.00031560675660421874,0,0,0
2024-02-22,PB2404,15875.0,0.002207158392475611,0,0,0
2024-02-23,PB2404,15885.0,0.0006297229427242333,0,0,0
2024-02-26,PB2404,15895.0,0.0006293266412865408,0,0,0
2024-02-27,PB2404,15955.0,0.0037676653674407414,0,0,0
2024-02-28,PB2404,15945.0,-0.0006269592681859449,0,0,0
2024-02-29,PB2404,15970.0,0.001566661764900051,0,0,0
2024-03-01,PB2404,15970.0,0.0,0,0,0
2024-03-04,PB2404,15995.0,0.0015642111745602344,0,0,0
2024-03-05,PB2404,15990.0,-0.0003126465556185064,0,0,0
2024-03-06,PB2404,16020.0,0.001874414794350352,0,0,0
2024-03-07,PB2404,16040.0,0.0012476607981552772,0,0,0
2024-03-08,PB2404,16220.0,0.011159446248898449,0,1,1
2024-03-11,PB2404,16250.0,0.0018478600884796262,0,0,0
2024-03-12,PB2404,16270.0,0.0012300124551998545,0,0,0
2024-03-13,PB2404,16340.0,0.004293168200910371,0,0,0
2024-03-14,PB2404,16275.0,-0.0039859013372239155,0,0,0
2024-03-15,PB2405,16315.0,0.002454741950651054,0,0,0
2024-03-18,PB2405,16255.0,-0.0036843762894153294,0,0,0
2024-03-19,PB2405,16215.0,-0.0024638139965873908,0,0,0
2024-03-20,PB2405,16255.0,0.0024638139965872793,0,0,0
2024-03-21,PB2405,16230.0,-0.0015391722293688027,0,0,0
2024-03-22,PB2405,16235.0,0.00030802402830939764,0,0,0
2024-03-25,PB2405,16240.0,0.00030792917872253555,0,0,0
2024-03-26,PB2405,16155.0,-0.005247735457070315,0,0,0
2024-03-27,PB2405,16185.0,0.0018552881017461409,0,0,0
2024-03-28,PB2405,16465.0,0.01715202845011991,0,1,1
2024-03-29,PB2405,16815.0,0.02103442936390533,0,1,1
2024-04-01,PB2405,16490.0,-0.01951720862072541,1,0,-1
2024-04-02,PB2405,16490.0,0.0,0,0,0
2024-04-03,PB2405,16460.0,-0.0018209413225837745,0,0,0
2024-04-08,PB2405,16470.0,0.0006073489406252482,0,0,0
2024-04-09,PB2405,16595.0,0.007560900982389049,0,0,0
2024-04-10,PB2405,16805.0,0.012575016005131133,0,1,1
2024-04-11,PB2406,16680.0,-0.007466064246468309,0,0,0
2024-04-12,PB2406,16760.0,0.004784698123336253,0,0,0
2024-04-15,PB2406,16755.0,-0.00029837386466325164,0,0,0
2024-04-16,PB2406,16940.0,0.010980968034634529,0,1,1
2024-04-17,PB2406,16885.0,-0.0032520353863773432,0,0,0
2024-04-18,PB2406,17070.0,0.010896882968818269,0,1,1
2024-04-19,PB2406,17315.0,0.014250641048036103,0,1,1
2024-04-22,PB2406,16920.0,-0.023076823676308117,1,0,-1
2024-04-23,PB2406,16830.0,-0.005333345975362617,0,0,0
2024-04-24,PB2406,17030.0,0.011813486471882271,0,1,1
2024-04-25,PB2406,17175.0,0.008478343433816203,0,0,0
2024-04-26,PB2406,17380.0,0.01186528172883292,0,1,1
2024-04-29,PB2406,17240.0,-0.008087854601698892,0,0,0
2024-04-30,PB2406,17350.0,0.0063602411573211014,0,0,0
2024-05-06,PB2406,17740.0,0.022229470488565183,0,1,1
2024-05-07,PB2406,17735.0,-0.0002818886558483019,0,0,0
2024-05-08,PB2406,17870.0,0.007583240945751483,0,0,0
2024-05-09,PB2406,18065.0,0.010853035428266888,0,1,1
2024-05-10,PB2406,18070.0,0.0002767400045336037,0,0,0
2024-05-13,PB2406,18225.0,0.008541173290584651,0,0,0
2024-05-14,PB2407,18345.0,0.006562779912523582,0,0,0
2024-05-15,PB2407,18790.0,0.023967755618128514,0,1,1
2024-05-16,PB2407,18635.0,-0.008283280494152232,0,0,0
2024-05-17,PB2407,18695.0,0.0032145754978552183,0,0,0
2024-05-20,PB2407,18830.0,0.007195234239983989,0,0,0
2024-05-21,PB2407,18655.0,-0.00933713599593985,0,0,0
2024-05-22,PB2407,18710.0,0.002943933612877005,0,0,0
2024-05-23,PB2407,18365.0,-0.018611461014367628,1,0,-1
2024-05-24,PB2407,18490.0,0.006783366127402761,0,0,0
2024-05-27,PB2407,18550.0,0.003239743654410575,0,0,0
2024-05-28,PB2407,18860.0,0.01657348815186738,0,1,1
2024-05-29,PB2407,19040.0,0.009498752157907905,0,0,0
2024-05-30,PB2407,18760.0,-0.014815085785140587,1,0,-1
2024-05-31,PB2407,18840.0,0.004255325570138491,0,0,0
2024-06-03,PB2407,18770.0,-0.0037224185497996038,0,0,0
2024-06-04,PB2407,18995.0,0.011915936041171447,0,1,1
2024-06-05,PB2407,18690.0,-0.01618716517211741,1,0,-1
2024-06-06,PB2407,18890.0,0.010644060045946712,0,1,1
2024-06-07,PB2407,18870.0,-0.0010593221329592978,0,0,0
2024-06-11,PB2408,18690.0,-0.009584737912987402,1,0,-1
2024-06-12,PB2408,18605.0,-0.004558259668885594,0,0,0
2024-06-13,PB2408,18580.0,-0.001344628412893332,0,0,0
2024-06-14,PB2408,18630.0,0.002687451227804534,0,0,0
2024-06-17,PB2408,18665.0,0.001876927753050084,0,0,0
2024-06-18,PB2408,18895.0,0.01224722443490505,0,1,1
2024-06-19,PB2408,19485.0,0.030747601989220316,0,1,1
2024-06-20,PB2408,18790.0,-0.03632012536529857,1,0,-1
2024-06-21,PB2408,18735.0,-0.0029313811797232686,0,0,0
2024-06-24,PB2408,18890.0,0.008239249267767472,0,0,0
2024-06-25,PB2408,18885.0,-0.0002647253489979942,0,0,0
2024-06-26,PB2408,19240.0,0.01862348907314032,0,1,1
2024-06-27,PB2408,19215.0,-0.0013002212207531374,0,0,0
2024-06-28,PB2408,19440.0,0.01164157501548577,0,1,1
2024-07-01,PB2408,19655.0,0.010998959841530695,0,1,1
2024-07-02,PB2408,19740.0,0.004315275131511941,0,0,0
2024-07-03,PB2408,19500.0,-0.012232568435634408,1,0,-1
2024-07-04,PB2408,19570.0,0.0035833158382837763,0,0,0
2024-07-05,PB2408,19660.0,0.004588333311035617,0,0,0
2024-07-08,PB2408,19575.0,-0.004332872842153716,0,0,0
2024-07-09,PB2408,19625.0,0.002551021791605426,0,0,0
2024-07-10,PB2408,19430.0,-0.009986000279123386,1,0,-1
2024-07-11,PB2408,19535.0,0.005389465117685132,0,0,0
2024-07-12,PB2408,19455.0,-0.0041036220705169815,0,0,0
2024-07-15,PB2408,19595.0,0.007170325215077878,0,0,0
2024-07-16,PB2408,19725.0,0.0066124350803431235,0,0,0
2024-07-17,PB2408,19885.0,0.00807881192771596,0,0,0
2024-07-18,PB2408,19965.0,0.004015061855530651,0,0,0
2024-07-19,PB2409,19445.0,-0.026390772907473995,1,0,-1
2024-07-22,PB2409,19125.0,-0.016593587895111027,1,0,-1
2024-07-23,PB2409,19055.0,-0.0036668453867759617,0,0,0
2024-07-24,PB2409,19165.0,0.005756164506694931,0,0,0
2024-07-25,PB2409,18725.0,-0.023226169429235197,1,0,-1
2024-07-26,PB2409,18610.0,-0.006160458749123749,0,0,0
2024-07-29,PB2409,18710.0,0.00535906963183876,0,0,0
2024-07-30,PB2409,18730.0,0.001068376169998953,0,0,0
2024-07-31,PB2409,18805.0,0.003996275466302666,0,0,0
2024-08-01,PB2409,18660.0,-0.007740596503101939,0,0,0
2024-08-02,PB2409,18165.0,-0.026885529746032515,1,0,-1
2024-08-05,PB2409,17590.0,-0.03216610692369844,1,0,-1
2024-08-06,PB2409,17215.0,-0.021549461958979752,1,0,-1
2024-08-07,PB2409,17295.0,0.0046363455986449765,0,0,0
2024-08-08,PB2409,17345.0,0.0028868380325808934,0,0,0
2024-08-09,PB2409,17905.0,0.03177572302868297,0,1,1
2024-08-12,PB2409,18270.0,0.020180366939519426,0,1,1
2024-08-13,PB2409,17730.0,-0.03000225030379879,1,0,-1
2024-08-14,PB2409,17290.0,-0.0251298203909174,1,0,-1
2024-08-15,PB2409,17530.0,0.013785399237944064,0,1,1
2024-08-16,PB2409,17795.0,0.015003820029012816,0,1,1
2024-08-19,PB2409,17660.0,-0.007615323786341999,0,0,0
2024-08-20,PB2409,17640.0,-0.0011331445971687313,0,0,0
2024-08-21,PB2409,17660.0,0.0011331445971686754,0,0,0
2024-08-22,PB2409,17480.0,-0.010244824948424514,1,0,-1
2024-08-23,PB2409,17420.0,-0.003438398803032709,0,0,0
2024-08-26,PB2409,17830.0,0.023263460450692344,0,1,1
2024-08-27,PB2410,17580.0,-0.014120539618018114,1,0,-1
2024-08-28,PB2410,17375.0,-0.01172950080617508,1,0,-1
2024-08-29,PB2410,17450.0,0.00430725719758027,0,0,0
2024-08-30,PB2410,17345.0,-0.00603536822672317,0,0,0
2024-09-02,PB2410,17130.0,-0.012472968085684532,1,0,-1
2024-09-03,PB2410,17255.0,0.007270644213938274,0,0,0
2024-09-04,PB2410,17120.0,-0.007854585836370722,0,0,0
2024-09-05,PB2410,16925.0,-0.011455551915257392,1,0,-1
2024-09-06,PB2410,16915.0,-0.0005910165656668891,0,0,0
2024-09-09,PB2410,16475.0,-0.02635672184410085,1,0,-1
2024-09-10,PB2410,16410.0,-0.003953175286571405,0,0,0
2024-09-11,PB2410,16585.0,0.010607767297016195,0,1,1
2024-09-12,PB2410,16750.0,0.009899585872059634,0,0,0
2024-09-13,PB2410,16715.0,-0.0020917383990135636,0,0,0
2024-09-18,PB2410,16440.0,-0.016589130244028062,1,0,-1
2024-09-19,PB2410,16540.0,0.006064299967511446,0,0,0
2024-09-20,PB2410,16595.0,0.0033197555763926495,0,0,0
2024-09-23,PB2410,16430.0,-0.00999251312276124,1,0,-1
2024-09-24,PB2410,16655.0,0.013601539596466313,0,1,1
2024-09-25,PB2411,16525.0,-0.007836085907893002,0,0,0
2024-09-26,PB2411,16725.0,0.012030220276542061,0,1,1
2024-09-27,PB2411,16925.0,0.011887212784046504,0,1,1
2024-09-30,PB2411,17055.0,0.007651597072270323,0,0,0
2024-10-08,PB2411,16880.0,-0.010313926702797994,1,0,-1
2024-10-09,PB2411,16745.0,-0.008029782921643195,0,0,0
2024-10-10,PB2411,16525.0,-0.013225320508417914,1,0,-1
2024-10-11,PB2411,16725.0,0.012030220276542061,0,1,1
2024-10-14,PB2411,16620.0,-0.006297816586989988,0,0,0
2024-10-15,PB2411,16505.0,-0.006943424122145821,0,0,0
2024-10-16,PB2411,16790.0,0.017120105784293172,0,1,1
2024-10-17,PB2411,16585.0,-0.01228479869043369,1,0,-1
2024-10-18,PB2411,16760.0,0.010496422654921216,0,1,1
2024-10-21,PB2411,16740.0,-0.0011940299926076895,0,0,0
2024-10-22,PB2411,16785.0,0.002684565370668983,0,0,0
2024-10-23,PB2411,16740.0,-0.002684565370668987,0,0,0
2024-10-24,PB2412,16880.0,0.008328424106481689,0,0,0
2024-10-25,PB2412,16770.0,-0.006537913332693571,0,0,0
2024-10-28,PB2412,16785.0,0.0008940545968807142,0,0,0
2024-10-29,PB2412,16610.0,-0.0104807068067947,1,0,-1
2024-10-30,PB2412,16730.0,0.0071985913735290955,0,0,0
2024-10-31,PB2412,16620.0,-0.006596725571430465,0,0,0
2024-11-01,PB2412,16840.0,0.01315021938687843,0,1,1
2024-11-04,PB2412,16855.0,0.0008903398718433553,0,0,0
2024-11-05,PB2412,16755.0,-0.005950627496750322,0,0,0
2024-11-06,PB2412,16690.0,-0.0038869835155300354,0,0,0
2024-11-07,PB2412,16900.0,0.012503884255284021,0,1,1
2024-11-08,PB2412,16890.0,-0.0005918911093190636,0,0,0
2024-11-11,PB2412,16945.0,0.0032510742393059623,0,0,0
2024-11-12,PB2412,16995.0,0.002946378089064593,0,0,0
2024-11-13,PB2412,17175.0,0.010535654960333804,0,1,1
2024-11-14,PB2412,16905.0,-0.015845401948563737,1,0,-1
2024-11-15,PB2412,16760.0,-0.008614341105912329,0,0,0
2024-11-18,PB2412,16765.0,0.00029828486425498426,0,0,0
2024-11-19,PB2412,16790.0,0.0014900911712576721,0,0,0
2024-11-20,PB2501,16990.0,0.011841464594391126,0,1,1
2024-11-21,PB2501,16925.0,-0.003833116885501924,0,0,0
2024-11-22,PB2501,16975.0,0.0029498546464211185,0,0,0
2024-11-25,PB2501,17190.0,0.01258614594999802,0,1,1
2024-11-26,PB2501,17200.0,0.0005815644246494651,0,0,0
2024-11-27,PB2501,17235.0,0.0020328161494214073,0,0,0
2024-11-28,PB2501,17300.0,0.0037643015349046478,0,0,0
2024-11-29,PB2501,17395.0,0.00547630710017202,0,0,0
2024-12-02,PB2501,17630.0,0.013419187805873483,0,1,1
2024-12-03,PB2501,17455.0,-0.009975855852779554,1,0,-1
2024-12-04,PB2501,17610.0,0.008840781951115378,0,0,0
2024-12-05,PB2501,17610.0,0.0,0,0,0
2024-12-06,PB2501,17770.0,0.0090447196584452,0,0,0
2024-12-09,PB2501,17740.0,-0.0016896652851264933,0,0,0
2024-12-10,PB2501,17670.0,-0.003953690549828397,0,0,0
2024-12-11,PB2501,17665.0,-0.0002830055204964361,0,0,0
2024-12-12,PB2501,17455.0,-0.011959140254109133,1,0,-1
2024-12-13,PB2501,17380.0,-0.004306020719753405,0,0,0
2024-12-16,PB2501,17500.0,0.006880761092222287,0,0,0
2024-12-17,PB2501,17560.0,0.0034227072775021385,0,0,0
2024-12-18,PB2502,17340.0,-0.01260761685457485,1,0,-1
2024-12-19,PB2502,17420.0,0.00460300007196094,0,0,0
2024-12-20,PB2502,17360.0,-0.00345026219215267,0,0,0
2024-12-23,PB2502,17540.0,0.010315277711832799,0,1,1
2024-12-24,PB2502,17370.0,-0.009739406691023364,1,0,-1
2024-12-25,PB2502,17410.0,0.002300173527084214,0,0,0
2024-12-26,PB2502,17340.0,-0.004028782427701829,0,0,0
2024-12-27,PB2502,16850.0,-0.028665314554025014,1,0,-1
2024-12-30,PB2502,16795.0,-0.003269433734114676,0,0,0
2024-12-31,PB2502,16765.0,-0.0017878431460641752,0,0,0
2025-01-02,PB2502,16825.0,0.003572495612599705,0,0,0
2025-01-03,PB2502,16685.0,-0.00835576332745414,0,0,0
2025-01-06,PB2502,16730.0,0.0026934027953952225,0,0,0
2025-01-07,PB2502,16730.0,0.0,0,0,0
2025-01-08,PB2502,16735.0,0.0002988196645573886,0,0,0
2025-01-09,PB2502,16505.0,-0.013838969358133564,1,0,-1
2025-01-10,PB2502,16600.0,0.005739330057341232,0,0,0
2025-01-13,PB2502,16570.0,-0.0018088639240260052,0,0,0
2025-01-14,PB2502,16520.0,-0.0030220633456395805,0,0,0
2025-01-15,PB2502,16535.0,0.0009075783409240804,0,0,0
2025-01-16,PB2502,16645.0,0.006630524593232082,0,0,0
2025-01-17,PB2503,16685.0,0.0024002411763490283,0,0,0
2025-01-20,PB2503,16785.0,0.005975518228660828,0,0,0
2025-01-21,PB2503,16690.0,-0.005675892758254592,0,0,0
2025-01-22,PB2503,16780.0,0.005377963365316416,0,0,0
2025-01-23,PB2503,16705.0,-0.0044796252303402305,0,0,0
2025-01-24,PB2503,16730.0,0.0014954391900127418,0,0,0
2025-01-27,PB2503,16675.0,-0.0032929231970451854,0,0,0
2025-02-05,PB2503,17095.0,0.02487543128957719,0,1,1
2025-02-06,PB2503,17040.0,-0.0032225016900949556,0,0,0
2025-02-07,PB2503,17175.0,0.007891316707243272,0,0,0
2025-02-10,PB2503,17160.0,-0.0008737440485967723,0,0,0
2025-02-11,PB2503,17130.0,-0.0017497817237877064,0,0,0
2025-02-12,PB2503,17145.0,0.0008752735788551747,0,0,0
2025-02-13,PB2503,17145.0,0.0,0,0,0
2025-02-14,PB2503,17130.0,-0.0008752735788551528,0,0,0
2025-02-17,PB2503,17190.0,0.003496507058729306,0,0,0
2025-02-18,PB2503,17150.0,-0.0023296457828089435,0,0,0
2025-02-19,PB2503,16965.0,-0.010845775375755439,1,0,-1
2025-02-20,PB2504,17185.0,0.012884512065603678,0,1,1
2025-02-21,PB2504,17120.0,-0.003789539588201112,0,0,0
2025-02-24,PB2504,17160.0,0.0023337233462200966,0,0,0
2025-02-25,PB2504,17125.0,-0.002041709911527208,0,0,0
2025-02-26,PB2504,17140.0,0.0008755290213447915,0,0,0
2025-02-27,PB2504,17145.0,0.00029167274524997006,0,0,0
2025-02-28,PB2504,17190.0,0.002621233479874287,0,0,0
2025-03-03,PB2504,17260.0,0.00406386626052396,0,0,0
2025-03-04,PB2504,17220.0,-0.002320186655697198,0,0,0
2025-03-05,PB2504,17375.0,0.008960892451271178,0,0,0
2025-03-06,PB2504,17410.0,0.002012362329241753,0,0,0
2025-03-07,PB2504,17420.0,0.0005742176442589765,0,0,0
2025-03-10,PB2504,17490.0,0.0040103176061540525,0,0,0
2025-03-11,PB2504,17400.0,-0.005159082810027336,0,0,0
2025-03-12,PB2504,17505.0,0.006016348186145694,0,0,0
2025-03-13,PB2504,17570.0,0.0037063477923768738,0,0,0
2025-03-14,PB2504,17725.0,0.00878317021918527,0,0,0
2025-03-17,PB2504,17635.0,-0.005090508730175849,0,0,0
2025-03-18,PB2504,17540.0,-0.005401576743978295,0,0,0
2025-03-19,PB2505,17725.0,0.010492085474154133,0,1,1
2025-03-20,PB2505,17650.0,-0.004240289038885416,0,0,0
2025-03-21,PB2505,17430.0,-0.012542923847376243,1,0,-1
2025-03-24,PB2505,17670.0,0.01367542679967549,0,1,1
2025-03-25,PB2505,17560.0,-0.006244698124634376,0,0,0
2025-03-26,PB2505,17615.0,0.003127223586230424,0,0,0
2025-03-27,PB2505,17615.0,0.0,0,0,0
2025-03-28,PB2505,17450.0,-0.009411163144764747,0,0,0
2025-03-31,PB2505,17445.0,-0.0002865740096987749,0,0,0
2025-04-01,PB2505,17410.0,-0.002008320858639714,0,0,0
2025-04-02,PB2505,17360.0,-0.0028760445478935733,0,0,0
2025-04-03,PB2505,17100.0,-0.015090245723589971,1,0,-1
2025-04-07,PB2505,16660.0,-0.02606782676991757,1,0,-1
2025-04-08,PB2505,16540.0,-0.00722894714315143,0,0,0
2025-04-09,PB2505,16410.0,-0.007890784493545728,0,0,0
2025-04-10,PB2505,16800.0,0.02348798130721376,0,1,1
2025-04-11,PB2505,16825.0,0.0014869891215783665,0,0,0
2025-04-14,PB2505,16850.0,0.001484781267579224,0,0,0
2025-04-15,PB2505,16825.0,-0.001484781267579225,0,0,0
2025-04-16,PB2505,16655.0,-0.01015540388514849,1,0,-1
2025-04-17,PB2505,16750.0,0.005687786625432477,0,0,0
2025-04-18,PB2506,16855.0,0.006249090414948551,0,0,0
2025-04-21,PB2506,17045.0,0.011209556903842375,0,1,1
2025-04-22,PB2506,16950.0,-0.005589071763407131,0,0,0
2025-04-23,PB2506,16910.0,-0.002362670915970392,0,0,0
2025-04-24,PB2506,16940.0,0.001772526313419502,0,0,0
2025-04-25,PB2506,16945.0,0.000295115835106347,0,0,0
2025-04-28,PB2506,17005.0,0.003534613400144116,0,0,0
2025-04-29,PB2506,16895.0,-0.006489698292905509,0,0,0
2025-04-30,PB2506,16840.0,-0.0032607113520726526,0,0,0
2025-05-06,PB2506,16700.0,-0.008348289391471274,0,0,0
2025-05-07,PB2506,16700.0,0.0,0,0,0
2025-05-08,PB2506,16775.0,0.0044809634350360195,0,0,0
2025-05-09,PB2506,16805.0,0.0017867783193235938,0,0,0
2025-05-12,PB2506,16995.0,0.01124272197101029,0,1,1
2025-05-13,PB2506,16970.0,-0.001472103901944364,0,0,0
2025-05-14,PB2506,16935.0,-0.002064592976399952,0,0,0
2025-05-15,PB2506,16975.0,0.002359187175024688,0,0,0
2025-05-16,PB2506,16870.0,-0.00620477688688287,0,0,0
2025-05-19,PB2506,16860.0,-0.0005929439841675326,0,0,0
2025-05-20,PB2506,16845.0,-0.0008900757151932284,0,0,0
2025-05-21,PB2507,16900.0,0.0032597450705116886,0,0,0
2025-05-22,PB2507,16685.0,-0.01280350972569049,1,0,-1
2025-05-23,PB2507,16860.0,0.010433840370371969,0,1,1
2025-05-26,PB2507,16795.0,-0.0038627295094532895,0,0,0
2025-05-27,PB2507,16825.0,0.001784652466535515,0,0,0
2025-05-28,PB2507,16705.0,-0.007157799722071619,0,0,0
2025-05-29,PB2507,16750.0,0.002690182462355574,0,0,0
2025-05-30,PB2507,16620.0,-0.007791468843773322,0,0,0
2025-06-03,PB2507,16570.0,-0.0030129579888305944,0,0,0
2025-06-04,PB2507,16670.0,0.0060168653242311755,0,0,0
2025-06-05,PB2507,16695.0,0.0014985766329151046,0,0,0
2025-06-06,PB2507,16780.0,0.005078427643442252,0,0,0
2025-06-09,PB2507,16765.0,-0.0008943211208682273,0,0,0
2025-06-10,PB2507,16880.0,0.006836109249619264,0,0,0
2025-06-11,PB2507,16845.0,-0.0020756123092948203,0,0,0
2025-06-12,PB2507,16890.0,0.0026678539611924477,0,0,0
2025-06-13,PB2507,16945.0,0.0032510742393059623,0,0,0
2025-06-16,PB2507,16980.0,0.002063375824186633,0,0,0
2025-06-17,PB2507,16860.0,-0.00709222830949191,0,0,0
2025-06-18,PB2507,16810.0,-0.0029700051531852045,0,0,0
2025-06-19,PB2507,16925.0,0.006817871377814403,0,0,0
2025-06-20,PB2507,16810.0,-0.006817871377814415,0,0,0
2025-06-23,PB2507,16920.0,0.006522406757552954,0,0,0
2025-06-24,PB2507,16955.0,0.0020664213995247598,0,0,0
2025-06-25,PB2508,17190.0,0.013765043817155983,0,1,1
2025-06-26,PB2508,17225.0,0.0020339975049644713,0,0,0
2025-06-27,PB2508,17125.0,-0.005822432751433253,0,0,0
2025-06-30,PB2508,17200.0,0.004369999671118388,0,0,0
2025-07-01,PB2508,17100.0,-0.00583092031079321,0,0,0
2025-07-02,PB2508,17175.0,0.0043763745997987815,0,0,0
2025-07-03,PB2508,17245.0,0.004067408280391217,0,0,0
2025-07-04,PB2508,17295.0,0.002895196000327855,0,0,0
2025-07-07,PB2508,17210.0,-0.004926832165684021,0,0,0
2025-07-08,PB2508,17160.0,-0.0029095161636318546,0,0,0
2025-07-09,PB2508,17175.0,0.0008737440485967712,0,0,0
2025-07-10,PB2508,17230.0,0.0031972124314251726,0,0,0
2025-07-11,PB2508,17075.0,-0.00903664508298444,0,0,0
2025-07-14,PB2508,17085.0,0.00058548011040136,0,0,0
2025-07-15,PB2508,16930.0,-0.009113689422211224,0,0,0
2025-07-16,PB2508,16895.0,-0.0020694759787907163,0,0,0
2025-07-17,PB2508,16845.0,-0.0029638433077370206,0,0,0
2025-07-18,PB2508,16820.0,-0.0014852223137141512,0,0,0
2025-07-21,PB2508,16960.0,0.00828897581895508,0,0,0
2025-07-22,PB2509,16930.0,-0.001770434218713114,0,0,0
2025-07-23,PB2509,16850.0,-0.004736539346673224,0,0,0
2025-07-24,PB2509,16890.0,0.002371074021337923,0,0,0
2025-07-25,PB2509,16955.0,0.003841044757893301,0,0,0
2025-07-28,PB2509,16915.0,-0.0023619733449301147,0,0,0
2025-07-29,PB2509,16900.0,-0.0008871803036439813,0,0,0
2025-07-30,PB2509,16890.0,-0.0005918911093190636,0,0,0
2025-07-31,PB2509,16735.0,-0.009219396156418737,0,0,0
2025-08-01,PB2509,16735.0,0.0,0,0,0
2025-08-04,PB2509,16750.0,0.0008959236077856077,0,0,0
2025-08-05,PB2509,16775.0,0.00149142458667012,0,0,0
2025-08-06,PB2509,16855.0,0.0047576658282786,0,0,0
2025-08-07,PB2509,16875.0,0.001185888072569449,0,0,0
2025-08-08,PB2509,16845.0,-0.0017793599000773153,0,0,0
2025-08-11,PB2509,16885.0,0.002371776979014794,0,0,0
2025-08-12,PB2509,16915.0,0.0017751483951408391,0,0,0
2025-08-13,PB2509,16930.0,0.0008863939123721205,0,0,0
2025-08-14,PB2509,16770.0,-0.009495620309926478,0,0,0
2025-08-15,PB2509,16850.0,0.004759080963253205,0,0,0
2025-08-18,PB2509,16775.0,-0.004460973940625228,0,0,0
2025-08-19,PB2509,16825.0,0.002976192673045955,0,0,0
2025-08-20,PB2509,16725.0,-0.005961269516499334,0,0,0
2025-08-21,PB2509,16745.0,0.0011951002318757362,0,0,0
2025-08-22,PB2509,16780.0,0.0020879947928921566,0,0,0
2025-08-25,PB2510,16865.0,0.005052767474553472,0,0,0
2025-08-26,PB2510,16930.0,0.0038467276314303627,0,0,0
2025-08-27,PB2510,16890.0,-0.00236546532533519,0,0,0
2025-08-28,PB2510,16910.0,0.0011834320907801274,0,0,0
2025-08-29,PB2510,16880.0,-0.001775673742677861,0,0,0
2025-09-01,PB2510,16855.0,-0.0014821404817870576,0,0,0
2025-09-02,PB2510,16850.0,-0.00029669188765331166,0,0,0
2025-09-03,PB2510,16865.0,0.0008898117152428994,0,0,0
2025-09-04,PB2510,16860.0,-0.0002965159399041501,0,0,0
2025-09-05,PB2510,16900.0,0.0023696693553183824,0,0,0
2025-09-08,PB2510,16895.0,-0.0002959017627745096,0,0,0
2025-09-09,PB2510,16930.0,0.002069475978790752,0,0,0
2025-09-10,PB2510,16795.0,-0.008005973080787899,0,0,0
2025-09-11,PB2510,16900.0,0.006232398864771672,0,0,0
2025-09-12,PB2510,17040.0,0.00824989947214184,0,0,0
2025-09-15,PB2510,17160.0,0.00701757265864654,0,0,0
2025-09-16,PB2510,17055.0,-0.006137678189207198,0,0,0
2025-09-17,PB2510,17100.0,0.002635047638005032,0,0,0
2025-09-18,PB2510,17145.0,0.0026281224062694084,0,0,0
2025-09-19,PB2510,17150.0,0.0002915876970653338,0,0,0
2025-09-22,PB2511,17165.0,0.0008742532977065302,0,0,0
2025-09-23,PB2511,17085.0,-0.00467154134240026,0,0,0
2025-09-24,PB2511,17065.0,-0.0011713032085848174,0,0,0
2025-09-25,PB2511,17090.0,0.0014639147688291349,0,0,0
2025-09-26,PB2511,17110.0,0.0011695907766026694,0,0,0
2025-09-29,PB2511,16855.0,-0.015015739218078012,1,0,-1
2025-09-30,PB2511,16940.0,0.005030340537884189,0,0,0
2025-10-09,PB2511,17115.0,0.01027758275824023,0,1,1
2025-10-10,PB2511,17140.0,0.0014596411874851854,0,0,0
2025-10-13,PB2511,17095.0,-0.002628890078369068,0,0,0
2025-10-14,PB2511,17050.0,-0.0026358193617388188,0,0,0
2025-10-15,PB2511,17110.0,0.0035128841745762215,0,0,0
2025-10-16,PB2511,17100.0,-0.0005846243954879992,0,0,0
2025-10-17,PB2511,17075.0,-0.0014630580517604398,0,0,0
2025-10-20,PB2511,17060.0,-0.0008788633933206512,0,0,0
2025-10-21,PB2511,17160.0,0.005844551996283225,0,0,0
2025-10-22,PB2511,17160.0,0.0,0,0,0
2025-10-23,PB2512,17565.0,0.02332719165797407,0,1,1
2025-10-24,PB2512,17595.0,0.0017064850557581056,0,0,0
2025-10-27,PB2512,17520.0,-0.004271685265303095,0,0,0
2025-10-28,PB2512,17355.0,-0.009462436194495747,0,0,0
2025-10-29,PB2512,17355.0,0.0,0,0,0
2025-10-30,PB2512,17350.0,-0.00028814292088135595,0,0,0
2025-10-31,PB2512,17390.0,0.0023028219733235047,0,0,0
2025-11-03,PB2512,17420.0,0.0017236430581650374,0,0,0
2025-11-04,PB2512,17415.0,-0.0002870676063922477,0,0,0
2025-11-05,PB2512,17475.0,0.003439384301909473,0,0,0
2025-11-06,PB2512,17430.0,-0.002578428587944365,0,0,0
2025-11-07,PB2512,17420.0,-0.0005738881075728061,0,0,0
2025-11-10,PB2512,17505.0,0.004867582982272195,0,0,0
2025-11-11,PB2512,17440.0,-0.0037201359257954775,0,0,0
2025-11-12,PB2512,17660.0,0.012535776694980447,0,1,1
2025-11-13,PB2512,17650.0,-0.0005664117965081356,0,0,0
2025-11-14,PB2601,17505.0,-0.008249228972676777,0,0,0
2025-11-17,PB2601,17355.0,-0.00860590509287942,0,0,0
2025-11-18,PB2601,17230.0,-0.0072285987739113865,0,0,0
2025-11-19,PB2601,17250.0,0.0011600929375304458,0,0,0
2025-11-20,PB2601,17220.0,-0.0017406444777839894,0,0,0
2025-11-21,PB2601,17165.0,-0.0031990720899293928,0,0,0
2025-11-24,PB2601,17135.0,-0.001749271583083237,0,0,0
2025-11-25,PB2601,17045.0,-0.0052662497367057335,0,0,0
2025-11-26,PB2601,17065.0,0.001172676768803836,0,0,0
2025-11-27,PB2601,16955.0,-0.006466806781068459,0,0,0
2025-11-28,PB2601,17090.0,0.007930721549897674,0,0,0
2025-12-01,PB2601,17075.0,-0.0008780916706457111,0,0,0
2025-12-02,PB2601,17210.0,0.007875204766594285,0,0,0
2025-12-03,PB2601,17210.0,0.0,0,0,0
2025-12-04,PB2601,17245.0,0.0020316361653560868,0,0,0
2025-12-05,PB2601,17290.0,0.0026060533063948553,0,0,0
2025-12-08,PB2601,17340.0,0.0028876716571967663,0,0,0
2025-12-09,PB2601,17170.0,-0.009852296443011594,1,0,-1
2025-12-10,PB2601,17115.0,-0.003208402927235506,0,0,0
2025-12-11,PB2601,17155.0,0.0023344043282644248,0,0,0
2025-12-12,PB2601,17125.0,-0.0017502921621241057,0,0,0
2025-12-15,PB2601,17010.0,-0.006737977740518589,0,0,0
2025-12-16,PB2601,16825.0,-0.010935530876978882,1,0,-1
2025-12-17,PB2601,16735.0,-0.005363540867501551,0,0,0
2025-12-18,PB2602,16785.0,0.002983295768708423,0,0,0
2025-12-19,PB2602,16880.0,0.005643858735812862,0,0,0
2025-12-22,PB2602,16920.0,0.002366865010266244,0,0,0
2025-12-23,PB2602,16995.0,0.004422828970002046,0,0,0
2025-12-24,PB2602,17225.0,0.013442633751642999,0,1,1
2025-12-25,PB2602,17315.0,0.005211360954662981,0,0,0
2025-12-26,PB2602,17555.0,0.01376563176601018,0,1,1
2025-12-29,PB2602,17490.0,-0.0037095205898848255,0,0,0
2025-12-30,PB2602,17505.0,0.000857265376118367,0,0,0
2025-12-31,PB2602,17355.0,-0.00860590509287942,0,0,0
