date,return,extreme_left,extreme_right,extreme_event
2015-03-30,0.0013698632279139041,0,0,0
2015-03-31,-0.011011811204166925,0,0,0
2015-04-01,-0.002078282701638182,0,0,0
2015-04-02,0.00599218202277455,0,0,0
2015-04-03,-0.005529968009461086,0,0,0
2015-04-07,0.00461042771478256,0,0,0
2015-04-08,-0.0004600874247251587,0,0,0
2015-04-09,-0.0034574196017482656,0,0,0
2015-04-10,0.005066800337670905,0,0,0
2015-04-13,0.0034399758724434804,0,0,0
2015-04-14,-0.01895134139121869,1,0,-1
2015-04-15,0.0032611256481314627,0,0,0
2015-04-16,0.007875880414650469,0,0,0
2015-04-17,0.008043246855131617,0,0,0
2015-04-20,0.004111472214778084,0,0,0
2015-04-21,-0.01146275733084778,0,0,0
2015-04-22,-0.0013844026207395688,0,0,0
2015-04-23,-0.007416024718345091,0,0,0
2015-04-24,0.007416024718345236,0,0,0
2015-04-27,0.009650810198294037,0,0,0
2015-04-28,0.00022864982379265105,0,0,0
2015-04-29,-0.00022864982379250832,0,0,0
2015-04-30,0.011594991789250051,0,0,0
2015-05-04,0.0326877351295736,0,1,1
2015-05-05,0.0004374453263108221,0,0,0
2015-05-06,0.008708959899765275,0,0,0
2015-05-07,-0.005870220139970784,0,0,0
2015-05-08,0.002395732388378339,0,0,0
2015-05-11,-0.003923283149132585,0,0,0
2015-05-12,0.000873171852028587,0,0,0
2015-05-13,0.009338758282260383,0,0,0
2015-05-14,-0.004115677855467495,0,0,0
2015-05-15,-0.0006513950941437218,0,0,0
2015-05-18,0.001519262364932242,0,0,0
2015-05-19,-0.008712753874961164,0,0,0
2015-05-20,-0.021002208899928508,1,0,-1
2015-05-21,0.008010723746078979,0,0,0
2015-05-22,-0.00022165576949889374,0,0,0
2015-05-25,-0.008906761174415247,0,0,0
2015-05-26,-0.004258663838545179,0,0,0
2015-05-27,-0.004953849356254158,0,0,0
2015-05-28,-0.001129305597151414,0,0,0
2015-05-29,0.001129305597151487,0,0,0
2015-06-01,-0.014781394765478746,1,0,-1
2015-06-02,0.0009159606777332959,0,0,0
2015-06-03,-0.0036688873991383274,0,0,0
2015-06-04,-0.002990914457846998,0,0,0
2015-06-05,-0.013687720949504427,1,0,-1
2015-06-08,0.008142420233079126,0,0,0
2015-06-09,0.002083092987954512,0,0,0
2015-06-10,0.0027707244693865383,0,0,0
2015-06-11,-0.003233259167734463,0,0,0
2015-06-12,-0.017265944552820194,1,0,-1
2015-06-15,-0.006611594332312818,0,0,0
2015-06-16,-0.0014224753465428782,0,0,0
2015-06-17,-0.008099139079390815,0,0,0
2015-06-18,0.006437023060980821,0,0,0
2015-06-19,-0.006197874428966859,0,0,0
2015-06-23,0.0021497679364926646,0,0,0
2015-06-24,0.0066587641992671785,0,0,0
2015-06-25,-0.006420186123460536,0,0,0
2015-06-26,0.009024046039445585,0,0,0
2015-06-29,0.008943340381320233,0,0,0
2015-06-30,-0.013920243651073406,1,0,-1
2015-07-01,-0.002855105436979806,0,0,0
2015-07-02,0.005465143696466731,0,0,0
2015-07-03,0.004256331798186989,0,0,0
2015-07-06,-0.03971163117983178,1,0,-1
2015-07-07,-0.023600648234495033,1,0,-1
2015-07-08,-0.04393770303142011,1,0,-1
2015-07-09,0.06113438849336831,0,1,1
2015-07-10,-0.0027217634023660076,0,0,0
2015-07-13,-0.005715011206582887,0,0,0
2015-07-14,0.0037308835715362176,0,0,0
2015-07-15,0.011600771836510084,0,0,0
2015-07-16,-0.0017192685065124586,0,0,0
2015-07-17,-0.004928546201149093,0,0,0
2015-07-20,-0.016941112688818098,1,0,-1
2015-07-21,0.007010544486217302,0,0,0
2015-07-22,-0.023477034339797226,1,0,-1
2015-07-23,0.0007659900795826371,0,0,0
2015-07-24,-0.029265328208699905,1,0,-1
2015-07-27,0.0068098744048628495,0,0,0
2015-07-28,0.0005219206799061428,0,0,0
2015-07-29,0.012445065988351175,0,0,0
2015-07-30,-0.00646247563847005,0,0,0
2015-07-31,-0.008071909469799993,0,0,0
2015-08-03,-0.009984318358841417,0,0,0
2015-08-04,0.008414459323721302,0,0,0
2015-08-05,-0.0018346224514234658,0,0,0
2015-08-06,-0.0018379944783064926,0,0,0
2015-08-07,-0.002104710063983859,0,0,0
2015-08-10,0.0005265929558232736,0,0,0
2015-08-11,0.027775958248998624,0,1,1
2015-08-12,0.007397049414879468,0,0,0
2015-08-13,0.005827965311007524,0,0,0
2015-08-14,-0.0083724959460022,0,0,0
2015-08-17,-0.00255102179160533,0,0,0
2015-08-18,-0.009237940984936362,0,0,0
2015-08-19,-0.001031725652519807,0,0,0
2015-08-20,-0.003360478798987654,0,0,0
2015-08-21,0.008251722943685242,0,0,0
2015-08-24,-0.017094433359300068,1,0,-1
2015-08-25,0.014008011156110702,0,1,1
2015-08-26,0.0005150656822600646,0,0,0
2015-08-27,0.0012865047445317912,0,0,0
2015-08-28,0.012774828815158599,0,1,1
2015-08-31,-0.0048352301863976285,0,0,0
2015-09-01,-0.0012763243596047896,0,0,0
2015-09-02,-0.003582398918246944,0,0,0
2015-09-07,0.009186081437081,0,0,0
2015-09-08,0.004055772352948062,0,0,0
2015-09-09,0.03992100691621705,0,1,1
2015-09-10,-0.0019464726340235644,0,0,0
2015-09-11,0.002432499375061417,0,0,0
2015-09-14,-0.01320635481361023,1,0,-1
2015-09-15,-0.007412932389125411,0,0,0
2015-09-16,0.015504186535965254,0,1,1
2015-09-17,0.0009763242171677585,0,0,0
2015-09-18,-0.00685437200135876,0,0,0
2015-09-21,-0.0091302299888217,0,0,0
2015-09-22,-0.010466081082802448,0,0,0
2015-09-23,-0.025112289820898876,1,0,-1
2015-09-24,-0.0020570848087079047,0,0,0
2015-09-25,0.0038535693159899723,0,0,0
2015-09-28,-0.017850687417088795,1,0,-1
2015-09-29,-0.014460617435257683,1,0,-1
2015-09-30,0.022001935193485235,0,1,1
2015-10-08,0.008255980847019078,0,0,0
2015-10-09,0.029618669336611277,0,1,1
2015-10-12,0.001495513738355189,0,0,0
2015-10-13,-0.010012599292429814,0,0,0
2015-10-14,-0.003023433897997286,0,0,0
2015-10-15,0.009792921953243768,0,0,0
2015-10-16,-0.012066511413116479,1,0,-1
2015-10-19,-0.004054744531491328,0,0,0
2015-10-20,-0.004581326414562668,0,0,0
2015-10-21,-0.007425459799954654,0,0,0
2015-10-22,0.009209581593455942,0,0,0
2015-10-23,0.010890319103226478,0,0,0
2015-10-26,-0.016252262244611824,1,0,-1
2015-10-27,0.006380013985236022,0,0,0
2015-10-28,-0.009713777811404568,0,0,0
2015-10-29,0.0025654195701592824,0,0,0
2015-10-30,-0.004622504378867133,0,0,0
2015-11-02,-0.0067149012641290395,0,0,0
2015-11-03,-0.004415018209116831,0,0,0
2015-11-04,0.010614986403165414,0,0,0
2015-11-05,-0.01583420493144901,1,0,-1
2015-11-06,-0.004983616871958704,0,0,0
2015-11-09,-0.010839498067283978,0,0,0
2015-11-10,-0.0013299642870068375,0,0,0
2015-11-11,-0.012588889972488094,1,0,-1
2015-11-12,0.005644417619677131,0,0,0
2015-11-13,-0.029373882326080587,1,0,-1
2015-11-16,-0.0055355801469840525,0,0,0
2015-11-17,-0.029861373684717345,1,0,-1
2015-11-18,-0.0025769520345056375,0,0,0
2015-11-19,-0.0031586530210088075,0,0,0
2015-11-20,0.00401837509717465,0,0,0
2015-11-23,-0.040929419367725636,1,0,-1
2015-11-24,0.010095097609064938,0,0,0
2015-11-25,0.022492550389779188,0,1,1
2015-11-26,0.01689858341889788,0,1,1
2015-11-27,0.004816555564678025,0,0,0
2015-11-30,-0.015093551525106354,1,0,-1
2015-12-01,0.008571481050140963,0,0,0
2015-12-02,-0.007424363057991216,0,0,0
2015-12-03,-0.014434430754507963,1,0,-1
2015-12-04,0.0063768332030780415,0,0,0
2015-12-07,0.02058980372380098,0,1,1
2015-12-08,-0.01770463149735894,1,0,-1
2015-12-09,0.008605905092879515,0,0,0
2015-12-10,-0.0025740039951728773,0,0,0
2015-12-11,0.029347478632017965,0,1,1
2015-12-14,0.00471633555612929,0,0,0
2015-12-15,-0.014216267298033216,1,0,-1
2015-12-16,-0.004784024883379086,0,0,0
2015-12-17,-0.008783170219185427,0,0,0
2015-12-18,0.018887101251390277,0,1,1
2015-12-21,0.01193629716443725,0,0,0
2015-12-22,0.00303072280474978,0,0,0
2015-12-23,0.000824969110447754,0,0,0
2015-12-24,-0.005789127125969653,0,0,0
2015-12-25,0.004689017004018642,0,0,0
2015-12-28,-0.016648553236743115,1,0,-1
2015-12-29,0.015271711493696912,0,1,1
2015-12-30,0.004947783595609843,0,0,0
2015-12-31,0.0049234235120715905,0,0,0
2016-01-04,-0.01512056299382522,1,0,-1
2016-01-05,0.011293330328710306,0,0,0
2016-01-06,-0.007422714492766861,0,0,0
2016-01-07,-0.004147662520081373,0,0,0
2016-01-08,-0.011425510942888618,0,0,0
2016-01-11,-0.025835361692038542,1,0,-1
2016-01-12,-0.004034587605439455,0,0,0
2016-01-13,0.005184343409016901,0,0,0
2016-01-14,0.003441356995393105,0,0,0
2016-01-15,-0.0037286720383120004,0,0,0
2016-01-18,0.005444919599168062,0,0,0
2016-01-19,0.010518931389845991,0,0,0
2016-01-20,-0.007950070265460367,0,0,0
2016-01-21,-0.006578030297449363,0,0,0
2016-01-22,0.009708814126960903,0,0,0
2016-01-25,-0.004842624475788015,0,0,0
2016-01-26,0.0022818036141142675,0,0,0
2016-01-27,0.019187947608753052,0,1,1
2016-01-28,-0.005043440222588348,0,0,0
2016-01-29,0.0022446698538239494,0,0,0
2016-02-01,-0.006467054733672072,0,0,0
2016-02-02,0.0053453496244720905,0,0,0
2016-02-03,0.00028054425769646484,0,0,0
2016-02-04,0.018894699372805565,0,1,1
2016-02-05,0.0005503577464177387,0,0,0
2016-02-15,-0.01664393483951167,1,0,-1
2016-02-16,0.0,0,0,0
2016-02-17,-0.007581111698637917,0,0,0
2016-02-18,0.006181531344214722,0,0,0
2016-02-19,0.006143554648405439,0,0,0
2016-02-22,0.011899960545529529,0,0,0
2016-02-23,-0.0041350851478029905,0,0,0
2016-02-24,-0.010831934821384061,0,0,0
2016-02-25,0.0030670594236576086,0,0,0
2016-02-26,-0.002229655327269092,0,0,0
2016-02-29,0.0,0,0,0
2016-03-01,0.003342621496689707,0,0,0
2016-03-02,0.026887765167674407,0,1,1
2016-03-03,0.0016229378731305688,0,0,0
2016-03-04,0.025351591197414557,0,1,1
2016-03-07,0.0036822766488737936,0,0,0
2016-03-08,-0.008966304795478951,0,0,0
2016-03-09,-0.011456099715890651,0,0,0
2016-03-10,-0.0005360493293732507,0,0,0
2016-03-11,0.01093198462049583,0,0,0
2016-03-14,0.0010601644247679122,0,0,0
2016-03-15,-0.013333530869465144,1,0,-1
2016-03-16,0.008553914760308897,0,0,0
2016-03-17,0.009800104920990699,0,0,0
2016-03-18,0.011530526072685614,0,0,0
2016-03-21,-0.005748643999468109,0,0,0
2016-03-22,-0.0002620888496197558,0,0,0
2016-03-23,0.0002620888496197255,0,0,0
2016-03-24,-0.01398624197473984,1,0,-1
2016-03-25,0.003183871089687906,0,0,0
2016-03-28,-0.006377911601237723,0,0,0
2016-03-29,0.0015982954920816216,0,0,0
2016-03-30,-0.014207449807898924,1,0,-1
2016-03-31,-0.004871457536301356,0,0,0
2016-04-01,0.007028955676322635,0,0,0
2016-04-05,-0.010562048086423829,0,0,0
2016-04-06,0.0,0,0,0
2016-04-07,-0.002180431498915403,0,0,0
2016-04-08,-0.02458347802734716,1,0,-1
2016-04-11,0.0019555810115489698,0,0,0
2016-04-12,0.004177697205524696,0,0,0
2016-04-13,0.023349501934586805,0,1,1
2016-04-14,0.0005428881783717613,0,0,0
2016-04-15,-0.001901399459170547,0,0,0
2016-04-18,-0.00463279204403015,0,0,0
2016-04-19,0.00897354763894908,0,0,0
2016-04-20,0.011305638589547938,0,0,0
2016-04-21,0.019613668772013447,0,1,1
2016-04-22,-0.0034179078889443027,0,0,0
2016-04-25,0.003942704542290388,0,0,0
2016-04-26,-0.01107898433203623,0,0,0
2016-04-27,-0.0018584898486191698,0,0,0
2016-04-28,-0.01014965977977741,0,0,0
2016-04-29,0.009883879047315892,0,0,0
2016-05-03,0.00767910565535914,0,0,0
2016-05-04,-0.01810004164361799,1,0,-1
2016-05-05,-0.01053067649751948,0,0,0
2016-05-06,-0.005989672140741446,0,0,0
2016-05-09,-0.021529951139634875,1,0,-1
2016-05-10,0.0030644960603259416,0,0,0
2016-05-11,0.0002781254363639158,0,0,0
2016-05-12,0.007756271571359065,0,0,0
2016-05-13,-0.021194323733399835,1,0,-1
2016-05-16,0.0036573398483075907,0,0,0
2016-05-17,0.008110798204546868,0,0,0
2016-05-18,-0.014590606762593997,1,0,-1
2016-05-19,-0.005100606127587797,0,0,0
2016-05-20,0.003403293131707865,0,0,0
2016-05-23,-0.004255929249868225,0,0,0
2016-05-24,0.0005685048476027036,0,0,0
2016-05-25,0.008489015324911314,0,0,0
2016-05-26,0.015933251116766006,0,1,1
2016-05-27,-0.004168409537179737,0,0,0
2016-05-30,-0.005865119452398134,0,0,0
2016-05-31,0.0013995803544232636,0,0,0
2016-06-01,-0.015788317806522883,1,0,-1
2016-06-02,0.0025542798050967007,0,0,0
2016-06-03,0.012394524869707794,0,0,0
2016-06-06,0.01500444931840674,0,1,1
2016-06-07,-0.01165061721997525,0,0,0
2016-06-08,-0.01716659575358347,1,0,-1
2016-06-13,0.0005675369051312811,0,0,0
2016-06-14,-0.003979539077936813,0,0,0
2016-06-15,0.005963385555418446,0,0,0
2016-06-16,0.0025448903880530634,0,0,0
2016-06-17,0.004227144521891562,0,0,0
2016-06-20,-0.0028161099996420248,0,0,0
2016-06-21,0.0030972853143019043,0,0,0
2016-06-22,0.019212619366341194,0,1,1
2016-06-23,0.0002757479681060161,0,0,0
2016-06-24,-0.008305695587278396,0,0,0
2016-06-27,0.020636308044757183,0,1,1
2016-06-28,0.012718342184689061,0,1,1
2016-06-29,-0.0010761367732105495,0,0,0
2016-06-30,0.010176841983161286,0,0,0
2016-07-01,-0.006147286497159617,0,0,0
2016-07-04,0.02932451570804353,0,1,1
2016-07-05,-0.016273324996415817,1,0,-1
2016-07-06,-0.010908715333980802,0,0,0
2016-07-07,-0.012653284985509572,1,0,-1
2016-07-08,-0.007887977795542579,0,0,0
2016-07-11,0.010863767898986895,0,0,0
2016-07-12,0.004312675147946486,0,0,0
2016-07-13,0.03696302518428515,0,1,1
2016-07-14,0.0015540018667343205,0,0,0
2016-07-15,-0.0036297680505787237,0,0,0
2016-07-18,-0.017027261410280707,1,0,-1
2016-07-19,0.011818916303142605,0,0,0
2016-07-20,-0.0005223296018468174,0,0,0
2016-07-21,0.009619208448677386,0,0,0
2016-07-22,-0.012234956735829397,1,0,-1
2016-07-25,-0.0005239717175158237,0,0,0
2016-07-26,-0.009214228677244297,0,0,0
2016-07-27,-0.0018530779624373497,0,0,0
2016-07-28,0.002117523289907283,0,0,0
2016-07-29,-0.009297450424715466,0,0,0
2016-08-01,0.018509253951542355,0,1,1
2016-08-02,-0.0039375296968552536,0,0,0
2016-08-03,-0.006067819698885466,0,0,0
2016-08-04,-0.004508693488513299,0,0,0
2016-08-05,0.0,0,0,0
2016-08-08,-0.0021287927145215175,0,0,0
2016-08-09,-0.008560779944258037,0,0,0
2016-08-10,0.006694361591491342,0,0,0
2016-08-11,0.0016000003413334314,0,0,0
2016-08-12,0.0007990411931327646,0,0,0
2016-08-15,-0.01313163717742127,1,0,-1
2016-08-16,0.004038234051463827,0,0,0
2016-08-17,0.0,0,0,0
2016-08-18,0.00402199228328781,0,0,0
2016-08-19,0.0005350454916298838,0,0,0
2016-08-22,-0.006708733064462578,0,0,0
2016-08-23,-0.0005386480065598942,0,0,0
2016-08-24,-0.012742479585339318,1,0,-1
2016-08-25,-0.007669169333762838,0,0,0
2016-08-26,0.0016483520215748468,0,0,0
2016-08-29,-0.00027453672101053267,0,0,0
2016-08-30,-0.004402868972756861,0,0,0
2016-08-31,0.0002757479681060161,0,0,0
2016-09-01,0.007142887512380204,0,0,0
2016-09-02,0.0038251412760434813,0,0,0
2016-09-05,-0.004372786415689187,0,0,0
2016-09-06,0.0016420364937443893,0,0,0
2016-09-07,0.004909993497555785,0,0,0
2016-09-08,-0.004909993497555782,0,0,0
2016-09-09,0.0013663070850748523,0,0,0
2016-09-12,-0.01236449328235805,1,0,-1
2016-09-13,0.011818194443314044,0,0,0
2016-09-14,0.0035456194242554804,0,0,0
2016-09-19,0.01352102805304964,0,1,1
2016-09-20,0.0013421019327648337,0,0,0
2016-09-21,0.00053633683237935,0,0,0
2016-09-22,0.009339627596132624,0,0,0
2016-09-23,0.005562191535274245,0,0,0
2016-09-26,-0.002644804503876813,0,0,0
2016-09-27,-0.0021208915691376244,0,0,0
2016-09-28,-0.004788516731797233,0,0,0
2016-09-29,0.004257590252641196,0,0,0
2016-09-30,0.0015919345362503188,0,0,0
2016-10-10,-0.0018575035193541534,0,0,0
2016-10-11,0.013454892334183226,0,1,1
2016-10-12,-0.005518342738446871,0,0,0
2016-10-13,-0.008467899236293071,0,0,0
2016-10-14,-0.006933361107953319,0,0,0
2016-10-17,-0.0013388675182494912,0,0,0
2016-10-18,0.002141328441343078,0,0,0
2016-10-19,-0.005630796483507575,0,0,0
2016-10-20,0.003221479296087826,0,0,0
2016-10-21,-0.003490404939768491,0,0,0
2016-10-24,0.004561929285528248,0,0,0
2016-10-25,0.017516371422331017,0,1,1
2016-10-26,-0.006598941723857388,0,0,0
2016-10-27,0.001587721953011576,0,0,0
2016-10-28,0.011828236207299368,0,0,0
2016-10-31,0.003130709575095391,0,0,0
2016-11-01,0.00907564896614354,0,0,0
2016-11-02,-0.004138650501266835,0,0,0
2016-11-03,0.010571195516922836,0,0,0
2016-11-04,0.0035842332278151067,0,0,0
2016-11-07,0.031445176662370435,0,1,1
2016-11-08,0.0017320306198092526,0,0,0
2016-11-09,0.028033523762716898,0,1,1
2016-11-10,0.05404191730640845,0,1,1
2016-11-11,0.061602080101225476,0,1,1
2016-11-14,-0.025592374856776113,1,0,-1
2016-11-15,-0.04149042232060595,1,0,-1
2016-11-16,0.020623960460253294,0,1,1
2016-11-17,-0.020623960460253162,1,0,-1
2016-11-18,0.012289640340682232,0,0,0
2016-11-21,0.020374599351651517,0,1,1
2016-11-22,0.023870617692371657,0,1,1
2016-11-23,-0.00978587781063259,0,0,0
2016-11-24,0.05215612134598845,0,1,1
2016-11-25,-0.0022842913058153617,0,0,0
2016-11-28,0.02626330680531795,0,1,1
2016-11-29,-0.05773037353238389,1,0,-1
2016-11-30,-0.011002160382046721,0,0,0
2016-12-01,0.020610433296613533,0,1,1
2016-12-02,-0.009179272478986896,0,0,0
2016-12-05,0.015533879755520725,0,1,1
2016-12-06,0.006943741734382813,0,0,0
2016-12-07,0.013744489589170262,0,1,1
2016-12-08,-0.023860487341107923,1,0,-1
2016-12-09,0.00380550142130157,0,0,0
2016-12-12,-0.0033819520714711516,0,0,0
2016-12-13,-0.006585260122751015,0,0,0
2016-12-14,-0.009206788082781324,0,0,0
2016-12-15,0.006432269175631562,0,0,0
2016-12-16,-0.0070777775358618795,0,0,0
2016-12-19,-0.018026332402951956,1,0,-1
2016-12-20,-0.016350342145470424,1,0,-1
2016-12-21,0.009754012158917058,0,0,0
2016-12-22,-0.020054148004940747,1,0,-1
2016-12-23,0.01430191975473975,0,1,1
2016-12-26,-0.02243755784866124,1,0,-1
2016-12-27,0.011954580172122678,0,0,0
2016-12-28,0.022612357830223587,0,1,1
2016-12-29,0.004156191042408817,0,0,0
2016-12-30,-0.00679008194174598,0,0,0
2017-01-03,0.005698021114637796,0,0,0
2017-01-04,-0.005258557253466939,0,0,0
2017-01-05,0.005258557253467051,0,0,0
2017-01-06,-0.009000170510396848,0,0,0
2017-01-09,0.008344361108818319,0,0,0
2017-01-10,0.008275308548650405,0,0,0
2017-01-11,0.022516229450555897,0,1,1
2017-01-12,-0.0038240964384033942,0,0,0
2017-01-13,0.008900249470264078,0,0,0
2017-01-16,0.011536572628416331,0,0,0
2017-01-17,-0.024703040173414275,1,0,-1
2017-01-18,-0.0038552200244328133,0,0,0
2017-01-19,0.0027858155807345907,0,0,0
2017-01-20,-0.014007340324698962,1,0,-1
2017-01-23,0.01657199229679537,0,1,1
2017-01-24,0.004684846728619679,0,0,0
2017-01-25,0.012246774687160242,0,0,0
2017-01-26,0.008151367111571576,0,0,0
2017-02-03,-0.026578236055749847,1,0,-1
2017-02-06,-0.0038552200244328133,0,0,0
2017-02-07,0.005350467552830946,0,0,0
2017-02-08,0.017141462986164844,0,1,1
2017-02-09,-0.0052592947565690785,0,0,0
2017-02-10,0.008610785116151775,0,0,0
2017-02-13,0.04697616799768892,0,1,1
2017-02-14,-0.0001995410562342735,0,0,0
2017-02-15,-0.027720540774573088,1,0,-1
2017-02-16,-0.0012317800777337583,0,0,0
2017-02-17,-0.006595242372734537,0,0,0
2017-02-20,0.008442343975369249,0,0,0
2017-02-21,0.003070941097010446,0,0,0
2017-02-22,-0.0053289734635950025,0,0,0
2017-02-23,-0.00556415655014936,0,0,0
2017-02-24,-0.013104711720880536,1,0,-1
2017-02-27,-0.0006283380665414447,0,0,0
2017-02-28,0.00020948989287882764,0,0,0
2017-03-01,0.018882187721330015,0,1,1
2017-03-02,0.0008218615625953799,0,0,0
2017-03-03,-0.008456273965278767,0,0,0
2017-03-06,-0.008110681874812765,0,0,0
2017-03-07,-0.0035561171248026497,0,0,0
2017-03-08,-0.012228699721730348,1,0,-1
2017-03-09,-0.015822438275775487,1,0,-1
2017-03-10,0.0053734680611431445,0,0,0
2017-03-13,0.019319144529228335,0,1,1
2017-03-14,-0.0042140812468308775,0,0,0
2017-03-15,0.006524278640984068,0,0,0
2017-03-16,0.010226531783831374,0,0,0
2017-03-17,-0.008759180089881578,0,0,0
2017-03-20,0.005014636500864537,0,0,0
2017-03-21,-0.01448540075576405,1,0,-1
2017-03-22,-0.013411590062500521,1,0,-1
2017-03-23,0.009810272750047443,0,0,0
2017-03-24,-0.0004245383209591776,0,0,0
2017-03-27,-0.01799534421907894,1,0,-1
2017-03-28,0.010322672307418738,0,0,0
2017-03-29,0.01676076151520613,0,1,1
2017-03-30,-0.0014738396183005527,0,0,0
2017-03-31,0.006091815919121857,0,0,0
2017-04-05,-0.006934986289479864,0,0,0
2017-04-06,0.00819074200075266,0,0,0
2017-04-07,-0.014325081702372568,1,0,-1
2017-04-10,-0.0016988749042508374,0,0,0
2017-04-11,-0.00810930606966441,0,0,0
2017-04-12,-0.009472621961590136,0,0,0
2017-04-13,0.005393174543521782,0,0,0
2017-04-14,-0.007992266325041608,0,0,0
2017-04-17,0.007992266325041708,0,0,0
2017-04-18,-0.01364691384118188,1,0,-1
2017-04-19,-0.00021812629598977297,0,0,0
2017-04-20,-0.006126933827502787,0,0,0
2017-04-21,0.010263219250168716,0,0,0
2017-04-24,-0.0026103995680194026,0,0,0
2017-04-25,0.0026103995680193653,0,0,0
2017-04-26,0.004335580170983991,0,0,0
2017-04-27,0.0012970170430450251,0,0,0
2017-04-28,0.0008637443853777342,0,0,0
2017-05-02,0.009879805449567828,0,0,0
2017-05-03,-0.00449824042193001,0,0,0
2017-05-04,-0.03051675341633775,1,0,-1
2017-05-05,-0.004436564508687545,0,0,0
2017-05-08,-0.006915811167142354,0,0,0
2017-05-09,0.001342282080729449,0,0,0
2017-05-10,0.002902111647305623,0,0,0
2017-05-11,0.009098032355804933,0,0,0
2017-05-12,-0.007538838365798662,0,0,0
2017-05-15,0.011066956689243327,0,0,0
2017-05-16,-0.0057395301047991785,0,0,0
2017-05-17,0.004858666801861519,0,0,0
2017-05-18,-0.009518610882938644,0,0,0
2017-05-19,0.007533826903552746,0,0,0
2017-05-22,0.010977058631150994,0,0,0
2017-05-23,-0.0006552364545886072,0,0,0
2017-05-24,0.00021845985886990654,0,0,0
2017-05-25,0.004141695293715988,0,0,0
2017-05-26,0.0006523866709584024,0,0,0
2017-05-31,-0.016880812999343194,1,0,-1
2017-06-01,0.0024290615896312142,0,0,0
2017-06-02,-0.0002205801266250147,0,0,0
2017-06-05,-0.001987413704838239,0,0,0
2017-06-06,-0.007098521377677291,0,0,0
2017-06-07,-0.0008908686558015713,0,0,0
2017-06-08,0.00843137899095051,0,0,0
2017-06-09,0.014694858132310784,0,1,1
2017-06-12,0.009534200065667423,0,0,0
2017-06-13,-0.011713799882336767,0,0,0
2017-06-14,0.0028325544595222273,0,0,0
2017-06-15,-0.007863736460214576,0,0,0
2017-06-16,-0.0024151949384276566,0,0,0
2017-06-19,0.004168043765841981,0,0,0
2017-06-20,0.003496507058729306,0,0,0
2017-06-21,-0.007005282588408688,0,0,0
2017-06-22,0.0063506180805753,0,0,0
2017-06-23,0.019027601084194812,0,1,1
2017-06-26,0.0027804530799190536,0,0,0
2017-06-27,-0.0021381235427931013,0,0,0
2017-06-28,0.004271685265303196,0,0,0
2017-06-29,0.010810916104215676,0,0,0
2017-06-30,0.0006323111181272563,0,0,0
2017-07-03,0.0008424600329781257,0,0,0
2017-07-04,-0.00994401508363894,0,0,0
2017-07-05,0.002336201551028355,0,0,0
2017-07-06,-0.003825721988144077,0,0,0
2017-07-07,0.0036135654157984057,0,0,0
2017-07-10,-0.0076677691978446864,0,0,0
2017-07-11,0.005968894293593718,0,0,0
2017-07-12,0.004241787908363124,0,0,0
2017-07-13,0.0031695747612790395,0,0,0
2017-07-14,-0.005076153031860661,0,0,0
2017-07-17,0.013688746968841902,0,1,1
2017-07-18,-0.00251309032787907,0,0,0
2017-07-19,0.0056455978491804885,0,0,0
2017-07-20,-0.003550917569246651,0,0,0
2017-07-21,0.004384598317824126,0,0,0
2017-07-24,-0.005012541823544286,0,0,0
2017-07-25,0.016611677666896175,0,1,1
2017-07-26,0.030222359009986665,0,1,1
2017-07-27,-0.00019982016251914982,0,0,0
2017-07-28,-0.0020004007470831807,0,0,0
2017-07-31,0.015300844955300543,0,1,1
2017-08-01,-0.01050658886865146,0,0,0
2017-08-02,-0.002993715438162506,0,0,0
2017-08-03,-0.0009999000933072963,0,0,0
2017-08-04,0.008764996352967349,0,0,0
2017-08-07,0.0003965893369451196,0,0,0
2017-08-08,0.00019823570289915338,0,0,0
2017-08-09,0.016902918154255514,0,1,1
2017-08-10,-0.010186180140719809,0,0,0
2017-08-11,-0.016276659457039974,1,0,-1
2017-08-14,0.001799460647514499,0,0,0
2017-08-15,0.005379034784640382,0,0,0
2017-08-16,-0.003184082292107031,0,0,0
2017-08-17,0.025581875168501446,0,1,1
2017-08-18,-0.007997701851325428,0,0,0
2017-08-21,0.011488783752309687,0,0,0
2017-08-22,0.010400710089674362,0,0,0
2017-08-23,-0.012144727584335187,1,0,-1
2017-08-24,0.006379915308661685,0,0,0
2017-08-25,0.01681675403792818,0,1,1
2017-08-28,0.002838491829178432,0,0,0
2017-08-29,-0.004735305751456926,0,0,0
2017-08-30,0.0005694220520186192,0,0,0
2017-08-31,0.002274451321669444,0,0,0
2017-09-01,-0.0003787161567703379,0,0,0
2017-09-04,0.006606914075741112,0,0,0
2017-09-05,0.00861751305148943,0,0,0
2017-09-06,-0.008429383994401735,0,0,0
2017-09-07,-0.006984455009519668,0,0,0
2017-09-08,-0.02009060207764177,1,0,-1
2017-09-11,-0.004067014417750191,0,0,0
2017-09-12,0.0032936191742505296,0,0,0
2017-09-13,-0.013632148790057644,1,0,-1
2017-09-14,-0.012231361799861683,1,0,-1
2017-09-15,0.0,0,0,0
2017-09-18,0.00633163967267326,0,0,0
2017-09-19,0.0005915409814611231,0,0,0
2017-09-20,0.0015757340270419664,0,0,0
2017-09-21,-0.012875289280975232,1,0,-1
2017-09-22,-0.010622406725315786,0,0,0
2017-09-25,0.012614042516096664,0,1,1
2017-09-26,0.007532245720474641,0,0,0
2017-09-27,-0.001976675875872536,0,0,0
2017-09-28,0.0015816531569297812,0,0,0
2017-09-29,0.023815296927041183,0,1,1
2017-10-09,0.00519481687710393,0,0,0
2017-10-10,-0.0040380787492802685,0,0,0
2017-10-11,0.010350868723656188,0,0,0
2017-10-12,0.014576689712778762,0,1,1
2017-10-13,0.00375164574340101,0,0,0
2017-10-16,0.03097021713294613,0,1,1
2017-10-17,0.0005444152207780145,0,0,0
2017-10-18,-0.004181444143605329,0,0,0
2017-10-19,-0.004931066516238876,0,0,0
2017-10-20,0.00874960011330985,0,0,0
2017-10-23,-0.012969402723999391,1,0,-1
2017-10-24,0.019842282011761535,0,1,1
2017-10-25,-0.016171879652964644,1,0,-1
2017-10-26,0.003474448041265762,0,0,0
2017-10-27,-0.014526319604736526,1,0,-1
2017-10-30,-0.007809634337326658,0,0,0
2017-10-31,0.004655935405890869,0,0,0
2017-11-01,0.011821341946853756,0,0,0
2017-11-02,-0.0075569431603963065,0,0,0
2017-11-03,0.006270769349652189,0,0,0
2017-11-06,0.00513479947203844,0,0,0
2017-11-07,-0.001281230156048573,0,0,0
2017-11-08,-0.021848675069044584,1,0,-1
2017-11-09,-0.003563060497148804,0,0,0
2017-11-10,0.006553716931796692,0,0,0
2017-11-13,0.0013056049602448733,0,0,0
2017-11-14,0.007057978779266973,0,0,0
2017-11-15,-0.02208173553972774,1,0,-1
2017-11-16,-0.0007571455974048941,0,0,0
2017-11-17,0.001891790197198581,0,0,0
2017-11-20,0.0007557151313751493,0,0,0
2017-11-21,0.009024313922264405,0,0,0
2017-11-22,0.012646625684963993,0,1,1
2017-11-23,-0.004816608052246297,0,0,0
2017-11-24,0.009058200395804003,0,0,0
2017-11-27,-0.010544913176614998,0,0,0
2017-11-28,-0.006717696469907722,0,0,0
2017-11-29,-0.004879889563722049,0,0,0
2017-11-30,-0.005849625133832385,0,0,0
2017-12-01,0.0011348592101290496,0,0,0
2017-12-04,0.012212458029504084,0,0,0
2017-12-05,-0.018660422717402748,1,0,-1
2017-12-06,-0.022122668108941805,1,0,-1
2017-12-07,-0.003897880592954347,0,0,0
2017-12-08,0.00952295603992448,0,0,0
2017-12-11,-0.007377241766947799,0,0,0
2017-12-12,0.01450842742737202,0,1,1
2017-12-13,0.005362970141738153,0,0,0
2017-12-14,-0.0011467891165065712,0,0,0
2017-12-15,0.01197619104671562,0,0,0
2017-12-18,0.012021181576216884,0,0,0
2017-12-19,-0.0031790583108769165,0,0,0
2017-12-20,0.005417030151331589,0,0,0
2017-12-21,0.010193768189543024,0,0,0
2017-12-22,0.004966440816229036,0,0,0
2017-12-25,0.00366300775873702,0,0,0
2017-12-26,0.009823619113155857,0,0,0
2017-12-27,-0.005081680626997512,0,0,0
2017-12-28,0.014630442487368542,0,1,1
2017-12-29,-0.0053937563343191665,0,0,0
2018-01-02,-0.003973993669280946,0,0,0
2018-01-03,-0.007266153676622919,0,0,0
2018-01-04,0.005998382067900745,0,0,0
2018-01-05,-0.005816083279682852,0,0,0
2018-01-08,-0.0031036081507757798,0,0,0
2018-01-09,0.005834109528685278,0,0,0
2018-01-10,-0.0038247929333968807,0,0,0
2018-01-11,0.0056409939411741095,0,0,0
2018-01-12,-0.005640993941174102,0,0,0
2018-01-15,0.003461156565753464,0,0,0
2018-01-16,-0.012627123579833636,1,0,-1
2018-01-17,-0.013348362823427086,1,0,-1
2018-01-18,0.0016783220722747098,0,0,0
2018-01-19,0.0007450177286304832,0,0,0
2018-01-22,0.0035312739975835203,0,0,0
2018-01-23,-0.003345106259914614,0,0,0
2018-01-24,-0.018600818112658443,1,0,-1
2018-01-25,0.020832131794093933,0,1,1
2018-01-26,-0.007644299366792363,0,0,0
2018-01-29,0.003176682107076402,0,0,0
2018-01-30,-0.011823352520321025,0,0,0
2018-01-31,0.00470854999310786,0,0,0
2018-02-01,-0.004519781705619518,0,0,0
2018-02-02,0.010140931976049435,0,0,0
2018-02-05,-0.009009069942365968,0,0,0
2018-02-06,-0.005482573521431172,0,0,0
2018-02-07,-0.0007585814890604145,0,0,0
2018-02-08,-0.011256438610471185,0,0,0
2018-02-09,-0.01080257418565776,0,0,0
2018-02-12,0.002905008337143578,0,0,0
2018-02-13,0.008281222097225528,0,0,0
2018-02-14,0.012389370330169232,0,0,0
2018-02-22,-0.0007580064793490098,0,0,0
2018-02-23,0.015798711150582997,0,1,1
2018-02-26,0.00018658456999748717,0,0,0
2018-02-27,-0.004300277730902846,0,0,0
2018-02-28,-0.01472280274460061,1,0,-1
2018-03-01,-0.005720839401213543,0,0,0
2018-03-02,0.0005735589489041203,0,0,0
2018-03-05,-0.007096989603706871,0,0,0
2018-03-06,0.012814558066910293,0,1,1
2018-03-07,-0.002664130976313077,0,0,0
2018-03-08,-0.008803884615328139,0,0,0
2018-03-09,-0.01608405955101364,1,0,-1
2018-03-12,0.014929991332906848,0,1,1
2018-03-13,-0.004243015044515674,0,0,0
2018-03-14,0.01133864362623346,0,0,0
2018-03-15,-0.004021068127472096,0,0,0
2018-03-16,0.0,0,0,0
2018-03-19,-0.013521550418900956,1,0,-1
2018-03-20,0.00038887809162041877,0,0,0
2018-03-21,-0.01685983868754486,1,0,-1
2018-03-22,0.012964235786714474,0,1,1
2018-03-23,-0.022299888056900183,1,0,-1
2018-03-26,-0.022400290861006707,1,0,-1
2018-03-27,0.012573680153028267,0,1,1
2018-03-28,-0.00728158557126312,0,0,0
2018-03-29,0.012507728119443864,0,0,0
2018-03-30,0.005996420126440425,0,0,0
2018-04-02,0.0041762017542304915,0,0,0
2018-04-03,-0.00039698293494760636,0,0,0
2018-04-04,-0.0017883760355124918,0,0,0
2018-04-09,0.006541801503940003,0,0,0
2018-04-10,0.006695574442747172,0,0,0
2018-04-11,0.002939737540924974,0,0,0
2018-04-12,-0.009437742092680734,0,0,0
2018-04-13,-0.0019774576346876225,0,0,0
2018-04-16,-0.0005940006114659757,0,0,0
2018-04-17,0.006514681021193672,0,0,0
2018-04-18,0.006863444924982429,0,0,0
2018-04-19,0.014935783417601958,0,1,1
2018-04-20,-0.01045103377348292,0,0,0
2018-04-23,0.008909607649398871,0,0,0
2018-04-24,-0.006383617770385382,0,0,0
2018-04-25,0.00038804812283600075,0,0,0
2018-04-26,0.0007756447935896012,0,0,0
2018-04-27,-0.0005816771855719473,0,0,0
2018-05-02,-0.007201977601494754,0,0,0
2018-05-03,-0.0025427886561540805,0,0,0
2018-05-04,0.004494389587839267,0,0,0
2018-05-07,-0.0027333090035415774,0,0,0
2018-05-08,0.004291852081541084,0,0,0
2018-05-09,-0.009780985644502789,0,0,0
2018-05-10,0.003923881824878814,0,0,0
2018-05-11,0.0072188392698114895,0,0,0
2018-05-14,0.002330098141622609,0,0,0
2018-05-15,-0.0068113525965277305,0,0,0
2018-05-16,-0.00371711276079361,0,0,0
2018-05-17,0.0005878318970092304,0,0,0
2018-05-18,0.00469025679050257,0,0,0
2018-05-21,0.0015585430779993335,0,0,0
2018-05-22,0.0013617354501875509,0,0,0
2018-05-23,0.006394750984446144,0,0,0
2018-05-24,-0.006589171126985161,0,0,0
2018-05-25,0.0011659542712252231,0,0,0
2018-05-28,0.0023278381025858626,0,0,0
2018-05-29,0.00193573424749427,0,0,0
2018-05-30,-0.018148610131597697,1,0,-1
2018-05-31,0.011746415405205246,0,0,0
2018-06-01,0.0019443910461885035,0,0,0
2018-06-04,0.005424267464719212,0,0,0
2018-06-05,0.010187498007394082,0,0,0
2018-06-06,0.015183438395540936,0,1,1
2018-06-07,0.019954042008439338,0,1,1
2018-06-08,-0.007040977763300934,0,0,0
2018-06-11,0.007040977763301026,0,0,0
2018-06-12,-0.003514291973468122,0,0,0
2018-06-13,-0.00818609222526148,0,0,0
2018-06-14,0.0018663685895439514,0,0,0
2018-06-15,0.0005592320026443177,0,0,0
2018-06-19,-0.037596985523131725,1,0,-1
2018-06-20,0.005788169738997747,0,0,0
2018-06-21,-0.0038550548899526672,0,0,0
2018-06-22,0.0017366140399173136,0,0,0
2018-06-25,-0.0036697288889624017,0,0,0
2018-06-26,-0.0009679605827886236,0,0,0
2018-06-27,-0.0029095161636318546,0,0,0
2018-06-28,0.003103183250515806,0,0,0
2018-06-29,0.00038722168925267613,0,0,0
2018-07-02,-0.008748962193235538,0,0,0
2018-07-03,0.004286834312365794,0,0,0
2018-07-04,-0.02620065169600571,1,0,-1
2018-07-05,-0.015488592845172195,1,0,-1
2018-07-06,-0.003452130547812843,0,0,0
2018-07-09,0.01674270072764487,0,1,1
2018-07-10,-0.004611536994554975,0,0,0
2018-07-11,-0.033513557324445824,1,0,-1
2018-07-12,0.018122407004148525,0,1,1
2018-07-13,-0.005730674708984983,0,0,0
2018-07-16,0.0,0,0,0
2018-07-17,0.0018455864974145774,0,0,0
2018-07-18,-0.011332149702170497,0,0,0
2018-07-19,0.008459763648477293,0,0,0
2018-07-20,-0.001645075427551336,0,0,0
2018-07-23,0.008810629682154906,0,0,0
2018-07-24,0.00589852213606826,0,0,0
2018-07-25,0.012094483245483062,0,0,0
2018-07-26,0.004597709248629549,0,0,0
2018-07-27,-0.000997705360621909,0,0,0
2018-07-30,-0.014681007772393097,1,0,-1
2018-07-31,0.009476832696180791,0,0,0
2018-08-01,-0.00020070245927878441,0,0,0
2018-08-02,-0.009681398732823752,0,0,0
2018-08-03,-0.0022319173311014487,0,0,0
2018-08-06,0.0014208872785352153,0,0,0
2018-08-07,0.005058179727352525,0,0,0
2018-08-08,-0.00040371417585068694,0,0,0
2018-08-09,0.008443958494416296,0,0,0
2018-08-10,-0.007031671363680678,0,0,0
2018-08-13,0.002617538995765436,0,0,0
2018-08-14,-0.004231744350306498,0,0,0
2018-08-15,-0.019782433639006797,1,0,-1
2018-08-16,-0.020181689862522254,1,0,-1
2018-08-17,0.0025188930194839864,0,0,0
2018-08-20,0.011464429890699434,0,0,0
2018-08-21,0.009283202303549162,0,0,0
2018-08-22,-0.008454530203093634,0,0,0
2018-08-23,-0.006231844015296396,0,0,0
2018-08-24,0.010777306386971108,0,0,0
2018-08-27,0.005755411570620752,0,0,0
2018-08-28,-0.0028735651957318073,0,0,0
2018-08-29,0.0036930694415547604,0,0,0
2018-08-30,-0.0006145652144673893,0,0,0
2018-08-31,-0.00451838928507511,0,0,0
2018-09-03,-0.00847550293189707,0,0,0
2018-09-04,-0.00812927874446591,0,0,0
2018-09-05,-0.0056669266988335345,0,0,0
2018-09-06,0.0010518566237510399,0,0,0
2018-09-07,0.0,0,0,0
2018-09-10,-0.002104820814963539,0,0,0
2018-09-11,0.009436999887413344,0,0,0
2018-09-12,-0.003764119877225591,0,0,0
2018-09-13,0.018474837870172095,0,1,1
2018-09-14,-0.004122017378064837,0,0,0
2018-09-17,-0.010171338338372556,0,0,0
2018-09-18,0.015526654947786479,0,1,1
2018-09-19,0.019528692217080038,0,1,1
2018-09-20,-0.006061849235195845,0,0,0
2018-09-21,0.008074327274048032,0,0,0
2018-09-25,0.012387770800887802,0,0,0
2018-09-26,0.0033700101276708336,0,0,0
2018-09-27,-0.00794758802840514,0,0,0
2018-09-28,0.0007976072207495132,0,0,0
2018-10-08,-0.003194253065349233,0,0,0
2018-10-09,0.009750350850501759,0,0,0
2018-10-10,0.0053322926779888246,0,0,0
2018-10-11,-0.01568270355249665,1,0,-1
2018-10-12,0.01627342917762989,0,1,1
2018-10-15,-0.004537839492544583,0,0,0
2018-10-16,-0.007542711425049406,0,0,0
2018-10-17,-0.0005979073421770492,0,0,0
2018-10-18,-0.0035949709178589233,0,0,0
2018-10-19,0.0035949709178590143,0,0,0
2018-10-22,0.006953440155295928,0,0,0
2018-10-23,-0.008949050476333022,0,0,0
2018-10-24,0.005379034784640382,0,0,0
2018-10-25,-0.011389872357344677,0,0,0
2018-10-26,-0.00020098482632226688,0,0,0
2018-10-29,0.00040192926586109245,0,0,0
2018-10-30,-0.0014074597678797173,0,0,0
2018-10-31,-0.012960894272239749,1,0,-1
2018-11-01,-0.0067491819749284495,0,0,0
2018-11-02,0.023525725017531154,0,1,1
2018-11-05,-0.00040096231491477984,0,0,0
2018-11-06,-0.004219839478010663,0,0,0
2018-11-07,-0.003833354840403331,0,0,0
2018-11-08,-0.002023472968845699,0,0,0
2018-11-09,-0.003855915482725039,0,0,0
2018-11-12,-0.005300725969074884,0,0,0
2018-11-13,0.003672723981503399,0,0,0
2018-11-14,-0.005718969835660863,0,0,0
2018-11-15,0.014236563411526753,0,1,1
2018-11-16,0.00121089823070372,0,0,0
2018-11-19,0.004025770332401542,0,0,0
2018-11-20,-0.00402577033240146,0,0,0
2018-11-21,-0.003434693749385779,0,0,0
2018-11-22,0.003232979174823847,0,0,0
2018-11-23,-0.0034353878386057485,0,0,0
2018-11-26,-0.0020263431452323616,0,0,0
2018-11-27,-0.008555766185304499,0,0,0
2018-11-28,0.008150004361924408,0,0,0
2018-11-29,0.0056657375356773,0,0,0
2018-11-30,0.003223209881568699,0,0,0
2018-12-03,0.01060328029667473,0,0,0
2018-12-04,-0.0118107668591646,0,0,0
2018-12-05,-0.006262014200529918,0,0,0
2018-12-06,-0.007525714355468855,0,0,0
2018-12-07,0.004074985264024769,0,0,0
2018-12-10,-0.00509633148701434,0,0,0
2018-12-11,0.0032646427689288276,0,0,0
2018-12-12,-0.00020372822725041662,0,0,0
2018-12-13,0.0052834912585000594,0,0,0
2018-12-14,-0.00916223451065647,0,0,0
2018-12-17,0.006930317179555097,0,0,0
2018-12-18,-0.006112488469077016,0,0,0
2018-12-19,-0.01731645001146093,1,0,-1
2018-12-20,0.0026996174634538205,0,0,0
2018-12-21,0.003932531198577901,0,0,0
2018-12-24,-0.006424226839887542,0,0,0
2018-12-25,-0.0018728545688664843,0,0,0
2018-12-26,0.0006246746689338979,0,0,0
2018-12-27,0.00498339901754787,0,0,0
2018-12-28,0.0012419790460061338,0,0,0
2019-01-02,-0.013747352518242632,1,0,-1
2019-01-03,-0.007790333114037592,0,0,0
2019-01-04,-0.003599792135071632,0,0,0
2019-01-07,0.006133042381505222,0,0,0
2019-01-08,-0.0018993358036525163,0,0,0
2019-01-09,0.007156418671256347,0,0,0
2019-01-10,-0.0035718075582643893,0,0,0
2019-01-11,-0.004007176088643893,0,0,0
2019-01-14,-0.009128606008691054,0,0,0
2019-01-15,0.002343168608563571,0,0,0
2019-01-16,0.008052597020580862,0,0,0
2019-01-17,0.0,0,0,0
2019-01-18,0.010079883749587876,0,0,0
2019-01-21,-0.0012544429828169389,0,0,0
2019-01-22,-0.005664548871492234,0,0,0
2019-01-23,0.00021037130612970472,0,0,0
2019-01-24,-0.004638422821861892,0,0,0
2019-01-25,0.0012671596204533021,0,0,0
2019-01-28,0.003371263201408393,0,0,0
2019-01-29,0.0008410429427637222,0,0,0
2019-01-30,0.0025188930194839864,0,0,0
2019-01-31,0.008142857395275852,0,0,0
2019-02-01,0.003735994382830233,0,0,0
2019-02-11,-0.001658719020160126,0,0,0
2019-02-12,-0.0016614749408790778,0,0,0
2019-02-13,0.0035273405179684406,0,0,0
2019-02-14,0.004340194887930145,0,0,0
2019-02-15,-0.0059985700607062585,0,0,0
2019-02-18,0.021144172713554524,0,1,1
2019-02-19,0.0026371858270232084,0,0,0
2019-02-20,0.007065740509448914,0,0,0
2019-02-21,-0.0008049909873220702,0,0,0
2019-02-22,0.0050205949419130595,0,0,0
2019-02-25,0.011947573421118202,0,0,0
2019-02-26,-0.006553493815448031,0,0,0
2019-02-27,-0.002194076874999207,0,0,0
2019-02-28,0.0015961695328221347,0,0,0
2019-03-01,0.006755439956648857,0,0,0
2019-03-04,-0.009750350850501825,0,0,0
2019-03-05,-0.01025031585616772,0,0,0
2019-03-06,-0.002022245380767809,0,0,0
2019-03-07,-0.0038535693159899662,0,0,0
2019-03-08,-0.0034605632499309044,0,0,0
2019-03-11,0.0030540591792925557,0,0,0
2019-03-12,0.005271707261472734,0,0,0
2019-03-13,-0.002226946967510489,0,0,0
2019-03-14,-0.004672431050057373,0,0,0
2019-03-15,0.0042669982449902635,0,0,0
2019-03-18,0.000608087583347068,0,0,0
2019-03-19,-0.0004053506338437563,0,0,0
2019-03-20,-0.0028420644383984803,0,0,0
2019-03-21,0.00466484975321568,0,0,0
2019-03-22,-0.00976014254593844,0,0,0
2019-03-25,-0.01689716690804749,1,0,-1
2019-03-26,0.0022833429744024128,0,0,0
2019-03-27,0.003311946724346599,0,0,0
2019-03-28,-0.0006201550586352605,0,0,0
2019-03-29,0.009057287112509544,0,0,0
2019-04-01,0.013433949234168706,0,1,1
2019-04-02,-0.0038488855373983843,0,0,0
2019-04-03,0.0048592928174599525,0,0,0
2019-04-04,0.00020195900300898803,0,0,0
2019-04-08,-0.004249728140305921,0,0,0
2019-04-09,0.01149322057580085,0,0,0
2019-04-10,-0.006234308779353182,0,0,0
2019-04-11,-0.0060704354766108375,0,0,0
2019-04-12,0.00020294266939266736,0,0,0
2019-04-15,0.0024321049686123948,0,0,0
2019-04-16,0.0016181233304102998,0,0,0
2019-04-17,0.0006061218490444405,0,0,0
2019-04-18,-0.0002019997986870776,0,0,0
2019-04-19,0.000605877025501608,0,0,0
2019-04-22,-0.00566917898204844,0,0,0
2019-04-23,-0.0018290829202638526,0,0,0
2019-04-24,-0.004076646493763376,0,0,0
2019-04-25,0.004483398583975849,0,0,0
2019-04-26,-0.004279171073820479,0,0,0
2019-04-29,-0.0024534872254342727,0,0,0
2019-04-30,0.0016363268122404958,0,0,0
2019-05-06,-0.019398049430877987,1,0,-1
2019-05-07,0.006024740359176655,0,0,0
2019-05-08,-0.009155286586954484,0,0,0
2019-05-09,-0.005870037819795266,0,0,0
2019-05-10,0.004196397261765492,0,0,0
2019-05-13,-0.0020959974137505825,0,0,0
2019-05-14,-0.003573309109565604,0,0,0
2019-05-15,0.005040968456774736,0,0,0
2019-05-16,0.0012562815722615512,0,0,0
2019-05-17,-0.003353597777297823,0,0,0
2019-05-20,-0.00020997375405234809,0,0,0
2019-05-21,0.0016785568355787415,0,0,0
2019-05-22,-0.011385322225125352,0,0,0
2019-05-23,-0.010230268250814922,0,0,0
2019-05-24,0.010442289877815127,0,0,0
2019-05-27,0.0023292758016725183,0,0,0
2019-05-28,-0.0031776321622032457,0,0,0
2019-05-29,-0.006812885623660267,0,0,0
2019-05-30,-0.005569851588903083,0,0,0
2019-05-31,-0.00798019979672675,0,0,0
2019-06-03,-0.0010833063566201679,0,0,0
2019-06-04,0.0030303053491790633,0,0,0
2019-06-05,0.006033200804167913,0,0,0
2019-06-06,-0.011450919115856236,0,0,0
2019-06-10,0.005201572196073408,0,0,0
2019-06-11,0.01374001864894051,0,1,1
2019-06-12,-0.008995562908577873,0,0,0
2019-06-13,-0.004528309624747511,0,0,0
2019-06-14,0.0015117160853219392,0,0,0
2019-06-17,-0.004108558055368941,0,0,0
2019-06-18,0.0038927384796957334,0,0,0
2019-06-19,0.010947839300959621,0,0,0
2019-06-20,0.0019195910768095956,0,0,0
2019-06-21,-0.0017061211218950688,0,0,0
2019-06-24,-0.0021367529497352197,0,0,0
2019-06-25,0.007246408520767253,0,0,0
2019-06-26,0.0025450703027321336,0,0,0
2019-06-27,-0.002545070302732172,0,0,0
2019-06-28,-0.0017003192194240783,0,0,0
2019-07-01,0.007417645539711009,0,0,0
2019-07-02,-0.015962880191100703,1,0,-1
2019-07-03,-0.007753646426215329,0,0,0
2019-07-04,0.002159828053429938,0,0,0
2019-07-05,-0.00151138968638828,0,0,0
2019-07-08,0.002374016438176483,0,0,0
2019-07-09,-0.004320594321138237,0,0,0
2019-07-10,-0.0023843080548782017,0,0,0
2019-07-11,0.01100690944106952,0,0,0
2019-07-12,0.001715634133018804,0,0,0
2019-07-15,0.005129312378642343,0,0,0
2019-07-16,0.0,0,0,0
2019-07-17,-0.0010664392607170547,0,0,0
2019-07-18,-0.0017086719236165952,0,0,0
2019-07-19,0.025120054357939615,0,1,1
2019-07-22,-0.011742638599945612,0,0,0
2019-07-23,-0.0023228814161396385,0,0,0
2019-07-24,-0.004449631242424033,0,0,0
2019-07-25,-0.0014876211435397616,0,0,0
2019-07-26,0.0006378229194651849,0,0,0
2019-07-29,-0.0031931905791549088,0,0,0
2019-07-30,0.007223315876927902,0,0,0
2019-07-31,-0.011068652809189939,0,0,0
2019-08-01,-0.0021427049123605942,0,0,0
2019-08-02,-0.0038684767779203176,0,0,0
2019-08-05,-0.0082162624371516,0,0,0
2019-08-06,0.0028184300499749897,0,0,0
2019-08-07,-0.00499187146195914,0,0,0
2019-08-08,0.011895890255450655,0,0,0
2019-08-09,0.003648464182349699,0,0,0
2019-08-12,0.0014984483163406836,0,0,0
2019-08-13,-0.00407245231151359,0,0,0
2019-08-14,0.0004294610330125523,0,0,0
2019-08-15,-0.003010107626504224,0,0,0
2019-08-16,0.002365846893385308,0,0,0
2019-08-19,0.0012881066615735854,0,0,0
2019-08-20,0.00021452322296153567,0,0,0
2019-08-21,-0.0040838315757807135,0,0,0
2019-08-22,-0.002587881539169738,0,0,0
2019-08-23,0.0019415387395489534,0,0,0
2019-08-26,-0.008223374624989736,0,0,0
2019-08-27,0.007792247220165822,0,0,0
2019-08-28,0.00387347159579684,0,0,0
2019-08-29,-0.00021479970010630559,0,0,0
2019-08-30,0.003003005259769556,0,0,0
2019-09-02,-0.0010714669406087685,0,0,0
2019-09-03,-0.005805843638867453,0,0,0
2019-09-04,0.005376935204241511,0,0,0
2019-09-05,0.007479466431292653,0,0,0
2019-09-06,0.010167425017033074,0,0,0
2019-09-09,-0.0006324444186774647,0,0,0
2019-09-10,0.0002108592522308418,0,0,0
2019-09-11,-0.0029560832337059834,0,0,0
2019-09-12,0.004220305905246118,0,0,0
2019-09-16,0.0014729092615505873,0,0,0
2019-09-17,-0.004636467736743238,0,0,0
2019-09-18,-0.0006339144427811923,0,0,0
2019-09-19,-0.0050858342300057376,0,0,0
2019-09-20,0.0012738855225885536,0,0,0
2019-09-23,-0.005531929001024691,0,0,0
2019-09-24,0.00531972740871653,0,0,0
2019-09-25,-0.002549937633272648,0,0,0
2019-09-26,0.002549937633272705,0,0,0
2019-09-27,-0.004253515558056537,0,0,0
2019-09-30,0.007008630154476975,0,0,0
2019-10-08,-0.010210682201956903,0,0,0
2019-10-09,-0.003641430606194626,0,0,0
2019-10-10,0.002143623543251369,0,0,0
2019-10-11,0.004486707665515067,0,0,0
2019-10-14,0.0012782276985370152,0,0,0
2019-10-15,-0.0002129245190627014,0,0,0
2019-10-16,-0.004481919785144992,0,0,0
2019-10-17,-0.0021413284413432264,0,0,0
2019-10-18,-0.0017163702990670023,0,0,0
2019-10-21,0.009616486117637636,0,0,0
2019-10-22,0.002124496231407799,0,0,0
2019-10-23,-0.004040409537004974,0,0,0
2019-10-24,0.009120860769423918,0,0,0
2019-10-25,0.000633245403746796,0,0,0
2019-10-28,0.0008437039099933745,0,0,0
2019-10-29,-0.0018993358036525163,0,0,0
2019-10-30,0.0035846111129921427,0,0,0
2019-10-31,-0.0037958712806733883,0,0,0
2019-11-01,-0.00444680457482535,0,0,0
2019-11-04,-0.0016992357529598016,0,0,0
2019-11-05,0.004454350349380375,0,0,0
2019-11-06,-0.0012706482014556528,0,0,0
2019-11-07,0.0012706482014557111,0,0,0
2019-11-08,0.0019029501460860636,0,0,0
2019-11-11,-0.0035975067896675214,0,0,0
2019-11-12,0.002117747508974606,0,0,0
2019-11-13,-0.005090148848188413,0,0,0
2019-11-14,0.0,0,0,0
2019-11-15,-0.0021285661506303243,0,0,0
2019-11-18,0.0010648494244405553,0,0,0
2019-11-19,-0.0019175461292718174,0,0,0
2019-11-20,0.0034064329298937293,0,0,0
2019-11-21,0.001274426680560991,0,0,0
2019-11-22,-0.005107480777334967,0,0,0
2019-11-25,0.004895189087757238,0,0,0
2019-11-26,-0.0006371456093211491,0,0,0
2019-11-27,0.006564343317588576,0,0,0
2019-11-28,-0.0006333790985521812,0,0,0
2019-11-29,-0.0006337805219011887,0,0,0
2019-12-02,-0.00042274361229879424,0,0,0
2019-12-03,-0.004662013105811301,0,0,0
2019-12-04,-0.002126303161309199,0,0,0
2019-12-05,0.004671913360742951,0,0,0
2019-12-06,0.0025391465186762377,0,0,0
2019-12-09,0.023392879574705375,0,1,1
2019-12-10,0.005147751509718041,0,0,0
2019-12-11,0.006346627916017056,0,0,0
2019-12-12,0.0006120575525151695,0,0,0
2019-12-13,-0.0004079967416857565,0,0,0
2019-12-16,0.0018346758790187881,0,0,0
2019-12-17,0.0032533578919170113,0,0,0
2019-12-18,-0.0038645425905797746,0,0,0
2019-12-19,0.0008148299493412472,0,0,0
2019-12-20,-0.0016303243880113631,0,0,0
2019-12-23,0.0004078303482300998,0,0,0
2019-12-24,0.010949014489670303,0,0,0
2019-12-25,0.00020163322983931102,0,0,0
2019-12-26,0.0010075567602997706,0,0,0
2019-12-27,0.0016099822354656683,0,0,0
2019-12-30,-0.004433703353315544,0,0,0
2019-12-31,-0.007297822780156164,0,0,0
2020-01-02,0.0016263471769336097,0,0,0
2020-01-03,-0.00672579728928289,0,0,0
2020-01-06,-0.002867091867755586,0,0,0
2020-01-07,0.005114054308385424,0,0,0
2020-01-08,-0.003065293091861726,0,0,0
2020-01-09,0.0020445723744762284,0,0,0
2020-01-10,0.0010207207173855964,0,0,0
2020-01-13,-0.0014293009069304848,0,0,0
2020-01-14,0.007531842221509216,0,0,0
2020-01-15,-0.0010145075436428454,0,0,0
2020-01-16,-0.0012187691941294547,0,0,0
2020-01-17,0.0010157441198354218,0,0,0
2020-01-20,-0.00305033281762298,0,0,0
2020-01-21,-0.013946083290562463,1,0,-1
2020-01-22,0.0024752487885429737,0,0,0
2020-01-23,-0.010770609505348206,0,0,0
2020-02-03,-0.0640666069616722,1,0,-1
2020-02-04,0.004872656373956388,0,0,0
2020-02-05,0.00945581536978877,0,0,0
2020-02-06,0.01023416662466407,0,0,0
2020-02-07,-0.007174723678811428,0,0,0
2020-02-10,-0.0059087599420512655,0,0,0
2020-02-11,0.003505700347628487,0,0,0
2020-02-12,-0.0002187465829568584,0,0,0
2020-02-13,0.003930136063089156,0,0,0
2020-02-14,0.004999466994116068,0,0,0
2020-02-17,0.00799054030163519,0,0,0
2020-02-18,-0.004743432783585195,0,0,0
2020-02-19,0.0028056563133013537,0,0,0
2020-02-20,0.0006463427996206841,0,0,0
2020-02-21,-0.009521820479997936,0,0,0
2020-02-24,0.00021741493726249575,0,0,0
2020-02-25,-0.0010875476873989933,0,0,0
2020-02-26,-0.006988453862384895,0,0,0
2020-02-27,-0.004172620526415302,0,0,0
2020-02-28,-0.02337855556695198,1,0,-1
2020-03-02,0.01874636464380797,0,1,1
2020-03-03,0.008585633366490096,0,0,0
2020-03-04,-0.004393680178829515,0,0,0
2020-03-05,0.0008802817469848424,0,0,0
2020-03-06,-0.009948131119555772,0,0,0
2020-03-09,-0.02519818360469874,1,0,-1
2020-03-10,0.01851068654574656,0,1,1
2020-03-11,-0.009438272310782472,0,0,0
2020-03-12,-0.019148066223705733,1,0,-1
2020-03-13,0.004592430574210171,0,0,0
2020-03-16,-0.02364505150849228,1,0,-1
2020-03-17,0.0,0,0,0
2020-03-18,-0.06467927699676625,1,0,-1
2020-03-19,-0.0616730941944752,1,0,-1
2020-03-20,0.035045427410584695,0,1,1
2020-03-23,-0.04494252571736139,1,0,-1
2020-03-24,0.026526754333428604,0,1,1
2020-03-25,0.02991455657152324,0,1,1
2020-03-26,-0.012527327319920881,1,0,-1
2020-03-27,0.007943667652262912,0,0,0
2020-03-30,-0.011810150108018412,0,0,0
2020-03-31,0.011044160028435893,0,0,0
2020-04-01,-0.003838776307165713,0,0,0
2020-04-02,0.016529301951210506,0,1,1
2020-04-03,0.007036972994273029,0,0,0
2020-04-07,0.016640145532557,0,1,1
2020-04-08,0.005159082810027423,0,0,0
2020-04-09,-0.0002450680075983037,0,0,0
2020-04-10,0.022298548722455604,0,1,1
2020-04-13,0.0014371259958480525,0,0,0
2020-04-14,-0.0007183048315552584,0,0,0
2020-04-15,-0.004561285065837809,0,0,0
2020-04-16,0.0,0,0,0
2020-04-17,0.01717599477101018,0,1,1
2020-04-20,0.0011818935307954088,0,0,0
2020-04-21,-0.02124945658160471,1,0,-1
2020-04-22,-0.00848181505590923,0,0,0
2020-04-23,0.020713650017896722,0,1,1
2020-04-24,-0.004060676784795453,0,0,0
2020-04-27,0.016850997998300442,0,1,1
2020-04-28,-0.004481668074487885,0,0,0
2020-04-29,0.0049522563184665365,0,0,0
2020-04-30,0.010064450079936229,0,0,0
2020-05-06,-0.005136597798695567,0,0,0
2020-05-07,0.009087794107103777,0,0,0
2020-05-08,0.009235807973545515,0,0,0
2020-05-11,-0.0002298586379503727,0,0,0
2020-05-12,-0.010631022241109424,0,0,0
2020-05-13,0.0004645760826879836,0,0,0
2020-05-14,-0.00348959293278369,0,0,0
2020-05-15,0.0006988934472016567,0,0,0
2020-05-18,0.004183134150106681,0,0,0
2020-05-19,0.013132316362602817,0,1,1
2020-05-20,0.0009151224614847148,0,0,0
2020-05-21,0.009558561625139713,0,0,0
2020-05-22,-0.02036450652505636,1,0,-1
2020-05-25,0.0089748617606985,0,0,0
2020-05-26,0.004799460704130908,0,0,0
2020-05-27,-0.005028582024872109,0,0,0
2020-05-28,0.0013739411366744713,0,0,0
2020-05-29,0.00547696485491971,0,0,0
2020-06-01,0.014908792069554226,0,1,1
2020-06-02,-0.0008972634069897823,0,0,0
2020-06-03,0.00604096254831952,0,0,0
2020-06-04,-0.002456729320504433,0,0,0
2020-06-05,0.011118638002980002,0,0,0
2020-06-08,0.012744624270315476,0,1,1
2020-06-09,0.00977737283829492,0,0,0
2020-06-10,0.012462559237016191,0,0,0
2020-06-11,0.00255918245882144,0,0,0
2020-06-12,-0.0023456669247553675,0,0,0
2020-06-15,-0.012027636404040774,1,0,-1
2020-06-16,0.018624106753990767,0,1,1
2020-06-17,-0.008092037341671616,0,0,0
2020-06-18,0.0032020520474798347,0,0,0
2020-06-19,0.016067998971819625,0,1,1
2020-06-22,-0.004414090193867689,0,0,0
2020-06-23,0.007973185335736512,0,0,0
2020-06-24,0.00020896458126398902,0,0,0
2020-06-29,0.010806422701653867,0,0,0
2020-06-30,0.008438868645864604,0,0,0
2020-07-01,0.011412392051744765,0,0,0
2020-07-02,0.0012150669781680898,0,0,0
2020-07-03,-0.010375436376832267,0,0,0
2020-07-06,0.002858895147129528,0,0,0
2020-07-07,0.0065040879691764825,0,0,0
2020-07-08,0.008874604433474856,0,0,0
2020-07-09,0.017910926566530243,0,1,1
2020-07-10,-0.003952574315823358,0,0,0
2020-07-13,0.046051859262116746,0,1,1
2020-07-14,-0.012751148120969861,1,0,-1
2020-07-15,0.0,0,0,0
2020-07-16,-0.02915091761553333,1,0,-1
2020-07-17,0.01409852997989723,0,1,1
2020-07-20,-0.002530907610101013,0,0,0
2020-07-21,0.011049836186584935,0,0,0
2020-07-22,0.010356824450766003,0,0,0
2020-07-23,-0.008430783793724453,0,0,0
2020-07-24,-0.014536548248971276,1,0,-1
2020-07-27,0.00739159171613793,0,0,0
2020-07-28,-0.001551590691418833,0,0,0
2020-07-29,0.0069632776521450675,0,0,0
2020-07-30,-0.003669020240295174,0,0,0
2020-07-31,0.002511835926015977,0,0,0
2020-08-03,-0.01497063052328934,1,0,-1
2020-08-04,0.009552660613544546,0,0,0
2020-08-05,-0.0036932688496517426,0,0,0
2020-08-06,0.0009732360865521751,0,0,0
2020-08-07,-0.0019474202843955666,0,0,0
2020-08-10,-0.02107829441477052,1,0,-1
2020-08-11,0.002187531945216543,0,0,0
2020-08-12,-0.009380370149138607,0,0,0
2020-08-13,0.010769948536508325,0,0,0
2020-08-14,-0.006168560003720325,0,0,0
2020-08-17,0.012496443487779505,0,0,0
2020-08-18,0.001969279880212429,0,0,0
2020-08-19,0.02774452863365522,0,1,1
2020-08-20,-0.004218606448161858,0,0,0
2020-08-21,-0.004622504378867133,0,0,0
2020-08-24,-0.005031944041218383,0,0,0
2020-08-25,-0.007986796132311083,0,0,0
2020-08-26,0.006044670837456048,0,0,0
2020-08-27,0.0009715341286860473,0,0,0
2020-08-28,0.009663778337574385,0,0,0
2020-08-31,-0.00019236318228016026,0,0,0
2020-09-01,0.01924418729132654,0,1,1
2020-09-02,-0.017514249329862994,1,0,-1
2020-09-03,-0.005971316982162633,0,0,0
2020-09-04,-0.0021274546269975684,0,0,0
2020-09-07,0.011358289402528041,0,0,0
2020-09-08,0.006677502633077192,0,0,0
2020-09-09,-0.014556855399637603,1,0,-1
2020-09-10,-0.0025113506872317015,0,0,0
2020-09-11,-0.00038692204003706784,0,0,0
2020-09-14,0.008477892782298057,0,0,0
2020-09-15,0.0007671653617531704,0,0,0
2020-09-16,-0.008664731210267396,0,0,0
2020-09-17,-0.007375809835918331,0,0,0
2020-09-18,0.019103330576731387,0,1,1
2020-09-21,-0.003062789530545767,0,0,0
2020-09-22,-0.006732736791700619,0,0,0
2020-09-23,-0.006778373973098762,0,0,0
2020-09-24,-0.016063029017677324,1,0,-1
2020-09-25,0.007867861200613738,0,0,0
2020-09-28,0.0035204417348446374,0,0,0
2020-09-29,-0.005481611220068278,0,0,0
2020-09-30,-0.0001963286547976631,0,0,0
2020-10-09,0.009963939032850666,0,0,0
2020-10-12,0.0015540018667343205,0,0,0
2020-10-13,-0.003110422414392391,0,0,0
2020-10-14,0.003498545842513367,0,0,0
2020-10-15,-0.0054474842882939346,0,0,0
2020-10-16,0.004088392728738058,0,0,0
2020-10-19,-0.005845690847662725,0,0,0
2020-10-20,0.004095568864736981,0,0,0
2020-10-21,0.01487518976504388,0,1,1
2020-10-22,0.0036367156552183123,0,0,0
2020-10-23,-0.007479179556763371,0,0,0
2020-10-26,-0.0026985367185394867,0,0,0
2020-10-27,-0.0030929852610494116,0,0,0
2020-10-28,0.003671856478371628,0,0,0
2020-10-29,-0.007162938379356115,0,0,0
2020-10-30,-0.01035064411335223,0,0,0
2020-11-02,0.002548771108241685,0,0,0
2020-11-03,0.014192908605884921,0,1,1
2020-11-04,-0.00367469710480162,0,0,0
2020-11-05,-0.0036882503228923805,0,0,0
2020-11-06,0.00019445794908135806,0,0,0
2020-11-09,0.00794039225719442,0,0,0
2020-11-10,-0.004834196787460665,0,0,0
2020-11-11,0.007146336545840358,0,0,0
2020-11-12,-0.003084042536961445,0,0,0
2020-11-13,0.00730913044314505,0,0,0
2020-11-16,0.027595778704895397,0,1,1
2020-11-17,-0.014837346097231098,1,0,-1
2020-11-18,0.0028342012358751134,0,0,0
2020-11-19,-0.0051073600097434075,0,0,0
2020-11-20,0.014870862277594574,0,1,1
2020-11-23,0.008372920810578523,0,0,0
2020-11-24,0.014714262165078476,0,1,1
2020-11-25,-0.004024886516550093,0,0,0
2020-11-26,0.013836011727506776,0,1,1
2020-11-27,0.014538531227673525,0,1,1
2020-11-30,0.02741823774243341,0,1,1
2020-12-01,-0.011157716870653134,0,0,0
2020-12-02,0.0028011222797117733,0,0,0
2020-12-03,-0.0057859370670438875,0,0,0
2020-12-04,0.010147042976056286,0,0,0
2020-12-07,-0.0073375591263172175,0,0,0
2020-12-08,-0.00175500220545701,0,0,0
2020-12-09,0.005605199471358503,0,0,0
2020-12-10,0.003487361860415711,0,0,0
2020-12-11,0.00659266787536222,0,0,0
2020-12-14,0.0003457814695586764,0,0,0
2020-12-15,-0.0025962801256317353,0,0,0
2020-12-16,0.0025962801256316816,0,0,0
2020-12-17,0.013222481643060889,0,1,1
2020-12-18,0.01254466357637856,0,0,0
2020-12-21,-0.0013486178712935292,0,0,0
2020-12-22,-0.023554596408881856,1,0,-1
2020-12-23,-0.0008639309392640184,0,0,0
2020-12-24,0.0048284280735736325,0,0,0
2020-12-25,0.00736998793979686,0,0,0
2020-12-28,0.0035796509715029677,0,0,0
2020-12-29,-0.01008986755750349,0,0,0
2020-12-30,0.005143162374467581,0,0,0
2020-12-31,-0.012561466039620104,1,0,-1
2021-01-04,0.007074483823360955,0,0,0
2021-01-05,-0.0008600671382497005,0,0,0
2021-01-06,0.01570802316558388,0,1,1
2021-01-07,0.00591168008301571,0,0,0
2021-01-08,0.01554045812728176,0,1,1
2021-01-11,-0.027569404525126903,1,0,-1
2021-01-12,0.0006815471383259438,0,0,0
2021-01-13,0.0011915909146767202,0,0,0
2021-01-14,-0.0006807352202972319,0,0,0
2021-01-15,-0.000851571200230854,0,0,0
2021-01-18,0.010002626417588216,0,0,0
2021-01-19,-0.006600684031352024,0,0,0
2021-01-20,0.003897979683466966,0,0,0
2021-01-21,0.0037143382227293295,0,0,0
2021-01-22,-0.008971706390811187,0,0,0
2021-01-25,0.004749796885718645,0,0,0
2021-01-26,-0.010547903170004052,0,0,0
2021-01-27,0.004266582118681096,0,0,0
2021-01-28,-0.01648388972168937,1,0,-1
2021-01-29,-0.0036423594166790905,0,0,0
2021-02-01,0.006235946069806736,0,0,0
2021-02-02,-0.010589457517004498,0,0,0
2021-02-03,-0.005249355886143678,0,0,0
2021-02-04,0.014283468753649763,0,1,1
2021-02-05,0.006722424695444195,0,0,0
2021-02-08,0.009914611130519444,0,0,0
2021-02-09,0.013180319226432546,0,1,1
2021-02-10,0.020437697331525288,0,1,1
2021-02-18,0.04092725213837244,0,1,1
2021-02-19,0.015353583760217233,0,1,1
2021-02-22,0.04632919010185761,0,1,1
2021-02-23,0.008572325624584294,0,0,0
2021-02-24,-0.0005888414714526959,0,0,0
2021-02-25,0.032452507422769936,0,1,1
2021-02-26,-0.03186366595131725,1,0,-1
2021-03-01,-0.007385557943387793,0,0,0
2021-03-02,-0.009982948138256429,0,0,0
2021-03-03,0.01530604218024228,0,1,1
2021-03-04,-0.020109413769302555,1,0,-1
2021-03-05,-0.008158377325231995,0,0,0
2021-03-08,-0.00227807828795656,0,0,0
2021-03-09,0.005307465639563849,0,0,0
2021-03-10,-0.010949014489670358,0,0,0
2021-03-11,0.029529111470918253,0,1,1
2021-03-12,-0.006553493815448031,0,0,0
2021-03-15,0.008925974169078484,0,0,0
2021-03-16,-0.01161937696447367,0,0,0
2021-03-17,0.0029922224599526685,0,0,0
2021-03-18,-0.0002988196645573615,0,0,0
2021-03-19,-0.013540149693576316,1,0,-1
2021-03-22,0.011745354117553173,0,0,0
2021-03-23,0.003586375631227653,0,0,0
2021-03-24,-0.008388305626634856,0,0,0
2021-03-25,-0.013935396671563864,1,0,-1
2021-03-26,0.009261434148339175,0,0,0
2021-03-29,0.0025658454949382186,0,0,0
2021-03-30,-0.006958128209466838,0,0,0
2021-03-31,-0.004259209359396233,0,0,0
2021-04-01,-0.007804768365747445,0,0,0
2021-04-02,0.03026407399050063,0,1,1
2021-04-06,-0.0011931395897173023,0,0,0
2021-04-07,-0.0016428948508965793,0,0,0
2021-04-08,-0.0007476635862306207,0,0,0
2021-04-09,-0.0019465454974609176,0,0,0
2021-04-12,-0.0155580511461097,1,0,-1
2021-04-13,0.002736395748219911,0,0,0
2021-04-14,0.006959180884863007,0,0,0
2021-04-15,0.02545348399019639,0,1,1
2021-04-16,0.007321748918801751,0,0,0
2021-04-19,0.016208748491392325,0,1,1
2021-04-20,-0.0030191957375024134,0,0,0
2021-04-21,-0.010566791524352828,0,0,0
2021-04-22,0.006237780434767333,0,0,0
2021-04-23,0.004185012241327455,0,0,0
2021-04-26,0.021935076866255714,0,1,1
2021-04-27,0.020912514516373524,0,1,1
2021-04-28,-0.015853481803978425,1,0,-1
2021-04-29,0.01447283820485081,0,1,1
2021-04-30,-0.006792845139816195,0,0,0
2021-05-06,0.018604546810529882,0,1,1
2021-05-07,0.022412170716863765,0,1,1
2021-05-10,0.03695873398606555,0,1,1
2021-05-11,-0.022379284222908302,1,0,-1
2021-05-12,0.014240230184839671,0,1,1
2021-05-13,-0.014635044956040639,1,0,-1
2021-05-14,-0.018734355137794527,1,0,-1
2021-05-17,0.0025450418934601635,0,0,0
2021-05-18,0.017899052596844375,0,1,1
2021-05-19,-0.026767694439074643,1,0,-1
2021-05-20,-0.005413465649657571,0,0,0
2021-05-21,-0.02098122902453973,1,0,-1
2021-05-24,-0.007232298561857185,0,0,0
2021-05-25,0.008201894870244465,0,0,0
2021-05-26,-0.006249586343294182,0,0,0
2021-05-27,0.0022265525480166374,0,0,0
2021-05-28,0.01941006632151292,0,1,1
2021-05-31,0.008146684567818108,0,0,0
2021-06-01,0.0028357321007910054,0,0,0
2021-06-02,-0.006493529310548343,0,0,0
2021-06-03,-0.008998015719560604,0,0,0
2021-06-04,-0.029321908911585513,1,0,-1
2021-06-07,0.006746336198463791,0,0,0
2021-06-08,0.0004201386519332249,0,0,0
2021-06-09,0.0012593578940022848,0,0,0
2021-06-10,-0.0030812349307675424,0,0,0
2021-06-11,0.006710496312443339,0,0,0
2021-06-15,-0.021690991271051452,1,0,-1
2021-06-16,-0.025672018436471173,1,0,-1
2021-06-17,0.005100193204840125,0,0,0
2021-06-18,-0.02263803862717443,1,0,-1
2021-06-21,-0.013621945533907076,1,0,-1
2021-06-22,0.014959142078156405,0,1,1
2021-06-23,0.01824384865485712,0,1,1
2021-06-24,-0.0016050196777433582,0,0,0
2021-06-25,0.0032074673948171016,0,0,0
2021-06-28,-0.0010194423077603668,0,0,0
2021-06-29,-0.007018598778001643,0,0,0
2021-06-30,0.003515456967462993,0,0,0
2021-07-01,-0.001902671631443732,0,0,0
2021-07-02,0.0,0,0,0
2021-07-05,0.018290537478575633,0,1,1
2021-07-06,0.008308313083407912,0,0,0
2021-07-07,-0.014223355937241425,1,0,-1
2021-07-08,-0.005368166681615186,0,0,0
2021-07-09,0.0026151402380409777,0,0,0
2021-07-12,0.0008701958489660386,0,0,0
2021-07-13,0.0031842551149289496,0,0,0
2021-07-14,-0.004780193067016955,0,0,0
2021-07-15,-0.0010169246173088774,0,0,0
2021-07-16,0.007818195317579477,0,0,0
2021-07-19,-0.008690668835189496,0,0,0
2021-07-20,-0.008913626636111008,0,0,0
2021-07-21,-0.0016158652065274377,0,0,0
2021-07-22,0.013724846776388208,0,1,1
2021-07-23,0.011534153245286545,0,0,0
2021-07-26,0.014374402486969199,0,1,1
2021-07-27,0.014031379354287069,0,1,1
2021-07-28,0.0011140510830533865,0,0,0
2021-07-29,-0.0033458835061854876,0,0,0
2021-07-30,0.0029282597790883597,0,0,0
2021-08-02,-0.004745298506709544,0,0,0
2021-08-03,-0.014514451946538014,1,0,-1
2021-08-04,-0.004695178291655459,0,0,0
2021-08-05,-0.01291822184583556,1,0,-1
2021-08-06,0.015908612112728735,0,1,1
2021-08-09,-0.012303445615137366,1,0,-1
2021-08-10,0.0011509136646623047,0,0,0
2021-08-11,0.003158199581693267,0,0,0
2021-08-12,0.009131180579896704,0,0,0
2021-08-13,-0.006268719773236476,0,0,0
2021-08-16,-0.004440313819950177,0,0,0
2021-08-17,0.000717514560452256,0,0,0
2021-08-18,-0.014303501822307397,1,0,-1
2021-08-19,-0.02848690893845528,1,0,-1
2021-08-20,0.0038852409901429636,0,0,0
2021-08-23,0.0084651875520524,0,0,0
2021-08-24,0.013805477009784375,0,1,1
2021-08-25,0.007845456484099815,0,0,0
2021-08-26,-0.007407979262394227,0,0,0
2021-08-27,0.007842038445943724,0,0,0
2021-08-30,0.014361872591645525,0,1,1
2021-08-31,-0.00042786850827464696,0,0,0
2021-09-01,-0.017266616020931533,1,0,-1
2021-09-02,0.0017401396502443821,0,0,0
2021-09-03,0.001013684830846201,0,0,0
2021-09-06,0.0060606246116909545,0,0,0
2021-09-07,-0.00635014401151298,0,0,0
2021-09-08,-0.005662447071606736,0,0,0
2021-09-09,0.008986870166582825,0,0,0
2021-09-10,0.011192540432278492,0,0,0
2021-09-13,0.019780243663091245,0,1,1
2021-09-14,-0.02321077875988053,1,0,-1
2021-09-15,-0.000429645549036708,0,0,0
2021-09-16,-0.002294565756495355,0,0,0
2021-09-17,-0.00547078819130098,0,0,0
2021-09-22,-0.0070989070303935815,0,0,0
2021-09-23,-0.0017462169745741702,0,0,0
2021-09-24,0.008556357037901948,0,0,0
2021-09-27,0.00028876696706571476,0,0,0
2021-09-28,-0.0005776173445796354,0,0,0
2021-09-29,-0.012646436442543945,1,0,-1
2021-09-30,-0.006015717650237451,0,0,0
2021-10-08,0.013012830746185988,0,1,1
2021-10-11,0.02041767549434238,0,1,1
2021-10-12,-0.008289314293433584,0,0,0
2021-10-13,0.006009461496297072,0,0,0
2021-10-14,0.03338786769417956,0,1,1
2021-10-15,0.01831903586712869,0,1,1
2021-10-18,0.03264997857429478,0,1,1
2021-10-19,-0.006049466107934625,0,0,0
2021-10-20,-0.032578791141076556,1,0,-1
2021-10-21,-0.010686497096385595,0,0,0
2021-10-22,-0.0028967535257003723,0,0,0
2021-10-25,-0.00387543737638195,0,0,0
2021-10-26,-0.001526611912612847,0,0,0
2021-10-27,-0.020202707317519466,1,0,-1
2021-10-28,0.007764562196890715,0,0,0
2021-10-29,-0.008048049087520617,0,0,0
2021-11-01,-0.005686680095873889,0,0,0
2021-11-02,-0.0068669797741769375,0,0,0
2021-11-03,0.023971078984990207,0,1,1
2021-11-04,-0.016961537374375512,1,0,-1
2021-11-05,-0.008014927691711313,0,0,0
2021-11-08,0.005874363192600331,0,0,0
2021-11-09,0.007826436249463949,0,0,0
2021-11-10,-0.003123227978896119,0,0,0
2021-11-11,0.0012788634069796478,0,0,0
2021-11-12,0.0021278112858323936,0,0,0
2021-11-15,0.003677514752792436,0,0,0
2021-11-16,-0.006657719896173801,0,0,0
2021-11-17,-0.0031316751573254305,0,0,0
2021-11-18,-0.017691939342915457,1,0,-1
2021-11-19,0.022953238361832745,0,1,1
2021-11-22,-0.004691173575880166,0,0,0
2021-11-23,0.007947813622265484,0,0,0
2021-11-24,0.006762494072297171,0,0,0
2021-11-25,0.010475687670081175,0,0,0
2021-11-26,-0.019785953821176993,1,0,-1
2021-11-29,-0.004687841527606821,0,0,0
2021-11-30,-0.011168500970576332,0,0,0
2021-12-01,0.0028756310254620257,0,0,0
2021-12-02,-0.014461568011834682,1,0,-1
2021-12-03,0.011729915101947814,0,0,0
2021-12-06,-0.0054857940374501025,0,0,0
2021-12-07,0.004909757155162404,0,0,0
2021-12-08,0.0021584295019098513,0,0,0
2021-12-09,0.002010339562757452,0,0,0
2021-12-10,-0.00258546538738087,0,0,0
2021-12-13,0.0005751258246235994,0,0,0
2021-12-14,-0.00953213456643338,0,0,0
2021-12-15,-0.013293600193009876,1,0,-1
2021-12-16,0.008639046335123414,0,0,0
2021-12-17,0.011307745885979912,0,0,0
2021-12-20,-0.012620752129030353,1,0,-1
2021-12-21,0.010600549421754545,0,0,0
2021-12-22,0.006622540760493457,0,0,0
2021-12-23,0.007006534704641566,0,0,0
2021-12-24,-0.006145949453594084,0,0,0
2021-12-27,-0.003159106590548533,0,0,0
2021-12-28,0.013144924233762852,0,1,1
2021-12-29,-0.003554927312923834,0,0,0
2021-12-30,-0.0027102220426592507,0,0,0
2021-12-31,0.005271042904332935,0,0,0
2022-01-04,-0.009278490660519787,0,0,0
2022-01-05,0.005434795985956995,0,0,0
2022-01-06,-0.00888257989264031,0,0,0
2022-01-07,0.00043162363090062673,0,0,0
2022-01-10,0.0037329548014915595,0,0,0
2022-01-11,-0.0008602151068078811,0,0,0
2022-01-12,0.020584160659359668,0,1,1
2022-01-13,0.003786555257063776,0,0,0
2022-01-14,0.00027991602702011456,0,0,0
2022-01-17,-0.017932001852933574,1,0,-1
2022-01-18,-0.0012830567017857323,0,0,0
2022-01-19,-0.0011418785140247679,0,0,0
2022-01-20,0.016430964555527065,0,1,1
2022-01-21,0.0015441850474904155,0,0,0
2022-01-24,-0.011427083501613026,0,0,0
2022-01-25,-0.012995541692374131,1,0,-1
2022-01-26,0.01653637111234849,0,1,1
2022-01-27,-0.013522375289270474,1,0,-1
2022-01-28,0.007282105429185874,0,0,0
2022-02-07,0.001989767569505068,0,0,0
2022-02-08,0.002269182650061854,0,0,0
2022-02-09,-0.0019852530626916034,0,0,0
2022-02-10,0.03596707728732923,0,1,1
2022-02-11,-0.02145262534079115,1,0,-1
2022-02-14,-0.0016802020194733218,0,0,0
2022-02-15,-0.004212897678872966,0,0,0
2022-02-16,0.0063127094674234885,0,0,0
2022-02-17,-0.004906437262670173,0,0,0
2022-02-18,0.01020631019814587,0,0,0
2022-02-21,-0.005999320400516405,0,0,0
2022-02-22,-0.006035529585545095,0,0,0
2022-02-23,0.004915395052295622,0,0,0
2022-02-24,-0.005760465525122729,0,0,0
2022-02-25,-0.003953132354028912,0,0,0
2022-02-28,0.004234901868431756,0,0,0
2022-03-01,0.0008448324918150122,0,0,0
2022-03-02,0.0065932763221490534,0,0,0
2022-03-03,0.02061928720273561,0,1,1
2022-03-04,-0.0016449626738727773,0,0,0
2022-03-07,0.028269955913644312,0,1,1
2022-03-08,-0.013156318103596248,1,0,-1
2022-03-09,-0.017448643334946407,1,0,-1
2022-03-10,-0.010784011601745564,0,0,0
2022-03-11,0.0029148469524019134,0,0,0
2022-03-14,-0.005141399500418652,0,0,0
2022-03-15,-0.0058683974477072975,0,0,0
2022-03-16,0.010177850144733252,0,0,0
2022-03-17,0.0022169885760543605,0,0,0
2022-03-18,0.00730886519147229,0,0,0
2022-03-21,0.001373060767689104,0,0,0
2022-03-22,0.0032876741941917083,0,0,0
2022-03-23,0.0008202324451662815,0,0,0
2022-03-24,0.005451090085567602,0,0,0
2022-03-25,-0.00027184994050801365,0,0,0
2022-03-28,-0.008464214355586136,0,0,0
2022-03-29,0.008600148563638806,0,0,0
2022-03-30,0.00866157803786917,0,0,0
2022-03-31,-0.01206548901053794,1,0,-1
2022-04-01,-0.0021845994488393122,0,0,0
2022-04-06,0.007625309278957593,0,0,0
2022-04-07,-0.004213966678932503,0,0,0
2022-04-08,0.004756413125648385,0,0,0
2022-04-11,-0.007211406175359979,0,0,0
2022-04-12,0.001637331516012368,0,0,0
2022-04-13,0.00922791186601623,0,0,0
2022-04-14,0.002024155606437797,0,0,0
2022-04-15,0.010593461453526049,0,0,0
2022-04-18,-0.0028050509276086096,0,0,0
2022-04-19,0.003738322110607158,0,0,0
2022-04-20,-0.007490671729157626,0,0,0
2022-04-21,0.0,0,0,0
2022-04-22,0.007090805012733189,0,0,0
2022-04-25,-0.022515275338364994,1,0,-1
2022-04-26,-0.0010914052925116505,0,0,0
2022-04-27,0.0008186656208359037,0,0,0
2022-04-28,0.0,0,0,0
2022-04-29,0.003811602763326252,0,0,0
2022-05-05,-0.011478672084909066,0,0,0
2022-05-06,-0.00980603120439039,0,0,0
2022-05-09,-0.008502385877287447,0,0,0
2022-05-10,0.0039117121686885244,0,0,0
2022-05-11,-0.0019539433990523715,0,0,0
2022-05-12,-0.009827399041054194,0,0,0
2022-05-13,0.002536284296055508,0,0,0
2022-05-16,0.0029508909208982794,0,0,0
2022-05-17,0.007269709074612378,0,0,0
2022-05-18,-0.006288010657646127,0,0,0
2022-05-19,0.002659762189547021,0,0,0
2022-05-20,0.005159322606708525,0,0,0
2022-05-23,0.0020840577185301874,0,0,0
2022-05-24,-0.0038937610035505443,0,0,0
2022-05-25,-0.003349619321688112,0,0,0
2022-05-26,-0.006310938833841887,0,0,0
2022-05-27,0.011470261440550425,0,0,0
2022-05-30,0.0006951686063759254,0,0,0
2022-05-31,0.0023599650017397567,0,0,0
2022-06-01,-0.007236324368516584,0,0,0
2022-06-02,0.007374972548981441,0,0,0
2022-06-06,0.00759619701238923,0,0,0
2022-06-07,-0.003031558061039235,0,0,0
2022-06-08,0.0045438976632353545,0,0,0
2022-06-09,0.00027472527645322747,0,0,0
2022-06-10,-0.0021999183903277804,0,0,0
2022-06-13,-0.012883741279359776,1,0,-1
2022-06-14,-0.002093656986425987,0,0,0
2022-06-15,-0.01265483704774323,1,0,-1
2022-06-16,-0.0018412298948570682,0,0,0
2022-06-17,-0.011405883560400834,0,0,0
2022-06-20,-0.025266336071398377,1,0,-1
2022-06-21,0.0004410791808627512,0,0,0
2022-06-22,-0.014361043318886947,1,0,-1
2022-06-23,-0.013058346907251047,1,0,-1
2022-06-24,-0.04243481680423892,1,0,-1
2022-06-27,0.004874606711943092,0,0,0
2022-06-28,0.017724344594541554,0,1,1
2022-06-29,-0.02212617531469837,1,0,-1
2022-06-30,0.00596922916016953,0,0,0
2022-07-01,-0.03538781750439656,1,0,-1
2022-07-04,-0.015864262713716704,1,0,-1
2022-07-05,-0.009108285209364419,0,0,0
2022-07-06,-0.04230648739468822,1,0,-1
2022-07-07,0.017547327922013595,0,1,1
2022-07-08,0.005442190302685036,0,0,0
2022-07-11,-0.008174432439558062,0,0,0
2022-07-12,-0.020035212481552014,1,0,-1
2022-07-13,-0.022762341382777926,1,0,-1
2022-07-14,-0.01040554778081715,0,0,0
2022-07-15,-0.03617396156263361,1,0,-1
2022-07-18,0.052984085585348395,0,1,1
2022-07-19,-0.006404576241897633,0,0,0
2022-07-20,0.014353041651706694,0,1,1
2022-07-21,-0.011679481552802273,0,0,0
2022-07-22,0.013261621286892908,0,1,1
2022-07-25,0.0014042480804999802,0,0,0
2022-07-26,0.032444605912988846,0,1,1
2022-07-27,-0.008526654661033192,0,0,0
2022-07-28,0.027033239369555567,0,1,1
2022-07-29,0.0018319598761601106,0,0,0
2022-08-01,0.012237625849930243,0,0,0
2022-08-02,-0.009744895020327686,0,0,0
2022-08-03,-0.007831415514972571,0,0,0
2022-08-04,-0.017380003831523477,1,0,-1
2022-08-05,0.026206774438627112,0,1,1
2022-08-08,0.010227736797507634,0,0,0
2022-08-09,0.004748269256863377,0,0,0
2022-08-10,-0.0029445465410648693,0,0,0
2022-08-11,0.026672558309675687,0,1,1
2022-08-12,0.0038210522529650254,0,0,0
2022-08-15,-0.02331107886844711,1,0,-1
2022-08-16,0.009067419637942966,0,0,0
2022-08-17,-0.0012903227596701829,0,0,0
2022-08-18,-0.01283214229419442,1,0,-1
2022-08-19,0.013154879105128655,0,1,1
2022-08-22,0.012665499969838158,0,1,1
2022-08-23,0.004292193220183268,0,0,0
2022-08-24,0.00031720856729108046,0,0,0
2022-08-25,-0.00445010270310722,0,0,0
2022-08-26,0.014391012969466942,0,1,1
2022-08-29,-0.018061327470354296,1,0,-1
2022-08-30,-0.005611237167786426,0,0,0
2022-08-31,-0.002253340724899662,0,0,0
2022-09-01,-0.022487504539902666,1,0,-1
2022-09-02,-0.018965798892701217,1,0,-1
2022-09-05,0.017316450011460958,0,1,1
2022-09-06,0.017183959375060467,0,1,1
2022-09-07,-0.017679294975050542,1,0,-1
2022-09-08,0.009860392134080161,0,0,0
2022-09-09,0.03091535854237843,0,1,1
2022-09-13,0.0019008401098041254,0,0,0
2022-09-14,-0.014505713819566312,1,0,-1
2022-09-15,-0.0009638554963066275,0,0,0
2022-09-16,-0.004348883394339467,0,0,0
2022-09-19,0.005312738890646138,0,0,0
2022-09-20,0.005124931140255235,0,0,0
2022-09-21,0.00255264975877899,0,0,0
2022-09-22,-0.005271998791179048,0,0,0
2022-09-23,-0.004012524443045016,0,0,0
2022-09-26,-0.024089706565155192,1,0,-1
2022-09-27,-0.0037963237803310744,0,0,0
2022-09-28,-0.007469534272900442,0,0,0
2022-09-29,0.014062602493612039,0,1,1
2022-09-30,0.0073656114977803016,0,0,0
2022-10-10,-0.0009789525989841602,0,0,0
2022-10-11,0.017796942784946628,0,1,1
2022-10-12,0.005756331852576662,0,0,0
2022-10-13,-0.006077101702961337,0,0,0
2022-10-14,0.021581288238926633,0,1,1
2022-10-17,-0.009780800483280025,0,0,0
2022-10-18,-0.006840080752760324,0,0,0
2022-10-19,-0.00849568306159102,0,0,0
2022-10-20,0.002411770603874214,0,0,0
2022-10-21,0.008793725226139967,0,0,0
2022-10-24,0.0003183192769198952,0,0,0
2022-10-25,0.0034948407294944236,0,0,0
2022-10-26,-0.004928076105021501,0,0,0
2022-10-27,0.011093616148503477,0,0,0
2022-10-28,-0.00981952774554103,0,0,0
2022-10-31,-0.012331007394621476,1,0,-1
2022-11-01,0.02057324774691386,0,1,1
2022-11-02,0.0034667541811693324,0,0,0
2022-11-03,-0.0034667541811693034,0,0,0
2022-11-04,0.01410681700818121,0,1,1
2022-11-07,0.02277371850015563,0,1,1
2022-11-08,0.0007603984854261034,0,0,0
2022-11-09,0.012088391385968004,0,0,0
2022-11-10,0.0025500651334800983,0,0,0
2022-11-11,0.013097374306489721,0,1,1
2022-11-14,-0.009209809601769262,0,0,0
2022-11-15,0.002682564946979257,0,0,0
2022-11-16,-0.007169560210634529,0,0,0
2022-11-17,-0.003002554425094227,0,0,0
2022-11-18,-0.011644744060256403,0,0,0
2022-11-21,-0.010858866355012887,0,0,0
2022-11-22,-0.00957980132226106,0,0,0
2022-11-23,0.007424628074277773,0,0,0
2022-11-24,0.0015398832731805209,0,0,0
2022-11-25,0.002765828438031497,0,0,0
2022-11-28,-0.016086967183517466,1,0,-1
2022-11-29,0.01470500919006552,0,1,1
2022-11-30,-0.006165247641930919,0,0,0
2022-12-01,0.018534650216822393,0,1,1
2022-12-02,0.005297825151275686,0,0,0
2022-12-05,0.00030188679474560745,0,0,0
2022-12-06,-0.007422589558490175,0,0,0
2022-12-07,-0.0050301150187680105,0,0,0
2022-12-08,0.01396077302775223,0,1,1
2022-12-09,0.01138759683670689,0,0,0
2022-12-12,-0.01637287795247069,1,0,-1
2022-12-13,0.0006056018353143954,0,0,0
2022-12-14,0.006637526254535491,0,0,0
2022-12-15,-0.008000646495894478,0,0,0
2022-12-16,-0.010972374635260818,0,0,0
2022-12-19,-0.002301143916403808,0,0,0
2022-12-20,-0.0007682262035652764,0,0,0
2022-12-21,0.010701829702719115,0,0,0
2022-12-22,0.0009119927672694428,0,0,0
2022-12-23,-0.005637251159284921,0,0,0
2022-12-26,0.008974126696018372,0,0,0
2022-12-27,0.005737596896673156,0,0,0
2022-12-28,0.0003010687964937008,0,0,0
2022-12-29,-0.00015052306794436764,0,0,0
2022-12-30,-0.0025623648053999517,0,0,0
2023-01-03,-0.0071185457738433084,0,0,0
2023-01-04,-0.018872827136213174,1,0,-1
2023-01-05,-0.004190925808098016,0,0,0
2023-01-06,0.013901984782852614,0,1,1
2023-01-09,0.01371136654591344,0,1,1
2023-01-10,0.007536966640169623,0,0,0
2023-01-11,0.020953289053575748,0,1,1
2023-01-12,0.009659082853439352,0,0,0
2023-01-13,-0.00043703110900270524,0,0,0
2023-01-16,0.000145698259163631,0,0,0
2023-01-17,-0.003502630551202112,0,0,0
2023-01-18,0.027398974188114347,0,1,1
2023-01-19,-0.008858466272371869,0,0,0
2023-01-20,0.01056398118265903,0,0,0
2023-01-30,-0.015599600772507435,1,0,-1
2023-01-31,-0.0012989826463905105,0,0,0
2023-02-01,0.006621587458469714,0,0,0
2023-02-02,-0.0092246258046319,0,0,0
2023-02-03,-0.0024646623567418416,0,0,0
2023-02-06,-0.008015782917958696,0,0,0
2023-02-07,-0.0011713032085848174,0,0,0
2023-02-08,0.005551511701145815,0,0,0
2023-02-09,0.0,0,0,0
2023-02-10,-0.0032102756302482102,0,0,0
2023-02-13,-0.00395402140691702,0,0,0
2023-02-14,0.007746877886733214,0,0,0
2023-02-15,-0.0005825808495679805,0,0,0
2023-02-16,-0.0018957351648992008,0,0,0
2023-02-17,0.0053861401046677755,0,0,0
2023-02-20,0.007521007393283506,0,0,0
2023-02-21,0.010035926527785654,0,0,0
2023-02-22,0.0014255169912209468,0,0,0
2023-02-23,-0.0027102220426592507,0,0,0
2023-02-24,-0.005729853808531061,0,0,0
2023-02-27,-0.01899846860383069,1,0,-1
2023-02-28,0.010921113278556787,0,0,0
2023-03-01,0.014806566772834893,0,1,1
2023-03-02,-0.004290010869507931,0,0,0
2023-03-03,0.0005730659182618394,0,0,0
2023-03-06,-0.007331305746996686,0,0,0
2023-03-07,0.004031682926865285,0,0,0
2023-03-08,-0.010255018737283272,0,0,0
2023-03-09,0.0059347355198145265,0,0,0
2023-03-10,-0.006951512424901444,0,0,0
2023-03-13,0.006662828820125271,0,0,0
2023-03-14,-0.010448506026190286,0,0,0
2023-03-15,0.0016033820212225166,0,0,0
2023-03-16,-0.033168572080945515,1,0,-1
2023-03-17,0.01197260634835906,0,0,0
2023-03-20,-0.008965989531426037,0,0,0
2023-03-21,0.013567110821216906,0,1,1
2023-03-22,0.008111540678368234,0,0,0
2023-03-23,0.0039580789048398145,0,0,0
2023-03-24,0.020419216430765646,0,1,1
2023-03-27,-0.007337634533276281,0,0,0
2023-03-28,0.0010103197799573754,0,0,0
2023-03-29,-0.0005772005932255986,0,0,0
2023-03-30,0.005470000683675516,0,0,0
2023-03-31,-0.006625402314231252,0,0,0
2023-04-03,-0.0007228045128566443,0,0,0
2023-04-04,-0.0010128048322893535,0,0,0
2023-04-06,-0.008139579822558743,0,0,0
2023-04-07,0.007560373319253367,0,0,0
2023-04-10,-0.004354775353484627,0,0,0
2023-04-11,0.0020345886977874567,0,0,0
2023-04-12,-0.00029040220909771163,0,0,0
2023-04-13,0.004491784702115571,0,0,0
2023-04-14,0.012642030170522657,0,1,1
2023-04-17,0.0017115964811813525,0,0,0
2023-04-18,-0.005573433505569258,0,0,0
2023-04-19,-0.004452431053838522,0,0,0
2023-04-20,-0.0017288579439489551,0,0,0
2023-04-21,-0.009999358731294587,0,0,0
2023-04-24,-0.005989353964476928,0,0,0
2023-04-25,-0.002493949799950454,0,0,0
2023-04-26,-0.00959346151862815,0,0,0
2023-04-27,-0.012986226233537398,1,0,-1
2023-04-28,0.012689578352394357,0,1,1
2023-05-04,-0.007295498746724234,0,0,0
2023-05-05,-0.0016451061812372734,0,0,0
2023-05-08,0.009830284701948048,0,0,0
2023-05-09,-0.005946204527688175,0,0,0
2023-05-10,0.0025314584287689916,0,0,0
2023-05-11,-0.02912314462584914,1,0,-1
2023-05-12,-0.010775966344491635,0,0,0
2023-05-15,0.005710332670880077,0,0,0
2023-05-16,-0.009587208116771804,0,0,0
2023-05-17,0.002947795168469118,0,0,0
2023-05-18,0.01857163345527288,0,1,1
2023-05-19,-0.0031985405382156584,0,0,0
2023-05-22,-0.010582109330536972,0,0,0
2023-05-23,-0.009916412217803998,0,0,0
2023-05-24,-0.005778106182819523,0,0,0
2023-05-25,-0.006126796323498751,0,0,0
2023-05-26,0.018268913119754503,0,1,1
2023-05-29,0.008934132130306796,0,0,0
2023-05-30,-0.006307228046881848,0,0,0
2023-05-31,0.0018501392881613734,0,0,0
2023-06-01,0.012247550522676875,0,0,0
2023-06-02,0.008032171697264253,0,0,0
2023-06-05,-0.00727165755307197,0,0,0
2023-06-06,0.010285977845994733,0,0,0
2023-06-07,0.0013534854310763558,0,0,0
2023-06-08,0.0018018022892629455,0,0,0
2023-06-09,0.00628086407541458,0,0,0
2023-06-12,-0.003733855432029347,0,0,0
2023-06-13,0.007602332209949764,0,0,0
2023-06-14,0.005774799493883958,0,0,0
2023-06-15,0.0017701730540658769,0,0,0
2023-06-16,0.011430370639665044,0,0,0
2023-06-19,-0.002626205186085374,0,0,0
2023-06-20,0.0017515695618152483,0,0,0
2023-06-21,0.005236375601287451,0,0,0
2023-06-26,-0.006403747687746619,0,0,0
2023-06-27,-0.004976591067272197,0,0,0
2023-06-28,-0.006920442844573795,0,0,0
2023-06-29,-0.006671138817022535,0,0,0
2023-06-30,0.0010406601697366892,0,0,0
2023-07-03,0.014163706827878812,0,1,1
2023-07-04,-0.002199898225333948,0,0,0
2023-07-05,-0.005151994909427998,0,0,0
2023-07-06,0.0005901446025509776,0,0,0
2023-07-07,-0.0028062938437634056,0,0,0
2023-07-10,0.0020685586572237254,0,0,0
2023-07-11,0.005593185025766611,0,0,0
2023-07-12,-0.00559318502576647,0,0,0
2023-07-13,0.012613836942989143,0,1,1
2023-07-14,0.009862298936490389,0,0,0
2023-07-17,-0.007969324217602101,0,0,0
2023-07-18,-0.0033515514068801285,0,0,0
2023-07-19,0.003642460499840892,0,0,0
2023-07-20,-0.003788435246468864,0,0,0
2023-07-21,0.003206532407820353,0,0,0
2023-07-24,-0.006276934703002091,0,0,0
2023-07-25,0.00947321811572152,0,0,0
2023-07-26,0.0026075634070807695,0,0,0
2023-07-27,-0.0017376198985408486,0,0,0
2023-07-28,0.001448226176364748,0,0,0
2023-07-31,0.00620358333730217,0,0,0
2023-08-01,0.015271830388269937,0,1,1
2023-08-02,-0.016855134065556224,1,0,-1
2023-08-03,-0.008099552523262455,0,0,0
2023-08-04,0.0070906888504627995,0,0,0
2023-08-07,-0.004624954045456416,0,0,0
2023-08-08,-0.0043554075818703335,0,0,0
2023-08-09,-0.0018932504016743116,0,0,0
2023-08-10,-0.00014578322060957805,0,0,0
2023-08-11,-0.005702186661813595,0,0,0
2023-08-14,-0.0038196021169785307,0,0,0
2023-08-15,0.008500710723481401,0,0,0
2023-08-16,-0.014257609049711321,1,0,-1
2023-08-17,0.006345479861762189,0,0,0
2023-08-18,0.00029416090813685897,0,0,0
2023-08-21,0.007326040092072881,0,0,0
2023-08-22,0.0024786773644053647,0,0,0
2023-08-23,0.004214203722852689,0,0,0
2023-08-24,-0.0013059567988307447,0,0,0
2023-08-25,0.0008708273409534927,0,0,0
2023-08-28,-0.0004353188779475292,0,0,0
2023-08-29,0.004200165491106737,0,0,0
2023-08-30,0.0027422980308838656,0,0,0
2023-08-31,0.0007204092235784221,0,0,0
2023-09-01,0.004311590467737407,0,0,0
2023-09-04,-0.005608700976042025,0,0,0
2023-09-05,-0.004191060401576279,0,0,0
2023-09-06,0.00635197747093477,0,0,0
2023-09-07,-0.0038930191190377625,0,0,0
2023-09-08,-0.006813101660517479,0,0,0
2023-09-11,0.004788516731797094,0,0,0
2023-09-12,0.002457891788970053,0,0,0
2023-09-13,-0.0017343551102742914,0,0,0
2023-09-14,0.00490621474761597,0,0,0
2023-09-15,0.004452431053838582,0,0,0
2023-09-18,-0.0047403665582752535,0,0,0
2023-09-19,-0.009548683662429952,0,0,0
2023-09-20,-0.0007271141162349612,0,0,0
2023-09-21,-0.0033515514068801285,0,0,0
2023-09-22,-0.007177940435758325,0,0,0
2023-09-25,-0.005158829334915219,0,0,0
2023-09-26,-0.007118523312075527,0,0,0
2023-09-27,-0.002831807541092594,0,0,0
2023-09-28,0.003575689149448703,0,0,0
2023-10-09,0.002376709377846542,0,0,0
2023-10-10,-0.014044754991813133,1,0,-1
2023-10-11,0.007047034186102713,0,0,0
2023-10-12,0.00014939867062978198,0,0,0
2023-10-13,-0.007045977729690069,0,0,0
2023-10-16,0.002404208520955233,0,0,0
2023-10-17,-0.011320021265006187,0,0,0
2023-10-18,0.012370047612138486,0,0,0
2023-10-19,-0.0034542348680875576,0,0,0
2023-10-20,-0.006187298090846856,0,0,0
2023-10-23,-0.006378153740753431,0,0,0
2023-10-24,0.012866294192473522,0,1,1
2023-10-25,0.00644631570425956,0,0,0
2023-10-26,-0.005544331277502589,0,0,0
2023-10-27,0.004946423935325617,0,0,0
2023-10-30,0.0065574005461590396,0,0,0
2023-10-31,-0.0001485552999835687,0,0,0
2023-11-01,-0.000445798357929128,0,0,0
2023-11-02,0.0019303592006548892,0,0,0
2023-11-03,0.0048834725242781415,0,0,0
2023-11-06,-0.0022168042773629167,0,0,0
2023-11-07,-0.0026666682469152284,0,0,0
2023-11-08,0.0013342230131366622,0,0,0
2023-11-09,-0.005496559927824032,0,0,0
2023-11-10,0.001488538530285225,0,0,0
2023-11-13,-0.00029753049907083816,0,0,0
2023-11-14,0.004009211695893065,0,0,0
2023-11-15,0.004288361470254026,0,0,0
2023-11-16,0.00117976713285653,0,0,0
2023-11-17,0.0010311557222136734,0,0,0
2023-11-20,0.0,0,0,0
2023-11-21,0.0026466711523748247,0,0,0
2023-11-22,-0.002499449952256095,0,0,0
2023-11-23,-0.0019155682568606997,0,0,0
2023-11-24,0.003680534151125217,0,0,0
2023-11-27,0.0007344840579916562,0,0,0
2023-11-28,-0.005891033237237419,0,0,0
2023-11-29,0.005744179576645994,0,0,0
2023-11-30,0.0019074174956243885,0,0,0
2023-12-01,0.0020500812568905345,0,0,0
2023-12-04,0.003213088787384039,0,0,0
2023-12-05,-0.009964912470123849,0,0,0
2023-12-06,0.0022066945328246272,0,0,0
2023-12-07,-0.008411471419707477,0,0,0
2023-12-08,0.00767644749833912,0,0,0
2023-12-11,0.00513385799385185,0,0,0
2023-12-12,-0.002636977795264639,0,0,0
2023-12-13,-0.005294908678943131,0,0,0
2023-12-14,0.005734888153665592,0,0,0
2023-12-15,0.006285192071126918,0,0,0
2023-12-18,0.00029137529343670876,0,0,0
2023-12-19,-0.0024794003804933596,0,0,0
2023-12-20,0.006114446186126229,0,0,0
2023-12-21,0.0010154494235870277,0,0,0
2023-12-22,0.0010144193319727437,0,0,0
2023-12-25,0.0005792065033054431,0,0,0
2023-12-26,0.003612459675921182,0,0,0
2023-12-27,-0.0010101739801231685,0,0,0
2023-12-28,0.0011544012826014624,0,0,0
2023-12-29,-0.0060755285971484645,0,0,0
2024-01-02,0.0005802146957087529,0,0,0
2024-01-03,-0.005088329652638173,0,0,0
2024-01-04,-0.0032116815927947864,0,0,0
2024-01-05,0.0,0,0,0
2024-01-08,-0.0016097171837648027,0,0,0
2024-01-09,-0.0008791209357402404,0,0,0
2024-01-10,-0.006028100294748875,0,0,0
2024-01-11,0.005588249836810815,0,0,0
2024-01-12,0.00014663831685495502,0,0,0
2024-01-15,-0.0078016146052823105,0,0,0
2024-01-16,0.002066726451616558,0,0,0
2024-01-17,-0.0013281194308161941,0,0,0
2024-01-18,0.002212553450732361,0,0,0
2024-01-19,-0.0014744915676454143,0,0,0
2024-01-22,0.00206367997767834,0,0,0
2024-01-23,0.002940746127526929,0,0,0
2024-01-24,0.003956338957928227,0,0,0
2024-01-25,0.007285475908320135,0,0,0
2024-01-26,-0.00014519056286851174,0,0,0
2024-01-29,-0.0013076645524867164,0,0,0
2024-01-30,0.0029036025045746576,0,0,0
2024-01-31,0.005349539252145807,0,0,0
2024-02-01,-0.005059642163581269,0,0,0
2024-02-02,-0.005376747676716071,0,0,0
2024-02-05,-0.0013122404740805091,0,0,0
2024-02-06,-0.007027847373703138,0,0,0
2024-02-07,0.0011747431600608363,0,0,0
2024-02-08,-0.002645115429089248,0,0,0
2024-02-19,0.0055759498834145665,0,0,0
2024-02-20,-0.0002926972068313283,0,0,0
2024-02-21,0.010773142481531783,0,0,0
2024-02-22,0.002891847012429704,0,0,0
2024-02-23,0.0015869584229339566,0,0,0
2024-02-26,-0.004623617541908747,0,0,0
2024-02-27,-0.0007243752580417329,0,0,0
2024-02-28,-0.0034843240826109225,0,0,0
2024-02-29,0.00333938604336873,0,0,0
2024-03-01,-0.0010151548982884461,0,0,0
2024-03-04,0.0036208309527644444,0,0,0
2024-03-05,-0.0017363627571922661,0,0,0
2024-03-06,0.00043437342317672147,0,0,0
2024-03-07,0.006636873301237477,0,0,0
2024-03-08,0.0064502481217329054,0,0,0
2024-03-11,-0.007169517375212274,0,0,0
2024-03-12,0.005882791913528501,0,0,0
2024-03-13,0.0074116644871418235,0,0,0
2024-03-14,0.01619867802359961,0,1,1
2024-03-15,0.02156268753235379,0,1,1
2024-03-18,-0.004110721053036085,0,0,0
2024-03-19,0.0012349915806385778,0,0,0
2024-03-20,-0.004122583824272579,0,0,0
2024-03-21,0.008501353820120343,0,0,0
2024-03-22,-0.013055912794104162,1,0,-1
2024-03-25,0.00013832215251316287,0,0,0
2024-03-26,-0.004158010148663677,0,0,0
2024-03-27,0.0012492194004318981,0,0,0
2024-03-28,0.005671223444141747,0,0,0
2024-03-29,0.0004137075146918924,0,0,0
2024-04-01,0.00782809738041186,0,0,0
2024-04-02,0.001776806317245649,0,0,0
2024-04-03,0.010189613331329549,0,0,0
2024-04-08,0.022058243463630316,0,1,1
2024-04-09,0.0065893754501831735,0,0,0
2024-04-10,0.008762234835505296,0,0,0
2024-04-11,-0.006924963977479325,0,0,0
2024-04-12,0.00835623089281518,0,0,0
2024-04-15,0.0007798284772636154,0,0,0
2024-04-16,-0.003122969356652137,0,0,0
2024-04-17,0.0024731545310051947,0,0,0
2024-04-18,0.023893236822180745,0,1,1
2024-04-19,0.007461305560024325,0,0,0
2024-04-22,0.00226529168101172,0,0,0
2024-04-23,-0.019420550705285426,1,0,-1
2024-04-24,0.01728124327640897,0,1,1
2024-04-25,0.009778189981635264,0,0,0
2024-04-26,0.011658323784812519,0,0,0
2024-04-29,-0.0019748216736477494,0,0,0
2024-04-30,0.015203824007544157,0,1,1
2024-05-06,-0.010765946901498812,0,0,0
2024-05-07,-0.009888832129247198,0,0,0
2024-05-08,-0.011997144644973088,1,0,-1
2024-05-09,0.0011308664898089424,0,0,0
2024-05-10,0.016687809428669483,0,1,1
2024-05-13,0.002220578262577142,0,0,0
2024-05-14,0.01382877082415617,0,1,1
2024-05-15,-0.0024336833622969744,0,0,0
2024-05-16,0.006315299104472935,0,0,0
2024-05-17,0.019778888705538764,0,1,1
2024-05-20,0.03979119636802318,0,1,1
2024-05-21,-0.006637698895846043,0,0,0
2024-05-22,-0.010039897385659607,0,0,0
2024-05-23,-0.03709817031107703,1,0,-1
2024-05-24,0.0116078608467131,0,0,0
2024-05-27,-0.006206011086809748,0,0,0
2024-05-28,0.012728417844362636,0,1,1
2024-05-29,0.01023117056574901,0,0,0
2024-05-30,-0.031013000528670825,1,0,-1
2024-05-31,-0.004354143308620503,0,0,0
2024-06-03,-0.012072581234269249,1,0,-1
2024-06-04,0.005627614558573188,0,0,0
2024-06-05,-0.023576973100511708,1,0,-1
2024-06-06,0.014754467645419283,0,1,1
2024-06-07,0.003440229464972593,0,0,0
2024-06-11,-0.02057073774552184,1,0,-1
2024-06-12,0.0001251956183169123,0,0,0
2024-06-13,0.0015011261262671913,0,0,0
2024-06-14,-0.005640879890085729,0,0,0
2024-06-17,-0.01826766516158995,1,0,-1
2024-06-18,0.0033231114425671874,0,0,0
2024-06-19,0.00851285237483924,0,0,0
2024-06-20,0.0070600394107248835,0,0,0
2024-06-21,-0.0036498687551090358,0,0,0
2024-06-24,-0.008102335754077167,0,0,0
2024-06-25,0.0,0,0,0
2024-06-26,-0.0024180730840435314,0,0,0
2024-06-27,-0.011920925634559789,0,0,0
2024-06-28,0.010518311442225358,0,0,0
2024-07-01,-0.003963439312304331,0,0,0
2024-07-02,0.008038320794423114,0,0,0
2024-07-03,0.01187482372246155,0,0,0
2024-07-04,0.003009406659944139,0,0,0
2024-07-05,0.006240659295329472,0,0,0
2024-07-08,-0.005489720586699391,0,0,0
2024-07-09,0.006857454713501468,0,0,0
2024-07-10,-0.011245901352646515,0,0,0
2024-07-11,0.004263329341515529,0,0,0
2024-07-12,-0.012211393638646999,1,0,-1
2024-07-15,0.006816486883370092,0,0,0
2024-07-16,-0.002645337563288705,0,0,0
2024-07-17,-0.00988726523336978,0,0,0
2024-07-18,-0.0015298320168773687,0,0,0
2024-07-19,-0.021145707952679057,1,0,-1
2024-07-22,-0.0128526359409835,1,0,-1
2024-07-23,-0.013956496890112984,1,0,-1
2024-07-24,0.003874161548600546,0,0,0
2024-07-25,-0.026617797904292043,1,0,-1
2024-07-26,0.015219752951922603,0,1,1
2024-07-29,-0.0014845808786443915,0,0,0
2024-07-30,-0.008409109636608543,0,0,0
2024-07-31,0.014199981653865879,0,1,1
2024-08-01,0.0041541098264135596,0,0,0
2024-08-02,-0.014547670353676713,1,0,-1
2024-08-05,-0.0204242587322007,1,0,-1
2024-08-06,-0.019013574326400853,1,0,-1
2024-08-07,0.007592837377679618,0,0,0
2024-08-08,-0.009995156062873534,0,0,0
2024-08-09,0.013909602554332311,0,1,1
2024-08-12,0.007229282145241855,0,0,0
2024-08-13,0.0012459335729580001,0,0,0
2024-08-14,-0.003742467463252324,0,0,0
2024-08-15,0.011322959969048418,0,0,0
2024-08-16,0.014990741339184824,0,1,1
2024-08-19,-0.0004058716148525999,0,0,0
2024-08-20,-0.0017606830579451858,0,0,0
2024-08-21,0.0024370442605978404,0,0,0
2024-08-22,-0.00027048958780009436,0,0,0
2024-08-23,-0.005833293350217678,0,0,0
2024-08-26,0.0224668089705865,0,1,1
2024-08-27,-0.0021307772078325393,0,0,0
2024-08-28,-0.00561498801447303,0,0,0
2024-08-29,-0.005242299793737073,0,0,0
2024-08-30,0.00026950545911678334,0,0,0
2024-09-02,-0.008252769561836943,0,0,0
2024-09-03,-0.009829430676492982,0,0,0
2024-09-04,-0.016460707788546868,1,0,-1
2024-09-05,-0.0025136167403160123,0,0,0
2024-09-06,0.021167007331449723,0,1,1
2024-09-09,-0.008799726795979148,0,0,0
2024-09-10,0.009620744904495092,0,0,0
2024-09-11,0.0021860918666479056,0,0,0
2024-09-12,0.007613904899201629,0,0,0
2024-09-13,0.0017592534478499057,0,0,0
2024-09-18,0.007408938046712114,0,0,0
2024-09-19,0.01505189922462056,0,1,1
2024-09-20,0.002640614156509722,0,0,0
2024-09-23,-0.0070129298335060335,0,0,0
2024-09-24,0.018810156705545915,0,1,1
2024-09-25,0.004809889026062911,0,0,0
2024-09-26,0.00813695157920787,0,0,0
2024-09-27,0.013289232118682706,0,1,1
2024-09-30,0.0006344775290570926,0,0,0
2024-10-08,-0.019470321739433447,1,0,-1
2024-10-09,0.0032285170420677297,0,0,0
2024-10-10,-0.008936147013410391,0,0,0
2024-10-11,0.004542807475049602,0,0,0
2024-10-14,0.004522263666689809,0,0,0
2024-10-15,-0.013628609930728135,1,0,-1
2024-10-16,0.0026102860031307347,0,0,0
2024-10-17,-0.009165967014080057,0,0,0
2024-10-18,0.012549184294497407,0,0,0
2024-10-21,0.009695635386528156,0,0,0
2024-10-22,-0.006841826211397837,0,0,0
2024-10-23,-0.006237026455547661,0,0,0
2024-10-24,0.0036429912785010087,0,0,0
2024-10-25,-0.00795362430041548,0,0,0
2024-10-28,0.006263885807772376,0,0,0
2024-10-29,-0.004824942528550499,0,0,0
2024-10-30,0.00221975673831281,0,0,0
2024-10-31,-0.0016970175732468691,0,0,0
2024-11-01,-0.0002613354255040724,0,0,0
2024-11-04,0.011822157826580151,0,0,0
2024-11-05,0.002579648018956812,0,0,0
2024-11-06,-0.011140011577781812,0,0,0
2024-11-07,-0.0037846700966612406,0,0,0
2024-11-08,0.008074011826137874,0,0,0
2024-11-11,-0.0070285334245849575,0,0,0
2024-11-12,-0.016461819031438424,1,0,-1
2024-11-13,-0.014714016131218172,1,0,-1
2024-11-14,-0.014113411086103584,1,0,-1
2024-11-15,0.00938590852847863,0,0,0
2024-11-18,-0.001354830176078703,0,0,0
2024-11-19,0.007698059488863813,0,0,0
2024-11-20,0.0029554024735452774,0,0,0
2024-11-21,-0.0013422820807294047,0,0,0
2024-11-22,-0.009311179881679604,0,0,0
2024-11-25,0.00540834200926123,0,0,0
2024-11-26,-0.0056795284516012205,0,0,0
2024-11-27,0.005274915862629884,0,0,0
2024-11-28,-0.004868163772417465,0,0,0
2024-11-29,0.000813008174863347,0,0,0
2024-12-02,-0.0014910202694516934,0,0,0
2024-12-03,0.008375032067483459,0,0,0
2024-12-04,0.005500047401689675,0,0,0
2024-12-05,-0.002947483377193313,0,0,0
2024-12-06,0.0026798890485962086,0,0,0
2024-12-09,0.00013380611513918674,0,0,0
2024-12-10,0.005204522323731437,0,0,0
2024-12-11,0.004780250770464128,0,0,0
2024-12-12,-0.0006625588263313889,0,0,0
2024-12-13,-0.008653452121625828,0,0,0
2024-12-16,-0.005362662000326227,0,0,0
2024-12-17,-0.0005378512970859119,0,0,0
2024-12-18,-0.005664973337155451,0,0,0
2024-12-19,-0.001082690591619894,0,0,0
2024-12-20,-0.00040631137553633084,0,0,0
2024-12-23,0.0047300581466141085,0,0,0
2024-12-24,-0.0017542680431699483,0,0,0
2024-12-25,0.001349710017289432,0,0,0
2024-12-26,-0.0013497100172895004,0,0,0
2024-12-27,0.0006750827232688888,0,0,0
2024-12-30,0.0024265312526395373,0,0,0
2024-12-31,-0.006754956784994197,0,0,0
2025-01-02,-0.0066644245303360515,0,0,0
2025-01-03,-0.0049247705554125365,0,0,0
2025-01-06,0.00928207592436823,0,0,0
2025-01-07,0.01175133398772361,0,0,0
2025-01-08,0.00013427324625747057,0,0,0
2025-01-09,0.0058902446070761925,0,0,0
2025-01-10,0.0046607714705527775,0,0,0
2025-01-13,0.0037130396723078643,0,0,0
2025-01-14,-0.0015896148532090453,0,0,0
2025-01-15,-0.002389170236554394,0,0,0
2025-01-16,0.013332650800432656,0,1,1
2025-01-17,0.003664925568138512,0,0,0
2025-01-20,-0.015006204983645778,1,0,-1
2025-01-21,0.0030457548540277868,0,0,0
2025-01-22,-0.0014555080306928858,0,0,0
2025-01-23,-0.007442883907078536,0,0,0
2025-01-24,0.012066711419816795,0,0,0
2025-01-27,-0.004359032065672621,0,0,0
2025-02-05,-0.0033149934222798795,0,0,0
2025-02-06,0.015681944881115007,0,1,1
2025-02-07,0.010017647034709,0,0,0
2025-02-10,0.001552192783508328,0,0,0
2025-02-11,-0.002847529752193267,0,0,0
2025-02-12,-0.001946156955485977,0,0,0
2025-02-13,0.007246408520767253,0,0,0
2025-02-14,0.0068101773001325505,0,0,0
2025-02-17,-0.01366705130970932,1,0,-1
2025-02-18,-0.0023394863802695884,0,0,0
2025-02-19,0.0029883735615608797,0,0,0
2025-02-20,0.006981282394594668,0,0,0
2025-02-21,-0.007759997553997388,0,0,0
2025-02-24,0.0015568243933188426,0,0,0
2025-02-25,-0.002466092495193554,0,0,0
2025-02-26,0.0023364496610195056,0,0,0
2025-02-27,-0.0007782101560059129,0,0,0
2025-02-28,-0.002988761889545981,0,0,0
2025-03-03,0.00272922386576893,0,0,0
2025-03-04,-0.0014286644419756452,0,0,0
2025-03-05,0.007381062969271081,0,0,0
2025-03-06,0.00962965648884637,0,0,0
2025-03-07,0.0007663814399884307,0,0,0
2025-03-10,-0.0006386104055082218,0,0,0
2025-03-11,-0.0030710196880768897,0,0,0
2025-03-12,0.017530936778449677,0,1,1
2025-03-13,0.0005035880756054177,0,0,0
2025-03-14,0.013129291441792802,0,1,1
2025-03-17,0.0002484163470729646,0,0,0
2025-03-18,-0.0032342359328200623,0,0,0
2025-03-19,0.007818842191090528,0,0,0
2025-03-20,0.009596530340323038,0,0,0
2025-03-21,-0.01306402607467478,1,0,-1
2025-03-24,0.015143410347861486,0,1,1
2025-03-25,0.0008549618841397407,0,0,0
2025-03-26,0.0010981637367424408,0,0,0
2025-03-27,-0.005380301557998691,0,0,0
2025-03-28,-0.013703072267862227,1,0,-1
2025-03-31,-0.006234434158428942,0,0,0
2025-04-01,0.0059858016360142844,0,0,0
2025-04-02,-0.006736552422027098,0,0,0
2025-04-03,-0.012976560044469398,1,0,-1
2025-04-07,-0.06848577208460407,1,0,-1
2025-04-08,-0.0038095284166677302,0,0,0
2025-04-09,-0.016908781432628098,1,0,-1
2025-04-10,0.04301008829026658,0,1,1
2025-04-11,-0.0009300472337177401,0,0,0
2025-04-14,0.014253903729411517,0,1,1
2025-04-15,-0.005782641951558349,0,0,0
2025-04-16,-0.008072564184692299,0,0,0
2025-04-17,0.006885620425163615,0,0,0
2025-04-18,0.004739345363896568,0,0,0
2025-04-21,0.014990830164428226,0,1,1
2025-04-22,-0.002201930816489471,0,0,0
2025-04-23,0.00993492462956706,0,0,0
2025-04-24,-0.006181603715235152,0,0,0
2025-04-25,0.0003874717516996325,0,0,0
2025-04-28,0.0018062190434994254,0,0,0
2025-04-29,0.00025776517735190044,0,0,0
2025-04-30,-0.004908936353082753,0,0,0
2025-05-06,0.00490893635308274,0,0,0
2025-05-07,0.0024454610295096334,0,0,0
2025-05-08,-0.005930909597738625,0,0,0
2025-05-09,0.0015505882419335234,0,0,0
2025-05-12,0.010404049919388744,0,0,0
2025-05-13,-0.002174609107682666,0,0,0
2025-05-14,0.010826062560117429,0,0,0
2025-05-15,-0.013647300645806328,1,0,-1
2025-05-16,0.0034613200380298297,0,0,0
2025-05-19,-0.0041036220705169815,0,0,0
2025-05-20,-0.0036045353136244422,0,0,0
2025-05-21,0.007196124602857234,0,0,0
2025-05-22,-0.002307397511360628,0,0,0
2025-05-23,-0.0016697711155970012,0,0,0
2025-05-26,0.006151499598064101,0,0,0
2025-05-27,-0.004738434940044228,0,0,0
2025-05-28,-0.00038518328780787507,0,0,0
2025-05-29,0.003333336419758217,0,0,0
2025-05-30,-0.006806678819479918,0,0,0
2025-06-03,0.0006441224055230074,0,0,0
2025-06-04,0.0070580979565692216,0,0,0
2025-06-05,-0.000383705319026286,0,0,0
2025-06-06,0.009675441488072046,0,0,0
2025-06-09,-0.00025342118736741475,0,0,0
2025-06-10,-0.00038025223856369785,0,0,0
2025-06-11,0.005184306989927475,0,0,0
2025-06-12,-0.008613099478642392,0,0,0
2025-06-13,-0.00766189420544333,0,0,0
2025-06-16,0.006898341101408497,0,0,0
2025-06-17,0.00025458248610006135,0,0,0
2025-06-18,0.0036841812617510092,0,0,0
2025-06-19,-0.006998819686634765,0,0,0
2025-06-20,-0.004094695420439583,0,0,0
2025-06-23,0.003839267577416061,0,0,0
2025-06-24,0.0044605949190883384,0,0,0
2025-06-25,0.0005085176819472895,0,0,0
2025-06-26,0.0026654835861398807,0,0,0
2025-06-27,0.012971657233299742,0,1,1
2025-06-30,-0.0006258214110005023,0,0,0
2025-07-01,0.009594491393760823,0,0,0
2025-07-02,-0.0012408488997504288,0,0,0
2025-07-03,0.00024829298699884057,0,0,0
2025-07-04,-0.010356321895902786,0,0,0
2025-07-07,-0.0057861796653396295,0,0,0
2025-07-08,0.004405570723106697,0,0,0
2025-07-09,-0.015441390215809024,1,0,-1
2025-07-10,0.002547772078798783,0,0,0
2025-07-11,-0.002165192210585698,0,0,0
2025-07-14,-0.00038257986821299685,0,0,0
2025-07-15,-0.003961919681778499,0,0,0
2025-07-16,-0.0014096241201323877,0,0,0
2025-07-17,-0.0017969456767016304,0,0,0
2025-07-18,0.007296032365080863,0,0,0
2025-07-21,0.01719602368020748,0,1,1
2025-07-22,-0.0003761519698292159,0,0,0
2025-07-23,-0.001882885135450958,0,0,0
2025-07-24,0.0037622316761925043,0,0,0
2025-07-25,-0.008043275736560522,0,0,0
2025-07-28,-0.0031595602903684815,0,0,0
2025-07-29,-0.0020273701825020956,0,0,0
2025-07-30,0.0011409014357916423,0,0,0
2025-07-31,-0.011339867965400591,0,0,0
2025-08-01,0.0046024116014518,0,0,0
2025-08-04,-0.0008932559772149909,0,0,0
2025-08-05,0.0031865427511664325,0,0,0
2025-08-06,-0.0038250716024382666,0,0,0
2025-08-07,0.002296798253531127,0,0,0
2025-08-08,0.0003822873573157177,0,0,0
2025-08-11,0.006729756844522361,0,0,0
2025-08-12,0.0,0,0,0
2025-08-13,0.004545462371674638,0,0,0
2025-08-14,-0.005431706653268272,0,0,0
2025-08-15,0.001392317166888309,0,0,0
2025-08-18,-0.0013923171668883075,0,0,0
2025-08-19,-0.0007602635946528746,0,0,0
2025-08-20,-0.003174001268087175,0,0,0
2025-08-21,-0.00127242668904753,0,0,0
2025-08-22,0.0019080333970283461,0,0,0
2025-08-25,0.012628024862764766,0,1,1
2025-08-26,-0.006294079187335692,0,0,0
2025-08-27,0.0,0,0,0
2025-08-28,-0.003288644502010018,0,0,0
2025-08-29,0.006062921186808519,0,0,0
2025-09-01,0.004648541570140966,0,0,0
2025-09-02,-0.0015052687237623915,0,0,0
2025-09-03,0.005633112473527205,0,0,0
2025-09-04,-0.004253196303987327,0,0,0
2025-09-05,0.004627611284960435,0,0,0
2025-09-08,-0.006133068851940938,0,0,0
2025-09-09,0.0,0,0,0
2025-09-10,0.0017561469641321082,0,0,0
2025-09-11,0.004252132469789604,0,0,0
2025-09-12,0.011539305410183208,0,0,0
2025-09-15,-0.0014814817524430284,0,0,0
2025-09-16,-0.0007415647355034903,0,0,0
2025-09-17,-0.00396432630190911,0,0,0
2025-09-18,-0.011736930838135736,0,0,0
2025-09-19,0.002884557088850314,0,0,0
2025-09-22,0.0038747626755333124,0,0,0
2025-09-23,-0.0029985029962565574,0,0,0
2025-09-24,0.0005003752919012798,0,0,0
2025-09-25,0.03381400407161583,0,1,1
2025-09-26,-0.002905922858550998,0,0,0
2025-09-29,-0.001213297892106618,0,0,0
2025-09-30,0.008943738611777514,0,0,0
2025-10-09,0.04286538726203365,0,1,1
2025-10-10,-0.00973018217700338,0,0,0
2025-10-13,-0.009238211056630943,0,0,0
2025-10-14,-0.008376147597705627,0,0,0
2025-10-15,0.016333128498288028,0,1,1
2025-10-16,-0.008544559506123683,0,0,0
2025-10-17,-0.008025535817917739,0,0,0
2025-10-20,0.011662970159940864,0,0,0
2025-10-21,0.00023421946470819272,0,0,0
2025-10-22,0.00023416461879619227,0,0,0
2025-10-23,0.007580653248062616,0,0,0
2025-10-24,0.01898900488830444,0,1,1
2025-10-27,0.007382621980225558,0,0,0
2025-10-28,-0.01585433836042068,1,0,-1
2025-10-29,0.019694415363003197,0,1,1
2025-10-30,-0.008490456845935074,0,0,0
2025-10-31,-0.010859111108627435,0,0,0
2025-11-03,0.0033274082676235713,0,0,0
2025-11-04,-0.01803100167572553,1,0,-1
2025-11-05,-0.0008167551938784526,0,0,0
2025-11-06,0.007558614973926624,0,0,0
2025-11-07,-0.004411942603030122,0,0,0
2025-11-10,0.006263794984103861,0,0,0
2025-11-11,0.001733002571096142,0,0,0
2025-11-12,0.002421169108042124,0,0,0
2025-11-13,0.008142713721769711,0,0,0
2025-11-14,-0.007452026460514454,0,0,0
2025-11-17,-0.005191820142046824,0,0,0
2025-11-18,-0.0092969873591706,0,0,0
2025-11-19,0.005356323937944848,0,0,0
2025-11-20,0.00023223409300854783,0,0,0
2025-11-21,-0.005471810613857391,0,0,0
2025-11-24,0.004891124226249265,0,0,0
2025-11-25,0.0060227191549152475,0,0,0
2025-11-26,-0.00011548010867960623,0,0,0
2025-11-27,0.004608834059739617,0,0,0
2025-11-28,0.005045303673350286,0,0,0
2025-12-01,0.020939025440201202,0,1,1
2025-12-02,-0.004040409537004974,0,0,0
2025-12-03,0.003256051829696326,0,0,0
2025-12-04,0.019646561216165998,0,1,1
2025-12-05,0.019591397181739686,0,1,1
2025-12-08,0.002045761144168933,0,0,0
2025-12-09,-0.020428831711048055,1,0,-1
2025-12-10,0.0083087829044161,0,0,0
2025-12-11,0.003911772889915217,0,0,0
2025-12-12,0.020076899599266982,0,1,1
2025-12-15,-0.01704495358414815,1,0,-1
2025-12-16,-0.006181897025668463,0,0,0
2025-12-17,0.009743500272529423,0,0,0
2025-12-18,-0.0023729921608960465,0,0,0
2025-12-19,0.006243964736517094,0,0,0
2025-12-22,0.012160149840464774,0,0,0
2025-12-23,-0.004143432222691469,0,0,0
2025-12-24,0.022839491969822736,0,1,1
2025-12-25,0.0011439863969265158,0,0,0
2025-12-26,0.025754257783904454,0,1,1
2025-12-29,0.0014171477217356525,0,0,0
2025-12-30,-0.007819283302588922,0,0,0
2025-12-31,0.0015280398226079548,0,0,0
