date,symbol,close,log_return,extreme_left,extreme_right,extreme_event
2015-03-30,NI1507,98430.0,-0.026566646878873564,1,0,-1
2015-03-31,NI1507,95040.0,-0.035047780026785144,1,0,-1
2015-04-01,NI1507,92500.0,-0.02708921109595527,1,0,-1
2015-04-02,NI1507,96160.0,0.03880482626851789,0,1,1
2015-04-03,NI1507,97300.0,0.011785518405062029,0,0,0
2015-04-07,NI1507,96420.0,-0.009085340214483196,0,0,0
2015-04-08,NI1507,93950.0,-0.025950923118001894,1,0,-1
2015-04-09,NI1507,94300.0,0.0037184637799374627,0,0,0
2015-04-10,NI1507,94540.0,0.002541835725678456,0,0,0
2015-04-13,NI1507,95230.0,0.007271992840864276,0,0,0
2015-04-14,NI1507,93100.0,-0.022620833922933292,1,0,-1
2015-04-15,NI1507,94730.0,0.017356555604421665,0,1,1
2015-04-16,NI1507,95400.0,0.007047838566797829,0,0,0
2015-04-17,NI1507,95850.0,0.004705891037412714,0,0,0
2015-04-20,NI1507,95410.0,-0.004601074727898965,0,0,0
2015-04-21,NI1507,95880.0,0.004914014802429163,0,0,0
2015-04-22,NI1507,96330.0,0.004682387203348658,0,0,0
2015-04-23,NI1507,95860.0,-0.004891003038046993,0,0,0
2015-04-24,NI1507,97830.0,0.02034248473785229,0,1,1
2015-04-27,NI1507,101490.0,0.036728992991389445,0,1,1
2015-04-28,NI1507,102650.0,0.011364872004215728,0,0,0
2015-04-29,NI1507,101020.0,-0.01600662642503609,1,0,-1
2015-04-30,NI1507,106010.0,0.0482149122450998,0,1,1
2015-05-04,NI1507,107580.0,0.014701327560090224,0,0,0
2015-05-05,NI1507,107960.0,0.0035260313047073,0,0,0
2015-05-06,NI1507,113380.0,0.0489842207463538,0,1,1
2015-05-07,NI1507,112500.0,-0.007791787251682819,0,0,0
2015-05-08,NI1507,112300.0,-0.0017793599000773153,0,0,0
2015-05-11,NI1507,113880.0,0.013971400665439362,0,0,0
2015-05-12,NI1507,111600.0,-0.02022421246262622,1,0,-1
2015-05-13,NI1507,111750.0,0.0013431835464677597,0,0,0
2015-05-14,NI1507,109400.0,-0.021253343505797412,1,0,-1
2015-05-15,NI1507,110210.0,0.007376746715569807,0,0,0
2015-05-18,NI1507,108610.0,-0.014624152411505902,0,0,0
2015-05-19,NI1507,106430.0,-0.020275992238991725,1,0,-1
2015-05-20,NI1507,102340.0,-0.039186888676007156,1,0,-1
2015-05-21,NI1507,101070.0,-0.012487257290374568,0,0,0
2015-05-22,NI1507,100070.0,-0.009943404984206464,0,0,0
2015-05-25,NI1507,99480.0,-0.005913322167160826,0,0,0
2015-05-26,NI1507,100010.0,0.005313562053220658,0,0,0
2015-05-27,NI1507,100670.0,0.006577659752907246,0,0,0
2015-05-28,NI1507,101130.0,0.0045589771727470455,0,0,0
2015-05-29,NI1507,99200.0,-0.01926880362325198,1,0,-1
2015-06-01,NI1507,98040.0,-0.011762455630915306,0,0,0
2015-06-02,NI1509,100280.0,0.022590714630180763,0,1,1
2015-06-03,NI1509,99060.0,-0.01224054613000097,0,0,0
2015-06-04,NI1509,98530.0,-0.0053646568257085,0,0,0
2015-06-05,NI1509,98390.0,-0.001421897456709129,0,0,0
2015-06-08,NI1509,100570.0,0.021914829578714923,0,1,1
2015-06-09,NI1509,100910.0,0.0033750280200483137,0,0,0
2015-06-10,NI1509,101330.0,0.004153486983788663,0,0,0
2015-06-11,NI1509,101500.0,0.0016762810216157907,0,0,0
2015-06-12,NI1509,98070.0,-0.03437728907761313,1,0,-1
2015-06-15,NI1509,97580.0,-0.005008955016537773,0,0,0
2015-06-16,NI1509,95700.0,-0.019454255928782603,1,0,-1
2015-06-17,NI1509,95280.0,-0.0043983734118638925,0,0,0
2015-06-18,NI1509,96300.0,0.010648393757035265,0,0,0
2015-06-19,NI1509,94610.0,-0.017705140087726976,1,0,-1
2015-06-23,NI1509,95050.0,0.004639890218085378,0,0,0
2015-06-24,NI1509,96390.0,0.01399939286143858,0,0,0
2015-06-25,NI1509,94850.0,-0.016105765414853562,1,0,-1
2015-06-26,NI1509,93850.0,-0.010598933348505403,0,0,0
2015-06-29,NI1509,90360.0,-0.03789607143271528,1,0,-1
2015-06-30,NI1509,87330.0,-0.03410764517416094,1,0,-1
2015-07-01,NI1509,88360.0,0.011725332126274872,0,0,0
2015-07-02,NI1509,89450.0,0.012260431402811639,0,0,0
2015-07-03,NI1509,89240.0,-0.0023504403903964266,0,0,0
2015-07-06,NI1509,85530.0,-0.042462177971641396,1,0,-1
2015-07-07,NI1509,84220.0,-0.015434768858908647,0,0,0
2015-07-08,NI1509,81630.0,-0.031235581270517114,1,0,-1
2015-07-09,NI1509,83600.0,0.02384667862739132,0,1,1
2015-07-10,NI1509,84570.0,0.011536073703474864,0,0,0
2015-07-13,NI1509,82250.0,-0.027816204148649586,1,0,-1
2015-07-14,NI1509,84500.0,0.026988144717646975,0,1,1
2015-07-15,NI1509,86970.0,0.028811697238545597,0,1,1
2015-07-16,NI1509,85430.0,-0.01786590443814657,1,0,-1
2015-07-17,NI1509,85600.0,0.0019879559841690904,0,0,0
2015-07-20,NI1509,85320.0,-0.0032763895445466376,0,0,0
2015-07-21,NI1509,87870.0,0.02944955590460197,0,1,1
2015-07-22,NI1509,85220.0,-0.030622301435985863,1,0,-1
2015-07-23,NI1509,84410.0,-0.009550270076137363,0,0,0
2015-07-24,NI1509,83360.0,-0.012517299990571832,0,0,0
2015-07-27,NI1509,82650.0,-0.008553753738023575,0,0,0
2015-07-28,NI1509,82740.0,0.0010883367662323318,0,0,0
2015-07-29,NI1509,84330.0,0.019034512553284668,0,1,1
2015-07-30,NI1509,82620.0,-0.02048589161793174,1,0,-1
2015-07-31,NI1509,81780.0,-0.010219067032122258,0,0,0
2015-08-03,NI1509,80340.0,-0.01776508600536012,1,0,-1
2015-08-04,NI1509,81100.0,0.009415332190231088,0,0,0
2015-08-05,NI1509,81190.0,0.0011091257529878956,0,0,0
2015-08-06,NI1509,80780.0,-0.005062676739088328,0,0,0
2015-08-07,NI1509,80700.0,-0.0009908348593636544,0,0,0
2015-08-10,NI1509,82200.0,0.018416726786231068,0,1,1
2015-08-11,NI1509,82370.0,0.0020659908910230997,0,0,0
2015-08-12,NI1509,82690.0,0.003877382780918055,0,0,0
2015-08-13,NI1509,82690.0,0.0,0,0,0
2015-08-14,NI1509,81570.0,-0.013637128421586268,0,0,0
2015-08-17,NI1509,82100.0,0.0064764691458934365,0,0,0
2015-08-18,NI1601,81130.0,-0.011885210051408942,0,0,0
2015-08-19,NI1601,81860.0,0.008957664657283274,0,0,0
2015-08-20,NI1601,80650.0,-0.01489166649303904,0,0,0
2015-08-21,NI1601,80370.0,-0.0034778323465908057,0,0,0
2015-08-24,NI1601,76800.0,-0.04543633207100057,1,0,-1
2015-08-25,NI1601,73600.0,-0.04255961441879589,1,0,-1
2015-08-26,NI1601,74360.0,0.010273137118412792,0,0,0
2015-08-27,NI1601,76160.0,0.02391822762986665,0,1,1
2015-08-28,NI1601,78610.0,0.0316625273225553,0,1,1
2015-08-31,NI1601,76810.0,-0.023164077795074595,1,0,-1
2015-09-01,NI1601,75810.0,-0.01310462994237798,0,0,0
2015-09-02,NI1601,76510.0,0.009191241175547862,0,0,0
2015-09-07,NI1601,77000.0,0.006383970609923313,0,0,0
2015-09-08,NI1601,76190.0,-0.010575201368765535,0,0,0
2015-09-09,NI1601,77790.0,0.020782667733764453,0,1,1
2015-09-10,NI1601,78710.0,0.011757323935676071,0,0,0
2015-09-11,NI1601,79410.0,0.008854092752760858,0,0,0
2015-09-14,NI1601,78260.0,-0.014587688124853183,0,0,0
2015-09-15,NI1601,76960.0,-0.016750810424815354,1,0,-1
2015-09-16,NI1601,78950.0,0.025528934344200133,0,1,1
2015-09-17,NI1601,78590.0,-0.00457027582356752,0,0,0
2015-09-18,NI1601,77890.0,-0.008946889946226368,0,0,0
2015-09-21,NI1601,78110.0,0.002820514690348855,0,0,0
2015-09-22,NI1601,77090.0,-0.013144519151035164,0,0,0
2015-09-23,NI1601,76740.0,-0.004550485652364546,0,0,0
2015-09-24,NI1601,76760.0,0.0002605863206927411,0,0,0
2015-09-25,NI1601,77100.0,0.004419609429784555,0,0,0
2015-09-28,NI1601,77410.0,0.004012690647338229,0,0,0
2015-09-29,NI1601,75540.0,-0.024453653932311265,1,0,-1
2015-09-30,NI1601,77100.0,0.020440963284973024,0,1,1
2015-10-08,NI1601,77450.0,0.0045292862935938155,0,0,0
2015-10-09,NI1601,79450.0,0.02549532611984741,0,1,1
2015-10-12,NI1601,80310.0,0.010766253217645846,0,0,0
2015-10-13,NI1601,79620.0,-0.008628828628199709,0,0,0
2015-10-14,NI1601,79270.0,-0.0044055707231067005,0,0,0
2015-10-15,NI1601,80340.0,0.013407882082071713,0,0,0
2015-10-16,NI1601,80390.0,0.0006221614087332248,0,0,0
2015-10-19,NI1601,79150.0,-0.01554500401284833,0,0,0
2015-10-20,NI1601,78320.0,-0.010541788104766229,0,0,0
2015-10-21,NI1601,78130.0,-0.002428892213601948,0,0,0
2015-10-22,NI1601,78660.0,0.006760660995010454,0,0,0
2015-10-23,NI1601,79980.0,0.016641836415008774,0,1,1
2015-10-26,NI1601,78590.0,-0.017532138540588757,1,0,-1
2015-10-27,NI1601,79150.0,0.007100321448937614,0,0,0
2015-10-28,NI1601,79160.0,0.000126334407343929,0,0,0
2015-10-29,NI1601,79130.0,-0.00037905111326298394,0,0,0
2015-10-30,NI1601,77150.0,-0.025340490811932195,1,0,-1
2015-11-02,NI1601,76590.0,-0.007285058887667748,0,0,0
2015-11-03,NI1601,76330.0,-0.0034004741111231356,0,0,0
2015-11-04,NI1601,76510.0,0.0023554054333814116,0,0,0
2015-11-05,NI1601,74820.0,-0.02233622232376041,1,0,-1
2015-11-06,NI1601,74990.0,0.002269542393297967,0,0,0
2015-11-09,NI1601,73990.0,-0.01342482237583846,0,0,0
2015-11-10,NI1601,73890.0,-0.0013524481369033598,0,0,0
2015-11-11,NI1601,72930.0,-0.013077423804414505,0,0,0
2015-11-12,NI1601,73290.0,0.004924096941617111,0,0,0
2015-11-13,NI1601,72930.0,-0.004924096941617098,0,0,0
2015-11-16,NI1601,73180.0,0.003422082594919076,0,0,0
2015-11-17,NI1601,71240.0,-0.02686770116959986,1,0,-1
2015-11-18,NI1601,70950.0,-0.004079054815409213,0,0,0
2015-11-19,NI1601,69770.0,-0.016771285654906518,1,0,-1
2015-11-20,NI1601,68740.0,-0.014872846529457378,0,0,0
2015-11-23,NI1601,64980.0,-0.05625174118073356,1,0,-1
2015-11-24,NI1601,64970.0,-0.00015390534851464336,0,0,0
2015-11-25,NI1601,68250.0,0.049251809172629515,0,1,1
2015-11-26,NI1601,70800.0,0.03668156663460505,0,1,1
2015-11-27,NI1601,69370.0,-0.020404503302464155,1,0,-1
2015-11-30,NI1601,69100.0,-0.003899766623585682,0,0,0
2015-12-01,NI1601,68970.0,-0.0018831033304243544,0,0,0
2015-12-02,NI1601,70150.0,0.016964179105270177,0,1,1
2015-12-03,NI1601,68150.0,-0.0289246484059283,1,0,-1
2015-12-04,NI1601,68880.0,0.01065470197693363,0,0,0
2015-12-07,NI1601,70590.0,0.024522631287905546,0,1,1
2015-12-08,NI1601,68170.0,-0.034883906032686915,1,0,-1
2015-12-09,NI1601,68170.0,0.0,0,0,0
2015-12-10,NI1601,67490.0,-0.010025146619378818,0,0,0
2015-12-11,NI1601,69030.0,0.02256175396006897,0,1,1
2015-12-14,NI1601,68750.0,-0.004064456168703535,0,0,0
2015-12-15,NI1601,68440.0,-0.004519287522687944,0,0,0
2015-12-16,NI1601,69000.0,0.008149055573266662,0,0,0
2015-12-17,NI1605,69820.0,0.01181399707963054,0,0,0
2015-12-18,NI1605,70500.0,0.009692208141332896,0,0,0
2015-12-21,NI1605,71130.0,0.008896478927200814,0,0,0
2015-12-22,NI1605,70840.0,-0.004085375830790992,0,0,0
2015-12-23,NI1605,70220.0,-0.008790642174346587,0,0,0
2015-12-24,NI1605,69400.0,-0.01174630322752733,0,0,0
2015-12-25,NI1605,69130.0,-0.003898077555585194,0,0,0
2015-12-28,NI1605,68050.0,-0.01574606085969852,0,0,0
2015-12-29,NI1605,69310.0,0.01834646683241819,0,1,1
2015-12-30,NI1605,70070.0,0.010905546452549186,0,0,0
2015-12-31,NI1605,70630.0,0.007960241038388324,0,0,0
2016-01-04,NI1605,68930.0,-0.02436348652327049,1,0,-1
2016-01-05,NI1605,69510.0,0.008379130214834017,0,0,0
2016-01-06,NI1605,68820.0,-0.00997622674306025,0,0,0
2016-01-07,NI1605,67480.0,-0.01966314269156673,1,0,-1
2016-01-08,NI1605,67920.0,0.0064992843253243015,0,0,0
2016-01-11,NI1605,67000.0,-0.013637922612125802,0,0,0
2016-01-12,NI1605,65950.0,-0.01579574022764242,0,0,0
2016-01-13,NI1605,66220.0,0.004085652955776656,0,0,0
2016-01-14,NI1605,67360.0,0.017068837814971014,0,1,1
2016-01-15,NI1605,68190.0,0.012246556598490159,0,0,0
2016-01-18,NI1605,69320.0,0.016435538314843755,0,1,1
2016-01-19,NI1605,70130.0,0.011617197701413817,0,0,0
2016-01-20,NI1605,69470.0,-0.009455657844029533,0,0,0
2016-01-21,NI1605,69250.0,-0.003171859637341695,0,0,0
2016-01-22,NI1605,70160.0,0.01305520299647964,0,0,0
2016-01-25,NI1605,69360.0,-0.011468015591641182,0,0,0
2016-01-26,NI1605,69130.0,-0.0033215425151127244,0,0,0
2016-01-27,NI1605,70520.0,0.019907567572495927,0,1,1
2016-01-28,NI1605,69730.0,-0.011265716296750142,0,0,0
2016-01-29,NI1605,69590.0,-0.0020097623761607206,0,0,0
2016-02-01,NI1605,68950.0,-0.009239274617447899,0,0,0
2016-02-02,NI1605,69010.0,0.0008698173931995451,0,0,0
2016-02-03,NI1605,68880.0,-0.0018855615130351376,0,0,0
2016-02-04,NI1605,69340.0,0.006656080137401904,0,0,0
2016-02-05,NI1605,68740.0,-0.008690668835189496,0,0,0
2016-02-15,NI1605,66320.0,-0.035839760594648294,1,0,-1
2016-02-16,NI1605,66660.0,0.005113562052554166,0,0,0
2016-02-17,NI1605,66400.0,-0.003908016397205447,0,0,0
2016-02-18,NI1605,66680.0,0.004208001400205049,0,0,0
2016-02-19,NI1605,67120.0,0.00657700427635755,0,0,0
2016-02-22,NI1605,68730.0,0.023703722974563104,0,1,1
2016-02-23,NI1605,68700.0,-0.00043658590521023334,0,0,0
2016-02-24,NI1605,68550.0,-0.002185793219980208,0,0,0
2016-02-25,NI1605,67810.0,-0.010853729312572691,0,0,0
2016-02-26,NI1605,67290.0,-0.007698039495524163,0,0,0
2016-02-29,NI1605,67020.0,-0.004020554891062284,0,0,0
2016-03-01,NI1605,67800.0,0.011571112637185497,0,0,0
2016-03-02,NI1605,68950.0,0.016819409292960868,0,1,1
2016-03-03,NI1605,69400.0,0.006505263273448035,0,0,0
2016-03-04,NI1605,71350.0,0.027710476410086705,0,1,1
2016-03-07,NI1605,73310.0,0.027099681312649854,0,1,1
2016-03-08,NI1605,71670.0,-0.022624775229667386,1,0,-1
2016-03-09,NI1605,69280.0,-0.033915985751648184,1,0,-1
2016-03-10,NI1605,68930.0,-0.005064767356619286,0,0,0
2016-03-11,NI1605,69450.0,0.0075155723027923275,0,0,0
2016-03-14,NI1605,69310.0,-0.002017873270459421,0,0,0
2016-03-15,NI1605,68330.0,-0.014240287137206369,0,0,0
2016-03-16,NI1605,68100.0,-0.0033716956372202506,0,0,0
2016-03-17,NI1605,68540.0,0.006440303290996052,0,0,0
2016-03-18,NI1605,69860.0,0.019075722932223094,0,1,1
2016-03-21,NI1605,68090.0,-0.025662879883810667,1,0,-1
2016-03-22,NI1605,68450.0,0.005273192239582705,0,0,0
2016-03-23,NI1605,68260.0,-0.0027796082558968604,0,0,0
2016-03-24,NI1605,68130.0,-0.0019062986929842057,0,0,0
2016-03-25,NI1605,68470.0,0.004978048347394828,0,0,0
2016-03-28,NI1605,68120.0,-0.00512483733848406,0,0,0
2016-03-29,NI1605,68290.0,0.0024924871785102663,0,0,0
2016-03-30,NI1605,66740.0,-0.022958869649769894,1,0,-1
2016-03-31,NI1605,66250.0,-0.0073690084568963565,0,0,0
2016-04-01,NI1605,66340.0,0.0013575686525747971,0,0,0
2016-04-05,NI1605,65690.0,-0.009846326614524762,0,0,0
2016-04-06,NI1605,66710.0,0.015408159817042508,0,0,0
2016-04-07,NI1605,67050.0,0.00508374300626359,0,0,0
2016-04-08,NI1605,66520.0,-0.007935955402960597,0,0,0
2016-04-11,NI1609,68230.0,0.02538169650260541,0,1,1
2016-04-12,NI1609,69000.0,0.011222153769927088,0,0,0
2016-04-13,NI1609,70260.0,0.018096142240421532,0,1,1
2016-04-14,NI1609,70710.0,0.006384358778468572,0,0,0
2016-04-15,NI1609,70240.0,-0.00666905628928827,0,0,0
2016-04-18,NI1609,70840.0,0.00850586358777159,0,0,0
2016-04-19,NI1609,71010.0,0.0023968992793694686,0,0,0
2016-04-20,NI1609,71880.0,0.012177349721356125,0,0,0
2016-04-21,NI1609,73850.0,0.027037947062030446,0,1,1
2016-04-22,NI1609,71810.0,-0.028012266855162643,1,0,-1
2016-04-25,NI1609,72050.0,0.003336580323304974,0,0,0
2016-04-26,NI1609,71350.0,-0.009762978522685718,0,0,0
2016-04-27,NI1609,71910.0,0.00781799319155734,0,0,0
2016-04-28,NI1609,72170.0,0.003609109969779121,0,0,0
2016-04-29,NI1609,73340.0,0.01608171555899813,0,1,1
2016-05-03,NI1609,75940.0,0.034837392160476245,0,1,1
2016-05-04,NI1609,74360.0,-0.02102539195041296,1,0,-1
2016-05-05,NI1609,73420.0,-0.012721784784555087,0,0,0
2016-05-06,NI1609,70700.0,-0.03775080516616114,1,0,-1
2016-05-09,NI1609,69030.0,-0.023904380187142877,1,0,-1
2016-05-10,NI1609,69210.0,0.0026041681383877297,0,0,0
2016-05-11,NI1609,69400.0,0.0027415066589867943,0,0,0
2016-05-12,NI1609,70130.0,0.010463795036060168,0,0,0
2016-05-13,NI1609,68250.0,-0.027173228483750006,1,0,-1
2016-05-16,NI1609,68850.0,0.008752791109594708,0,0,0
2016-05-17,NI1609,69410.0,0.008100724176828502,0,0,0
2016-05-18,NI1609,68600.0,-0.011738414619652743,0,0,0
2016-05-19,NI1609,68430.0,-0.002481209767433137,0,0,0
2016-05-20,NI1609,68520.0,0.001314348491512768,0,0,0
2016-05-23,NI1609,67180.0,-0.01975008927177252,1,0,-1
2016-05-24,NI1609,67020.0,-0.0023845018749823798,0,0,0
2016-05-25,NI1609,66820.0,-0.0029886453805538305,0,0,0
2016-05-26,NI1609,67230.0,0.0061171395523348234,0,0,0
2016-05-27,NI1609,67390.0,0.0023770624771802143,0,0,0
2016-05-30,NI1609,67360.0,-0.00044526902405435295,0,0,0
2016-05-31,NI1609,68090.0,0.010778989560804095,0,0,0
2016-06-01,NI1609,67150.0,-0.013901436525628667,0,0,0
2016-06-02,NI1609,67430.0,0.004161099777243912,0,0,0
2016-06-03,NI1609,67550.0,0.0017780416597172463,0,0,0
2016-06-06,NI1609,68990.0,0.021093502151809464,0,1,1
2016-06-07,NI1609,68780.0,-0.003048561553897161,0,0,0
2016-06-08,NI1609,68890.0,0.0015980246009843295,0,0,0
2016-06-13,NI1609,70300.0,0.020260769211514762,0,1,1
2016-06-14,NI1609,70420.0,0.0017055149102872618,0,0,0
2016-06-15,NI1609,71240.0,0.011577144694554486,0,0,0
2016-06-16,NI1609,70420.0,-0.011577144694554465,0,0,0
2016-06-17,NI1609,71450.0,0.01452059064896987,0,0,0
2016-06-20,NI1609,72520.0,0.014864481510773965,0,0,0
2016-06-21,NI1609,72390.0,-0.0017942175816002374,0,0,0
2016-06-22,NI1609,72760.0,0.005098185344871478,0,0,0
2016-06-23,NI1609,72050.0,-0.00980603120439039,0,0,0
2016-06-24,NI1609,70470.0,-0.022173235106600023,1,0,-1
2016-06-27,NI1609,71650.0,0.016606066935249724,0,1,1
2016-06-28,NI1609,72580.0,0.012896247510743458,0,0,0
2016-06-29,NI1609,73450.0,0.011915500834962034,0,0,0
2016-06-30,NI1609,74890.0,0.019415467641389423,0,1,1
2016-07-01,NI1609,75560.0,0.00890667237203313,0,0,0
2016-07-04,NI1609,79240.0,0.04755417919704139,0,1,1
2016-07-05,NI1609,80600.0,0.01701742768223239,0,1,1
2016-07-06,NI1609,78060.0,-0.03202088776011374,1,0,-1
2016-07-07,NI1609,77270.0,-0.010171979806976454,0,0,0
2016-07-08,NI1609,76840.0,-0.005580444045136611,0,0,0
2016-07-11,NI1609,79300.0,0.03151279074044637,0,1,1
2016-07-12,NI1609,81160.0,0.023184386316811776,0,1,1
2016-07-13,NI1609,80430.0,-0.009035274041636327,0,0,0
2016-07-14,NI1609,81770.0,0.016523187257908283,0,1,1
2016-07-15,NI1609,81200.0,-0.006995181006253649,0,0,0
2016-07-18,NI1609,80840.0,-0.004443354632211967,0,0,0
2016-07-19,NI1609,81880.0,0.012782868257668532,0,0,0
2016-07-20,NI1609,81550.0,-0.004038431726065896,0,0,0
2016-07-21,NI1609,82250.0,0.008547060578458348,0,0,0
2016-07-22,NI1609,81220.0,-0.01260186738732953,0,0,0
2016-07-25,NI1609,80520.0,-0.008655921486561044,0,0,0
2016-07-26,NI1609,79390.0,-0.014133185034568691,0,0,0
2016-07-27,NI1609,79650.0,0.0032696206190355195,0,0,0
2016-07-28,NI1609,81390.0,0.021610378982892586,0,1,1
2016-07-29,NI1609,80330.0,-0.01310926515322894,0,0,0
2016-08-01,NI1609,82430.0,0.025806298139415023,0,1,1
2016-08-02,NI1609,83390.0,0.011578949773757792,0,0,0
2016-08-03,NI1701,83880.0,0.005858807934825294,0,0,0
2016-08-04,NI1701,82100.0,-0.021449189575336657,1,0,-1
2016-08-05,NI1701,82970.0,0.010541080217811298,0,0,0
2016-08-08,NI1701,84430.0,0.017443692005214735,0,1,1
2016-08-09,NI1701,83790.0,-0.00760912005621347,0,0,0
2016-08-10,NI1701,84190.0,0.00476248072437763,0,0,0
2016-08-11,NI1701,83330.0,-0.01026752095545716,0,0,0
2016-08-12,NI1701,83100.0,-0.0027639265327128733,0,0,0
2016-08-15,NI1701,80850.0,-0.027449115838286707,1,0,-1
2016-08-16,NI1701,81490.0,0.007884727309012532,0,0,0
2016-08-17,NI1701,81170.0,-0.00393459255904406,0,0,0
2016-08-18,NI1701,81440.0,0.003320832029128315,0,0,0
2016-08-19,NI1701,81540.0,0.0012271445888946892,0,0,0
2016-08-22,NI1701,80590.0,-0.011719125054687429,0,0,0
2016-08-23,NI1701,81110.0,0.006431685745833441,0,0,0
2016-08-24,NI1701,80980.0,-0.0016040474782382597,0,0,0
2016-08-25,NI1701,78450.0,-0.03174073142497348,1,0,-1
2016-08-26,NI1701,78310.0,-0.001786170416195341,0,0,0
2016-08-29,NI1701,78570.0,0.003314638424884009,0,0,0
2016-08-30,NI1701,78150.0,-0.005359890320244622,0,0,0
2016-08-31,NI1701,78060.0,-0.0011522951150167184,0,0,0
2016-09-01,NI1701,78810.0,0.009562130613089302,0,0,0
2016-09-02,NI1701,79820.0,0.012734207255029606,0,0,0
2016-09-05,NI1701,80230.0,0.00512341014497681,0,0,0
2016-09-06,NI1701,81040.0,0.010045350174863273,0,0,0
2016-09-07,NI1701,80920.0,-0.0014818476408832455,0,0,0
2016-09-08,NI1701,80980.0,0.0007411983044702794,0,0,0
2016-09-09,NI1701,81320.0,0.0041897781561308816,0,0,0
2016-09-12,NI1701,78710.0,-0.03262177660578705,1,0,-1
2016-09-13,NI1701,79310.0,0.00759401194086951,0,0,0
2016-09-14,NI1701,78280.0,-0.013072081567352775,0,0,0
2016-09-19,NI1701,78960.0,0.008649252597350611,0,0,0
2016-09-20,NI1701,80610.0,0.020681316170283424,0,1,1
2016-09-21,NI1701,80510.0,-0.001241310983620129,0,0,0
2016-09-22,NI1701,81700.0,0.014672601554067851,0,0,0
2016-09-23,NI1701,82620.0,0.011197780102661304,0,0,0
2016-09-26,NI1701,81480.0,-0.013894190610013372,0,0,0
2016-09-27,NI1701,82700.0,0.014862010671040508,0,0,0
2016-09-28,NI1701,82090.0,-0.007403395669470792,0,0,0
2016-09-29,NI1701,81860.0,-0.002805735295917848,0,0,0
2016-09-30,NI1701,81380.0,-0.005880928490713027,0,0,0
2016-10-10,NI1701,81660.0,0.003434743317885804,0,0,0
2016-10-11,NI1701,82840.0,0.014346750635953625,0,0,0
2016-10-12,NI1701,82350.0,-0.005932579903734049,0,0,0
2016-10-13,NI1701,81340.0,-0.012340556144570821,0,0,0
2016-10-14,NI1701,81590.0,0.0030688049616302542,0,0,0
2016-10-17,NI1701,81820.0,0.0028150070605436578,0,0,0
2016-10-18,NI1701,81680.0,-0.0017125386448423661,0,0,0
2016-10-19,NI1701,80700.0,-0.012070598580506966,0,0,0
2016-10-20,NI1701,80750.0,0.0006193868268627174,0,0,0
2016-10-21,NI1701,79410.0,-0.01673365719564633,1,0,-1
2016-10-24,NI1701,80410.0,0.012514241652938,0,0,0
2016-10-25,NI1701,81470.0,0.013096307762492784,0,0,0
2016-10-26,NI1701,81050.0,-0.005168606140865334,0,0,0
2016-10-27,NI1701,80980.0,-0.0008640375776700172,0,0,0
2016-10-28,NI1701,82570.0,0.019444207825322177,0,1,1
2016-10-31,NI1701,83950.0,0.0165749650942126,0,1,1
2016-11-01,NI1701,83560.0,-0.004656446835184824,0,0,0
2016-11-02,NI1701,82310.0,-0.015072329703812474,0,0,0
2016-11-03,NI1701,83280.0,0.01171581732216078,0,0,0
2016-11-04,NI1701,82920.0,-0.00433213673913457,0,0,0
2016-11-07,NI1701,87830.0,0.05752684036144719,0,1,1
2016-11-08,NI1701,89890.0,0.023183572656281858,0,1,1
2016-11-09,NI1701,90840.0,0.010513016652049706,0,0,0
2016-11-10,NI1701,95600.0,0.0510731028199979,0,1,1
2016-11-11,NI1701,96140.0,0.00563264240845893,0,0,0
2016-11-14,NI1701,91680.0,-0.047501209499385175,1,0,-1
2016-11-15,NI1701,90680.0,-0.01096742732710114,0,0,0
2016-11-16,NI1701,92530.0,0.02019609062161073,0,1,1
2016-11-17,NI1701,91240.0,-0.014039518844751606,0,0,0
2016-11-18,NI1701,90720.0,-0.005715557436745368,0,0,0
2016-11-21,NI1701,91330.0,0.006701480724145557,0,0,0
2016-11-22,NI1701,93340.0,0.02176941981808193,0,1,1
2016-11-23,NI1701,92970.0,-0.003971880053903041,0,0,0
2016-11-24,NI1701,94550.0,0.016851934636699838,0,1,1
2016-11-25,NI1701,95200.0,0.006851146692853086,0,0,0
2016-11-28,NI1701,97610.0,0.025000005389554013,0,1,1
2016-11-29,NI1701,93210.0,-0.04612493511380802,1,0,-1
2016-11-30,NI1705,91300.0,-0.020704224472142888,1,0,-1
2016-12-01,NI1705,92980.0,0.0182336286615158,0,1,1
2016-12-02,NI1705,92430.0,-0.0059328149857524656,0,0,0
2016-12-05,NI1705,95440.0,0.03204617651297433,0,1,1
2016-12-06,NI1705,95300.0,-0.0014679671295042996,0,0,0
2016-12-07,NI1705,96790.0,0.0155138725008407,0,0,0
2016-12-08,NI1705,95110.0,-0.01750956666670312,1,0,-1
2016-12-09,NI1705,95150.0,0.0004204772478644025,0,0,0
2016-12-12,NI1705,94460.0,-0.007278129274187424,0,0,0
2016-12-13,NI1705,95960.0,0.01575497350352284,0,0,0
2016-12-14,NI1705,96260.0,0.0031214259034694257,0,0,0
2016-12-15,NI1705,96130.0,-0.0013514217972385202,0,0,0
2016-12-16,NI1705,95280.0,-0.008881517030680157,0,0,0
2016-12-19,NI1705,93390.0,-0.020035651925418153,1,0,-1
2016-12-20,NI1705,92510.0,-0.009467526338399217,0,0,0
2016-12-21,NI1705,92660.0,0.0016201332052751187,0,0,0
2016-12-22,NI1705,90120.0,-0.02779476442445863,1,0,-1
2016-12-23,NI1705,90150.0,0.0003328340852826138,0,0,0
2016-12-26,NI1705,84190.0,-0.06839880029975365,1,0,-1
2016-12-27,NI1705,85550.0,0.016024850988629824,0,1,1
2016-12-28,NI1705,85820.0,0.003151079225176089,0,0,0
2016-12-29,NI1705,86350.0,0.006156725029308909,0,0,0
2016-12-30,NI1705,85560.0,-0.009190920378482697,0,0,0
2017-01-03,NI1705,86010.0,0.0052456843491832175,0,0,0
2017-01-04,NI1705,85130.0,-0.010284068667422522,0,0,0
2017-01-05,NI1705,85250.0,0.001408616267660482,0,0,0
2017-01-06,NI1705,84810.0,-0.005174655790017474,0,0,0
2017-01-09,NI1705,86370.0,0.018226932918585504,0,1,1
2017-01-10,NI1705,87130.0,0.008760862951001204,0,0,0
2017-01-11,NI1705,87750.0,0.00709060610277973,0,0,0
2017-01-12,NI1705,85800.0,-0.02247285585205863,1,0,-1
2017-01-13,NI1705,85510.0,-0.003385678326052636,0,0,0
2017-01-16,NI1705,86480.0,0.011279845163088824,0,0,0
2017-01-17,NI1705,85220.0,-0.014677025259186884,0,0,0
2017-01-18,NI1705,85090.0,-0.001526628210299995,0,0,0
2017-01-19,NI1705,84920.0,-0.0019998830264106675,0,0,0
2017-01-20,NI1705,81780.0,-0.03767692189855913,1,0,-1
2017-01-23,NI1705,82750.0,0.01179129932067611,0,0,0
2017-01-24,NI1705,82430.0,-0.003874565932036104,0,0,0
2017-01-25,NI1705,81630.0,-0.009752606861871497,0,0,0
2017-01-26,NI1705,82540.0,0.011086182861171212,0,0,0
2017-02-03,NI1705,84690.0,0.025714506609071965,0,1,1
2017-02-06,NI1705,86160.0,0.017208501914625404,0,1,1
2017-02-07,NI1705,86120.0,-0.0004643603519707994,0,0,0
2017-02-08,NI1705,86810.0,0.007980149907554374,0,0,0
2017-02-09,NI1705,86550.0,-0.002999540781498403,0,0,0
2017-02-10,NI1705,86750.0,0.0023081372047503686,0,0,0
2017-02-13,NI1705,89120.0,0.026953357352005353,0,1,1
2017-02-14,NI1705,90260.0,0.01271061821988121,0,0,0
2017-02-15,NI1705,89810.0,-0.004998066715996729,0,0,0
2017-02-16,NI1705,90400.0,0.006547939715272392,0,0,0
2017-02-17,NI1705,90690.0,0.003202830061345626,0,0,0
2017-02-20,NI1705,91690.0,0.010966224602333093,0,0,0
2017-02-21,NI1705,91510.0,-0.0019650661345226115,0,0,0
2017-02-22,NI1705,89740.0,-0.019531655379449567,1,0,-1
2017-02-23,NI1705,88590.0,-0.012897616123896343,0,0,0
2017-02-24,NI1705,89110.0,0.005852577200687559,0,0,0
2017-02-27,NI1705,90700.0,0.017685795496462473,0,1,1
2017-02-28,NI1705,90690.0,-0.00011025966161454756,0,0,0
2017-03-01,NI1705,91090.0,0.004400931297242033,0,0,0
2017-03-02,NI1705,91150.0,0.0006584723679536624,0,0,0
2017-03-03,NI1705,90800.0,-0.003847215517424413,0,0,0
2017-03-06,NI1705,91040.0,0.0026396847707732454,0,0,0
2017-03-07,NI1705,91140.0,0.0010978154577156488,0,0,0
2017-03-08,NI1705,88100.0,-0.03392425289360271,1,0,-1
2017-03-09,NI1705,84130.0,-0.04610931137941155,1,0,-1
2017-03-10,NI1705,83690.0,-0.005243725517939486,0,0,0
2017-03-13,NI1705,84070.0,0.00453028910242274,0,0,0
2017-03-14,NI1705,83980.0,-0.0010711098911582726,0,0,0
2017-03-15,NI1705,84980.0,0.011837259430618375,0,0,0
2017-03-16,NI1705,85510.0,0.006217393481198478,0,0,0
2017-03-17,NI1705,84460.0,-0.012355278662066416,0,0,0
2017-03-20,NI1705,84450.0,-0.00011840625198846851,0,0,0
2017-03-21,NI1705,84300.0,-0.001777778245999272,0,0,0
2017-03-22,NI1705,82440.0,-0.022311108985551463,1,0,-1
2017-03-23,NI1705,82990.0,0.006649362588098417,0,0,0
2017-03-24,NI1705,82510.0,-0.005800620494104762,0,0,0
2017-03-27,NI1705,80320.0,-0.026900842172832798,1,0,-1
2017-03-28,NI1705,80930.0,0.007565927564191417,0,0,0
2017-03-29,NI1705,82550.0,0.019819586858526556,0,1,1
2017-03-30,NI1705,82320.0,-0.002790078840342794,0,0,0
2017-03-31,NI1705,83070.0,0.00906953432518609,0,0,0
2017-04-05,NI1709,86000.0,0.03466367040252756,0,1,1
2017-04-06,NI1709,86440.0,0.005103235385177466,0,0,0
2017-04-07,NI1709,83970.0,-0.028990939443213397,1,0,-1
2017-04-10,NI1709,85050.0,0.012779726646399021,0,0,0
2017-04-11,NI1709,85230.0,0.0021141656923355564,0,0,0
2017-04-12,NI1709,81620.0,-0.0432791545565466,1,0,-1
2017-04-13,NI1709,81930.0,0.0037908941760636072,0,0,0
2017-04-14,NI1709,80680.0,-0.015374511067712305,0,0,0
2017-04-17,NI1709,80690.0,0.0001239387744042635,0,0,0
2017-04-18,NI1709,80240.0,-0.005592508206735052,0,0,0
2017-04-19,NI1709,79200.0,-0.01304584483329991,0,0,0
2017-04-20,NI1709,79680.0,0.006042314455962662,0,0,0
2017-04-21,NI1709,79540.0,-0.0017585734967982484,0,0,0
2017-04-24,NI1709,78790.0,-0.009473954521947858,0,0,0
2017-04-25,NI1709,77800.0,-0.012644654073250858,0,0,0
2017-04-26,NI1709,77990.0,0.0024391821580608307,0,0,0
2017-04-27,NI1709,77920.0,-0.0008979540081270538,0,0,0
2017-04-28,NI1709,79300.0,0.017555469306522565,0,1,1
2017-05-02,NI1709,80030.0,0.009163435738152466,0,0,0
2017-05-03,NI1709,79380.0,-0.008155117024035447,0,0,0
2017-05-04,NI1709,76270.0,-0.03996677117877209,1,0,-1
2017-05-05,NI1709,74820.0,-0.01919444725614718,1,0,-1
2017-05-08,NI1709,75730.0,0.012089154205731164,0,0,0
2017-05-09,NI1709,76490.0,0.009985630208043416,0,0,0
2017-05-10,NI1709,76400.0,-0.001177317161299886,0,0,0
2017-05-11,NI1709,77130.0,0.00950961377343302,0,0,0
2017-05-12,NI1709,76990.0,-0.0018167666559496338,0,0,0
2017-05-15,NI1709,77340.0,0.004535742889192797,0,0,0
2017-05-16,NI1709,76600.0,-0.009614209432605363,0,0,0
2017-05-17,NI1709,76870.0,0.0035186066144950578,0,0,0
2017-05-18,NI1709,75510.0,-0.017850585545706447,1,0,-1
2017-05-19,NI1709,76020.0,0.006731365745768451,0,0,0
2017-05-22,NI1709,77850.0,0.023787434718904616,0,1,1
2017-05-23,NI1709,77630.0,-0.0028299478624183383,0,0,0
2017-05-24,NI1709,76270.0,-0.017674274241441714,1,0,-1
2017-05-25,NI1709,75920.0,-0.0045995218744748125,0,0,0
2017-05-26,NI1709,75200.0,-0.00952892334587828,0,0,0
2017-05-31,NI1709,72950.0,-0.030376955986999507,1,0,-1
2017-06-01,NI1709,73160.0,0.002874548553870216,0,0,0
2017-06-02,NI1709,72080.0,-0.014872210222582474,0,0,0
2017-06-05,NI1709,73110.0,0.014188543005142128,0,0,0
2017-06-06,NI1709,72980.0,-0.0017797252969229131,0,0,0
2017-06-07,NI1709,73480.0,0.0068278293386234215,0,0,0
2017-06-08,NI1709,73200.0,-0.0038178393796589865,0,0,0
2017-06-09,NI1709,72900.0,-0.004106781952653359,0,0,0
2017-06-12,NI1709,73880.0,0.013353516316426811,0,0,0
2017-06-13,NI1709,72540.0,-0.018304021476282913,1,0,-1
2017-06-14,NI1709,73190.0,0.008920665758379362,0,0,0
2017-06-15,NI1709,73300.0,0.0015018092794700623,0,0,0
2017-06-16,NI1709,73600.0,0.004084416842224855,0,0,0
2017-06-19,NI1709,73900.0,0.004067802219325527,0,0,0
2017-06-20,NI1709,74740.0,0.011302596103181666,0,0,0
2017-06-21,NI1709,74120.0,-0.008330022640178856,0,0,0
2017-06-22,NI1709,73840.0,-0.003784811222562324,0,0,0
2017-06-23,NI1709,75570.0,0.023158788838031772,0,1,1
2017-06-26,NI1709,75340.0,-0.003048176768733469,0,0,0
2017-06-27,NI1709,75270.0,-0.0009295532174544068,0,0,0
2017-06-28,NI1709,75890.0,0.00820327436938074,0,0,0
2017-06-29,NI1709,76790.0,0.011789499926630745,0,0,0
2017-06-30,NI1709,76650.0,-0.001824818024629059,0,0,0
2017-07-03,NI1709,77240.0,0.007667852242490461,0,0,0
2017-07-04,NI1709,75200.0,-0.0267662266045195,1,0,-1
2017-07-05,NI1709,75250.0,0.0006646726731909598,0,0,0
2017-07-06,NI1709,75210.0,-0.0005317027906733809,0,0,0
2017-07-07,NI1709,74650.0,-0.0074736768531123345,0,0,0
2017-07-10,NI1709,73550.0,-0.014845076937752817,0,0,0
2017-07-11,NI1709,74390.0,0.011356077155803574,0,0,0
2017-07-12,NI1709,75800.0,0.018776768445075878,0,1,1
2017-07-13,NI1709,76220.0,0.00552560279738825,0,0,0
2017-07-14,NI1709,76640.0,0.005495238216890862,0,0,0
2017-07-17,NI1709,79150.0,0.032225652664416064,0,1,1
2017-07-18,NI1709,78970.0,-0.0022767528175315663,0,0,0
2017-07-19,NI1709,79780.0,0.010204812967770947,0,0,0
2017-07-20,NI1709,78900.0,-0.011091618625432065,0,0,0
2017-07-21,NI1709,78630.0,-0.003427921848403845,0,0,0
2017-07-24,NI1709,78950.0,0.004061434698226359,0,0,0
2017-07-25,NI1709,81120.0,0.027114799141221908,0,1,1
2017-07-26,NI1709,80920.0,-0.0024685275433282737,0,0,0
2017-07-27,NI1709,81800.0,0.010816231309156694,0,0,0
2017-07-28,NI1709,82380.0,0.007065445399233305,0,0,0
2017-07-31,NI1709,83000.0,0.007497918788663291,0,0,0
2017-08-01,NI1709,81970.0,-0.012487281131658616,0,0,0
2017-08-02,NI1709,82120.0,0.0018282654857935115,0,0,0
2017-08-03,NI1709,82670.0,0.006675187113851508,0,0,0
2017-08-04,NI1709,83610.0,0.011306350897382286,0,0,0
2017-08-07,NI1801,84950.0,0.015899717955974536,0,1,1
2017-08-08,NI1801,84300.0,-0.007680983110131287,0,0,0
2017-08-09,NI1801,88060.0,0.0436365353197979,0,1,1
2017-08-10,NI1801,87940.0,-0.0013636365749436815,0,0,0
2017-08-11,NI1801,86650.0,-0.014777747591048981,0,0,0
2017-08-14,NI1801,86190.0,-0.005322854502307244,0,0,0
2017-08-15,NI1801,85410.0,-0.009090971701251963,0,0,0
2017-08-16,NI1801,85380.0,-0.0003513086282398737,0,0,0
2017-08-17,NI1801,87940.0,0.02954288242284803,0,1,1
2017-08-18,NI1801,88090.0,0.0017042553690402992,0,0,0
2017-08-21,NI1801,91030.0,0.03283010339549303,0,1,1
2017-08-22,NI1801,92480.0,0.015803282406869856,0,0,0
2017-08-23,NI1801,92230.0,-0.002706947676439782,0,0,0
2017-08-24,NI1801,94000.0,0.01900932502237648,0,1,1
2017-08-25,NI1801,94280.0,0.002974295797926462,0,0,0
2017-08-28,NI1801,93520.0,-0.008093760904117344,0,0,0
2017-08-29,NI1801,94070.0,0.00586386882004716,0,0,0
2017-08-30,NI1801,93440.0,-0.006719666903943175,0,0,0
2017-08-31,NI1801,93610.0,0.0018176963037363327,0,0,0
2017-09-01,NI1801,94650.0,0.011048662271678635,0,0,0
2017-09-04,NI1801,96300.0,0.017282441148747968,0,1,1
2017-09-05,NI1801,96730.0,0.004455273390375692,0,0,0
2017-09-06,NI1801,94900.0,-0.019099886578573488,1,0,-1
2017-09-07,NI1801,95410.0,0.005359689147872327,0,0,0
2017-09-08,NI1801,92750.0,-0.028275693276210025,1,0,-1
2017-09-11,NI1801,91230.0,-0.016523911130161557,1,0,-1
2017-09-12,NI1801,92100.0,0.009491152903878173,0,0,0
2017-09-13,NI1801,92370.0,0.0029273073432576255,0,0,0
2017-09-14,NI1801,88400.0,-0.04393028096092094,1,0,-1
2017-09-15,NI1801,87760.0,-0.007266153676622919,0,0,0
2017-09-18,NI1801,88530.0,0.008735661655982822,0,0,0
2017-09-19,NI1801,87400.0,-0.012846194961467956,0,0,0
2017-09-20,NI1801,89920.0,0.028425103483891143,0,1,1
2017-09-21,NI1801,87960.0,-0.02203822045882051,1,0,-1
2017-09-22,NI1801,83810.0,-0.048329833575745565,1,0,-1
2017-09-25,NI1801,84060.0,0.0029784974661558007,0,0,0
2017-09-26,NI1801,84530.0,0.005575671363865608,0,0,0
2017-09-27,NI1801,84980.0,0.005309433745829217,0,0,0
2017-09-28,NI1801,83510.0,-0.017449549521527496,1,0,-1
2017-09-29,NI1801,84800.0,0.015329157632719335,0,0,0
2017-10-09,NI1801,87290.0,0.028940365949400894,0,1,1
2017-10-10,NI1801,87400.0,0.0012593739142314616,0,0,0
2017-10-11,NI1801,87970.0,0.006500564603093463,0,0,0
2017-10-12,NI1801,90420.0,0.027469634601875865,0,1,1
2017-10-13,NI1801,92290.0,0.02047031141102629,0,1,1
2017-10-16,NI1801,93430.0,0.012276699527378962,0,0,0
2017-10-17,NI1801,93400.0,-0.0003211475700673797,0,0,0
2017-10-18,NI1801,94710.0,0.013928246003213034,0,0,0
2017-10-19,NI1801,94290.0,-0.004444451760424018,0,0,0
2017-10-20,NI1801,97650.0,0.03501451784510205,0,1,1
2017-10-23,NI1801,94800.0,-0.029620248061711842,1,0,-1
2017-10-24,NI1801,96390.0,0.01663305253490075,0,1,1
2017-10-25,NI1801,95490.0,-0.0093809318337656,0,0,0
2017-10-26,NI1801,95600.0,0.0011512900952445374,0,0,0
2017-10-27,NI1801,92540.0,-0.03253183657850211,1,0,-1
2017-10-30,NI1801,92630.0,0.0009720797870826489,0,0,0
2017-10-31,NI1801,95210.0,0.02747191503166393,0,1,1
2017-11-01,NI1801,99340.0,0.04246333138160436,0,1,1
2017-11-02,NI1801,101450.0,0.021017756592619407,0,1,1
2017-11-03,NI1801,101320.0,-0.0012822411383492907,0,0,0
2017-11-06,NI1801,103230.0,0.018675683344024127,0,1,1
2017-11-07,NI1801,102930.0,-0.002910362939030618,0,0,0
2017-11-08,NI1801,101130.0,-0.017642327624388977,1,0,-1
2017-11-09,NI1801,99110.0,-0.02017647349546198,1,0,-1
2017-11-10,NI1805,99890.0,0.007839236125441153,0,0,0
2017-11-13,NI1805,100610.0,0.007182075759901034,0,0,0
2017-11-14,NI1805,99610.0,-0.009989095146885067,0,0,0
2017-11-15,NI1805,94650.0,-0.05107668350174246,1,0,-1
2017-11-16,NI1805,94060.0,-0.0062530011384299864,0,0,0
2017-11-17,NI1805,92750.0,-0.014025175029357358,0,0,0
2017-11-20,NI1805,93850.0,0.011790061544973333,0,0,0
2017-11-21,NI1805,94270.0,0.004465242375541047,0,0,0
2017-11-22,NI1805,95010.0,0.007819143810599102,0,0,0
2017-11-23,NI1805,94220.0,-0.008349675946763113,0,0,0
2017-11-24,NI1805,96880.0,0.027840625972941662,0,1,1
2017-11-27,NI1805,94050.0,-0.02964654349779737,1,0,-1
2017-11-28,NI1805,92110.0,-0.02084304074689517,1,0,-1
2017-11-29,NI1805,91710.0,-0.0043520904292913744,0,0,0
2017-11-30,NI1805,91070.0,-0.007002982991125577,0,0,0
2017-12-01,NI1805,90150.0,-0.010153491930400882,0,0,0
2017-12-04,NI1805,92370.0,0.024327300955192484,0,1,1
2017-12-05,NI1805,90450.0,-0.021005038763214506,1,0,-1
2017-12-06,NI1805,88000.0,-0.027460397363097657,1,0,-1
2017-12-07,NI1805,87410.0,-0.006727121885809914,0,0,0
2017-12-08,NI1805,89120.0,0.01937408358657728,0,1,1
2017-12-11,NI1805,87850.0,-0.014352961545867638,0,0,0
2017-12-12,NI1805,89610.0,0.019836106263021895,0,1,1
2017-12-13,NI1805,89820.0,0.00234074676346389,0,0,0
2017-12-14,NI1805,89210.0,-0.006814526733899942,0,0,0
2017-12-15,NI1805,90110.0,0.010038005321253825,0,0,0
2017-12-18,NI1805,93740.0,0.03949384624761405,0,1,1
2017-12-19,NI1805,94650.0,0.009660885160771848,0,0,0
2017-12-20,NI1805,95130.0,0.005058499563033739,0,0,0
2017-12-21,NI1805,95740.0,0.0063918067459973115,0,0,0
2017-12-22,NI1805,95890.0,0.0015655172012268642,0,0,0
2017-12-25,NI1805,95060.0,-0.008693429979726447,0,0,0
2017-12-26,NI1805,95630.0,0.005978307175587973,0,0,0
2017-12-27,NI1805,94590.0,-0.010934816136372207,0,0,0
2017-12-28,NI1805,96810.0,0.02319853250690104,0,1,1
2017-12-29,NI1805,96870.0,0.0006195787063133173,0,0,0
2018-01-02,NI1805,99170.0,0.023465675759740113,0,1,1
2018-01-03,NI1805,98620.0,-0.005561468402053634,0,0,0
2018-01-04,NI1805,99180.0,0.0056623002650076975,0,0,0
2018-01-05,NI1805,98580.0,-0.006067979783756056,0,0,0
2018-01-08,NI1805,98490.0,-0.000913381095620723,0,0,0
2018-01-09,NI1805,99380.0,0.00899586599256363,0,0,0
2018-01-10,NI1805,100420.0,0.01041050443238482,0,0,0
2018-01-11,NI1805,101430.0,0.01000751478134497,0,0,0
2018-01-12,NI1805,99570.0,-0.018507990987911362,1,0,-1
2018-01-15,NI1805,100210.0,0.006407069670244618,0,0,0
2018-01-16,NI1805,97810.0,-0.024241162767835934,1,0,-1
2018-01-17,NI1805,96950.0,-0.008831439613740775,0,0,0
2018-01-18,NI1805,96780.0,-0.0017550203234882945,0,0,0
2018-01-19,NI1805,96830.0,0.0005165022582673569,0,0,0
2018-01-22,NI1805,98540.0,0.017505693492377284,0,1,1
2018-01-23,NI1805,99720.0,0.011903701539540132,0,0,0
2018-01-24,NI1805,98640.0,-0.01088939979926832,0,0,0
2018-01-25,NI1805,104740.0,0.060004229995252845,0,1,1
2018-01-26,NI1805,104360.0,-0.0036346285828139295,0,0,0
2018-01-29,NI1805,105920.0,0.014837631920170416,0,0,0
2018-01-30,NI1805,103780.0,-0.020410818249104526,1,0,-1
2018-01-31,NI1805,102620.0,-0.011240428425774785,0,0,0
2018-02-01,NI1805,102090.0,-0.005178068332894732,0,0,0
2018-02-02,NI1805,104530.0,0.023619334363691697,0,1,1
2018-02-05,NI1805,102190.0,-0.02264028592049803,1,0,-1
2018-02-06,NI1805,101260.0,-0.0091423590823546,0,0,0
2018-02-07,NI1805,102260.0,0.009827123110090171,0,0,0
2018-02-08,NI1805,100470.0,-0.017659414177630266,1,0,-1
2018-02-09,NI1805,98770.0,-0.017065260554186983,1,0,-1
2018-02-12,NI1805,99820.0,0.010574649121427322,0,0,0
2018-02-13,NI1805,100870.0,0.010463995025280937,0,0,0
2018-02-14,NI1805,103490.0,0.025642430613337652,0,1,1
2018-02-22,NI1805,102840.0,-0.006300607282392924,0,0,0
2018-02-23,NI1805,104950.0,0.020309663868953304,0,1,1
2018-02-26,NI1805,105470.0,0.00494250602188076,0,0,0
2018-02-27,NI1805,106000.0,0.0050125418235441935,0,0,0
2018-02-28,NI1805,105010.0,-0.009383510394165158,0,0,0
2018-03-01,NI1805,104780.0,-0.002192669737828378,0,0,0
2018-03-02,NI1805,102180.0,-0.02512695007742176,1,0,-1
2018-03-05,NI1805,101440.0,-0.007268473213736104,0,0,0
2018-03-06,NI1805,102410.0,0.009516873398430476,0,0,0
2018-03-07,NI1807,102540.0,0.001268602268208199,0,0,0
2018-03-08,NI1807,101250.0,-0.012660260368905987,0,0,0
2018-03-09,NI1807,100820.0,-0.004255957332163693,0,0,0
2018-03-12,NI1807,104110.0,0.03211128383217673,0,1,1
2018-03-13,NI1807,103910.0,-0.0019228926221062208,0,0,0
2018-03-14,NI1807,104850.0,0.009005617483373671,0,0,0
2018-03-15,NI1807,103820.0,-0.009872126948845969,0,0,0
2018-03-16,NI1807,103710.0,-0.0010600877974400555,0,0,0
2018-03-19,NI1807,102170.0,-0.014960449998310614,0,0,0
2018-03-20,NI1807,102750.0,0.00566076077301173,0,0,0
2018-03-21,NI1807,101480.0,-0.012437118645262884,0,0,0
2018-03-22,NI1807,101780.0,0.0029518864296055004,0,0,0
2018-03-23,NI1807,98520.0,-0.03255404790834948,1,0,-1
2018-03-26,NI1807,96360.0,-0.022168395505666537,1,0,-1
2018-03-27,NI1807,97680.0,0.013605652055778678,0,0,0
2018-03-28,NI1807,96600.0,-0.011118088583976936,0,0,0
2018-03-29,NI1807,98810.0,0.02262007298839918,0,1,1
2018-03-30,NI1807,99800.0,0.009969369110546899,0,0,0
2018-04-02,NI1807,100470.0,0.006690992156804665,0,0,0
2018-04-03,NI1807,100790.0,0.003179968892563694,0,0,0
2018-04-04,NI1807,100350.0,-0.004375069124439373,0,0,0
2018-04-09,NI1807,99630.0,-0.007200751185582209,0,0,0
2018-04-10,NI1807,100930.0,0.012963883194003276,0,0,0
2018-04-11,NI1807,101670.0,0.007305067036301609,0,0,0
2018-04-12,NI1807,102150.0,0.004710046976561326,0,0,0
2018-04-13,NI1807,103760.0,0.015638218744557338,0,0,0
2018-04-16,NI1807,104350.0,0.005670093515021207,0,0,0
2018-04-17,NI1807,103800.0,-0.005284662791421486,0,0,0
2018-04-18,NI1807,104750.0,0.009110588070458876,0,0,0
2018-04-19,NI1807,108120.0,0.03166516260599967,0,1,1
2018-04-20,NI1807,104260.0,-0.036353942068287,1,0,-1
2018-04-23,NI1807,104930.0,0.006405681829859783,0,0,0
2018-04-24,NI1807,103330.0,-0.015365710943556097,0,0,0
2018-04-25,NI1807,103300.0,-0.0002903741006706504,0,0,0
2018-04-26,NI1807,103350.0,0.00048391000218447774,0,0,0
2018-04-27,NI1807,104740.0,0.013359802723564419,0,0,0
2018-05-02,NI1807,105100.0,0.0034311890315638313,0,0,0
2018-05-03,NI1807,104760.0,-0.0032402582433943114,0,0,0
2018-05-04,NI1807,103910.0,-0.008146879774955838,0,0,0
2018-05-07,NI1807,104560.0,0.006235929451411193,0,0,0
2018-05-08,NI1807,105160.0,0.005721930545713855,0,0,0
2018-05-09,NI1807,103900.0,-0.012054101756498736,0,0,0
2018-05-10,NI1807,103770.0,-0.00125198648799463,0,0,0
2018-05-11,NI1807,103920.0,0.001444460745157119,0,0,0
2018-05-14,NI1807,106490.0,0.024429711664948315,0,1,1
2018-05-15,NI1807,107150.0,0.006178637892293616,0,0,0
2018-05-16,NI1807,107740.0,0.0054911953328015805,0,0,0
2018-05-17,NI1807,107820.0,0.000742252771134966,0,0,0
2018-05-18,NI1807,110240.0,0.02219663724182585,0,1,1
2018-05-21,NI1807,108850.0,-0.012689019584792042,0,0,0
2018-05-22,NI1807,108250.0,-0.0055274207979571785,0,0,0
2018-05-23,NI1807,108440.0,0.001753657747865546,0,0,0
2018-05-24,NI1807,108190.0,-0.002308083930982761,0,0,0
2018-05-25,NI1807,109880.0,0.01549992052759105,0,0,0
2018-05-28,NI1807,110520.0,0.005807638828142609,0,0,0
2018-05-29,NI1807,112880.0,0.021128807489342784,0,1,1
2018-05-30,NI1807,111650.0,-0.010956329258391719,0,0,0
2018-05-31,NI1807,114820.0,0.027996706453323836,0,1,1
2018-06-01,NI1807,116110.0,0.011172332899423966,0,0,0
2018-06-04,NI1807,116830.0,0.00618186909014229,0,0,0
2018-06-05,NI1807,116600.0,-0.0019706128126649944,0,0,0
2018-06-06,NI1809,118470.0,0.015910490050275786,0,1,1
2018-06-07,NI1809,118020.0,-0.0038056623376450205,0,0,0
2018-06-08,NI1809,114900.0,-0.0267919167743127,1,0,-1
2018-06-11,NI1809,115780.0,0.007629653796148631,0,0,0
2018-06-12,NI1809,115170.0,-0.005282540970042562,0,0,0
2018-06-13,NI1809,114720.0,-0.003914920829505846,0,0,0
2018-06-14,NI1809,115250.0,0.00460930502544777,0,0,0
2018-06-15,NI1809,115770.0,0.004501782340879214,0,0,0
2018-06-19,NI1809,113040.0,-0.02386372584136504,1,0,-1
2018-06-20,NI1809,113750.0,0.0062613194547877305,0,0,0
2018-06-21,NI1809,115150.0,0.012232568435634451,0,0,0
2018-06-22,NI1809,117000.0,0.01593830853106201,0,1,1
2018-06-25,NI1809,116670.0,-0.0028244979619904543,0,0,0
2018-06-26,NI1809,114360.0,-0.019998069381654607,1,0,-1
2018-06-27,NI1809,114550.0,0.0016600414453935173,0,0,0
2018-06-28,NI1809,116220.0,0.014473537747455066,0,0,0
2018-06-29,NI1809,117680.0,0.012484129646222638,0,0,0
2018-07-02,NI1809,115330.0,-0.02017149205533468,1,0,-1
2018-07-03,NI1809,116090.0,0.006568168112097169,0,0,0
2018-07-04,NI1809,112660.0,-0.029991318883376476,1,0,-1
2018-07-05,NI1809,111780.0,-0.007841779625015779,0,0,0
2018-07-06,NI1809,110980.0,-0.007182648943796863,0,0,0
2018-07-09,NI1809,111830.0,0.007629856142341825,0,0,0
2018-07-10,NI1809,111990.0,0.001429720554505293,0,0,0
2018-07-11,NI1809,109370.0,-0.023672952247467745,1,0,-1
2018-07-12,NI1809,114000.0,0.041461819047361105,0,1,1
2018-07-13,NI1809,112440.0,-0.013778702356164284,0,0,0
2018-07-16,NI1809,110210.0,-0.020032109334880532,1,0,-1
2018-07-17,NI1809,109140.0,-0.009756174945364685,0,0,0
2018-07-18,NI1809,108910.0,-0.0021096086704908068,0,0,0
2018-07-19,NI1809,109050.0,0.0012846395600429766,0,0,0
2018-07-20,NI1809,109880.0,0.007582368579435108,0,0,0
2018-07-23,NI1809,110330.0,0.0040870135451415305,0,0,0
2018-07-24,NI1809,109560.0,-0.0070035303773373445,0,0,0
2018-07-25,NI1809,110920.0,0.012336876352699892,0,0,0
2018-07-26,NI1809,111320.0,0.0035997159101126756,0,0,0
2018-07-27,NI1809,112210.0,0.007963179019084766,0,0,0
2018-07-30,NI1809,111680.0,-0.004734476662712594,0,0,0
2018-07-31,NI1809,113010.0,0.011838671357997143,0,0,0
2018-08-01,NI1811,113050.0,0.000353888351919558,0,0,0
2018-08-02,NI1811,110400.0,-0.023720064880983886,1,0,-1
2018-08-03,NI1811,109110.0,-0.01175358617598758,0,0,0
2018-08-06,NI1811,110600.0,0.013563541421227107,0,0,0
2018-08-07,NI1811,112630.0,0.018188020971370816,0,1,1
2018-08-08,NI1811,114110.0,0.01305478538698309,0,0,0
2018-08-09,NI1811,114450.0,0.002975150951987314,0,0,0
2018-08-10,NI1811,113260.0,-0.010451985712916787,0,0,0
2018-08-13,NI1811,114270.0,0.008878008472963474,0,0,0
2018-08-14,NI1811,111980.0,-0.020243785237875164,1,0,-1
2018-08-15,NI1811,110000.0,-0.017839918128331005,1,0,-1
2018-08-16,NI1811,109150.0,-0.007757282796463293,0,0,0
2018-08-17,NI1811,110090.0,0.008575130086358854,0,0,0
2018-08-20,NI1811,112110.0,0.01818231908319033,0,1,1
2018-08-21,NI1811,112830.0,0.006401728984852555,0,0,0
2018-08-22,NI1811,111060.0,-0.01581166533689353,0,0,0
2018-08-23,NI1811,109380.0,-0.015242537894834492,0,0,0
2018-08-24,NI1811,110100.0,0.006560985810007635,0,0,0
2018-08-27,NI1811,108760.0,-0.012245423964364273,0,0,0
2018-08-28,NI1811,109400.0,0.005867270223610767,0,0,0
2018-08-29,NI1811,109890.0,0.004468975470951825,0,0,0
2018-08-30,NI1811,110260.0,0.0033613477027049274,0,0,0
2018-08-31,NI1811,107600.0,-0.02442056543385345,1,0,-1
2018-09-03,NI1811,105130.0,-0.02322296813994452,1,0,-1
2018-09-04,NI1811,103250.0,-0.01804444774659738,1,0,-1
2018-09-05,NI1811,102330.0,-0.00895034674247807,0,0,0
2018-09-06,NI1811,102760.0,0.004193287143018771,0,0,0
2018-09-07,NI1811,101100.0,-0.016286046215257106,1,0,-1
2018-09-10,NI1811,101860.0,0.00748919543003285,0,0,0
2018-09-11,NI1811,102450.0,0.00577555322845017,0,0,0
2018-09-12,NI1811,101930.0,-0.0050885715045873876,0,0,0
2018-09-13,NI1811,103890.0,0.019046343902118946,0,1,1
2018-09-14,NI1811,103820.0,-0.0006740166833572783,0,0,0
2018-09-17,NI1811,102090.0,-0.016803853218158884,1,0,-1
2018-09-18,NI1811,102040.0,-0.0004898839073134598,0,0,0
2018-09-19,NI1811,103340.0,0.012659629585427858,0,0,0
2018-09-20,NI1811,102910.0,-0.00416970301103823,0,0,0
2018-09-21,NI1811,104870.0,0.01886666799831343,0,1,1
2018-09-25,NI1811,105390.0,0.004946267099531586,0,0,0
2018-09-26,NI1811,105710.0,0.0030317408347264076,0,0,0
2018-09-27,NI1811,104130.0,-0.015059377238767109,0,0,0
2018-09-28,NI1811,104550.0,0.004025307332837969,0,0,0
2018-10-08,NI1811,103230.0,-0.012705917397143829,0,0,0
2018-10-09,NI1811,105470.0,0.021467043811024097,0,1,1
2018-10-10,NI1811,106210.0,0.006991714044925312,0,0,0
2018-10-11,NI1811,103360.0,-0.027200226299156485,1,0,-1
2018-10-12,NI1811,105670.0,0.0221029904186477,0,1,1
2018-10-15,NI1901,104200.0,-0.014008901133672922,0,0,0
2018-10-16,NI1901,102370.0,-0.017718428387587127,1,0,-1
2018-10-17,NI1901,103140.0,0.007493587691133453,0,0,0
2018-10-18,NI1901,101140.0,-0.01958159297097588,1,0,-1
2018-10-19,NI1901,103440.0,0.022486038811765113,0,1,1
2018-10-22,NI1901,104220.0,0.007512315017466559,0,0,0
2018-10-23,NI1901,102720.0,-0.014497209539417525,0,0,0
2018-10-24,NI1901,103230.0,0.004952668535847707,0,0,0
2018-10-25,NI1901,102040.0,-0.011594615203888112,0,0,0
2018-10-26,NI1901,99310.0,-0.027118622358343444,1,0,-1
2018-10-29,NI1901,98210.0,-0.011138227745584301,0,0,0
2018-10-30,NI1901,98390.0,0.0018311297079911873,0,0,0
2018-10-31,NI1901,97760.0,-0.0064236774543889215,0,0,0
2018-11-01,NI1901,96730.0,-0.010591903228829597,0,0,0
2018-11-02,NI1901,98680.0,0.019958699466700383,0,1,1
2018-11-05,NI1901,97340.0,-0.01367228725584767,0,0,0
2018-11-06,NI1901,98450.0,0.011338800679826204,0,0,0
2018-11-07,NI1901,97120.0,-0.013601477773946446,0,0,0
2018-11-08,NI1901,97160.0,0.00041177682278355394,0,0,0
2018-11-09,NI1901,96310.0,-0.008786948561198852,0,0,0
2018-11-12,NI1901,94650.0,-0.017386277917441063,1,0,-1
2018-11-13,NI1901,95180.0,0.005583958037632549,0,0,0
2018-11-14,NI1901,93920.0,-0.013326479613178115,0,0,0
2018-11-15,NI1901,95250.0,0.014061657927023977,0,0,0
2018-11-16,NI1901,94080.0,-0.012359529856493502,0,0,0
2018-11-19,NI1901,93200.0,-0.009397762458771273,0,0,0
2018-11-20,NI1901,93310.0,0.0011795615543850804,0,0,0
2018-11-21,NI1901,91850.0,-0.01577047158479592,0,0,0
2018-11-22,NI1901,90360.0,-0.01635512006133214,1,0,-1
2018-11-23,NI1901,88490.0,-0.02091214032054365,1,0,-1
2018-11-26,NI1901,89290.0,0.008999948249866172,0,0,0
2018-11-27,NI1901,88690.0,-0.006742356140764117,0,0,0
2018-11-28,NI1901,89560.0,0.00976164834219303,0,0,0
2018-11-29,NI1901,89920.0,0.004011594414826839,0,0,0
2018-11-30,NI1901,91330.0,0.01555893455820669,0,0,0
2018-12-03,NI1901,91800.0,0.005132976922857257,0,0,0
2018-12-04,NI1901,92020.0,0.0023936471008778235,0,0,0
2018-12-05,NI1901,90930.0,-0.011915964989501118,0,0,0
2018-12-06,NI1901,90600.0,-0.0036357666888878577,0,0,0
2018-12-07,NI1901,89710.0,-0.009871967477741448,0,0,0
2018-12-10,NI1905,89310.0,-0.004468781875397458,0,0,0
2018-12-11,NI1905,88830.0,-0.005389032914185105,0,0,0
2018-12-12,NI1905,88880.0,0.0005627145497650054,0,0,0
2018-12-13,NI1905,89460.0,0.006504452673327581,0,0,0
2018-12-14,NI1905,89060.0,-0.004481298111145749,0,0,0
2018-12-17,NI1905,90920.0,0.02066969909078624,0,1,1
2018-12-18,NI1905,90610.0,-0.0034154167503731834,0,0,0
2018-12-19,NI1905,89380.0,-0.013667638728663757,0,0,0
2018-12-20,NI1905,90080.0,0.007801220886074893,0,0,0
2018-12-21,NI1905,89750.0,-0.0036701370229920076,0,0,0
2018-12-24,NI1905,90300.0,0.006109433054551522,0,0,0
2018-12-25,NI1905,88880.0,-0.015850315091565204,0,0,0
2018-12-26,NI1905,87870.0,-0.011428695823622744,0,0,0
2018-12-27,NI1905,87960.0,0.0010237161788086264,0,0,0
2018-12-28,NI1905,88070.0,0.0012497871308075898,0,0,0
2019-01-02,NI1905,86280.0,-0.020534131296412468,1,0,-1
2019-01-03,NI1905,88370.0,0.0239347240089574,0,1,1
2019-01-04,NI1905,89950.0,0.01772141486662906,0,1,1
2019-01-07,NI1905,90830.0,0.00973566711758004,0,0,0
2019-01-08,NI1905,90830.0,0.0,0,0,0
2019-01-09,NI1905,91340.0,0.005599180242730778,0,0,0
2019-01-10,NI1905,91560.0,0.002405687327512972,0,0,0
2019-01-11,NI1905,91720.0,0.0017459629053378492,0,0,0
2019-01-14,NI1905,91700.0,-0.00021807872728455503,0,0,0
2019-01-15,NI1905,92070.0,0.004026778037335323,0,0,0
2019-01-16,NI1905,93230.0,0.01252040100884774,0,0,0
2019-01-17,NI1905,92820.0,-0.004407424495572553,0,0,0
2019-01-18,NI1905,94080.0,0.013483350337286988,0,0,0
2019-01-21,NI1905,94980.0,0.009520858970659036,0,0,0
2019-01-22,NI1905,94040.0,-0.009946119449107024,0,0,0
2019-01-23,NI1905,93670.0,-0.003942256450829534,0,0,0
2019-01-24,NI1905,93590.0,-0.000854427051874102,0,0,0
2019-01-25,NI1905,94850.0,0.013373156211858127,0,0,0
2019-01-28,NI1905,95050.0,0.0021063725534149593,0,0,0
2019-01-29,NI1905,95180.0,0.0013667667585263049,0,0,0
2019-01-30,NI1905,97480.0,0.02387739306404117,0,1,1
2019-01-31,NI1905,97830.0,0.003584049712332083,0,0,0
2019-02-01,NI1905,99450.0,0.016423726830643783,0,1,1
2019-02-11,NI1905,100350.0,0.00900906994236591,0,0,0
2019-02-12,NI1905,99180.0,-0.011727694181359303,0,0,0
2019-02-13,NI1905,98350.0,-0.008403836225919736,0,0,0
2019-02-14,NI1905,98890.0,0.005475576446831286,0,0,0
2019-02-15,NI1905,96650.0,-0.02291191562755956,1,0,-1
2019-02-18,NI1905,98390.0,0.017842967223334175,0,1,1
2019-02-19,NI1905,99160.0,0.007795534289315695,0,0,0
2019-02-20,NI1905,100710.0,0.015510392493063406,0,0,0
2019-02-21,NI1905,100980.0,0.0026773777707163942,0,0,0
2019-02-22,NI1905,102700.0,0.016889639503742934,0,1,1
2019-02-25,NI1905,102810.0,0.0010705076201145294,0,0,0
2019-02-26,NI1905,101900.0,-0.008890684325948073,0,0,0
2019-02-27,NI1905,101190.0,-0.006992002487010564,0,0,0
2019-02-28,NI1905,102690.0,0.014714803468535051,0,0,0
2019-03-01,NI1905,104740.0,0.019766347641138035,0,1,1
2019-03-04,NI1905,104910.0,0.0016217508920524498,0,0,0
2019-03-05,NI1905,105670.0,0.007218190709545346,0,0,0
2019-03-06,NI1905,106040.0,0.00349535096788544,0,0,0
2019-03-07,NI1905,104110.0,-0.018368348934163274,1,0,-1
2019-03-08,NI1905,102100.0,-0.019495307316041707,1,0,-1
2019-03-11,NI1905,102250.0,0.0014680697522911604,0,0,0
2019-03-12,NI1905,102530.0,0.0027346437590888345,0,0,0
2019-03-13,NI1905,101000.0,-0.015034921840740416,0,0,0
2019-03-14,NI1905,101490.0,0.004839754619467352,0,0,0
2019-03-15,NI1905,100540.0,-0.009404613196297594,0,0,0
2019-03-18,NI1905,100060.0,-0.00478565220437019,0,0,0
2019-03-19,NI1905,102290.0,0.022041910408857095,0,1,1
2019-03-20,NI1905,102680.0,0.0038054395340236845,0,0,0
2019-03-21,NI1905,102240.0,-0.004294365373715034,0,0,0
2019-03-22,NI1905,100500.0,-0.017165263130094227,1,0,-1
2019-03-25,NI1905,99200.0,-0.013019713208303318,0,0,0
2019-03-26,NI1905,99740.0,0.005428785827149313,0,0,0
2019-03-27,NI1905,100930.0,0.01186040713279158,0,0,0
2019-03-28,NI1905,100180.0,-0.007458639321297367,0,0,0
2019-03-29,NI1905,100600.0,0.004183689736168062,0,0,0
2019-04-01,NI1905,103130.0,0.024838070662338802,0,1,1
2019-04-02,NI1905,102230.0,-0.008765151559054923,0,0,0
2019-04-03,NI1905,103770.0,0.014951734848264297,0,0,0
2019-04-04,NI1905,102850.0,-0.008905295518220814,0,0,0
2019-04-08,NI1906,102800.0,-0.00048626307790143364,0,0,0
2019-04-09,NI1906,103240.0,0.004271021829348368,0,0,0
2019-04-10,NI1906,103310.0,0.000677802010941025,0,0,0
2019-04-11,NI1906,102660.0,-0.006311619729196987,0,0,0
2019-04-12,NI1906,100800.0,-0.01828420149488892,1,0,-1
2019-04-15,NI1906,101080.0,0.0027739268827252244,0,0,0
2019-04-16,NI1906,102270.0,0.011704092297927998,0,0,0
2019-04-17,NI1906,100990.0,-0.012594872779455922,0,0,0
2019-04-18,NI1906,98840.0,-0.02151912091805619,1,0,-1
2019-04-19,NI1906,99230.0,0.003938006805740756,0,0,0
2019-04-22,NI1906,98550.0,-0.006876354327420986,0,0,0
2019-04-23,NI1906,98440.0,-0.0011168080758740615,0,0,0
2019-04-24,NI1906,97590.0,-0.008672196369485382,0,0,0
2019-04-25,NI1906,97700.0,0.0011265298953673085,0,0,0
2019-04-26,NI1906,97770.0,0.0007162224688427335,0,0,0
2019-04-29,NI1906,98460.0,0.00703259281247457,0,0,0
2019-04-30,NI1906,97810.0,-0.0066235530276530135,0,0,0
2019-05-06,NI1906,95610.0,-0.02274940420504683,1,0,-1
2019-05-07,NI1906,96470.0,0.008954662085107479,0,0,0
2019-05-08,NI1906,96320.0,-0.001556097621951338,0,0,0
2019-05-09,NI1906,95130.0,-0.012431604342145224,0,0,0
2019-05-10,NI1906,96690.0,0.016265607277090578,0,1,1
2019-05-13,NI1906,96530.0,-0.0016561436349324726,0,0,0
2019-05-14,NI1906,95750.0,-0.008113212799768395,0,0,0
2019-05-15,NI1907,97230.0,0.01533867776081031,0,0,0
2019-05-16,NI1907,97850.0,0.006356388020519467,0,0,0
2019-05-17,NI1907,97880.0,0.00030654473238568987,0,0,0
2019-05-20,NI1907,97330.0,-0.0056349721360686765,0,0,0
2019-05-21,NI1907,98100.0,0.007880100132915084,0,0,0
2019-05-22,NI1907,97510.0,-0.006032429724289728,0,0,0
2019-05-23,NI1907,96640.0,-0.00896220266052284,0,0,0
2019-05-24,NI1907,99990.0,0.034077446801253096,0,1,1
2019-05-27,NI1907,100660.0,0.006678320360455923,0,0,0
2019-05-28,NI1907,100340.0,-0.003184082292107031,0,0,0
2019-05-29,NI1907,98680.0,-0.016682127394950914,1,0,-1
2019-05-30,NI1907,98190.0,-0.00497791447995715,0,0,0
2019-05-31,NI1907,98270.0,0.0008144151931365547,0,0,0
2019-06-03,NI1907,97020.0,-0.012801649557265038,0,0,0
2019-06-04,NI1907,96710.0,-0.003200333088198644,0,0,0
2019-06-05,NI1907,96350.0,-0.003729414868496462,0,0,0
2019-06-06,NI1907,95700.0,-0.006769096401466818,0,0,0
2019-06-10,NI1907,96230.0,0.005522860909400941,0,0,0
2019-06-11,NI1907,97250.0,0.010543823130246106,0,0,0
2019-06-12,NI1907,97390.0,0.0014385534745521898,0,0,0
2019-06-13,NI1907,99950.0,0.025946524973301105,0,1,1
2019-06-14,NI1907,100060.0,0.001099945113649902,0,0,0
2019-06-17,NI1907,99430.0,-0.0063161270680768145,0,0,0
2019-06-18,NI1907,98930.0,-0.005041349656851032,0,0,0
2019-06-19,NI1908,99060.0,0.0013131978249603929,0,0,0
2019-06-20,NI1908,99880.0,0.008243738251480892,0,0,0
2019-06-21,NI1908,98310.0,-0.015843714032739556,0,0,0
2019-06-24,NI1908,98670.0,0.0036551974902423196,0,0,0
2019-06-25,NI1908,99630.0,0.009682375187689492,0,0,0
2019-06-26,NI1908,100070.0,0.0044066170455997755,0,0,0
2019-06-27,NI1908,101310.0,0.012315181963221398,0,0,0
2019-06-28,NI1908,101490.0,0.0017751483951408391,0,0,0
2019-07-01,NI1908,99670.0,-0.01809554248136194,1,0,-1
2019-07-02,NI1908,97510.0,-0.0219097921323372,1,0,-1
2019-07-03,NI1908,97270.0,-0.0024643199656787093,0,0,0
2019-07-04,NI1908,97820.0,0.005638438229862172,0,0,0
2019-07-05,NI1908,98030.0,0.002144499162423679,0,0,0
2019-07-08,NI1908,100330.0,0.02319119866388672,0,1,1
2019-07-09,NI1908,99940.0,-0.003894747021462402,0,0,0
2019-07-10,NI1908,102010.0,0.020500841778368535,0,1,1
2019-07-11,NI1908,103560.0,0.01508030718890945,0,0,0
2019-07-12,NI1908,103840.0,0.0027000980724430565,0,0,0
2019-07-15,NI1908,105930.0,0.01992724565262476,0,1,1
2019-07-16,NI1908,109460.0,0.03278068710736737,0,1,1
2019-07-17,NI1908,111040.0,0.014331311042722308,0,0,0
2019-07-18,NI1908,116860.0,0.05108614036779654,0,1,1
2019-07-19,NI1908,118070.0,0.01030103179272736,0,0,0
2019-07-22,NI1910,113490.0,-0.03956294160597074,1,0,-1
2019-07-23,NI1910,112980.0,-0.004503915415931513,0,0,0
2019-07-24,NI1910,112320.0,-0.0058588716196150414,0,0,0
2019-07-25,NI1910,110040.0,-0.020508004221127238,1,0,-1
2019-07-26,NI1910,111240.0,0.010846093309390384,0,0,0
2019-07-29,NI1910,109450.0,-0.01622220539689212,1,0,-1
2019-07-30,NI1910,112570.0,0.02810742639784065,0,1,1
2019-07-31,NI1910,112260.0,-0.002757640852659434,0,0,0
2019-08-01,NI1910,112590.0,0.0029352923009858924,0,0,0
2019-08-02,NI1910,114660.0,0.01821832566519755,0,1,1
2019-08-05,NI1910,118010.0,0.028798139157420754,0,1,1
2019-08-06,NI1910,118600.0,0.004987119925967808,0,0,0
2019-08-07,NI1910,116500.0,-0.017865213557869845,1,0,-1
2019-08-08,NI1910,124890.0,0.06954207686923854,0,1,1
2019-08-09,NI1910,126290.0,0.011147499783084852,0,0,0
2019-08-12,NI1910,120980.0,-0.042955606979310494,1,0,-1
2019-08-13,NI1910,124370.0,0.027635750986881414,0,1,1
2019-08-14,NI1910,124210.0,-0.0012873121095472488,0,0,0
2019-08-15,NI1910,123700.0,-0.0041144021576601545,0,0,0
2019-08-16,NI1910,126010.0,0.018501989483159523,0,1,1
2019-08-19,NI1910,125910.0,-0.0007939028679925839,0,0,0
2019-08-20,NI1910,123390.0,-0.020217295103166773,1,0,-1
2019-08-21,NI1910,123840.0,0.0036403389309746727,0,0,0
2019-08-22,NI1910,122930.0,-0.007375322162167323,0,0,0
2019-08-23,NI1910,123930.0,0.008101802397533102,0,0,0
2019-08-26,NI1910,124110.0,0.0014513790646469855,0,0,0
2019-08-27,NI1910,125580.0,0.011774736544533537,0,0,0
2019-08-28,NI1911,125870.0,0.002306622617450313,0,0,0
2019-08-29,NI1911,127340.0,0.011611046285465613,0,0,0
2019-08-30,NI1911,130750.0,0.026426428356153102,0,1,1
2019-09-02,NI1911,136960.0,0.04640180944839961,0,1,1
2019-09-03,NI1911,146720.0,0.06883709611472266,0,1,1
2019-09-04,NI1911,146850.0,0.0008856491364742669,0,0,0
2019-09-05,NI1911,142880.0,-0.02740654051644012,1,0,-1
2019-09-06,NI1911,138590.0,-0.03048518304747783,1,0,-1
2019-09-09,NI1911,141470.0,0.020567746390131928,0,1,1
2019-09-10,NI1911,144090.0,0.01835042387399986,0,1,1
2019-09-11,NI1911,144000.0,-0.0006248047688420847,0,0,0
2019-09-12,NI1911,144730.0,0.005056638073512487,0,0,0
2019-09-16,NI1911,137500.0,-0.05124602054288717,1,0,-1
2019-09-17,NI1911,135110.0,-0.017534655634758235,1,0,-1
2019-09-18,NI1911,136520.0,0.01038186256663861,0,0,0
2019-09-19,NI1911,136420.0,-0.0007327618119330059,0,0,0
2019-09-20,NI1911,138370.0,0.014192894454719752,0,0,0
2019-09-23,NI1911,138810.0,0.0031748349057249253,0,0,0
2019-09-24,NI1911,138590.0,-0.001586157506306739,0,0,0
2019-09-25,NI1911,136080.0,-0.01827698599310476,1,0,-1
2019-09-26,NI1911,136580.0,0.0036675754453368713,0,0,0
2019-09-27,NI1911,137970.0,0.01012574668699892,0,0,0
2019-09-30,NI1911,137480.0,-0.003557818238309061,0,0,0
2019-10-08,NI1911,136970.0,-0.0037165282349033288,0,0,0
2019-10-09,NI1911,136820.0,-0.0010957304138778706,0,0,0
2019-10-10,NI1911,137510.0,0.0050304484020014945,0,0,0
2019-10-11,NI1911,137640.0,0.0009449391944261678,0,0,0
2019-10-14,NI1912,135770.0,-0.013679303317089725,0,0,0
2019-10-15,NI1912,131920.0,-0.02876659936084637,1,0,-1
2019-10-16,NI1912,132500.0,0.004386967174933421,0,0,0
2019-10-17,NI1912,128750.0,-0.028710105882431367,1,0,-1
2019-10-18,NI1912,129300.0,0.00426274623396624,0,0,0
2019-10-21,NI1912,126390.0,-0.022762921118776976,1,0,-1
2019-10-22,NI1912,125690.0,-0.005553806722288756,0,0,0
2019-10-23,NI1912,129970.0,0.033485096656751,0,1,1
2019-10-24,NI1912,133080.0,0.023646796556779003,0,1,1
2019-10-25,NI1912,133340.0,0.0019518060396379862,0,0,0
2019-10-28,NI1912,132080.0,-0.009494457578041397,0,0,0
2019-10-29,NI1912,132640.0,0.004230891775112216,0,0,0
2019-10-30,NI1912,134160.0,0.011394426127968548,0,0,0
2019-10-31,NI1912,133700.0,-0.003434633407055949,0,0,0
2019-11-01,NI1912,134560.0,0.006411712116740344,0,0,0
2019-11-04,NI1912,134230.0,-0.002455449725093144,0,0,0
2019-11-05,NI1912,131170.0,-0.023060554672490453,1,0,-1
2019-11-06,NI1912,130320.0,-0.00650122753326466,0,0,0
2019-11-07,NI1912,131580.0,0.00962206736406203,0,0,0
2019-11-08,NI1912,130570.0,-0.007705550237904626,0,0,0
2019-11-11,NI2002,124470.0,-0.047844758407061004,1,0,-1
2019-11-12,NI2002,121750.0,-0.022094961050187042,1,0,-1
2019-11-13,NI2002,121080.0,-0.005518277809181264,0,0,0
2019-11-14,NI2002,121560.0,0.003956483895074507,0,0,0
2019-11-15,NI2002,118470.0,-0.02574820408192461,1,0,-1
2019-11-18,NI2002,117560.0,-0.0077109224159511046,0,0,0
2019-11-19,NI2002,115360.0,-0.018891168014077638,1,0,-1
2019-11-20,NI2002,113500.0,-0.01625483661518163,1,0,-1
2019-11-21,NI2002,114010.0,0.0044833269241710645,0,0,0
2019-11-22,NI2002,113200.0,-0.007129998076545841,0,0,0
2019-11-25,NI2002,114060.0,0.0075684599593102,0,0,0
2019-11-26,NI2002,114170.0,0.0009639399598430959,0,0,0
2019-11-27,NI2002,114000.0,-0.0014901172937402997,0,0,0
2019-11-28,NI2002,111530.0,-0.021904835388049864,1,0,-1
2019-11-29,NI2002,109330.0,-0.019922781560052068,1,0,-1
2019-12-02,NI2002,108080.0,-0.011499137794449986,0,0,0
2019-12-03,NI2002,108240.0,0.0014792902105891243,0,0,0
2019-12-04,NI2002,104020.0,-0.03976779551760615,1,0,-1
2019-12-05,NI2002,103940.0,-0.0007693787646305629,0,0,0
2019-12-06,NI2002,106240.0,0.02188687614782788,0,1,1
2019-12-09,NI2002,104710.0,-0.01450606142875302,0,0,0
2019-12-10,NI2002,105160.0,0.004288375562309857,0,0,0
2019-12-11,NI2002,107990.0,0.026555630382987847,0,1,1
2019-12-12,NI2002,110190.0,0.020167518255017263,0,1,1
2019-12-13,NI2002,110970.0,0.00705374601278674,0,0,0
2019-12-16,NI2002,110720.0,-0.002255402643112916,0,0,0
2019-12-17,NI2002,111280.0,0.005045055745827997,0,0,0
2019-12-18,NI2002,108760.0,-0.022905927850917548,1,0,-1
2019-12-19,NI2002,110880.0,0.019304915677323165,0,1,1
2019-12-20,NI2003,111710.0,0.00745769214116395,0,0,0
2019-12-23,NI2003,113710.0,0.01774512005387444,0,1,1
2019-12-24,NI2003,112820.0,-0.007857719324801404,0,0,0
2019-12-25,NI2003,112090.0,-0.006491508278826001,0,0,0
2019-12-26,NI2003,112370.0,0.0024948778868069585,0,0,0
2019-12-27,NI2003,109990.0,-0.021407545350785706,1,0,-1
2019-12-30,NI2003,111720.0,0.015606288507950632,0,0,0
2019-12-31,NI2003,112130.0,0.0036631713958134087,0,0,0
2020-01-02,NI2003,111310.0,-0.00733981096765491,0,0,0
2020-01-03,NI2003,107800.0,-0.03204144303023761,1,0,-1
2020-01-06,NI2003,108190.0,0.0036112822245852744,0,0,0
2020-01-07,NI2003,109390.0,0.011030537432217468,0,0,0
2020-01-08,NI2003,109230.0,-0.0014637272762476148,0,0,0
2020-01-09,NI2003,111540.0,0.02092752010595582,0,1,1
2020-01-10,NI2003,111930.0,0.0034904049397685676,0,0,0
2020-01-13,NI2003,113210.0,0.011370825188841995,0,0,0
2020-01-14,NI2003,108900.0,-0.038814471151103244,1,0,-1
2020-01-15,NI2003,109140.0,0.002201431819171033,0,0,0
2020-01-16,NI2003,111210.0,0.01878884407266462,0,1,1
2020-01-17,NI2003,108440.0,-0.025223281200285823,1,0,-1
2020-01-20,NI2003,108100.0,-0.003140299985302191,0,0,0
2020-01-21,NI2004,107410.0,-0.006403437035206913,0,0,0
2020-01-22,NI2004,108340.0,0.00862114261979722,0,0,0
2020-01-23,NI2004,105690.0,-0.024764149208496827,1,0,-1
2020-02-03,NI2004,102190.0,-0.03367645539713828,1,0,-1
2020-02-04,NI2004,104420.0,0.021587402358288692,0,1,1
2020-02-05,NI2004,105130.0,0.006776451605333214,0,0,0
2020-02-06,NI2004,105070.0,-0.0005708848870556466,0,0,0
2020-02-07,NI2004,105260.0,0.0018066852249490513,0,0,0
2020-02-10,NI2004,104450.0,-0.007724991923058095,0,0,0
2020-02-11,NI2004,106190.0,0.016521454413179433,0,1,1
2020-02-12,NI2004,105130.0,-0.010032262828014653,0,0,0
2020-02-13,NI2004,105630.0,0.004744742247331358,0,0,0
2020-02-14,NI2004,104650.0,-0.009320972943062104,0,0,0
2020-02-17,NI2004,105210.0,0.005336903928187641,0,0,0
2020-02-18,NI2004,105090.0,-0.001141226942691256,0,0,0
2020-02-19,NI2004,103810.0,-0.012254820672351134,0,0,0
2020-02-20,NI2004,104080.0,0.0025975289990957775,0,0,0
2020-02-21,NI2004,102350.0,-0.01676152209695125,1,0,-1
2020-02-24,NI2004,102720.0,0.0036085278343525244,0,0,0
2020-02-25,NI2006,102970.0,0.0024308437270083253,0,0,0
2020-02-26,NI2006,101020.0,-0.019119166628752928,1,0,-1
2020-02-27,NI2006,101110.0,0.0008905160634011658,0,0,0
2020-02-28,NI2006,99010.0,-0.02098817796888442,1,0,-1
2020-03-02,NI2006,102480.0,0.03444680245405542,0,1,1
2020-03-03,NI2006,102870.0,0.0037983975544597865,0,0,0
2020-03-04,NI2006,102810.0,-0.0005834305883115679,0,0,0
2020-03-05,NI2006,103400.0,0.005722337519701706,0,0,0
2020-03-06,NI2006,103020.0,-0.003681817936889552,0,0,0
2020-03-09,NI2006,99610.0,-0.03366058298036485,1,0,-1
2020-03-10,NI2006,104210.0,0.04514553284726186,0,1,1
2020-03-11,NI2006,102350.0,-0.018009781897037596,1,0,-1
2020-03-12,NI2006,100560.0,-0.017643747825306557,1,0,-1
2020-03-13,NI2006,99300.0,-0.012608993230865085,0,0,0
2020-03-16,NI2006,99400.0,0.0010065426114014722,0,0,0
2020-03-17,NI2006,99550.0,0.0015079168476769278,0,0,0
2020-03-18,NI2006,95050.0,-0.04625696157576707,1,0,-1
2020-03-19,NI2006,95250.0,0.002101945072372136,0,0,0
2020-03-20,NI2006,95850.0,0.006279455484843101,0,0,0
2020-03-23,NI2006,91920.0,-0.04186583595115323,1,0,-1
2020-03-24,NI2006,91690.0,-0.002505311478690818,0,0,0
2020-03-25,NI2006,91890.0,0.002178887450984148,0,0,0
2020-03-26,NI2006,91580.0,-0.0033793022838441607,0,0,0
2020-03-27,NI2006,93440.0,0.020106611850967574,0,1,1
2020-03-30,NI2006,93210.0,-0.0024645070068512417,0,0,0
2020-03-31,NI2006,91830.0,-0.014915970447634928,0,0,0
2020-04-01,NI2006,92680.0,0.009213657938744615,0,0,0
2020-04-02,NI2006,92900.0,0.0023709462556173173,0,0,0
2020-04-03,NI2006,92640.0,-0.0028026319951077582,0,0,0
2020-04-07,NI2006,93330.0,0.007420585752970257,0,0,0
2020-04-08,NI2006,95310.0,0.020993137371879127,0,1,1
2020-04-09,NI2006,94970.0,-0.003573684694673298,0,0,0
2020-04-10,NI2006,97310.0,0.024340706579036538,0,1,1
2020-04-13,NI2006,96430.0,-0.009084402311604603,0,0,0
2020-04-14,NI2006,97160.0,0.007541747611678678,0,0,0
2020-04-15,NI2006,97240.0,0.0008230453139508139,0,0,0
2020-04-16,NI2006,95760.0,-0.01533708819820493,0,0,0
2020-04-17,NI2006,98970.0,0.03297171265888207,0,1,1
2020-04-20,NI2006,102030.0,0.030450113778613952,0,1,1
2020-04-21,NI2006,100920.0,-0.01093876391435675,0,0,0
2020-04-22,NI2007,98130.0,-0.02803499355445471,1,0,-1
2020-04-23,NI2007,99650.0,0.015370916440401443,0,0,0
2020-04-24,NI2007,99860.0,0.0021051584136595677,0,0,0
2020-04-27,NI2007,101580.0,0.017077460300635783,0,1,1
2020-04-28,NI2007,100590.0,-0.00979381622685212,0,0,0
2020-04-29,NI2007,100150.0,-0.004383787034419574,0,0,0
2020-04-30,NI2007,99950.0,-0.0019990011654182037,0,0,0
2020-05-06,NI2007,101350.0,0.013909811951599868,0,0,0
2020-05-07,NI2007,101890.0,0.0053139270881848305,0,0,0
2020-05-08,NI2007,101720.0,-0.0016698594322750975,0,0,0
2020-05-11,NI2007,101610.0,-0.001081985056128821,0,0,0
2020-05-12,NI2007,101040.0,-0.005625477455554362,0,0,0
2020-05-13,NI2007,101140.0,0.000989217609601323,0,0,0
2020-05-14,NI2007,101170.0,0.0002965745659621598,0,0,0
2020-05-15,NI2007,99400.0,-0.017650156555270722,1,0,-1
2020-05-18,NI2007,99860.0,0.004617091409934803,0,0,0
2020-05-19,NI2007,102080.0,0.02198761452401649,0,1,1
2020-05-20,NI2007,102580.0,0.004886162364642604,0,0,0
2020-05-21,NI2007,105110.0,0.024364438874140592,0,1,1
2020-05-22,NI2007,99760.0,-0.052240119463481983,1,0,-1
2020-05-25,NI2008,100770.0,0.010073390920530159,0,0,0
2020-05-26,NI2008,101020.0,0.0024778247475954747,0,0,0
2020-05-27,NI2008,100000.0,-0.010148331051815196,0,0,0
2020-05-28,NI2008,100730.0,0.00727348396649847,0,0,0
2020-05-29,NI2008,100080.0,-0.006473803795934064,0,0,0
2020-06-01,NI2008,103250.0,0.031183365682486426,0,1,1
2020-06-02,NI2008,103210.0,-0.00038748426330015144,0,0,0
2020-06-03,NI2008,103470.0,0.002515968039017309,0,0,0
2020-06-04,NI2008,102190.0,-0.012447889992741558,0,0,0
2020-06-05,NI2008,103790.0,0.01553580135307994,0,0,0
2020-06-08,NI2008,103770.0,-0.00019271536001055692,0,0,0
2020-06-09,NI2008,104700.0,0.0089222062593042,0,0,0
2020-06-10,NI2008,103180.0,-0.01462408205998732,0,0,0
2020-06-11,NI2008,101830.0,-0.0131702796329298,0,0,0
2020-06-12,NI2008,101740.0,-0.0008842167889551557,0,0,0
2020-06-15,NI2008,100290.0,-0.014354550294502024,0,0,0
2020-06-16,NI2008,103630.0,0.03276087409600902,0,1,1
2020-06-17,NI2008,103480.0,-0.0014485058782976324,0,0,0
2020-06-18,NI2008,103250.0,-0.0022251254766862227,0,0,0
2020-06-19,NI2008,104200.0,0.009158897478124326,0,0,0
2020-06-22,NI2008,101860.0,-0.022712807862808007,1,0,-1
2020-06-23,NI2008,101550.0,-0.003048033430064891,0,0,0
2020-06-24,NI2010,102040.0,0.00481360524721704,0,0,0
2020-06-29,NI2010,102910.0,0.00848992657438974,0,0,0
2020-06-30,NI2010,103180.0,0.0026202159685034935,0,0,0
2020-07-01,NI2010,102240.0,-0.009152045187279214,0,0,0
2020-07-02,NI2010,103190.0,0.0092489584983982,0,0,0
2020-07-03,NI2010,105840.0,0.025356570679077237,0,1,1
2020-07-06,NI2010,107110.0,0.011927823969838052,0,0,0
2020-07-07,NI2010,107070.0,-0.0003735176063596437,0,0,0
2020-07-08,NI2010,107530.0,0.004287052232256172,0,0,0
2020-07-09,NI2010,107630.0,0.000929540873771959,0,0,0
2020-07-10,NI2010,105450.0,-0.020462512351423295,1,0,-1
2020-07-13,NI2010,108510.0,0.02860542770733272,0,1,1
2020-07-14,NI2010,109050.0,0.004964158015521751,0,0,0
2020-07-15,NI2010,108570.0,-0.004411366403877309,0,0,0
2020-07-16,NI2010,106170.0,-0.02235354321827909,1,0,-1
2020-07-17,NI2010,106320.0,0.0014118313795082288,0,0,0
2020-07-20,NI2010,105610.0,-0.00670035064660685,0,0,0
2020-07-21,NI2010,105970.0,0.003402971428361618,0,0,0
2020-07-22,NI2010,106640.0,0.006302640683708595,0,0,0
2020-07-23,NI2010,106040.0,-0.005642294449628395,0,0,0
2020-07-24,NI2010,107620.0,0.014790122640448725,0,0,0
2020-07-27,NI2010,110140.0,0.023145779773061922,0,1,1
2020-07-28,NI2010,108740.0,-0.012792572116560779,0,0,0
2020-07-29,NI2010,109500.0,0.006964837538780885,0,0,0
2020-07-30,NI2010,111340.0,0.0166640334988061,0,1,1
2020-07-31,NI2010,110440.0,-0.008116195693408077,0,0,0
2020-08-03,NI2010,109040.0,-0.012757599673676496,0,0,0
2020-08-04,NI2010,110860.0,0.01655335660338141,0,1,1
2020-08-05,NI2010,112990.0,0.01903117522949632,0,1,1
2020-08-06,NI2010,114540.0,0.013624787744556445,0,0,0
2020-08-07,NI2010,115080.0,0.004703431717635878,0,0,0
2020-08-10,NI2010,113180.0,-0.016648066968969425,1,0,-1
2020-08-11,NI2010,112130.0,-0.009320559241588443,0,0,0
2020-08-12,NI2010,112300.0,0.0015149492716080466,0,0,0
2020-08-13,NI2010,112560.0,0.002312551061736095,0,0,0
2020-08-14,NI2010,114100.0,0.013588844061896359,0,0,0
2020-08-17,NI2010,115950.0,0.01608380683351077,0,1,1
2020-08-18,NI2011,116290.0,0.0029280076034111065,0,0,0
2020-08-19,NI2011,116340.0,0.0004298671776635698,0,0,0
2020-08-20,NI2011,116130.0,-0.0018066852249490357,0,0,0
2020-08-21,NI2011,115460.0,-0.005786103624878893,0,0,0
2020-08-24,NI2011,117310.0,0.01589585388484138,0,1,1
2020-08-25,NI2011,117420.0,0.0009372471184109942,0,0,0
2020-08-26,NI2011,119680.0,0.019064263590127306,0,1,1
2020-08-27,NI2011,119430.0,-0.002091088545831576,0,0,0
2020-08-28,NI2011,120350.0,0.007673738548745329,0,0,0
2020-08-31,NI2011,121240.0,0.00736788796052155,0,0,0
2020-09-01,NI2011,123080.0,0.015062498264238652,0,0,0
2020-09-02,NI2011,122180.0,-0.007339183232220143,0,0,0
2020-09-03,NI2011,120010.0,-0.017920294578270945,1,0,-1
2020-09-04,NI2011,119250.0,-0.006352942874899444,0,0,0
2020-09-07,NI2011,119080.0,-0.0014265936208749698,0,0,0
2020-09-08,NI2011,119610.0,0.004440913913797709,0,0,0
2020-09-09,NI2011,115850.0,-0.03194019918298817,1,0,-1
2020-09-10,NI2011,115770.0,-0.0006907866607481408,0,0,0
2020-09-11,NI2011,116150.0,0.0032769949987810952,0,0,0
2020-09-14,NI2011,118820.0,0.022727283711177305,0,1,1
2020-09-15,NI2011,118790.0,-0.0002525146261471204,0,0,0
2020-09-16,NI2011,117540.0,-0.01057852711694383,0,0,0
2020-09-17,NI2012,115680.0,-0.015950942774049872,1,0,-1
2020-09-18,NI2012,116760.0,0.009292787575459415,0,0,0
2020-09-21,NI2012,114210.0,-0.02208168692339832,1,0,-1
2020-09-22,NI2012,113400.0,-0.0071174677688639896,0,0,0
2020-09-23,NI2012,112940.0,-0.004064687048961021,0,0,0
2020-09-24,NI2012,112140.0,-0.007108613549164173,0,0,0
2020-09-25,NI2012,113610.0,0.013023439886286604,0,0,0
2020-09-28,NI2012,113470.0,-0.001233045778915089,0,0,0
2020-09-29,NI2012,113850.0,0.0033433077068505566,0,0,0
2020-09-30,NI2012,111700.0,-0.01906508643459355,1,0,-1
2020-10-09,NI2012,115940.0,0.03725610983643168,0,1,1
2020-10-12,NI2012,117080.0,0.009784645912098228,0,0,0
2020-10-13,NI2012,117100.0,0.0001708087799865583,0,0,0
2020-10-14,NI2012,117030.0,-0.0005979584169968078,0,0,0
2020-10-15,NI2012,117860.0,0.007067167223092353,0,0,0
2020-10-16,NI2012,119450.0,0.013400394362051302,0,0,0
2020-10-19,NI2012,119430.0,-0.00016744809148301078,0,0,0
2020-10-20,NI2012,120200.0,0.006426596420771655,0,0,0
2020-10-21,NI2012,121730.0,0.012648455320397796,0,0,0
2020-10-22,NI2012,119860.0,-0.015481082391465818,0,0,0
2020-10-23,NI2012,119840.0,-0.00016687526112987895,0,0,0
2020-10-26,NI2012,117880.0,-0.01649036189941535,1,0,-1
2020-10-27,NI2012,119390.0,0.012728287487802952,0,0,0
2020-10-28,NI2012,125210.0,0.04759688232355942,0,1,1
2020-10-29,NI2012,121620.0,-0.02909089798889261,1,0,-1
2020-10-30,NI2012,116980.0,-0.03889844967708393,1,0,-1
2020-11-02,NI2102,115690.0,-0.011088779974082206,0,0,0
2020-11-03,NI2102,116240.0,0.0047428192212299715,0,0,0
2020-11-04,NI2102,116320.0,0.0006879945231818285,0,0,0
2020-11-05,NI2102,116380.0,0.0005156854433147274,0,0,0
2020-11-06,NI2102,115960.0,-0.0036153951750691055,0,0,0
2020-11-09,NI2102,117930.0,0.016845924048423937,0,1,1
2020-11-10,NI2102,117940.0,8.479247047949995e-05,0,0,0
2020-11-11,NI2102,118150.0,0.0017789830605588043,0,0,0
2020-11-12,NI2102,119010.0,0.007252519561431672,0,0,0
2020-11-13,NI2102,118580.0,-0.0036196849151268642,0,0,0
2020-11-16,NI2102,120240.0,0.013901907165497383,0,0,0
2020-11-17,NI2102,116100.0,-0.0350378567408732,1,0,-1
2020-11-18,NI2102,116280.0,0.0015491869868293187,0,0,0
2020-11-19,NI2102,116470.0,0.0016326534238853118,0,0,0
2020-11-20,NI2102,116900.0,0.003685139363462328,0,0,0
2020-11-23,NI2102,119780.0,0.024337858358293694,0,1,1
2020-11-24,NI2102,121200.0,0.011785346798897697,0,0,0
2020-11-25,NI2102,119660.0,-0.012787685673328386,0,0,0
2020-11-26,NI2102,120750.0,0.009067904570796263,0,0,0
2020-11-27,NI2102,122850.0,0.017241806434505954,0,1,1
2020-11-30,NI2102,121960.0,-0.007270976847134138,0,0,0
2020-12-01,NI2102,119240.0,-0.02255485331018332,1,0,-1
2020-12-02,NI2102,119730.0,0.004100938918881478,0,0,0
2020-12-03,NI2102,117550.0,-0.018375432742673687,1,0,-1
2020-12-04,NI2102,117750.0,0.0016999579104486008,0,0,0
2020-12-07,NI2102,120990.0,0.027144164656859288,0,1,1
2020-12-08,NI2102,121490.0,0.004124057313264327,0,0,0
2020-12-09,NI2102,121690.0,0.0016448724820579456,0,0,0
2020-12-10,NI2102,123580.0,0.01541189228412489,0,0,0
2020-12-11,NI2102,129250.0,0.04485979375570511,0,1,1
2020-12-14,NI2102,130930.0,0.012914315851123378,0,0,0
2020-12-15,NI2102,131480.0,0.004191919556356799,0,0,0
2020-12-16,NI2102,129370.0,-0.016178232866208064,1,0,-1
2020-12-17,NI2102,130450.0,0.00831349565292692,0,0,0
2020-12-18,NI2103,131800.0,0.010295610485669368,0,0,0
2020-12-21,NI2103,133050.0,0.009439375355291279,0,0,0
2020-12-22,NI2103,125740.0,-0.056508714468783174,1,0,-1
2020-12-23,NI2103,124010.0,-0.013854075440234002,0,0,0
2020-12-24,NI2103,125140.0,0.009070903055536426,0,0,0
2020-12-25,NI2103,127520.0,0.018840104471687383,0,1,1
2020-12-28,NI2103,127800.0,0.0021933269015294967,0,0,0
2020-12-29,NI2103,126790.0,-0.00793436740357782,0,0,0
2020-12-30,NI2103,125250.0,-0.012220434574882446,0,0,0
2020-12-31,NI2103,123580.0,-0.013423020332140661,0,0,0
2021-01-04,NI2103,128210.0,0.03678082493177585,0,1,1
2021-01-05,NI2103,129580.0,0.010628906457201865,0,0,0
2021-01-06,NI2103,129470.0,-0.0008492569512552504,0,0,0
2021-01-07,NI2103,133270.0,0.028927951521079635,0,1,1
2021-01-08,NI2103,132490.0,-0.0058699747116037915,0,0,0
2021-01-11,NI2103,127490.0,-0.03846924073000085,1,0,-1
2021-01-12,NI2103,129920.0,0.018880946263337008,0,1,1
2021-01-13,NI2103,131180.0,0.009651549452221598,0,0,0
2021-01-14,NI2103,132150.0,0.007367215184708701,0,0,0
2021-01-15,NI2103,132390.0,0.0018144708992672378,0,0,0
2021-01-18,NI2103,134930.0,0.01900401349313035,0,1,1
2021-01-19,NI2103,133460.0,-0.010954317967235507,0,0,0
2021-01-20,NI2103,134020.0,0.004187235069564104,0,0,0
2021-01-21,NI2103,135690.0,0.012383829612836766,0,0,0
2021-01-22,NI2103,133380.0,-0.017170674953701285,1,0,-1
2021-01-25,NI2103,135930.0,0.018937850142996322,0,1,1
2021-01-26,NI2104,133820.0,-0.015644433992485652,0,0,0
2021-01-27,NI2104,133690.0,-0.0009719263596396937,0,0,0
2021-01-28,NI2104,131280.0,-0.018191240213195688,1,0,-1
2021-01-29,NI2104,130570.0,-0.0054229653618882235,0,0,0
2021-02-01,NI2104,132740.0,0.01648284629783159,0,1,1
2021-02-02,NI2104,131010.0,-0.013118671552199637,0,0,0
2021-02-03,NI2104,129630.0,-0.010589417553627816,0,0,0
2021-02-04,NI2104,130500.0,0.00668898815079671,0,0,0
2021-02-05,NI2104,132850.0,0.017847445443074386,0,1,1
2021-02-08,NI2104,133550.0,0.0052552673501472845,0,0,0
2021-02-09,NI2104,135250.0,0.012648978170621128,0,0,0
2021-02-10,NI2104,136220.0,0.007146308086581487,0,0,0
2021-02-18,NI2104,138590.0,0.017248708267538895,0,1,1
2021-02-19,NI2104,144050.0,0.0386405274498264,0,1,1
2021-02-22,NI2104,146230.0,0.015020263093250271,0,0,0
2021-02-23,NI2104,144970.0,-0.008653900160981633,0,0,0
2021-02-24,NI2104,142340.0,-0.018308262591681064,1,0,-1
2021-02-25,NI2104,144990.0,0.018446212653977237,0,1,1
2021-02-26,NI2104,140490.0,-0.03152846266154228,1,0,-1
2021-03-01,NI2104,138640.0,-0.013255666456209462,0,0,0
2021-03-02,NI2106,138200.0,-0.0031787340737811426,0,0,0
2021-03-03,NI2106,138300.0,0.0007233273371430259,0,0,0
2021-03-04,NI2106,130510.0,-0.05797538649127624,1,0,-1
2021-03-05,NI2106,121750.0,-0.06948009021673708,1,0,-1
2021-03-08,NI2106,122070.0,0.0026248887190090634,0,0,0
2021-03-09,NI2106,119240.0,-0.023456381871837524,1,0,-1
2021-03-10,NI2106,119770.0,0.004434968149544776,0,0,0
2021-03-11,NI2106,122540.0,0.02286427033809308,0,1,1
2021-03-12,NI2106,120950.0,-0.013060270241472275,0,0,0
2021-03-15,NI2106,121990.0,0.008561837104609987,0,0,0
2021-03-16,NI2106,120450.0,-0.012704345099765849,0,0,0
2021-03-17,NI2106,120170.0,-0.0023273221376720076,0,0,0
2021-03-18,NI2106,120520.0,0.0029083073388921957,0,0,0
2021-03-19,NI2106,120610.0,0.0007464853330511067,0,0,0
2021-03-22,NI2106,122730.0,0.01742462101426537,0,1,1
2021-03-23,NI2106,124720.0,0.01608440414010416,0,1,1
2021-03-24,NI2106,120820.0,-0.03176939003892587,1,0,-1
2021-03-25,NI2106,119900.0,-0.007643772677126599,0,0,0
2021-03-26,NI2106,123190.0,0.027069816940414226,0,1,1
2021-03-29,NI2106,123750.0,0.004535522474916943,0,0,0
2021-03-30,NI2106,123500.0,-0.002022245380767809,0,0,0
2021-03-31,NI2106,120650.0,-0.023347363996991177,1,0,-1
2021-04-01,NI2106,121010.0,0.0029793947389203886,0,0,0
2021-04-02,NI2106,123470.0,0.020125024769691108,0,1,1
2021-04-06,NI2106,125080.0,0.012955321009988306,0,0,0
2021-04-07,NI2106,126000.0,0.007328374361837434,0,0,0
2021-04-08,NI2106,126690.0,0.005461250662483837,0,0,0
2021-04-09,NI2106,126170.0,-0.0041129536743120835,0,0,0
2021-04-12,NI2106,122260.0,-0.031480279339070556,1,0,-1
2021-04-13,NI2106,121720.0,-0.004426599571809001,0,0,0
2021-04-14,NI2106,121520.0,-0.0016444667412529386,0,0,0
2021-04-15,NI2106,121350.0,-0.0013999261149070367,0,0,0
2021-04-16,NI2106,123490.0,0.017481248957120648,0,1,1
2021-04-19,NI2106,121390.0,-0.0171516782200188,1,0,-1
2021-04-20,NI2106,120960.0,-0.003548590478489358,0,0,0
2021-04-21,NI2106,120850.0,-0.0009098052817308278,0,0,0
2021-04-22,NI2106,119780.0,-0.008893380313175638,0,0,0
2021-04-23,NI2106,120240.0,0.003833018608402729,0,0,0
2021-04-26,NI2106,123150.0,0.02391337912182776,0,1,1
2021-04-27,NI2106,126560.0,0.02731337945279673,0,1,1
2021-04-28,NI2106,127330.0,0.006065637566000498,0,0,0
2021-04-29,NI2106,129920.0,0.02013673482802355,0,1,1
2021-04-30,NI2106,131410.0,0.011403330242178766,0,0,0
2021-05-06,NI2106,132220.0,0.006144995249885304,0,0,0
2021-05-07,NI2106,133670.0,0.010906874077949599,0,0,0
2021-05-10,NI2106,133150.0,-0.0038977637234404432,0,0,0
2021-05-11,NI2106,131690.0,-0.01102563653781252,0,0,0
2021-05-12,NI2106,132890.0,0.00907104262128763,0,0,0
2021-05-13,NI2106,128780.0,-0.03141619623337893,1,0,-1
2021-05-14,NI2106,128770.0,-7.765482434503165e-05,0,0,0
2021-05-17,NI2106,130790.0,0.015565116215368583,0,0,0
2021-05-18,NI2106,134450.0,0.02759939921381267,0,1,1
2021-05-19,NI2106,132810.0,-0.012272847302714275,0,0,0
2021-05-20,NI2106,128290.0,-0.03462620915091047,1,0,-1
2021-05-21,NI2106,124270.0,-0.0318367084433456,1,0,-1
2021-05-24,NI2107,123880.0,-0.003143262712901188,0,0,0
2021-05-25,NI2107,125220.0,0.010758835212162424,0,0,0
2021-05-26,NI2107,125420.0,0.0015959147977103237,0,0,0
2021-05-27,NI2107,126420.0,0.007941591929277816,0,0,0
2021-05-28,NI2107,132310.0,0.045537957010167024,0,1,1
2021-05-31,NI2107,132890.0,0.00437406428909683,0,0,0
2021-06-01,NI2107,134920.0,0.015160291850033203,0,0,0
2021-06-02,NI2107,133590.0,-0.00990660219172879,0,0,0
2021-06-03,NI2107,133140.0,-0.003374201829163159,0,0,0
2021-06-04,NI2107,131350.0,-0.013535690041008724,0,0,0
2021-06-07,NI2107,129530.0,-0.013953001589384303,0,0,0
2021-06-08,NI2107,130080.0,0.004237131257335861,0,0,0
2021-06-09,NI2107,132800.0,0.020694591242832957,0,1,1
2021-06-10,NI2107,131110.0,-0.012807571531022997,0,0,0
2021-06-11,NI2107,135350.0,0.031827350548999746,0,1,1
2021-06-15,NI2107,132500.0,-0.021281370634033275,1,0,-1
2021-06-16,NI2107,128260.0,-0.03252319170556006,1,0,-1
2021-06-17,NI2107,127720.0,-0.004219085874135599,0,0,0
2021-06-18,NI2107,128300.0,0.004530903775009432,0,0,0
2021-06-21,NI2107,128900.0,0.0046656383235509835,0,0,0
2021-06-22,NI2107,132750.0,0.02943075017690641,0,1,1
2021-06-23,NI2107,133700.0,0.007130823985849266,0,0,0
2021-06-24,NI2107,134820.0,0.008342071317395273,0,0,0
2021-06-25,NI2107,137570.0,0.020192323047611385,0,1,1
2021-06-28,NI2107,137580.0,7.268762496394753e-05,0,0,0
2021-06-29,NI2108,135560.0,-0.014791219359017475,0,0,0
2021-06-30,NI2108,138060.0,0.018274026536478995,0,1,1
2021-07-01,NI2108,134090.0,-0.02917715698377883,1,0,-1
2021-07-02,NI2108,134000.0,-0.0006714163406393049,0,0,0
2021-07-05,NI2108,136900.0,0.021410932343491864,0,1,1
2021-07-06,NI2108,138020.0,0.00814786989805246,0,0,0
2021-07-07,NI2108,135480.0,-0.018574574242884775,1,0,-1
2021-07-08,NI2108,137050.0,0.01152179479922373,0,0,0
2021-07-09,NI2108,139910.0,0.020653535996399658,0,1,1
2021-07-12,NI2108,139090.0,-0.005878153126155725,0,0,0
2021-07-13,NI2108,140500.0,0.010086283154761778,0,0,0
2021-07-14,NI2108,139960.0,-0.0038508212743131836,0,0,0
2021-07-15,NI2108,139080.0,-0.006307360359826601,0,0,0
2021-07-16,NI2108,141370.0,0.01633125973928049,0,1,1
2021-07-19,NI2108,142390.0,0.007189204913962124,0,0,0
2021-07-20,NI2108,138830.0,-0.025319608746192216,1,0,-1
2021-07-21,NI2108,136830.0,-0.014510883654992274,0,0,0
2021-07-22,NI2108,139020.0,0.015878528280621165,0,1,1
2021-07-23,NI2108,143260.0,0.030043353513965337,0,1,1
2021-07-26,NI2108,145720.0,0.017025810954057894,0,1,1
2021-07-27,NI2109,144760.0,-0.006609773444821344,0,0,0
2021-07-28,NI2109,146580.0,0.012494155802162418,0,0,0
2021-07-29,NI2109,147500.0,0.006256821282170329,0,0,0
2021-07-30,NI2109,146900.0,-0.004076092600042942,0,0,0
2021-08-02,NI2109,146270.0,-0.004297854280834652,0,0,0
2021-08-03,NI2109,142270.0,-0.027727568235921308,1,0,-1
2021-08-04,NI2109,143510.0,0.008678058519764826,0,0,0
2021-08-05,NI2109,142580.0,-0.006501473493358111,0,0,0
2021-08-06,NI2109,145190.0,0.018139983806114018,0,1,1
2021-08-09,NI2109,140220.0,-0.03483061171677476,1,0,-1
2021-08-10,NI2109,140120.0,-0.0007134194495354916,0,0,0
2021-08-11,NI2109,140370.0,0.0017825952169485927,0,0,0
2021-08-12,NI2109,146720.0,0.04424421496192012,0,1,1
2021-08-13,NI2109,146810.0,0.0006132252432142669,0,0,0
2021-08-16,NI2109,146220.0,-0.00402689688619914,0,0,0
2021-08-17,NI2109,145840.0,-0.0026022064947622183,0,0,0
2021-08-18,NI2109,142310.0,-0.024502353674839005,1,0,-1
2021-08-19,NI2109,141220.0,-0.007688818607367836,0,0,0
2021-08-20,NI2109,140010.0,-0.008605109458366867,0,0,0
2021-08-23,NI2109,141590.0,0.011221708667045456,0,0,0
2021-08-24,NI2109,142310.0,0.005072219398689168,0,0,0
2021-08-25,NI2109,144430.0,0.014787184417506797,0,0,0
2021-08-26,NI2109,142200.0,-0.015560443743934898,0,0,0
2021-08-27,NI2110,141840.0,-0.0025348556031880663,0,0,0
2021-08-30,NI2110,147280.0,0.037635875158870055,0,1,1
2021-08-31,NI2110,148850.0,0.010603550536963003,0,0,0
2021-09-01,NI2110,148250.0,-0.0040390495839506095,0,0,0
2021-09-02,NI2110,146890.0,-0.009216030534511326,0,0,0
2021-09-03,NI2110,145540.0,-0.009233044424383104,0,0,0
2021-09-06,NI2110,146100.0,0.003840355837713461,0,0,0
2021-09-07,NI2110,145120.0,-0.006730332389827288,0,0,0
2021-09-08,NI2110,148170.0,0.02079927685381673,0,1,1
2021-09-09,NI2110,150750.0,0.01726257238665156,0,1,1
2021-09-10,NI2110,153000.0,0.014815085785140682,0,0,0
2021-09-13,NI2110,149010.0,-0.026424503605066672,1,0,-1
2021-09-14,NI2110,146540.0,-0.016714989055551008,1,0,-1
2021-09-15,NI2110,146870.0,0.0022494130339532625,0,0,0
2021-09-16,NI2110,145040.0,-0.012538275319175458,0,0,0
2021-09-17,NI2110,143490.0,-0.010744220086280383,0,0,0
2021-09-22,NI2110,144030.0,0.0037562648506434025,0,0,0
2021-09-23,NI2110,145590.0,0.010772840874275777,0,0,0
2021-09-24,NI2110,145800.0,0.0014413674893233028,0,0,0
2021-09-27,NI2110,142470.0,-0.023104368345417577,1,0,-1
2021-09-28,NI2110,141060.0,-0.009946119449107024,0,0,0
2021-09-29,NI2111,139430.0,-0.011622648573103501,0,0,0
2021-09-30,NI2111,138070.0,-0.009801880278868632,0,0,0
2021-10-08,NI2111,142230.0,0.02968466265407574,0,1,1
2021-10-11,NI2111,145950.0,0.02581863171798708,0,1,1
2021-10-12,NI2111,144730.0,-0.008394159650610517,0,0,0
2021-10-13,NI2111,143880.0,-0.005890318822089995,0,0,0
2021-10-14,NI2111,144920.0,0.0072022471994532995,0,0,0
2021-10-15,NI2111,147390.0,0.016900268821790163,0,1,1
2021-10-18,NI2111,150990.0,0.0241314746077118,0,1,1
2021-10-19,NI2111,151040.0,0.0003310929408121542,0,0,0
2021-10-20,NI2111,149580.0,-0.009713335633669024,0,0,0
2021-10-21,NI2111,155880.0,0.04125511370698704,0,1,1
2021-10-22,NI2111,151330.0,-0.029623597771573657,1,0,-1
2021-10-25,NI2111,149880.0,-0.009627908773448211,0,0,0
2021-10-26,NI2111,152560.0,0.01772298736667701,0,1,1
2021-10-27,NI2111,148340.0,-0.02805102498375156,1,0,-1
2021-10-28,NI2112,145970.0,-0.016105815165925297,1,0,-1
2021-10-29,NI2112,144210.0,-0.012130550568507632,0,0,0
2021-11-01,NI2112,143220.0,-0.006888660995185268,0,0,0
2021-11-02,NI2112,143640.0,0.0029282597790883597,0,0,0
2021-11-03,NI2112,146040.0,0.016570387429554023,0,1,1
2021-11-04,NI2112,142820.0,-0.022295460666472196,1,0,-1
2021-11-05,NI2112,142250.0,-0.003999023114523628,0,0,0
2021-11-08,NI2112,142740.0,0.0034387205364809067,0,0,0
2021-11-09,NI2112,144810.0,0.01439774479758999,0,0,0
2021-11-10,NI2112,143050.0,-0.012228318844391985,0,0,0
2021-11-11,NI2112,146170.0,0.021576108405082124,0,1,1
2021-11-12,NI2112,145810.0,-0.002465923573007466,0,0,0
2021-11-15,NI2112,145000.0,-0.005570661907619498,0,0,0
2021-11-16,NI2112,143500.0,-0.010398707220898622,0,0,0
2021-11-17,NI2112,143020.0,-0.003350554579425943,0,0,0
2021-11-18,NI2112,141020.0,-0.014082756329355343,0,0,0
2021-11-19,NI2112,147440.0,0.044519589070673375,0,1,1
2021-11-22,NI2112,148530.0,0.007365644679873427,0,0,0
2021-11-23,NI2202,150530.0,0.01337544183097122,0,0,0
2021-11-24,NI2202,152640.0,0.013919807827563737,0,0,0
2021-11-25,NI2202,154540.0,0.012370754805461426,0,0,0
2021-11-26,NI2202,149780.0,-0.03128541168421677,1,0,-1
2021-11-29,NI2202,149200.0,-0.003879863051560583,0,0,0
2021-11-30,NI2202,147790.0,-0.009495340543179182,0,0,0
2021-12-01,NI2202,149090.0,0.008757803213826527,0,0,0
2021-12-02,NI2202,147390.0,-0.011468015591641182,0,0,0
2021-12-03,NI2202,148890.0,0.010125643418792601,0,0,0
2021-12-06,NI2202,145660.0,-0.02193263947769007,1,0,-1
2021-12-07,NI2202,146800.0,0.007795977390646044,0,0,0
2021-12-08,NI2202,148200.0,0.009491596681571391,0,0,0
2021-12-09,NI2202,146120.0,-0.014134510934904806,0,0,0
2021-12-10,NI2202,145230.0,-0.006109509307369088,0,0,0
2021-12-13,NI2202,145170.0,-0.0004132231463758258,0,0,0
2021-12-14,NI2202,142690.0,-0.017231024530852998,1,0,-1
2021-12-15,NI2202,141210.0,-0.010426300861323276,0,0,0
2021-12-16,NI2202,142950.0,0.012246774687160242,0,0,0
2021-12-17,NI2202,145430.0,0.01719995242129789,0,1,1
2021-12-20,NI2202,142120.0,-0.023023100036792418,1,0,-1
2021-12-21,NI2202,144080.0,0.01369692971487438,0,0,0
2021-12-22,NI2202,145820.0,0.012004283510583597,0,0,0
2021-12-23,NI2202,149020.0,0.021707540747297114,0,1,1
2021-12-24,NI2202,148710.0,-0.0020824244249891912,0,0,0
2021-12-27,NI2202,147900.0,-0.005461730983838082,0,0,0
2021-12-28,NI2202,149200.0,0.008751318052906293,0,0,0
2021-12-29,NI2202,149350.0,0.0010048568924584122,0,0,0
2021-12-30,NI2202,150450.0,0.007338258413935398,0,0,0
2021-12-31,NI2202,152080.0,0.010775895104119549,0,0,0
2022-01-04,NI2202,152570.0,0.003216808944937042,0,0,0
2022-01-05,NI2202,152160.0,-0.002690908328030595,0,0,0
2022-01-06,NI2202,149930.0,-0.01476408029026835,0,0,0
2022-01-07,NI2202,152490.0,0.016930501620109055,0,1,1
2022-01-10,NI2202,154840.0,0.01529330558252648,0,0,0
2022-01-11,NI2202,158960.0,0.026260272534113997,0,1,1
2022-01-12,NI2202,162340.0,0.021040303089468134,0,1,1
2022-01-13,NI2202,162120.0,-0.0013560995729218928,0,0,0
2022-01-14,NI2202,167260.0,0.03121268619327181,0,1,1
2022-01-17,NI2202,162580.0,-0.028379299634953482,1,0,-1
2022-01-18,NI2202,164170.0,0.009732287988000509,0,0,0
2022-01-19,NI2202,163760.0,-0.0025005349533927385,0,0,0
2022-01-20,NI2202,176280.0,0.07367169862075225,0,1,1
2022-01-21,NI2202,178040.0,0.00993460417386723,0,0,0
2022-01-24,NI2203,173460.0,-0.026061218891343902,1,0,-1
2022-01-25,NI2203,163460.0,-0.059378713168326026,1,0,-1
2022-01-26,NI2203,165240.0,0.010830650440580108,0,0,0
2022-01-27,NI2203,163880.0,-0.008264509849893424,0,0,0
2022-01-28,NI2203,163750.0,-0.0007935781633090238,0,0,0
2022-02-07,NI2203,170470.0,0.04021845364747225,0,1,1
2022-02-08,NI2203,172280.0,0.010561732023076371,0,0,0
2022-02-09,NI2203,170050.0,-0.013028548732705375,0,0,0
2022-02-10,NI2203,173890.0,0.022330403940773118,0,1,1
2022-02-11,NI2203,172070.0,-0.010521544628911172,0,0,0
2022-02-14,NI2203,176520.0,0.025532813636280214,0,1,1
2022-02-15,NI2203,172860.0,-0.02095216607685429,1,0,-1
2022-02-16,NI2203,173420.0,0.0032343796245221925,0,0,0
2022-02-17,NI2203,173010.0,-0.002367001653583397,0,0,0
2022-02-18,NI2203,177890.0,0.027815985441747557,0,1,1
2022-02-21,NI2203,179530.0,0.009176943145559113,0,0,0
2022-02-22,NI2204,178730.0,-0.004466037680450308,0,0,0
2022-02-23,NI2204,175300.0,-0.01937749527509841,1,0,-1
2022-02-24,NI2204,179540.0,0.02389923240135368,0,1,1
2022-02-25,NI2204,174450.0,-0.02875985669575925,1,0,-1
2022-02-28,NI2204,177780.0,0.018908663180745758,0,1,1
2022-03-01,NI2204,176000.0,-0.010062835775377135,0,0,0
2022-03-02,NI2204,180260.0,0.023916258090111907,0,1,1
2022-03-03,NI2204,188180.0,0.0429986984503558,0,1,1
2022-03-04,NI2204,187190.0,-0.005274807765381857,0,0,0
2022-03-07,NI2204,210950.0,0.11949699475710997,0,1,1
2022-03-08,NI2204,228810.0,0.08127082627390919,0,1,1
2022-03-09,NI2205,265260.0,0.14781851222194992,0,1,1
2022-03-10,NI2208,211500.0,-0.22648547857987417,1,0,-1
2022-03-11,NI2208,195610.0,-0.07810211744806458,1,0,-1
2022-03-14,NI2204,214050.0,0.09008675155268707,0,1,1
2022-03-15,NI2204,216490.0,0.01133472440838389,0,0,0
2022-03-16,NI2204,235200.0,0.08289185902513273,0,1,1
2022-03-17,NI2204,219440.0,-0.06935736939512402,1,0,-1
2022-03-18,NI2204,219620.0,0.0008199335402194966,0,0,0
2022-03-21,NI2204,205670.0,-0.06562583760819893,1,0,-1
2022-03-22,NI2204,206780.0,0.0053824835971789204,0,0,0
2022-03-23,NI2204,212000.0,0.02493084851346537,0,1,1
2022-03-24,NI2204,245740.0,0.1476877917674127,0,1,1
2022-03-25,NI2204,264200.0,0.07243232564879971,0,1,1
2022-03-28,NI2205,224380.0,-0.1633653489714063,1,0,-1
2022-03-29,NI2205,223130.0,-0.00558648187040677,0,0,0
2022-03-30,NI2205,230050.0,0.03054211535506567,0,1,1
2022-03-31,NI2205,217780.0,-0.05481129768356267,1,0,-1
2022-04-01,NI2205,217910.0,0.0005967545909152972,0,0,0
2022-04-06,NI2205,223300.0,0.02443402533728204,0,1,1
2022-04-07,NI2205,213330.0,-0.04567589628257598,1,0,-1
2022-04-08,NI2205,218170.0,0.022434312840396597,0,1,1
2022-04-11,NI2205,210900.0,-0.033890487919203946,1,0,-1
2022-04-12,NI2205,212620.0,0.008122447375730117,0,0,0
2022-04-13,NI2205,221050.0,0.03888238541179298,0,1,1
2022-04-14,NI2205,223880.0,0.012721273750906658,0,0,0
2022-04-15,NI2205,229400.0,0.024357010672111556,0,1,1
2022-04-18,NI2205,232140.0,0.011873433245206202,0,0,0
2022-04-19,NI2205,239830.0,0.03258970108159746,0,1,1
2022-04-20,NI2205,233780.0,-0.025549836842449693,1,0,-1
2022-04-21,NI2205,235930.0,0.009154648678997792,0,0,0
2022-04-22,NI2205,238580.0,0.011169532995177823,0,0,0
2022-04-25,NI2205,221030.0,-0.07640624494244896,1,0,-1
2022-04-26,NI2205,222450.0,0.006403918340700076,0,0,0
2022-04-27,NI2206,227710.0,0.023370532288522698,0,1,1
2022-04-28,NI2206,227280.0,-0.0018901519946409205,0,0,0
2022-04-29,NI2206,232230.0,0.021545522338799153,0,1,1
2022-05-05,NI2206,223310.0,-0.0391673192379359,1,0,-1
2022-05-06,NI2206,214090.0,-0.04216445328816481,1,0,-1
2022-05-09,NI2206,209210.0,-0.0230579551630741,1,0,-1
2022-05-10,NI2206,202400.0,-0.03309259478224642,1,0,-1
2022-05-11,NI2206,206030.0,0.0177758518410573,0,1,1
2022-05-12,NI2206,200680.0,-0.026310189638315506,1,0,-1
2022-05-13,NI2206,203600.0,0.014445685060315485,0,0,0
2022-05-16,NI2206,202070.0,-0.007543112650962886,0,0,0
2022-05-17,NI2206,204450.0,0.01170927478524646,0,0,0
2022-05-18,NI2206,198860.0,-0.02772238725872382,1,0,-1
2022-05-19,NI2206,205770.0,0.03415798062741225,0,1,1
2022-05-20,NI2206,212800.0,0.03359371728814951,0,1,1
2022-05-23,NI2206,207750.0,-0.02401732373193169,1,0,-1
2022-05-24,NI2206,206020.0,-0.008362182280010236,0,0,0
2022-05-25,NI2206,202930.0,-0.015112159466669954,0,0,0
2022-05-26,NI2206,203970.0,0.005111832217600575,0,0,0
2022-05-27,NI2206,211080.0,0.03426428433098925,0,1,1
2022-05-30,NI2207,217730.0,0.031018554526760396,0,1,1
2022-05-31,NI2207,216750.0,-0.004511147403576355,0,0,0
2022-06-01,NI2207,212440.0,-0.020085020106452807,1,0,-1
2022-06-02,NI2207,215380.0,0.013744314346536448,0,0,0
2022-06-06,NI2207,218240.0,0.013191464754362503,0,0,0
2022-06-07,NI2207,219500.0,0.0057568578601288395,0,0,0
2022-06-08,NI2207,226270.0,0.03037674394801034,0,1,1
2022-06-09,NI2207,218060.0,-0.03695872218500067,1,0,-1
2022-06-10,NI2207,216780.0,-0.005887239890631817,0,0,0
2022-06-13,NI2207,205650.0,-0.05270731971117078,1,0,-1
2022-06-14,NI2207,204100.0,-0.007565624860633964,0,0,0
2022-06-15,NI2207,199160.0,-0.024501548041817128,1,0,-1
2022-06-16,NI2207,200650.0,0.0074535749389437935,0,0,0
2022-06-17,NI2207,197000.0,-0.018358367974937184,1,0,-1
2022-06-20,NI2207,195290.0,-0.008718095443297531,0,0,0
2022-06-21,NI2207,198690.0,0.017260187870306837,0,1,1
2022-06-22,NI2207,191900.0,-0.03477141815134356,1,0,-1
2022-06-23,NI2207,187140.0,-0.02511740316588732,1,0,-1
2022-06-24,NI2207,172310.0,-0.08256181969275879,1,0,-1
2022-06-27,NI2207,179480.0,0.04076860095277435,0,1,1
2022-06-28,NI2208,177280.0,-0.012333377548863557,0,0,0
2022-06-29,NI2208,170970.0,-0.036242301043901054,1,0,-1
2022-06-30,NI2208,176090.0,0.029507125457668742,0,1,1
2022-07-01,NI2208,164990.0,-0.06511036196933358,1,0,-1
2022-07-04,NI2208,166540.0,0.009350654804320315,0,0,0
2022-07-05,NI2208,168790.0,0.013419817893163072,0,0,0
2022-07-06,NI2208,169370.0,0.0034303322021934433,0,0,0
2022-07-07,NI2208,164230.0,-0.030817786553560333,1,0,-1
2022-07-08,NI2208,160800.0,-0.021106527604603624,1,0,-1
2022-07-11,NI2208,167680.0,0.04189604438781131,0,1,1
2022-07-12,NI2208,166810.0,-0.005201960966713246,0,0,0
2022-07-13,NI2208,169850.0,0.01806025444062891,0,1,1
2022-07-14,NI2208,158560.0,-0.06878262402491508,1,0,-1
2022-07-15,NI2208,143430.0,-0.10028595927555611,1,0,-1
2022-07-18,NI2208,153290.0,0.06648444087189424,0,1,1
2022-07-19,NI2208,154880.0,0.010319071350250874,0,0,0
2022-07-20,NI2208,165820.0,0.06825223915980572,0,1,1
2022-07-21,NI2208,167420.0,0.009602762543837738,0,0,0
2022-07-22,NI2208,168200.0,0.004648122306937341,0,0,0
2022-07-25,NI2208,170680.0,0.014636710780951597,0,0,0
2022-07-26,NI2208,180960.0,0.05848555404801113,0,1,1
2022-07-27,NI2209,167640.0,-0.07645718931093953,1,0,-1
2022-07-28,NI2209,169060.0,0.008434858443910821,0,0,0
2022-07-29,NI2209,171490.0,0.014271274367274107,0,0,0
2022-08-01,NI2209,180390.0,0.05059621785153123,0,1,1
2022-08-02,NI2209,177460.0,-0.016375942312395288,1,0,-1
2022-08-03,NI2209,174250.0,-0.018254181766558443,1,0,-1
2022-08-04,NI2209,172280.0,-0.011369989454723478,0,0,0
2022-08-05,NI2209,177260.0,0.028496521124342054,0,1,1
2022-08-08,NI2209,169820.0,-0.042878528739034485,1,0,-1
2022-08-09,NI2209,168470.0,-0.007981360173104675,0,0,0
2022-08-10,NI2209,166060.0,-0.014408523564228162,0,0,0
2022-08-11,NI2209,177020.0,0.06391355170684627,0,1,1
2022-08-12,NI2209,181200.0,0.023338673068148,0,1,1
2022-08-15,NI2209,174160.0,-0.039626976682586974,1,0,-1
2022-08-16,NI2209,173600.0,-0.003220614700042172,0,0,0
2022-08-17,NI2209,172680.0,-0.005313631538973086,0,0,0
2022-08-18,NI2209,169670.0,-0.017584796632428613,1,0,-1
2022-08-19,NI2209,171580.0,0.011194256089971035,0,0,0
2022-08-22,NI2209,178500.0,0.039538971074874696,0,1,1
2022-08-23,NI2210,173090.0,-0.030776910781386405,1,0,-1
2022-08-24,NI2210,170920.0,-0.012616079662483225,0,0,0
2022-08-25,NI2210,175640.0,0.02724083491769258,0,1,1
2022-08-26,NI2210,174200.0,-0.008232381275114296,0,0,0
2022-08-29,NI2210,165060.0,-0.05389502025386424,1,0,-1
2022-08-30,NI2210,164960.0,-0.0006060238958884078,0,0,0
2022-08-31,NI2210,170570.0,0.03344274938413181,0,1,1
2022-09-01,NI2210,165020.0,-0.03307909097658443,1,0,-1
2022-09-02,NI2210,161610.0,-0.02088065331564504,1,0,-1
2022-09-05,NI2210,169570.0,0.04807979555848395,0,1,1
2022-09-06,NI2210,174800.0,0.03037664230239906,0,1,1
2022-09-07,NI2210,172330.0,-0.014231219927949365,0,0,0
2022-09-08,NI2210,175020.0,0.015489009814199357,0,0,0
2022-09-09,NI2210,189000.0,0.07684676195195726,0,1,1
2022-09-13,NI2210,191800.0,0.014706147389695487,0,0,0
2022-09-14,NI2210,189000.0,-0.014706147389695449,0,0,0
2022-09-15,NI2210,189050.0,0.00026451527729940777,0,0,0
2022-09-16,NI2210,186860.0,-0.011651856972132285,0,0,0
2022-09-19,NI2210,189600.0,0.014556916456111903,0,0,0
2022-09-20,NI2210,195010.0,0.02813424947922788,0,1,1
2022-09-21,NI2210,202000.0,0.035216858101055404,0,1,1
2022-09-22,NI2210,196800.0,-0.026079712783051736,1,0,-1
2022-09-23,NI2210,192570.0,-0.021728260626356563,1,0,-1
2022-09-26,NI2210,187500.0,-0.026680878581330933,1,0,-1
2022-09-27,NI2210,187330.0,-0.000907077937497994,0,0,0
2022-09-28,NI2211,176990.0,-0.05677853367030507,1,0,-1
2022-09-29,NI2211,180220.0,0.018085093004228784,0,1,1
2022-09-30,NI2211,184370.0,0.022766281275408102,0,1,1
2022-10-10,NI2211,179200.0,-0.028442107541469273,1,0,-1
2022-10-11,NI2211,183600.0,0.024256977645559962,0,1,1
2022-10-12,NI2211,179410.0,-0.023085788755097036,1,0,-1
2022-10-13,NI2211,178910.0,-0.002790803329561658,0,0,0
2022-10-14,NI2211,185400.0,0.03563276703002327,0,1,1
2022-10-17,NI2211,181810.0,-0.01955346740057334,1,0,-1
2022-10-18,NI2211,180100.0,-0.009449933549271095,0,0,0
2022-10-19,NI2211,184310.0,0.023106870381620882,0,1,1
2022-10-20,NI2211,188160.0,0.020673542146730707,0,1,1
2022-10-21,NI2211,181400.0,-0.03658812702922592,1,0,-1
2022-10-24,NI2211,187220.0,0.031579858262562446,0,1,1
2022-10-25,NI2211,189160.0,0.01030882183207644,0,0,0
2022-10-26,NI2211,189200.0,0.0002114388421029302,0,0,0
2022-10-27,NI2212,184500.0,-0.025155193137196028,1,0,-1
2022-10-28,NI2212,182200.0,-0.012544478654723955,0,0,0
2022-10-31,NI2212,178900.0,-0.018277994311184473,1,0,-1
2022-11-01,NI2212,189200.0,0.055977666103104486,0,1,1
2022-11-02,NI2212,192220.0,0.015835892777360472,0,1,1
2022-11-03,NI2212,191600.0,-0.003230683858378116,0,0,0
2022-11-04,NI2212,192310.0,0.0036987877859958685,0,0,0
2022-11-07,NI2212,190410.0,-0.009929011336267536,0,0,0
2022-11-08,NI2212,192190.0,0.009304824059824857,0,0,0
2022-11-09,NI2212,192980.0,0.004102090545924432,0,0,0
2022-11-10,NI2212,200750.0,0.03947379623463326,0,1,1
2022-11-11,NI2212,206280.0,0.02717411635588713,0,1,1
2022-11-14,NI2212,200570.0,-0.02807115618480281,1,0,-1
2022-11-15,NI2212,206460.0,0.028943376039488506,0,1,1
2022-11-16,NI2212,206370.0,-0.00043601483141157986,0,0,0
2022-11-17,NI2212,202520.0,-0.018832027104324016,1,0,-1
2022-11-18,NI2212,200200.0,-0.011521780220588178,0,0,0
2022-11-21,NI2212,197130.0,-0.015453457303234006,0,0,0
2022-11-22,NI2212,198230.0,0.00556456312423333,0,0,0
2022-11-23,NI2212,198610.0,0.0019151301085806197,0,0,0
2022-11-24,NI2212,198360.0,-0.0012595411897671095,0,0,0
2022-11-25,NI2212,199620.0,0.006331997637507326,0,0,0
2022-11-28,NI2301,190190.0,-0.04839198676487071,1,0,-1
2022-11-29,NI2301,194950.0,0.02471954293503665,0,1,1
2022-11-30,NI2301,200190.0,0.026523800155018505,0,1,1
2022-12-01,NI2301,202440.0,0.011176630762252277,0,0,0
2022-12-02,NI2301,202320.0,-0.0005929439841675326,0,0,0
2022-12-05,NI2301,207750.0,0.02648483137384782,0,1,1
2022-12-06,NI2301,206700.0,-0.005066967047834955,0,0,0
2022-12-07,NI2301,207650.0,0.0045855033890400436,0,0,0
2022-12-08,NI2301,218810.0,0.052349803265797454,0,1,1
2022-12-09,NI2301,221520.0,0.012309105520146402,0,0,0
2022-12-12,NI2301,218040.0,-0.01583434666662633,0,0,0
2022-12-13,NI2301,224180.0,0.027770768396869254,0,1,1
2022-12-14,NI2301,219700.0,-0.02018632120238482,1,0,-1
2022-12-15,NI2301,217450.0,-0.0102940403469171,0,0,0
2022-12-16,NI2301,215610.0,-0.008497718895186438,0,0,0
2022-12-19,NI2301,213730.0,-0.008757683960741672,0,0,0
2022-12-20,NI2302,212080.0,-0.007749974206949208,0,0,0
2022-12-21,NI2302,215090.0,0.014092983207571555,0,0,0
2022-12-22,NI2302,218960.0,0.017832519544081993,0,1,1
2022-12-23,NI2302,217520.0,-0.0065982644082083495,0,0,0
2022-12-26,NI2302,218690.0,0.0053644015760164155,0,0,0
2022-12-27,NI2302,227750.0,0.04059333423983607,0,1,1
2022-12-28,NI2302,228250.0,0.0021929833350100864,0,0,0
2022-12-29,NI2302,228890.0,0.002800019329479203,0,0,0
2022-12-30,NI2302,232000.0,0.01349583286175302,0,0,0
2023-01-03,NI2302,228820.0,-0.013801703393512183,0,0,0
2023-01-04,NI2302,229420.0,0.0026187165803237826,0,0,0
2023-01-05,NI2302,220290.0,-0.04060952472149284,1,0,-1
2023-01-06,NI2302,210200.0,-0.04688540168877808,1,0,-1
2023-01-09,NI2302,212110.0,0.009045549588274226,0,0,0
2023-01-10,NI2302,206020.0,-0.02913175657557762,1,0,-1
2023-01-11,NI2302,209530.0,0.016893675745469277,0,1,1
2023-01-12,NI2302,203530.0,-0.029053513036228888,1,0,-1
2023-01-13,NI2302,208370.0,0.023501931417321105,0,1,1
2023-01-16,NI2302,203250.0,-0.0248785971541888,1,0,-1
2023-01-17,NI2302,204800.0,0.007597144737432645,0,0,0
2023-01-18,NI2302,205670.0,0.004239049396015425,0,0,0
2023-01-19,NI2303,210790.0,0.02458943465043505,0,1,1
2023-01-20,NI2303,219240.0,0.03930464296611231,0,1,1
2023-01-30,NI2303,219960.0,0.0032786914616982953,0,0,0
2023-01-31,NI2303,222540.0,0.011661149089940382,0,0,0
2023-02-01,NI2303,225410.0,0.012814105464314551,0,0,0
2023-02-02,NI2303,217980.0,-0.03351765073270328,1,0,-1
2023-02-03,NI2303,221760.0,0.01719240054037277,0,1,1
2023-02-06,NI2303,213610.0,-0.037443793531955004,1,0,-1
2023-02-07,NI2303,209850.0,-0.01775893268998348,1,0,-1
2023-02-08,NI2303,212370.0,0.011937046674607623,0,0,0
2023-02-09,NI2303,210500.0,-0.008844383331771436,0,0,0
2023-02-10,NI2303,218560.0,0.03757492325998906,0,1,1
2023-02-13,NI2303,208500.0,-0.047121535143569156,1,0,-1
2023-02-14,NI2303,207190.0,-0.0063027945664649145,0,0,0
2023-02-15,NI2303,205060.0,-0.010333627430446024,0,0,0
2023-02-16,NI2303,205000.0,-0.0002926401035369697,0,0,0
2023-02-17,NI2303,203100.0,-0.009311510552069186,0,0,0
2023-02-20,NI2303,204500.0,0.0068695068965174,0,0,0
2023-02-21,NI2303,210210.0,0.027539055567695824,0,1,1
2023-02-22,NI2303,207050.0,-0.015146721058975967,0,0,0
2023-02-23,NI2303,205430.0,-0.007854966687156514,0,0,0
2023-02-24,NI2304,199990.0,-0.02683797800642479,1,0,-1
2023-02-27,NI2304,194910.0,-0.025729451737445664,1,0,-1
2023-02-28,NI2304,197930.0,0.015375519272094391,0,0,0
2023-03-01,NI2304,195620.0,-0.01173943097029685,0,0,0
2023-03-02,NI2304,188180.0,-0.038775050283727276,1,0,-1
2023-03-03,NI2304,187090.0,-0.005809167081292397,0,0,0
2023-03-06,NI2304,188620.0,0.008144624618411481,0,0,0
2023-03-07,NI2304,188780.0,0.0008479067810596536,0,0,0
2023-03-08,NI2304,186830.0,-0.01038320342505229,0,0,0
2023-03-09,NI2304,186510.0,-0.0017142555223902038,0,0,0
2023-03-10,NI2304,179670.0,-0.03736302200487518,1,0,-1
2023-03-13,NI2304,178300.0,-0.007654310075386028,0,0,0
2023-03-14,NI2304,177570.0,-0.004102627498351351,0,0,0
2023-03-15,NI2304,176560.0,-0.005704135422262425,0,0,0
2023-03-16,NI2304,173890.0,-0.015237846554503453,0,0,0
2023-03-17,NI2304,175960.0,0.01183378108654156,0,0,0
2023-03-20,NI2304,174860.0,-0.006271042727774112,0,0,0
2023-03-21,NI2304,173510.0,-0.007750419139164507,0,0,0
2023-03-22,NI2304,177310.0,0.021664378455316848,0,1,1
2023-03-23,NI2304,173060.0,-0.024261257890304422,1,0,-1
2023-03-24,NI2304,181410.0,0.04712130777463836,0,1,1
2023-03-27,NI2305,174400.0,-0.03940815147835202,1,0,-1
2023-03-28,NI2305,179060.0,0.026369433731130654,0,1,1
2023-03-29,NI2305,179550.0,0.0027327754660819922,0,0,0
2023-03-30,NI2305,176580.0,-0.016679689198655426,1,0,-1
2023-03-31,NI2305,174170.0,-0.013742197729742871,0,0,0
2023-04-03,NI2305,179900.0,0.03236930721279383,0,1,1
2023-04-04,NI2305,176860.0,-0.017042681808898417,1,0,-1
2023-04-06,NI2305,173350.0,-0.020045787016556665,1,0,-1
2023-04-07,NI2305,179300.0,0.03374770848005466,0,1,1
2023-04-10,NI2305,178530.0,-0.00430372628621678,0,0,0
2023-04-11,NI2305,180000.0,0.00820019656534001,0,0,0
2023-04-12,NI2305,182460.0,0.01357412002711795,0,0,0
2023-04-13,NI2305,181290.0,-0.006433011875751424,0,0,0
2023-04-14,NI2305,185250.0,0.02160830513461948,0,1,1
2023-04-17,NI2305,189830.0,0.02442267062625414,0,1,1
2023-04-18,NI2305,188720.0,-0.0058644997030309655,0,0,0
2023-04-19,NI2305,195910.0,0.037390935000521236,0,1,1
2023-04-20,NI2306,190410.0,-0.028475728113452416,1,0,-1
2023-04-21,NI2306,185200.0,-0.027743319774409393,1,0,-1
2023-04-24,NI2306,181900.0,-0.01797923668800246,1,0,-1
2023-04-25,NI2306,183140.0,0.0067938021555095035,0,0,0
2023-04-26,NI2306,179570.0,-0.019685783625779635,1,0,-1
2023-04-27,NI2306,179420.0,-0.0008356779226690074,0,0,0
2023-04-28,NI2306,182320.0,0.01603395880629133,0,1,1
2023-05-04,NI2306,187280.0,0.02684143824522644,0,1,1
2023-05-05,NI2306,183260.0,-0.021698913645588142,1,0,-1
2023-05-08,NI2306,185130.0,0.010152371464017908,0,0,0
2023-05-09,NI2306,179710.0,-0.029713840457154472,1,0,-1
2023-05-10,NI2306,179460.0,-0.0013920986740190552,0,0,0
2023-05-11,NI2306,169580.0,-0.05662754999405466,1,0,-1
2023-05-12,NI2306,168910.0,-0.0039587631836033,0,0,0
2023-05-15,NI2306,170850.0,0.011419949869047081,0,0,0
2023-05-16,NI2306,165500.0,-0.03181478374418323,1,0,-1
2023-05-17,NI2306,165300.0,-0.001209189990139109,0,0,0
2023-05-18,NI2306,165450.0,0.0009070295406426232,0,0,0
2023-05-19,NI2306,167300.0,0.011119573625157204,0,0,0
2023-05-22,NI2306,166310.0,-0.005935091310729786,0,0,0
2023-05-23,NI2306,162500.0,-0.02317551491225642,1,0,-1
2023-05-24,NI2306,167070.0,0.02773488449989475,0,1,1
2023-05-25,NI2306,169080.0,0.011959089428902288,0,0,0
2023-05-26,NI2307,162470.0,-0.039878606356930225,1,0,-1
2023-05-29,NI2307,162140.0,-0.002033209782097845,0,0,0
2023-05-30,NI2307,163790.0,0.01012495993472697,0,0,0
2023-05-31,NI2307,156100.0,-0.04808829197290175,1,0,-1
2023-06-01,NI2307,159790.0,0.02336362562991072,0,1,1
2023-06-02,NI2307,163060.0,0.020257778083467647,0,1,1
2023-06-05,NI2307,158160.0,-0.03051105237240325,1,0,-1
2023-06-06,NI2307,158590.0,0.002715076648148072,0,0,0
2023-06-07,NI2307,159090.0,0.003147824306638732,0,0,0
2023-06-08,NI2307,158980.0,-0.0006916716721816804,0,0,0
2023-06-09,NI2307,162640.0,0.022760761175124676,0,1,1
2023-06-12,NI2307,163500.0,0.00527382101721683,0,0,0
2023-06-13,NI2307,161310.0,-0.013485010847611624,0,0,0
2023-06-14,NI2307,169950.0,0.052176296652428636,0,1,1
2023-06-15,NI2307,171110.0,0.006802348401753955,0,0,0
2023-06-16,NI2307,173320.0,0.012832972327829604,0,0,0
2023-06-19,NI2307,168560.0,-0.027847827375775038,1,0,-1
2023-06-20,NI2307,168410.0,-0.0008902870279706834,0,0,0
2023-06-21,NI2307,167950.0,-0.0027351664096611924,0,0,0
2023-06-26,NI2307,163500.0,-0.026853325720993693,1,0,-1
2023-06-27,NI2308,159450.0,-0.025082596881241485,1,0,-1
2023-06-28,NI2308,157910.0,-0.009705142977514796,0,0,0
2023-06-29,NI2308,155190.0,-0.017375077795018408,1,0,-1
2023-06-30,NI2308,157500.0,0.01477528558215446,0,0,0
2023-07-03,NI2308,159240.0,0.010987039866428624,0,0,0
2023-07-04,NI2308,159500.0,0.001631424092782906,0,0,0
2023-07-05,NI2308,158290.0,-0.007615128527252307,0,0,0
2023-07-06,NI2308,165760.0,0.046112165373471244,0,1,1
2023-07-07,NI2308,163440.0,-0.014095008561751676,0,0,0
2023-07-10,NI2308,161030.0,-0.014855267479462031,0,0,0
2023-07-11,NI2308,164020.0,0.018397688578360456,0,1,1
2023-07-12,NI2308,165090.0,0.006502408131511907,0,0,0
2023-07-13,NI2308,166890.0,0.010844133015534519,0,0,0
2023-07-14,NI2308,166200.0,-0.00414303033396375,0,0,0
2023-07-17,NI2308,165080.0,-0.006761677536966771,0,0,0
2023-07-18,NI2308,164810.0,-0.001636909638292368,0,0,0
2023-07-19,NI2308,165370.0,0.003392092416016346,0,0,0
2023-07-20,NI2308,170490.0,0.030491256315034854,0,1,1
2023-07-21,NI2308,170530.0,0.00023459034768310612,0,0,0
2023-07-24,NI2308,168910.0,-0.009545205632569274,0,0,0
2023-07-25,NI2308,170930.0,0.011888087275923007,0,0,0
2023-07-26,NI2308,172990.0,0.01197967339070933,0,0,0
2023-07-27,NI2309,168400.0,-0.026891687550659658,1,0,-1
2023-07-28,NI2309,170460.0,0.012158563285925114,0,0,0
2023-07-31,NI2309,172260.0,0.010504298266875975,0,0,0
2023-08-01,NI2309,171270.0,-0.0057637047167501294,0,0,0
2023-08-02,NI2309,172020.0,0.004369490479055862,0,0,0
2023-08-03,NI2309,167580.0,-0.026149899938193076,1,0,-1
2023-08-04,NI2309,169970.0,0.01416110170411965,0,0,0
2023-08-07,NI2309,166080.0,-0.0231523509117363,1,0,-1
2023-08-08,NI2309,165940.0,-0.0008433227413845757,0,0,0
2023-08-09,NI2309,166580.0,0.003849397271055116,0,0,0
2023-08-10,NI2309,163950.0,-0.01591417121653721,0,0,0
2023-08-11,NI2309,165280.0,0.00807950208067105,0,0,0
2023-08-14,NI2309,164710.0,-0.0034546535767439558,0,0,0
2023-08-15,NI2309,164980.0,0.0016379026380012893,0,0,0
2023-08-16,NI2309,162300.0,-0.016377779912040147,1,0,-1
2023-08-17,NI2309,164960.0,0.016256545748104194,0,1,1
2023-08-18,NI2309,167170.0,0.013308238445889705,0,0,0
2023-08-21,NI2309,166620.0,-0.003295488167776195,0,0,0
2023-08-22,NI2310,168400.0,0.010626331261463227,0,0,0
2023-08-23,NI2310,168590.0,0.0011276300194834165,0,0,0
2023-08-24,NI2310,167980.0,-0.003624807130228731,0,0,0
2023-08-25,NI2310,169500.0,0.009008002123023811,0,0,0
2023-08-28,NI2310,167070.0,-0.014440040550817995,0,0,0
2023-08-29,NI2310,164950.0,-0.012770488595096493,0,0,0
2023-08-30,NI2310,165800.0,0.005139845026604083,0,0,0
2023-08-31,NI2310,164840.0,-0.005806936230577959,0,0,0
2023-09-01,NI2310,168200.0,0.02017844106823102,0,1,1
2023-09-04,NI2310,170710.0,0.014812462853813744,0,0,0
2023-09-05,NI2310,171800.0,0.006364799157493547,0,0,0
2023-09-06,NI2310,171860.0,0.0003491823349220343,0,0,0
2023-09-07,NI2310,167620.0,-0.024980679214316792,1,0,-1
2023-09-08,NI2310,166220.0,-0.008387300545879819,0,0,0
2023-09-11,NI2310,166450.0,0.0013827518961536708,0,0,0
2023-09-12,NI2310,162170.0,-0.02604979628975091,1,0,-1
2023-09-13,NI2310,161600.0,-0.0035210216442880604,0,0,0
2023-09-14,NI2310,162300.0,0.004322328433550584,0,0,0
2023-09-15,NI2310,162800.0,0.0030759790478942857,0,0,0
2023-09-18,NI2310,162900.0,0.0006140620395594859,0,0,0
2023-09-19,NI2310,161670.0,-0.0075792949944843745,0,0,0
2023-09-20,NI2310,163540.0,0.011500388120316113,0,0,0
2023-09-21,NI2310,157480.0,-0.03775914265829445,1,0,-1
2023-09-22,NI2310,157210.0,-0.0017159748721141985,0,0,0
2023-09-25,NI2311,157210.0,0.0,0,0,0
2023-09-26,NI2311,155200.0,-0.012867883454304119,0,0,0
2023-09-27,NI2311,149990.0,-0.03414598254185028,1,0,-1
2023-09-28,NI2311,151910.0,0.012719615012303153,0,0,0
2023-10-09,NI2311,150990.0,-0.006074630763192997,0,0,0
2023-10-10,NI2311,151650.0,0.004361624678211895,0,0,0
2023-10-11,NI2311,150710.0,-0.006217773703005136,0,0,0
2023-10-12,NI2311,152330.0,0.01069175971702464,0,0,0
2023-10-13,NI2311,151220.0,-0.007313490018485901,0,0,0
2023-10-16,NI2311,152380.0,0.0076416709147398235,0,0,0
2023-10-17,NI2311,149760.0,-0.01734338831558171,1,0,-1
2023-10-18,NI2311,149530.0,-0.0015369711335295644,0,0,0
2023-10-19,NI2311,148920.0,-0.004087792591236128,0,0,0
2023-10-20,NI2311,146000.0,-0.019802627296179754,1,0,-1
2023-10-23,NI2311,148710.0,0.018391478992255763,0,1,1
2023-10-24,NI2311,147560.0,-0.007763227972117383,0,0,0
2023-10-25,NI2311,147900.0,0.0023014969882791674,0,0,0
2023-10-26,NI2311,146990.0,-0.00617181246285777,0,0,0
2023-10-27,NI2312,145590.0,-0.009570105168661785,0,0,0
2023-10-30,NI2312,146470.0,0.006026177244981236,0,0,0
2023-10-31,NI2312,143580.0,-0.01992825818187887,1,0,-1
2023-11-01,NI2312,140640.0,-0.0206889372114701,1,0,-1
2023-11-02,NI2312,140830.0,0.0013500552730921383,0,0,0
2023-11-03,NI2312,142830.0,0.014101622664578256,0,0,0
2023-11-06,NI2312,142840.0,7.001085171066557e-05,0,0,0
2023-11-07,NI2312,141450.0,-0.009778824978671519,0,0,0
2023-11-08,NI2312,141240.0,-0.001485726687390549,0,0,0
2023-11-09,NI2312,142270.0,0.007266089602889952,0,0,0
2023-11-10,NI2312,140280.0,-0.014086235391098226,0,0,0
2023-11-13,NI2312,139660.0,-0.004429527854088157,0,0,0
2023-11-14,NI2312,138270.0,-0.01000260201736259,0,0,0
2023-11-15,NI2312,139300.0,0.007421585385233501,0,0,0
2023-11-16,NI2312,138810.0,-0.0035237891987420842,0,0,0
2023-11-17,NI2312,136290.0,-0.018321123147596246,1,0,-1
2023-11-20,NI2312,134950.0,-0.009880628975407913,0,0,0
2023-11-21,NI2312,132510.0,-0.018246225187468927,1,0,-1
2023-11-22,NI2312,129410.0,-0.023672455442966023,1,0,-1
2023-11-23,NI2312,127720.0,-0.013145290986997512,0,0,0
2023-11-24,NI2401,128700.0,0.007643746755499651,0,0,0
2023-11-27,NI2401,122780.0,-0.047089978602730745,1,0,-1
2023-11-28,NI2401,129160.0,0.05065780989072419,0,1,1
2023-11-29,NI2401,131110.0,0.01498471962123593,0,0,0
2023-11-30,NI2401,131210.0,0.0007624276063138416,0,0,0
2023-12-01,NI2401,129380.0,-0.01404528250178499,0,0,0
2023-12-04,NI2401,128460.0,-0.007136238786192961,0,0,0
2023-12-05,NI2401,125120.0,-0.02634429503264544,1,0,-1
2023-12-06,NI2401,130550.0,0.04248301834813692,0,1,1
2023-12-07,NI2401,130540.0,-7.660193806651817e-05,0,0,0
2023-12-08,NI2401,133820.0,0.024815920147599608,0,1,1
2023-12-11,NI2401,132060.0,-0.013239248588245546,0,0,0
2023-12-12,NI2401,131800.0,-0.0019707426980184804,0,0,0
2023-12-13,NI2401,130400.0,-0.010678972575854255,0,0,0
2023-12-14,NI2401,132130.0,0.013179636933572826,0,0,0
2023-12-15,NI2401,132080.0,-0.0003784868142529346,0,0,0
2023-12-18,NI2401,133390.0,0.00986936854108003,0,0,0
2023-12-19,NI2401,131070.0,-0.017545636521498504,1,0,-1
2023-12-20,NI2401,131200.0,0.0009913448785344614,0,0,0
2023-12-21,NI2401,129830.0,-0.010496974137826654,0,0,0
2023-12-22,NI2401,130740.0,0.006984715812421484,0,0,0
2023-12-25,NI2402,130980.0,0.0018340216053240443,0,0,0
2023-12-26,NI2402,129140.0,-0.014147552591586609,0,0,0
2023-12-27,NI2402,129550.0,0.0031698198097980623,0,0,0
2023-12-28,NI2402,129510.0,-0.0003088087726231505,0,0,0
2023-12-29,NI2402,125210.0,-0.03376577055463956,1,0,-1
2024-01-02,NI2402,127510.0,0.01820246521459424,0,1,1
2024-01-03,NI2402,128090.0,0.004538348947594055,0,0,0
2024-01-04,NI2402,125400.0,-0.0212245136442244,1,0,-1
2024-01-05,NI2402,123540.0,-0.014943637931067195,0,0,0
2024-01-08,NI2402,124450.0,0.007339038545848016,0,0,0
2024-01-09,NI2402,125750.0,0.010391780166247606,0,0,0
2024-01-10,NI2402,124920.0,-0.0066222765649707254,0,0,0
2024-01-11,NI2402,128970.0,0.031906286761422105,0,1,1
2024-01-12,NI2402,129420.0,0.003483110452820178,0,0,0
2024-01-15,NI2402,127200.0,-0.01730227872309828,1,0,-1
2024-01-16,NI2402,126850.0,-0.0027553648607309025,0,0,0
2024-01-17,NI2402,127030.0,0.0014179929900785544,0,0,0
2024-01-18,NI2402,128260.0,0.009636174685347564,0,0,0
2024-01-19,NI2402,127950.0,-0.002419891114919004,0,0,0
2024-01-22,NI2402,125940.0,-0.01583395954520121,0,0,0
2024-01-23,NI2403,129790.0,0.03011215663907089,0,1,1
2024-01-24,NI2403,129780.0,-7.705050664520413e-05,0,0,0
2024-01-25,NI2403,129720.0,-0.00046242775390514297,0,0,0
2024-01-26,NI2403,130400.0,0.005228368053435438,0,0,0
2024-01-29,NI2403,129280.0,-0.00862605471976728,0,0,0
2024-01-30,NI2403,127190.0,-0.016298563309392163,1,0,-1
2024-01-31,NI2403,126990.0,-0.001573688262451101,0,0,0
2024-02-01,NI2403,126240.0,-0.005923486103377901,0,0,0
2024-02-02,NI2403,126430.0,0.0015039382262421865,0,0,0
2024-02-05,NI2403,124860.0,-0.012495685690208303,0,0,0
2024-02-06,NI2403,124960.0,0.0008005764577777148,0,0,0
2024-02-07,NI2403,124050.0,-0.007308975953565769,0,0,0
2024-02-08,NI2403,126250.0,0.017579358017659114,0,1,1
2024-02-19,NI2403,125900.0,-0.0027761271051677267,0,0,0
2024-02-20,NI2403,126570.0,0.005307573754055486,0,0,0
2024-02-21,NI2403,128280.0,0.013419860020597078,0,0,0
2024-02-22,NI2403,131320.0,0.023421717808437752,0,1,1
2024-02-23,NI2403,135620.0,0.03221976462230423,0,1,1
2024-02-26,NI2405,133160.0,-0.01830544454887188,1,0,-1
2024-02-27,NI2405,134210.0,0.00785432470289029,0,0,0
2024-02-28,NI2405,134290.0,0.0005959031833694142,0,0,0
2024-02-29,NI2405,137710.0,0.02514838414595072,0,1,1
2024-03-01,NI2405,137070.0,-0.00465828049574466,0,0,0
2024-03-04,NI2405,136620.0,-0.003288394939586552,0,0,0
2024-03-05,NI2405,136420.0,-0.0014649870771300127,0,0,0
2024-03-06,NI2405,135240.0,-0.008687384386888052,0,0,0
2024-03-07,NI2405,136120.0,0.0064858717930198,0,0,0
2024-03-08,NI2405,138480.0,0.017189061235248868,0,1,1
2024-03-11,NI2405,137640.0,-0.006084329938674129,0,0,0
2024-03-12,NI2405,140290.0,0.019070127801401215,0,1,1
2024-03-13,NI2405,142050.0,0.012467399569516067,0,0,0
2024-03-14,NI2405,140280.0,-0.012538683028219552,0,0,0
2024-03-15,NI2405,141870.0,0.011270720051916724,0,0,0
2024-03-18,NI2405,139950.0,-0.013625929362431545,0,0,0
2024-03-19,NI2405,137460.0,-0.01795225026800333,1,0,-1
2024-03-20,NI2405,136560.0,-0.006568887207273982,0,0,0
2024-03-21,NI2405,137980.0,0.010344668631777522,0,0,0
2024-03-22,NI2405,134710.0,-0.023984427407486054,1,0,-1
2024-03-25,NI2405,133330.0,-0.01029706158310947,0,0,0
2024-03-26,NI2405,131780.0,-0.011693392641693251,0,0,0
2024-03-27,NI2405,129510.0,-0.01737576725017795,1,0,-1
2024-03-28,NI2405,130530.0,0.007844987165202502,0,0,0
2024-03-29,NI2405,130920.0,0.0029833642322814233,0,0,0
2024-04-01,NI2405,131600.0,0.005180569258237123,0,0,0
2024-04-02,NI2405,132590.0,0.007494641235410669,0,0,0
2024-04-03,NI2405,133450.0,0.006465215723905651,0,0,0
2024-04-08,NI2405,136620.0,0.02347647345317005,0,1,1
2024-04-09,NI2405,137090.0,0.003434295144105589,0,0,0
2024-04-10,NI2405,139680.0,0.018716447643483097,0,1,1
2024-04-11,NI2405,139610.0,-0.0005012710907354879,0,0,0
2024-04-12,NI2405,138250.0,-0.009789180598112387,0,0,0
2024-04-15,NI2405,139240.0,0.007135422540793984,0,0,0
2024-04-16,NI2405,134540.0,-0.034337510345778435,1,0,-1
2024-04-17,NI2405,136100.0,0.011528357059960713,0,0,0
2024-04-18,NI2405,138270.0,0.01581838574310619,0,0,0
2024-04-19,NI2406,141500.0,0.02309142168276569,0,1,1
2024-04-22,NI2406,143580.0,0.01459265406504462,0,0,0
2024-04-23,NI2406,140970.0,-0.018345269365502934,1,0,-1
2024-04-24,NI2406,142990.0,0.014227595961921791,0,0,0
2024-04-25,NI2406,143820.0,0.005787819929592183,0,0,0
2024-04-26,NI2406,145870.0,0.014153296423773885,0,0,0
2024-04-29,NI2406,142850.0,-0.020920685421339784,1,0,-1
2024-04-30,NI2406,143140.0,0.002028043633669317,0,0,0
2024-05-06,NI2406,145040.0,0.013186394136144232,0,0,0
2024-05-07,NI2406,144170.0,-0.006016407622783267,0,0,0
2024-05-08,NI2406,141190.0,-0.020886657802378687,1,0,-1
2024-05-09,NI2406,141770.0,0.004099525108106511,0,0,0
2024-05-10,NI2406,144760.0,0.02087117256600156,0,1,1
2024-05-13,NI2406,143510.0,-0.00867247951270126,0,0,0
2024-05-14,NI2406,144460.0,0.0065979334398602926,0,0,0
2024-05-15,NI2406,144380.0,-0.0005539399116858048,0,0,0
2024-05-16,NI2406,146620.0,0.015395493084425654,0,0,0
2024-05-17,NI2406,153460.0,0.04559574095407856,0,1,1
2024-05-20,NI2406,157390.0,0.025286854813990456,0,1,1
2024-05-21,NI2406,157810.0,0.0026649761965317252,0,0,0
2024-05-22,NI2406,157410.0,-0.002537911393311218,0,0,0
2024-05-23,NI2406,151410.0,-0.038862477346449376,1,0,-1
2024-05-24,NI2406,152780.0,0.009007589092932986,0,0,0
2024-05-27,NI2406,152930.0,0.000981322246818253,0,0,0
2024-05-28,NI2407,155660.0,0.017693841171210235,0,1,1
2024-05-29,NI2407,156410.0,0.00480662315490802,0,0,0
2024-05-30,NI2407,151400.0,-0.03255542368280182,1,0,-1
2024-05-31,NI2407,151650.0,0.0016498931312416867,0,0,0
2024-06-03,NI2407,147430.0,-0.028221747272861728,1,0,-1
2024-06-04,NI2407,146580.0,-0.0057821323640242835,0,0,0
2024-06-05,NI2407,142000.0,-0.03174429689644334,1,0,-1
2024-06-06,NI2407,142920.0,0.006457975553948219,0,0,0
2024-06-07,NI2407,142770.0,-0.001050089354080316,0,0,0
2024-06-11,NI2407,139610.0,-0.022382122800572203,1,0,-1
2024-06-12,NI2407,139770.0,0.0011453934962583929,0,0,0
2024-06-13,NI2407,138520.0,-0.008983494962593892,0,0,0
2024-06-14,NI2407,137010.0,-0.010960803669203927,0,0,0
2024-06-17,NI2407,135170.0,-0.013520670369280868,0,0,0
2024-06-18,NI2407,133810.0,-0.010112362178838907,0,0,0
2024-06-19,NI2407,134470.0,0.004920242518881073,0,0,0
2024-06-20,NI2407,135400.0,0.006892234642395932,0,0,0
2024-06-21,NI2407,133510.0,-0.01405697907617103,0,0,0
2024-06-24,NI2407,134050.0,0.004036483279964637,0,0,0
2024-06-25,NI2407,135550.0,0.011127711262706286,0,0,0
2024-06-26,NI2407,136040.0,0.003608384194320158,0,0,0
2024-06-27,NI2409,134200.0,-0.013617735601413328,0,0,0
2024-06-28,NI2409,135480.0,0.009492803411989624,0,0,0
2024-07-01,NI2409,137000.0,0.011156897878553952,0,0,0
2024-07-02,NI2409,138020.0,0.007417676364330929,0,0,0
2024-07-03,NI2409,137880.0,-0.001014860543791176,0,0,0
2024-07-04,NI2409,137590.0,-0.0021054932089394763,0,0,0
2024-07-05,NI2409,138090.0,0.003627398057534575,0,0,0
2024-07-08,NI2409,138610.0,0.003758587728001861,0,0,0
2024-07-09,NI2409,137430.0,-0.008549537658501203,0,0,0
2024-07-10,NI2409,133740.0,-0.027217079940927966,1,0,-1
2024-07-11,NI2409,133880.0,0.0010462597172934262,0,0,0
2024-07-12,NI2409,135010.0,0.008404973426028903,0,0,0
2024-07-15,NI2409,134330.0,-0.005049390694232942,0,0,0
2024-07-16,NI2409,133980.0,-0.0026089239948003645,0,0,0
2024-07-17,NI2409,131810.0,-0.016329043355747114,1,0,-1
2024-07-18,NI2409,130740.0,-0.008150873539790864,0,0,0
2024-07-19,NI2409,130170.0,-0.004369329706214458,0,0,0
2024-07-22,NI2409,128610.0,-0.012056719200373555,0,0,0
2024-07-23,NI2409,127980.0,-0.004910567566681224,0,0,0
2024-07-24,NI2409,128530.0,0.004288338410726226,0,0,0
2024-07-25,NI2409,124550.0,-0.031455098413851,1,0,-1
2024-07-26,NI2409,126700.0,0.017114845618903914,0,1,1
2024-07-29,NI2409,127260.0,0.00441015047755279,0,0,0
2024-07-30,NI2409,126650.0,-0.004804861356961876,0,0,0
2024-07-31,NI2409,131840.0,0.04016168971347739,0,1,1
2024-08-01,NI2409,132250.0,0.003105004577247134,0,0,0
2024-08-02,NI2409,130990.0,-0.00957308632885117,0,0,0
2024-08-05,NI2409,128580.0,-0.018569705696016885,1,0,-1
2024-08-06,NI2409,128710.0,0.0010105329477456515,0,0,0
2024-08-07,NI2409,129200.0,0.003799779687215013,0,0,0
2024-08-08,NI2409,127180.0,-0.015758185509239752,0,0,0
2024-08-09,NI2409,130900.0,0.028830267076592465,0,1,1
2024-08-12,NI2409,128310.0,-0.019984462008927284,1,0,-1
2024-08-13,NI2409,128330.0,0.00015586034944267699,0,0,0
2024-08-14,NI2409,127240.0,-0.008530004375426246,0,0,0
2024-08-15,NI2409,129450.0,0.017219639316603266,0,1,1
2024-08-16,NI2409,127920.0,-0.011889637671847844,0,0,0
2024-08-19,NI2409,130360.0,0.018894785443662056,0,1,1
2024-08-20,NI2409,129320.0,-0.008009901112128435,0,0,0
2024-08-21,NI2409,131550.0,0.01709705462906943,0,1,1
2024-08-22,NI2409,128700.0,-0.02190289288422079,1,0,-1
2024-08-23,NI2410,130950.0,0.01733145635163994,0,1,1
2024-08-26,NI2410,131350.0,0.003049945177827885,0,0,0
2024-08-27,NI2410,132030.0,0.005163653359560757,0,0,0
2024-08-28,NI2410,131110.0,-0.006992503979799296,0,0,0
2024-08-29,NI2410,131760.0,0.004945420358074449,0,0,0
2024-08-30,NI2410,131510.0,-0.001899191515511374,0,0,0
2024-09-02,NI2410,127760.0,-0.0289293904471165,1,0,-1
2024-09-03,NI2410,128810.0,0.008184946501239606,0,0,0
2024-09-04,NI2410,125500.0,-0.02603269183615795,1,0,-1
2024-09-05,NI2410,123450.0,-0.01646954278065012,1,0,-1
2024-09-06,NI2410,123920.0,0.003799980317424781,0,0,0
2024-09-09,NI2410,122800.0,-0.009079180395571148,0,0,0
2024-09-10,NI2410,121610.0,-0.009737812720133888,0,0,0
2024-09-11,NI2410,123030.0,0.011609025079169397,0,0,0
2024-09-12,NI2410,124300.0,0.01026977044458795,0,0,0
2024-09-13,NI2410,124110.0,-0.0015297293752356265,0,0,0
2024-09-18,NI2410,124370.0,0.002092724524219748,0,0,0
2024-09-19,NI2410,125920.0,0.01238579100344337,0,0,0
2024-09-20,NI2410,125350.0,-0.004536960064790684,0,0,0
2024-09-23,NI2410,124830.0,-0.004157012941342789,0,0,0
2024-09-24,NI2410,126690.0,0.014790345951002403,0,0,0
2024-09-25,NI2410,127460.0,0.006059432272186129,0,0,0
2024-09-26,NI2411,128800.0,0.010458223784105186,0,0,0
2024-09-27,NI2411,129360.0,0.004338401598598141,0,0,0
2024-09-30,NI2411,132900.0,0.026997750450348138,0,1,1
2024-10-08,NI2411,133020.0,0.0009025271370753952,0,0,0
2024-10-09,NI2411,135080.0,0.015367702661091925,0,0,0
2024-10-10,NI2411,132330.0,-0.020568392732408906,1,0,-1
2024-10-11,NI2411,134450.0,0.015893579929915528,0,1,1
2024-10-14,NI2411,134610.0,0.0011893259411279225,0,0,0
2024-10-15,NI2411,132680.0,-0.014441494577150013,0,0,0
2024-10-16,NI2411,132550.0,-0.0009802813438171106,0,0,0
2024-10-17,NI2411,128550.0,-0.030641999023136114,1,0,-1
2024-10-18,NI2411,128750.0,0.001554605831947057,0,0,0
2024-10-21,NI2411,130720.0,0.015185091567847166,0,0,0
2024-10-22,NI2411,127310.0,-0.026432574038138774,1,0,-1
2024-10-23,NI2411,126000.0,-0.010343150122076029,0,0,0
2024-10-24,NI2411,126410.0,0.0032486855559882752,0,0,0
2024-10-25,NI2412,126120.0,-0.002296757830606154,0,0,0
2024-10-28,NI2412,126400.0,0.0022176470358970133,0,0,0
2024-10-29,NI2412,123890.0,-0.02005740658510962,1,0,-1
2024-10-30,NI2412,124690.0,0.0064365818808472496,0,0,0
2024-10-31,NI2412,123840.0,-0.006840247167077862,0,0,0
2024-11-01,NI2412,124050.0,0.0016943002963930856,0,0,0
2024-11-04,NI2412,124720.0,0.005386514611710973,0,0,0
2024-11-05,NI2412,124520.0,-0.0016048791761136421,0,0,0
2024-11-06,NI2412,124460.0,-0.0004819664323356286,0,0,0
2024-11-07,NI2412,127260.0,0.022247858663574246,0,1,1
2024-11-08,NI2412,129580.0,0.0180662132171651,0,1,1
2024-11-11,NI2412,128040.0,-0.011955735920148884,0,0,0
2024-11-12,NI2412,126760.0,-0.010047180278942316,0,0,0
2024-11-13,NI2412,125870.0,-0.007045906519306447,0,0,0
2024-11-14,NI2412,124880.0,-0.007896352096236934,0,0,0
2024-11-15,NI2412,123140.0,-0.014031356724112504,0,0,0
2024-11-18,NI2412,124710.0,0.012669122449591685,0,0,0
2024-11-19,NI2412,125360.0,0.005198556115109675,0,0,0
2024-11-20,NI2412,126760.0,0.011105936774954596,0,0,0
2024-11-21,NI2412,127760.0,0.007857969084037002,0,0,0
2024-11-22,NI2412,125090.0,-0.021120025680107016,1,0,-1
2024-11-25,NI2501,127250.0,0.01712017720398204,0,1,1
2024-11-26,NI2501,127510.0,0.00204113746481843,0,0,0
2024-11-27,NI2501,126520.0,-0.007794394458002469,0,0,0
2024-11-28,NI2501,127000.0,0.0037866880211431353,0,0,0
2024-11-29,NI2501,126010.0,-0.007825817576989455,0,0,0
2024-12-02,NI2501,125690.0,-0.0025427109448556665,0,0,0
2024-12-03,NI2501,126010.0,0.0025427109448556908,0,0,0
2024-12-04,NI2501,127890.0,0.014809250563626947,0,0,0
2024-12-05,NI2501,125070.0,-0.022296938884413458,1,0,-1
2024-12-06,NI2501,126320.0,0.009944789386571545,0,0,0
2024-12-09,NI2501,127000.0,0.005368716511204548,0,0,0
2024-12-10,NI2501,126820.0,-0.0014183281867057253,0,0,0
2024-12-11,NI2501,125590.0,-0.009746125241850132,0,0,0
2024-12-12,NI2501,129610.0,0.03150730840524834,0,1,1
2024-12-13,NI2501,129110.0,-0.0038651872486564175,0,0,0
2024-12-16,NI2501,126510.0,-0.020343397760049124,1,0,-1
2024-12-17,NI2501,124200.0,-0.018428186927199802,1,0,-1
2024-12-18,NI2501,123670.0,-0.004276441745412736,0,0,0
2024-12-19,NI2501,122830.0,-0.006815442202962657,0,0,0
2024-12-20,NI2501,122410.0,-0.0034252194635818983,0,0,0
2024-12-23,NI2501,124960.0,0.020617620003954645,0,1,1
2024-12-24,NI2502,125100.0,0.0011197313814897151,0,0,0
2024-12-25,NI2502,125330.0,0.001836841150565476,0,0,0
2024-12-26,NI2502,126490.0,0.009212995036019444,0,0,0
2024-12-27,NI2502,124800.0,-0.013450797724123104,0,0,0
2024-12-30,NI2502,124820.0,0.00016024357056974964,0,0,0
2024-12-31,NI2502,124750.0,-0.0005609648742688849,0,0,0
2025-01-02,NI2502,123820.0,-0.0074828365405419485,0,0,0
2025-01-03,NI2502,122640.0,-0.009575663527527435,0,0,0
2025-01-06,NI2502,122260.0,-0.0031033099629793302,0,0,0
2025-01-07,NI2502,122720.0,0.0037554130183667365,0,0,0
2025-01-08,NI2502,125230.0,0.020246708956995117,0,1,1
2025-01-09,NI2502,125510.0,0.0022333900964136774,0,0,0
2025-01-10,NI2502,125480.0,-0.00023905334987736653,0,0,0
2025-01-13,NI2502,127700.0,0.01753737971601619,0,1,1
2025-01-14,NI2502,127680.0,-0.00015662933699500472,0,0,0
2025-01-15,NI2502,127560.0,-0.0009402915596417441,0,0,0
2025-01-16,NI2502,128600.0,0.008119969661662209,0,0,0
2025-01-17,NI2502,128170.0,-0.003349304061786387,0,0,0
2025-01-20,NI2502,126640.0,-0.012009092168975924,0,0,0
2025-01-21,NI2502,128090.0,0.011384726270287996,0,0,0
2025-01-22,NI2503,126750.0,-0.010516499371752175,0,0,0
2025-01-23,NI2503,124150.0,-0.02072613051711697,1,0,-1
2025-01-24,NI2503,123710.0,-0.0035503950794353385,0,0,0
2025-01-27,NI2503,124150.0,0.0035503950794354778,0,0,0
2025-02-05,NI2503,123240.0,-0.00735683822570844,0,0,0
2025-02-06,NI2503,127400.0,0.03319806940959583,0,1,1
2025-02-07,NI2503,127190.0,-0.0016497116746698437,0,0,0
2025-02-10,NI2503,127680.0,0.0038451022381054186,0,0,0
2025-02-11,NI2503,124760.0,-0.023135241961896175,1,0,-1
2025-02-12,NI2503,124550.0,-0.0016846500314130451,0,0,0
2025-02-13,NI2503,124280.0,-0.0021701571833427497,0,0,0
2025-02-14,NI2503,124690.0,0.003293572483648078,0,0,0
2025-02-17,NI2503,123860.0,-0.006678761498579968,0,0,0
2025-02-18,NI2503,123730.0,-0.00105012328403045,0,0,0
2025-02-19,NI2503,123830.0,0.0008078850011228497,0,0,0
2025-02-20,NI2503,126140.0,0.018482744008497864,0,1,1
2025-02-21,NI2503,124000.0,-0.017110835630468318,1,0,-1
2025-02-24,NI2505,125940.0,0.015524037455559738,0,0,0
2025-02-25,NI2505,124350.0,-0.012705432811183,0,0,0
2025-02-26,NI2505,124130.0,-0.001770766721557243,0,0,0
2025-02-27,NI2505,125570.0,0.011533968473016023,0,0,0
2025-02-28,NI2505,126650.0,0.008564004446811822,0,0,0
2025-03-03,NI2505,127090.0,0.0034681204462948894,0,0,0
2025-03-04,NI2505,127210.0,0.0009437672741404833,0,0,0
2025-03-05,NI2505,128850.0,0.01280967293025461,0,0,0
2025-03-06,NI2505,128390.0,-0.003576430495381753,0,0,0
2025-03-07,NI2505,129550.0,0.008994400405126618,0,0,0
2025-03-10,NI2505,132680.0,0.0238733070707326,0,1,1
2025-03-11,NI2505,132990.0,0.0023337233462200966,0,0,0
2025-03-12,NI2505,133680.0,0.005174946862066402,0,0,0
2025-03-13,NI2505,133310.0,-0.0027716411615527118,0,0,0
2025-03-14,NI2505,133660.0,0.0026220189573384913,0,0,0
2025-03-17,NI2505,133900.0,0.0017939906142027818,0,0,0
2025-03-18,NI2505,129490.0,-0.03348959461637813,1,0,-1
2025-03-19,NI2505,131660.0,0.016619183958981903,0,1,1
2025-03-20,NI2505,129670.0,-0.015230080478937697,0,0,0
2025-03-21,NI2505,129190.0,-0.0037085725885830454,0,0,0
2025-03-24,NI2505,129950.0,0.005865572115289465,0,0,0
2025-03-25,NI2505,129220.0,-0.005633382957479865,0,0,0
2025-03-26,NI2505,129670.0,0.0034763834307735696,0,0,0
2025-03-27,NI2505,130030.0,0.0027724315024355182,0,0,0
2025-03-28,NI2505,131600.0,0.012001825827988392,0,0,0
2025-03-31,NI2505,129220.0,-0.01825064076119748,1,0,-1
2025-04-01,NI2505,130360.0,0.008783475839341337,0,0,0
2025-04-02,NI2505,129460.0,-0.0069279008519966875,0,0,0
2025-04-03,NI2505,127330.0,-0.016589811532019983,1,0,-1
2025-04-07,NI2505,118640.0,-0.07068844375566752,1,0,-1
2025-04-08,NI2505,119280.0,0.005379972626806287,0,0,0
2025-04-09,NI2505,118950.0,-0.0027704337075162996,0,0,0
2025-04-10,NI2505,121600.0,0.022033732783100057,0,1,1
2025-04-11,NI2505,121300.0,-0.0024701535820621447,0,0,0
2025-04-14,NI2505,123090.0,0.014648979172200045,0,0,0
2025-04-15,NI2505,124240.0,0.009299383718227241,0,0,0
2025-04-16,NI2505,124140.0,-0.0008052178549249802,0,0,0
2025-04-17,NI2505,126030.0,0.015110012863893827,0,0,0
2025-04-18,NI2505,125600.0,-0.003417719815302092,0,0,0
2025-04-21,NI2505,125930.0,0.002623942983656752,0,0,0
2025-04-22,NI2505,125570.0,-0.002862825016882588,0,0,0
2025-04-23,NI2506,126320.0,0.005954997946514172,0,0,0
2025-04-24,NI2506,125770.0,-0.004363527888322442,0,0,0
2025-04-25,NI2506,125800.0,0.00023850220727602382,0,0,0
2025-04-28,NI2506,124690.0,-0.008862687257845317,0,0,0
2025-04-29,NI2506,124180.0,-0.004098531071748025,0,0,0
2025-04-30,NI2506,123720.0,-0.0037111781198778918,0,0,0
2025-05-06,NI2506,124630.0,0.007328400021416656,0,0,0
2025-05-07,NI2506,124450.0,-0.0014453190246845034,0,0,0
2025-05-08,NI2506,123630.0,-0.006610794794765302,0,0,0
2025-05-09,NI2506,123450.0,-0.001457018227647112,0,0,0
2025-05-12,NI2506,126130.0,0.021476905307913373,0,1,1
2025-05-13,NI2506,123860.0,-0.01816122558918691,1,0,-1
2025-05-14,NI2506,125230.0,0.01100015106602629,0,0,0
2025-05-15,NI2506,123600.0,-0.013101501552350733,0,0,0
2025-05-16,NI2506,124060.0,0.0037147745213811697,0,0,0
2025-05-19,NI2506,123850.0,-0.0016941636096028737,0,0,0
2025-05-20,NI2506,122870.0,-0.00794427005588865,0,0,0
2025-05-21,NI2506,123280.0,0.0033313051323803633,0,0,0
2025-05-22,NI2506,123400.0,0.0009729204594271364,0,0,0
2025-05-23,NI2506,122610.0,-0.00642252522699178,0,0,0
2025-05-26,NI2506,122780.0,0.0013855497550546068,0,0,0
2025-05-27,NI2507,122310.0,-0.0038353305000786153,0,0,0
2025-05-28,NI2507,119950.0,-0.019483816213568178,1,0,-1
2025-05-29,NI2507,120480.0,0.004408774765879783,0,0,0
2025-05-30,NI2507,121100.0,0.0051328865074632265,0,0,0
2025-06-03,NI2507,121250.0,0.0012378792585461004,0,0,0
2025-06-04,NI2507,122590.0,0.01099092428931036,0,0,0
2025-06-05,NI2507,121570.0,-0.008355225539200262,0,0,0
2025-06-06,NI2507,122200.0,0.005168818169792348,0,0,0
2025-06-09,NI2507,122710.0,0.004164801250961534,0,0,0
2025-06-10,NI2507,121390.0,-0.01081534507874417,0,0,0
2025-06-11,NI2507,121790.0,0.0032897471893067937,0,0,0
2025-06-12,NI2507,120000.0,-0.014806507316973144,0,0,0
2025-06-13,NI2507,119920.0,-0.0006668889877037677,0,0,0
2025-06-16,NI2507,119690.0,-0.0019197869090632137,0,0,0
2025-06-17,NI2507,118570.0,-0.009401563415299973,0,0,0
2025-06-18,NI2507,118480.0,-0.0007593335104358082,0,0,0
2025-06-19,NI2507,118890.0,0.0034545259109100843,0,0,0
2025-06-20,NI2507,118280.0,-0.005144000886176877,0,0,0
2025-06-23,NI2507,117440.0,-0.007127130118071035,0,0,0
2025-06-24,NI2507,117450.0,8.514623871631176e-05,0,0,0
2025-06-25,NI2508,118670.0,0.010333820572125884,0,0,0
2025-06-26,NI2508,120830.0,0.01803806736216905,0,1,1
2025-06-27,NI2508,120480.0,-0.0029008349876334105,0,0,0
2025-06-30,NI2508,120830.0,0.0029008349876333155,0,0,0
2025-07-01,NI2508,120720.0,-0.0009107845796233234,0,0,0
2025-07-02,NI2508,121220.0,0.0041332620635455945,0,0,0
2025-07-03,NI2508,121790.0,0.004691173575880239,0,0,0
2025-07-04,NI2508,122270.0,0.003933464057079483,0,0,0
2025-07-07,NI2508,120540.0,-0.014250066101200685,0,0,0
2025-07-08,NI2508,120370.0,-0.0014113156632546166,0,0,0
2025-07-09,NI2508,119140.0,-0.010271060191102108,0,0,0
2025-07-10,NI2508,121140.0,0.01664762935225979,0,1,1
2025-07-11,NI2508,121390.0,0.00206160135691114,0,0,0
2025-07-14,NI2508,121100.0,-0.002391852350665713,0,0,0
2025-07-15,NI2508,119380.0,-0.014304967818542793,0,0,0
2025-07-16,NI2508,120550.0,0.009752921886676234,0,0,0
2025-07-17,NI2508,119880.0,-0.005573362178717552,0,0,0
2025-07-18,NI2508,120500.0,0.005158510482247165,0,0,0
2025-07-21,NI2508,122550.0,0.016869357043411835,0,1,1
2025-07-22,NI2509,123720.0,0.009501837842747182,0,0,0
2025-07-23,NI2509,123370.0,-0.0028329777334956388,0,0,0
2025-07-24,NI2509,124360.0,0.007992615107179834,0,0,0
2025-07-25,NI2509,124360.0,0.0,0,0,0
2025-07-28,NI2509,121620.0,-0.02227915549858934,1,0,-1
2025-07-29,NI2509,121800.0,0.0014789255838329929,0,0,0
2025-07-30,NI2509,121720.0,-0.0006570302470263655,0,0,0
2025-07-31,NI2509,119830.0,-0.015649253334345047,0,0,0
2025-08-01,NI2509,119770.0,-0.0005008347350098785,0,0,0
2025-08-04,NI2509,120630.0,0.007154772617876951,0,0,0
2025-08-05,NI2509,120910.0,0.002318457608862994,0,0,0
2025-08-06,NI2509,121070.0,0.0013224235334934537,0,0,0
2025-08-07,NI2509,121850.0,0.006421889351566325,0,0,0
2025-08-08,NI2509,121180.0,-0.005513736554372285,0,0,0
2025-08-11,NI2509,122130.0,0.007809007666154265,0,0,0
2025-08-12,NI2509,122440.0,0.002535062894214694,0,0,0
2025-08-13,NI2509,122340.0,-0.0008170602627929074,0,0,0
2025-08-14,NI2509,121200.0,-0.009361980179204697,0,0,0
2025-08-15,NI2509,120600.0,-0.004962789342129014,0,0,0
2025-08-18,NI2509,120340.0,-0.0021582145008793557,0,0,0
2025-08-19,NI2509,120330.0,-8.310134213448611e-05,0,0,0
2025-08-20,NI2510,120060.0,-0.002246350626374193,0,0,0
2025-08-21,NI2510,119830.0,-0.0019175461292718174,0,0,0
2025-08-22,NI2510,119610.0,-0.001837621633051904,0,0,0
2025-08-25,NI2510,120310.0,0.005835294984059882,0,0,0
2025-08-26,NI2510,120370.0,0.0004985873462101926,0,0,0
2025-08-27,NI2510,121760.0,0.01148156172173238,0,0,0
2025-08-28,NI2510,120990.0,-0.006343996559989204,0,0,0
2025-08-29,NI2510,121700.0,0.005851102440095113,0,0,0
2025-09-01,NI2510,123450.0,0.014277215797707124,0,0,0
2025-09-02,NI2510,122530.0,-0.007480317829833394,0,0,0
2025-09-03,NI2510,121790.0,-0.006057647862335988,0,0,0
2025-09-04,NI2510,120850.0,-0.007748142949527165,0,0,0
2025-09-05,NI2510,121310.0,0.003799145633336076,0,0,0
2025-09-08,NI2510,122140.0,0.006818675012160586,0,0,0
2025-09-09,NI2510,120700.0,-0.01185979969150292,0,0,0
2025-09-10,NI2510,120850.0,0.0012419790460061338,0,0,0
2025-09-11,NI2510,120620.0,-0.0019049991266513375,0,0,0
2025-09-12,NI2510,121980.0,0.011211988845469529,0,0,0
2025-09-15,NI2510,122580.0,0.00490678118927539,0,0,0
2025-09-16,NI2510,122610.0,0.0002447081867099061,0,0,0
2025-09-17,NI2510,121790.0,-0.0067103361452765225,0,0,0
2025-09-18,NI2510,120940.0,-0.007003695253952251,0,0,0
2025-09-19,NI2510,121500.0,0.004619707935536238,0,0,0
2025-09-22,NI2510,121400.0,-0.0008233841552052118,0,0,0
2025-09-23,NI2511,120910.0,-0.004044411439242522,0,0,0
2025-09-24,NI2511,121450.0,0.004456188262026127,0,0,0
2025-09-25,NI2511,122990.0,0.012600395806137624,0,0,0
2025-09-26,NI2511,121380.0,-0.013176930846610002,0,0,0
2025-09-29,NI2511,121100.0,-0.002309469848662529,0,0,0
2025-09-30,NI2511,120900.0,-0.0016528929382996255,0,0,0
2025-10-09,NI2511,124480.0,0.029181302809334387,0,1,1
2025-10-10,NI2511,122180.0,-0.018649693208460553,1,0,-1
2025-10-13,NI2511,121410.0,-0.006322119665736991,0,0,0
2025-10-14,NI2511,120830.0,-0.004788648516667039,0,0,0
2025-10-15,NI2511,121180.0,0.0028924444776261,0,0,0
2025-10-16,NI2511,121270.0,0.0007424211518573352,0,0,0
2025-10-17,NI2511,121160.0,-0.0009074785096639338,0,0,0
2025-10-20,NI2511,120710.0,-0.0037210114460008285,0,0,0
2025-10-21,NI2512,121380.0,0.005535145694673442,0,0,0
2025-10-22,NI2512,121380.0,0.0,0,0,0
2025-10-23,NI2512,121380.0,0.0,0,0,0
2025-10-24,NI2512,122150.0,0.006323677296040289,0,0,0
2025-10-27,NI2512,122400.0,0.0020445723744762284,0,0,0
2025-10-28,NI2512,120560.0,-0.015146815759985633,0,0,0
2025-10-29,NI2512,121540.0,0.00809587238896914,0,0,0
2025-10-30,NI2512,120980.0,-0.0046181840284409735,0,0,0
2025-10-31,NI2512,120590.0,-0.0032288805632669747,0,0,0
2025-11-03,NI2512,120950.0,0.0029808749405349985,0,0,0
2025-11-04,NI2512,119700.0,-0.010388624492108792,0,0,0
2025-11-05,NI2512,120030.0,0.002753098973325959,0,0,0
2025-11-06,NI2512,119750.0,-0.0023354752462287757,0,0,0
2025-11-07,NI2512,119440.0,-0.0025920830600896275,0,0,0
2025-11-10,NI2512,119680.0,0.002007360995232145,0,0,0
2025-11-11,NI2512,119380.0,-0.0025098314856633634,0,0,0
2025-11-12,NI2512,118710.0,-0.0056281386750611445,0,0,0
2025-11-13,NI2512,118930.0,0.0018515406737114263,0,0,0
2025-11-14,NI2512,117080.0,-0.015677622915468904,0,0,0
2025-11-17,NI2512,116750.0,-0.0028225652746784137,0,0,0
2025-11-18,NI2512,114840.0,-0.016495041296143476,1,0,-1
2025-11-19,NI2601,115830.0,0.008583743691391435,0,0,0
2025-11-20,NI2601,115380.0,-0.0038925701155113302,0,0,0
2025-11-21,NI2601,114050.0,-0.011594080098346367,0,0,0
2025-11-24,NI2601,115530.0,0.012893287764530097,0,0,0
2025-11-25,NI2601,116160.0,0.005438314581558649,0,0,0
2025-11-26,NI2601,117260.0,0.009425140459583113,0,0,0
2025-11-27,NI2601,116900.0,-0.003074823058046323,0,0,0
2025-11-28,NI2601,117080.0,0.0015385933456623488,0,0,0
2025-12-01,NI2601,117850.0,0.006555167558454924,0,0,0
2025-12-02,NI2601,118050.0,0.0016956341493818178,0,0,0
2025-12-03,NI2601,117870.0,-0.0015259412930438174,0,0,0
2025-12-04,NI2601,117760.0,-0.0009336672579120323,0,0,0
2025-12-05,NI2601,117790.0,0.0002547229901271142,0,0,0
2025-12-08,NI2601,118030.0,0.002035451470284602,0,0,0
2025-12-09,NI2601,117350.0,-0.005777907143945121,0,0,0
2025-12-10,NI2601,117090.0,-0.002218052436399218,0,0,0
2025-12-11,NI2601,115870.0,-0.01047399685166231,0,0,0
2025-12-12,NI2601,115590.0,-0.0024194257027950797,0,0,0
2025-12-15,NI2601,114690.0,-0.00781661092974484,0,0,0
2025-12-16,NI2601,112290.0,-0.021148025791983868,1,0,-1
2025-12-17,NI2601,113800.0,0.013357711107783202,0,0,0
2025-12-18,NI2601,113940.0,0.001229472360018945,0,0,0
2025-12-19,NI2601,117180.0,0.028039220064393126,0,1,1
2025-12-22,NI2602,121700.0,0.037847785876838895,0,1,1
2025-12-23,NI2602,123440.0,0.01419620806142388,0,0,0
2025-12-24,NI2602,128000.0,0.03627505586471172,0,1,1
2025-12-25,NI2602,125410.0,-0.020441894083658808,1,0,-1
2025-12-26,NI2602,126750.0,0.010628272635334241,0,0,0
2025-12-29,NI2602,125710.0,-0.008238975544552845,0,0,0
2025-12-30,NI2602,132390.0,0.05177444502282576,0,1,1
2025-12-31,NI2602,132850.0,0.0034685602562568867,0,0,0
