index,symbol,date,open,high,low,close,volume,open_interest,turnover,settle,pre_settle,variety
91,RB1510,2015-03-27,2495.0,2495.0,2407.0,2477.0,6043130,2110134,,2455.0,2500.0,RB
91,RB1510,2015-03-30,2472.0,2498.0,2450.0,2451.0,4261190,2159268,,2469.0,2455.0,RB
91,RB1510,2015-03-31,2471.0,2477.0,2414.0,2431.0,5247554,2429446,,2445.0,2469.0,RB
91,RB1510,2015-04-01,2423.0,2428.0,2381.0,2390.0,5869210,2739722,,2406.0,2445.0,RB
91,RB1510,2015-04-02,2377.0,2399.0,2339.0,2342.0,7905188,3041786,,2367.0,2406.0,RB
91,RB1510,2015-04-03,2343.0,2374.0,2336.0,2341.0,6098706,3145268,,2353.0,2367.0,RB
91,RB1510,2015-04-07,2330.0,2343.0,2309.0,2311.0,4374424,3624170,,2324.0,2353.0,RB
91,RB1510,2015-04-08,2306.0,2335.0,2284.0,2324.0,7162492,3625926,,2308.0,2324.0,RB
91,RB1510,2015-04-09,2323.0,2326.0,2287.0,2290.0,4823818,3685426,,2302.0,2308.0,RB
91,RB1510,2015-04-10,2291.0,2298.0,2266.0,2266.0,4749620,3800820,,2280.0,2302.0,RB
91,RB1510,2015-04-13,2263.0,2334.0,2262.0,2329.0,8377910,3799408,,2292.0,2280.0,RB
91,RB1510,2015-04-14,2335.0,2341.0,2302.0,2324.0,7287328,3703712,,2321.0,2292.0,RB
91,RB1510,2015-04-15,2327.0,2331.0,2294.0,2297.0,4532636,3771342,,2315.0,2321.0,RB
93,RB1510,2015-04-16,2296.0,2329.0,2291.0,2318.0,5042842,3630552,,2312.0,2315.0,RB
93,RB1510,2015-04-17,2317.0,2335.0,2309.0,2311.0,4649630,3584152,,2319.0,2312.0,RB
93,RB1510,2015-04-20,2305.0,2314.0,2278.0,2279.0,6266020,3845800,,2297.0,2319.0,RB
93,RB1510,2015-04-21,2277.0,2291.0,2270.0,2281.0,4252402,3929950,,2280.0,2297.0,RB
93,RB1510,2015-04-22,2282.0,2334.0,2282.0,2327.0,6974766,3866734,,2308.0,2280.0,RB
93,RB1510,2015-04-23,2328.0,2332.0,2306.0,2323.0,5507632,3594430,,2322.0,2308.0,RB
93,RB1510,2015-04-24,2325.0,2388.0,2324.0,2378.0,9322642,3359744,,2365.0,2322.0,RB
93,RB1510,2015-04-27,2384.0,2413.0,2366.0,2408.0,8738302,3280756,,2389.0,2365.0,RB
93,RB1510,2015-04-28,2417.0,2430.0,2384.0,2398.0,5879950,3175130,,2406.0,2389.0,RB
93,RB1510,2015-04-29,2398.0,2412.0,2331.0,2340.0,7285772,3156726,,2373.0,2406.0,RB
93,RB1510,2015-04-30,2346.0,2377.0,2341.0,2365.0,5412820,3017818,,2360.0,2373.0,RB
93,RB1510,2015-05-04,2383.0,2421.0,2371.0,2413.0,4834698,3016110,,2400.0,2360.0,RB
93,RB1510,2015-05-05,2414.0,2442.0,2399.0,2428.0,7536936,2980574,,2421.0,2400.0,RB
93,RB1510,2015-05-06,2430.0,2447.0,2418.0,2430.0,6223092,2851946,,2431.0,2421.0,RB
93,RB1510,2015-05-07,2433.0,2437.0,2401.0,2407.0,4835314,2842652,,2414.0,2431.0,RB
93,RB1510,2015-05-08,2410.0,2420.0,2386.0,2412.0,5401672,2752800,,2404.0,2414.0,RB
93,RB1510,2015-05-11,2417.0,2434.0,2407.0,2421.0,4298216,2782154,,2419.0,2404.0,RB
93,RB1510,2015-05-12,2420.0,2427.0,2389.0,2391.0,3813042,2816192,,2403.0,2419.0,RB
93,RB1510,2015-05-13,2395.0,2407.0,2376.0,2383.0,3721250,2808210,,2391.0,2403.0,RB
93,RB1510,2015-05-14,2384.0,2390.0,2342.0,2363.0,5247184,2881492,,2363.0,2391.0,RB
93,RB1510,2015-05-15,2360.0,2373.0,2351.0,2372.0,2802208,2881486,,2361.0,2363.0,RB
94,RB1510,2015-05-18,2372.0,2374.0,2348.0,2349.0,2535766,2959456,,2361.0,2361.0,RB
94,RB1510,2015-05-19,2342.0,2355.0,2338.0,2342.0,2609006,2918988,,2346.0,2361.0,RB
94,RB1510,2015-05-20,2337.0,2342.0,2302.0,2314.0,3605960,2825762,,2320.0,2346.0,RB
94,RB1510,2015-05-21,2314.0,2353.0,2313.0,2344.0,3321110,2808738,,2332.0,2320.0,RB
94,RB1510,2015-05-22,2346.0,2359.0,2326.0,2351.0,3699272,2742096,,2342.0,2332.0,RB
94,RB1510,2015-05-25,2348.0,2350.0,2327.0,2347.0,3046606,2779526,,2340.0,2342.0,RB
94,RB1510,2015-05-26,2348.0,2378.0,2346.0,2351.0,4809814,2723568,,2364.0,2340.0,RB
94,RB1510,2015-05-27,2350.0,2364.0,2342.0,2355.0,2552564,2719244,,2355.0,2364.0,RB
94,RB1510,2015-05-28,2355.0,2373.0,2342.0,2355.0,3100416,2634738,,2359.0,2355.0,RB
94,RB1510,2015-05-29,2355.0,2365.0,2335.0,2359.0,3197716,2516918,,2349.0,2359.0,RB
94,RB1510,2015-06-01,2356.0,2386.0,2347.0,2372.0,4129768,2506374,,2365.0,2349.0,RB
94,RB1510,2015-06-02,2375.0,2379.0,2363.0,2375.0,2592372,2453376,,2371.0,2365.0,RB
94,RB1510,2015-06-03,2378.0,2379.0,2348.0,2349.0,2404222,2451870,,2363.0,2371.0,RB
94,RB1510,2015-06-04,2347.0,2359.0,2336.0,2356.0,3077860,2355650,,2346.0,2363.0,RB
94,RB1510,2015-06-05,2356.0,2365.0,2325.0,2341.0,2524844,2379106,,2341.0,2346.0,RB
94,RB1510,2015-06-08,2338.0,2341.0,2327.0,2334.0,1898566,2375180,,2333.0,2341.0,RB
94,RB1510,2015-06-09,2330.0,2356.0,2328.0,2337.0,2066772,2337004,,2344.0,2333.0,RB
94,RB1510,2015-06-10,2338.0,2348.0,2327.0,2336.0,2709874,2434288,,2340.0,2344.0,RB
94,RB1510,2015-06-11,2344.0,2359.0,2340.0,2355.0,3117692,2430106,,2349.0,2340.0,RB
94,RB1510,2015-06-12,2348.0,2351.0,2296.0,2299.0,3983034,2759080,,2321.0,2349.0,RB
94,RB1510,2015-06-15,2298.0,2314.0,2276.0,2281.0,3325350,2866710,,2293.0,2321.0,RB
95,RB1510,2015-06-16,2273.0,2288.0,2238.0,2243.0,3921078,3088346,,2266.0,2293.0,RB
95,RB1510,2015-06-17,2240.0,2249.0,2218.0,2223.0,4536168,3103402,,2231.0,2266.0,RB
95,RB1510,2015-06-18,2226.0,2252.0,2222.0,2245.0,3378246,3063476,,2238.0,2231.0,RB
95,RB1510,2015-06-19,2245.0,2267.0,2244.0,2246.0,3010142,2929690,,2251.0,2238.0,RB
95,RB1510,2015-06-23,2240.0,2242.0,2226.0,2239.0,2102086,2977038,,2234.0,2251.0,RB
95,RB1510,2015-06-24,2239.0,2247.0,2230.0,2241.0,2497894,3053352,,2239.0,2234.0,RB
95,RB1510,2015-06-25,2242.0,2246.0,2215.0,2218.0,2870778,3091870,,2227.0,2239.0,RB
95,RB1510,2015-06-26,2217.0,2237.0,2203.0,2213.0,3994394,3024568,,2221.0,2227.0,RB
95,RB1510,2015-06-29,2215.0,2226.0,2178.0,2181.0,3658666,2995694,,2206.0,2221.0,RB
95,RB1510,2015-06-30,2180.0,2180.0,2095.0,2135.0,7807732,2495642,,2131.0,2206.0,RB
95,RB1510,2015-07-01,2135.0,2140.0,2117.0,2124.0,3659918,2552394,,2130.0,2131.0,RB
95,RB1510,2015-07-02,2120.0,2139.0,2089.0,2124.0,4505638,2295538,,2114.0,2130.0,RB
95,RB1510,2015-07-03,2116.0,2155.0,2114.0,2121.0,3551970,2287966,,2134.0,2114.0,RB
95,RB1510,2015-07-06,2116.0,2119.0,2027.0,2027.0,3390786,2467546,,2065.0,2134.0,RB
95,RB1510,2015-07-07,2003.0,2028.0,1948.0,1957.0,7005452,2189122,,1991.0,2065.0,RB
95,RB1510,2015-07-08,1965.0,2005.0,1891.0,1891.0,9237660,1711600,,1939.0,1991.0,RB
95,RB1510,2015-07-09,1905.0,2035.0,1893.0,2004.0,7051156,1542726,,1975.0,1939.0,RB
95,RB1510,2015-07-10,2020.0,2068.0,2007.0,2007.0,4587426,1607812,,2033.0,1975.0,RB
95,RB1510,2015-07-13,2002.0,2032.0,1992.0,2008.0,2661184,1573422,,2013.0,2033.0,RB
98,RB1601,2015-07-14,2066.0,2095.0,2059.0,2062.0,2608720,1315840,,2073.0,2070.0,RB
98,RB1601,2015-07-15,2064.0,2076.0,2036.0,2044.0,2199398,1330338,,2057.0,2073.0,RB
97,RB1601,2015-07-16,2041.0,2065.0,2007.0,2047.0,4108176,1441200,,2034.0,2057.0,RB
97,RB1601,2015-07-17,2044.0,2061.0,2024.0,2053.0,2935124,1463382,,2044.0,2034.0,RB
97,RB1601,2015-07-20,2047.0,2123.0,2038.0,2112.0,5372274,1714656,,2092.0,2044.0,RB
97,RB1601,2015-07-21,2104.0,2125.0,2079.0,2081.0,4278448,1822648,,2101.0,2092.0,RB
97,RB1601,2015-07-22,2074.0,2085.0,2010.0,2031.0,4843262,1917802,,2053.0,2101.0,RB
97,RB1601,2015-07-23,2031.0,2062.0,2017.0,2050.0,4318224,1917096,,2038.0,2053.0,RB
97,RB1601,2015-07-24,2050.0,2064.0,2034.0,2044.0,4132504,1927220,,2048.0,2038.0,RB
97,RB1601,2015-07-27,2048.0,2099.0,2046.0,2074.0,5905974,2009400,,2076.0,2048.0,RB
97,RB1601,2015-07-28,2072.0,2102.0,2052.0,2072.0,5570278,2061730,,2074.0,2076.0,RB
97,RB1601,2015-07-29,2076.0,2118.0,2075.0,2110.0,5789134,2203846,,2098.0,2074.0,RB
97,RB1601,2015-07-30,2108.0,2116.0,2081.0,2085.0,4844012,2200790,,2097.0,2098.0,RB
97,RB1601,2015-07-31,2082.0,2107.0,2077.0,2095.0,4215404,2191682,,2092.0,2097.0,RB
97,RB1601,2015-08-03,2095.0,2132.0,2073.0,2078.0,6307800,2241676,,2099.0,2092.0,RB
97,RB1601,2015-08-04,2083.0,2102.0,2068.0,2097.0,3837588,2182916,,2085.0,2099.0,RB
97,RB1601,2015-08-05,2096.0,2107.0,2082.0,2098.0,3994900,2219302,,2093.0,2085.0,RB
97,RB1601,2015-08-06,2099.0,2102.0,2066.0,2076.0,3884330,2376042,,2081.0,2093.0,RB
97,RB1601,2015-08-07,2071.0,2079.0,2043.0,2063.0,4472546,2493758,,2061.0,2081.0,RB
97,RB1601,2015-08-10,2057.0,2067.0,2038.0,2045.0,3523152,2450504,,2050.0,2061.0,RB
97,RB1601,2015-08-11,2044.0,2074.0,2043.0,2053.0,4898544,2435484,,2061.0,2050.0,RB
97,RB1601,2015-08-12,2049.0,2073.0,2043.0,2071.0,3829656,2345210,,2061.0,2061.0,RB
97,RB1601,2015-08-13,2080.0,2103.0,2076.0,2092.0,5340620,2316254,,2089.0,2061.0,RB
97,RB1601,2015-08-14,2089.0,2093.0,2081.0,2085.0,2412166,2321784,,2085.0,2089.0,RB
97,RB1601,2015-08-17,2089.0,2095.0,2058.0,2059.0,3325562,2436318,,2074.0,2085.0,RB
96,RB1601,2015-08-18,2055.0,2068.0,2047.0,2049.0,2590430,2408340,,2058.0,2074.0,RB
96,RB1601,2015-08-19,2049.0,2053.0,2024.0,2044.0,4059872,2284572,,2037.0,2058.0,RB
96,RB1601,2015-08-20,2042.0,2048.0,2020.0,2028.0,3291744,2382612,,2033.0,2037.0,RB
96,RB1601,2015-08-21,2034.0,2040.0,2023.0,2024.0,2737948,2410662,,2032.0,2033.0,RB
96,RB1601,2015-08-24,2021.0,2026.0,1930.0,1934.0,6300192,2495786,,1969.0,2032.0,RB
96,RB1601,2015-08-25,1936.0,1965.0,1917.0,1933.0,6832422,2219346,,1941.0,1969.0,RB
96,RB1601,2015-08-26,1961.0,1975.0,1936.0,1937.0,4417540,2248510,,1953.0,1941.0,RB
96,RB1601,2015-08-27,1935.0,1985.0,1931.0,1969.0,4210674,2189386,,1958.0,1953.0,RB
96,RB1601,2015-08-28,1970.0,2004.0,1965.0,1976.0,6597234,2393856,,1981.0,1958.0,RB
96,RB1601,2015-08-31,1972.0,1977.0,1945.0,1952.0,5809012,2446838,,1960.0,1981.0,RB
96,RB1601,2015-09-01,1955.0,1970.0,1946.0,1963.0,4473344,2414568,,1958.0,1960.0,RB
96,RB1601,2015-09-02,1960.0,1967.0,1949.0,1955.0,2561494,2272834,,1957.0,1958.0,RB
96,RB1601,2015-09-07,1954.0,1955.0,1839.0,1920.0,4094518,2508030,,1925.0,1957.0,RB
96,RB1601,2015-09-08,1920.0,1949.0,1916.0,1949.0,3649914,2441818,,1929.0,1925.0,RB
96,RB1601,2015-09-09,1952.0,1979.0,1946.0,1948.0,7883726,2424526,,1963.0,1929.0,RB
96,RB1601,2015-09-10,1950.0,1967.0,1939.0,1956.0,4779406,2446874,,1953.0,1963.0,RB
96,RB1601,2015-09-11,1957.0,1969.0,1946.0,1946.0,5041194,2479580,,1956.0,1953.0,RB
96,RB1601,2015-09-14,1944.0,1948.0,1926.0,1929.0,4065166,2553366,,1935.0,1956.0,RB
96,RB1601,2015-09-15,1925.0,1934.0,1907.0,1909.0,3253090,2649676,,1923.0,1935.0,RB
95,RB1601,2015-09-16,1910.0,1941.0,1910.0,1934.0,3964030,2524750,,1926.0,1923.0,RB
95,RB1601,2015-09-17,1933.0,1950.0,1925.0,1926.0,4414424,2593742,,1935.0,1926.0,RB
95,RB1601,2015-09-18,1928.0,1935.0,1918.0,1922.0,3226308,2610072,,1926.0,1935.0,RB
95,RB1601,2015-09-21,1920.0,1925.0,1894.0,1904.0,3814342,2763274,,1908.0,1926.0,RB
95,RB1601,2015-09-22,1908.0,1913.0,1884.0,1891.0,3174160,2883358,,1895.0,1908.0,RB
95,RB1601,2015-09-23,1887.0,1905.0,1877.0,1902.0,3580716,2712170,,1891.0,1895.0,RB
95,RB1601,2015-09-24,1905.0,1906.0,1888.0,1893.0,1747832,2710262,,1895.0,1891.0,RB
95,RB1601,2015-09-25,1892.0,1910.0,1885.0,1891.0,2794220,2649152,,1898.0,1895.0,RB
95,RB1601,2015-09-28,1885.0,1885.0,1855.0,1859.0,2271328,2808478,,1871.0,1898.0,RB
95,RB1601,2015-09-29,1852.0,1858.0,1828.0,1833.0,3299438,2583858,,1839.0,1871.0,RB
95,RB1601,2015-09-30,1837.0,1838.0,1815.0,1821.0,2494804,2628152,,1826.0,1839.0,RB
95,RB1601,2015-10-08,1837.0,1851.0,1818.0,1826.0,2553402,2595548,,1833.0,1826.0,RB
95,RB1601,2015-10-09,1826.0,1864.0,1821.0,1852.0,3479500,2483282,,1844.0,1833.0,RB
95,RB1601,2015-10-12,1857.0,1868.0,1836.0,1847.0,3981900,2466748,,1854.0,1844.0,RB
95,RB1601,2015-10-13,1848.0,1852.0,1820.0,1838.0,3089416,2546572,,1831.0,1854.0,RB
95,RB1601,2015-10-14,1836.0,1843.0,1826.0,1830.0,2522922,2599590,,1833.0,1831.0,RB
95,RB1601,2015-10-15,1831.0,1844.0,1826.0,1834.0,2109524,2581472,,1835.0,1833.0,RB
94,RB1601,2015-10-16,1834.0,1836.0,1820.0,1830.0,2483140,2574222,,1828.0,1835.0,RB
94,RB1601,2015-10-19,1829.0,1841.0,1800.0,1807.0,3243418,2804968,,1821.0,1828.0,RB
94,RB1601,2015-10-20,1806.0,1815.0,1795.0,1801.0,2261400,2754348,,1804.0,1821.0,RB
94,RB1601,2015-10-21,1800.0,1811.0,1788.0,1804.0,4048260,2614494,,1800.0,1804.0,RB
94,RB1601,2015-10-22,1804.0,1818.0,1801.0,1805.0,2373494,2446990,,1808.0,1800.0,RB
94,RB1601,2015-10-23,1805.0,1809.0,1781.0,1801.0,2247608,2260140,,1796.0,1808.0,RB
94,RB1601,2015-10-26,1803.0,1808.0,1793.0,1801.0,2065598,2142800,,1801.0,1796.0,RB
94,RB1601,2015-10-27,1800.0,1818.0,1798.0,1804.0,2068660,2087966,,1806.0,1801.0,RB
94,RB1601,2015-10-28,1802.0,1804.0,1784.0,1792.0,1783290,1995340,,1792.0,1806.0,RB
94,RB1601,2015-10-29,1790.0,1801.0,1783.0,1795.0,1251140,1948786,,1793.0,1792.0,RB
94,RB1601,2015-10-30,1796.0,1797.0,1779.0,1782.0,1280842,2004004,,1787.0,1793.0,RB
94,RB1601,2015-11-02,1782.0,1796.0,1779.0,1787.0,998326,1838240,,1788.0,1787.0,RB
98,RB1605,2015-11-03,1793.0,1796.0,1774.0,1776.0,1411662,1873864,,1782.0,1797.0,RB
98,RB1605,2015-11-04,1777.0,1785.0,1773.0,1780.0,1321266,2032100,,1777.0,1782.0,RB
98,RB1605,2015-11-05,1781.0,1788.0,1768.0,1776.0,1524966,2041548,,1779.0,1777.0,RB
98,RB1605,2015-11-06,1777.0,1808.0,1775.0,1794.0,2568118,2158254,,1787.0,1779.0,RB
98,RB1605,2015-11-09,1791.0,1808.0,1788.0,1805.0,1957650,2228016,,1799.0,1787.0,RB
98,RB1605,2015-11-10,1806.0,1811.0,1790.0,1797.0,1808924,2223182,,1798.0,1799.0,RB
98,RB1605,2015-11-11,1795.0,1796.0,1775.0,1777.0,1753724,2289778,,1785.0,1798.0,RB
98,RB1605,2015-11-12,1780.0,1780.0,1760.0,1765.0,2324048,2514674,,1767.0,1785.0,RB
98,RB1605,2015-11-13,1764.0,1768.0,1758.0,1759.0,1946790,2612404,,1761.0,1767.0,RB
98,RB1605,2015-11-16,1759.0,1768.0,1752.0,1753.0,1964378,2662192,,1758.0,1761.0,RB
97,RB1605,2015-11-17,1753.0,1758.0,1748.0,1752.0,1586652,2639974,,1752.0,1758.0,RB
97,RB1605,2015-11-18,1752.0,1753.0,1731.0,1736.0,2100464,2737376,,1740.0,1752.0,RB
97,RB1605,2015-11-19,1736.0,1737.0,1692.0,1705.0,4542824,2799492,,1709.0,1740.0,RB
97,RB1605,2015-11-20,1704.0,1712.0,1693.0,1695.0,2733446,2863134,,1702.0,1709.0,RB
97,RB1605,2015-11-23,1695.0,1695.0,1649.0,1659.0,4414044,2820906,,1670.0,1702.0,RB
97,RB1605,2015-11-24,1660.0,1673.0,1652.0,1667.0,3414958,2824648,,1663.0,1670.0,RB
97,RB1605,2015-11-25,1666.0,1729.0,1659.0,1676.0,6173106,2935306,,1676.0,1663.0,RB
97,RB1605,2015-11-26,1673.0,1722.0,1666.0,1680.0,8211592,2905020,,1691.0,1676.0,RB
97,RB1605,2015-11-27,1680.0,1685.0,1654.0,1656.0,4213766,2996760,,1668.0,1691.0,RB
97,RB1605,2015-11-30,1652.0,1660.0,1621.0,1626.0,4700388,3042022,,1637.0,1668.0,RB
97,RB1605,2015-12-01,1628.0,1642.0,1618.0,1633.0,4285306,3191678,,1630.0,1637.0,RB
97,RB1605,2015-12-02,1630.0,1673.0,1626.0,1659.0,7473778,3257230,,1657.0,1630.0,RB
97,RB1605,2015-12-03,1657.0,1667.0,1632.0,1635.0,4289644,3187890,,1649.0,1657.0,RB
97,RB1605,2015-12-04,1635.0,1657.0,1630.0,1650.0,5652644,3127226,,1643.0,1649.0,RB
97,RB1605,2015-12-07,1652.0,1676.0,1643.0,1670.0,5045348,3217504,,1661.0,1643.0,RB
97,RB1605,2015-12-08,1668.0,1669.0,1645.0,1654.0,4044250,2987910,,1655.0,1661.0,RB
97,RB1605,2015-12-09,1651.0,1667.0,1649.0,1656.0,3471394,3074322,,1658.0,1655.0,RB
97,RB1605,2015-12-10,1656.0,1663.0,1643.0,1648.0,3004688,3045570,,1652.0,1658.0,RB
97,RB1605,2015-12-11,1646.0,1662.0,1640.0,1658.0,2855298,3115174,,1651.0,1652.0,RB
97,RB1605,2015-12-14,1659.0,1670.0,1648.0,1665.0,3573916,3165478,,1659.0,1651.0,RB
97,RB1605,2015-12-15,1661.0,1686.0,1656.0,1657.0,5315278,3195774,,1670.0,1659.0,RB
96,RB1605,2015-12-16,1656.0,1674.0,1655.0,1673.0,2142674,3138562,,1663.0,1670.0,RB
96,RB1605,2015-12-17,1673.0,1694.0,1673.0,1677.0,5940106,3276818,,1683.0,1663.0,RB
96,RB1605,2015-12-18,1676.0,1714.0,1676.0,1712.0,4566394,3389766,,1696.0,1683.0,RB
96,RB1605,2015-12-21,1719.0,1757.0,1712.0,1749.0,9698548,3617346,,1737.0,1696.0,RB
96,RB1605,2015-12-22,1749.0,1764.0,1719.0,1731.0,8147652,3740398,,1739.0,1737.0,RB
96,RB1605,2015-12-23,1728.0,1731.0,1707.0,1717.0,5630160,3638312,,1718.0,1739.0,RB
96,RB1605,2015-12-24,1717.0,1741.0,1715.0,1724.0,6194022,3539624,,1727.0,1718.0,RB
96,RB1605,2015-12-25,1722.0,1738.0,1720.0,1737.0,2885082,3556726,,1729.0,1727.0,RB
96,RB1605,2015-12-28,1737.0,1746.0,1720.0,1741.0,4514858,3500808,,1733.0,1729.0,RB
96,RB1605,2015-12-29,1740.0,1790.0,1739.0,1780.0,8060928,3434598,,1765.0,1733.0,RB
96,RB1605,2015-12-30,1779.0,1806.0,1771.0,1780.0,7988626,3326148,,1787.0,1765.0,RB
96,RB1605,2015-12-31,1782.0,1804.0,1776.0,1784.0,5863506,3268574,,1789.0,1787.0,RB
96,RB1605,2016-01-04,1821.0,1846.0,1773.0,1777.0,6700936,3062134,,1797.0,1789.0,RB
96,RB1605,2016-01-05,1779.0,1789.0,1761.0,1789.0,6413148,3171882,,1778.0,1797.0,RB
96,RB1605,2016-01-06,1787.0,1790.0,1769.0,1775.0,4603662,3101762,,1776.0,1778.0,RB
96,RB1605,2016-01-07,1770.0,1786.0,1766.0,1773.0,4652628,3073988,,1776.0,1776.0,RB
96,RB1605,2016-01-08,1769.0,1775.0,1747.0,1759.0,6658038,2885064,,1761.0,1776.0,RB
96,RB1605,2016-01-11,1757.0,1772.0,1748.0,1758.0,5081394,2834258,,1762.0,1761.0,RB
96,RB1605,2016-01-12,1759.0,1765.0,1739.0,1741.0,5333022,2925678,,1750.0,1762.0,RB
96,RB1605,2016-01-13,1741.0,1752.0,1735.0,1740.0,3591540,2791556,,1743.0,1750.0,RB
96,RB1605,2016-01-14,1742.0,1759.0,1732.0,1758.0,4110300,2851872,,1745.0,1743.0,RB
96,RB1605,2016-01-15,1758.0,1787.0,1754.0,1778.0,6649864,3152676,,1774.0,1745.0,RB
95,RB1605,2016-01-18,1777.0,1832.0,1770.0,1827.0,9156242,3353516,,1807.0,1774.0,RB
95,RB1605,2016-01-19,1825.0,1841.0,1817.0,1839.0,6967734,3331732,,1827.0,1807.0,RB
95,RB1605,2016-01-20,1838.0,1842.0,1813.0,1818.0,6237726,3187010,,1826.0,1827.0,RB
95,RB1605,2016-01-21,1815.0,1824.0,1805.0,1808.0,5493208,3248392,,1813.0,1826.0,RB
95,RB1605,2016-01-22,1810.0,1856.0,1807.0,1823.0,7687002,3539188,,1829.0,1813.0,RB
95,RB1605,2016-01-25,1828.0,1856.0,1823.0,1840.0,7650122,3646874,,1841.0,1829.0,RB
95,RB1605,2016-01-26,1840.0,1848.0,1832.0,1845.0,4321346,3622822,,1840.0,1841.0,RB
95,RB1605,2016-01-27,1850.0,1871.0,1840.0,1863.0,7017400,3667088,,1858.0,1840.0,RB
95,RB1605,2016-01-28,1861.0,1862.0,1810.0,1815.0,7189268,3326818,,1841.0,1858.0,RB
95,RB1605,2016-01-29,1813.0,1827.0,1805.0,1814.0,5938474,3157788,,1815.0,1841.0,RB
95,RB1605,2016-02-01,1816.0,1845.0,1815.0,1819.0,5697330,2911900,,1831.0,1815.0,RB
95,RB1605,2016-02-02,1820.0,1824.0,1801.0,1815.0,4090540,2493290,,1812.0,1831.0,RB
95,RB1605,2016-02-03,1820.0,1830.0,1807.0,1826.0,3099622,2307344,,1819.0,1812.0,RB
95,RB1605,2016-02-04,1826.0,1855.0,1825.0,1851.0,3515826,2254350,,1842.0,1819.0,RB
95,RB1605,2016-02-05,1853.0,1862.0,1826.0,1843.0,2790060,2088616,,1842.0,1842.0,RB
95,RB1605,2016-02-15,1835.0,1880.0,1833.0,1872.0,2680436,2221548,,1860.0,1842.0,RB
94,RB1605,2016-02-16,1872.0,1880.0,1861.0,1865.0,2707824,2279270,,1871.0,1860.0,RB
94,RB1605,2016-02-17,1866.0,1876.0,1855.0,1861.0,3197078,2216192,,1864.0,1871.0,RB
94,RB1605,2016-02-18,1864.0,1871.0,1855.0,1870.0,2833084,2258336,,1861.0,1864.0,RB
94,RB1605,2016-02-19,1872.0,1899.0,1864.0,1897.0,4259322,2307378,,1881.0,1861.0,RB
94,RB1605,2016-02-22,1897.0,1968.0,1892.0,1962.0,6568536,2474776,,1934.0,1881.0,RB
94,RB1605,2016-02-23,1957.0,1965.0,1921.0,1926.0,5118530,2267538,,1941.0,1934.0,RB
94,RB1605,2016-02-24,1922.0,1937.0,1916.0,1929.0,3504668,2243998,,1926.0,1941.0,RB
94,RB1605,2016-02-25,1929.0,1961.0,1924.0,1928.0,4325944,2347758,,1941.0,1926.0,RB
94,RB1605,2016-02-26,1932.0,1939.0,1898.0,1922.0,4146132,2272552,,1916.0,1941.0,RB
94,RB1605,2016-02-29,1922.0,1973.0,1912.0,1969.0,6078558,2446476,,1939.0,1916.0,RB
94,RB1605,2016-03-01,1975.0,2010.0,1961.0,1994.0,6064250,2456280,,1982.0,1939.0,RB
94,RB1605,2016-03-02,1997.0,2009.0,1984.0,1993.0,5582604,2215504,,1996.0,1982.0,RB
94,RB1605,2016-03-03,1990.0,1999.0,1967.0,1974.0,4325658,2049588,,1983.0,1996.0,RB
94,RB1605,2016-03-04,1972.0,1997.0,1952.0,1987.0,4750600,1843186,,1975.0,1983.0,RB
94,RB1605,2016-03-07,1990.0,2073.0,1983.0,2073.0,3279116,1725824,,2032.0,1975.0,RB
94,RB1605,2016-03-08,2194.0,2194.0,2077.0,2194.0,6192598,1593412,,2147.0,2032.0,RB
94,RB1605,2016-03-09,2149.0,2163.0,2035.0,2104.0,8678072,1289634,,2097.0,2147.0,RB
94,RB1605,2016-03-10,2112.0,2201.0,2107.0,2130.0,11325298,1511022,,2147.0,2097.0,RB
99,RB1610,2016-03-11,2072.0,2090.0,2008.0,2025.0,5421854,1649222,,2053.0,2104.0,RB
99,RB1610,2016-03-14,2000.0,2076.0,1985.0,1986.0,7468574,1876880,,2024.0,2053.0,RB
99,RB1610,2016-03-15,1980.0,2006.0,1967.0,1972.0,6206632,1982310,,1983.0,2024.0,RB
98,RB1610,2016-03-16,1969.0,2011.0,1968.0,2008.0,5064118,2125684,,1993.0,1983.0,RB
98,RB1610,2016-03-17,2010.0,2086.0,2006.0,2078.0,8370102,2207256,,2047.0,1993.0,RB
98,RB1610,2016-03-18,2082.0,2149.0,2073.0,2118.0,12070078,2411642,,2119.0,2047.0,RB
98,RB1610,2016-03-21,2117.0,2210.0,2087.0,2147.0,15519554,2715948,,2145.0,2119.0,RB
98,RB1610,2016-03-22,2153.0,2180.0,2144.0,2158.0,10235742,2637684,,2161.0,2145.0,RB
98,RB1610,2016-03-23,2155.0,2240.0,2138.0,2193.0,15313536,2589898,,2195.0,2161.0,RB
98,RB1610,2016-03-24,2198.0,2205.0,2106.0,2120.0,17616140,2456366,,2144.0,2195.0,RB
98,RB1610,2016-03-25,2117.0,2185.0,2114.0,2184.0,13761106,2597908,,2143.0,2144.0,RB
98,RB1610,2016-03-28,2190.0,2219.0,2127.0,2132.0,15282150,2704478,,2183.0,2143.0,RB
98,RB1610,2016-03-29,2140.0,2172.0,2123.0,2159.0,12704180,2832060,,2148.0,2183.0,RB
98,RB1610,2016-03-30,2163.0,2165.0,2091.0,2113.0,15421990,2982268,,2119.0,2148.0,RB
98,RB1610,2016-03-31,2109.0,2140.0,2105.0,2136.0,10882762,2807376,,2122.0,2119.0,RB
98,RB1610,2016-04-01,2140.0,2196.0,2136.0,2193.0,11332698,2849612,,2167.0,2122.0,RB
98,RB1610,2016-04-05,2207.0,2209.0,2152.0,2194.0,7784670,3140770,,2180.0,2167.0,RB
98,RB1610,2016-04-06,2194.0,2207.0,2162.0,2182.0,9508160,3437272,,2184.0,2180.0,RB
98,RB1610,2016-04-07,2180.0,2212.0,2171.0,2191.0,8191230,3571450,,2187.0,2184.0,RB
98,RB1610,2016-04-08,2188.0,2199.0,2178.0,2196.0,7519084,3548056,,2189.0,2187.0,RB
98,RB1610,2016-04-11,2201.0,2315.0,2199.0,2293.0,13939432,4180004,,2263.0,2189.0,RB
98,RB1610,2016-04-12,2302.0,2344.0,2287.0,2344.0,12889096,4273062,,2312.0,2263.0,RB
98,RB1610,2016-04-13,2351.0,2435.0,2332.0,2353.0,19138022,4129856,,2366.0,2312.0,RB
98,RB1610,2016-04-14,2355.0,2377.0,2315.0,2324.0,11451662,4028986,,2350.0,2366.0,RB
98,RB1610,2016-04-15,2320.0,2340.0,2296.0,2300.0,10863312,3711280,,2318.0,2350.0,RB
97,RB1610,2016-04-18,2287.0,2417.0,2287.0,2391.0,11825572,3715410,,2353.0,2318.0,RB
97,RB1610,2016-04-19,2397.0,2494.0,2396.0,2494.0,14327034,3533946,,2446.0,2353.0,RB
97,RB1610,2016-04-20,2501.0,2592.0,2501.0,2592.0,15687854,3329118,,2561.0,2446.0,RB
97,RB1610,2016-04-21,2612.0,2787.0,2610.0,2750.0,22361440,2797426,,2708.0,2561.0,RB
97,RB1610,2016-04-22,2735.0,2740.0,2591.0,2619.0,21928680,2671432,,2652.0,2708.0,RB
97,RB1610,2016-04-25,2608.0,2781.0,2585.0,2643.0,19860714,2778040,,2655.0,2652.0,RB
97,RB1610,2016-04-26,2607.0,2650.0,2518.0,2554.0,13828216,2927298,,2596.0,2655.0,RB
97,RB1610,2016-04-27,2550.0,2587.0,2451.0,2500.0,14117966,2892336,,2519.0,2596.0,RB
97,RB1610,2016-04-28,2503.0,2548.0,2456.0,2539.0,12590112,2901482,,2507.0,2519.0,RB
97,RB1610,2016-04-29,2548.0,2590.0,2533.0,2580.0,11065856,2705042,,2567.0,2507.0,RB
97,RB1610,2016-05-03,2545.0,2546.0,2432.0,2451.0,6087006,2702042,,2470.0,2567.0,RB
97,RB1610,2016-05-04,2439.0,2448.0,2365.0,2381.0,8158556,2902036,,2407.0,2470.0,RB
97,RB1610,2016-05-05,2373.0,2404.0,2299.0,2309.0,8843630,3010258,,2356.0,2407.0,RB
97,RB1610,2016-05-06,2320.0,2339.0,2281.0,2336.0,9851786,3079210,,2314.0,2356.0,RB
97,RB1610,2016-05-09,2343.0,2352.0,2175.0,2175.0,8700040,3311408,,2257.0,2314.0,RB
97,RB1610,2016-05-10,2105.0,2165.0,2085.0,2147.0,10220650,2981232,,2124.0,2257.0,RB
97,RB1610,2016-05-11,2155.0,2175.0,2118.0,2146.0,9657606,3045482,,2152.0,2124.0,RB
97,RB1610,2016-05-12,2154.0,2159.0,2072.0,2074.0,8472638,3340930,,2128.0,2152.0,RB
97,RB1610,2016-05-13,2064.0,2078.0,2000.0,2030.0,10298962,3500184,,2037.0,2128.0,RB
97,RB1610,2016-05-16,2022.0,2086.0,2013.0,2052.0,8318498,3430758,,2053.0,2037.0,RB
96,RB1610,2016-05-17,2058.0,2118.0,2042.0,2114.0,8366662,3195814,,2076.0,2053.0,RB
96,RB1610,2016-05-18,2109.0,2134.0,2036.0,2055.0,10649982,2961602,,2092.0,2076.0,RB
96,RB1610,2016-05-19,2050.0,2073.0,2024.0,2043.0,8679626,3041332,,2047.0,2092.0,RB
96,RB1610,2016-05-20,2030.0,2079.0,2016.0,2062.0,7550934,3092190,,2054.0,2047.0,RB
96,RB1610,2016-05-23,2065.0,2069.0,1930.0,1947.0,7824686,2946832,,1983.0,2054.0,RB
96,RB1610,2016-05-24,1945.0,1965.0,1917.0,1958.0,6755808,2962564,,1941.0,1983.0,RB
96,RB1610,2016-05-25,1963.0,1973.0,1912.0,1916.0,6905020,3045028,,1941.0,1941.0,RB
96,RB1610,2016-05-26,1920.0,1958.0,1907.0,1953.0,7416702,3043898,,1940.0,1941.0,RB
96,RB1610,2016-05-27,1965.0,2048.0,1926.0,2033.0,11215608,2923206,,1987.0,1940.0,RB
96,RB1610,2016-05-30,2033.0,2054.0,1894.0,1990.0,10207570,2854180,,1994.0,1987.0,RB
96,RB1610,2016-05-31,1985.0,2028.0,1973.0,1978.0,7125598,2941886,,1999.0,1994.0,RB
96,RB1610,2016-06-01,1975.0,1985.0,1939.0,1955.0,5423698,2968202,,1961.0,1999.0,RB
96,RB1610,2016-06-02,1940.0,1980.0,1938.0,1954.0,4834340,3035662,,1959.0,1961.0,RB
96,RB1610,2016-06-03,1952.0,2003.0,1950.0,1988.0,5065658,2937758,,1980.0,1959.0,RB
96,RB1610,2016-06-06,2009.0,2082.0,1982.0,2059.0,7362346,2941864,,2031.0,1980.0,RB
96,RB1610,2016-06-07,2065.0,2103.0,2055.0,2077.0,6342670,2758772,,2074.0,2031.0,RB
96,RB1610,2016-06-08,2076.0,2115.0,2038.0,2099.0,7473444,2478334,,2080.0,2074.0,RB
96,RB1610,2016-06-13,2092.0,2189.0,2090.0,2170.0,6223922,2596912,,2154.0,2080.0,RB
96,RB1610,2016-06-14,2170.0,2184.0,2071.0,2072.0,8418904,2447134,,2125.0,2154.0,RB
96,RB1610,2016-06-15,2062.0,2101.0,2053.0,2067.0,5505990,2452108,,2075.0,2125.0,RB
95,RB1610,2016-06-16,2082.0,2118.0,2068.0,2074.0,5954174,2476248,,2086.0,2075.0,RB
95,RB1610,2016-06-17,2069.0,2080.0,2028.0,2074.0,5880856,2375822,,2054.0,2086.0,RB
95,RB1610,2016-06-20,2072.0,2099.0,2056.0,2062.0,4848484,2389908,,2074.0,2054.0,RB
95,RB1610,2016-06-21,2053.0,2115.0,2048.0,2082.0,5592902,2480160,,2085.0,2074.0,RB
95,RB1610,2016-06-22,2080.0,2143.0,2075.0,2143.0,6999164,2631158,,2115.0,2085.0,RB
95,RB1610,2016-06-23,2148.0,2161.0,2131.0,2141.0,5478706,2686078,,2145.0,2115.0,RB
95,RB1610,2016-06-24,2153.0,2168.0,2100.0,2126.0,5838818,2639884,,2140.0,2145.0,RB
95,RB1610,2016-06-27,2125.0,2268.0,2124.0,2268.0,7599160,2806212,,2210.0,2140.0,RB
95,RB1610,2016-06-28,2268.0,2288.0,2234.0,2265.0,5887680,2691696,,2265.0,2210.0,RB
95,RB1610,2016-06-29,2264.0,2280.0,2226.0,2241.0,5861356,2608036,,2250.0,2265.0,RB
95,RB1610,2016-06-30,2237.0,2345.0,2233.0,2337.0,7704152,2505608,,2295.0,2250.0,RB
95,RB1610,2016-07-01,2341.0,2374.0,2309.0,2349.0,7083518,2313042,,2344.0,2295.0,RB
95,RB1610,2016-07-04,2349.0,2468.0,2349.0,2424.0,9112380,2073208,,2412.0,2344.0,RB
95,RB1610,2016-07-05,2430.0,2454.0,2311.0,2402.0,7311714,1971480,,2385.0,2412.0,RB
95,RB1610,2016-07-06,2393.0,2429.0,2326.0,2378.0,8042726,1982898,,2371.0,2385.0,RB
95,RB1610,2016-07-07,2370.0,2456.0,2349.0,2387.0,8375194,2077216,,2401.0,2371.0,RB
95,RB1610,2016-07-08,2387.0,2447.0,2365.0,2445.0,8376194,2413392,,2402.0,2401.0,RB
95,RB1610,2016-07-11,2464.0,2484.0,2361.0,2430.0,7469210,2276468,,2422.0,2402.0,RB
95,RB1610,2016-07-12,2435.0,2563.0,2416.0,2558.0,7774606,2561784,,2491.0,2422.0,RB
95,RB1610,2016-07-13,2540.0,2589.0,2512.0,2516.0,6880472,2494614,,2550.0,2491.0,RB
95,RB1610,2016-07-14,2523.0,2542.0,2478.0,2524.0,5581728,2493862,,2511.0,2550.0,RB
95,RB1610,2016-07-15,2515.0,2556.0,2479.0,2527.0,6070020,2463646,,2513.0,2511.0,RB
94,RB1610,2016-07-18,2528.0,2535.0,2362.0,2362.0,7009522,2509524,,2439.0,2513.0,RB
94,RB1610,2016-07-19,2354.0,2358.0,2264.0,2297.0,7458256,2326466,,2315.0,2439.0,RB
94,RB1610,2016-07-20,2304.0,2336.0,2282.0,2310.0,5487648,2295432,,2306.0,2315.0,RB
94,RB1610,2016-07-21,2309.0,2432.0,2278.0,2396.0,7426584,2261552,,2353.0,2306.0,RB
94,RB1610,2016-07-22,2390.0,2399.0,2296.0,2310.0,6666442,2172398,,2343.0,2353.0,RB
94,RB1610,2016-07-25,2311.0,2368.0,2279.0,2342.0,7003380,2116832,,2331.0,2343.0,RB
94,RB1610,2016-07-26,2350.0,2379.0,2309.0,2379.0,5557718,2159444,,2339.0,2331.0,RB
94,RB1610,2016-07-27,2377.0,2449.0,2367.0,2418.0,7734528,1903086,,2405.0,2339.0,RB
94,RB1610,2016-07-28,2421.0,2503.0,2412.0,2480.0,7475414,1936284,,2462.0,2405.0,RB
94,RB1610,2016-07-29,2475.0,2484.0,2396.0,2412.0,5494102,1891324,,2444.0,2462.0,RB
94,RB1610,2016-08-01,2420.0,2521.0,2383.0,2495.0,6510646,1796142,,2466.0,2444.0,RB
94,RB1610,2016-08-02,2500.0,2529.0,2478.0,2514.0,4636956,1857660,,2500.0,2466.0,RB
94,RB1610,2016-08-03,2517.0,2522.0,2471.0,2497.0,4146122,1844192,,2495.0,2500.0,RB
94,RB1610,2016-08-04,2495.0,2504.0,2417.0,2453.0,5642740,1922344,,2461.0,2495.0,RB
94,RB1610,2016-08-05,2461.0,2555.0,2450.0,2538.0,5161852,1864868,,2505.0,2461.0,RB
94,RB1610,2016-08-08,2538.0,2618.0,2516.0,2607.0,4988876,1968322,,2570.0,2505.0,RB
94,RB1610,2016-08-09,2607.0,2628.0,2549.0,2589.0,4572794,1909702,,2591.0,2570.0,RB
94,RB1610,2016-08-10,2580.0,2639.0,2561.0,2587.0,4624264,1905536,,2586.0,2591.0,RB
94,RB1610,2016-08-11,2587.0,2602.0,2535.0,2594.0,4269190,1963378,,2572.0,2586.0,RB
94,RB1610,2016-08-12,2580.0,2590.0,2555.0,2577.0,3689742,1859538,,2574.0,2572.0,RB
94,RB1610,2016-08-15,2561.0,2582.0,2505.0,2571.0,4053394,1783176,,2551.0,2574.0,RB
93,RB1610,2016-08-16,2571.0,2687.0,2563.0,2648.0,4320198,1775446,,2629.0,2551.0,RB
96,RB1701,2016-08-17,2570.0,2601.0,2529.0,2530.0,3885986,1771500,,2571.0,2535.0,RB
96,RB1701,2016-08-18,2531.0,2570.0,2516.0,2549.0,4533600,1978564,,2542.0,2571.0,RB
96,RB1701,2016-08-19,2537.0,2575.0,2497.0,2567.0,5512548,2144406,,2539.0,2542.0,RB
96,RB1701,2016-08-22,2564.0,2602.0,2551.0,2553.0,5207160,2380650,,2572.0,2539.0,RB
96,RB1701,2016-08-23,2549.0,2615.0,2537.0,2596.0,5406822,2576768,,2585.0,2572.0,RB
96,RB1701,2016-08-24,2599.0,2620.0,2575.0,2589.0,3940550,2604334,,2596.0,2585.0,RB
96,RB1701,2016-08-25,2600.0,2620.0,2487.0,2567.0,7629108,2710618,,2563.0,2596.0,RB
96,RB1701,2016-08-26,2565.0,2573.0,2500.0,2502.0,5510904,2657676,,2541.0,2563.0,RB
96,RB1701,2016-08-29,2492.0,2501.0,2447.0,2477.0,5832962,2660264,,2476.0,2541.0,RB
96,RB1701,2016-08-30,2485.0,2491.0,2418.0,2422.0,6071512,2889822,,2453.0,2476.0,RB
96,RB1701,2016-08-31,2430.0,2449.0,2389.0,2392.0,5324052,2838164,,2422.0,2453.0,RB
96,RB1701,2016-09-01,2384.0,2412.0,2362.0,2402.0,5234742,2847492,,2388.0,2422.0,RB
96,RB1701,2016-09-02,2400.0,2464.0,2388.0,2406.0,7014078,2747498,,2426.0,2388.0,RB
96,RB1701,2016-09-05,2415.0,2463.0,2410.0,2436.0,6002322,2808008,,2438.0,2426.0,RB
96,RB1701,2016-09-06,2436.0,2458.0,2412.0,2428.0,5017696,2902974,,2430.0,2438.0,RB
96,RB1701,2016-09-07,2424.0,2427.0,2330.0,2334.0,7433996,3186378,,2371.0,2430.0,RB
96,RB1701,2016-09-08,2334.0,2357.0,2321.0,2338.0,4869812,3209340,,2338.0,2371.0,RB
96,RB1701,2016-09-09,2335.0,2346.0,2303.0,2343.0,5757430,3175186,,2324.0,2338.0,RB
96,RB1701,2016-09-12,2343.0,2357.0,2270.0,2277.0,5823944,3158204,,2307.0,2324.0,RB
96,RB1701,2016-09-13,2276.0,2299.0,2247.0,2256.0,4971790,3229964,,2272.0,2307.0,RB
96,RB1701,2016-09-14,2250.0,2276.0,2246.0,2250.0,4277878,3241868,,2260.0,2272.0,RB
96,RB1701,2016-09-19,2200.0,2249.0,2190.0,2239.0,3195102,3369950,,2235.0,2260.0,RB
95,RB1701,2016-09-20,2237.0,2285.0,2237.0,2264.0,5189584,3327228,,2263.0,2235.0,RB
95,RB1701,2016-09-21,2264.0,2275.0,2242.0,2257.0,4515108,3355942,,2259.0,2263.0,RB
95,RB1701,2016-09-22,2254.0,2330.0,2253.0,2280.0,7508750,3117042,,2292.0,2259.0,RB
95,RB1701,2016-09-23,2285.0,2313.0,2280.0,2309.0,4878596,2999758,,2298.0,2292.0,RB
95,RB1701,2016-09-26,2311.0,2353.0,2309.0,2316.0,5032966,2944970,,2323.0,2298.0,RB
95,RB1701,2016-09-27,2319.0,2321.0,2252.0,2273.0,5733910,2995756,,2282.0,2323.0,RB
95,RB1701,2016-09-28,2268.0,2288.0,2255.0,2285.0,4295198,2983406,,2272.0,2282.0,RB
95,RB1701,2016-09-29,2289.0,2332.0,2270.0,2273.0,5653568,2696638,,2306.0,2272.0,RB
95,RB1701,2016-09-30,2270.0,2288.0,2248.0,2253.0,3710948,2570142,,2264.0,2306.0,RB
95,RB1701,2016-10-10,2240.0,2274.0,2209.0,2270.0,3464986,2628696,,2247.0,2264.0,RB
95,RB1701,2016-10-11,2273.0,2340.0,2273.0,2339.0,5548546,2751772,,2309.0,2247.0,RB
95,RB1701,2016-10-12,2340.0,2360.0,2311.0,2358.0,4978656,2776198,,2335.0,2309.0,RB
95,RB1701,2016-10-13,2363.0,2368.0,2331.0,2354.0,4501194,2663540,,2348.0,2335.0,RB
95,RB1701,2016-10-14,2353.0,2422.0,2344.0,2399.0,5084094,2680738,,2378.0,2348.0,RB
95,RB1701,2016-10-17,2391.0,2451.0,2389.0,2431.0,4848632,2587868,,2427.0,2378.0,RB
94,RB1701,2016-10-18,2430.0,2443.0,2402.0,2441.0,3898820,2576244,,2421.0,2427.0,RB
94,RB1701,2016-10-19,2451.0,2526.0,2424.0,2434.0,7063346,2469978,,2472.0,2421.0,RB
94,RB1701,2016-10-20,2438.0,2495.0,2434.0,2486.0,5109816,2498386,,2472.0,2472.0,RB
94,RB1701,2016-10-21,2492.0,2504.0,2433.0,2485.0,4545124,2433466,,2465.0,2472.0,RB
94,RB1701,2016-10-24,2480.0,2500.0,2430.0,2491.0,4712738,2444666,,2469.0,2465.0,RB
94,RB1701,2016-10-25,2493.0,2587.0,2492.0,2569.0,6094124,2462038,,2547.0,2469.0,RB
94,RB1701,2016-10-26,2572.0,2597.0,2513.0,2534.0,5791228,2356776,,2546.0,2547.0,RB
94,RB1701,2016-10-27,2535.0,2570.0,2485.0,2512.0,5433252,2172556,,2528.0,2546.0,RB
94,RB1701,2016-10-28,2520.0,2590.0,2510.0,2588.0,4328268,2211058,,2545.0,2528.0,RB
94,RB1701,2016-10-31,2595.0,2613.0,2550.0,2600.0,4884518,2108310,,2582.0,2545.0,RB
94,RB1701,2016-11-01,2600.0,2640.0,2563.0,2613.0,5337216,2111350,,2607.0,2582.0,RB
94,RB1701,2016-11-02,2619.0,2665.0,2595.0,2610.0,5090916,2047804,,2629.0,2607.0,RB
94,RB1701,2016-11-03,2615.0,2694.0,2608.0,2691.0,4501852,2288186,,2646.0,2629.0,RB
94,RB1701,2016-11-04,2695.0,2767.0,2694.0,2716.0,6349562,2184014,,2726.0,2646.0,RB
94,RB1701,2016-11-07,2736.0,2889.0,2712.0,2889.0,6528734,2122454,,2799.0,2726.0,RB
94,RB1701,2016-11-08,2887.0,2933.0,2786.0,2836.0,6907862,1846738,,2864.0,2799.0,RB
94,RB1701,2016-11-09,2827.0,3030.0,2815.0,3015.0,5927072,1856932,,2943.0,2864.0,RB
94,RB1701,2016-11-10,3010.0,3119.0,2937.0,2987.0,7075336,1724324,,3021.0,2943.0,RB
94,RB1701,2016-11-11,3000.0,3148.0,2960.0,3126.0,4679740,1711882,,3043.0,3021.0,RB
94,RB1701,2016-11-14,3147.0,3220.0,2897.0,2945.0,5886956,1394948,,3041.0,3043.0,RB
94,RB1701,2016-11-15,2950.0,2996.0,2858.0,2858.0,2869130,1442346,,2930.0,3041.0,RB
93,RB1701,2016-11-16,2801.0,2839.0,2714.0,2816.0,3909922,1399424,,2789.0,2930.0,RB
93,RB1701,2016-11-17,2819.0,2841.0,2738.0,2814.0,3171932,1439176,,2785.0,2789.0,RB
93,RB1701,2016-11-18,2824.0,2845.0,2750.0,2772.0,2899398,1396636,,2783.0,2785.0,RB
93,RB1701,2016-11-21,2783.0,2790.0,2660.0,2714.0,2988754,1371636,,2736.0,2783.0,RB
93,RB1701,2016-11-22,2726.0,2900.0,2708.0,2900.0,3723944,1300110,,2826.0,2736.0,RB
93,RB1701,2016-11-23,2897.0,2966.0,2860.0,2954.0,4070872,1339794,,2914.0,2826.0,RB
93,RB1701,2016-11-24,2950.0,3012.0,2882.0,2951.0,3487584,1132534,,2948.0,2914.0,RB
93,RB1701,2016-11-25,2902.0,3154.0,2902.0,3154.0,2816238,1104502,,3044.0,2948.0,RB
97,RB1705,2016-11-28,3252.0,3378.0,3182.0,3332.0,2733408,1364960,,3281.0,3141.0,RB
97,RB1705,2016-11-29,3306.0,3348.0,3060.0,3062.0,3991114,1433476,,3226.0,3281.0,RB
97,RB1705,2016-11-30,3062.0,3085.0,3000.0,3000.0,2136874,1337564,,3040.0,3226.0,RB
97,RB1705,2016-12-01,3000.0,3218.0,2965.0,3187.0,5079566,1610660,,3087.0,3040.0,RB
97,RB1705,2016-12-02,3196.0,3229.0,3011.0,3126.0,5315224,1646860,,3131.0,3087.0,RB
97,RB1705,2016-12-05,3124.0,3233.0,3060.0,3204.0,4581570,1742120,,3147.0,3131.0,RB
97,RB1705,2016-12-06,3201.0,3262.0,3178.0,3217.0,3570526,1808054,,3218.0,3147.0,RB
97,RB1705,2016-12-07,3223.0,3428.0,3216.0,3382.0,4600540,2081848,,3337.0,3218.0,RB
97,RB1705,2016-12-08,3391.0,3418.0,3291.0,3394.0,3988602,2131430,,3363.0,3337.0,RB
97,RB1705,2016-12-09,3402.0,3413.0,3213.0,3345.0,5420202,2147234,,3325.0,3363.0,RB
97,RB1705,2016-12-12,3368.0,3557.0,3302.0,3444.0,4000812,2142098,,3436.0,3325.0,RB
97,RB1705,2016-12-13,3456.0,3506.0,3413.0,3505.0,3335092,2325978,,3466.0,3436.0,RB
97,RB1705,2016-12-14,3489.0,3497.0,3331.0,3375.0,4341096,2301362,,3412.0,3466.0,RB
97,RB1705,2016-12-15,3368.0,3441.0,3304.0,3413.0,4079444,2300790,,3368.0,3412.0,RB
96,RB1705,2016-12-16,3380.0,3409.0,3292.0,3293.0,3396454,2313854,,3363.0,3368.0,RB
96,RB1705,2016-12-19,3280.0,3309.0,3167.0,3171.0,3659544,2328378,,3252.0,3363.0,RB
96,RB1705,2016-12-20,3161.0,3193.0,3118.0,3162.0,3485732,2178928,,3157.0,3252.0,RB
96,RB1705,2016-12-21,3168.0,3205.0,3093.0,3169.0,3572718,2247440,,3158.0,3157.0,RB
96,RB1705,2016-12-22,3173.0,3186.0,3024.0,3026.0,3356712,2355272,,3110.0,3158.0,RB
96,RB1705,2016-12-23,3012.0,3068.0,2966.0,2984.0,3764756,2404368,,3012.0,3110.0,RB
96,RB1705,2016-12-26,2971.0,3018.0,2846.0,2922.0,4597294,2499958,,2927.0,3012.0,RB
96,RB1705,2016-12-27,2932.0,3007.0,2872.0,3006.0,3606540,2361982,,2931.0,2927.0,RB
96,RB1705,2016-12-28,3010.0,3072.0,2966.0,2989.0,4099296,2398440,,3015.0,2931.0,RB
96,RB1705,2016-12-29,2992.0,2995.0,2911.0,2952.0,3948156,2464282,,2951.0,3015.0,RB
96,RB1705,2016-12-30,2948.0,2970.0,2866.0,2867.0,2988602,2442966,,2911.0,2951.0,RB
96,RB1705,2017-01-03,2889.0,2998.0,2839.0,2851.0,2581552,2526810,,2914.0,2911.0,RB
96,RB1705,2017-01-04,2860.0,2957.0,2827.0,2930.0,3988998,2531598,,2892.0,2914.0,RB
96,RB1705,2017-01-05,2930.0,2998.0,2913.0,2941.0,3639036,2493862,,2953.0,2892.0,RB
96,RB1705,2017-01-06,2940.0,2988.0,2900.0,2912.0,3621876,2505026,,2943.0,2953.0,RB
96,RB1705,2017-01-09,2915.0,3049.0,2893.0,3048.0,3590906,2486996,,2960.0,2943.0,RB
96,RB1705,2017-01-10,3048.0,3167.0,3028.0,3167.0,3923264,2580862,,3095.0,2960.0,RB
96,RB1705,2017-01-11,3177.0,3202.0,3135.0,3182.0,3167658,2471864,,3173.0,3095.0,RB
96,RB1705,2017-01-12,3179.0,3260.0,3158.0,3207.0,3534488,2690826,,3212.0,3173.0,RB
96,RB1705,2017-01-13,3212.0,3247.0,3167.0,3194.0,2951466,2585936,,3207.0,3212.0,RB
96,RB1705,2017-01-16,3190.0,3418.0,3173.0,3375.0,4048262,2667728,,3318.0,3207.0,RB
95,RB1705,2017-01-17,3370.0,3402.0,3240.0,3284.0,3555120,2527596,,3326.0,3318.0,RB
95,RB1705,2017-01-18,3292.0,3350.0,3243.0,3292.0,3353896,2505772,,3287.0,3326.0,RB
95,RB1705,2017-01-19,3280.0,3306.0,3220.0,3256.0,3144640,2531502,,3262.0,3287.0,RB
95,RB1705,2017-01-20,3252.0,3296.0,3193.0,3194.0,3147490,2508784,,3251.0,3262.0,RB
95,RB1705,2017-01-23,3191.0,3205.0,3143.0,3180.0,2358234,2345226,,3174.0,3251.0,RB
95,RB1705,2017-01-24,3178.0,3344.0,3170.0,3292.0,2952718,2469476,,3263.0,3174.0,RB
95,RB1705,2017-01-25,3300.0,3320.0,3255.0,3299.0,1804324,2265996,,3287.0,3263.0,RB
95,RB1705,2017-01-26,3292.0,3380.0,3290.0,3369.0,1896002,2254872,,3339.0,3287.0,RB
95,RB1705,2017-02-03,3349.0,3358.0,3071.0,3113.0,2496492,2244062,,3174.0,3339.0,RB
95,RB1705,2017-02-06,3110.0,3132.0,3062.0,3082.0,2416472,2445734,,3097.0,3174.0,RB
95,RB1705,2017-02-07,3090.0,3176.0,3067.0,3165.0,2591874,2472670,,3129.0,3097.0,RB
95,RB1705,2017-02-08,3161.0,3248.0,3129.0,3243.0,2989688,2566662,,3198.0,3129.0,RB
95,RB1705,2017-02-09,3248.0,3276.0,3202.0,3206.0,2410544,2528692,,3239.0,3198.0,RB
95,RB1705,2017-02-10,3198.0,3398.0,3181.0,3328.0,4366112,2757728,,3292.0,3239.0,RB
95,RB1705,2017-02-13,3351.0,3451.0,3332.0,3437.0,3014236,2750650,,3399.0,3292.0,RB
95,RB1705,2017-02-14,3449.0,3450.0,3382.0,3442.0,2325770,2705168,,3419.0,3399.0,RB
95,RB1705,2017-02-15,3442.0,3458.0,3350.0,3391.0,3270782,2854176,,3412.0,3419.0,RB
94,RB1705,2017-02-16,3370.0,3509.0,3359.0,3381.0,4521314,2782674,,3421.0,3412.0,RB
94,RB1705,2017-02-17,3394.0,3489.0,3389.0,3473.0,3593002,2815816,,3451.0,3421.0,RB
94,RB1705,2017-02-20,3481.0,3557.0,3461.0,3546.0,3980198,3194206,,3517.0,3451.0,RB
94,RB1705,2017-02-21,3566.0,3630.0,3552.0,3575.0,3226564,3058306,,3589.0,3517.0,RB
94,RB1705,2017-02-22,3572.0,3589.0,3508.0,3525.0,3227458,2943694,,3546.0,3589.0,RB
94,RB1705,2017-02-23,3506.0,3566.0,3444.0,3483.0,3698790,2830814,,3512.0,3546.0,RB
94,RB1705,2017-02-24,3512.0,3515.0,3373.0,3498.0,3970238,2856986,,3449.0,3512.0,RB
94,RB1705,2017-02-27,3498.0,3648.0,3485.0,3612.0,3932404,3013542,,3573.0,3449.0,RB
94,RB1705,2017-02-28,3610.0,3623.0,3467.0,3471.0,3752392,2851838,,3564.0,3573.0,RB
94,RB1705,2017-03-01,3488.0,3579.0,3469.0,3542.0,3596716,2870166,,3516.0,3564.0,RB
94,RB1705,2017-03-02,3545.0,3597.0,3525.0,3553.0,2936158,2882066,,3558.0,3516.0,RB
94,RB1705,2017-03-03,3555.0,3567.0,3440.0,3566.0,4145656,3087546,,3499.0,3558.0,RB
94,RB1705,2017-03-06,3569.0,3580.0,3450.0,3467.0,4069720,2897968,,3511.0,3499.0,RB
94,RB1705,2017-03-07,3445.0,3509.0,3442.0,3494.0,3009698,2810242,,3477.0,3511.0,RB
94,RB1705,2017-03-08,3492.0,3508.0,3410.0,3425.0,3776446,2975960,,3459.0,3477.0,RB
94,RB1705,2017-03-09,3417.0,3444.0,3348.0,3389.0,3374018,2819092,,3390.0,3459.0,RB
94,RB1705,2017-03-10,3385.0,3427.0,3380.0,3402.0,2693822,2796138,,3404.0,3390.0,RB
94,RB1705,2017-03-13,3410.0,3606.0,3353.0,3604.0,4616948,2961672,,3461.0,3404.0,RB
94,RB1705,2017-03-14,3603.0,3615.0,3556.0,3594.0,2793100,2815632,,3585.0,3461.0,RB
94,RB1705,2017-03-15,3592.0,3692.0,3566.0,3641.0,3284492,2676568,,3629.0,3585.0,RB
93,RB1705,2017-03-16,3630.0,3677.0,3575.0,3625.0,2365448,2469850,,3621.0,3629.0,RB
93,RB1705,2017-03-17,3615.0,3628.0,3552.0,3575.0,2009228,2260584,,3588.0,3621.0,RB
98,RB1710,2017-03-20,3370.0,3428.0,3318.0,3334.0,2693626,1382082,,3376.0,3386.0,RB
98,RB1710,2017-03-21,3341.0,3348.0,3224.0,3229.0,2970956,1550554,,3272.0,3376.0,RB
98,RB1710,2017-03-22,3218.0,3243.0,3108.0,3117.0,3525616,1832902,,3169.0,3272.0,RB
98,RB1710,2017-03-23,3119.0,3182.0,3118.0,3127.0,2961120,1967156,,3151.0,3169.0,RB
98,RB1710,2017-03-24,3130.0,3199.0,3097.0,3140.0,4315812,2086352,,3151.0,3151.0,RB
98,RB1710,2017-03-27,3138.0,3145.0,3003.0,3057.0,4210368,2172364,,3061.0,3151.0,RB
98,RB1710,2017-03-28,3058.0,3108.0,3035.0,3050.0,3860972,2311302,,3072.0,3061.0,RB
98,RB1710,2017-03-29,3062.0,3177.0,3061.0,3169.0,4705728,2384386,,3124.0,3072.0,RB
98,RB1710,2017-03-30,3169.0,3189.0,3121.0,3142.0,3670026,2419084,,3154.0,3124.0,RB
98,RB1710,2017-03-31,3140.0,3224.0,3112.0,3152.0,5570154,2465042,,3166.0,3154.0,RB
98,RB1710,2017-04-05,3200.0,3285.0,3173.0,3222.0,4368094,2455878,,3238.0,3166.0,RB
98,RB1710,2017-04-06,3237.0,3247.0,3157.0,3162.0,4956264,2627898,,3196.0,3238.0,RB
98,RB1710,2017-04-07,3136.0,3145.0,2985.0,3038.0,6128296,2754252,,3058.0,3196.0,RB
98,RB1710,2017-04-10,3030.0,3058.0,2987.0,3000.0,4221712,2804536,,3021.0,3058.0,RB
98,RB1710,2017-04-11,2990.0,3029.0,2950.0,2982.0,4500688,2847282,,2998.0,3021.0,RB
98,RB1710,2017-04-12,2975.0,2992.0,2888.0,2893.0,4743762,2929150,,2931.0,2998.0,RB
98,RB1710,2017-04-13,2888.0,2961.0,2879.0,2917.0,4355624,2850832,,2925.0,2931.0,RB
98,RB1710,2017-04-14,2925.0,2999.0,2907.0,2942.0,5676496,2805770,,2951.0,2925.0,RB
98,RB1710,2017-04-17,2942.0,2991.0,2884.0,2912.0,5247354,2765320,,2932.0,2951.0,RB
97,RB1710,2017-04-18,2917.0,2929.0,2815.0,2824.0,4828746,2929440,,2868.0,2932.0,RB
97,RB1710,2017-04-19,2819.0,2862.0,2811.0,2852.0,3665450,2845128,,2839.0,2868.0,RB
97,RB1710,2017-04-20,2853.0,2928.0,2775.0,2889.0,6177936,2755486,,2842.0,2839.0,RB
97,RB1710,2017-04-21,2898.0,2967.0,2867.0,2928.0,6859930,2718328,,2920.0,2842.0,RB
97,RB1710,2017-04-24,2923.0,2942.0,2851.0,2927.0,5467910,2757128,,2894.0,2920.0,RB
97,RB1710,2017-04-25,2925.0,2958.0,2896.0,2948.0,5236738,2927716,,2930.0,2894.0,RB
97,RB1710,2017-04-26,2955.0,3032.0,2934.0,2967.0,5939958,3046648,,2981.0,2930.0,RB
97,RB1710,2017-04-27,2970.0,3018.0,2958.0,3016.0,4814822,3152884,,2985.0,2981.0,RB
97,RB1710,2017-04-28,3035.0,3116.0,3026.0,3115.0,6604372,3301826,,3066.0,2985.0,RB
97,RB1710,2017-05-02,3152.0,3160.0,3105.0,3134.0,3349462,3394692,,3133.0,3066.0,RB
97,RB1710,2017-05-03,3143.0,3151.0,3094.0,3131.0,4945434,3672130,,3123.0,3133.0,RB
97,RB1710,2017-05-04,3120.0,3126.0,2904.0,2931.0,10040322,3344158,,3007.0,3123.0,RB
97,RB1710,2017-05-05,2949.0,2955.0,2891.0,2931.0,7220490,3396782,,2931.0,3007.0,RB
97,RB1710,2017-05-08,2948.0,3049.0,2933.0,3004.0,9812676,3584572,,2987.0,2931.0,RB
97,RB1710,2017-05-09,2998.0,3035.0,2980.0,3016.0,6250494,3705088,,3001.0,2987.0,RB
97,RB1710,2017-05-10,3009.0,3084.0,3005.0,3077.0,7391280,3791240,,3056.0,3001.0,RB
97,RB1710,2017-05-11,3084.0,3108.0,2962.0,3060.0,10250286,3700338,,3030.0,3056.0,RB
97,RB1710,2017-05-12,3068.0,3078.0,2939.0,2941.0,9412260,3922756,,3000.0,3030.0,RB
97,RB1710,2017-05-15,2950.0,3032.0,2925.0,2991.0,7079212,3777186,,2981.0,3000.0,RB
96,RB1710,2017-05-16,2997.0,3005.0,2958.0,2999.0,5715242,3792070,,2983.0,2981.0,RB
96,RB1710,2017-05-17,3005.0,3118.0,2993.0,3110.0,8553152,4042906,,3066.0,2983.0,RB
96,RB1710,2017-05-18,3111.0,3159.0,3080.0,3144.0,7669748,4272028,,3120.0,3066.0,RB
96,RB1710,2017-05-19,3118.0,3249.0,3095.0,3244.0,9364778,4357650,,3186.0,3120.0,RB
96,RB1710,2017-05-22,3254.0,3385.0,3246.0,3342.0,9224152,4515004,,3325.0,3186.0,RB
96,RB1710,2017-05-23,3349.0,3356.0,3285.0,3295.0,6647362,4416246,,3320.0,3325.0,RB
96,RB1710,2017-05-24,3288.0,3317.0,3191.0,3246.0,9760882,4330496,,3258.0,3320.0,RB
96,RB1710,2017-05-25,3247.0,3298.0,3210.0,3219.0,9362346,4141028,,3254.0,3258.0,RB
96,RB1710,2017-05-26,3221.0,3249.0,3172.0,3240.0,7427212,4039408,,3212.0,3254.0,RB
96,RB1710,2017-05-31,3248.0,3273.0,3089.0,3095.0,6663064,3993662,,3181.0,3212.0,RB
96,RB1710,2017-06-01,3102.0,3127.0,3057.0,3092.0,7377354,4116502,,3094.0,3181.0,RB
96,RB1710,2017-06-02,3098.0,3108.0,3021.0,3026.0,9046274,4174198,,3057.0,3094.0,RB
96,RB1710,2017-06-05,3010.0,3055.0,2938.0,2939.0,7983244,4259372,,2989.0,3057.0,RB
96,RB1710,2017-06-06,2928.0,2973.0,2906.0,2959.0,6740960,4112454,,2941.0,2989.0,RB
96,RB1710,2017-06-07,2959.0,2996.0,2935.0,2962.0,6244994,4237182,,2965.0,2941.0,RB
96,RB1710,2017-06-08,2968.0,3025.0,2924.0,2968.0,9025802,4077740,,2972.0,2965.0,RB
96,RB1710,2017-06-09,2968.0,3021.0,2954.0,3017.0,6275936,4086840,,2992.0,2972.0,RB
96,RB1710,2017-06-12,3030.0,3051.0,3000.0,3033.0,6298340,4090012,,3030.0,2992.0,RB
96,RB1710,2017-06-13,3035.0,3045.0,2932.0,2935.0,5864856,4316160,,2995.0,3030.0,RB
96,RB1710,2017-06-14,2935.0,3086.0,2930.0,3084.0,8388128,4100690,,2998.0,2995.0,RB
96,RB1710,2017-06-15,3080.0,3124.0,3023.0,3111.0,8854462,4169474,,3080.0,2998.0,RB
95,RB1710,2017-06-16,3105.0,3156.0,3075.0,3091.0,7986648,3921532,,3113.0,3080.0,RB
95,RB1710,2017-06-19,3100.0,3185.0,3093.0,3140.0,7269176,3884594,,3137.0,3113.0,RB
95,RB1710,2017-06-20,3144.0,3150.0,3084.0,3109.0,6469594,3918006,,3119.0,3137.0,RB
95,RB1710,2017-06-21,3099.0,3100.0,3034.0,3069.0,6953398,3881838,,3060.0,3119.0,RB
95,RB1710,2017-06-22,3079.0,3123.0,3030.0,3031.0,8068116,3860464,,3087.0,3060.0,RB
95,RB1710,2017-06-23,3037.0,3110.0,3034.0,3104.0,6795422,3837146,,3062.0,3087.0,RB
95,RB1710,2017-06-26,3105.0,3149.0,3088.0,3148.0,6297226,3909278,,3115.0,3062.0,RB
95,RB1710,2017-06-27,3152.0,3225.0,3132.0,3224.0,6593804,4064658,,3173.0,3115.0,RB
95,RB1710,2017-06-28,3226.0,3291.0,3224.0,3279.0,6083548,4243248,,3258.0,3173.0,RB
95,RB1710,2017-06-29,3288.0,3330.0,3252.0,3297.0,8409380,4287144,,3291.0,3258.0,RB
95,RB1710,2017-06-30,3291.0,3355.0,3273.0,3347.0,7499712,4577550,,3306.0,3291.0,RB
95,RB1710,2017-07-03,3341.0,3415.0,3333.0,3413.0,7327914,4727336,,3373.0,3306.0,RB
95,RB1710,2017-07-04,3405.0,3448.0,3341.0,3360.0,7666870,4533484,,3393.0,3373.0,RB
95,RB1710,2017-07-05,3370.0,3474.0,3369.0,3420.0,8665272,4535336,,3422.0,3393.0,RB
95,RB1710,2017-07-06,3400.0,3423.0,3345.0,3417.0,7893368,4552136,,3392.0,3422.0,RB
95,RB1710,2017-07-07,3421.0,3432.0,3353.0,3428.0,7705736,4507758,,3387.0,3392.0,RB
95,RB1710,2017-07-10,3435.0,3479.0,3405.0,3442.0,6567710,4569212,,3439.0,3387.0,RB
95,RB1710,2017-07-11,3438.0,3597.0,3429.0,3565.0,7074976,4711298,,3522.0,3439.0,RB
95,RB1710,2017-07-12,3565.0,3615.0,3553.0,3575.0,5648724,4709702,,3582.0,3522.0,RB
95,RB1710,2017-07-13,3580.0,3660.0,3560.0,3657.0,6170360,4832902,,3607.0,3582.0,RB
95,RB1710,2017-07-14,3658.0,3658.0,3528.0,3551.0,8422600,4367644,,3578.0,3607.0,RB
95,RB1710,2017-07-17,3535.0,3668.0,3534.0,3627.0,6886134,4403500,,3614.0,3578.0,RB
94,RB1710,2017-07-18,3627.0,3652.0,3573.0,3586.0,6543818,4374682,,3615.0,3614.0,RB
94,RB1710,2017-07-19,3598.0,3688.0,3583.0,3679.0,6243064,4361042,,3646.0,3615.0,RB
94,RB1710,2017-07-20,3667.0,3675.0,3488.0,3496.0,8574736,3954248,,3582.0,3646.0,RB
94,RB1710,2017-07-21,3510.0,3547.0,3467.0,3525.0,6661080,3777024,,3506.0,3582.0,RB
94,RB1710,2017-07-24,3528.0,3566.0,3455.0,3516.0,5893656,3864674,,3507.0,3506.0,RB
94,RB1710,2017-07-25,3523.0,3590.0,3485.0,3568.0,6185898,3752382,,3540.0,3507.0,RB
94,RB1710,2017-07-26,3579.0,3639.0,3547.0,3568.0,6233630,3421350,,3591.0,3540.0,RB
94,RB1710,2017-07-27,3555.0,3599.0,3504.0,3570.0,6196006,3389820,,3553.0,3591.0,RB
94,RB1710,2017-07-28,3566.0,3595.0,3530.0,3558.0,5509860,3201420,,3565.0,3553.0,RB
94,RB1710,2017-07-31,3565.0,3740.0,3559.0,3733.0,6960054,3091474,,3663.0,3565.0,RB
94,RB1710,2017-08-01,3710.0,3759.0,3693.0,3698.0,4104670,2894894,,3716.0,3663.0,RB
94,RB1710,2017-08-02,3695.0,3748.0,3662.0,3725.0,3965622,2768436,,3719.0,3716.0,RB
94,RB1710,2017-08-03,3715.0,3791.0,3702.0,3776.0,4027018,2628888,,3746.0,3719.0,RB
97,RB1801,2017-08-04,3718.0,3795.0,3693.0,3774.0,4499920,2338326,,3751.0,3667.0,RB
97,RB1801,2017-08-07,3780.0,4013.0,3755.0,3928.0,6692770,2217192,,3907.0,3751.0,RB
97,RB1801,2017-08-08,3921.0,3996.0,3841.0,3884.0,6067812,2375240,,3917.0,3907.0,RB
97,RB1801,2017-08-09,3891.0,4008.0,3867.0,4006.0,7154166,2670588,,3928.0,3917.0,RB
97,RB1801,2017-08-10,3988.0,4016.0,3915.0,3964.0,7482000,2782816,,3969.0,3928.0,RB
97,RB1801,2017-08-11,3945.0,3993.0,3812.0,3862.0,9155740,2901410,,3907.0,3969.0,RB
97,RB1801,2017-08-14,3861.0,3894.0,3786.0,3807.0,7245232,3259910,,3835.0,3907.0,RB
97,RB1801,2017-08-15,3800.0,3809.0,3695.0,3747.0,4333142,3349820,,3746.0,3835.0,RB
96,RB1801,2017-08-16,3742.0,3769.0,3696.0,3707.0,3306254,3375502,,3730.0,3746.0,RB
96,RB1801,2017-08-17,3726.0,3860.0,3721.0,3809.0,5557758,3285680,,3795.0,3730.0,RB
96,RB1801,2017-08-18,3800.0,3900.0,3776.0,3895.0,3634340,3194436,,3823.0,3795.0,RB
96,RB1801,2017-08-21,3868.0,3994.0,3803.0,3962.0,4277788,3285512,,3913.0,3823.0,RB
96,RB1801,2017-08-22,3970.0,3998.0,3887.0,3933.0,3381224,3249920,,3935.0,3913.0,RB
96,RB1801,2017-08-23,3918.0,3918.0,3710.0,3779.0,5422838,3506930,,3795.0,3935.0,RB
96,RB1801,2017-08-24,3779.0,3880.0,3746.0,3858.0,4439100,3273082,,3827.0,3795.0,RB
96,RB1801,2017-08-25,3855.0,3978.0,3846.0,3930.0,4113372,3107668,,3926.0,3827.0,RB
96,RB1801,2017-08-28,3920.0,3960.0,3805.0,3932.0,4434592,3240038,,3881.0,3926.0,RB
96,RB1801,2017-08-29,3926.0,3950.0,3839.0,3882.0,4324476,3337800,,3900.0,3881.0,RB
96,RB1801,2017-08-30,3885.0,3908.0,3808.0,3868.0,4006358,3271128,,3856.0,3900.0,RB
96,RB1801,2017-08-31,3854.0,3929.0,3782.0,3927.0,5042166,3623044,,3851.0,3856.0,RB
96,RB1801,2017-09-01,3915.0,4097.0,3903.0,4062.0,5397808,3874380,,3993.0,3851.0,RB
96,RB1801,2017-09-04,4060.0,4194.0,4040.0,4060.0,4660264,3722486,,4098.0,3993.0,RB
96,RB1801,2017-09-05,4060.0,4127.0,4051.0,4084.0,3474268,3731902,,4088.0,4098.0,RB
96,RB1801,2017-09-06,4081.0,4137.0,3983.0,3986.0,4279668,3764716,,4055.0,4088.0,RB
96,RB1801,2017-09-07,3998.0,4027.0,3934.0,3958.0,4500946,3658508,,3982.0,4055.0,RB
96,RB1801,2017-09-08,3951.0,4038.0,3887.0,3916.0,5079692,3633306,,3961.0,3982.0,RB
96,RB1801,2017-09-11,3912.0,3946.0,3835.0,3915.0,3909502,3502388,,3901.0,3961.0,RB
96,RB1801,2017-09-12,3915.0,3965.0,3878.0,3959.0,4357690,3525144,,3923.0,3901.0,RB
96,RB1801,2017-09-13,3951.0,4001.0,3900.0,3914.0,4162678,3538916,,3948.0,3923.0,RB
96,RB1801,2017-09-14,3913.0,3940.0,3818.0,3831.0,5110450,3787372,,3880.0,3948.0,RB
96,RB1801,2017-09-15,3831.0,3858.0,3777.0,3805.0,3729164,3631466,,3820.0,3880.0,RB
95,RB1801,2017-09-18,3808.0,3830.0,3742.0,3801.0,3851596,3679306,,3787.0,3820.0,RB
95,RB1801,2017-09-19,3796.0,3834.0,3735.0,3740.0,3327328,3603726,,3789.0,3787.0,RB
95,RB1801,2017-09-20,3738.0,3788.0,3707.0,3758.0,3418992,3576370,,3746.0,3789.0,RB
95,RB1801,2017-09-21,3768.0,3799.0,3650.0,3655.0,4317254,3831526,,3723.0,3746.0,RB
95,RB1801,2017-09-22,3650.0,3654.0,3527.0,3554.0,3657024,3719066,,3598.0,3723.0,RB
95,RB1801,2017-09-25,3574.0,3628.0,3531.0,3603.0,3402282,3628502,,3583.0,3598.0,RB
95,RB1801,2017-09-26,3599.0,3650.0,3586.0,3614.0,3101096,3517756,,3616.0,3583.0,RB
95,RB1801,2017-09-27,3613.0,3684.0,3608.0,3679.0,3315054,3478262,,3644.0,3616.0,RB
95,RB1801,2017-09-28,3690.0,3724.0,3571.0,3606.0,4395896,3445714,,3641.0,3644.0,RB
95,RB1801,2017-09-29,3615.0,3699.0,3524.0,3695.0,3387018,3102004,,3603.0,3641.0,RB
95,RB1801,2017-10-09,3762.0,3795.0,3674.0,3701.0,2497018,3060556,,3733.0,3603.0,RB
95,RB1801,2017-10-10,3695.0,3702.0,3552.0,3553.0,3736474,3466974,,3601.0,3733.0,RB
95,RB1801,2017-10-11,3550.0,3618.0,3512.0,3523.0,3363060,3449682,,3567.0,3601.0,RB
95,RB1801,2017-10-12,3523.0,3700.0,3503.0,3667.0,4779306,3639820,,3579.0,3567.0,RB
95,RB1801,2017-10-13,3665.0,3820.0,3643.0,3815.0,4049004,3544560,,3718.0,3579.0,RB
95,RB1801,2017-10-16,3818.0,3878.0,3772.0,3824.0,3796496,3440906,,3813.0,3718.0,RB
94,RB1801,2017-10-17,3824.0,3835.0,3715.0,3740.0,3919334,3393398,,3773.0,3813.0,RB
94,RB1801,2017-10-18,3739.0,3770.0,3685.0,3686.0,2916468,3202978,,3733.0,3773.0,RB
94,RB1801,2017-10-19,3691.0,3691.0,3566.0,3604.0,3844860,3336864,,3620.0,3733.0,RB
94,RB1801,2017-10-20,3601.0,3777.0,3591.0,3776.0,3610592,3165510,,3679.0,3620.0,RB
94,RB1801,2017-10-23,3777.0,3778.0,3602.0,3700.0,4416066,3120240,,3694.0,3679.0,RB
94,RB1801,2017-10-24,3698.0,3777.0,3672.0,3739.0,3076650,2923036,,3730.0,3694.0,RB
94,RB1801,2017-10-25,3745.0,3814.0,3680.0,3703.0,3378510,2894110,,3739.0,3730.0,RB
94,RB1801,2017-10-26,3682.0,3705.0,3628.0,3650.0,3187124,2778456,,3665.0,3739.0,RB
94,RB1801,2017-10-27,3650.0,3665.0,3565.0,3577.0,2991008,2786198,,3619.0,3665.0,RB
94,RB1801,2017-10-30,3581.0,3628.0,3561.0,3571.0,2092610,2600058,,3591.0,3619.0,RB
94,RB1801,2017-10-31,3575.0,3665.0,3535.0,3628.0,3080286,2677192,,3597.0,3591.0,RB
98,RB1805,2017-11-01,3656.0,3690.0,3580.0,3582.0,2353544,1438966,,3649.0,3624.0,RB
98,RB1805,2017-11-02,3594.0,3724.0,3572.0,3692.0,3449374,1651092,,3658.0,3649.0,RB
98,RB1805,2017-11-03,3687.0,3729.0,3635.0,3656.0,2898544,1707178,,3679.0,3658.0,RB
98,RB1805,2017-11-06,3657.0,3780.0,3652.0,3769.0,3271024,1856436,,3725.0,3679.0,RB
98,RB1805,2017-11-07,3766.0,3794.0,3730.0,3753.0,2406142,1894938,,3757.0,3725.0,RB
98,RB1805,2017-11-08,3748.0,3767.0,3703.0,3744.0,3103482,1959504,,3735.0,3757.0,RB
98,RB1805,2017-11-09,3746.0,3846.0,3733.0,3760.0,4970730,2091288,,3786.0,3735.0,RB
98,RB1805,2017-11-10,3760.0,3806.0,3727.0,3796.0,3690886,2188334,,3770.0,3786.0,RB
98,RB1805,2017-11-13,3810.0,3845.0,3740.0,3803.0,4635840,2194094,,3781.0,3770.0,RB
98,RB1805,2017-11-14,3799.0,3830.0,3769.0,3804.0,3540442,2152082,,3801.0,3781.0,RB
98,RB1805,2017-11-15,3805.0,3828.0,3676.0,3705.0,4239284,2059768,,3739.0,3801.0,RB
97,RB1805,2017-11-16,3718.0,3728.0,3656.0,3680.0,3629530,2096952,,3695.0,3739.0,RB
97,RB1805,2017-11-17,3681.0,3703.0,3621.0,3632.0,3698712,2195094,,3657.0,3695.0,RB
97,RB1805,2017-11-20,3627.0,3707.0,3627.0,3696.0,3677614,2158640,,3665.0,3657.0,RB
97,RB1805,2017-11-21,3698.0,3778.0,3676.0,3763.0,3923448,2190902,,3732.0,3665.0,RB
97,RB1805,2017-11-22,3769.0,3828.0,3761.0,3817.0,3833336,2312996,,3794.0,3732.0,RB
97,RB1805,2017-11-23,3817.0,3858.0,3808.0,3826.0,4006456,2394930,,3829.0,3794.0,RB
97,RB1805,2017-11-24,3830.0,3833.0,3724.0,3814.0,3491612,2362552,,3796.0,3829.0,RB
97,RB1805,2017-11-27,3815.0,3888.0,3792.0,3833.0,4268610,2441546,,3845.0,3796.0,RB
97,RB1805,2017-11-28,3845.0,3882.0,3832.0,3872.0,3196028,2579070,,3858.0,3845.0,RB
97,RB1805,2017-11-29,3885.0,3966.0,3840.0,3957.0,4711928,2895656,,3899.0,3858.0,RB
97,RB1805,2017-11-30,3960.0,4043.0,3948.0,3990.0,5024632,2924900,,3997.0,3899.0,RB
97,RB1805,2017-12-01,3993.0,4018.0,3928.0,3977.0,4326984,2893706,,3977.0,3997.0,RB
97,RB1805,2017-12-04,3972.0,4104.0,3952.0,4056.0,4711716,3005296,,4039.0,3977.0,RB
97,RB1805,2017-12-05,4057.0,4085.0,4004.0,4025.0,3812332,2978208,,4051.0,4039.0,RB
97,RB1805,2017-12-06,4025.0,4032.0,3905.0,3916.0,4813668,2955474,,3956.0,4051.0,RB
97,RB1805,2017-12-07,3926.0,3942.0,3759.0,3828.0,5701228,2780650,,3877.0,3956.0,RB
97,RB1805,2017-12-08,3830.0,3912.0,3806.0,3895.0,4421804,2670450,,3851.0,3877.0,RB
97,RB1805,2017-12-11,3893.0,3967.0,3872.0,3912.0,5323908,2676260,,3917.0,3851.0,RB
97,RB1805,2017-12-12,3923.0,3988.0,3862.0,3884.0,5101036,2714088,,3925.0,3917.0,RB
97,RB1805,2017-12-13,3884.0,3892.0,3816.0,3831.0,5618008,2781522,,3848.0,3925.0,RB
97,RB1805,2017-12-14,3832.0,3860.0,3773.0,3786.0,4839396,2756276,,3819.0,3848.0,RB
97,RB1805,2017-12-15,3782.0,3839.0,3770.0,3824.0,3715426,2652164,,3806.0,3819.0,RB
96,RB1805,2017-12-18,3839.0,3918.0,3810.0,3874.0,5875636,2580740,,3856.0,3806.0,RB
96,RB1805,2017-12-19,3876.0,3878.0,3778.0,3791.0,4955962,2679418,,3823.0,3856.0,RB
96,RB1805,2017-12-20,3789.0,3835.0,3761.0,3804.0,4264388,2648114,,3801.0,3823.0,RB
96,RB1805,2017-12-21,3811.0,3884.0,3795.0,3853.0,5351426,2445204,,3843.0,3801.0,RB
96,RB1805,2017-12-22,3853.0,3954.0,3850.0,3942.0,4986930,2658714,,3908.0,3843.0,RB
96,RB1805,2017-12-25,3944.0,3948.0,3784.0,3787.0,5165730,2490232,,3860.0,3908.0,RB
96,RB1805,2017-12-26,3780.0,3836.0,3774.0,3822.0,4103050,2541856,,3807.0,3860.0,RB
96,RB1805,2017-12-27,3820.0,3829.0,3784.0,3792.0,4050510,2599962,,3809.0,3807.0,RB
96,RB1805,2017-12-28,3780.0,3800.0,3740.0,3758.0,4411490,2776556,,3765.0,3809.0,RB
96,RB1805,2017-12-29,3753.0,3824.0,3748.0,3794.0,4377144,2524270,,3794.0,3765.0,RB
96,RB1805,2018-01-02,3801.0,3886.0,3794.0,3874.0,2961436,2413572,,3842.0,3794.0,RB
96,RB1805,2018-01-03,3866.0,3877.0,3803.0,3809.0,3523844,2433636,,3845.0,3842.0,RB
96,RB1805,2018-01-04,3805.0,3842.0,3788.0,3819.0,3747764,2581090,,3811.0,3845.0,RB
96,RB1805,2018-01-05,3812.0,3827.0,3760.0,3798.0,3941160,2744436,,3791.0,3811.0,RB
96,RB1805,2018-01-08,3795.0,3820.0,3733.0,3818.0,4329290,2717212,,3772.0,3791.0,RB
96,RB1805,2018-01-09,3818.0,3843.0,3810.0,3819.0,3148548,2564464,,3824.0,3772.0,RB
96,RB1805,2018-01-10,3818.0,3868.0,3792.0,3849.0,4174000,2676566,,3833.0,3824.0,RB
96,RB1805,2018-01-11,3858.0,3876.0,3824.0,3838.0,3631732,2597150,,3850.0,3833.0,RB
96,RB1805,2018-01-12,3838.0,3849.0,3778.0,3790.0,3298806,2733076,,3807.0,3850.0,RB
96,RB1805,2018-01-15,3786.0,3811.0,3749.0,3802.0,3097214,2833502,,3784.0,3807.0,RB
95,RB1805,2018-01-16,3803.0,3844.0,3788.0,3790.0,3670054,2637024,,3814.0,3784.0,RB
95,RB1805,2018-01-17,3788.0,3841.0,3783.0,3827.0,4281478,2736546,,3816.0,3814.0,RB
95,RB1805,2018-01-18,3825.0,3868.0,3815.0,3859.0,3516314,2926692,,3843.0,3816.0,RB
95,RB1805,2018-01-19,3867.0,3927.0,3855.0,3926.0,4341444,3154466,,3883.0,3843.0,RB
95,RB1805,2018-01-22,3937.0,3974.0,3916.0,3927.0,3595842,3235974,,3939.0,3883.0,RB
95,RB1805,2018-01-23,3930.0,3933.0,3874.0,3912.0,4132416,3017524,,3905.0,3939.0,RB
95,RB1805,2018-01-24,3904.0,3948.0,3896.0,3937.0,2808360,3132256,,3924.0,3905.0,RB
95,RB1805,2018-01-25,3933.0,3998.0,3916.0,3966.0,3860830,3207556,,3958.0,3924.0,RB
95,RB1805,2018-01-26,3965.0,3976.0,3920.0,3945.0,2985708,3094676,,3948.0,3958.0,RB
95,RB1805,2018-01-29,3942.0,3968.0,3923.0,3945.0,2502918,3065612,,3945.0,3948.0,RB
95,RB1805,2018-01-30,3938.0,3944.0,3903.0,3921.0,2680272,2943354,,3923.0,3945.0,RB
95,RB1805,2018-01-31,3919.0,3988.0,3892.0,3915.0,2741322,2858688,,3918.0,3923.0,RB
95,RB1805,2018-02-01,3920.0,3969.0,3919.0,3931.0,3082336,2909296,,3941.0,3918.0,RB
95,RB1805,2018-02-02,3921.0,3973.0,3913.0,3961.0,2699418,2912456,,3949.0,3941.0,RB
95,RB1805,2018-02-05,3960.0,3971.0,3922.0,3967.0,2520722,2786752,,3946.0,3949.0,RB
95,RB1805,2018-02-06,3970.0,3998.0,3931.0,3943.0,3078200,2719124,,3960.0,3946.0,RB
95,RB1805,2018-02-07,3949.0,3965.0,3927.0,3937.0,2060998,2682964,,3944.0,3960.0,RB
95,RB1805,2018-02-08,3936.0,3951.0,3916.0,3930.0,2206992,2668894,,3931.0,3944.0,RB
95,RB1805,2018-02-09,3928.0,3946.0,3881.0,3895.0,2574966,2586270,,3911.0,3931.0,RB
94,RB1805,2018-02-12,3890.0,3925.0,3882.0,3918.0,1570766,2455788,,3906.0,3911.0,RB
94,RB1805,2018-02-13,3920.0,3935.0,3894.0,3921.0,1344078,2318730,,3918.0,3906.0,RB
94,RB1805,2018-02-14,3921.0,3951.0,3916.0,3934.0,1115116,2226628,,3934.0,3918.0,RB
94,RB1805,2018-02-22,3945.0,3955.0,3841.0,3866.0,2061350,2438736,,3881.0,3934.0,RB
94,RB1805,2018-02-23,3846.0,3959.0,3841.0,3949.0,3569646,2472076,,3898.0,3881.0,RB
94,RB1805,2018-02-26,3954.0,4047.0,3938.0,4028.0,2765834,2556516,,4000.0,3898.0,RB
94,RB1805,2018-02-27,4038.0,4040.0,3981.0,4035.0,2380880,2509598,,4014.0,4000.0,RB
94,RB1805,2018-02-28,4030.0,4034.0,4006.0,4020.0,2004708,2523848,,4019.0,4014.0,RB
94,RB1805,2018-03-01,4017.0,4062.0,4012.0,4032.0,2698576,2608248,,4036.0,4019.0,RB
94,RB1805,2018-03-02,4022.0,4029.0,3991.0,4024.0,2319730,2495890,,4009.0,4036.0,RB
94,RB1805,2018-03-05,4019.0,4028.0,3948.0,3957.0,2822262,2571916,,3980.0,4009.0,RB
94,RB1805,2018-03-06,3948.0,3987.0,3919.0,3969.0,3130932,2667332,,3954.0,3980.0,RB
94,RB1805,2018-03-07,3980.0,3985.0,3885.0,3890.0,3411932,2732922,,3939.0,3954.0,RB
94,RB1805,2018-03-08,3885.0,3893.0,3792.0,3794.0,3825014,2708162,,3853.0,3939.0,RB
94,RB1805,2018-03-09,3773.0,3805.0,3663.0,3709.0,5354170,2582206,,3738.0,3853.0,RB
94,RB1805,2018-03-12,3737.0,3751.0,3676.0,3709.0,4245310,2550928,,3719.0,3738.0,RB
94,RB1805,2018-03-13,3716.0,3739.0,3683.0,3695.0,2974572,2608346,,3712.0,3719.0,RB
94,RB1805,2018-03-14,3703.0,3755.0,3657.0,3735.0,4231252,2567680,,3707.0,3712.0,RB
94,RB1805,2018-03-15,3748.0,3769.0,3727.0,3752.0,3267560,2423320,,3748.0,3707.0,RB
93,RB1805,2018-03-16,3752.0,3758.0,3718.0,3731.0,2793532,2399336,,3737.0,3748.0,RB
93,RB1805,2018-03-19,3731.0,3735.0,3638.0,3651.0,3932802,2390864,,3675.0,3737.0,RB
93,RB1805,2018-03-20,3646.0,3667.0,3605.0,3649.0,3093030,2259540,,3637.0,3675.0,RB
93,RB1805,2018-03-21,3653.0,3685.0,3608.0,3617.0,3150512,2319096,,3646.0,3637.0,RB
93,RB1805,2018-03-22,3617.0,3655.0,3589.0,3619.0,3353098,2288630,,3623.0,3646.0,RB
93,RB1805,2018-03-23,3609.0,3609.0,3369.0,3369.0,6156296,2028014,,3460.0,3623.0,RB
93,RB1805,2018-03-26,3379.0,3415.0,3333.0,3363.0,3940734,1931786,,3364.0,3460.0,RB
93,RB1805,2018-03-27,3355.0,3474.0,3352.0,3433.0,3469360,1734578,,3413.0,3364.0,RB
93,RB1805,2018-03-28,3447.0,3470.0,3383.0,3424.0,3680998,1637770,,3431.0,3413.0,RB
98,RB1810,2018-03-29,3218.0,3295.0,3195.0,3289.0,3252386,2081700,,3248.0,3236.0,RB
98,RB1810,2018-03-30,3296.0,3393.0,3273.0,3391.0,3903414,2279344,,3323.0,3248.0,RB
98,RB1810,2018-04-02,3386.0,3480.0,3335.0,3344.0,4829256,2321024,,3381.0,3323.0,RB
98,RB1810,2018-04-03,3351.0,3393.0,3326.0,3354.0,4646490,2405478,,3356.0,3381.0,RB
98,RB1810,2018-04-04,3358.0,3379.0,3305.0,3318.0,4320168,2488046,,3343.0,3356.0,RB
98,RB1810,2018-04-09,3318.0,3415.0,3310.0,3408.0,4219576,2687440,,3362.0,3343.0,RB
98,RB1810,2018-04-10,3415.0,3448.0,3394.0,3419.0,4461648,2794184,,3419.0,3362.0,RB
98,RB1810,2018-04-11,3430.0,3467.0,3386.0,3395.0,5117786,2774720,,3421.0,3419.0,RB
98,RB1810,2018-04-12,3393.0,3438.0,3372.0,3402.0,4996770,2799314,,3397.0,3421.0,RB
98,RB1810,2018-04-13,3400.0,3473.0,3377.0,3452.0,5542606,2957458,,3422.0,3397.0,RB
98,RB1810,2018-04-16,3450.0,3462.0,3353.0,3357.0,5051502,2864790,,3403.0,3422.0,RB
97,RB1810,2018-04-17,3361.0,3437.0,3344.0,3384.0,5717310,2927264,,3389.0,3403.0,RB
97,RB1810,2018-04-18,3411.0,3496.0,3410.0,3446.0,6277210,2901930,,3447.0,3389.0,RB
97,RB1810,2018-04-19,3477.0,3529.0,3463.0,3516.0,6220952,2841970,,3493.0,3447.0,RB
97,RB1810,2018-04-20,3505.0,3510.0,3442.0,3454.0,4660282,2853460,,3475.0,3493.0,RB
97,RB1810,2018-04-23,3455.0,3555.0,3450.0,3544.0,4872116,2818162,,3510.0,3475.0,RB
97,RB1810,2018-04-24,3536.0,3589.0,3522.0,3562.0,3992888,2864466,,3564.0,3510.0,RB
97,RB1810,2018-04-25,3570.0,3594.0,3540.0,3573.0,4221012,2947476,,3569.0,3564.0,RB
97,RB1810,2018-04-26,3578.0,3613.0,3536.0,3558.0,4795470,2955976,,3565.0,3569.0,RB
97,RB1810,2018-04-27,3551.0,3600.0,3548.0,3593.0,4499726,2898548,,3574.0,3565.0,RB
97,RB1810,2018-05-02,3640.0,3729.0,3634.0,3727.0,4114388,3234126,,3677.0,3574.0,RB
97,RB1810,2018-05-03,3729.0,3733.0,3655.0,3673.0,4217694,3055156,,3695.0,3677.0,RB
97,RB1810,2018-05-04,3668.0,3688.0,3642.0,3664.0,3693968,2999864,,3663.0,3695.0,RB
97,RB1810,2018-05-07,3663.0,3690.0,3616.0,3657.0,4811508,2944954,,3654.0,3663.0,RB
97,RB1810,2018-05-08,3657.0,3672.0,3634.0,3637.0,3148852,2972300,,3651.0,3654.0,RB
97,RB1810,2018-05-09,3626.0,3630.0,3563.0,3571.0,4787862,3161058,,3596.0,3651.0,RB
97,RB1810,2018-05-10,3577.0,3618.0,3575.0,3615.0,3814674,3097422,,3593.0,3596.0,RB
97,RB1810,2018-05-11,3628.0,3686.0,3620.0,3675.0,3980122,3044550,,3650.0,3593.0,RB
97,RB1810,2018-05-14,3690.0,3695.0,3652.0,3667.0,3163110,2976578,,3672.0,3650.0,RB
97,RB1810,2018-05-15,3673.0,3715.0,3636.0,3681.0,5015452,2928956,,3677.0,3672.0,RB
96,RB1810,2018-05-16,3682.0,3705.0,3641.0,3677.0,4263970,2844188,,3674.0,3677.0,RB
96,RB1810,2018-05-17,3677.0,3688.0,3658.0,3679.0,2893558,2923310,,3674.0,3674.0,RB
96,RB1810,2018-05-18,3685.0,3705.0,3619.0,3631.0,4186806,3039540,,3655.0,3674.0,RB
96,RB1810,2018-05-21,3626.0,3651.0,3582.0,3589.0,3846112,3112692,,3614.0,3655.0,RB
96,RB1810,2018-05-22,3586.0,3614.0,3556.0,3573.0,3540894,3127742,,3582.0,3614.0,RB
96,RB1810,2018-05-23,3575.0,3579.0,3511.0,3531.0,3394370,3138232,,3541.0,3582.0,RB
96,RB1810,2018-05-24,3530.0,3590.0,3520.0,3583.0,3251118,3111164,,3548.0,3541.0,RB
96,RB1810,2018-05-25,3580.0,3615.0,3542.0,3565.0,3675128,3058798,,3584.0,3548.0,RB
96,RB1810,2018-05-28,3560.0,3626.0,3540.0,3579.0,3738744,3073260,,3584.0,3584.0,RB
96,RB1810,2018-05-29,3581.0,3650.0,3570.0,3635.0,3950374,3028136,,3611.0,3584.0,RB
96,RB1810,2018-05-30,3642.0,3667.0,3614.0,3644.0,3500508,3022838,,3642.0,3611.0,RB
96,RB1810,2018-05-31,3639.0,3697.0,3634.0,3696.0,3065394,3151666,,3671.0,3642.0,RB
96,RB1810,2018-06-01,3698.0,3778.0,3692.0,3734.0,4625294,3217558,,3739.0,3671.0,RB
96,RB1810,2018-06-04,3739.0,3767.0,3700.0,3719.0,3729114,3206226,,3732.0,3739.0,RB
96,RB1810,2018-06-05,3708.0,3743.0,3678.0,3736.0,3565494,3181432,,3705.0,3732.0,RB
96,RB1810,2018-06-06,3743.0,3784.0,3725.0,3776.0,4213682,3338848,,3751.0,3705.0,RB
96,RB1810,2018-06-07,3786.0,3869.0,3780.0,3807.0,5175266,3349032,,3819.0,3751.0,RB
96,RB1810,2018-06-08,3810.0,3828.0,3773.0,3806.0,3697188,3311490,,3801.0,3819.0,RB
96,RB1810,2018-06-11,3804.0,3815.0,3755.0,3803.0,3896802,3323166,,3786.0,3801.0,RB
96,RB1810,2018-06-12,3808.0,3859.0,3781.0,3856.0,4509342,3323372,,3823.0,3786.0,RB
96,RB1810,2018-06-13,3848.0,3897.0,3834.0,3859.0,4173928,3398726,,3863.0,3823.0,RB
96,RB1810,2018-06-14,3867.0,3904.0,3859.0,3897.0,3528436,3553536,,3882.0,3863.0,RB
96,RB1810,2018-06-15,3886.0,3910.0,3856.0,3902.0,3290156,3394082,,3882.0,3882.0,RB
95,RB1810,2018-06-19,3872.0,3874.0,3733.0,3769.0,4628740,3119942,,3797.0,3882.0,RB
95,RB1810,2018-06-20,3759.0,3825.0,3746.0,3817.0,3636162,3314384,,3788.0,3797.0,RB
95,RB1810,2018-06-21,3812.0,3843.0,3770.0,3773.0,4224838,3413920,,3808.0,3788.0,RB
95,RB1810,2018-06-22,3773.0,3788.0,3740.0,3760.0,3577300,3362138,,3763.0,3808.0,RB
95,RB1810,2018-06-25,3755.0,3783.0,3713.0,3723.0,3941730,3478658,,3741.0,3763.0,RB
95,RB1810,2018-06-26,3713.0,3717.0,3663.0,3675.0,3907480,3592886,,3688.0,3741.0,RB
95,RB1810,2018-06-27,3669.0,3713.0,3665.0,3672.0,3382616,3608562,,3688.0,3688.0,RB
95,RB1810,2018-06-28,3684.0,3769.0,3681.0,3744.0,4845174,3496056,,3737.0,3688.0,RB
95,RB1810,2018-06-29,3748.0,3816.0,3745.0,3807.0,3645626,3437234,,3783.0,3737.0,RB
95,RB1810,2018-07-02,3807.0,3809.0,3737.0,3751.0,4347068,3274854,,3777.0,3783.0,RB
95,RB1810,2018-07-03,3752.0,3775.0,3720.0,3753.0,3254772,3173000,,3748.0,3777.0,RB
95,RB1810,2018-07-04,3759.0,3816.0,3756.0,3783.0,4168130,3254826,,3784.0,3748.0,RB
95,RB1810,2018-07-05,3795.0,3816.0,3744.0,3788.0,4840962,3170636,,3774.0,3784.0,RB
95,RB1810,2018-07-06,3788.0,3807.0,3733.0,3780.0,4295056,3056220,,3770.0,3774.0,RB
95,RB1810,2018-07-09,3776.0,3832.0,3748.0,3830.0,4111960,3221226,,3790.0,3770.0,RB
95,RB1810,2018-07-10,3850.0,3881.0,3837.0,3862.0,3547480,3395826,,3861.0,3790.0,RB
95,RB1810,2018-07-11,3872.0,3900.0,3832.0,3879.0,4129272,3453692,,3870.0,3861.0,RB
95,RB1810,2018-07-12,3880.0,3990.0,3880.0,3976.0,4499234,3637860,,3937.0,3870.0,RB
95,RB1810,2018-07-13,3980.0,3995.0,3950.0,3959.0,3610666,3489952,,3974.0,3937.0,RB
95,RB1810,2018-07-16,3944.0,3983.0,3937.0,3958.0,3042124,3328044,,3961.0,3974.0,RB
94,RB1810,2018-07-17,3943.0,3956.0,3892.0,3941.0,3770332,3052830,,3926.0,3961.0,RB
94,RB1810,2018-07-18,3940.0,3963.0,3924.0,3940.0,2886550,3080612,,3940.0,3926.0,RB
94,RB1810,2018-07-19,3949.0,4014.0,3944.0,3963.0,4040596,3161854,,3984.0,3940.0,RB
94,RB1810,2018-07-20,3961.0,4003.0,3949.0,3985.0,2974786,3193530,,3979.0,3984.0,RB
94,RB1810,2018-07-23,3990.0,4024.0,3970.0,4011.0,2828162,3304804,,3997.0,3979.0,RB
94,RB1810,2018-07-24,4024.0,4033.0,3975.0,3983.0,2938440,3003626,,4002.0,3997.0,RB
94,RB1810,2018-07-25,3981.0,4029.0,3978.0,4017.0,2752496,3008054,,4004.0,4002.0,RB
94,RB1810,2018-07-26,4016.0,4020.0,3987.0,4017.0,2592928,2984484,,4002.0,4004.0,RB
94,RB1810,2018-07-27,4020.0,4129.0,4011.0,4126.0,3422024,3039476,,4068.0,4002.0,RB
94,RB1810,2018-07-30,4132.0,4146.0,4103.0,4130.0,2379474,2845346,,4124.0,4068.0,RB
94,RB1810,2018-07-31,4130.0,4184.0,4118.0,4171.0,2590990,2780646,,4156.0,4124.0,RB
94,RB1810,2018-08-01,4169.0,4243.0,4131.0,4139.0,4045636,2572568,,4188.0,4156.0,RB
94,RB1810,2018-08-02,4131.0,4148.0,4086.0,4136.0,3614314,2438384,,4121.0,4188.0,RB
94,RB1810,2018-08-03,4130.0,4199.0,4128.0,4187.0,2917796,2343426,,4168.0,4121.0,RB
94,RB1810,2018-08-06,4190.0,4233.0,4118.0,4224.0,3719060,2290770,,4172.0,4168.0,RB
94,RB1810,2018-08-07,4222.0,4266.0,4210.0,4237.0,2940568,2200098,,4238.0,4172.0,RB
94,RB1810,2018-08-08,4237.0,4278.0,4205.0,4236.0,2620386,2160052,,4240.0,4238.0,RB
94,RB1810,2018-08-09,4227.0,4250.0,4179.0,4227.0,2546766,2039604,,4216.0,4240.0,RB
94,RB1810,2018-08-10,4227.0,4268.0,4196.0,4200.0,2238558,2016360,,4232.0,4216.0,RB
94,RB1810,2018-08-13,4202.0,4347.0,4191.0,4345.0,2639816,2061556,,4279.0,4232.0,RB
94,RB1810,2018-08-14,4345.0,4370.0,4306.0,4327.0,1757406,1919650,,4341.0,4279.0,RB
97,RB1901,2018-08-15,4137.0,4171.0,4135.0,4163.0,1618728,1771894,,4154.0,4152.0,RB
96,RB1901,2018-08-16,4156.0,4180.0,4089.0,4163.0,3026366,1855454,,4139.0,4154.0,RB
96,RB1901,2018-08-17,4166.0,4310.0,4154.0,4301.0,4107056,2128884,,4225.0,4139.0,RB
96,RB1901,2018-08-20,4282.0,4413.0,4282.0,4396.0,4328850,2329302,,4345.0,4225.0,RB
96,RB1901,2018-08-21,4392.0,4409.0,4326.0,4337.0,3534458,2365308,,4370.0,4345.0,RB
96,RB1901,2018-08-22,4337.0,4418.0,4303.0,4334.0,4310074,2359638,,4356.0,4370.0,RB
96,RB1901,2018-08-23,4333.0,4355.0,4266.0,4280.0,4767190,2373148,,4313.0,4356.0,RB
96,RB1901,2018-08-24,4276.0,4345.0,4258.0,4334.0,3696756,2579500,,4294.0,4313.0,RB
96,RB1901,2018-08-27,4332.0,4341.0,4196.0,4204.0,4643518,2284318,,4261.0,4294.0,RB
96,RB1901,2018-08-28,4205.0,4250.0,4190.0,4232.0,3145864,2256856,,4222.0,4261.0,RB
96,RB1901,2018-08-29,4237.0,4278.0,4157.0,4160.0,5263276,2327896,,4224.0,4222.0,RB
96,RB1901,2018-08-30,4167.0,4171.0,4086.0,4118.0,4888776,2320782,,4131.0,4224.0,RB
96,RB1901,2018-08-31,4103.0,4142.0,4057.0,4086.0,4243894,2339092,,4096.0,4131.0,RB
96,RB1901,2018-09-03,4080.0,4118.0,4050.0,4087.0,4134884,2523840,,4086.0,4096.0,RB
96,RB1901,2018-09-04,4094.0,4136.0,4071.0,4115.0,3616870,2588564,,4108.0,4086.0,RB
96,RB1901,2018-09-05,4115.0,4127.0,4050.0,4093.0,4716548,2597846,,4087.0,4108.0,RB
96,RB1901,2018-09-06,4101.0,4150.0,4092.0,4148.0,4090468,2699422,,4123.0,4087.0,RB
96,RB1901,2018-09-07,4158.0,4253.0,4158.0,4186.0,5354312,2736728,,4210.0,4123.0,RB
96,RB1901,2018-09-10,4185.0,4299.0,4184.0,4284.0,3588066,2833806,,4254.0,4210.0,RB
96,RB1901,2018-09-11,4270.0,4270.0,4063.0,4071.0,6134596,2673946,,4163.0,4254.0,RB
96,RB1901,2018-09-12,4099.0,4143.0,3993.0,4050.0,6212102,2689776,,4061.0,4163.0,RB
96,RB1901,2018-09-13,4034.0,4087.0,4015.0,4071.0,4379138,2635702,,4053.0,4061.0,RB
96,RB1901,2018-09-14,4068.0,4111.0,4041.0,4090.0,3869536,2694860,,4075.0,4053.0,RB
96,RB1901,2018-09-17,4096.0,4156.0,4080.0,4100.0,3901374,2640104,,4110.0,4075.0,RB
95,RB1901,2018-09-18,4100.0,4167.0,4092.0,4166.0,4203390,2739680,,4131.0,4110.0,RB
95,RB1901,2018-09-19,4180.0,4205.0,4136.0,4144.0,3855532,2710614,,4174.0,4131.0,RB
95,RB1901,2018-09-20,4153.0,4177.0,4111.0,4124.0,3812118,2702936,,4143.0,4174.0,RB
95,RB1901,2018-09-21,4116.0,4162.0,4106.0,4149.0,3436274,2574100,,4136.0,4143.0,RB
95,RB1901,2018-09-25,4150.0,4156.0,4052.0,4060.0,2773148,2660912,,4090.0,4136.0,RB
95,RB1901,2018-09-26,4065.0,4078.0,4027.0,4064.0,3018816,2661650,,4055.0,4090.0,RB
95,RB1901,2018-09-27,4078.0,4094.0,3998.0,4008.0,3160196,2540580,,4054.0,4055.0,RB
95,RB1901,2018-09-28,3996.0,3998.0,3907.0,3944.0,3912616,2399684,,3942.0,4054.0,RB
95,RB1901,2018-10-08,3947.0,3985.0,3904.0,3971.0,2699558,2431404,,3941.0,3942.0,RB
95,RB1901,2018-10-09,3979.0,4047.0,3970.0,4039.0,3698170,2454214,,4012.0,3941.0,RB
95,RB1901,2018-10-10,4043.0,4080.0,4001.0,4055.0,3951602,2510468,,4043.0,4012.0,RB
95,RB1901,2018-10-11,4045.0,4074.0,3958.0,4056.0,5136838,2557220,,4022.0,4043.0,RB
95,RB1901,2018-10-12,4068.0,4134.0,4041.0,4106.0,4182412,2600524,,4085.0,4022.0,RB
95,RB1901,2018-10-15,4108.0,4166.0,4093.0,4150.0,3941918,2705226,,4131.0,4085.0,RB
94,RB1901,2018-10-16,4160.0,4167.0,4105.0,4117.0,3358584,2692326,,4137.0,4131.0,RB
94,RB1901,2018-10-17,4117.0,4198.0,4105.0,4197.0,3881130,2833208,,4156.0,4137.0,RB
94,RB1901,2018-10-18,4205.0,4220.0,4091.0,4108.0,4968536,2772388,,4153.0,4156.0,RB
94,RB1901,2018-10-19,4099.0,4126.0,4054.0,4055.0,4439472,2740448,,4093.0,4153.0,RB
94,RB1901,2018-10-22,4055.0,4187.0,4055.0,4154.0,4235816,2767948,,4134.0,4093.0,RB
94,RB1901,2018-10-23,4156.0,4175.0,4134.0,4142.0,3055276,2782140,,4154.0,4134.0,RB
94,RB1901,2018-10-24,4128.0,4193.0,4112.0,4190.0,3393780,2903524,,4157.0,4154.0,RB
94,RB1901,2018-10-25,4194.0,4209.0,4142.0,4192.0,4302452,2910106,,4180.0,4157.0,RB
94,RB1901,2018-10-26,4184.0,4244.0,4180.0,4228.0,3752190,2956944,,4219.0,4180.0,RB
94,RB1901,2018-10-29,4230.0,4242.0,4144.0,4150.0,4177040,2827438,,4191.0,4219.0,RB
94,RB1901,2018-10-30,4159.0,4206.0,4154.0,4172.0,2901806,2746944,,4179.0,4191.0,RB
94,RB1901,2018-10-31,4170.0,4178.0,4113.0,4127.0,3983882,2716732,,4135.0,4179.0,RB
94,RB1901,2018-11-01,4135.0,4152.0,4029.0,4057.0,4206148,2669794,,4099.0,4135.0,RB
94,RB1901,2018-11-02,4050.0,4077.0,4020.0,4064.0,3640402,2597688,,4050.0,4099.0,RB
94,RB1901,2018-11-05,4065.0,4076.0,4002.0,4072.0,3817108,2694802,,4037.0,4050.0,RB
94,RB1901,2018-11-06,4057.0,4068.0,3953.0,3962.0,4554070,2832852,,3997.0,4037.0,RB
94,RB1901,2018-11-07,3956.0,3968.0,3914.0,3930.0,3095060,2729294,,3939.0,3997.0,RB
94,RB1901,2018-11-08,3941.0,3995.0,3878.0,3986.0,5310176,2632634,,3940.0,3939.0,RB
94,RB1901,2018-11-09,3982.0,4003.0,3932.0,3933.0,3303614,2568100,,3967.0,3940.0,RB
94,RB1901,2018-11-12,3922.0,3925.0,3818.0,3848.0,4423494,2500080,,3869.0,3967.0,RB
94,RB1901,2018-11-13,3850.0,3895.0,3835.0,3868.0,2748118,2405026,,3867.0,3869.0,RB
94,RB1901,2018-11-14,3850.0,3940.0,3846.0,3937.0,3484892,2429820,,3897.0,3867.0,RB
94,RB1901,2018-11-15,3941.0,3946.0,3859.0,3889.0,3577710,2378124,,3901.0,3897.0,RB
93,RB1901,2018-11-16,3889.0,3952.0,3869.0,3884.0,3810154,2279810,,3911.0,3901.0,RB
93,RB1901,2018-11-19,3870.0,3885.0,3813.0,3838.0,3736222,2208620,,3852.0,3911.0,RB
93,RB1901,2018-11-20,3833.0,3859.0,3735.0,3742.0,3398790,2221772,,3800.0,3852.0,RB
93,RB1901,2018-11-21,3728.0,3735.0,3586.0,3724.0,5104664,1987242,,3682.0,3800.0,RB
93,RB1901,2018-11-22,3723.0,3746.0,3690.0,3729.0,3139544,1885272,,3720.0,3682.0,RB
93,RB1901,2018-11-23,3730.0,3750.0,3620.0,3623.0,3998282,1823592,,3693.0,3720.0,RB
93,RB1901,2018-11-26,3600.0,3658.0,3496.0,3553.0,5335938,1621068,,3586.0,3693.0,RB
93,RB1901,2018-11-27,3545.0,3672.0,3540.0,3579.0,4069624,1531580,,3589.0,3586.0,RB
93,RB1901,2018-11-28,3560.0,3668.0,3557.0,3644.0,3457788,1445976,,3611.0,3589.0,RB
93,RB1901,2018-11-29,3649.0,3665.0,3565.0,3605.0,2890196,1395482,,3617.0,3611.0,RB
97,RB1905,2018-11-30,3306.0,3327.0,3210.0,3256.0,2949790,2042464,,3269.0,3313.0,RB
97,RB1905,2018-12-03,3250.0,3495.0,3208.0,3333.0,5092070,2073640,,3330.0,3269.0,RB
97,RB1905,2018-12-04,3306.0,3388.0,3283.0,3374.0,4807696,2224172,,3328.0,3330.0,RB
97,RB1905,2018-12-05,3389.0,3466.0,3362.0,3463.0,5400890,2227320,,3408.0,3328.0,RB
97,RB1905,2018-12-06,3470.0,3473.0,3371.0,3375.0,4500922,2257932,,3412.0,3408.0,RB
97,RB1905,2018-12-07,3360.0,3426.0,3334.0,3397.0,5127774,2267206,,3372.0,3412.0,RB
97,RB1905,2018-12-10,3388.0,3398.0,3303.0,3312.0,4741366,2476276,,3342.0,3372.0,RB
97,RB1905,2018-12-11,3306.0,3341.0,3284.0,3327.0,3595984,2466474,,3306.0,3342.0,RB
97,RB1905,2018-12-12,3340.0,3379.0,3317.0,3317.0,4194776,2489128,,3349.0,3306.0,RB
97,RB1905,2018-12-13,3325.0,3431.0,3321.0,3419.0,5327258,2453522,,3389.0,3349.0,RB
97,RB1905,2018-12-14,3416.0,3450.0,3405.0,3445.0,4124206,2464738,,3427.0,3389.0,RB
97,RB1905,2018-12-17,3448.0,3470.0,3414.0,3435.0,3915682,2385060,,3437.0,3427.0,RB
96,RB1905,2018-12-18,3430.0,3443.0,3391.0,3435.0,3671214,2322986,,3418.0,3437.0,RB
96,RB1905,2018-12-19,3432.0,3450.0,3411.0,3425.0,3871012,2357640,,3431.0,3418.0,RB
96,RB1905,2018-12-20,3433.0,3492.0,3427.0,3481.0,4306708,2616662,,3455.0,3431.0,RB
96,RB1905,2018-12-21,3500.0,3535.0,3471.0,3508.0,4313258,2580432,,3503.0,3455.0,RB
96,RB1905,2018-12-24,3515.0,3516.0,3435.0,3451.0,3542690,2514622,,3465.0,3503.0,RB
96,RB1905,2018-12-25,3442.0,3448.0,3357.0,3398.0,4333400,2403034,,3401.0,3465.0,RB
96,RB1905,2018-12-26,3393.0,3430.0,3387.0,3409.0,3285056,2454132,,3409.0,3401.0,RB
96,RB1905,2018-12-27,3418.0,3471.0,3395.0,3396.0,4172568,2496928,,3422.0,3409.0,RB
96,RB1905,2018-12-28,3387.0,3420.0,3382.0,3404.0,2915936,2374342,,3400.0,3422.0,RB
96,RB1905,2019-01-02,3398.0,3439.0,3371.0,3382.0,2149936,2421642,,3389.0,3400.0,RB
96,RB1905,2019-01-03,3378.0,3456.0,3366.0,3455.0,3719028,2474032,,3420.0,3389.0,RB
96,RB1905,2019-01-04,3460.0,3493.0,3430.0,3486.0,3323322,2490386,,3459.0,3420.0,RB
96,RB1905,2019-01-07,3490.0,3526.0,3466.0,3520.0,3053042,2546746,,3498.0,3459.0,RB
96,RB1905,2019-01-08,3521.0,3523.0,3483.0,3505.0,2740906,2458886,,3503.0,3498.0,RB
96,RB1905,2019-01-09,3505.0,3550.0,3494.0,3507.0,3378598,2439334,,3524.0,3503.0,RB
96,RB1905,2019-01-10,3512.0,3543.0,3502.0,3514.0,3134668,2563920,,3524.0,3524.0,RB
96,RB1905,2019-01-11,3517.0,3540.0,3492.0,3539.0,3440962,2560850,,3518.0,3524.0,RB
96,RB1905,2019-01-14,3535.0,3576.0,3520.0,3575.0,2624250,2629794,,3553.0,3518.0,RB
96,RB1905,2019-01-15,3576.0,3576.0,3508.0,3519.0,3128980,2597358,,3534.0,3553.0,RB
95,RB1905,2019-01-16,3519.0,3545.0,3510.0,3534.0,2632026,2608754,,3526.0,3534.0,RB
95,RB1905,2019-01-17,3529.0,3565.0,3525.0,3551.0,2258818,2669110,,3551.0,3526.0,RB
95,RB1905,2019-01-18,3552.0,3636.0,3540.0,3633.0,3599670,2797818,,3596.0,3551.0,RB
95,RB1905,2019-01-21,3636.0,3675.0,3619.0,3645.0,3526340,2771860,,3646.0,3596.0,RB
95,RB1905,2019-01-22,3650.0,3700.0,3630.0,3633.0,3970252,2743884,,3666.0,3646.0,RB
95,RB1905,2019-01-23,3639.0,3658.0,3625.0,3644.0,2631994,2732234,,3643.0,3666.0,RB
95,RB1905,2019-01-24,3647.0,3684.0,3639.0,3680.0,3200450,2846854,,3660.0,3643.0,RB
95,RB1905,2019-01-25,3684.0,3740.0,3675.0,3710.0,3099552,2850624,,3712.0,3660.0,RB
95,RB1905,2019-01-28,3712.0,3757.0,3680.0,3681.0,3337710,2717346,,3711.0,3712.0,RB
95,RB1905,2019-01-29,3680.0,3694.0,3653.0,3675.0,2508228,2641868,,3673.0,3711.0,RB
95,RB1905,2019-01-30,3683.0,3767.0,3667.0,3677.0,4490378,2561852,,3721.0,3673.0,RB
95,RB1905,2019-01-31,3682.0,3718.0,3673.0,3707.0,2724362,2453762,,3696.0,3721.0,RB
95,RB1905,2019-02-01,3696.0,3770.0,3696.0,3754.0,2506846,2334376,,3735.0,3696.0,RB
95,RB1905,2019-02-11,3850.0,3908.0,3816.0,3825.0,3480360,2566884,,3856.0,3735.0,RB
95,RB1905,2019-02-12,3818.0,3830.0,3771.0,3785.0,3109428,2534930,,3796.0,3856.0,RB
95,RB1905,2019-02-13,3780.0,3796.0,3692.0,3702.0,3814494,2536438,,3738.0,3796.0,RB
95,RB1905,2019-02-14,3711.0,3717.0,3668.0,3684.0,3266348,2693958,,3690.0,3738.0,RB
95,RB1905,2019-02-15,3680.0,3696.0,3593.0,3599.0,3916316,2771988,,3635.0,3690.0,RB
94,RB1905,2019-02-18,3615.0,3675.0,3611.0,3659.0,3532344,2643626,,3645.0,3635.0,RB
94,RB1905,2019-02-19,3670.0,3698.0,3647.0,3655.0,2760590,2648856,,3673.0,3645.0,RB
94,RB1905,2019-02-20,3650.0,3669.0,3578.0,3641.0,3918544,2719930,,3619.0,3673.0,RB
94,RB1905,2019-02-21,3640.0,3695.0,3635.0,3677.0,3928972,2638752,,3672.0,3619.0,RB
94,RB1905,2019-02-22,3669.0,3735.0,3663.0,3731.0,3278144,2652012,,3709.0,3672.0,RB
94,RB1905,2019-02-25,3736.0,3766.0,3681.0,3682.0,3659076,2684798,,3725.0,3709.0,RB
94,RB1905,2019-02-26,3677.0,3745.0,3672.0,3736.0,3998202,2607678,,3708.0,3725.0,RB
94,RB1905,2019-02-27,3737.0,3750.0,3697.0,3715.0,2948082,2619830,,3727.0,3708.0,RB
94,RB1905,2019-02-28,3728.0,3755.0,3705.0,3750.0,3461158,2631922,,3733.0,3727.0,RB
94,RB1905,2019-03-01,3756.0,3816.0,3751.0,3815.0,2986416,2652630,,3777.0,3733.0,RB
94,RB1905,2019-03-04,3815.0,3849.0,3787.0,3811.0,3828874,2651222,,3821.0,3777.0,RB
94,RB1905,2019-03-05,3822.0,3825.0,3755.0,3793.0,3598118,2357864,,3782.0,3821.0,RB
94,RB1905,2019-03-06,3790.0,3810.0,3736.0,3737.0,3759206,2421042,,3778.0,3782.0,RB
94,RB1905,2019-03-07,3748.0,3837.0,3734.0,3821.0,3902978,2375706,,3774.0,3778.0,RB
94,RB1905,2019-03-08,3821.0,3824.0,3756.0,3772.0,3712328,2257074,,3783.0,3774.0,RB
94,RB1905,2019-03-11,3710.0,3754.0,3680.0,3723.0,3387246,2255476,,3727.0,3783.0,RB
94,RB1905,2019-03-12,3729.0,3820.0,3728.0,3815.0,3437206,2250166,,3781.0,3727.0,RB
94,RB1905,2019-03-13,3825.0,3842.0,3784.0,3790.0,2998788,2280814,,3817.0,3781.0,RB
94,RB1905,2019-03-14,3772.0,3829.0,3762.0,3795.0,3586828,2300172,,3794.0,3817.0,RB
94,RB1905,2019-03-15,3796.0,3805.0,3737.0,3763.0,3715090,2237542,,3765.0,3794.0,RB
93,RB1905,2019-03-18,3758.0,3804.0,3754.0,3781.0,3280758,2105164,,3776.0,3765.0,RB
93,RB1905,2019-03-19,3785.0,3821.0,3772.0,3788.0,2832806,2139986,,3794.0,3776.0,RB
93,RB1905,2019-03-20,3800.0,3814.0,3753.0,3777.0,3165340,2064104,,3782.0,3794.0,RB
93,RB1905,2019-03-21,3780.0,3826.0,3770.0,3772.0,3234998,2046454,,3797.0,3782.0,RB
93,RB1905,2019-03-22,3765.0,3779.0,3742.0,3768.0,2882038,2040814,,3761.0,3797.0,RB
93,RB1905,2019-03-25,3763.0,3772.0,3692.0,3692.0,3005274,2296222,,3731.0,3761.0,RB
93,RB1905,2019-03-26,3699.0,3718.0,3682.0,3705.0,2088568,2113960,,3700.0,3731.0,RB
93,RB1905,2019-03-27,3707.0,3720.0,3696.0,3711.0,1875650,1949058,,3709.0,3700.0,RB
93,RB1905,2019-03-28,3709.0,3734.0,3676.0,3690.0,2985056,1790910,,3704.0,3709.0,RB
93,RB1905,2019-03-29,3690.0,3774.0,3673.0,3758.0,2608262,1489398,,3727.0,3704.0,RB
93,RB1905,2019-04-01,3760.0,3811.0,3740.0,3806.0,1642552,1399356,,3777.0,3727.0,RB
98,RB1910,2019-04-02,3492.0,3575.0,3480.0,3560.0,2201022,1747516,,3530.0,3479.0,RB
98,RB1910,2019-04-03,3560.0,3596.0,3546.0,3587.0,2869880,1843996,,3573.0,3530.0,RB
98,RB1910,2019-04-04,3590.0,3606.0,3561.0,3594.0,2370430,1972934,,3582.0,3573.0,RB
98,RB1910,2019-04-08,3614.0,3755.0,3613.0,3730.0,3569164,2019198,,3687.0,3582.0,RB
98,RB1910,2019-04-09,3735.0,3795.0,3728.0,3757.0,3938120,2143174,,3758.0,3687.0,RB
98,RB1910,2019-04-10,3760.0,3776.0,3735.0,3774.0,3013560,2182736,,3754.0,3758.0,RB
98,RB1910,2019-04-11,3776.0,3814.0,3744.0,3808.0,3456604,2276632,,3773.0,3754.0,RB
98,RB1910,2019-04-12,3810.0,3829.0,3734.0,3794.0,5184656,2240428,,3777.0,3773.0,RB
98,RB1910,2019-04-15,3820.0,3843.0,3795.0,3829.0,3998834,2399062,,3821.0,3777.0,RB
97,RB1910,2019-04-16,3832.0,3832.0,3773.0,3780.0,3633830,2296314,,3802.0,3821.0,RB
97,RB1910,2019-04-17,3779.0,3804.0,3757.0,3795.0,3439502,2322182,,3781.0,3802.0,RB
97,RB1910,2019-04-18,3789.0,3789.0,3706.0,3710.0,4231128,2338530,,3739.0,3781.0,RB
97,RB1910,2019-04-19,3699.0,3746.0,3682.0,3738.0,3494514,2388974,,3713.0,3739.0,RB
97,RB1910,2019-04-22,3744.0,3819.0,3739.0,3773.0,5132926,2365588,,3783.0,3713.0,RB
97,RB1910,2019-04-23,3776.0,3794.0,3755.0,3757.0,2870758,2509806,,3777.0,3783.0,RB
97,RB1910,2019-04-24,3750.0,3751.0,3718.0,3730.0,3503086,2530532,,3733.0,3777.0,RB
97,RB1910,2019-04-25,3727.0,3780.0,3712.0,3712.0,3779994,2500770,,3744.0,3733.0,RB
97,RB1910,2019-04-26,3712.0,3755.0,3712.0,3739.0,3571488,2523808,,3733.0,3744.0,RB
97,RB1910,2019-04-29,3743.0,3779.0,3735.0,3777.0,3044622,2503928,,3760.0,3733.0,RB
97,RB1910,2019-04-30,3783.0,3833.0,3783.0,3828.0,3395294,2345822,,3811.0,3760.0,RB
97,RB1910,2019-05-06,3760.0,3783.0,3725.0,3756.0,3040168,2305756,,3758.0,3811.0,RB
97,RB1910,2019-05-07,3756.0,3814.0,3753.0,3767.0,3462070,2302372,,3785.0,3758.0,RB
97,RB1910,2019-05-08,3757.0,3764.0,3721.0,3731.0,3487160,2424686,,3742.0,3785.0,RB
97,RB1910,2019-05-09,3721.0,3744.0,3705.0,3737.0,3494278,2356324,,3726.0,3742.0,RB
97,RB1910,2019-05-10,3711.0,3753.0,3711.0,3746.0,3159902,2317490,,3736.0,3726.0,RB
97,RB1910,2019-05-13,3747.0,3760.0,3690.0,3691.0,3440910,2443248,,3721.0,3736.0,RB
97,RB1910,2019-05-14,3680.0,3699.0,3655.0,3663.0,3403408,2532810,,3672.0,3721.0,RB
97,RB1910,2019-05-15,3659.0,3709.0,3650.0,3704.0,2608568,2547198,,3676.0,3672.0,RB
96,RB1910,2019-05-16,3701.0,3749.0,3694.0,3742.0,3511080,2467990,,3723.0,3676.0,RB
96,RB1910,2019-05-17,3750.0,3794.0,3746.0,3771.0,3847274,2364382,,3772.0,3723.0,RB
96,RB1910,2019-05-20,3770.0,3792.0,3760.0,3780.0,2752426,2357766,,3775.0,3772.0,RB
96,RB1910,2019-05-21,3780.0,3920.0,3777.0,3919.0,5032032,2632486,,3845.0,3775.0,RB
96,RB1910,2019-05-22,3913.0,3947.0,3867.0,3910.0,4462532,2481762,,3905.0,3845.0,RB
96,RB1910,2019-05-23,3910.0,3928.0,3879.0,3881.0,3174604,2381190,,3899.0,3905.0,RB
96,RB1910,2019-05-24,3879.0,3894.0,3826.0,3889.0,3750018,2340352,,3863.0,3899.0,RB
96,RB1910,2019-05-27,3893.0,3926.0,3835.0,3842.0,4421734,2355626,,3876.0,3863.0,RB
96,RB1910,2019-05-28,3835.0,3870.0,3815.0,3845.0,3220108,2328866,,3844.0,3876.0,RB
96,RB1910,2019-05-29,3835.0,3839.0,3796.0,3825.0,3088050,2375608,,3818.0,3844.0,RB
96,RB1910,2019-05-30,3820.0,3835.0,3773.0,3777.0,3228754,2462100,,3806.0,3818.0,RB
96,RB1910,2019-05-31,3775.0,3789.0,3744.0,3750.0,2731698,2540810,,3769.0,3806.0,RB
96,RB1910,2019-06-03,3740.0,3763.0,3699.0,3707.0,3063850,2570700,,3734.0,3769.0,RB
96,RB1910,2019-06-04,3716.0,3747.0,3691.0,3745.0,2491734,2592758,,3721.0,3734.0,RB
96,RB1910,2019-06-05,3752.0,3758.0,3726.0,3747.0,2188406,2603960,,3743.0,3721.0,RB
96,RB1910,2019-06-06,3741.0,3746.0,3670.0,3737.0,3975684,2591634,,3713.0,3743.0,RB
96,RB1910,2019-06-10,3716.0,3733.0,3680.0,3717.0,2194802,2705278,,3703.0,3713.0,RB
96,RB1910,2019-06-11,3718.0,3834.0,3712.0,3833.0,5000976,2624268,,3783.0,3703.0,RB
96,RB1910,2019-06-12,3836.0,3844.0,3772.0,3776.0,3388264,2517168,,3805.0,3783.0,RB
96,RB1910,2019-06-13,3768.0,3800.0,3744.0,3792.0,3502002,2504250,,3774.0,3805.0,RB
96,RB1910,2019-06-14,3800.0,3813.0,3753.0,3755.0,3102382,2532062,,3785.0,3774.0,RB
96,RB1910,2019-06-17,3750.0,3754.0,3700.0,3704.0,2968142,2680234,,3722.0,3785.0,RB
95,RB1910,2019-06-18,3700.0,3737.0,3683.0,3732.0,2623144,2721602,,3710.0,3722.0,RB
95,RB1910,2019-06-19,3740.0,3797.0,3723.0,3770.0,3824738,2595294,,3762.0,3710.0,RB
95,RB1910,2019-06-20,3750.0,3836.0,3740.0,3825.0,3770756,2666178,,3800.0,3762.0,RB
95,RB1910,2019-06-21,3825.0,3860.0,3795.0,3859.0,3584776,2704032,,3816.0,3800.0,RB
95,RB1910,2019-06-24,3857.0,3966.0,3835.0,3904.0,4860118,2544514,,3908.0,3816.0,RB
95,RB1910,2019-06-25,3920.0,3999.0,3915.0,3994.0,4513402,2685184,,3964.0,3908.0,RB
95,RB1910,2019-06-26,3995.0,4013.0,3966.0,3998.0,3289568,2530034,,3985.0,3964.0,RB
95,RB1910,2019-06-27,4008.0,4095.0,3987.0,4001.0,4993954,2470936,,4035.0,3985.0,RB
95,RB1910,2019-06-28,4004.0,4071.0,4002.0,4065.0,3424928,2562644,,4044.0,4035.0,RB
95,RB1910,2019-07-01,4070.0,4148.0,4061.0,4107.0,4059936,2527118,,4108.0,4044.0,RB
95,RB1910,2019-07-02,4102.0,4117.0,4023.0,4053.0,3581188,2455326,,4063.0,4108.0,RB
95,RB1910,2019-07-03,4045.0,4098.0,4001.0,4030.0,3491260,2481090,,4042.0,4063.0,RB
95,RB1910,2019-07-04,4027.0,4077.0,3996.0,4024.0,4181700,2476838,,4033.0,4042.0,RB
95,RB1910,2019-07-05,4020.0,4057.0,3967.0,3984.0,3849040,2506022,,4014.0,4033.0,RB
95,RB1910,2019-07-08,3980.0,4025.0,3976.0,3992.0,3352870,2400964,,4002.0,4014.0,RB
95,RB1910,2019-07-09,3990.0,4085.0,3989.0,4042.0,3664226,2424496,,4048.0,4002.0,RB
95,RB1910,2019-07-10,4040.0,4052.0,4004.0,4021.0,2566004,2415562,,4025.0,4048.0,RB
95,RB1910,2019-07-11,4020.0,4046.0,3974.0,4017.0,3807582,2477402,,4004.0,4025.0,RB
95,RB1910,2019-07-12,4020.0,4030.0,3958.0,3965.0,2871884,2559286,,3992.0,4004.0,RB
95,RB1910,2019-07-15,3957.0,4031.0,3921.0,4030.0,3686056,2520808,,3964.0,3992.0,RB
94,RB1910,2019-07-16,4029.0,4064.0,4019.0,4037.0,2872668,2480884,,4039.0,3964.0,RB
94,RB1910,2019-07-17,4026.0,4068.0,4009.0,4052.0,2876118,2495554,,4035.0,4039.0,RB
94,RB1910,2019-07-18,4038.0,4050.0,3966.0,3968.0,2683150,2455950,,4014.0,4035.0,RB
94,RB1910,2019-07-19,3958.0,4006.0,3942.0,4001.0,2808834,2374568,,3970.0,4014.0,RB
94,RB1910,2019-07-22,3999.0,4007.0,3930.0,3948.0,3875196,2459286,,3963.0,3970.0,RB
94,RB1910,2019-07-23,3943.0,3980.0,3924.0,3941.0,2641954,2466078,,3949.0,3963.0,RB
94,RB1910,2019-07-24,3930.0,3930.0,3878.0,3899.0,3165788,2547920,,3901.0,3949.0,RB
94,RB1910,2019-07-25,3890.0,3948.0,3885.0,3940.0,3037812,2537830,,3918.0,3901.0,RB
94,RB1910,2019-07-26,3950.0,3974.0,3926.0,3940.0,2743862,2404082,,3950.0,3918.0,RB
94,RB1910,2019-07-29,3930.0,3945.0,3875.0,3877.0,2575014,2608632,,3907.0,3950.0,RB
94,RB1910,2019-07-30,3880.0,3925.0,3866.0,3886.0,2803966,2596252,,3895.0,3907.0,RB
94,RB1910,2019-07-31,3871.0,3932.0,3867.0,3891.0,2938908,2560900,,3907.0,3895.0,RB
94,RB1910,2019-08-01,3888.0,3904.0,3846.0,3846.0,2829316,2745358,,3878.0,3907.0,RB
94,RB1910,2019-08-02,3839.0,3845.0,3724.0,3816.0,4111132,2582178,,3805.0,3878.0,RB
94,RB1910,2019-08-05,3817.0,3834.0,3736.0,3753.0,3424546,2618142,,3778.0,3805.0,RB
94,RB1910,2019-08-06,3753.0,3773.0,3707.0,3707.0,2847802,2693516,,3744.0,3778.0,RB
94,RB1910,2019-08-07,3700.0,3737.0,3686.0,3711.0,3417292,2539706,,3711.0,3744.0,RB
94,RB1910,2019-08-08,3707.0,3751.0,3662.0,3672.0,3368994,2611468,,3714.0,3711.0,RB
94,RB1910,2019-08-09,3688.0,3690.0,3538.0,3591.0,4505230,2518638,,3618.0,3714.0,RB
94,RB1910,2019-08-12,3584.0,3683.0,3546.0,3677.0,4188360,2308330,,3600.0,3618.0,RB
94,RB1910,2019-08-13,3678.0,3705.0,3643.0,3677.0,3050458,2229472,,3674.0,3600.0,RB
94,RB1910,2019-08-14,3683.0,3740.0,3658.0,3670.0,3466926,2200240,,3695.0,3674.0,RB
94,RB1910,2019-08-15,3676.0,3733.0,3668.0,3715.0,3579628,2070970,,3700.0,3695.0,RB
93,RB1910,2019-08-16,3711.0,3733.0,3692.0,3715.0,2097852,2055080,,3714.0,3700.0,RB
93,RB1910,2019-08-19,3707.0,3753.0,3698.0,3747.0,2417568,1936586,,3729.0,3714.0,RB
93,RB1910,2019-08-20,3755.0,3766.0,3695.0,3699.0,2024620,1906932,,3726.0,3729.0,RB
93,RB1910,2019-08-21,3701.0,3712.0,3633.0,3686.0,2646704,1702558,,3667.0,3726.0,RB
93,RB1910,2019-08-22,3678.0,3718.0,3657.0,3715.0,2118968,1652062,,3687.0,3667.0,RB
96,RB2001,2019-08-23,3432.0,3462.0,3410.0,3446.0,1944648,2270896,,3437.0,3406.0,RB
96,RB2001,2019-08-26,3430.0,3467.0,3367.0,3372.0,2803968,2456260,,3407.0,3437.0,RB
96,RB2001,2019-08-27,3362.0,3377.0,3281.0,3281.0,3268474,2831650,,3326.0,3407.0,RB
96,RB2001,2019-08-28,3281.0,3323.0,3244.0,3317.0,3344346,2850708,,3286.0,3326.0,RB
96,RB2001,2019-08-29,3315.0,3340.0,3259.0,3266.0,3373380,2995622,,3304.0,3286.0,RB
96,RB2001,2019-08-30,3283.0,3350.0,3278.0,3350.0,3598878,2898978,,3318.0,3304.0,RB
96,RB2001,2019-09-02,3341.0,3413.0,3325.0,3407.0,3842376,2877830,,3369.0,3318.0,RB
96,RB2001,2019-09-03,3407.0,3415.0,3383.0,3403.0,2620472,2829992,,3398.0,3369.0,RB
96,RB2001,2019-09-04,3395.0,3443.0,3380.0,3423.0,3164842,2743802,,3415.0,3398.0,RB
96,RB2001,2019-09-05,3429.0,3474.0,3418.0,3439.0,3690626,2823874,,3450.0,3415.0,RB
96,RB2001,2019-09-06,3430.0,3448.0,3384.0,3387.0,2802696,2689382,,3420.0,3450.0,RB
96,RB2001,2019-09-09,3411.0,3502.0,3398.0,3497.0,5035210,2834242,,3447.0,3420.0,RB
96,RB2001,2019-09-10,3500.0,3509.0,3465.0,3479.0,2477584,2712834,,3485.0,3447.0,RB
96,RB2001,2019-09-11,3479.0,3499.0,3458.0,3481.0,2930314,2722682,,3476.0,3485.0,RB
96,RB2001,2019-09-12,3486.0,3549.0,3467.0,3549.0,3077504,2788204,,3502.0,3476.0,RB
96,RB2001,2019-09-16,3561.0,3575.0,3531.0,3564.0,2161624,2851190,,3553.0,3502.0,RB
95,RB2001,2019-09-17,3568.0,3571.0,3511.0,3533.0,2636330,2783088,,3540.0,3553.0,RB
95,RB2001,2019-09-18,3529.0,3535.0,3487.0,3493.0,2954536,2733366,,3513.0,3540.0,RB
95,RB2001,2019-09-19,3487.0,3492.0,3389.0,3397.0,4368150,2863260,,3447.0,3513.0,RB
95,RB2001,2019-09-20,3392.0,3403.0,3371.0,3388.0,2908174,2890054,,3388.0,3447.0,RB
95,RB2001,2019-09-23,3388.0,3513.0,3381.0,3510.0,4535422,2829956,,3454.0,3388.0,RB
95,RB2001,2019-09-24,3518.0,3548.0,3467.0,3477.0,4891038,2957148,,3516.0,3454.0,RB
95,RB2001,2019-09-25,3490.0,3513.0,3480.0,3498.0,3067474,2881758,,3495.0,3516.0,RB
95,RB2001,2019-09-26,3500.0,3511.0,3433.0,3445.0,4803740,2783634,,3474.0,3495.0,RB
95,RB2001,2019-09-27,3447.0,3454.0,3415.0,3437.0,2486410,2643388,,3434.0,3474.0,RB
95,RB2001,2019-09-30,3434.0,3580.0,3434.0,3470.0,3226086,2427578,,3485.0,3434.0,RB
95,RB2001,2019-10-08,3458.0,3458.0,3402.0,3404.0,2568022,2672362,,3427.0,3485.0,RB
95,RB2001,2019-10-09,3405.0,3432.0,3390.0,3413.0,3360416,2885712,,3411.0,3427.0,RB
95,RB2001,2019-10-10,3426.0,3430.0,3385.0,3415.0,3471906,2922546,,3412.0,3411.0,RB
95,RB2001,2019-10-11,3415.0,3417.0,3372.0,3407.0,3343992,2978670,,3397.0,3412.0,RB
95,RB2001,2019-10-14,3407.0,3439.0,3351.0,3352.0,3660176,3157694,,3403.0,3397.0,RB
95,RB2001,2019-10-15,3352.0,3365.0,3315.0,3346.0,3460928,3237628,,3339.0,3403.0,RB
94,RB2001,2019-10-16,3343.0,3357.0,3281.0,3291.0,3761066,3299954,,3323.0,3339.0,RB
94,RB2001,2019-10-17,3291.0,3330.0,3278.0,3324.0,3187284,3300736,,3304.0,3323.0,RB
94,RB2001,2019-10-18,3325.0,3331.0,3256.0,3310.0,4195230,3363954,,3293.0,3304.0,RB
94,RB2001,2019-10-21,3314.0,3321.0,3276.0,3290.0,3073322,3359956,,3296.0,3293.0,RB
94,RB2001,2019-10-22,3298.0,3325.0,3280.0,3318.0,3502856,3401906,,3304.0,3296.0,RB
94,RB2001,2019-10-23,3325.0,3351.0,3299.0,3312.0,3859552,3373536,,3323.0,3304.0,RB
94,RB2001,2019-10-24,3310.0,3327.0,3285.0,3318.0,3710168,3413170,,3304.0,3323.0,RB
94,RB2001,2019-10-25,3320.0,3345.0,3300.0,3344.0,3143752,3326654,,3320.0,3304.0,RB
94,RB2001,2019-10-28,3347.0,3366.0,3322.0,3327.0,3043622,3248826,,3341.0,3320.0,RB
94,RB2001,2019-10-29,3331.0,3359.0,3316.0,3348.0,2710598,3230372,,3339.0,3341.0,RB
94,RB2001,2019-10-30,3351.0,3376.0,3330.0,3373.0,3414488,3252258,,3351.0,3339.0,RB
94,RB2001,2019-10-31,3380.0,3390.0,3357.0,3367.0,2997816,3195424,,3374.0,3351.0,RB
94,RB2001,2019-11-01,3363.0,3381.0,3343.0,3380.0,2748396,3122684,,3364.0,3374.0,RB
94,RB2001,2019-11-04,3375.0,3387.0,3359.0,3382.0,2725220,3176612,,3375.0,3364.0,RB
94,RB2001,2019-11-05,3383.0,3435.0,3368.0,3434.0,3478140,3333290,,3398.0,3375.0,RB
94,RB2001,2019-11-06,3430.0,3467.0,3426.0,3441.0,3358868,3243722,,3444.0,3398.0,RB
94,RB2001,2019-11-07,3443.0,3458.0,3416.0,3418.0,2892120,3201836,,3440.0,3444.0,RB
94,RB2001,2019-11-08,3421.0,3425.0,3401.0,3412.0,2422594,3153390,,3412.0,3440.0,RB
94,RB2001,2019-11-11,3402.0,3407.0,3346.0,3373.0,3723732,3023022,,3368.0,3412.0,RB
94,RB2001,2019-11-12,3373.0,3452.0,3362.0,3449.0,4004954,3137874,,3409.0,3368.0,RB
94,RB2001,2019-11-13,3448.0,3460.0,3427.0,3442.0,2416990,3034802,,3442.0,3409.0,RB
94,RB2001,2019-11-14,3447.0,3520.0,3435.0,3511.0,4208464,3098206,,3476.0,3442.0,RB
94,RB2001,2019-11-15,3511.0,3554.0,3506.0,3545.0,3337714,3015058,,3535.0,3476.0,RB
93,RB2001,2019-11-18,3548.0,3576.0,3535.0,3556.0,3406476,3033850,,3553.0,3535.0,RB
93,RB2001,2019-11-19,3559.0,3639.0,3548.0,3635.0,5042422,3064568,,3590.0,3553.0,RB
93,RB2001,2019-11-20,3637.0,3691.0,3624.0,3676.0,4324080,3034804,,3660.0,3590.0,RB
93,RB2001,2019-11-21,3691.0,3691.0,3610.0,3619.0,4217282,2915298,,3643.0,3660.0,RB
93,RB2001,2019-11-22,3621.0,3659.0,3618.0,3655.0,3398450,2915296,,3642.0,3643.0,RB
93,RB2001,2019-11-25,3656.0,3720.0,3631.0,3697.0,4167718,2840966,,3683.0,3642.0,RB
93,RB2001,2019-11-26,3689.0,3690.0,3603.0,3611.0,3850800,2582980,,3641.0,3683.0,RB
93,RB2001,2019-11-27,3605.0,3622.0,3588.0,3596.0,3012176,2499630,,3605.0,3641.0,RB
93,RB2001,2019-11-28,3589.0,3625.0,3563.0,3618.0,3804958,2333174,,3587.0,3605.0,RB
93,RB2001,2019-11-29,3616.0,3644.0,3587.0,3620.0,3443584,2143086,,3618.0,3587.0,RB
93,RB2001,2019-12-02,3601.0,3645.0,3566.0,3634.0,3101870,2022564,,3607.0,3618.0,RB
93,RB2001,2019-12-03,3631.0,3649.0,3596.0,3599.0,2057360,1943992,,3619.0,3607.0,RB
93,RB2001,2019-12-04,3586.0,3640.0,3578.0,3603.0,2298690,1882538,,3608.0,3619.0,RB
97,RB2005,2019-12-05,3417.0,3458.0,3401.0,3404.0,1968442,1987348,,3429.0,3409.0,RB
97,RB2005,2019-12-06,3399.0,3439.0,3387.0,3437.0,2288212,2167606,,3417.0,3429.0,RB
97,RB2005,2019-12-09,3441.0,3535.0,3432.0,3511.0,3896724,2352334,,3492.0,3417.0,RB
97,RB2005,2019-12-10,3511.0,3537.0,3496.0,3505.0,2314644,2362104,,3513.0,3492.0,RB
97,RB2005,2019-12-11,3505.0,3545.0,3505.0,3537.0,2713564,2462120,,3528.0,3513.0,RB
97,RB2005,2019-12-12,3534.0,3570.0,3508.0,3524.0,3169322,2511280,,3533.0,3528.0,RB
97,RB2005,2019-12-13,3530.0,3548.0,3502.0,3523.0,2837898,2526754,,3524.0,3533.0,RB
97,RB2005,2019-12-16,3525.0,3558.0,3472.0,3480.0,4155020,2586288,,3512.0,3524.0,RB
96,RB2005,2019-12-17,3482.0,3495.0,3456.0,3484.0,2393776,2595910,,3478.0,3512.0,RB
96,RB2005,2019-12-18,3489.0,3503.0,3469.0,3476.0,1956352,2573956,,3483.0,3478.0,RB
96,RB2005,2019-12-19,3486.0,3529.0,3465.0,3518.0,2761054,2645268,,3498.0,3483.0,RB
96,RB2005,2019-12-20,3518.0,3537.0,3498.0,3507.0,2456502,2593398,,3515.0,3498.0,RB
96,RB2005,2019-12-23,3510.0,3549.0,3508.0,3538.0,2558004,2705450,,3534.0,3515.0,RB
96,RB2005,2019-12-24,3543.0,3555.0,3502.0,3510.0,2499360,2758576,,3522.0,3534.0,RB
96,RB2005,2019-12-25,3510.0,3522.0,3483.0,3485.0,1921198,2762568,,3504.0,3522.0,RB
96,RB2005,2019-12-26,3482.0,3534.0,3470.0,3529.0,2527868,2821242,,3501.0,3504.0,RB
96,RB2005,2019-12-27,3527.0,3554.0,3522.0,3541.0,2147774,2903738,,3537.0,3501.0,RB
96,RB2005,2019-12-30,3541.0,3563.0,3530.0,3545.0,1912332,2916172,,3543.0,3537.0,RB
96,RB2005,2019-12-31,3545.0,3577.0,3535.0,3569.0,2519558,2948358,,3558.0,3543.0,RB
96,RB2005,2020-01-02,3584.0,3593.0,3540.0,3547.0,976947,1443715,,3563.0,3558.0,RB
96,RB2005,2020-01-03,3547.0,3567.0,3542.0,3543.0,778292,1398669,,3552.0,3563.0,RB
96,RB2005,2020-01-06,3540.0,3566.0,3526.0,3559.0,966449,1381265,,3549.0,3552.0,RB
96,RB2005,2020-01-07,3558.0,3580.0,3556.0,3574.0,708368,1400763,,3569.0,3549.0,RB
96,RB2005,2020-01-08,3574.0,3621.0,3571.0,3617.0,1051293,1419374,,3602.0,3569.0,RB
96,RB2005,2020-01-09,3617.0,3622.0,3550.0,3555.0,1162066,1337536,,3587.0,3602.0,RB
96,RB2005,2020-01-10,3559.0,3583.0,3555.0,3571.0,641895,1357418,,3568.0,3587.0,RB
96,RB2005,2020-01-13,3565.0,3567.0,3529.0,3530.0,864329,1305835,,3549.0,3568.0,RB
96,RB2005,2020-01-14,3528.0,3572.0,3518.0,3570.0,916208,1311222,,3546.0,3549.0,RB
96,RB2005,2020-01-15,3570.0,3578.0,3537.0,3537.0,866185,1301908,,3556.0,3546.0,RB
95,RB2005,2020-01-16,3537.0,3577.0,3535.0,3565.0,913755,1313248,,3558.0,3556.0,RB
95,RB2005,2020-01-17,3565.0,3608.0,3562.0,3595.0,919377,1396015,,3586.0,3558.0,RB
95,RB2005,2020-01-20,3599.0,3618.0,3588.0,3605.0,652366,1394164,,3602.0,3586.0,RB
95,RB2005,2020-01-21,3605.0,3606.0,3555.0,3570.0,887469,1324051,,3574.0,3602.0,RB
95,RB2005,2020-01-22,3565.0,3568.0,3506.0,3558.0,1161870,1263535,,3536.0,3574.0,RB
95,RB2005,2020-01-23,3551.0,3552.0,3491.0,3500.0,901368,1269146,,3515.0,3536.0,RB
95,RB2005,2020-02-03,3233.0,3294.0,3233.0,3233.0,1223078,1260621,,3259.0,3515.0,RB
95,RB2005,2020-02-04,3209.0,3333.0,3207.0,3312.0,1385797,1243680,,3285.0,3259.0,RB
95,RB2005,2020-02-05,3298.0,3324.0,3282.0,3297.0,1028552,1312971,,3300.0,3285.0,RB
95,RB2005,2020-02-06,3297.0,3316.0,3270.0,3304.0,1139425,1364689,,3295.0,3300.0,RB
95,RB2005,2020-02-07,3300.0,3340.0,3289.0,3325.0,851755,1400638,,3309.0,3295.0,RB
95,RB2005,2020-02-10,3308.0,3321.0,3279.0,3305.0,889861,1396485,,3303.0,3309.0,RB
95,RB2005,2020-02-11,3316.0,3488.0,3304.0,3392.0,2293748,1350758,,3393.0,3303.0,RB
95,RB2005,2020-02-12,3410.0,3423.0,3382.0,3404.0,1088528,1353006,,3404.0,3393.0,RB
95,RB2005,2020-02-13,3400.0,3424.0,3383.0,3395.0,1051409,1439345,,3399.0,3404.0,RB
95,RB2005,2020-02-14,3391.0,3404.0,3365.0,3398.0,988231,1461182,,3385.0,3399.0,RB
95,RB2005,2020-02-17,3393.0,3437.0,3386.0,3427.0,1125505,1520571,,3413.0,3385.0,RB
94,RB2005,2020-02-18,3426.0,3434.0,3386.0,3390.0,1145614,1513733,,3409.0,3413.0,RB
94,RB2005,2020-02-19,3385.0,3403.0,3376.0,3394.0,842101,1523788,,3389.0,3409.0,RB
94,RB2005,2020-02-20,3395.0,3479.0,3394.0,3460.0,1843584,1521918,,3440.0,3389.0,RB
94,RB2005,2020-02-21,3465.0,3488.0,3453.0,3485.0,1226015,1540040,,3470.0,3440.0,RB
94,RB2005,2020-02-24,3500.0,3514.0,3458.0,3476.0,1392277,1509634,,3483.0,3470.0,RB
94,RB2005,2020-02-25,3435.0,3494.0,3431.0,3489.0,1269765,1456094,,3461.0,3483.0,RB
94,RB2005,2020-02-26,3470.0,3488.0,3440.0,3447.0,1267101,1497764,,3464.0,3461.0,RB
94,RB2005,2020-02-27,3445.0,3456.0,3408.0,3419.0,1111680,1512736,,3426.0,3464.0,RB
94,RB2005,2020-02-28,3388.0,3393.0,3324.0,3335.0,1950824,1490719,,3354.0,3426.0,RB
94,RB2005,2020-03-02,3321.0,3446.0,3321.0,3422.0,1806859,1466679,,3399.0,3354.0,RB
94,RB2005,2020-03-03,3450.0,3466.0,3414.0,3421.0,1178454,1468726,,3437.0,3399.0,RB
94,RB2005,2020-03-04,3411.0,3479.0,3410.0,3477.0,1384581,1456822,,3449.0,3437.0,RB
94,RB2005,2020-03-05,3478.0,3496.0,3461.0,3469.0,1102747,1463654,,3475.0,3449.0,RB
94,RB2005,2020-03-06,3457.0,3469.0,3434.0,3441.0,1092230,1454168,,3449.0,3475.0,RB
94,RB2005,2020-03-09,3350.0,3442.0,3350.0,3439.0,1885069,1425767,,3400.0,3449.0,RB
94,RB2005,2020-03-10,3438.0,3494.0,3427.0,3479.0,1469955,1411376,,3464.0,3400.0,RB
94,RB2005,2020-03-11,3496.0,3528.0,3484.0,3497.0,1570594,1425564,,3506.0,3464.0,RB
94,RB2005,2020-03-12,3497.0,3530.0,3466.0,3521.0,1945117,1394189,,3504.0,3506.0,RB
94,RB2005,2020-03-13,3494.0,3574.0,3465.0,3569.0,2353957,1339120,,3511.0,3504.0,RB
94,RB2005,2020-03-16,3560.0,3584.0,3537.0,3553.0,1468238,1258691,,3562.0,3511.0,RB
93,RB2005,2020-03-17,3548.0,3565.0,3530.0,3555.0,1253354,1183732,,3546.0,3562.0,RB
93,RB2005,2020-03-18,3545.0,3592.0,3531.0,3548.0,1635325,1131497,,3560.0,3546.0,RB
93,RB2005,2020-03-19,3548.0,3555.0,3329.0,3528.0,2993126,979193,,3461.0,3560.0,RB
93,RB2005,2020-03-20,3540.0,3562.0,3463.0,3483.0,1572381,890648,,3505.0,3461.0,RB
93,RB2005,2020-03-23,3435.0,3455.0,3390.0,3400.0,1340690,813347,,3421.0,3505.0,RB
93,RB2005,2020-03-24,3415.0,3445.0,3373.0,3435.0,1229366,744010,,3413.0,3421.0,RB
98,RB2010,2020-03-25,3368.0,3391.0,3333.0,3365.0,989968,1117582,,3364.0,3314.0,RB
98,RB2010,2020-03-26,3360.0,3377.0,3335.0,3341.0,998466,1164251,,3351.0,3364.0,RB
98,RB2010,2020-03-27,3351.0,3362.0,3321.0,3329.0,1074451,1208580,,3342.0,3351.0,RB
98,RB2010,2020-03-30,3306.0,3308.0,3224.0,3242.0,1638094,1371228,,3256.0,3342.0,RB
98,RB2010,2020-03-31,3253.0,3271.0,3220.0,3233.0,1073302,1432887,,3245.0,3256.0,RB
98,RB2010,2020-04-01,3245.0,3245.0,3154.0,3169.0,1710110,1611977,,3182.0,3245.0,RB
98,RB2010,2020-04-02,3150.0,3241.0,3103.0,3229.0,2280121,1551444,,3165.0,3182.0,RB
98,RB2010,2020-04-03,3230.0,3257.0,3178.0,3189.0,1394167,1499548,,3203.0,3165.0,RB
98,RB2010,2020-04-07,3218.0,3244.0,3191.0,3206.0,1364695,1534684,,3215.0,3203.0,RB
98,RB2010,2020-04-08,3200.0,3257.0,3183.0,3244.0,1479143,1501120,,3227.0,3215.0,RB
98,RB2010,2020-04-09,3257.0,3322.0,3253.0,3306.0,1704182,1535127,,3293.0,3227.0,RB
98,RB2010,2020-04-10,3306.0,3376.0,3298.0,3373.0,1563049,1523575,,3330.0,3293.0,RB
98,RB2010,2020-04-13,3378.0,3417.0,3356.0,3387.0,1638618,1584948,,3388.0,3330.0,RB
98,RB2010,2020-04-14,3393.0,3425.0,3370.0,3384.0,1488667,1569799,,3393.0,3388.0,RB
98,RB2010,2020-04-15,3378.0,3405.0,3358.0,3373.0,1449573,1562103,,3380.0,3393.0,RB
97,RB2010,2020-04-16,3363.0,3408.0,3348.0,3385.0,1743734,1546029,,3380.0,3380.0,RB
97,RB2010,2020-04-17,3398.0,3435.0,3371.0,3381.0,1654281,1507800,,3400.0,3380.0,RB
97,RB2010,2020-04-20,3399.0,3405.0,3360.0,3362.0,1123065,1538347,,3379.0,3400.0,RB
97,RB2010,2020-04-21,3350.0,3351.0,3306.0,3337.0,1529213,1527245,,3326.0,3379.0,RB
97,RB2010,2020-04-22,3320.0,3375.0,3304.0,3375.0,1455480,1572868,,3339.0,3326.0,RB
97,RB2010,2020-04-23,3376.0,3388.0,3325.0,3330.0,1510335,1538473,,3356.0,3339.0,RB
97,RB2010,2020-04-24,3325.0,3348.0,3318.0,3343.0,1122495,1521265,,3334.0,3356.0,RB
97,RB2010,2020-04-27,3345.0,3359.0,3309.0,3316.0,1200761,1514312,,3330.0,3334.0,RB
97,RB2010,2020-04-28,3309.0,3333.0,3276.0,3292.0,1652114,1534322,,3303.0,3330.0,RB
97,RB2010,2020-04-29,3292.0,3315.0,3286.0,3302.0,981516,1541709,,3297.0,3303.0,RB
97,RB2010,2020-04-30,3312.0,3368.0,3311.0,3367.0,1351155,1478071,,3343.0,3297.0,RB
97,RB2010,2020-05-06,3385.0,3406.0,3371.0,3392.0,1091440,1455415,,3388.0,3343.0,RB
97,RB2010,2020-05-07,3400.0,3443.0,3394.0,3439.0,1421089,1567775,,3422.0,3388.0,RB
97,RB2010,2020-05-08,3443.0,3480.0,3439.0,3452.0,1430332,1559451,,3457.0,3422.0,RB
97,RB2010,2020-05-11,3460.0,3474.0,3432.0,3452.0,1272924,1542556,,3452.0,3457.0,RB
97,RB2010,2020-05-12,3448.0,3467.0,3441.0,3464.0,1014702,1571098,,3455.0,3452.0,RB
97,RB2010,2020-05-13,3470.0,3495.0,3434.0,3464.0,1638388,1557860,,3463.0,3455.0,RB
97,RB2010,2020-05-14,3464.0,3474.0,3443.0,3445.0,1391639,1572719,,3457.0,3463.0,RB
97,RB2010,2020-05-15,3442.0,3476.0,3426.0,3464.0,1475799,1568331,,3453.0,3457.0,RB
96,RB2010,2020-05-18,3469.0,3544.0,3455.0,3528.0,1869234,1473769,,3512.0,3453.0,RB
96,RB2010,2020-05-19,3527.0,3583.0,3522.0,3562.0,1586398,1486670,,3557.0,3512.0,RB
96,RB2010,2020-05-20,3556.0,3558.0,3524.0,3531.0,1111150,1468224,,3539.0,3557.0,RB
96,RB2010,2020-05-21,3535.0,3571.0,3527.0,3568.0,1233801,1449396,,3548.0,3539.0,RB
96,RB2010,2020-05-22,3570.0,3594.0,3505.0,3508.0,1957742,1375530,,3547.0,3548.0,RB
96,RB2010,2020-05-25,3516.0,3538.0,3488.0,3500.0,1412621,1349237,,3510.0,3547.0,RB
96,RB2010,2020-05-26,3500.0,3520.0,3488.0,3493.0,1211222,1326071,,3502.0,3510.0,RB
96,RB2010,2020-05-27,3486.0,3510.0,3467.0,3494.0,1366527,1305295,,3485.0,3502.0,RB
96,RB2010,2020-05-28,3495.0,3512.0,3472.0,3498.0,1335486,1258513,,3492.0,3485.0,RB
96,RB2010,2020-05-29,3498.0,3580.0,3495.0,3579.0,1609216,1330273,,3533.0,3492.0,RB
96,RB2010,2020-06-01,3580.0,3609.0,3557.0,3577.0,1786836,1267393,,3580.0,3533.0,RB
96,RB2010,2020-06-02,3569.0,3648.0,3568.0,3634.0,1639428,1424237,,3608.0,3580.0,RB
96,RB2010,2020-06-03,3641.0,3663.0,3622.0,3634.0,1617332,1405922,,3640.0,3608.0,RB
96,RB2010,2020-06-04,3633.0,3679.0,3605.0,3606.0,1924866,1383452,,3646.0,3640.0,RB
96,RB2010,2020-06-05,3607.0,3615.0,3591.0,3604.0,1115833,1325018,,3603.0,3646.0,RB
96,RB2010,2020-06-08,3605.0,3666.0,3583.0,3616.0,1779854,1307324,,3628.0,3603.0,RB
96,RB2010,2020-06-09,3615.0,3626.0,3588.0,3619.0,1281325,1325030,,3603.0,3628.0,RB
96,RB2010,2020-06-10,3612.0,3623.0,3578.0,3587.0,1246605,1388278,,3602.0,3603.0,RB
96,RB2010,2020-06-11,3585.0,3621.0,3572.0,3596.0,1440657,1336524,,3593.0,3602.0,RB
96,RB2010,2020-06-12,3589.0,3627.0,3560.0,3626.0,1627885,1383420,,3597.0,3593.0,RB
96,RB2010,2020-06-15,3630.0,3635.0,3567.0,3572.0,1490916,1364692,,3601.0,3597.0,RB
95,RB2010,2020-06-16,3577.0,3605.0,3575.0,3599.0,935338,1347586,,3592.0,3601.0,RB
95,RB2010,2020-06-17,3595.0,3620.0,3572.0,3585.0,1286906,1376871,,3594.0,3592.0,RB
95,RB2010,2020-06-18,3589.0,3619.0,3583.0,3615.0,1625784,1399007,,3604.0,3594.0,RB
95,RB2010,2020-06-19,3615.0,3649.0,3609.0,3645.0,1332869,1443332,,3629.0,3604.0,RB
95,RB2010,2020-06-22,3645.0,3658.0,3615.0,3620.0,1335426,1440433,,3636.0,3629.0,RB
95,RB2010,2020-06-23,3615.0,3624.0,3606.0,3610.0,860391,1403288,,3614.0,3636.0,RB
95,RB2010,2020-06-24,3618.0,3623.0,3609.0,3620.0,710780,1330535,,3615.0,3614.0,RB
95,RB2010,2020-06-29,3609.0,3609.0,3551.0,3552.0,1200046,1376086,,3569.0,3615.0,RB
95,RB2010,2020-06-30,3551.0,3584.0,3551.0,3565.0,937335,1366053,,3568.0,3569.0,RB
95,RB2010,2020-07-01,3568.0,3575.0,3542.0,3566.0,1086114,1361885,,3561.0,3568.0,RB
95,RB2010,2020-07-02,3565.0,3582.0,3560.0,3573.0,809918,1400881,,3569.0,3561.0,RB
95,RB2010,2020-07-03,3575.0,3620.0,3574.0,3619.0,1234028,1407435,,3603.0,3569.0,RB
95,RB2010,2020-07-06,3622.0,3630.0,3603.0,3618.0,949955,1372154,,3615.0,3603.0,RB
95,RB2010,2020-07-07,3618.0,3654.0,3618.0,3634.0,957205,1379963,,3636.0,3615.0,RB
95,RB2010,2020-07-08,3638.0,3706.0,3636.0,3702.0,1368067,1459061,,3678.0,3636.0,RB
95,RB2010,2020-07-09,3708.0,3743.0,3703.0,3726.0,1172500,1440834,,3720.0,3678.0,RB
95,RB2010,2020-07-10,3724.0,3724.0,3680.0,3690.0,1178742,1392024,,3703.0,3720.0,RB
95,RB2010,2020-07-13,3692.0,3768.0,3692.0,3739.0,1377096,1372843,,3735.0,3703.0,RB
95,RB2010,2020-07-14,3740.0,3754.0,3715.0,3744.0,953888,1358974,,3735.0,3735.0,RB
95,RB2010,2020-07-15,3744.0,3762.0,3720.0,3746.0,858734,1370333,,3739.0,3735.0,RB
94,RB2010,2020-07-16,3740.0,3743.0,3691.0,3703.0,1255806,1349287,,3719.0,3739.0,RB
94,RB2010,2020-07-17,3705.0,3734.0,3685.0,3726.0,926286,1309818,,3711.0,3719.0,RB
94,RB2010,2020-07-20,3721.0,3749.0,3696.0,3701.0,1026160,1321592,,3719.0,3711.0,RB
94,RB2010,2020-07-21,3700.0,3765.0,3696.0,3764.0,1025173,1336180,,3733.0,3719.0,RB
94,RB2010,2020-07-22,3770.0,3816.0,3765.0,3782.0,1136590,1349404,,3789.0,3733.0,RB
94,RB2010,2020-07-23,3773.0,3808.0,3770.0,3806.0,820694,1365819,,3787.0,3789.0,RB
94,RB2010,2020-07-24,3804.0,3805.0,3728.0,3747.0,1384951,1342172,,3769.0,3787.0,RB
94,RB2010,2020-07-27,3750.0,3785.0,3715.0,3723.0,1037820,1294974,,3752.0,3769.0,RB
94,RB2010,2020-07-28,3722.0,3770.0,3715.0,3724.0,981517,1291599,,3741.0,3752.0,RB
94,RB2010,2020-07-29,3720.0,3776.0,3711.0,3766.0,856356,1318072,,3748.0,3741.0,RB
94,RB2010,2020-07-30,3768.0,3783.0,3750.0,3767.0,810172,1295074,,3765.0,3748.0,RB
94,RB2010,2020-07-31,3765.0,3780.0,3722.0,3777.0,1159218,1280611,,3758.0,3765.0,RB
94,RB2010,2020-08-03,3771.0,3845.0,3762.0,3836.0,1105480,1305441,,3811.0,3758.0,RB
94,RB2010,2020-08-04,3832.0,3857.0,3828.0,3840.0,704824,1275308,,3843.0,3811.0,RB
94,RB2010,2020-08-05,3835.0,3847.0,3804.0,3832.0,810005,1221511,,3828.0,3843.0,RB
94,RB2010,2020-08-06,3836.0,3879.0,3834.0,3858.0,1050458,1185585,,3855.0,3828.0,RB
94,RB2010,2020-08-07,3888.0,3888.0,3812.0,3832.0,942596,1137326,,3844.0,3855.0,RB
94,RB2010,2020-08-10,3830.0,3841.0,3805.0,3822.0,735550,1114052,,3821.0,3844.0,RB
94,RB2010,2020-08-11,3822.0,3851.0,3792.0,3795.0,881666,1064817,,3827.0,3821.0,RB
94,RB2010,2020-08-12,3795.0,3809.0,3780.0,3805.0,740132,1053986,,3794.0,3827.0,RB
94,RB2010,2020-08-13,3810.0,3817.0,3766.0,3791.0,820073,1023253,,3787.0,3794.0,RB
94,RB2010,2020-08-14,3790.0,3802.0,3772.0,3799.0,682535,1008694,,3786.0,3787.0,RB
94,RB2010,2020-08-17,3792.0,3840.0,3786.0,3832.0,747603,1008394,,3821.0,3786.0,RB
93,RB2010,2020-08-18,3832.0,3850.0,3824.0,3848.0,601564,973409,,3838.0,3821.0,RB
93,RB2010,2020-08-19,3840.0,3856.0,3792.0,3794.0,827835,909520,,3824.0,3838.0,RB
93,RB2010,2020-08-20,3794.0,3795.0,3755.0,3765.0,807143,832444,,3772.0,3824.0,RB
93,RB2010,2020-08-21,3765.0,3800.0,3764.0,3783.0,550678,779082,,3780.0,3772.0,RB
93,RB2010,2020-08-24,3775.0,3810.0,3775.0,3781.0,474701,740580,,3790.0,3780.0,RB
96,RB2101,2020-08-25,3743.0,3772.0,3702.0,3704.0,801876,919228,,3742.0,3735.0,RB
96,RB2101,2020-08-26,3705.0,3735.0,3687.0,3726.0,827155,994949,,3708.0,3742.0,RB
96,RB2101,2020-08-27,3734.0,3747.0,3702.0,3717.0,824348,1049757,,3725.0,3708.0,RB
96,RB2101,2020-08-28,3714.0,3734.0,3694.0,3734.0,772438,1061152,,3717.0,3725.0,RB
96,RB2101,2020-08-31,3730.0,3788.0,3721.0,3779.0,1012018,1116254,,3762.0,3717.0,RB
96,RB2101,2020-09-01,3775.0,3784.0,3766.0,3774.0,511516,1132903,,3774.0,3762.0,RB
96,RB2101,2020-09-02,3774.0,3787.0,3754.0,3778.0,813630,1140413,,3771.0,3774.0,RB
96,RB2101,2020-09-03,3777.0,3818.0,3776.0,3790.0,1087044,1196155,,3795.0,3771.0,RB
96,RB2101,2020-09-04,3792.0,3800.0,3730.0,3754.0,1059478,1143834,,3758.0,3795.0,RB
96,RB2101,2020-09-07,3755.0,3772.0,3724.0,3736.0,1083843,1139801,,3751.0,3758.0,RB
96,RB2101,2020-09-08,3741.0,3760.0,3718.0,3719.0,795130,1156745,,3741.0,3751.0,RB
96,RB2101,2020-09-09,3705.0,3730.0,3651.0,3658.0,1387574,1158237,,3699.0,3741.0,RB
96,RB2101,2020-09-10,3675.0,3684.0,3631.0,3640.0,1060684,1191514,,3660.0,3699.0,RB
96,RB2101,2020-09-11,3640.0,3669.0,3622.0,3665.0,883769,1197894,,3647.0,3660.0,RB
96,RB2101,2020-09-14,3678.0,3680.0,3642.0,3664.0,858379,1203687,,3661.0,3647.0,RB
96,RB2101,2020-09-15,3658.0,3686.0,3591.0,3592.0,1276034,1313209,,3640.0,3661.0,RB
95,RB2101,2020-09-16,3593.0,3613.0,3562.0,3575.0,1283808,1312799,,3587.0,3640.0,RB
95,RB2101,2020-09-17,3575.0,3598.0,3564.0,3577.0,1030993,1269749,,3580.0,3587.0,RB
95,RB2101,2020-09-18,3580.0,3617.0,3568.0,3603.0,994788,1244229,,3596.0,3580.0,RB
95,RB2101,2020-09-21,3596.0,3604.0,3524.0,3539.0,1188490,1290859,,3553.0,3596.0,RB
95,RB2101,2020-09-22,3541.0,3554.0,3503.0,3537.0,982249,1243030,,3536.0,3553.0,RB
95,RB2101,2020-09-23,3539.0,3560.0,3499.0,3542.0,1082034,1253222,,3531.0,3536.0,RB
95,RB2101,2020-09-24,3545.0,3563.0,3527.0,3552.0,944747,1235303,,3547.0,3531.0,RB
95,RB2101,2020-09-25,3552.0,3556.0,3520.0,3522.0,989538,1244934,,3537.0,3547.0,RB
95,RB2101,2020-09-28,3518.0,3551.0,3505.0,3540.0,1189331,1240732,,3531.0,3537.0,RB
95,RB2101,2020-09-29,3546.0,3548.0,3501.0,3536.0,1086275,1222678,,3520.0,3531.0,RB
95,RB2101,2020-09-30,3536.0,3570.0,3526.0,3560.0,1095792,1144068,,3553.0,3520.0,RB
95,RB2101,2020-10-09,3596.0,3643.0,3580.0,3633.0,807001,1143614,,3612.0,3553.0,RB
95,RB2101,2020-10-12,3636.0,3656.0,3627.0,3637.0,708985,1161498,,3637.0,3612.0,RB
95,RB2101,2020-10-13,3637.0,3646.0,3614.0,3628.0,764742,1147934,,3628.0,3637.0,RB
95,RB2101,2020-10-14,3625.0,3642.0,3606.0,3618.0,736791,1155045,,3622.0,3628.0,RB
95,RB2101,2020-10-15,3623.0,3628.0,3582.0,3612.0,955489,1163027,,3604.0,3622.0,RB
94,RB2101,2020-10-16,3603.0,3640.0,3592.0,3632.0,898244,1135625,,3613.0,3604.0,RB
94,RB2101,2020-10-19,3636.0,3664.0,3591.0,3611.0,1300997,1162179,,3627.0,3613.0,RB
94,RB2101,2020-10-20,3620.0,3630.0,3609.0,3616.0,590671,1139026,,3618.0,3627.0,RB
94,RB2101,2020-10-21,3616.0,3652.0,3613.0,3650.0,777874,1156504,,3632.0,3618.0,RB
94,RB2101,2020-10-22,3654.0,3671.0,3632.0,3642.0,875218,1128549,,3653.0,3632.0,RB
94,RB2101,2020-10-23,3641.0,3679.0,3615.0,3616.0,1129201,1149653,,3651.0,3653.0,RB
94,RB2101,2020-10-26,3621.0,3627.0,3600.0,3613.0,864064,1151314,,3613.0,3651.0,RB
94,RB2101,2020-10-27,3613.0,3626.0,3605.0,3616.0,538619,1139848,,3616.0,3613.0,RB
94,RB2101,2020-10-28,3620.0,3670.0,3615.0,3668.0,1189477,1135457,,3643.0,3616.0,RB
94,RB2101,2020-10-29,3652.0,3680.0,3645.0,3668.0,909215,1121275,,3662.0,3643.0,RB
94,RB2101,2020-10-30,3664.0,3714.0,3653.0,3702.0,1092653,1152712,,3687.0,3662.0,RB
94,RB2101,2020-11-02,3703.0,3721.0,3692.0,3719.0,730956,1159303,,3708.0,3687.0,RB
94,RB2101,2020-11-03,3720.0,3730.0,3706.0,3708.0,573928,1159598,,3716.0,3708.0,RB
94,RB2101,2020-11-04,3711.0,3762.0,3711.0,3753.0,945303,1211206,,3736.0,3716.0,RB
94,RB2101,2020-11-05,3760.0,3772.0,3735.0,3748.0,716180,1187604,,3754.0,3736.0,RB
94,RB2101,2020-11-06,3748.0,3790.0,3747.0,3782.0,690166,1235967,,3773.0,3754.0,RB
94,RB2101,2020-11-09,3791.0,3874.0,3787.0,3859.0,1021970,1219769,,3838.0,3773.0,RB
94,RB2101,2020-11-10,3875.0,3888.0,3818.0,3826.0,821818,1187661,,3848.0,3838.0,RB
94,RB2101,2020-11-11,3826.0,3858.0,3824.0,3843.0,560686,1175414,,3841.0,3848.0,RB
94,RB2101,2020-11-12,3838.0,3872.0,3812.0,3832.0,917453,1197561,,3840.0,3841.0,RB
94,RB2101,2020-11-13,3830.0,3848.0,3816.0,3840.0,677706,1192211,,3833.0,3840.0,RB
94,RB2101,2020-11-16,3840.0,3859.0,3810.0,3852.0,921326,1173230,,3836.0,3833.0,RB
93,RB2101,2020-11-17,3853.0,3920.0,3848.0,3919.0,1103475,1225098,,3889.0,3836.0,RB
93,RB2101,2020-11-18,3920.0,3928.0,3886.0,3907.0,663714,1191227,,3906.0,3889.0,RB
102,RB2101,2020-11-19,3906.0,3956.0,3906.0,3940.0,834183,1197284,,3935.0,3906.0,RB
102,RB2101,2020-11-20,3930.0,3980.0,3930.0,3977.0,698059,1209316,,3955.0,3935.0,RB
102,RB2101,2020-11-23,3981.0,4005.0,3903.0,3911.0,1290303,1076051,,3945.0,3955.0,RB
102,RB2101,2020-11-24,3911.0,3924.0,3895.0,3910.0,608878,1037906,,3913.0,3945.0,RB
102,RB2101,2020-11-25,3900.0,3913.0,3858.0,3865.0,1088059,977157,,3881.0,3913.0,RB
102,RB2101,2020-11-26,3855.0,3896.0,3855.0,3884.0,717036,912001,,3878.0,3881.0,RB
102,RB2101,2020-11-27,3884.0,3955.0,3882.0,3924.0,996601,912695,,3928.0,3878.0,RB
102,RB2101,2020-11-30,3924.0,3944.0,3889.0,3906.0,996077,792551,,3919.0,3928.0,RB
102,RB2101,2020-12-01,3900.0,3912.0,3872.0,3892.0,617798,744402,,3892.0,3919.0,RB
102,RB2101,2020-12-02,3891.0,3939.0,3887.0,3913.0,670259,710249,,3914.0,3892.0,RB
102,RB2101,2020-12-03,3910.0,3917.0,3865.0,3866.0,674327,681075,,3895.0,3914.0,RB
102,RB2101,2020-12-04,3868.0,3917.0,3831.0,3900.0,819351,624212,,3881.0,3895.0,RB
106,RB2105,2020-12-07,3817.0,3924.0,3815.0,3912.0,1093075,809777,,3874.0,3784.0,RB
106,RB2105,2020-12-08,3921.0,3951.0,3898.0,3914.0,1073612,894870,,3928.0,3874.0,RB
106,RB2105,2020-12-09,3904.0,3993.0,3893.0,3989.0,1260588,1021746,,3946.0,3928.0,RB
106,RB2105,2020-12-10,3995.0,4085.0,3988.0,4040.0,1735315,1005780,,4041.0,3946.0,RB
106,RB2105,2020-12-11,4045.0,4237.0,3998.0,4033.0,3301833,951089,,4108.0,4041.0,RB
106,RB2105,2020-12-14,4045.0,4080.0,3973.0,3988.0,1816593,969923,,4026.0,4108.0,RB
106,RB2105,2020-12-15,3988.0,4083.0,3964.0,4073.0,1673432,1031317,,4020.0,4026.0,RB
106,RB2105,2020-12-16,4085.0,4150.0,4068.0,4148.0,2078000,1100449,,4104.0,4020.0,RB
106,RB2105,2020-12-17,4155.0,4194.0,4129.0,4175.0,1784003,1117529,,4163.0,4104.0,RB
106,RB2105,2020-12-18,4185.0,4317.0,4174.0,4316.0,2335177,1183110,,4248.0,4163.0,RB
106,RB2105,2020-12-21,4314.0,4460.0,4272.0,4460.0,2287800,1168745,,4379.0,4248.0,RB
106,RB2105,2020-12-22,4470.0,4603.0,4344.0,4368.0,4335786,1073185,,4465.0,4379.0,RB
106,RB2105,2020-12-23,4381.0,4406.0,4241.0,4283.0,3592629,1077489,,4308.0,4465.0,RB
106,RB2105,2020-12-24,4283.0,4343.0,4258.0,4291.0,2500667,1140598,,4306.0,4308.0,RB
106,RB2105,2020-12-25,4278.0,4348.0,4209.0,4341.0,2903111,1194466,,4274.0,4306.0,RB
106,RB2105,2020-12-28,4340.0,4383.0,4228.0,4244.0,3061108,1175467,,4300.0,4274.0,RB
106,RB2105,2020-12-29,4256.0,4282.0,4206.0,4234.0,2825002,1177292,,4243.0,4300.0,RB
106,RB2105,2020-12-30,4250.0,4294.0,4179.0,4256.0,3668716,1183457,,4247.0,4243.0,RB
106,RB2105,2020-12-31,4256.0,4400.0,4247.0,4388.0,2649324,1217327,,4306.0,4247.0,RB
106,RB2105,2021-01-04,4354.0,4407.0,4307.0,4383.0,1420698,1220915,,4346.0,4306.0,RB
106,RB2105,2021-01-05,4388.0,4426.0,4359.0,4397.0,1578335,1257064,,4391.0,4346.0,RB
106,RB2105,2021-01-06,4400.0,4447.0,4315.0,4377.0,2154746,1236056,,4381.0,4391.0,RB
106,RB2105,2021-01-07,4377.0,4473.0,4363.0,4455.0,2098980,1313573,,4411.0,4381.0,RB
106,RB2105,2021-01-08,4455.0,4511.0,4435.0,4487.0,2047522,1321813,,4473.0,4411.0,RB
106,RB2105,2021-01-11,4495.0,4500.0,4331.0,4348.0,2787680,1247798,,4404.0,4473.0,RB
106,RB2105,2021-01-12,4349.0,4355.0,4262.0,4327.0,2163248,1193034,,4304.0,4404.0,RB
106,RB2105,2021-01-13,4320.0,4328.0,4253.0,4293.0,1917584,1178576,,4292.0,4304.0,RB
106,RB2105,2021-01-14,4289.0,4304.0,4251.0,4294.0,1497549,1169652,,4281.0,4292.0,RB
106,RB2105,2021-01-15,4305.0,4412.0,4301.0,4360.0,2117861,1265904,,4368.0,4281.0,RB
106,RB2105,2021-01-18,4370.0,4400.0,4334.0,4392.0,1547808,1273675,,4373.0,4368.0,RB
106,RB2105,2021-01-19,4392.0,4392.0,4282.0,4288.0,1908555,1246331,,4329.0,4373.0,RB
106,RB2105,2021-01-20,4290.0,4325.0,4267.0,4310.0,1485631,1249904,,4295.0,4329.0,RB
106,RB2105,2021-01-21,4310.0,4384.0,4270.0,4369.0,2077734,1304359,,4320.0,4295.0,RB
106,RB2105,2021-01-22,4367.0,4387.0,4280.0,4294.0,1858367,1236925,,4332.0,4320.0,RB
106,RB2105,2021-01-25,4280.0,4352.0,4245.0,4321.0,2167772,1243903,,4299.0,4332.0,RB
106,RB2105,2021-01-26,4320.0,4362.0,4296.0,4303.0,1609339,1266940,,4325.0,4299.0,RB
106,RB2105,2021-01-27,4314.0,4398.0,4291.0,4385.0,1878084,1348252,,4349.0,4325.0,RB
106,RB2105,2021-01-28,4373.0,4381.0,4275.0,4275.0,2052146,1192387,,4327.0,4349.0,RB
106,RB2105,2021-01-29,4265.0,4307.0,4219.0,4267.0,1893215,1173970,,4270.0,4327.0,RB
106,RB2105,2021-02-01,4273.0,4303.0,4211.0,4221.0,1588518,1215897,,4248.0,4270.0,RB
106,RB2105,2021-02-02,4225.0,4242.0,4128.0,4154.0,1868757,1272168,,4184.0,4248.0,RB
106,RB2105,2021-02-03,4162.0,4200.0,4132.0,4175.0,1400700,1238189,,4165.0,4184.0,RB
106,RB2105,2021-02-04,4181.0,4249.0,4172.0,4246.0,1474021,1174941,,4216.0,4165.0,RB
106,RB2105,2021-02-05,4243.0,4292.0,4226.0,4285.0,1312422,1130483,,4258.0,4216.0,RB
106,RB2105,2021-02-08,4291.0,4361.0,4267.0,4335.0,1238633,1134679,,4320.0,4258.0,RB
106,RB2105,2021-02-09,4335.0,4420.0,4323.0,4420.0,1047598,1150440,,4370.0,4320.0,RB
106,RB2105,2021-02-10,4415.0,4415.0,4351.0,4404.0,898635,1094782,,4386.0,4370.0,RB
106,RB2105,2021-02-18,4486.0,4547.0,4468.0,4529.0,978913,1181090,,4511.0,4386.0,RB
106,RB2105,2021-02-19,4531.0,4588.0,4479.0,4524.0,1503027,1209469,,4532.0,4511.0,RB
106,RB2105,2021-02-22,4524.0,4676.0,4488.0,4582.0,2081968,1205401,,4584.0,4532.0,RB
106,RB2105,2021-02-23,4565.0,4628.0,4535.0,4552.0,1457647,1213858,,4581.0,4584.0,RB
106,RB2105,2021-02-24,4550.0,4619.0,4514.0,4618.0,1638383,1252201,,4571.0,4581.0,RB
106,RB2105,2021-02-25,4615.0,4746.0,4612.0,4686.0,2078722,1264478,,4673.0,4571.0,RB
106,RB2105,2021-02-26,4681.0,4725.0,4610.0,4677.0,1814382,1259695,,4671.0,4673.0,RB
106,RB2105,2021-03-01,4655.0,4704.0,4601.0,4639.0,2141292,1207873,,4647.0,4671.0,RB
106,RB2105,2021-03-02,4639.0,4733.0,4620.0,4732.0,2176669,1277277,,4662.0,4647.0,RB
106,RB2105,2021-03-03,4782.0,4924.0,4761.0,4842.0,3010753,1265923,,4844.0,4662.0,RB
106,RB2105,2021-03-04,4844.0,4887.0,4822.0,4849.0,1756663,1233841,,4848.0,4844.0,RB
106,RB2105,2021-03-05,4822.0,4822.0,4633.0,4696.0,2869471,1097841,,4718.0,4848.0,RB
106,RB2105,2021-03-08,4701.0,4850.0,4701.0,4752.0,1947568,1105484,,4779.0,4718.0,RB
106,RB2105,2021-03-09,4752.0,4796.0,4575.0,4592.0,2416092,1072298,,4712.0,4779.0,RB
106,RB2105,2021-03-10,4616.0,4636.0,4558.0,4589.0,1983047,1061406,,4597.0,4712.0,RB
106,RB2105,2021-03-11,4608.0,4704.0,4504.0,4687.0,2479092,1065287,,4594.0,4597.0,RB
106,RB2105,2021-03-12,4729.0,4828.0,4698.0,4729.0,2730355,1053642,,4757.0,4594.0,RB
106,RB2105,2021-03-15,4729.0,4790.0,4670.0,4787.0,2242762,1050050,,4723.0,4757.0,RB
105,RB2105,2021-03-16,4788.0,4798.0,4658.0,4701.0,2297261,983475,,4735.0,4723.0,RB
105,RB2105,2021-03-17,4689.0,4794.0,4666.0,4785.0,1886315,1040308,,4738.0,4735.0,RB
105,RB2105,2021-03-18,4781.0,4821.0,4728.0,4759.0,2285393,995590,,4781.0,4738.0,RB
105,RB2105,2021-03-19,4741.0,4805.0,4721.0,4746.0,2295850,966527,,4769.0,4781.0,RB
105,RB2105,2021-03-22,4764.0,4903.0,4739.0,4763.0,2913208,984310,,4800.0,4769.0,RB
105,RB2105,2021-03-23,4763.0,4779.0,4643.0,4715.0,2558890,957353,,4716.0,4800.0,RB
105,RB2105,2021-03-24,4703.0,4819.0,4657.0,4816.0,2385637,996558,,4733.0,4716.0,RB
105,RB2105,2021-03-25,4818.0,4843.0,4776.0,4795.0,1886984,937529,,4802.0,4733.0,RB
105,RB2105,2021-03-26,4789.0,4943.0,4765.0,4934.0,2129811,1038295,,4847.0,4802.0,RB
105,RB2105,2021-03-29,4946.0,5017.0,4920.0,4971.0,2487470,978227,,4971.0,4847.0,RB
105,RB2105,2021-03-30,4976.0,4995.0,4937.0,4964.0,1567060,859089,,4967.0,4971.0,RB
105,RB2105,2021-03-31,4955.0,5032.0,4910.0,4935.0,2185356,754275,,4956.0,4967.0,RB
105,RB2105,2021-04-01,4941.0,5042.0,4904.0,5003.0,1382277,751539,,4973.0,4956.0,RB
105,RB2105,2021-04-02,5030.0,5160.0,5011.0,5157.0,1629759,714857,,5076.0,4973.0,RB
110,RB2110,2021-04-06,5135.0,5166.0,5103.0,5147.0,1058142,1131494,,5139.0,5036.0,RB
110,RB2110,2021-04-07,5147.0,5178.0,5057.0,5117.0,2433589,1205671,,5127.0,5139.0,RB
110,RB2110,2021-04-08,5110.0,5164.0,5056.0,5115.0,2308312,1288163,,5108.0,5127.0,RB
110,RB2110,2021-04-09,5125.0,5147.0,5041.0,5068.0,2261562,1259830,,5086.0,5108.0,RB
110,RB2110,2021-04-12,5066.0,5096.0,4937.0,4985.0,2901094,1182927,,4998.0,5086.0,RB
110,RB2110,2021-04-13,4992.0,5125.0,4985.0,5116.0,2265296,1298437,,5062.0,4998.0,RB
110,RB2110,2021-04-14,5151.0,5175.0,5096.0,5116.0,1968178,1344602,,5131.0,5062.0,RB
110,RB2110,2021-04-15,5129.0,5165.0,5087.0,5107.0,2177858,1334526,,5123.0,5131.0,RB
109,RB2110,2021-04-16,5110.0,5195.0,5086.0,5116.0,2920906,1324562,,5131.0,5123.0,RB
109,RB2110,2021-04-19,5122.0,5143.0,5058.0,5082.0,2509136,1317620,,5105.0,5131.0,RB
109,RB2110,2021-04-20,5091.0,5171.0,5070.0,5165.0,2137195,1425052,,5114.0,5105.0,RB
109,RB2110,2021-04-21,5158.0,5189.0,5125.0,5188.0,2026507,1488550,,5158.0,5114.0,RB
109,RB2110,2021-04-22,5195.0,5238.0,5175.0,5208.0,2569897,1500543,,5212.0,5158.0,RB
109,RB2110,2021-04-23,5225.0,5300.0,5205.0,5299.0,2115301,1629094,,5248.0,5212.0,RB
109,RB2110,2021-04-26,5300.0,5475.0,5292.0,5371.0,3320401,1600371,,5382.0,5248.0,RB
109,RB2110,2021-04-27,5362.0,5424.0,5362.0,5411.0,1552404,1602700,,5396.0,5382.0,RB
109,RB2110,2021-04-28,5411.0,5422.0,5308.0,5358.0,2425402,1526948,,5348.0,5396.0,RB
109,RB2110,2021-04-29,5329.0,5475.0,5317.0,5452.0,2790743,1626091,,5413.0,5348.0,RB
109,RB2110,2021-04-30,5464.0,5487.0,5354.0,5391.0,2380525,1510979,,5418.0,5413.0,RB
109,RB2110,2021-05-06,5520.0,5672.0,5520.0,5665.0,1811309,1567670,,5614.0,5418.0,RB
109,RB2110,2021-05-07,5669.0,5698.0,5641.0,5678.0,1754729,1533792,,5672.0,5614.0,RB
109,RB2110,2021-05-10,5677.0,6012.0,5643.0,6012.0,2039444,1386351,,5819.0,5672.0,RB
109,RB2110,2021-05-11,6113.0,6208.0,5905.0,6086.0,4185301,1232769,,6041.0,5819.0,RB
109,RB2110,2021-05-12,6080.0,6200.0,5985.0,6171.0,2754563,1276377,,6093.0,6041.0,RB
109,RB2110,2021-05-13,6094.0,6166.0,5800.0,5915.0,4057849,1198382,,6000.0,6093.0,RB
109,RB2110,2021-05-14,5885.0,5900.0,5640.0,5641.0,3135973,1147877,,5761.0,6000.0,RB
109,RB2110,2021-05-17,5680.0,5711.0,5509.0,5596.0,3355072,1156107,,5620.0,5761.0,RB
108,RB2110,2021-05-18,5599.0,5680.0,5575.0,5610.0,1901897,1174025,,5621.0,5620.0,RB
108,RB2110,2021-05-19,5599.0,5600.0,5287.0,5309.0,3005705,1209679,,5444.0,5621.0,RB
108,RB2110,2021-05-20,5200.0,5274.0,5010.0,5186.0,3714645,1162027,,5150.0,5444.0,RB
108,RB2110,2021-05-21,5187.0,5238.0,5101.0,5112.0,2283610,1133681,,5158.0,5150.0,RB
108,RB2110,2021-05-24,5100.0,5125.0,4807.0,4974.0,4036879,1172165,,4953.0,5158.0,RB
108,RB2110,2021-05-25,4976.0,5025.0,4901.0,4919.0,2456109,1169779,,4966.0,4953.0,RB
108,RB2110,2021-05-26,4888.0,4903.0,4661.0,4667.0,3630128,1292360,,4806.0,4966.0,RB
108,RB2110,2021-05-27,4647.0,4848.0,4626.0,4817.0,3189226,1177353,,4740.0,4806.0,RB
108,RB2110,2021-05-28,4845.0,5004.0,4821.0,4933.0,3430514,1149584,,4907.0,4740.0,RB
108,RB2110,2021-05-31,4910.0,5149.0,4887.0,5027.0,3595560,1096371,,5030.0,4907.0,RB
108,RB2110,2021-06-01,4972.0,5133.0,4850.0,5128.0,3394168,1076347,,4977.0,5030.0,RB
108,RB2110,2021-06-02,5115.0,5147.0,4976.0,5002.0,2536533,1065129,,5061.0,4977.0,RB
108,RB2110,2021-06-03,4981.0,5188.0,4970.0,5148.0,2797515,1102969,,5090.0,5061.0,RB
108,RB2110,2021-06-04,5160.0,5275.0,5094.0,5159.0,3095791,1166188,,5175.0,5090.0,RB
108,RB2110,2021-06-07,5175.0,5217.0,4955.0,4959.0,2495752,1191217,,5093.0,5175.0,RB
108,RB2110,2021-06-08,4950.0,5020.0,4903.0,5004.0,2189390,1159547,,4970.0,5093.0,RB
108,RB2110,2021-06-09,5004.0,5100.0,4977.0,5035.0,1898245,1115774,,5033.0,4970.0,RB
108,RB2110,2021-06-10,5040.0,5202.0,5037.0,5168.0,2386753,1282413,,5130.0,5033.0,RB
108,RB2110,2021-06-11,5191.0,5330.0,5185.0,5322.0,2032513,1210229,,5245.0,5130.0,RB
108,RB2110,2021-06-15,5200.0,5228.0,5110.0,5168.0,1761824,1135776,,5165.0,5245.0,RB
107,RB2110,2021-06-16,5169.0,5185.0,4996.0,5014.0,1966255,1158196,,5088.0,5165.0,RB
107,RB2110,2021-06-17,5007.0,5118.0,4973.0,5101.0,2171848,1160418,,5053.0,5088.0,RB
107,RB2110,2021-06-18,5090.0,5177.0,5015.0,5061.0,2683467,1162139,,5104.0,5053.0,RB
107,RB2110,2021-06-21,5063.0,5086.0,4885.0,4889.0,2277214,1234883,,4991.0,5104.0,RB
107,RB2110,2021-06-22,4861.0,4910.0,4820.0,4885.0,1830478,1239361,,4864.0,4991.0,RB
107,RB2110,2021-06-23,4875.0,4975.0,4846.0,4934.0,1936375,1245383,,4901.0,4864.0,RB
107,RB2110,2021-06-24,4951.0,5022.0,4911.0,4933.0,1770624,1190672,,4976.0,4901.0,RB
107,RB2110,2021-06-25,4955.0,5087.0,4941.0,5066.0,1774404,1173304,,5021.0,4976.0,RB
107,RB2110,2021-06-28,5077.0,5100.0,5005.0,5070.0,1619350,1172323,,5061.0,5021.0,RB
107,RB2110,2021-06-29,5100.0,5170.0,5031.0,5036.0,1737958,1176537,,5103.0,5061.0,RB
107,RB2110,2021-06-30,5085.0,5151.0,5057.0,5147.0,1434058,1219369,,5107.0,5103.0,RB
107,RB2110,2021-07-01,5156.0,5198.0,5113.0,5146.0,1419832,1229702,,5156.0,5107.0,RB
107,RB2110,2021-07-02,5156.0,5180.0,5068.0,5124.0,1643131,1197107,,5115.0,5156.0,RB
107,RB2110,2021-07-05,5115.0,5226.0,5076.0,5222.0,1600989,1305433,,5153.0,5115.0,RB
107,RB2110,2021-07-06,5230.0,5305.0,5220.0,5304.0,1395330,1353475,,5263.0,5153.0,RB
107,RB2110,2021-07-07,5312.0,5440.0,5255.0,5439.0,1950730,1521265,,5340.0,5263.0,RB
107,RB2110,2021-07-08,5459.0,5474.0,5356.0,5393.0,1871636,1519485,,5410.0,5340.0,RB
107,RB2110,2021-07-09,5368.0,5438.0,5280.0,5428.0,2140769,1536789,,5356.0,5410.0,RB
107,RB2110,2021-07-12,5475.0,5532.0,5417.0,5432.0,1828594,1482566,,5465.0,5356.0,RB
107,RB2110,2021-07-13,5415.0,5460.0,5381.0,5458.0,1516791,1440842,,5425.0,5465.0,RB
107,RB2110,2021-07-14,5458.0,5580.0,5440.0,5580.0,1695714,1467966,,5498.0,5425.0,RB
107,RB2110,2021-07-15,5568.0,5597.0,5501.0,5546.0,1584452,1397291,,5546.0,5498.0,RB
106,RB2110,2021-07-16,5540.0,5579.0,5440.0,5559.0,1865007,1395450,,5525.0,5546.0,RB
106,RB2110,2021-07-19,5580.0,5650.0,5565.0,5568.0,1558355,1380402,,5612.0,5525.0,RB
106,RB2110,2021-07-20,5528.0,5635.0,5467.0,5601.0,1672424,1399389,,5546.0,5612.0,RB
106,RB2110,2021-07-21,5609.0,5648.0,5522.0,5561.0,1399698,1372989,,5587.0,5546.0,RB
106,RB2110,2021-07-22,5550.0,5660.0,5481.0,5648.0,2184004,1435425,,5549.0,5587.0,RB
106,RB2110,2021-07-23,5665.0,5693.0,5626.0,5671.0,1166075,1365691,,5662.0,5549.0,RB
106,RB2110,2021-07-26,5660.0,5756.0,5622.0,5687.0,1497934,1338751,,5687.0,5662.0,RB
106,RB2110,2021-07-27,5680.0,5750.0,5581.0,5613.0,1464049,1292319,,5675.0,5687.0,RB
106,RB2110,2021-07-28,5599.0,5705.0,5585.0,5658.0,1300624,1261899,7340606.059,5643.0,5675.0,RB
106,RB2110,2021-07-29,5660.0,5770.0,5628.0,5753.0,1209958,1271187,6874140.752,5681.0,5643.0,RB
106,RB2110,2021-07-30,5763.0,5793.0,5669.0,5737.0,1597844,1246720,9159346.657,5732.0,5681.0,RB
106,RB2110,2021-08-02,5683.0,5685.0,5367.0,5414.0,2747833,1158574,15106840.868,5497.0,5732.0,RB
106,RB2110,2021-08-03,5401.0,5418.0,5238.0,5247.0,1789543,1067241,9525777.223,5323.0,5497.0,RB
106,RB2110,2021-08-04,5218.0,5463.0,5218.0,5454.0,1813894,1018127,9722239.878,5359.0,5323.0,RB
106,RB2110,2021-08-05,5454.0,5496.0,5366.0,5373.0,1588552,948427,8627804.492,5431.0,5359.0,RB
106,RB2110,2021-08-06,5360.0,5445.0,5318.0,5379.0,1239190,892240,6664905.856,5378.0,5431.0,RB
106,RB2110,2021-08-09,5370.0,5389.0,5261.0,5330.0,1257656,866210,6707352.864,5333.0,5378.0,RB
109,RB2201,2021-08-10,5373.0,5501.0,5357.0,5497.0,1128567,828255,6124550.343,5426.0,5345.0,RB
109,RB2201,2021-08-11,5500.0,5600.0,5496.0,5597.0,1296964,961520,7206078.831,5556.0,5426.0,RB
109,RB2201,2021-08-12,5560.0,5589.0,5441.0,5442.0,1676951,1030048,9275849.856,5531.0,5556.0,RB
109,RB2201,2021-08-13,5438.0,5502.0,5386.0,5482.0,1791658,1066680,9751330.752,5442.0,5531.0,RB
109,RB2201,2021-08-16,5476.0,5498.0,5290.0,5328.0,2471691,1108556,13324031.742,5390.0,5442.0,RB
108,RB2201,2021-08-17,5308.0,5383.0,5288.0,5345.0,1524396,1123010,8143381.004,5342.0,5390.0,RB
108,RB2201,2021-08-18,5344.0,5363.0,5121.0,5144.0,2805129,1240085,14641645.39,5219.0,5342.0,RB
108,RB2201,2021-08-19,5100.0,5126.0,4925.0,5017.0,3342898,1252525,16774070.126,5017.0,5219.0,RB
108,RB2201,2021-08-20,4950.0,5125.0,4890.0,5100.0,2624847,1264779,13187236.331,5024.0,5017.0,RB
108,RB2201,2021-08-23,5104.0,5167.0,5063.0,5102.0,2370091,1232528,12118907.602,5113.0,5024.0,RB
108,RB2201,2021-08-24,5139.0,5241.0,5109.0,5235.0,2174181,1187775,11286384.664,5191.0,5113.0,RB
108,RB2201,2021-08-25,5239.0,5279.0,5206.0,5236.0,1836224,1134685,9623387.37,5240.0,5191.0,RB
108,RB2201,2021-08-26,5220.0,5285.0,5104.0,5108.0,2386747,1131537,12452099.009,5217.0,5240.0,RB
108,RB2201,2021-08-27,5095.0,5238.0,5068.0,5222.0,2267319,1124900,11674045.604,5148.0,5217.0,RB
108,RB2201,2021-08-30,5242.0,5374.0,5184.0,5354.0,2179722,1149924,11533816.257,5291.0,5148.0,RB
108,RB2201,2021-08-31,5361.0,5377.0,5287.0,5308.0,1796956,1158510,9586527.711,5334.0,5291.0,RB
108,RB2201,2021-09-01,5298.0,5314.0,5197.0,5242.0,2267865,1178109,11935683.514,5262.0,5334.0,RB
108,RB2201,2021-09-02,5245.0,5348.0,5215.0,5273.0,2821134,1147372,14904693.225,5283.0,5262.0,RB
108,RB2201,2021-09-03,5265.0,5449.0,5243.0,5408.0,2450687,1224178,13187788.628,5381.0,5283.0,RB
108,RB2201,2021-09-06,5419.0,5495.0,5370.0,5473.0,2273077,1261350,12336789.592,5427.0,5381.0,RB
108,RB2201,2021-09-07,5480.0,5556.0,5463.0,5494.0,1962909,1248290,10805297.835,5504.0,5427.0,RB
108,RB2201,2021-09-08,5481.0,5488.0,5400.0,5452.0,2116290,1211136,11511616.862,5439.0,5504.0,RB
108,RB2201,2021-09-09,5473.0,5693.0,5460.0,5682.0,2675888,1402569,14899032.971,5567.0,5439.0,RB
108,RB2201,2021-09-10,5712.0,5731.0,5606.0,5640.0,2212851,1440779,12559086.085,5675.0,5567.0,RB
108,RB2201,2021-09-13,5640.0,5763.0,5622.0,5642.0,2099548,1479218,11948001.126,5690.0,5675.0,RB
108,RB2201,2021-09-14,5660.0,5680.0,5486.0,5492.0,2877975,1378900,16111600.26,5598.0,5690.0,RB
108,RB2201,2021-09-15,5498.0,5581.0,5417.0,5518.0,2972222,1345649,16334718.324,5495.0,5598.0,RB
107,RB2201,2021-09-16,5550.0,5685.0,5531.0,5541.0,2833032,1342319,15876817.178,5604.0,5495.0,RB
107,RB2201,2021-09-17,5557.0,5588.0,5423.0,5478.0,2983056,1195609,16393196.036,5495.0,5604.0,RB
107,RB2201,2021-09-22,5500.0,5660.0,5457.0,5656.0,1948123,1264601,10777089.46,5532.0,5495.0,RB
107,RB2201,2021-09-23,5651.0,5688.0,5563.0,5605.0,2312905,1300291,13016942.554,5627.0,5532.0,RB
107,RB2201,2021-09-24,5589.0,5596.0,5441.0,5468.0,2579122,1226142,14214018.275,5511.0,5627.0,RB
107,RB2201,2021-09-27,5460.0,5600.0,5384.0,5564.0,2602380,1208773,14325997.606,5504.0,5511.0,RB
107,RB2201,2021-09-28,5579.0,5640.0,5548.0,5634.0,1931458,1215932,10810931.986,5597.0,5504.0,RB
107,RB2201,2021-09-29,5638.0,5700.0,5581.0,5657.0,1890899,1191708,10667842.592,5641.0,5597.0,RB
107,RB2201,2021-09-30,5635.0,5730.0,5585.0,5706.0,1968234,1172256,11119766.21,5649.0,5641.0,RB
107,RB2201,2021-10-08,5775.0,5843.0,5701.0,5750.0,1384149,1207041,7980824.65,5765.0,5649.0,RB
107,RB2201,2021-10-11,5759.0,5870.0,5738.0,5808.0,2233485,1345601,12972257.669,5808.0,5765.0,RB
107,RB2201,2021-10-12,5803.0,5812.0,5553.0,5562.0,2862726,1304162,16284945.359,5688.0,5808.0,RB
107,RB2201,2021-10-13,5534.0,5566.0,5267.0,5421.0,3359719,1221213,18391396.143,5474.0,5688.0,RB
107,RB2201,2021-10-14,5423.0,5542.0,5388.0,5465.0,2036258,1212392,11121873.808,5461.0,5474.0,RB
107,RB2201,2021-10-15,5470.0,5552.0,5425.0,5515.0,1740063,1168438,9550343.568,5488.0,5461.0,RB
106,RB2201,2021-10-18,5515.0,5532.0,5311.0,5422.0,2607810,1167686,14146304.748,5424.0,5488.0,RB
106,RB2201,2021-10-19,5411.0,5570.0,5381.0,5546.0,2123050,1143027,11596094.926,5461.0,5424.0,RB
106,RB2201,2021-10-20,5525.0,5537.0,5302.0,5304.0,2902835,1145737,15704277.862,5409.0,5461.0,RB
106,RB2201,2021-10-21,5296.0,5390.0,4976.0,4976.0,3829430,1290481,20080186.802,5243.0,5409.0,RB
106,RB2201,2021-10-22,4976.0,5025.0,4757.0,4900.0,4372677,1299617,21457341.055,4907.0,5243.0,RB
106,RB2201,2021-10-25,4914.0,4956.0,4820.0,4825.0,3072872,1370440,15024710.109,4889.0,4907.0,RB
106,RB2201,2021-10-26,4830.0,4946.0,4778.0,4917.0,2990021,1356528,14541955.766,4863.0,4889.0,RB
106,RB2201,2021-10-27,4940.0,4977.0,4624.0,4655.0,4087900,1371298,19514803.138,4773.0,4863.0,RB
106,RB2201,2021-10-28,4620.0,4864.0,4464.0,4712.0,5031704,1280885,23194408.821,4609.0,4773.0,RB
106,RB2201,2021-10-29,4712.0,4793.0,4576.0,4646.0,3331332,1294160,15626728.558,4690.0,4609.0,RB
106,RB2201,2021-11-01,4630.0,4707.0,4477.0,4509.0,2933969,1387410,13491263.649,4598.0,4690.0,RB
106,RB2201,2021-11-02,4499.0,4556.0,4230.0,4230.0,3825062,1378300,16786684.854,4388.0,4598.0,RB
106,RB2201,2021-11-03,4250.0,4444.0,4233.0,4385.0,3354919,1334316,14530497.99,4331.0,4388.0,RB
106,RB2201,2021-11-04,4398.0,4413.0,4142.0,4226.0,3459112,1396426,14779724.986,4272.0,4331.0,RB
106,RB2201,2021-11-05,4238.0,4305.0,4122.0,4247.0,3131361,1315842,13158455.185,4202.0,4272.0,RB
106,RB2201,2021-11-08,4255.0,4397.0,4215.0,4312.0,2993817,1275004,12832000.161,4286.0,4202.0,RB
106,RB2201,2021-11-09,4290.0,4359.0,4226.0,4257.0,2794490,1274301,12009022.698,4297.0,4286.0,RB
106,RB2201,2021-11-10,4219.0,4254.0,4026.0,4246.0,3963513,1189585,16394274.363,4136.0,4297.0,RB
106,RB2201,2021-11-11,4275.0,4466.0,4236.0,4443.0,3680862,1111300,16008078.098,4349.0,4136.0,RB
106,RB2201,2021-11-12,4425.0,4428.0,4246.0,4249.0,3441240,1136389,14918678.886,4335.0,4349.0,RB
106,RB2201,2021-11-15,4195.0,4255.0,4125.0,4138.0,3659782,1186129,15338441.627,4191.0,4335.0,RB
105,RB2201,2021-11-16,4153.0,4285.0,4120.0,4128.0,3126442,1175588,13109411.25,4193.0,4191.0,RB
105,RB2201,2021-11-17,4128.0,4226.0,4107.0,4216.0,3162586,1099110,13193924.477,4171.0,4193.0,RB
105,RB2201,2021-11-18,4211.0,4237.0,4149.0,4169.0,2767255,1047299,11610890.156,4195.0,4171.0,RB
105,RB2201,2021-11-19,4160.0,4322.0,4113.0,4285.0,3324420,1020098,13977355.82,4204.0,4195.0,RB
105,RB2201,2021-11-22,4250.0,4385.0,4231.0,4300.0,2618633,993798,11311640.687,4319.0,4204.0,RB
105,RB2201,2021-11-23,4300.0,4444.0,4254.0,4315.0,2505650,940832,10927497.363,4361.0,4319.0,RB
105,RB2201,2021-11-24,4315.0,4513.0,4315.0,4502.0,2279227,882801,10105034.093,4433.0,4361.0,RB
109,RB2205,2021-11-25,4239.0,4288.0,4214.0,4255.0,1901062,1544047,8082288.336,4251.0,4149.0,RB
109,RB2205,2021-11-26,4248.0,4255.0,4100.0,4104.0,2459199,1738317,10289746.512,4184.0,4251.0,RB
109,RB2205,2021-11-29,4055.0,4196.0,4050.0,4145.0,2083315,1696796,8600525.875,4128.0,4184.0,RB
109,RB2205,2021-11-30,4160.0,4203.0,4078.0,4163.0,2102255,1772171,8707319.041,4141.0,4128.0,RB
109,RB2205,2021-12-01,4165.0,4315.0,4163.0,4306.0,2311658,1801517,9783485.978,4232.0,4141.0,RB
109,RB2205,2021-12-02,4315.0,4370.0,4225.0,4288.0,2487761,1834627,10689116.757,4296.0,4232.0,RB
109,RB2205,2021-12-03,4290.0,4386.0,4275.0,4384.0,2352415,1863221,10190478.569,4331.0,4296.0,RB
109,RB2205,2021-12-06,4408.0,4449.0,4334.0,4359.0,2090706,1874956,9185222.461,4393.0,4331.0,RB
109,RB2205,2021-12-07,4384.0,4496.0,4373.0,4450.0,2256706,1868456,10018396.783,4439.0,4393.0,RB
109,RB2205,2021-12-08,4464.0,4478.0,4346.0,4350.0,2415138,1967774,10685682.199,4424.0,4439.0,RB
109,RB2205,2021-12-09,4338.0,4396.0,4271.0,4293.0,2557982,1973781,11084703.33,4333.0,4424.0,RB
109,RB2205,2021-12-10,4279.0,4345.0,4264.0,4322.0,2020021,1934030,8700528.528,4307.0,4333.0,RB
109,RB2205,2021-12-13,4322.0,4417.0,4280.0,4415.0,2231172,1988270,9698896.612,4346.0,4307.0,RB
109,RB2205,2021-12-14,4413.0,4429.0,4352.0,4382.0,1646029,1920239,7233286.859,4394.0,4346.0,RB
109,RB2205,2021-12-15,4383.0,4468.0,4368.0,4441.0,1906505,2010408,8429148.58,4421.0,4394.0,RB
108,RB2205,2021-12-16,4436.0,4534.0,4428.0,4529.0,1654291,2014297,7406356.558,4477.0,4421.0,RB
108,RB2205,2021-12-17,4529.0,4563.0,4484.0,4505.0,1582890,1995458,7157722.614,4521.0,4477.0,RB
108,RB2205,2021-12-20,4498.0,4595.0,4469.0,4475.0,2010427,1997807,9121453.343,4537.0,4521.0,RB
108,RB2205,2021-12-21,4485.0,4523.0,4444.0,4473.0,1935240,1967053,8671228.363,4480.0,4537.0,RB
108,RB2205,2021-12-22,4480.0,4498.0,4412.0,4438.0,1709898,1956678,7616052.778,4454.0,4480.0,RB
108,RB2205,2021-12-23,4429.0,4488.0,4403.0,4479.0,1753140,1992623,7802305.293,4450.0,4454.0,RB
108,RB2205,2021-12-24,4481.0,4545.0,4479.0,4519.0,1613379,2002893,7282712.851,4513.0,4450.0,RB
108,RB2205,2021-12-27,4510.0,4523.0,4292.0,4307.0,2238448,2074674,9819075.725,4386.0,4513.0,RB
108,RB2205,2021-12-28,4318.0,4353.0,4301.0,4319.0,1593516,1985941,6896259.031,4327.0,4386.0,RB
108,RB2205,2021-12-29,4319.0,4346.0,4270.0,4315.0,1728554,1972822,7445575.399,4307.0,4327.0,RB
108,RB2205,2021-12-30,4321.0,4368.0,4265.0,4282.0,1916411,1967818,8279776.179,4320.0,4307.0,RB
108,RB2205,2021-12-31,4282.0,4348.0,4267.0,4315.0,1446800,1877654,6223442.468,4301.0,4320.0,RB
108,RB2205,2022-01-04,4302.0,4398.0,4291.0,4395.0,1184617,1904095,5157583.608,4353.0,4301.0,RB
108,RB2205,2022-01-05,4400.0,4449.0,4385.0,4444.0,1277992,1903328,5651669.497,4422.0,4353.0,RB
108,RB2205,2022-01-06,4452.0,4505.0,4430.0,4494.0,1422849,1935095,6361978.622,4471.0,4422.0,RB
108,RB2205,2022-01-07,4495.0,4530.0,4455.0,4526.0,1285819,1916326,5771502.655,4488.0,4471.0,RB
108,RB2205,2022-01-10,4525.0,4537.0,4463.0,4492.0,1133370,1890745,5100084.795,4499.0,4488.0,RB
108,RB2205,2022-01-11,4500.0,4590.0,4481.0,4589.0,1581977,2014725,7161614.719,4527.0,4499.0,RB
108,RB2205,2022-01-12,4590.0,4634.0,4570.0,4632.0,1065702,1984861,4903652.78,4601.0,4527.0,RB
108,RB2205,2022-01-13,4632.0,4701.0,4629.0,4633.0,1371509,1991671,6398487.507,4665.0,4601.0,RB
108,RB2205,2022-01-14,4625.0,4679.0,4606.0,4664.0,1153063,1945448,5359755.307,4648.0,4665.0,RB
108,RB2205,2022-01-17,4670.0,4690.0,4520.0,4553.0,1781730,1927580,8173119.315,4587.0,4648.0,RB
107,RB2205,2022-01-18,4547.0,4619.0,4537.0,4599.0,1066625,1873336,4880311.05,4575.0,4587.0,RB
107,RB2205,2022-01-19,4630.0,4744.0,4627.0,4713.0,1617199,1932904,7599109.708,4698.0,4575.0,RB
107,RB2205,2022-01-20,4718.0,4742.0,4675.0,4713.0,1170056,1908425,5507415.414,4706.0,4698.0,RB
107,RB2205,2022-01-21,4713.0,4758.0,4680.0,4711.0,1318370,1882937,6219220.361,4717.0,4706.0,RB
107,RB2205,2022-01-24,4720.0,4786.0,4653.0,4665.0,1574388,1877729,7418918.481,4712.0,4717.0,RB
107,RB2205,2022-01-25,4660.0,4730.0,4630.0,4722.0,1212866,1785229,5673670.239,4677.0,4712.0,RB
107,RB2205,2022-01-26,4722.0,4740.0,4635.0,4694.0,1237281,1766393,5800500.881,4688.0,4677.0,RB
107,RB2205,2022-01-27,4697.0,4757.0,4654.0,4673.0,1325881,1727529,6227617.631,4696.0,4688.0,RB
107,RB2205,2022-01-28,4691.0,4830.0,4681.0,4829.0,1210006,1675744,5764565.794,4764.0,4696.0,RB
107,RB2205,2022-02-07,4875.0,4879.0,4801.0,4847.0,744755,1680665,3602803.852,4837.0,4764.0,RB
107,RB2205,2022-02-08,4839.0,4946.0,4839.0,4912.0,1186239,1749557,5818614.053,4905.0,4837.0,RB
107,RB2205,2022-02-09,4900.0,4935.0,4825.0,4843.0,1324241,1785924,6464801.984,4881.0,4905.0,RB
107,RB2205,2022-02-10,4850.0,4967.0,4838.0,4955.0,1394586,1867561,6842470.444,4906.0,4881.0,RB
107,RB2205,2022-02-11,4990.0,5034.0,4902.0,4905.0,1470339,1895139,7331952.597,4986.0,4906.0,RB
107,RB2205,2022-02-14,4900.0,4910.0,4791.0,4817.0,1874764,1888817,9116170.338,4862.0,4986.0,RB
107,RB2205,2022-02-15,4805.0,4816.0,4666.0,4728.0,2124511,1921187,10079013.319,4744.0,4862.0,RB
106,RB2205,2022-02-16,4745.0,4834.0,4725.0,4832.0,1497635,1874486,7159420.538,4780.0,4744.0,RB
106,RB2205,2022-02-17,4835.0,4842.0,4684.0,4686.0,2132547,1962220,10118573.183,4744.0,4780.0,RB
106,RB2205,2022-02-18,4666.0,4798.0,4659.0,4779.0,1578103,1929520,7465020.793,4730.0,4744.0,RB
106,RB2205,2022-02-21,4785.0,4848.0,4751.0,4845.0,1627394,1978620,7792624.842,4788.0,4730.0,RB
106,RB2205,2022-02-22,4845.0,4883.0,4723.0,4734.0,1766048,1980665,8513404.203,4820.0,4788.0,RB
106,RB2205,2022-02-23,4735.0,4818.0,4732.0,4786.0,1506852,1966677,7196301.646,4775.0,4820.0,RB
106,RB2205,2022-02-24,4788.0,4808.0,4622.0,4637.0,2257947,2081475,10622456.602,4704.0,4775.0,RB
106,RB2205,2022-02-25,4635.0,4666.0,4525.0,4617.0,2155123,2108560,9920514.258,4603.0,4704.0,RB
106,RB2205,2022-02-28,4617.0,4706.0,4597.0,4693.0,1624958,2004494,7576307.836,4662.0,4603.0,RB
106,RB2205,2022-03-01,4710.0,4844.0,4710.0,4837.0,1595430,1904382,7620476.754,4776.0,4662.0,RB
106,RB2205,2022-03-02,4850.0,4893.0,4803.0,4860.0,1480163,1874846,7179346.613,4850.0,4776.0,RB
106,RB2205,2022-03-03,4861.0,4943.0,4833.0,4880.0,1865890,1845374,9118352.801,4886.0,4850.0,RB
106,RB2205,2022-03-04,4886.0,4924.0,4842.0,4901.0,1661820,1804366,8112692.453,4881.0,4886.0,RB
106,RB2205,2022-03-07,4902.0,5096.0,4887.0,5094.0,1930142,1725088,9679028.622,5014.0,4881.0,RB
106,RB2205,2022-03-08,5094.0,5100.0,4900.0,4956.0,2239561,1563898,11156569.354,4981.0,5014.0,RB
106,RB2205,2022-03-09,4925.0,5000.0,4855.0,4907.0,1502246,1464164,7427812.985,4944.0,4981.0,RB
106,RB2205,2022-03-10,4850.0,4955.0,4822.0,4896.0,1593413,1438212,7764597.249,4872.0,4944.0,RB
106,RB2205,2022-03-11,4908.0,4949.0,4847.0,4917.0,1264426,1380899,6189346.228,4894.0,4872.0,RB
106,RB2205,2022-03-14,4872.0,4919.0,4693.0,4695.0,1788603,1410730,8571348.149,4792.0,4894.0,RB
106,RB2205,2022-03-15,4694.0,4825.0,4681.0,4753.0,1735203,1349633,8244332.271,4751.0,4792.0,RB
105,RB2205,2022-03-16,4730.0,4908.0,4725.0,4904.0,1363006,1330578,6568308.26,4818.0,4751.0,RB
105,RB2205,2022-03-17,4920.0,4946.0,4861.0,4902.0,1203863,1309488,5903866.376,4904.0,4818.0,RB
105,RB2205,2022-03-18,4902.0,4956.0,4890.0,4953.0,979085,1271483,4821141.978,4924.0,4904.0,RB
105,RB2205,2022-03-21,4923.0,4980.0,4862.0,4923.0,1214930,1269415,5985053.456,4926.0,4924.0,RB
105,RB2205,2022-03-22,4909.0,4955.0,4897.0,4918.0,785470,1188532,3874016.706,4932.0,4926.0,RB
105,RB2205,2022-03-23,4912.0,4987.0,4866.0,4983.0,1044259,1208811,5145022.751,4926.0,4932.0,RB
105,RB2205,2022-03-24,4985.0,5014.0,4935.0,4945.0,940925,1081970,4682500.169,4976.0,4926.0,RB
105,RB2205,2022-03-25,4945.0,5018.0,4943.0,5013.0,803651,1012299,4002088.161,4979.0,4976.0,RB
110,RB2210,2022-03-28,4975.0,5051.0,4940.0,5032.0,982760,1434753,4913661.236,4999.0,4928.0,RB
110,RB2210,2022-03-29,5032.0,5050.0,4992.0,5012.0,987028,1527965,4957685.636,5022.0,4999.0,RB
110,RB2210,2022-03-30,4976.0,5037.0,4918.0,5034.0,1352525,1519061,6734333.289,4979.0,5022.0,RB
110,RB2210,2022-03-31,5070.0,5117.0,4997.0,5061.0,1551132,1541215,7851802.847,5061.0,4979.0,RB
110,RB2210,2022-04-01,5063.0,5165.0,5051.0,5160.0,1276736,1639645,6523621.555,5109.0,5061.0,RB
110,RB2210,2022-04-06,5158.0,5190.0,5083.0,5121.0,1062347,1644865,5454022.55,5133.0,5109.0,RB
110,RB2210,2022-04-07,5122.0,5148.0,5034.0,5070.0,1495053,1681999,7610534.681,5090.0,5133.0,RB
110,RB2210,2022-04-08,5052.0,5103.0,4953.0,5019.0,1778196,1664699,8935671.453,5025.0,5090.0,RB
110,RB2210,2022-04-11,5018.0,5039.0,4859.0,4867.0,1756999,1686172,8658230.342,4927.0,5025.0,RB
110,RB2210,2022-04-12,4880.0,5035.0,4872.0,5035.0,1710656,1712979,8476688.408,4955.0,4927.0,RB
110,RB2210,2022-04-13,5036.0,5041.0,4912.0,4915.0,1918588,1713890,9541783.184,4973.0,4955.0,RB
110,RB2210,2022-04-14,4940.0,5035.0,4931.0,5004.0,1699571,1695968,8470152.297,4983.0,4973.0,RB
110,RB2210,2022-04-15,5000.0,5078.0,4994.0,5049.0,1457183,1721933,7344758.662,5040.0,4983.0,RB
109,RB2210,2022-04-18,5020.0,5088.0,4960.0,5063.0,1783175,1748021,8976286.615,5033.0,5040.0,RB
109,RB2210,2022-04-19,5080.0,5128.0,5000.0,5011.0,2283937,1772066,11571017.501,5066.0,5033.0,RB
109,RB2210,2022-04-20,5021.0,5145.0,5015.0,5106.0,1752642,1824534,8928129.589,5094.0,5066.0,RB
109,RB2210,2022-04-21,5117.0,5131.0,5026.0,5058.0,1736150,1766237,8828480.639,5085.0,5094.0,RB
109,RB2210,2022-04-22,5065.0,5078.0,4963.0,4964.0,1591861,1749223,7983691.171,5015.0,5085.0,RB
109,RB2210,2022-04-25,4960.0,4991.0,4763.0,4778.0,2661872,1749194,12945656.982,4863.0,5015.0,RB
109,RB2210,2022-04-26,4800.0,4877.0,4747.0,4829.0,1832418,1741533,8827518.308,4817.0,4863.0,RB
109,RB2210,2022-04-27,4849.0,4905.0,4816.0,4864.0,1914290,1752014,9315842.298,4866.0,4817.0,RB
109,RB2210,2022-04-28,4860.0,4873.0,4784.0,4850.0,1892895,1745874,9145594.476,4831.0,4866.0,RB
109,RB2210,2022-04-29,4850.0,4926.0,4809.0,4910.0,1593951,1687884,7752385.875,4863.0,4831.0,RB
109,RB2210,2022-05-05,4930.0,4953.0,4866.0,4923.0,1096034,1671713,5386583.817,4914.0,4863.0,RB
109,RB2210,2022-05-06,4923.0,4932.0,4726.0,4734.0,2034752,1888415,9837690.508,4834.0,4914.0,RB
109,RB2210,2022-05-09,4734.0,4749.0,4623.0,4654.0,2004662,1923461,9381346.214,4679.0,4834.0,RB
109,RB2210,2022-05-10,4630.0,4657.0,4531.0,4607.0,2024014,1975489,9291822.947,4590.0,4679.0,RB
109,RB2210,2022-05-11,4614.0,4714.0,4611.0,4681.0,1540902,1932947,7178605.874,4658.0,4590.0,RB
109,RB2210,2022-05-12,4670.0,4731.0,4585.0,4612.0,1899655,1933319,8845143.895,4656.0,4658.0,RB
109,RB2210,2022-05-13,4585.0,4690.0,4555.0,4670.0,1711214,1903090,7898641.168,4615.0,4656.0,RB
109,RB2210,2022-05-16,4666.0,4704.0,4589.0,4679.0,2012180,1949519,9348506.831,4645.0,4615.0,RB
108,RB2210,2022-05-17,4680.0,4696.0,4632.0,4650.0,1419456,1922217,6623856.969,4666.0,4645.0,RB
108,RB2210,2022-05-18,4660.0,4666.0,4531.0,4532.0,1882000,2114881,8652300.909,4597.0,4666.0,RB
108,RB2210,2022-05-19,4525.0,4585.0,4461.0,4579.0,2047231,2065144,9255535.956,4521.0,4597.0,RB
108,RB2210,2022-05-20,4579.0,4650.0,4558.0,4638.0,1533538,1968756,7072243.053,4611.0,4521.0,RB
108,RB2210,2022-05-23,4629.0,4700.0,4567.0,4604.0,2154222,1976149,9987471.481,4636.0,4611.0,RB
108,RB2210,2022-05-24,4620.0,4621.0,4456.0,4468.0,1870396,2104086,8514182.476,4552.0,4636.0,RB
108,RB2210,2022-05-25,4468.0,4549.0,4444.0,4541.0,2157011,2040853,9701134.851,4497.0,4552.0,RB
108,RB2210,2022-05-26,4500.0,4520.0,4427.0,4505.0,2591842,2113657,11598510.333,4475.0,4497.0,RB
108,RB2210,2022-05-27,4510.0,4604.0,4503.0,4576.0,1992558,1994377,9089410.731,4561.0,4475.0,RB
108,RB2210,2022-05-30,4588.0,4646.0,4580.0,4621.0,1658750,1941132,7656287.498,4615.0,4561.0,RB
108,RB2210,2022-05-31,4621.0,4690.0,4604.0,4684.0,1562122,1887003,7273721.315,4656.0,4615.0,RB
108,RB2210,2022-06-01,4690.0,4729.0,4654.0,4712.0,1417079,1871860,6653013.628,4694.0,4656.0,RB
108,RB2210,2022-06-02,4713.0,4795.0,4687.0,4788.0,1678060,1816719,7943900.215,4733.0,4694.0,RB
108,RB2210,2022-06-06,4798.0,4798.0,4738.0,4750.0,976089,1800987,4660127.224,4774.0,4733.0,RB
108,RB2210,2022-06-07,4750.0,4783.0,4711.0,4719.0,1235198,1810732,5867056.563,4749.0,4774.0,RB
108,RB2210,2022-06-08,4706.0,4807.0,4696.0,4795.0,1705881,1823787,8121036.945,4760.0,4749.0,RB
108,RB2210,2022-06-09,4795.0,4827.0,4757.0,4791.0,1423160,1836549,6821308.635,4793.0,4760.0,RB
108,RB2210,2022-06-10,4776.0,4834.0,4741.0,4793.0,1694289,1887652,8109841.951,4786.0,4793.0,RB
108,RB2210,2022-06-13,4793.0,4793.0,4660.0,4691.0,1768776,1829059,8341999.953,4716.0,4786.0,RB
108,RB2210,2022-06-14,4680.0,4726.0,4607.0,4617.0,1731426,1783474,8071205.667,4661.0,4716.0,RB
108,RB2210,2022-06-15,4610.0,4635.0,4544.0,4547.0,1899270,1776348,8725556.882,4594.0,4661.0,RB
107,RB2210,2022-06-16,4555.0,4601.0,4494.0,4506.0,1692130,1806083,7696849.395,4548.0,4594.0,RB
107,RB2210,2022-06-17,4489.0,4489.0,4353.0,4354.0,2532863,1852034,11178087.583,4413.0,4548.0,RB
107,RB2210,2022-06-20,4346.0,4365.0,4074.0,4149.0,3395298,1921252,14218977.447,4187.0,4413.0,RB
107,RB2210,2022-06-21,4145.0,4256.0,4103.0,4224.0,2444922,1882531,10238842.605,4187.0,4187.0,RB
107,RB2210,2022-06-22,4226.0,4261.0,4092.0,4128.0,2226834,1899978,9287746.883,4170.0,4187.0,RB
107,RB2210,2022-06-23,4147.0,4249.0,4115.0,4235.0,2354370,1896277,9835888.622,4177.0,4170.0,RB
107,RB2210,2022-06-24,4260.0,4275.0,4182.0,4189.0,2063167,1900788,8719940.712,4226.0,4177.0,RB
107,RB2210,2022-06-27,4192.0,4300.0,4153.0,4274.0,1980808,1878385,8408475.872,4244.0,4226.0,RB
107,RB2210,2022-06-28,4280.0,4350.0,4250.0,4349.0,1731054,1925971,7435369.183,4295.0,4244.0,RB
107,RB2210,2022-06-29,4350.0,4420.0,4340.0,4360.0,1941680,1917484,8486839.37,4370.0,4295.0,RB
107,RB2210,2022-06-30,4382.0,4408.0,4324.0,4378.0,2103300,1954729,9202329.322,4375.0,4370.0,RB
107,RB2210,2022-07-01,4350.0,4373.0,4258.0,4265.0,2390863,1943605,10317159.366,4315.0,4375.0,RB
107,RB2210,2022-07-04,4270.0,4312.0,4150.0,4168.0,1981674,1935596,8352464.984,4214.0,4315.0,RB
107,RB2210,2022-07-05,4180.0,4258.0,4116.0,4238.0,1965705,1945403,8252973.355,4198.0,4214.0,RB
107,RB2210,2022-07-06,4198.0,4247.0,4126.0,4245.0,2483205,1910606,10380557.152,4180.0,4198.0,RB
107,RB2210,2022-07-07,4250.0,4269.0,4182.0,4209.0,2336988,1964378,9881702.934,4228.0,4180.0,RB
107,RB2210,2022-07-08,4229.0,4279.0,4166.0,4196.0,2033395,1977016,8581426.461,4220.0,4228.0,RB
107,RB2210,2022-07-11,4196.0,4246.0,3971.0,4049.0,3063941,1966756,12515603.366,4084.0,4220.0,RB
107,RB2210,2022-07-12,4049.0,4069.0,3891.0,3910.0,2511590,2002501,10040563.498,3997.0,4084.0,RB
107,RB2210,2022-07-13,3900.0,3941.0,3850.0,3910.0,2455104,1977784,9557665.047,3892.0,3997.0,RB
107,RB2210,2022-07-14,3878.0,3919.0,3810.0,3833.0,2705644,1917507,10466921.301,3868.0,3892.0,RB
107,RB2210,2022-07-15,3798.0,3798.0,3588.0,3589.0,3298883,1970080,12220527.005,3704.0,3868.0,RB
106,RB2210,2022-07-18,3611.0,3795.0,3611.0,3780.0,2825094,1880061,10483364.952,3710.0,3704.0,RB
106,RB2210,2022-07-19,3789.0,3872.0,3748.0,3774.0,2698472,1889735,10292509.797,3814.0,3710.0,RB
106,RB2210,2022-07-20,3767.0,3877.0,3712.0,3830.0,2659073,1882732,10118307.831,3805.0,3814.0,RB
106,RB2210,2022-07-21,3823.0,3860.0,3771.0,3831.0,2578896,1892537,9828411.811,3811.0,3805.0,RB
106,RB2210,2022-07-22,3800.0,3880.0,3760.0,3863.0,2100304,1889528,8039682.216,3827.0,3811.0,RB
106,RB2210,2022-07-25,3865.0,3900.0,3843.0,3859.0,1899608,1876972,7362743.189,3875.0,3827.0,RB
106,RB2210,2022-07-26,3865.0,3909.0,3798.0,3888.0,2220357,1889277,8551745.457,3851.0,3875.0,RB
106,RB2210,2022-07-27,3895.0,3934.0,3827.0,3916.0,2184613,1924464,8487845.262,3885.0,3851.0,RB
106,RB2210,2022-07-28,3911.0,4068.0,3878.0,4058.0,2248033,1887291,8929163.093,3971.0,3885.0,RB
106,RB2210,2022-07-29,4030.0,4054.0,3979.0,3996.0,1827254,1859128,7335959.427,4014.0,3971.0,RB
106,RB2210,2022-08-01,4003.0,4133.0,4003.0,4093.0,2461131,1867672,10052342.407,4084.0,4014.0,RB
106,RB2210,2022-08-02,4070.0,4115.0,4013.0,4104.0,2177234,1847616,8850455.018,4064.0,4084.0,RB
106,RB2210,2022-08-03,4091.0,4145.0,4028.0,4063.0,2348397,1825651,9623105.227,4097.0,4064.0,RB
106,RB2210,2022-08-04,4075.0,4085.0,3974.0,3980.0,2291892,1783755,9236841.407,4030.0,4097.0,RB
106,RB2210,2022-08-05,3978.0,4081.0,3963.0,4036.0,1914339,1773775,7700429.784,4022.0,4030.0,RB
106,RB2210,2022-08-08,4040.0,4154.0,4022.0,4136.0,1933791,1759184,7933091.577,4102.0,4022.0,RB
106,RB2210,2022-08-09,4130.0,4158.0,4077.0,4089.0,1633047,1718371,6717700.982,4113.0,4102.0,RB
106,RB2210,2022-08-10,4089.0,4118.0,4047.0,4066.0,1834425,1703285,7487257.11,4081.0,4113.0,RB
106,RB2210,2022-08-11,4100.0,4130.0,4032.0,4108.0,2228055,1688732,9092621.219,4080.0,4081.0,RB
106,RB2210,2022-08-12,4118.0,4153.0,4100.0,4150.0,1590627,1738768,6565586.365,4127.0,4080.0,RB
106,RB2210,2022-08-15,4120.0,4199.0,4095.0,4126.0,2399032,1746361,9973236.469,4157.0,4127.0,RB
105,RB2210,2022-08-16,4090.0,4183.0,4078.0,4153.0,1502797,1732832,6219907.78,4138.0,4157.0,RB
105,RB2210,2022-08-17,4160.0,4174.0,3985.0,3993.0,2155416,1659566,8809264.52,4087.0,4138.0,RB
105,RB2210,2022-08-18,4003.0,4075.0,3980.0,4041.0,1958935,1659860,7896278.06,4030.0,4087.0,RB
105,RB2210,2022-08-19,4050.0,4062.0,3924.0,3929.0,2162701,1514851,8648406.076,3998.0,4030.0,RB
105,RB2210,2022-08-22,3948.0,4027.0,3924.0,4010.0,1732096,1472526,6905493.599,3986.0,3998.0,RB
105,RB2210,2022-08-23,4005.0,4064.0,3973.0,4052.0,1237138,1411349,4980522.889,4025.0,3986.0,RB
105,RB2210,2022-08-24,4054.0,4094.0,4034.0,4086.0,1300583,1288077,5286423.981,4064.0,4025.0,RB
105,RB2210,2022-08-25,4089.0,4110.0,4043.0,4052.0,1324563,1165706,5405724.575,4081.0,4064.0,RB
105,RB2210,2022-08-26,4052.0,4112.0,4043.0,4097.0,1168595,1114193,4765545.605,4078.0,4081.0,RB
105,RB2210,2022-08-29,4105.0,4130.0,3944.0,3965.0,1610705,979188,6480109.93,4023.0,4078.0,RB
108,RB2301,2022-08-30,3770.0,3770.0,3652.0,3661.0,1426335,1468467,5289443.794,3708.0,3816.0,RB
108,RB2301,2022-08-31,3650.0,3704.0,3650.0,3677.0,1401509,1589990,5158177.593,3680.0,3708.0,RB
108,RB2301,2022-09-01,3694.0,3729.0,3626.0,3642.0,1969194,1705345,7258477.906,3686.0,3680.0,RB
108,RB2301,2022-09-02,3628.0,3655.0,3575.0,3637.0,1807756,1712615,6547794.399,3622.0,3686.0,RB
108,RB2301,2022-09-05,3650.0,3706.0,3621.0,3691.0,1715622,1652554,6288724.134,3665.0,3622.0,RB
108,RB2301,2022-09-06,3708.0,3709.0,3672.0,3693.0,1231154,1651704,4546265.992,3692.0,3665.0,RB
108,RB2301,2022-09-07,3696.0,3726.0,3651.0,3673.0,1789661,1661151,6599299.231,3687.0,3692.0,RB
108,RB2301,2022-09-08,3682.0,3755.0,3670.0,3719.0,1793055,1690538,6662603.381,3715.0,3687.0,RB
108,RB2301,2022-09-09,3730.0,3792.0,3718.0,3791.0,1378872,1652024,5179456.797,3756.0,3715.0,RB
108,RB2301,2022-09-13,3795.0,3807.0,3769.0,3794.0,875682,1648566,3319182.134,3790.0,3756.0,RB
108,RB2301,2022-09-14,3770.0,3778.0,3704.0,3741.0,1528167,1682113,5711818.253,3737.0,3790.0,RB
108,RB2301,2022-09-15,3745.0,3789.0,3693.0,3722.0,1976576,1711041,7407421.356,3747.0,3737.0,RB
107,RB2301,2022-09-16,3710.0,3740.0,3658.0,3686.0,1715119,1735896,6340550.085,3696.0,3747.0,RB
107,RB2301,2022-09-19,3689.0,3737.0,3687.0,3696.0,1476096,1685459,5483298.884,3714.0,3696.0,RB
107,RB2301,2022-09-20,3698.0,3726.0,3650.0,3659.0,1744328,1708020,6437040.077,3690.0,3714.0,RB
107,RB2301,2022-09-21,3655.0,3685.0,3630.0,3664.0,1573075,1739827,5751790.958,3656.0,3690.0,RB
107,RB2301,2022-09-22,3665.0,3768.0,3662.0,3765.0,1843645,1733745,6855604.487,3718.0,3656.0,RB
107,RB2301,2022-09-23,3771.0,3787.0,3748.0,3766.0,1294449,1714891,4877494.312,3768.0,3718.0,RB
107,RB2301,2022-09-26,3736.0,3783.0,3710.0,3765.0,1733812,1674462,6504513.104,3751.0,3768.0,RB
107,RB2301,2022-09-27,3775.0,3845.0,3773.0,3837.0,1813334,1749635,6913978.14,3812.0,3751.0,RB
107,RB2301,2022-09-28,3846.0,3856.0,3814.0,3823.0,1177884,1727377,4513100.937,3831.0,3812.0,RB
107,RB2301,2022-09-29,3835.0,3860.0,3806.0,3836.0,1463427,1725569,5610964.525,3834.0,3831.0,RB
107,RB2301,2022-09-30,3836.0,3852.0,3785.0,3799.0,1260768,1621968,4821154.216,3823.0,3834.0,RB
107,RB2301,2022-10-10,3825.0,3886.0,3820.0,3875.0,1060636,1663666,4100917.018,3866.0,3823.0,RB
107,RB2301,2022-10-11,3880.0,3893.0,3763.0,3774.0,1685248,1697534,6437523.456,3819.0,3866.0,RB
107,RB2301,2022-10-12,3782.0,3790.0,3711.0,3754.0,1723401,1653422,6449475.42,3742.0,3819.0,RB
107,RB2301,2022-10-13,3754.0,3785.0,3712.0,3719.0,1614102,1669890,6046898.355,3746.0,3742.0,RB
107,RB2301,2022-10-14,3707.0,3770.0,3685.0,3759.0,1352892,1633530,5059136.302,3739.0,3746.0,RB
107,RB2301,2022-10-17,3758.0,3763.0,3655.0,3675.0,1989759,1740712,7351871.257,3694.0,3739.0,RB
106,RB2301,2022-10-18,3675.0,3699.0,3636.0,3678.0,1652862,1750625,6059773.215,3666.0,3694.0,RB
106,RB2301,2022-10-19,3683.0,3691.0,3632.0,3647.0,1512142,1803156,5537734.402,3662.0,3666.0,RB
106,RB2301,2022-10-20,3645.0,3648.0,3588.0,3594.0,2105144,1835441,7625179.822,3622.0,3662.0,RB
106,RB2301,2022-10-21,3600.0,3664.0,3589.0,3630.0,1872506,1749107,6806189.969,3634.0,3622.0,RB
106,RB2301,2022-10-24,3629.0,3678.0,3604.0,3622.0,1849163,1781095,6726302.388,3637.0,3634.0,RB
106,RB2301,2022-10-25,3615.0,3618.0,3561.0,3574.0,1694506,1822433,6071568.2,3583.0,3637.0,RB
106,RB2301,2022-10-26,3574.0,3620.0,3555.0,3580.0,1549716,1785892,5563229.456,3589.0,3583.0,RB
106,RB2301,2022-10-27,3580.0,3622.0,3563.0,3563.0,1451705,1773458,5213662.388,3591.0,3589.0,RB
106,RB2301,2022-10-28,3558.0,3564.0,3478.0,3490.0,1981946,1844304,6971175.534,3517.0,3591.0,RB
106,RB2301,2022-10-31,3490.0,3506.0,3389.0,3397.0,2171777,1861216,7474546.01,3441.0,3517.0,RB
106,RB2301,2022-11-01,3391.0,3495.0,3389.0,3485.0,2077614,1789906,7153163.853,3442.0,3441.0,RB
106,RB2301,2022-11-02,3485.0,3515.0,3450.0,3485.0,2015196,1773472,7009310.26,3478.0,3442.0,RB
106,RB2301,2022-11-03,3470.0,3522.0,3461.0,3504.0,1692427,1760124,5911830.796,3493.0,3478.0,RB
106,RB2301,2022-11-04,3491.0,3582.0,3488.0,3562.0,1960115,1719886,6931225.818,3536.0,3493.0,RB
106,RB2301,2022-11-07,3585.0,3607.0,3513.0,3535.0,1870515,1695884,6643249.46,3551.0,3536.0,RB
106,RB2301,2022-11-08,3540.0,3572.0,3511.0,3571.0,1371946,1696738,4851228.701,3536.0,3551.0,RB
106,RB2301,2022-11-09,3571.0,3608.0,3566.0,3590.0,1461441,1682606,5241584.634,3586.0,3536.0,RB
106,RB2301,2022-11-10,3580.0,3584.0,3524.0,3538.0,1912637,1697396,6786917.191,3548.0,3586.0,RB
106,RB2301,2022-11-11,3522.0,3661.0,3516.0,3637.0,2247442,1651407,8099196.019,3603.0,3548.0,RB
106,RB2301,2022-11-14,3637.0,3695.0,3627.0,3648.0,1688571,1575348,6179559.719,3659.0,3603.0,RB
106,RB2301,2022-11-15,3655.0,3695.0,3644.0,3692.0,1258019,1555797,4612813.528,3666.0,3659.0,RB
105,RB2301,2022-11-16,3700.0,3764.0,3695.0,3742.0,1575266,1539464,5874305.631,3729.0,3666.0,RB
105,RB2301,2022-11-17,3748.0,3752.0,3670.0,3726.0,1681333,1451721,6229095.608,3704.0,3729.0,RB
105,RB2301,2022-11-18,3719.0,3736.0,3697.0,3716.0,1411248,1440140,5242788.535,3715.0,3704.0,RB
105,RB2301,2022-11-21,3712.0,3718.0,3631.0,3671.0,1620175,1387097,5944399.146,3668.0,3715.0,RB
105,RB2301,2022-11-22,3665.0,3714.0,3661.0,3677.0,1435117,1358722,5291642.239,3687.0,3668.0,RB
105,RB2301,2022-11-23,3660.0,3704.0,3652.0,3691.0,1317195,1303587,4842979.024,3676.0,3687.0,RB
105,RB2301,2022-11-24,3695.0,3746.0,3677.0,3681.0,1601967,1228892,5944992.188,3711.0,3676.0,RB
105,RB2301,2022-11-25,3680.0,3736.0,3659.0,3736.0,1314236,1185293,4851231.226,3691.0,3711.0,RB
105,RB2301,2022-11-28,3736.0,3756.0,3711.0,3738.0,1271967,1123090,4751932.224,3735.0,3691.0,RB
105,RB2301,2022-11-29,3750.0,3798.0,3748.0,3765.0,1276059,1027132,4819253.816,3776.0,3735.0,RB
105,RB2301,2022-11-30,3758.0,3765.0,3717.0,3748.0,1108975,850445,4153755.987,3745.0,3776.0,RB
109,RB2305,2022-12-01,3739.0,3766.0,3708.0,3733.0,862507,1494811,3225419.971,3739.0,3722.0,RB
109,RB2305,2022-12-02,3742.0,3818.0,3726.0,3808.0,1326667,1679372,5006036.736,3773.0,3739.0,RB
109,RB2305,2022-12-05,3805.0,3890.0,3790.0,3804.0,1735437,1723182,6649850.073,3831.0,3773.0,RB
109,RB2305,2022-12-06,3799.0,3825.0,3780.0,3808.0,1189183,1753871,4522933.589,3803.0,3831.0,RB
109,RB2305,2022-12-07,3803.0,3838.0,3772.0,3782.0,1576075,1761581,6005342.215,3810.0,3803.0,RB
109,RB2305,2022-12-08,3781.0,3849.0,3779.0,3839.0,1176620,1757505,4489396.8,3815.0,3810.0,RB
109,RB2305,2022-12-09,3850.0,3960.0,3850.0,3945.0,1942575,1868420,7594980.678,3909.0,3815.0,RB
109,RB2305,2022-12-12,3945.0,3991.0,3917.0,3935.0,1544896,1857069,6100150.576,3948.0,3909.0,RB
109,RB2305,2022-12-13,3935.0,3959.0,3906.0,3937.0,1171180,1848719,4602770.421,3930.0,3948.0,RB
109,RB2305,2022-12-14,3933.0,3990.0,3923.0,3986.0,1500044,1910944,5929993.666,3953.0,3930.0,RB
109,RB2305,2022-12-15,3993.0,4085.0,3988.0,4084.0,1932793,2002134,7791930.772,4031.0,3953.0,RB
108,RB2305,2022-12-16,4083.0,4149.0,3972.0,4049.0,2765803,1898413,11249830.641,4067.0,4031.0,RB
108,RB2305,2022-12-19,4041.0,4044.0,3915.0,3927.0,2411668,1846442,9565316.038,3966.0,4067.0,RB
108,RB2305,2022-12-20,3927.0,3964.0,3898.0,3939.0,1525034,1822179,5995086.204,3931.0,3966.0,RB
108,RB2305,2022-12-21,3950.0,4037.0,3929.0,4034.0,1489491,1904049,5925979.561,3978.0,3931.0,RB
108,RB2305,2022-12-22,4047.0,4047.0,3950.0,3961.0,1655882,1859635,6623732.631,4000.0,3978.0,RB
108,RB2305,2022-12-23,3966.0,4017.0,3932.0,4005.0,1676702,1900337,6672094.407,3979.0,4000.0,RB
108,RB2305,2022-12-26,4009.0,4020.0,3940.0,4006.0,1638853,1897487,6531055.154,3985.0,3979.0,RB
108,RB2305,2022-12-27,3999.0,4078.0,3994.0,4066.0,1413061,1932125,5708620.716,4039.0,3985.0,RB
108,RB2305,2022-12-28,4060.0,4075.0,4011.0,4050.0,1264540,1918199,5116083.62,4045.0,4039.0,RB
108,RB2305,2022-12-29,4054.0,4071.0,4000.0,4048.0,1603581,1895064,6466601.079,4032.0,4045.0,RB
108,RB2305,2022-12-30,4052.0,4125.0,4049.0,4105.0,1699077,1931845,6945436.887,4087.0,4032.0,RB
108,RB2305,2023-01-03,4100.0,4100.0,4016.0,4063.0,1245821,1882723,5039088.609,4044.0,4087.0,RB
108,RB2305,2023-01-04,4061.0,4084.0,4010.0,4027.0,1383006,1874643,5594286.786,4045.0,4044.0,RB
108,RB2305,2023-01-05,4015.0,4024.0,3970.0,4017.0,1522301,1825776,6091715.219,4001.0,4045.0,RB
108,RB2305,2023-01-06,4031.0,4122.0,4023.0,4107.0,1730447,1923950,7044603.369,4070.0,4001.0,RB
108,RB2305,2023-01-09,4105.0,4140.0,4072.0,4093.0,1607579,1863784,6592262.954,4100.0,4070.0,RB
108,RB2305,2023-01-10,4103.0,4136.0,4087.0,4124.0,1083219,1930856,4451952.43,4109.0,4100.0,RB
108,RB2305,2023-01-11,4120.0,4172.0,4101.0,4161.0,1112383,1955990,4600966.35,4136.0,4109.0,RB
108,RB2305,2023-01-12,4152.0,4163.0,4091.0,4136.0,1318042,1867251,5439544.025,4126.0,4136.0,RB
108,RB2305,2023-01-13,4131.0,4186.0,4113.0,4173.0,1278231,1927798,5310271.776,4154.0,4126.0,RB
108,RB2305,2023-01-16,4150.0,4151.0,4081.0,4093.0,1441664,1829618,5928521.621,4112.0,4154.0,RB
107,RB2305,2023-01-17,4084.0,4139.0,4065.0,4119.0,1025767,1844213,4208385.677,4102.0,4112.0,RB
107,RB2305,2023-01-18,4140.0,4176.0,4125.0,4165.0,899703,1856961,3738297.864,4155.0,4102.0,RB
107,RB2305,2023-01-19,4166.0,4200.0,4154.0,4196.0,914584,1854203,3822995.056,4180.0,4155.0,RB
107,RB2305,2023-01-20,4195.0,4196.0,4155.0,4179.0,817918,1811643,3416414.713,4176.0,4180.0,RB
107,RB2305,2023-01-30,4230.0,4273.0,4190.0,4201.0,1048134,1882832,4438742.09,4234.0,4176.0,RB
107,RB2305,2023-01-31,4200.0,4218.0,4141.0,4143.0,1119159,1953462,4679265.949,4181.0,4234.0,RB
107,RB2305,2023-02-01,4143.0,4178.0,4075.0,4084.0,1500523,1994916,6187108.465,4123.0,4181.0,RB
107,RB2305,2023-02-02,4090.0,4135.0,4029.0,4042.0,1540806,1967595,6299434.012,4088.0,4123.0,RB
107,RB2305,2023-02-03,4050.0,4059.0,3993.0,4055.0,1340933,1962672,5406018.3,4031.0,4088.0,RB
107,RB2305,2023-02-06,4054.0,4084.0,4001.0,4049.0,1447504,1984665,5843906.053,4037.0,4031.0,RB
107,RB2305,2023-02-07,4040.0,4055.0,3978.0,4018.0,1511616,1974498,6072126.539,4016.0,4037.0,RB
107,RB2305,2023-02-08,4010.0,4063.0,3984.0,4055.0,1539318,1981288,6192552.335,4022.0,4016.0,RB
107,RB2305,2023-02-09,4052.0,4100.0,4048.0,4085.0,1157730,1979876,4718937.709,4076.0,4022.0,RB
107,RB2305,2023-02-10,4085.0,4096.0,4016.0,4074.0,1582510,1933276,6422393.653,4058.0,4076.0,RB
107,RB2305,2023-02-13,4074.0,4080.0,3991.0,3993.0,1552262,1942412,6258106.482,4031.0,4058.0,RB
107,RB2305,2023-02-14,3992.0,4046.0,3961.0,4027.0,1585145,1911228,6351106.121,4006.0,4031.0,RB
107,RB2305,2023-02-15,4036.0,4088.0,4030.0,4066.0,1287382,1896584,5228457.363,4061.0,4006.0,RB
106,RB2305,2023-02-16,4061.0,4164.0,4052.0,4146.0,1877414,1906154,7719656.302,4111.0,4061.0,RB
106,RB2305,2023-02-17,4155.0,4178.0,4146.0,4167.0,1091790,1946318,4545006.195,4162.0,4111.0,RB
106,RB2305,2023-02-20,4150.0,4194.0,4130.0,4184.0,1366456,1960497,5694351.634,4167.0,4162.0,RB
106,RB2305,2023-02-21,4195.0,4258.0,4191.0,4254.0,1421583,1971804,6016384.282,4232.0,4167.0,RB
106,RB2305,2023-02-22,4228.0,4278.0,4225.0,4237.0,1444261,1974418,6131108.044,4245.0,4232.0,RB
106,RB2305,2023-02-23,4260.0,4289.0,4220.0,4228.0,1896147,2005676,8080155.923,4261.0,4245.0,RB
106,RB2305,2023-02-24,4227.0,4244.0,4187.0,4224.0,1669416,2057187,7042838.431,4218.0,4261.0,RB
106,RB2305,2023-02-27,4200.0,4240.0,4173.0,4191.0,1925170,1975574,8088495.116,4201.0,4218.0,RB
106,RB2305,2023-02-28,4190.0,4193.0,4150.0,4174.0,1369701,1943334,5712525.801,4170.0,4201.0,RB
106,RB2305,2023-03-01,4175.0,4226.0,4164.0,4216.0,1533443,1983020,6438091.403,4198.0,4170.0,RB
106,RB2305,2023-03-02,4213.0,4236.0,4203.0,4225.0,993488,1971186,4192289.846,4219.0,4198.0,RB
106,RB2305,2023-03-03,4229.0,4278.0,4218.0,4272.0,1154498,1981344,4905744.568,4249.0,4219.0,RB
106,RB2305,2023-03-06,4260.0,4270.0,4175.0,4210.0,1762004,1961814,7424354.86,4213.0,4249.0,RB
106,RB2305,2023-03-07,4212.0,4273.0,4199.0,4248.0,1464187,2048392,6206648.065,4238.0,4213.0,RB
106,RB2305,2023-03-08,4249.0,4267.0,4221.0,4249.0,1058647,2048137,4500632.447,4251.0,4238.0,RB
106,RB2305,2023-03-09,4250.0,4322.0,4206.0,4313.0,2639304,2107683,11233980.609,4256.0,4251.0,RB
106,RB2305,2023-03-10,4325.0,4348.0,4303.0,4314.0,1652266,2073405,7151500.963,4328.0,4256.0,RB
106,RB2305,2023-03-13,4327.0,4377.0,4317.0,4371.0,1525232,2073724,6637786.219,4351.0,4328.0,RB
106,RB2305,2023-03-14,4328.0,4401.0,4327.0,4373.0,1703065,1999189,7445979.965,4372.0,4351.0,RB
106,RB2305,2023-03-15,4379.0,4394.0,4318.0,4332.0,1575120,1888550,6866935.591,4359.0,4372.0,RB
105,RB2305,2023-03-16,4295.0,4308.0,4197.0,4205.0,2511599,1691899,10687739.383,4255.0,4359.0,RB
105,RB2305,2023-03-17,4203.0,4284.0,4185.0,4262.0,1812692,1645579,7675614.54,4234.0,4255.0,RB
105,RB2305,2023-03-20,4266.0,4279.0,4192.0,4194.0,1524810,1614331,6455782.851,4233.0,4234.0,RB
105,RB2305,2023-03-21,4200.0,4223.0,4153.0,4156.0,1435222,1583137,6012097.873,4188.0,4233.0,RB
105,RB2305,2023-03-22,4161.0,4195.0,4120.0,4153.0,1641849,1498897,6820677.808,4154.0,4188.0,RB
105,RB2305,2023-03-23,4159.0,4181.0,4066.0,4070.0,1805506,1528575,7448838.542,4125.0,4154.0,RB
105,RB2305,2023-03-24,4070.0,4125.0,4055.0,4107.0,1463299,1461026,5977845.151,4085.0,4125.0,RB
105,RB2305,2023-03-27,4080.0,4129.0,4074.0,4105.0,1179589,1380095,4842581.993,4105.0,4085.0,RB
105,RB2305,2023-03-28,4110.0,4147.0,4095.0,4136.0,1156760,1233806,4767340.727,4121.0,4105.0,RB
105,RB2305,2023-03-29,4141.0,4168.0,4123.0,4151.0,1055543,1123338,4376213.162,4145.0,4121.0,RB
105,RB2305,2023-03-30,4165.0,4178.0,4125.0,4167.0,1247443,1013872,5178169.535,4151.0,4145.0,RB
105,RB2305,2023-03-31,4176.0,4200.0,4153.0,4161.0,918121,906146,3833973.394,4175.0,4151.0,RB
105,RB2305,2023-04-03,4161.0,4166.0,4043.0,4044.0,1081619,863464,4443630.726,4108.0,4175.0,RB
110,RB2310,2023-04-04,4020.0,4038.0,3971.0,3975.0,1034068,1352877,4135069.404,3998.0,4084.0,RB
110,RB2310,2023-04-06,3960.0,3979.0,3923.0,3938.0,1066014,1442365,4211687.992,3950.0,3998.0,RB
110,RB2310,2023-04-07,3952.0,4008.0,3948.0,3989.0,1293250,1506483,5151911.96,3983.0,3950.0,RB
110,RB2310,2023-04-10,4000.0,4020.0,3881.0,3907.0,1768635,1655293,6979040.262,3946.0,3983.0,RB
110,RB2310,2023-04-11,3909.0,3940.0,3868.0,3937.0,1469111,1666310,5735320.9,3903.0,3946.0,RB
110,RB2310,2023-04-12,3940.0,3945.0,3890.0,3900.0,1205778,1720589,4719981.032,3914.0,3903.0,RB
110,RB2310,2023-04-13,3914.0,3915.0,3855.0,3886.0,1637913,1748553,6357862.871,3881.0,3914.0,RB
110,RB2310,2023-04-14,3886.0,3948.0,3885.0,3896.0,1435636,1703998,5621963.395,3916.0,3881.0,RB
110,RB2310,2023-04-17,3900.0,3938.0,3873.0,3928.0,1636060,1742720,6392194.707,3907.0,3916.0,RB
109,RB2310,2023-04-18,3945.0,3981.0,3926.0,3950.0,1619625,1778836,6401228.413,3952.0,3907.0,RB
109,RB2310,2023-04-19,3950.0,3963.0,3910.0,3927.0,1495928,1818464,5895257.288,3940.0,3952.0,RB
109,RB2310,2023-04-20,3911.0,3929.0,3868.0,3914.0,1895468,1812943,7391500.045,3899.0,3940.0,RB
109,RB2310,2023-04-21,3904.0,3908.0,3809.0,3810.0,1838698,1918659,7084759.943,3853.0,3899.0,RB
109,RB2310,2023-04-24,3810.0,3817.0,3690.0,3714.0,2188088,2009878,8191178.027,3743.0,3853.0,RB
109,RB2310,2023-04-25,3715.0,3747.0,3680.0,3685.0,1706302,2046197,6346522.564,3719.0,3743.0,RB
109,RB2310,2023-04-26,3670.0,3736.0,3662.0,3719.0,1771843,2010382,6560508.596,3702.0,3719.0,RB
109,RB2310,2023-04-27,3744.0,3759.0,3690.0,3691.0,1710699,2003400,6377604.093,3728.0,3702.0,RB
109,RB2310,2023-04-28,3691.0,3710.0,3660.0,3660.0,1458191,1955066,5371300.088,3683.0,3728.0,RB
109,RB2310,2023-05-04,3650.0,3677.0,3609.0,3615.0,1268068,2022762,4617920.558,3641.0,3683.0,RB
109,RB2310,2023-05-05,3610.0,3625.0,3539.0,3622.0,1999125,2062499,7164654.381,3583.0,3641.0,RB
109,RB2310,2023-05-08,3611.0,3733.0,3605.0,3732.0,2562981,2103630,9408061.135,3670.0,3583.0,RB
109,RB2310,2023-05-09,3738.0,3743.0,3690.0,3691.0,1593264,2051179,5927281.289,3720.0,3670.0,RB
109,RB2310,2023-05-10,3690.0,3732.0,3666.0,3688.0,1778887,2050699,6579894.572,3698.0,3720.0,RB
109,RB2310,2023-05-11,3692.0,3709.0,3591.0,3600.0,2626151,2041822,9547470.437,3635.0,3698.0,RB
109,RB2310,2023-05-12,3580.0,3633.0,3562.0,3579.0,1856249,1995985,6673804.654,3595.0,3635.0,RB
109,RB2310,2023-05-15,3587.0,3698.0,3587.0,3667.0,2564799,1993296,9368332.457,3652.0,3595.0,RB
108,RB2310,2023-05-16,3680.0,3697.0,3627.0,3640.0,1743581,2001059,6386247.9,3662.0,3652.0,RB
108,RB2310,2023-05-17,3640.0,3717.0,3636.0,3715.0,1783507,2018915,6556609.873,3676.0,3662.0,RB
108,RB2310,2023-05-18,3718.0,3724.0,3661.0,3687.0,1720513,1990809,6358741.787,3695.0,3676.0,RB
108,RB2310,2023-05-19,3684.0,3695.0,3613.0,3645.0,2021992,1932553,7391906.887,3655.0,3695.0,RB
108,RB2310,2023-05-22,3651.0,3675.0,3551.0,3569.0,2274723,1967803,8210209.047,3609.0,3655.0,RB
108,RB2310,2023-05-23,3569.0,3621.0,3565.0,3588.0,1840790,1928799,6612483.747,3592.0,3609.0,RB
108,RB2310,2023-05-24,3590.0,3595.0,3462.0,3466.0,2270046,2055599,7993780.58,3521.0,3592.0,RB
108,RB2310,2023-05-25,3459.0,3477.0,3411.0,3432.0,2220314,2085614,7639912.365,3440.0,3521.0,RB
108,RB2310,2023-05-26,3423.0,3510.0,3388.0,3493.0,2829006,2071715,9753438.374,3447.0,3440.0,RB
108,RB2310,2023-05-29,3495.0,3517.0,3463.0,3511.0,1986052,2076395,6930425.397,3489.0,3447.0,RB
108,RB2310,2023-05-30,3510.0,3522.0,3444.0,3460.0,1856823,2092489,6468184.789,3483.0,3489.0,RB
108,RB2310,2023-05-31,3460.0,3473.0,3424.0,3463.0,1666251,2091644,5745931.852,3448.0,3483.0,RB
108,RB2310,2023-06-01,3455.0,3548.0,3445.0,3546.0,2124122,2057886,7449846.241,3507.0,3448.0,RB
108,RB2310,2023-06-02,3539.0,3631.0,3508.0,3596.0,2437115,1932492,8684609.404,3563.0,3507.0,RB
108,RB2310,2023-06-05,3602.0,3689.0,3598.0,3638.0,2077583,1908666,7560046.732,3638.0,3563.0,RB
108,RB2310,2023-06-06,3638.0,3686.0,3624.0,3641.0,1651168,1880580,6035748.85,3655.0,3638.0,RB
108,RB2310,2023-06-07,3645.0,3664.0,3586.0,3621.0,2087487,1881811,7580812.222,3631.0,3655.0,RB
108,RB2310,2023-06-08,3630.0,3678.0,3625.0,3654.0,1856030,1862472,6779512.055,3652.0,3631.0,RB
108,RB2310,2023-06-09,3659.0,3722.0,3656.0,3711.0,2034193,1909178,7510017.682,3691.0,3652.0,RB
108,RB2310,2023-06-12,3711.0,3727.0,3630.0,3652.0,1944009,1881702,7139099.797,3672.0,3691.0,RB
108,RB2310,2023-06-13,3652.0,3744.0,3648.0,3741.0,2062664,1957459,7630970.297,3699.0,3672.0,RB
108,RB2310,2023-06-14,3749.0,3763.0,3718.0,3739.0,1754411,1910655,6558073.622,3738.0,3699.0,RB
108,RB2310,2023-06-15,3744.0,3770.0,3713.0,3760.0,1848995,1948226,6920994.792,3743.0,3738.0,RB
107,RB2310,2023-06-16,3764.0,3809.0,3754.0,3799.0,1666649,1975804,6301225.945,3780.0,3743.0,RB
115,RB2310,2023-06-19,3800.0,3815.0,3743.0,3752.0,2146210,1897696,8104528.054,3776.0,3780.0,RB
115,RB2310,2023-06-20,3760.0,3770.0,3720.0,3743.0,1639611,1871501,6140672.326,3745.0,3776.0,RB
115,RB2310,2023-06-21,3736.0,3744.0,3683.0,3686.0,1937589,1789953,7195542.335,3713.0,3745.0,RB
115,RB2310,2023-06-26,3643.0,3672.0,3633.0,3667.0,1275952,1799393,4659922.203,3652.0,3713.0,RB
115,RB2310,2023-06-27,3667.0,3744.0,3661.0,3728.0,1589090,1849307,5885729.903,3703.0,3652.0,RB
115,RB2310,2023-06-28,3720.0,3741.0,3691.0,3731.0,1415176,1839521,5261144.364,3717.0,3703.0,RB
115,RB2310,2023-06-29,3722.0,3751.0,3700.0,3723.0,1741069,1800906,6481958.063,3722.0,3717.0,RB
115,RB2310,2023-06-30,3725.0,3777.0,3711.0,3721.0,1704726,1802556,6385997.703,3746.0,3722.0,RB
115,RB2310,2023-07-03,3718.0,3780.0,3704.0,3767.0,2153411,1844614,8053172.519,3739.0,3746.0,RB
115,RB2310,2023-07-04,3766.0,3793.0,3751.0,3768.0,1458155,1846276,5499748.04,3771.0,3739.0,RB
115,RB2310,2023-07-05,3768.0,3780.0,3730.0,3751.0,1476438,1836969,5542610.471,3754.0,3771.0,RB
115,RB2310,2023-07-06,3742.0,3777.0,3733.0,3758.0,1407277,1825369,5283541.839,3754.0,3754.0,RB
115,RB2310,2023-07-07,3758.0,3770.0,3670.0,3671.0,2169063,1860783,8090233.199,3729.0,3754.0,RB
115,RB2310,2023-07-10,3668.0,3709.0,3650.0,3654.0,1632546,1823284,6006326.046,3679.0,3729.0,RB
115,RB2310,2023-07-11,3661.0,3698.0,3659.0,3679.0,1435227,1800885,5278640.555,3677.0,3679.0,RB
115,RB2310,2023-07-12,3685.0,3717.0,3672.0,3716.0,1405017,1794663,5189538.244,3693.0,3677.0,RB
115,RB2310,2023-07-13,3723.0,3732.0,3693.0,3727.0,1414138,1753008,5253931.807,3715.0,3693.0,RB
115,RB2310,2023-07-14,3727.0,3776.0,3726.0,3774.0,1400123,1790969,5248399.905,3748.0,3715.0,RB
115,RB2310,2023-07-17,3778.0,3782.0,3681.0,3687.0,1937196,1722852,7218522.53,3726.0,3748.0,RB
115,RB2310,2023-07-18,3691.0,3750.0,3690.0,3749.0,1322481,1733830,4922888.025,3722.0,3726.0,RB
115,RB2310,2023-07-19,3748.0,3756.0,3705.0,3741.0,1368317,1716805,5108028.768,3733.0,3722.0,RB
115,RB2310,2023-07-20,3747.0,3790.0,3747.0,3784.0,1876106,1862645,7073935.191,3770.0,3733.0,RB
115,RB2310,2023-07-21,3793.0,3825.0,3750.0,3823.0,2408389,1947284,9103442.128,3779.0,3770.0,RB
115,RB2310,2023-07-24,3820.0,3830.0,3787.0,3793.0,2125369,1937737,8099995.366,3811.0,3779.0,RB
115,RB2310,2023-07-25,3807.0,3870.0,3790.0,3857.0,2164065,2033479,8307699.725,3838.0,3811.0,RB
115,RB2310,2023-07-26,3855.0,3877.0,3835.0,3851.0,1868445,2018640,7201119.852,3854.0,3838.0,RB
115,RB2310,2023-07-27,3850.0,3883.0,3839.0,3861.0,2200065,1963212,8499217.932,3863.0,3854.0,RB
115,RB2310,2023-07-28,3854.0,3863.0,3823.0,3851.0,2154425,1875583,8275878.798,3841.0,3863.0,RB
115,RB2310,2023-07-31,3851.0,3875.0,3831.0,3847.0,1874903,1840552,7218129.086,3849.0,3841.0,RB
115,RB2310,2023-08-01,3847.0,3876.0,3834.0,3862.0,1592842,1837995,6146504.415,3858.0,3849.0,RB
115,RB2310,2023-08-02,3853.0,3871.0,3800.0,3801.0,2246681,1904043,8616749.12,3835.0,3858.0,RB
115,RB2310,2023-08-03,3798.0,3801.0,3724.0,3728.0,2556807,1808417,9615404.033,3760.0,3835.0,RB
115,RB2310,2023-08-04,3740.0,3774.0,3732.0,3736.0,1458807,1779600,5474746.978,3752.0,3760.0,RB
115,RB2310,2023-08-07,3732.0,3739.0,3706.0,3732.0,1524669,1793253,5673661.782,3721.0,3752.0,RB
115,RB2310,2023-08-08,3735.0,3748.0,3686.0,3692.0,1365258,1813182,5074796.659,3717.0,3721.0,RB
115,RB2310,2023-08-09,3682.0,3708.0,3663.0,3700.0,1163636,1788140,4294374.657,3690.0,3717.0,RB
115,RB2310,2023-08-10,3700.0,3716.0,3664.0,3671.0,1536943,1864067,5669612.792,3688.0,3690.0,RB
115,RB2310,2023-08-11,3670.0,3695.0,3652.0,3691.0,1646084,1813650,6045948.126,3672.0,3688.0,RB
115,RB2310,2023-08-14,3685.0,3691.0,3630.0,3641.0,1428056,1860600,5222537.96,3657.0,3672.0,RB
115,RB2310,2023-08-15,3650.0,3698.0,3640.0,3694.0,1555592,1757174,5701469.103,3665.0,3657.0,RB
115,RB2310,2023-08-16,3691.0,3718.0,3686.0,3713.0,1184152,1672597,4383017.359,3701.0,3665.0,RB
115,RB2310,2023-08-17,3713.0,3730.0,3680.0,3726.0,1377243,1604495,5102173.916,3704.0,3701.0,RB
115,RB2310,2023-08-18,3726.0,3739.0,3693.0,3700.0,1135837,1549204,4223671.713,3718.0,3704.0,RB
115,RB2310,2023-08-21,3700.0,3702.0,3635.0,3666.0,1815011,1561469,6652358.515,3665.0,3718.0,RB
115,RB2310,2023-08-22,3671.0,3737.0,3645.0,3723.0,1720172,1451795,6341540.58,3686.0,3665.0,RB
115,RB2310,2023-08-23,3723.0,3755.0,3716.0,3723.0,1446653,1337094,5402284.952,3734.0,3686.0,RB
115,RB2310,2023-08-24,3723.0,3768.0,3687.0,3688.0,1436149,1279159,5364284.408,3735.0,3734.0,RB
115,RB2310,2023-08-25,3700.0,3735.0,3689.0,3716.0,1254638,1212885,4659746.872,3714.0,3735.0,RB
115,RB2310,2023-08-28,3717.0,3743.0,3642.0,3667.0,2237950,1239375,8265418.84,3693.0,3714.0,RB
115,RB2310,2023-08-29,3667.0,3705.0,3660.0,3678.0,1295318,1120677,4764800.859,3678.0,3693.0,RB
115,RB2310,2023-08-30,3682.0,3717.0,3672.0,3713.0,1307564,1039387,4829778.08,3693.0,3678.0,RB
115,RB2310,2023-08-31,3716.0,3746.0,3714.0,3740.0,1259752,919823,4699059.234,3730.0,3693.0,RB
115,RB2310,2023-09-01,3753.0,3781.0,3732.0,3778.0,1021715,794449,3839444.292,3757.0,3730.0,RB
118,RB2401,2023-09-04,3815.0,3845.0,3798.0,3813.0,867625,1370059,3316019.831,3821.0,3787.0,RB
118,RB2401,2023-09-05,3811.0,3839.0,3786.0,3799.0,1017159,1457450,3882286.606,3816.0,3821.0,RB
118,RB2401,2023-09-06,3798.0,3828.0,3788.0,3817.0,894842,1511551,3410315.8,3811.0,3816.0,RB
118,RB2401,2023-09-07,3814.0,3833.0,3765.0,3795.0,1673420,1532233,6346869.454,3792.0,3811.0,RB
118,RB2401,2023-09-08,3790.0,3802.0,3711.0,3717.0,1786032,1546003,6710765.937,3757.0,3792.0,RB
118,RB2401,2023-09-11,3718.0,3771.0,3707.0,3759.0,1503805,1530613,5625485.992,3740.0,3757.0,RB
118,RB2401,2023-09-12,3762.0,3800.0,3762.0,3791.0,1324021,1539364,5007778.202,3782.0,3740.0,RB
118,RB2401,2023-09-13,3793.0,3804.0,3745.0,3777.0,1493026,1536524,5634477.151,3773.0,3782.0,RB
118,RB2401,2023-09-14,3778.0,3795.0,3759.0,3794.0,1502575,1585958,5674560.574,3776.0,3773.0,RB
118,RB2401,2023-09-15,3809.0,3833.0,3800.0,3824.0,1543446,1669241,5891139.952,3816.0,3776.0,RB
118,RB2401,2023-09-18,3820.0,3846.0,3792.0,3842.0,1665547,1766006,6363532.352,3820.0,3816.0,RB
118,RB2401,2023-09-19,3846.0,3874.0,3830.0,3831.0,1475760,1775340,5688477.576,3854.0,3820.0,RB
118,RB2401,2023-09-20,3834.0,3855.0,3821.0,3842.0,1180974,1773099,4534730.976,3839.0,3854.0,RB
118,RB2401,2023-09-21,3847.0,3850.0,3755.0,3762.0,1990053,1687100,7558820.807,3798.0,3839.0,RB
118,RB2401,2023-09-22,3752.0,3793.0,3751.0,3779.0,1160111,1643925,4377617.706,3773.0,3798.0,RB
118,RB2401,2023-09-25,3786.0,3787.0,3704.0,3716.0,1655226,1710023,6193788.021,3741.0,3773.0,RB
118,RB2401,2023-09-26,3716.0,3725.0,3665.0,3675.0,1451253,1772900,5365717.918,3697.0,3741.0,RB
118,RB2401,2023-09-27,3679.0,3697.0,3673.0,3682.0,897787,1767758,3307979.571,3684.0,3697.0,RB
118,RB2401,2023-09-28,3690.0,3717.0,3684.0,3690.0,1021754,1697143,3781502.025,3700.0,3684.0,RB
118,RB2401,2023-10-09,3670.0,3670.0,3620.0,3638.0,1025556,1810235,3735376.278,3642.0,3700.0,RB
118,RB2401,2023-10-10,3638.0,3654.0,3596.0,3610.0,1316197,1877432,4772423.526,3625.0,3642.0,RB
118,RB2401,2023-10-11,3616.0,3634.0,3590.0,3619.0,1061811,1871876,3839935.289,3616.0,3625.0,RB
118,RB2401,2023-10-12,3619.0,3632.0,3595.0,3627.0,1253955,1900044,4535305.711,3616.0,3616.0,RB
118,RB2401,2023-10-13,3630.0,3652.0,3602.0,3620.0,1181367,1910511,4275968.587,3619.0,3616.0,RB
118,RB2401,2023-10-16,3624.0,3663.0,3592.0,3657.0,1639211,1888586,5943749.65,3625.0,3619.0,RB
118,RB2401,2023-10-17,3658.0,3672.0,3637.0,3647.0,1068036,1870289,3900789.027,3652.0,3625.0,RB
118,RB2401,2023-10-18,3652.0,3660.0,3605.0,3615.0,1361935,1951142,4950385.285,3634.0,3652.0,RB
118,RB2401,2023-10-19,3615.0,3650.0,3595.0,3644.0,1313338,1886883,4759752.887,3624.0,3634.0,RB
118,RB2401,2023-10-20,3650.0,3659.0,3601.0,3610.0,1418587,1880167,5149241.914,3629.0,3624.0,RB
118,RB2401,2023-10-23,3600.0,3616.0,3558.0,3572.0,1591543,1953077,5702292.799,3582.0,3629.0,RB
118,RB2401,2023-10-24,3576.0,3636.0,3572.0,3630.0,1443112,1862178,5190079.339,3596.0,3582.0,RB
118,RB2401,2023-10-25,3645.0,3687.0,3634.0,3673.0,1688410,1781581,6187531.079,3664.0,3596.0,RB
118,RB2401,2023-10-26,3673.0,3688.0,3657.0,3685.0,1133648,1759038,4161432.257,3670.0,3664.0,RB
118,RB2401,2023-10-27,3676.0,3726.0,3666.0,3724.0,1427073,1725232,5272979.958,3694.0,3670.0,RB
118,RB2401,2023-10-30,3720.0,3743.0,3708.0,3740.0,1066575,1709019,3973328.038,3725.0,3694.0,RB
118,RB2401,2023-10-31,3745.0,3748.0,3712.0,3733.0,1069766,1692499,3989779.695,3729.0,3725.0,RB
118,RB2401,2023-11-01,3733.0,3761.0,3723.0,3749.0,1185467,1665545,4437134.647,3742.0,3729.0,RB
118,RB2401,2023-11-02,3756.0,3767.0,3737.0,3756.0,1009222,1658538,3786683.981,3752.0,3742.0,RB
118,RB2401,2023-11-03,3746.0,3813.0,3737.0,3805.0,1486028,1665308,5621832.131,3783.0,3752.0,RB
118,RB2401,2023-11-06,3805.0,3830.0,3791.0,3805.0,1429910,1639478,5450280.426,3811.0,3783.0,RB
118,RB2401,2023-11-07,3800.0,3818.0,3780.0,3791.0,1267602,1599081,4816189.465,3799.0,3811.0,RB
118,RB2401,2023-11-08,3780.0,3851.0,3768.0,3848.0,1511907,1645117,5745773.037,3800.0,3799.0,RB
118,RB2401,2023-11-09,3847.0,3879.0,3837.0,3853.0,1553439,1639732,5987914.143,3854.0,3800.0,RB
118,RB2401,2023-11-10,3853.0,3884.0,3849.0,3879.0,1287764,1624456,4984770.415,3870.0,3854.0,RB
118,RB2401,2023-11-13,3873.0,3918.0,3853.0,3872.0,1676739,1590486,6503518.497,3878.0,3870.0,RB
118,RB2401,2023-11-14,3874.0,3881.0,3834.0,3856.0,1331751,1582876,5136938.727,3857.0,3878.0,RB
118,RB2401,2023-11-15,3868.0,3962.0,3868.0,3920.0,2343797,1577302,9196238.465,3923.0,3857.0,RB
117,RB2401,2023-11-16,3920.0,3979.0,3893.0,3972.0,1699371,1638080,6678515.191,3929.0,3923.0,RB
117,RB2401,2023-11-17,3982.0,3994.0,3920.0,3929.0,1588116,1578094,6284650.134,3957.0,3929.0,RB
117,RB2401,2023-11-20,3928.0,3995.0,3911.0,3983.0,1661591,1622470,6567158.158,3952.0,3957.0,RB
117,RB2401,2023-11-21,4000.0,4053.0,3983.0,3983.0,2030063,1628589,8158945.025,4019.0,3952.0,RB
117,RB2401,2023-11-22,3986.0,4017.0,3955.0,4001.0,2020789,1599519,8056832.989,3986.0,4019.0,RB
117,RB2401,2023-11-23,4003.0,4016.0,3896.0,3934.0,2420217,1472805,9559914.735,3950.0,3986.0,RB
117,RB2401,2023-11-24,3946.0,3981.0,3907.0,3976.0,1549819,1424684,6101658.041,3937.0,3950.0,RB
117,RB2401,2023-11-27,3979.0,3982.0,3915.0,3959.0,1793161,1326302,7072246.291,3944.0,3937.0,RB
117,RB2401,2023-11-28,3959.0,3959.0,3883.0,3893.0,1814439,1160221,7109915.263,3918.0,3944.0,RB
117,RB2401,2023-11-29,3895.0,3927.0,3885.0,3896.0,1202436,1035330,4694698.633,3904.0,3918.0,RB
117,RB2401,2023-11-30,3906.0,3923.0,3860.0,3913.0,1629253,900559,6332657.326,3886.0,3904.0,RB
117,RB2401,2023-12-01,3911.0,3940.0,3890.0,3923.0,1030167,762768,4035815.761,3917.0,3886.0,RB
117,RB2401,2023-12-04,3930.0,3932.0,3866.0,3871.0,857612,684740,3342827.155,3897.0,3917.0,RB
117,RB2401,2023-12-05,3862.0,3891.0,3855.0,3870.0,647001,620615,2506764.993,3874.0,3897.0,RB
121,RB2405,2023-12-06,3896.0,3955.0,3874.0,3953.0,742650,1170999,2907378.509,3914.0,3903.0,RB
121,RB2405,2023-12-07,3953.0,4021.0,3945.0,4011.0,1040675,1313215,4154637.229,3992.0,3914.0,RB
121,RB2405,2023-12-08,4002.0,4060.0,3996.0,4042.0,937385,1371697,3782829.406,4035.0,3992.0,RB
121,RB2405,2023-12-11,4042.0,4076.0,4010.0,4025.0,1295013,1403548,5229118.601,4037.0,4035.0,RB
121,RB2405,2023-12-12,4023.0,4063.0,4005.0,4060.0,1106310,1462775,4464634.062,4035.0,4037.0,RB
121,RB2405,2023-12-13,4050.0,4053.0,3931.0,3942.0,1915813,1388556,7644099.734,3990.0,4035.0,RB
121,RB2405,2023-12-14,3951.0,3979.0,3920.0,3925.0,1284734,1364343,5071824.403,3947.0,3990.0,RB
121,RB2405,2023-12-15,3929.0,3963.0,3896.0,3915.0,1635283,1378052,6430612.652,3932.0,3947.0,RB
120,RB2405,2023-12-18,3915.0,3942.0,3892.0,3933.0,1387983,1385700,5433184.489,3914.0,3932.0,RB
120,RB2405,2023-12-19,3933.0,3950.0,3906.0,3925.0,1241986,1383881,4881051.142,3930.0,3914.0,RB
120,RB2405,2023-12-20,3925.0,3957.0,3918.0,3940.0,1064645,1370546,4193581.037,3938.0,3930.0,RB
120,RB2405,2023-12-21,3940.0,3993.0,3923.0,3988.0,1382449,1419138,5467221.655,3954.0,3938.0,RB
120,RB2405,2023-12-22,3988.0,4029.0,3982.0,4004.0,1242795,1413911,4974543.532,4002.0,3954.0,RB
120,RB2405,2023-12-25,4001.0,4014.0,3981.0,3998.0,1014394,1395734,4055100.889,3997.0,4002.0,RB
120,RB2405,2023-12-26,4000.0,4040.0,3997.0,4023.0,1069379,1460390,4300139.26,4021.0,3997.0,RB
120,RB2405,2023-12-27,4023.0,4034.0,3990.0,4023.0,1119862,1455027,4494739.311,4013.0,4021.0,RB
120,RB2405,2023-12-28,4023.0,4028.0,3982.0,3996.0,1321056,1442009,5294567.794,4007.0,4013.0,RB
120,RB2405,2023-12-29,3990.0,4014.0,3976.0,4002.0,1202060,1398474,4808773.446,4000.0,4007.0,RB
120,RB2405,2024-01-02,4005.0,4058.0,3983.0,4047.0,970394,1541082,3916594.776,4036.0,4000.0,RB
120,RB2405,2024-01-03,4048.0,4072.0,4040.0,4055.0,964192,1583796,3910263.193,4055.0,4036.0,RB
120,RB2405,2024-01-04,4054.0,4060.0,4028.0,4046.0,1012620,1565306,4096146.602,4045.0,4055.0,RB
120,RB2405,2024-01-05,4047.0,4053.0,3971.0,3979.0,1381043,1519864,5539500.254,4011.0,4045.0,RB
120,RB2405,2024-01-08,3986.0,3990.0,3937.0,3950.0,1112685,1481551,4407757.334,3961.0,4011.0,RB
120,RB2405,2024-01-09,3950.0,3963.0,3935.0,3943.0,904309,1500557,3571102.63,3948.0,3961.0,RB
120,RB2405,2024-01-10,3943.0,3946.0,3885.0,3887.0,1306981,1555083,5116799.306,3914.0,3948.0,RB
120,RB2405,2024-01-11,3882.0,3931.0,3882.0,3926.0,1049723,1518301,4101936.8,3907.0,3914.0,RB
120,RB2405,2024-01-12,3926.0,3931.0,3901.0,3902.0,946101,1518179,3704806.71,3915.0,3907.0,RB
120,RB2405,2024-01-15,3905.0,3920.0,3864.0,3896.0,1337484,1534526,5206589.404,3892.0,3915.0,RB
119,RB2405,2024-01-16,3889.0,3907.0,3865.0,3899.0,1241142,1577068,4821749.418,3884.0,3892.0,RB
119,RB2405,2024-01-17,3913.0,3925.0,3855.0,3858.0,1343304,1678312,5231206.695,3894.0,3884.0,RB
119,RB2405,2024-01-18,3852.0,3915.0,3841.0,3913.0,1671022,1624177,6483333.432,3879.0,3894.0,RB
119,RB2405,2024-01-19,3913.0,3920.0,3892.0,3915.0,938865,1589085,3668764.867,3907.0,3879.0,RB
119,RB2405,2024-01-22,3915.0,3930.0,3883.0,3902.0,1351690,1547107,5282840.485,3908.0,3907.0,RB
119,RB2405,2024-01-23,3904.0,3939.0,3893.0,3932.0,1025124,1512174,4021358.889,3922.0,3908.0,RB
119,RB2405,2024-01-24,3930.0,3955.0,3928.0,3955.0,863883,1504867,3404155.09,3940.0,3922.0,RB
119,RB2405,2024-01-25,3971.0,3989.0,3961.0,3967.0,1058613,1493572,4207704.577,3974.0,3940.0,RB
119,RB2405,2024-01-26,3961.0,3987.0,3959.0,3973.0,911318,1498486,3619534.87,3971.0,3974.0,RB
119,RB2405,2024-01-29,3973.0,3992.0,3955.0,3968.0,933122,1515490,3707836.725,3973.0,3971.0,RB
119,RB2405,2024-01-30,3968.0,3974.0,3912.0,3913.0,1177825,1548905,4647963.638,3946.0,3973.0,RB
119,RB2405,2024-01-31,3910.0,3919.0,3867.0,3869.0,1219415,1612323,4750547.585,3895.0,3946.0,RB
119,RB2405,2024-02-01,3868.0,3886.0,3855.0,3868.0,985874,1668963,3816743.083,3871.0,3895.0,RB
119,RB2405,2024-02-02,3868.0,3877.0,3801.0,3825.0,1622279,1764601,6223342.937,3836.0,3871.0,RB
119,RB2405,2024-02-05,3825.0,3855.0,3814.0,3833.0,1108800,1711481,4255636.051,3838.0,3836.0,RB
119,RB2405,2024-02-06,3828.0,3848.0,3794.0,3836.0,1256479,1729234,4798616.519,3819.0,3838.0,RB
119,RB2405,2024-02-07,3835.0,3846.0,3813.0,3840.0,753136,1670548,2882932.096,3827.0,3819.0,RB
119,RB2405,2024-02-08,3841.0,3865.0,3833.0,3854.0,748877,1574632,2883024.091,3849.0,3827.0,RB
119,RB2405,2024-02-19,3877.0,3883.0,3803.0,3808.0,923941,1698766,3543802.708,3835.0,3849.0,RB
118,RB2405,2024-02-20,3805.0,3821.0,3751.0,3753.0,1412007,1903502,5349636.38,3788.0,3835.0,RB
118,RB2405,2024-02-21,3753.0,3848.0,3734.0,3791.0,2460300,1775444,9320612.445,3788.0,3788.0,RB
118,RB2405,2024-02-22,3782.0,3817.0,3769.0,3797.0,1443443,1821231,5475443.52,3793.0,3788.0,RB
118,RB2405,2024-02-23,3797.0,3814.0,3783.0,3790.0,993602,1865495,3774403.896,3798.0,3793.0,RB
118,RB2405,2024-02-26,3789.0,3799.0,3740.0,3749.0,1489032,1931411,5603230.003,3763.0,3798.0,RB
118,RB2405,2024-02-27,3741.0,3828.0,3738.0,3824.0,1526868,1817302,5778861.202,3784.0,3763.0,RB
118,RB2405,2024-02-28,3822.0,3827.0,3798.0,3810.0,1104940,1832452,4213477.844,3813.0,3784.0,RB
118,RB2405,2024-02-29,3800.0,3816.0,3774.0,3788.0,1593839,1840987,6049907.986,3795.0,3813.0,RB
118,RB2405,2024-03-01,3788.0,3809.0,3760.0,3763.0,1307382,1907770,4953475.264,3788.0,3795.0,RB
118,RB2405,2024-03-04,3751.0,3776.0,3709.0,3762.0,2064821,1995627,7728521.92,3742.0,3788.0,RB
118,RB2405,2024-03-05,3746.0,3768.0,3715.0,3723.0,1476512,2105091,5520211.644,3738.0,3742.0,RB
118,RB2405,2024-03-06,3715.0,3722.0,3688.0,3712.0,1491723,2154551,5530499.449,3707.0,3738.0,RB
118,RB2405,2024-03-07,3710.0,3733.0,3695.0,3708.0,1453456,2173795,5399186.649,3714.0,3707.0,RB
118,RB2405,2024-03-08,3710.0,3718.0,3681.0,3691.0,1446243,2234800,5345001.916,3695.0,3714.0,RB
118,RB2405,2024-03-11,3687.0,3689.0,3604.0,3606.0,1970962,2344611,7175489.098,3640.0,3695.0,RB
118,RB2405,2024-03-12,3604.0,3641.0,3596.0,3636.0,1442101,2273876,5220680.191,3620.0,3640.0,RB
118,RB2405,2024-03-13,3635.0,3646.0,3577.0,3583.0,1592420,2322421,5754839.526,3613.0,3620.0,RB
118,RB2405,2024-03-14,3587.0,3592.0,3505.0,3506.0,2499011,2365042,8881095.357,3553.0,3613.0,RB
118,RB2405,2024-03-15,3500.0,3525.0,3484.0,3490.0,2252282,2324008,7892390.334,3504.0,3553.0,RB
117,RB2405,2024-03-18,3488.0,3524.0,3414.0,3513.0,3569146,2233803,12400487.183,3474.0,3504.0,RB
117,RB2405,2024-03-19,3518.0,3578.0,3513.0,3573.0,2378936,2057185,8434553.936,3545.0,3474.0,RB
117,RB2405,2024-03-20,3580.0,3603.0,3558.0,3570.0,2019844,1944955,7229866.636,3579.0,3545.0,RB
117,RB2405,2024-03-21,3569.0,3622.0,3549.0,3616.0,2105708,1816447,7554713.845,3587.0,3579.0,RB
117,RB2405,2024-03-22,3609.0,3630.0,3586.0,3612.0,1808837,1739877,6534329.961,3612.0,3587.0,RB
117,RB2405,2024-03-25,3612.0,3629.0,3570.0,3585.0,1982646,1701482,7133568.63,3598.0,3612.0,RB
117,RB2405,2024-03-26,3585.0,3595.0,3496.0,3499.0,2079364,1706818,7380664.016,3549.0,3598.0,RB
117,RB2405,2024-03-27,3491.0,3533.0,3477.0,3479.0,2233843,1551457,7824998.587,3502.0,3549.0,RB
117,RB2405,2024-03-28,3470.0,3504.0,3441.0,3481.0,2313912,1434142,8037380.435,3473.0,3502.0,RB
117,RB2405,2024-03-29,3475.0,3486.0,3405.0,3412.0,2016762,1299182,6954140.763,3448.0,3473.0,RB
117,RB2405,2024-04-01,3400.0,3456.0,3368.0,3456.0,1627900,1142343,5544422.739,3405.0,3448.0,RB
122,RB2410,2024-04-02,3498.0,3546.0,3482.0,3506.0,1694801,1651838,5952160.524,3512.0,3445.0,RB
122,RB2410,2024-04-03,3500.0,3540.0,3462.0,3463.0,1620584,1674662,5688192.291,3509.0,3512.0,RB
122,RB2410,2024-04-08,3460.0,3561.0,3446.0,3560.0,1716178,1712789,6037050.644,3517.0,3509.0,RB
122,RB2410,2024-04-09,3558.0,3603.0,3540.0,3594.0,1882756,1713445,6722937.635,3570.0,3517.0,RB
122,RB2410,2024-04-10,3595.0,3608.0,3571.0,3583.0,1593959,1738323,5716920.895,3586.0,3570.0,RB
122,RB2410,2024-04-11,3580.0,3620.0,3566.0,3613.0,1800637,1788118,6472447.883,3594.0,3586.0,RB
122,RB2410,2024-04-12,3615.0,3637.0,3599.0,3628.0,1440449,1790761,5211296.278,3617.0,3594.0,RB
122,RB2410,2024-04-15,3628.0,3641.0,3586.0,3616.0,1807915,1804825,6529087.907,3611.0,3617.0,RB
121,RB2410,2024-04-16,3618.0,3635.0,3594.0,3608.0,1932383,1783614,6981692.863,3612.0,3611.0,RB
121,RB2410,2024-04-17,3606.0,3685.0,3602.0,3682.0,2046152,1822853,7446611.493,3639.0,3612.0,RB
121,RB2410,2024-04-18,3686.0,3705.0,3668.0,3682.0,1863700,1760462,6870811.474,3686.0,3639.0,RB
121,RB2410,2024-04-19,3680.0,3695.0,3661.0,3675.0,1308924,1736610,4814801.151,3678.0,3686.0,RB
121,RB2410,2024-04-22,3664.0,3694.0,3651.0,3670.0,1479647,1695415,5433455.754,3672.0,3678.0,RB
121,RB2410,2024-04-23,3670.0,3685.0,3635.0,3641.0,1480656,1726245,5426147.651,3664.0,3672.0,RB
121,RB2410,2024-04-24,3636.0,3693.0,3631.0,3681.0,1421565,1718813,5215258.536,3668.0,3664.0,RB
121,RB2410,2024-04-25,3680.0,3706.0,3662.0,3669.0,1606852,1703349,5917620.335,3682.0,3668.0,RB
121,RB2410,2024-04-26,3671.0,3690.0,3645.0,3685.0,1283568,1735237,4711362.612,3670.0,3682.0,RB
121,RB2410,2024-04-29,3680.0,3696.0,3652.0,3675.0,1461304,1728962,5364252.661,3670.0,3670.0,RB
121,RB2410,2024-04-30,3688.0,3710.0,3634.0,3656.0,1694316,1688963,6218705.21,3670.0,3670.0,RB
121,RB2410,2024-05-06,3672.0,3738.0,3672.0,3735.0,1265164,1820186,4697235.71,3712.0,3670.0,RB
121,RB2410,2024-05-07,3735.0,3744.0,3715.0,3723.0,994251,1822429,3707806.367,3729.0,3712.0,RB
121,RB2410,2024-05-08,3723.0,3732.0,3671.0,3674.0,1441955,1842890,5339542.933,3702.0,3729.0,RB
121,RB2410,2024-05-09,3674.0,3691.0,3656.0,3669.0,1296179,1883846,4762757.15,3674.0,3702.0,RB
121,RB2410,2024-05-10,3674.0,3679.0,3627.0,3662.0,1591620,1890163,5813444.309,3652.0,3674.0,RB
121,RB2410,2024-05-13,3658.0,3688.0,3623.0,3686.0,1571537,1883012,5745367.477,3655.0,3652.0,RB
121,RB2410,2024-05-14,3686.0,3690.0,3624.0,3630.0,1403063,1954528,5120198.886,3649.0,3655.0,RB
121,RB2410,2024-05-15,3626.0,3632.0,3607.0,3621.0,1358284,1973963,4913874.467,3617.0,3649.0,RB
120,RB2410,2024-05-16,3624.0,3708.0,3614.0,3703.0,2001330,1948433,7340591.168,3667.0,3617.0,RB
120,RB2410,2024-05-17,3700.0,3727.0,3690.0,3716.0,1539174,1910315,5711066.959,3710.0,3667.0,RB
120,RB2410,2024-05-20,3710.0,3759.0,3695.0,3735.0,1653225,1902839,6166776.855,3730.0,3710.0,RB
120,RB2410,2024-05-21,3730.0,3753.0,3722.0,3746.0,1317680,1906958,4924049.377,3736.0,3730.0,RB
120,RB2410,2024-05-22,3746.0,3814.0,3743.0,3800.0,1955706,1991310,7404507.743,3786.0,3736.0,RB
120,RB2410,2024-05-23,3790.0,3806.0,3754.0,3775.0,1545612,1887482,5845420.029,3781.0,3786.0,RB
120,RB2410,2024-05-24,3780.0,3803.0,3769.0,3788.0,1164093,1880099,4407724.467,3786.0,3781.0,RB
120,RB2410,2024-05-27,3786.0,3792.0,3745.0,3763.0,1257128,1851637,4734421.736,3766.0,3786.0,RB
120,RB2410,2024-05-28,3768.0,3797.0,3738.0,3745.0,1352103,1818116,5095733.866,3768.0,3766.0,RB
120,RB2410,2024-05-29,3745.0,3757.0,3722.0,3753.0,1281620,1806967,4793486.303,3740.0,3768.0,RB
120,RB2410,2024-05-30,3765.0,3820.0,3727.0,3737.0,2508872,1818782,9468005.359,3773.0,3740.0,RB
120,RB2410,2024-05-31,3735.0,3739.0,3700.0,3706.0,1427259,1779867,5303129.94,3715.0,3773.0,RB
120,RB2410,2024-06-03,3706.0,3713.0,3656.0,3665.0,1508167,1806122,5549431.702,3679.0,3715.0,RB
120,RB2410,2024-06-04,3665.0,3675.0,3642.0,3646.0,1282722,1860282,4692103.424,3657.0,3679.0,RB
120,RB2410,2024-06-05,3636.0,3662.0,3630.0,3632.0,1239456,1906987,4514596.662,3642.0,3657.0,RB
120,RB2410,2024-06-06,3637.0,3668.0,3621.0,3665.0,1785129,1908589,6501825.143,3642.0,3642.0,RB
120,RB2410,2024-06-07,3665.0,3689.0,3639.0,3655.0,1445253,1839352,5293180.563,3662.0,3642.0,RB
120,RB2410,2024-06-11,3640.0,3650.0,3591.0,3597.0,1219348,1923508,4404941.534,3612.0,3662.0,RB
120,RB2410,2024-06-12,3598.0,3618.0,3588.0,3608.0,991522,1938347,3573907.597,3604.0,3612.0,RB
120,RB2410,2024-06-13,3630.0,3639.0,3583.0,3621.0,1316641,1951022,4755280.895,3611.0,3604.0,RB
120,RB2410,2024-06-14,3626.0,3658.0,3625.0,3637.0,1276433,1881475,4647267.769,3640.0,3611.0,RB
120,RB2410,2024-06-17,3637.0,3641.0,3604.0,3613.0,1141437,1930901,4130650.46,3618.0,3640.0,RB
119,RB2410,2024-06-18,3609.0,3654.0,3609.0,3618.0,1363788,1892618,4956659.928,3634.0,3618.0,RB
119,RB2410,2024-06-19,3618.0,3650.0,3606.0,3614.0,1370036,1924648,4971678.936,3628.0,3634.0,RB
119,RB2410,2024-06-20,3615.0,3636.0,3582.0,3597.0,2149607,2016628,7753517.222,3606.0,3628.0,RB
119,RB2410,2024-06-21,3594.0,3615.0,3563.0,3563.0,1429126,2130004,5125719.82,3586.0,3606.0,RB
119,RB2410,2024-06-24,3560.0,3565.0,3525.0,3532.0,1205595,2171118,4271819.371,3543.0,3586.0,RB
119,RB2410,2024-06-25,3525.0,3546.0,3522.0,3532.0,1007338,2168862,3559920.372,3533.0,3543.0,RB
119,RB2410,2024-06-26,3531.0,3567.0,3524.0,3563.0,1172911,2149873,4155646.299,3543.0,3533.0,RB
119,RB2410,2024-06-27,3563.0,3568.0,3535.0,3535.0,1051877,2177715,3736051.733,3551.0,3543.0,RB
119,RB2410,2024-06-28,3535.0,3553.0,3523.0,3544.0,1178268,2193732,4168216.756,3537.0,3551.0,RB
119,RB2410,2024-07-01,3547.0,3566.0,3532.0,3562.0,1261981,2207299,4479382.186,3549.0,3537.0,RB
119,RB2410,2024-07-02,3571.0,3584.0,3551.0,3562.0,1023302,2181825,3649507.32,3566.0,3549.0,RB
119,RB2410,2024-07-03,3565.0,3620.0,3554.0,3619.0,1621967,2097856,5815917.906,3585.0,3566.0,RB
119,RB2410,2024-07-04,3619.0,3629.0,3604.0,3616.0,1161511,2050491,4200391.993,3616.0,3585.0,RB
119,RB2410,2024-07-05,3609.0,3618.0,3551.0,3553.0,1465825,2081641,5256520.288,3586.0,3616.0,RB
119,RB2410,2024-07-08,3559.0,3566.0,3501.0,3503.0,1474404,2183700,5210204.453,3533.0,3586.0,RB
119,RB2410,2024-07-09,3505.0,3522.0,3494.0,3515.0,1099757,2192582,3860469.57,3510.0,3533.0,RB
119,RB2410,2024-07-10,3511.0,3516.0,3471.0,3478.0,1174823,2263881,4103531.395,3492.0,3510.0,RB
119,RB2410,2024-07-11,3486.0,3534.0,3478.0,3514.0,1517698,2202912,5320741.691,3505.0,3492.0,RB
119,RB2410,2024-07-12,3517.0,3529.0,3505.0,3523.0,917664,2183643,3229262.481,3519.0,3505.0,RB
119,RB2410,2024-07-15,3523.0,3581.0,3492.0,3551.0,1893587,2100492,6712410.01,3544.0,3519.0,RB
118,RB2410,2024-07-16,3548.0,3558.0,3525.0,3544.0,1202701,2081726,4259710.333,3541.0,3544.0,RB
118,RB2410,2024-07-17,3538.0,3556.0,3484.0,3487.0,1578526,2186809,5559065.26,3521.0,3541.0,RB
118,RB2410,2024-07-18,3482.0,3496.0,3456.0,3492.0,1611544,2229663,5600581.588,3475.0,3521.0,RB
118,RB2410,2024-07-19,3480.0,3488.0,3455.0,3479.0,1363881,2222700,4738950.551,3474.0,3475.0,RB
118,RB2410,2024-07-22,3473.0,3486.0,3441.0,3451.0,1589548,2233901,5503288.989,3462.0,3474.0,RB
118,RB2410,2024-07-23,3448.0,3460.0,3396.0,3397.0,1456729,2329380,4994060.273,3428.0,3462.0,RB
118,RB2410,2024-07-24,3405.0,3413.0,3384.0,3391.0,1376828,2382127,4678762.039,3398.0,3428.0,RB
118,RB2410,2024-07-25,3391.0,3395.0,3309.0,3329.0,1877270,2399751,6288294.717,3349.0,3398.0,RB
118,RB2410,2024-07-26,3332.0,3401.0,3330.0,3371.0,1981217,2307823,6689435.108,3376.0,3349.0,RB
118,RB2410,2024-07-29,3371.0,3376.0,3341.0,3363.0,1475836,2296842,4957723.102,3359.0,3376.0,RB
118,RB2410,2024-07-30,3374.0,3394.0,3294.0,3301.0,2051883,2289134,6862755.398,3344.0,3359.0,RB
118,RB2410,2024-07-31,3301.0,3364.0,3271.0,3326.0,2163118,2266687,7180236.64,3319.0,3344.0,RB
118,RB2410,2024-08-01,3346.0,3384.0,3331.0,3355.0,1582455,2226504,5307415.009,3353.0,3319.0,RB
118,RB2410,2024-08-02,3354.0,3382.0,3324.0,3379.0,1434418,2176940,4809985.29,3353.0,3353.0,RB
118,RB2410,2024-08-05,3382.0,3397.0,3336.0,3367.0,1470364,2140088,4949311.607,3366.0,3353.0,RB
118,RB2410,2024-08-06,3350.0,3379.0,3296.0,3306.0,1667829,2193394,5564722.369,3336.0,3366.0,RB
118,RB2410,2024-08-07,3305.0,3335.0,3296.0,3304.0,1100349,2143920,3646338.261,3313.0,3336.0,RB
118,RB2410,2024-08-08,3306.0,3323.0,3252.0,3254.0,1445782,2173101,4752069.116,3286.0,3313.0,RB
118,RB2410,2024-08-09,3260.0,3324.0,3255.0,3277.0,1694699,2055995,5570234.408,3286.0,3286.0,RB
118,RB2410,2024-08-12,3277.0,3283.0,3206.0,3222.0,1438848,2065002,4657466.006,3236.0,3286.0,RB
118,RB2410,2024-08-13,3222.0,3242.0,3159.0,3173.0,1575824,2045327,5044459.071,3201.0,3236.0,RB
118,RB2410,2024-08-14,3171.0,3176.0,3056.0,3099.0,2366225,1979876,7392745.706,3124.0,3201.0,RB
118,RB2410,2024-08-15,3110.0,3132.0,3069.0,3119.0,2317984,1899971,7187332.752,3100.0,3124.0,RB
117,RB2410,2024-08-16,3123.0,3139.0,3075.0,3078.0,1799160,1872344,5600060.336,3112.0,3100.0,RB
117,RB2410,2024-08-19,3067.0,3159.0,3042.0,3156.0,2725356,1877749,8482645.921,3112.0,3112.0,RB
117,RB2410,2024-08-20,3156.0,3182.0,3134.0,3172.0,1725185,1785676,5445833.947,3156.0,3112.0,RB
117,RB2410,2024-08-21,3189.0,3238.0,3172.0,3235.0,1604043,1725001,5127751.075,3196.0,3156.0,RB
117,RB2410,2024-08-22,3226.0,3233.0,3168.0,3174.0,1630527,1675988,5224872.151,3204.0,3196.0,RB
117,RB2410,2024-08-23,3175.0,3195.0,3153.0,3154.0,1425130,1602633,4532233.515,3180.0,3204.0,RB
117,RB2410,2024-08-26,3161.0,3267.0,3144.0,3264.0,2099759,1565422,6748072.499,3213.0,3180.0,RB
117,RB2410,2024-08-27,3259.0,3289.0,3239.0,3249.0,1529548,1456440,4981930.283,3257.0,3213.0,RB
117,RB2410,2024-08-28,3250.0,3278.0,3248.0,3264.0,1130551,1379700,3688969.77,3262.0,3257.0,RB
117,RB2410,2024-08-29,3260.0,3285.0,3235.0,3259.0,1200943,1312947,3916471.112,3261.0,3262.0,RB
117,RB2410,2024-08-30,3252.0,3274.0,3206.0,3222.0,1270467,1204109,4120178.735,3243.0,3261.0,RB
120,RB2501,2024-09-02,3282.0,3299.0,3210.0,3223.0,1256621,1430833,4085637.502,3251.0,3299.0,RB
120,RB2501,2024-09-03,3223.0,3238.0,3142.0,3149.0,1716879,1571584,5488692.467,3196.0,3251.0,RB
120,RB2501,2024-09-04,3140.0,3159.0,3087.0,3109.0,2601602,1645158,8137225.65,3127.0,3196.0,RB
120,RB2501,2024-09-05,3110.0,3141.0,3073.0,3083.0,2202508,1677290,6845499.642,3108.0,3127.0,RB
120,RB2501,2024-09-06,3101.0,3124.0,3014.0,3051.0,2823651,1718737,8662323.867,3067.0,3108.0,RB
120,RB2501,2024-09-09,3060.0,3094.0,2988.0,3078.0,3007110,1800082,9117900.489,3032.0,3067.0,RB
120,RB2501,2024-09-10,3084.0,3116.0,3058.0,3080.0,2637623,1853061,8143543.464,3087.0,3032.0,RB
120,RB2501,2024-09-11,3080.0,3138.0,3038.0,3137.0,3139653,1880988,9700171.19,3089.0,3087.0,RB
120,RB2501,2024-09-12,3139.0,3194.0,3126.0,3185.0,2928057,1855494,9247037.791,3158.0,3089.0,RB
120,RB2501,2024-09-13,3187.0,3219.0,3170.0,3190.0,2518063,1802789,8048656.549,3196.0,3158.0,RB
120,RB2501,2024-09-18,3185.0,3231.0,3123.0,3150.0,2600922,1871684,8246377.768,3170.0,3196.0,RB
119,RB2501,2024-09-19,3157.0,3211.0,3128.0,3206.0,3207683,1977224,10182510.611,3174.0,3170.0,RB
119,RB2501,2024-09-20,3210.0,3237.0,3141.0,3165.0,3311177,1981675,10576509.408,3194.0,3174.0,RB
119,RB2501,2024-09-23,3163.0,3167.0,3084.0,3087.0,3220101,2029260,10038496.832,3117.0,3194.0,RB
119,RB2501,2024-09-24,3090.0,3220.0,3088.0,3217.0,4491637,1967554,14156498.56,3151.0,3117.0,RB
119,RB2501,2024-09-25,3220.0,3288.0,3216.0,3225.0,3653042,1868854,11864759.275,3247.0,3151.0,RB
119,RB2501,2024-09-26,3223.0,3297.0,3211.0,3281.0,3295786,1871665,10736096.041,3257.0,3247.0,RB
119,RB2501,2024-09-27,3305.0,3349.0,3295.0,3341.0,3114689,1695940,10338598.034,3319.0,3257.0,RB
119,RB2501,2024-09-30,3341.0,3551.0,3323.0,3551.0,2758421,1622556,9574871.377,3471.0,3319.0,RB
119,RB2501,2024-10-08,3680.0,3780.0,3434.0,3486.0,4220545,1540193,15130390.863,3584.0,3471.0,RB
119,RB2501,2024-10-09,3500.0,3545.0,3450.0,3466.0,3644952,1622329,12759249.245,3500.0,3584.0,RB
119,RB2501,2024-10-10,3450.0,3511.0,3412.0,3442.0,3806663,1703228,13174608.054,3460.0,3500.0,RB
119,RB2501,2024-10-11,3442.0,3484.0,3421.0,3468.0,3198181,1752309,11049742.74,3455.0,3460.0,RB
119,RB2501,2024-10-14,3472.0,3534.0,3436.0,3502.0,4049131,1740933,14140791.113,3492.0,3455.0,RB
119,RB2501,2024-10-15,3499.0,3512.0,3461.0,3467.0,3584093,1781904,12498773.675,3487.0,3492.0,RB
118,RB2501,2024-10-16,3470.0,3502.0,3444.0,3447.0,3479402,1859839,12090201.129,3474.0,3487.0,RB
118,RB2501,2024-10-17,3450.0,3486.0,3300.0,3300.0,4903326,1898835,16668090.522,3399.0,3474.0,RB
118,RB2501,2024-10-18,3311.0,3384.0,3284.0,3336.0,3902945,1804647,12966514.813,3322.0,3399.0,RB
118,RB2501,2024-10-21,3350.0,3376.0,3335.0,3358.0,2416552,1778378,8106524.692,3354.0,3322.0,RB
118,RB2501,2024-10-22,3358.0,3367.0,3300.0,3349.0,2735345,1751263,9115126.057,3332.0,3354.0,RB
118,RB2501,2024-10-23,3342.0,3362.0,3308.0,3316.0,2479153,1807359,8267703.517,3334.0,3332.0,RB
118,RB2501,2024-10-24,3307.0,3340.0,3290.0,3330.0,2641100,1802226,8749591.47,3312.0,3334.0,RB
118,RB2501,2024-10-25,3332.0,3389.0,3329.0,3376.0,2617330,1728168,8800488.429,3362.0,3312.0,RB
118,RB2501,2024-10-28,3380.0,3479.0,3372.0,3451.0,2997381,1778152,10303268.929,3437.0,3362.0,RB
118,RB2501,2024-10-29,3450.0,3460.0,3411.0,3422.0,1928067,1762609,6622878.747,3434.0,3437.0,RB
118,RB2501,2024-10-30,3451.0,3469.0,3403.0,3442.0,2252191,1732080,7746452.523,3439.0,3434.0,RB
118,RB2501,2024-10-31,3445.0,3451.0,3417.0,3427.0,2057799,1726259,7068134.181,3434.0,3439.0,RB
118,RB2501,2024-11-01,3425.0,3434.0,3370.0,3393.0,2381801,1706790,8098933.493,3400.0,3434.0,RB
118,RB2501,2024-11-04,3403.0,3483.0,3344.0,3425.0,3213882,1701525,10893801.683,3389.0,3400.0,RB
118,RB2501,2024-11-05,3425.0,3458.0,3405.0,3433.0,2032842,1701597,6973582.318,3430.0,3389.0,RB
118,RB2501,2024-11-06,3445.0,3446.0,3354.0,3392.0,3356124,1677086,11414470.737,3401.0,3430.0,RB
118,RB2501,2024-11-07,3380.0,3438.0,3362.0,3436.0,2361478,1674191,8028988.382,3399.0,3401.0,RB
118,RB2501,2024-11-08,3443.0,3465.0,3356.0,3367.0,3624024,1777628,12362881.508,3411.0,3399.0,RB
118,RB2501,2024-11-11,3348.0,3388.0,3307.0,3331.0,2744850,1832002,9173813.62,3342.0,3411.0,RB
118,RB2501,2024-11-12,3333.0,3353.0,3308.0,3344.0,2032597,1817779,6765869.033,3328.0,3342.0,RB
118,RB2501,2024-11-13,3344.0,3367.0,3323.0,3337.0,1899234,1761405,6351231.314,3344.0,3328.0,RB
118,RB2501,2024-11-14,3345.0,3350.0,3304.0,3313.0,1803371,1804837,5998217.187,3326.0,3344.0,RB
118,RB2501,2024-11-15,3304.0,3321.0,3231.0,3232.0,2617529,1803336,8579972.542,3277.0,3326.0,RB
117,RB2501,2024-11-18,3243.0,3295.0,3226.0,3279.0,2342838,1766798,7644506.794,3262.0,3277.0,RB
117,RB2501,2024-11-19,3285.0,3330.0,3254.0,3322.0,2389998,1684167,7866057.006,3291.0,3262.0,RB
117,RB2501,2024-11-20,3315.0,3328.0,3304.0,3319.0,1434021,1605126,4754755.075,3315.0,3291.0,RB
117,RB2501,2024-11-21,3319.0,3345.0,3311.0,3332.0,1737723,1536631,5782285.295,3327.0,3315.0,RB
117,RB2501,2024-11-22,3338.0,3343.0,3269.0,3277.0,1794057,1516855,5927825.961,3304.0,3327.0,RB
117,RB2501,2024-11-25,3277.0,3344.0,3277.0,3297.0,2286942,1418516,7563256.895,3307.0,3304.0,RB
117,RB2501,2024-11-26,3300.0,3329.0,3294.0,3303.0,1540708,1363289,5100677.608,3310.0,3307.0,RB
117,RB2501,2024-11-27,3305.0,3316.0,3274.0,3309.0,1572858,1299346,5187413.472,3298.0,3310.0,RB
117,RB2501,2024-11-28,3311.0,3319.0,3284.0,3312.0,1695442,1233968,5598576.913,3302.0,3298.0,RB
117,RB2501,2024-11-29,3309.0,3354.0,3305.0,3318.0,1785535,1116449,5940667.048,3327.0,3302.0,RB
117,RB2501,2024-12-02,3318.0,3349.0,3298.0,3333.0,1414682,1010298,4703823.368,3325.0,3327.0,RB
117,RB2501,2024-12-03,3333.0,3356.0,3330.0,3352.0,907857,980405,3034551.981,3342.0,3325.0,RB
117,RB2501,2024-12-04,3352.0,3352.0,3300.0,3339.0,1196526,863032,3981785.006,3327.0,3342.0,RB
121,RB2505,2024-12-05,3405.0,3418.0,3331.0,3341.0,1105790,1148369,3727432.437,3370.0,3403.0,RB
121,RB2505,2024-12-06,3340.0,3350.0,3308.0,3311.0,1524215,1334694,5074155.378,3329.0,3370.0,RB
121,RB2505,2024-12-09,3305.0,3347.0,3288.0,3330.0,1721667,1360587,5714426.979,3319.0,3329.0,RB
121,RB2505,2024-12-10,3390.0,3457.0,3385.0,3402.0,3030547,1333488,10359674.815,3418.0,3319.0,RB
121,RB2505,2024-12-11,3402.0,3423.0,3395.0,3413.0,1233061,1366184,4202962.815,3408.0,3418.0,RB
121,RB2505,2024-12-12,3413.0,3436.0,3402.0,3428.0,1334907,1434412,4564634.798,3419.0,3408.0,RB
121,RB2505,2024-12-13,3406.0,3411.0,3351.0,3360.0,2022355,1446384,6830501.11,3377.0,3419.0,RB
121,RB2505,2024-12-16,3360.0,3379.0,3340.0,3362.0,1337573,1427400,4488865.792,3355.0,3377.0,RB
120,RB2505,2024-12-17,3369.0,3377.0,3352.0,3364.0,1096666,1420263,3689841.395,3364.0,3355.0,RB
120,RB2505,2024-12-18,3360.0,3364.0,3305.0,3312.0,1557154,1590081,5196330.294,3337.0,3364.0,RB
120,RB2505,2024-12-19,3312.0,3323.0,3258.0,3287.0,2101553,1696609,6910138.936,3288.0,3337.0,RB
120,RB2505,2024-12-20,3288.0,3293.0,3273.0,3279.0,1000578,1691042,3285461.148,3283.0,3288.0,RB
120,RB2505,2024-12-23,3283.0,3308.0,3256.0,3290.0,1582804,1678153,5198425.609,3284.0,3283.0,RB
120,RB2505,2024-12-24,3290.0,3316.0,3275.0,3314.0,1306122,1664902,4301410.421,3293.0,3284.0,RB
120,RB2505,2024-12-25,3308.0,3315.0,3293.0,3300.0,1008991,1660415,3334179.14,3304.0,3293.0,RB
120,RB2505,2024-12-26,3299.0,3329.0,3289.0,3305.0,1424785,1578827,4716260.175,3310.0,3304.0,RB
120,RB2505,2024-12-27,3307.0,3310.0,3261.0,3268.0,1467866,1679845,4821317.233,3284.0,3310.0,RB
120,RB2505,2024-12-30,3265.0,3320.0,3262.0,3317.0,1632026,1607825,5379890.335,3296.0,3284.0,RB
120,RB2505,2024-12-31,3326.0,3327.0,3302.0,3309.0,1115370,1561545,3694817.888,3312.0,3296.0,RB
120,RB2505,2025-01-02,3305.0,3335.0,3284.0,3306.0,1373928,1551112,4549774.763,3311.0,3312.0,RB
120,RB2505,2025-01-03,3305.0,3309.0,3260.0,3272.0,1560003,1675464,5118136.771,3280.0,3311.0,RB
120,RB2505,2025-01-06,3264.0,3287.0,3251.0,3252.0,1614675,1746201,5274229.64,3266.0,3280.0,RB
120,RB2505,2025-01-07,3269.0,3278.0,3232.0,3239.0,1312041,1772105,4262702.323,3248.0,3266.0,RB
120,RB2505,2025-01-08,3239.0,3250.0,3204.0,3211.0,1273140,1842567,4107699.916,3226.0,3248.0,RB
120,RB2505,2025-01-09,3207.0,3218.0,3184.0,3205.0,1503533,1842442,4814157.121,3201.0,3226.0,RB
120,RB2505,2025-01-10,3206.0,3216.0,3189.0,3202.0,1107492,1839478,3548241.042,3203.0,3201.0,RB
120,RB2505,2025-01-13,3213.0,3255.0,3208.0,3249.0,1647938,1762313,5331653.123,3235.0,3203.0,RB
120,RB2505,2025-01-14,3249.0,3293.0,3240.0,3283.0,1311180,1742948,4285688.238,3268.0,3235.0,RB
120,RB2505,2025-01-15,3285.0,3303.0,3270.0,3290.0,1168495,1717577,3841238.72,3287.0,3268.0,RB
119,RB2505,2025-01-16,3290.0,3332.0,3284.0,3327.0,1462774,1755226,4839783.793,3308.0,3287.0,RB
119,RB2505,2025-01-17,3330.0,3378.0,3316.0,3372.0,1588746,1809583,5317256.147,3346.0,3308.0,RB
119,RB2505,2025-01-20,3371.0,3391.0,3340.0,3354.0,1687191,1761893,5674386.464,3363.0,3346.0,RB
119,RB2505,2025-01-21,3356.0,3385.0,3344.0,3354.0,1411296,1749180,4747513.42,3363.0,3363.0,RB
119,RB2505,2025-01-22,3350.0,3354.0,3320.0,3337.0,1227104,1693073,4090198.907,3333.0,3363.0,RB
119,RB2505,2025-01-23,3346.0,3375.0,3337.0,3352.0,1336839,1704493,4487157.786,3356.0,3333.0,RB
119,RB2505,2025-01-24,3342.0,3383.0,3329.0,3377.0,1312473,1683783,4401131.924,3353.0,3356.0,RB
119,RB2505,2025-01-27,3371.0,3388.0,3353.0,3382.0,839664,1627909,2831093.321,3371.0,3353.0,RB
119,RB2505,2025-02-05,3395.0,3398.0,3307.0,3320.0,1169030,1711847,3901619.444,3337.0,3371.0,RB
119,RB2505,2025-02-06,3320.0,3362.0,3317.0,3357.0,1198192,1773454,4002310.159,3340.0,3337.0,RB
119,RB2505,2025-02-07,3355.0,3377.0,3345.0,3352.0,1254092,1828012,4215580.276,3361.0,3340.0,RB
119,RB2505,2025-02-10,3355.0,3374.0,3312.0,3331.0,1851664,1856963,6184679.436,3340.0,3361.0,RB
119,RB2505,2025-02-11,3339.0,3339.0,3269.0,3275.0,1803197,1947395,5955512.247,3302.0,3340.0,RB
119,RB2505,2025-02-12,3275.0,3297.0,3261.0,3292.0,1274350,1895628,4180892.985,3280.0,3302.0,RB
119,RB2505,2025-02-13,3292.0,3299.0,3255.0,3265.0,1297857,1889839,4254001.833,3277.0,3280.0,RB
119,RB2505,2025-02-14,3260.0,3288.0,3252.0,3262.0,1124905,1885541,3677089.881,3268.0,3277.0,RB
119,RB2505,2025-02-17,3259.0,3301.0,3247.0,3290.0,1400224,1902224,4578450.505,3269.0,3268.0,RB
118,RB2505,2025-02-18,3289.0,3320.0,3276.0,3313.0,1316289,1880432,4342586.132,3299.0,3269.0,RB
118,RB2505,2025-02-19,3318.0,3329.0,3308.0,3315.0,911004,1860033,3022557.344,3317.0,3299.0,RB
118,RB2505,2025-02-20,3311.0,3364.0,3305.0,3358.0,1572547,1924251,5238624.159,3331.0,3317.0,RB
118,RB2505,2025-02-21,3358.0,3377.0,3356.0,3361.0,1237733,1937279,4166880.572,3366.0,3331.0,RB
118,RB2505,2025-02-24,3340.0,3355.0,3321.0,3340.0,1370969,1892131,4576634.235,3338.0,3366.0,RB
118,RB2505,2025-02-25,3338.0,3343.0,3268.0,3273.0,1783574,1927913,5883022.192,3298.0,3338.0,RB
118,RB2505,2025-02-26,3273.0,3346.0,3269.0,3339.0,2666374,1936010,8834431.493,3313.0,3298.0,RB
118,RB2505,2025-02-27,3340.0,3352.0,3295.0,3329.0,2344249,1908752,7796736.2,3325.0,3313.0,RB
118,RB2505,2025-02-28,3332.0,3337.0,3301.0,3328.0,1588693,1891741,5271746.995,3318.0,3325.0,RB
118,RB2505,2025-03-03,3320.0,3340.0,3292.0,3296.0,2038460,1904595,6766919.021,3319.0,3318.0,RB
118,RB2505,2025-03-04,3298.0,3309.0,3260.0,3282.0,1805693,1966385,5926605.714,3282.0,3319.0,RB
118,RB2505,2025-03-05,3279.0,3288.0,3252.0,3259.0,1789010,2047118,5847403.149,3268.0,3282.0,RB
118,RB2505,2025-03-06,3260.0,3299.0,3254.0,3282.0,1991285,2039890,6520920.693,3274.0,3268.0,RB
118,RB2505,2025-03-07,3278.0,3285.0,3245.0,3252.0,1987064,2118487,6485841.663,3264.0,3274.0,RB
118,RB2505,2025-03-10,3240.0,3266.0,3215.0,3220.0,2009350,2216822,6503899.183,3236.0,3264.0,RB
118,RB2505,2025-03-11,3220.0,3225.0,3186.0,3209.0,1646378,2206072,5279962.935,3207.0,3236.0,RB
118,RB2505,2025-03-12,3218.0,3230.0,3202.0,3226.0,1584434,2200520,5097510.616,3217.0,3207.0,RB
118,RB2505,2025-03-13,3230.0,3258.0,3228.0,3256.0,1928609,2056013,6253630.782,3242.0,3217.0,RB
118,RB2505,2025-03-14,3258.0,3274.0,3241.0,3267.0,1274506,1963117,4152144.587,3257.0,3242.0,RB
118,RB2505,2025-03-17,3268.0,3272.0,3210.0,3217.0,1608112,2048429,5201439.54,3234.0,3257.0,RB
117,RB2505,2025-03-18,3215.0,3217.0,3186.0,3191.0,1498790,2164560,4797236.027,3200.0,3234.0,RB
117,RB2505,2025-03-19,3195.0,3197.0,3155.0,3162.0,1579305,2173949,5005146.461,3169.0,3200.0,RB
117,RB2505,2025-03-20,3162.0,3176.0,3134.0,3176.0,1727171,2137880,5453927.718,3157.0,3169.0,RB
117,RB2505,2025-03-21,3172.0,3178.0,3151.0,3156.0,1355881,2077123,4291371.862,3165.0,3157.0,RB
117,RB2505,2025-03-24,3159.0,3210.0,3136.0,3204.0,1894792,1930428,6024509.762,3179.0,3165.0,RB
117,RB2505,2025-03-25,3204.0,3225.0,3185.0,3220.0,1676454,1794958,5377596.473,3207.0,3179.0,RB
117,RB2505,2025-03-26,3220.0,3229.0,3202.0,3209.0,1163080,1712086,3739050.752,3214.0,3207.0,RB
117,RB2505,2025-03-27,3205.0,3223.0,3188.0,3208.0,1477756,1607725,4738304.51,3206.0,3214.0,RB
117,RB2505,2025-03-28,3210.0,3210.0,3181.0,3197.0,1417171,1553390,4525024.851,3192.0,3206.0,RB
117,RB2505,2025-03-31,3197.0,3201.0,3153.0,3159.0,1286485,1403648,4082484.879,3173.0,3192.0,RB
117,RB2505,2025-04-01,3159.0,3188.0,3131.0,3170.0,1317976,1272676,4160686.811,3156.0,3173.0,RB
117,RB2505,2025-04-02,3170.0,3181.0,3151.0,3166.0,724030,1210865,2295175.506,3170.0,3156.0,RB
117,RB2505,2025-04-03,3175.0,3190.0,3141.0,3164.0,975196,1118015,3086804.819,3165.0,3170.0,RB
122,RB2510,2025-04-07,3155.0,3170.0,3113.0,3146.0,1420144,1425776,4459023.305,3139.0,3235.0,RB
122,RB2510,2025-04-08,3158.0,3171.0,3093.0,3101.0,1790923,1640009,5608077.774,3131.0,3139.0,RB
122,RB2510,2025-04-09,3102.0,3115.0,3033.0,3088.0,2234794,1687170,6876557.734,3077.0,3131.0,RB
122,RB2510,2025-04-10,3075.0,3155.0,3066.0,3139.0,1929556,1686421,6026386.109,3123.0,3077.0,RB
122,RB2510,2025-04-11,3145.0,3146.0,3104.0,3131.0,1505491,1665377,4706423.333,3126.0,3123.0,RB
122,RB2510,2025-04-14,3130.0,3145.0,3118.0,3126.0,1066833,1705840,3340328.793,3131.0,3126.0,RB
122,RB2510,2025-04-15,3127.0,3140.0,3112.0,3125.0,1128992,1708811,3529937.725,3126.0,3131.0,RB
121,RB2510,2025-04-16,3122.0,3133.0,3088.0,3093.0,1202994,1838220,3737335.643,3106.0,3126.0,RB
121,RB2510,2025-04-17,3096.0,3118.0,3086.0,3092.0,1414470,1859673,4387507.177,3101.0,3106.0,RB
121,RB2510,2025-04-18,3091.0,3100.0,3073.0,3076.0,1332522,1926742,4115546.83,3088.0,3101.0,RB
121,RB2510,2025-04-21,3080.0,3119.0,3070.0,3113.0,1277622,1953540,3959115.734,3098.0,3088.0,RB
121,RB2510,2025-04-22,3118.0,3123.0,3065.0,3075.0,1344693,2012421,4158595.886,3092.0,3098.0,RB
121,RB2510,2025-04-23,3080.0,3146.0,3073.0,3137.0,1965374,1968021,6111812.994,3109.0,3092.0,RB
121,RB2510,2025-04-24,3138.0,3139.0,3095.0,3106.0,1456883,1980197,4539912.2,3116.0,3109.0,RB
121,RB2510,2025-04-25,3114.0,3130.0,3096.0,3101.0,1679713,1986742,5225145.939,3110.0,3116.0,RB
121,RB2510,2025-04-28,3106.0,3164.0,3102.0,3129.0,3309555,2032936,10386481.608,3138.0,3110.0,RB
121,RB2510,2025-04-29,3129.0,3131.0,3092.0,3100.0,1627530,2017637,5060010.161,3109.0,3138.0,RB
121,RB2510,2025-04-30,3100.0,3104.0,3085.0,3096.0,1034654,1911940,3203584.356,3096.0,3109.0,RB
121,RB2510,2025-05-06,3120.0,3130.0,3071.0,3077.0,1325224,2004472,4097674.295,3092.0,3096.0,RB
121,RB2510,2025-05-07,3090.0,3136.0,3080.0,3098.0,2279629,1974322,7081957.999,3106.0,3092.0,RB
121,RB2510,2025-05-08,3101.0,3102.0,3047.0,3052.0,2053864,2234779,6311024.967,3072.0,3106.0,RB
121,RB2510,2025-05-09,3052.0,3053.0,3016.0,3022.0,1655962,2344321,5027830.142,3036.0,3072.0,RB
121,RB2510,2025-05-12,3023.0,3086.0,3014.0,3082.0,2373248,2180461,7244981.707,3052.0,3036.0,RB
121,RB2510,2025-05-13,3105.0,3115.0,3066.0,3079.0,1930069,2151176,5962974.983,3089.0,3052.0,RB
121,RB2510,2025-05-14,3084.0,3133.0,3067.0,3127.0,2134942,2111525,6631662.921,3106.0,3089.0,RB
121,RB2510,2025-05-15,3126.0,3130.0,3111.0,3118.0,1151080,2088127,3589831.149,3118.0,3106.0,RB
120,RB2510,2025-05-16,3119.0,3119.0,3080.0,3082.0,1485885,2073027,4606982.232,3100.0,3118.0,RB
120,RB2510,2025-05-19,3078.0,3095.0,3061.0,3069.0,1291096,2113045,3971951.971,3076.0,3100.0,RB
120,RB2510,2025-05-20,3065.0,3080.0,3050.0,3058.0,1285345,2160329,3938265.685,3063.0,3076.0,RB
120,RB2510,2025-05-21,3062.0,3074.0,3053.0,3061.0,1023277,2169396,3133290.208,3062.0,3063.0,RB
120,RB2510,2025-05-22,3062.0,3076.0,3043.0,3061.0,1461626,2174638,4472126.673,3059.0,3062.0,RB
120,RB2510,2025-05-23,3060.0,3069.0,3044.0,3046.0,1208627,2158221,3692617.537,3055.0,3059.0,RB
120,RB2510,2025-05-26,3040.0,3045.0,2996.0,3004.0,1829729,2349145,5521285.248,3017.0,3055.0,RB
120,RB2510,2025-05-27,3010.0,3018.0,2964.0,2980.0,1935755,2399979,5782467.964,2987.0,3017.0,RB
120,RB2510,2025-05-28,2981.0,2982.0,2950.0,2964.0,1333951,2441388,3954637.541,2964.0,2987.0,RB
120,RB2510,2025-05-29,2960.0,2990.0,2954.0,2978.0,1945056,2377320,5779779.501,2971.0,2964.0,RB
120,RB2510,2025-05-30,2978.0,2978.0,2946.0,2961.0,1549422,2296076,4592403.706,2963.0,2971.0,RB
120,RB2510,2025-06-03,2948.0,2948.0,2912.0,2928.0,1553663,2297854,4549707.103,2928.0,2963.0,RB
120,RB2510,2025-06-04,2930.0,2988.0,2925.0,2974.0,2066104,2280391,6106838.3,2955.0,2928.0,RB
120,RB2510,2025-06-05,2974.0,2979.0,2935.0,2959.0,1486968,2257013,4399398.339,2958.0,2955.0,RB
120,RB2510,2025-06-06,2969.0,3002.0,2963.0,2975.0,1845348,2216449,5504616.321,2982.0,2958.0,RB
120,RB2510,2025-06-09,2975.0,2990.0,2962.0,2981.0,1433362,2196722,4266903.491,2976.0,2982.0,RB
127,RB2510,2025-06-10,2983.0,2988.0,2957.0,2974.0,1456363,2165234,4327976.271,2971.0,2976.0,RB
127,RB2510,2025-06-11,2974.0,3008.0,2974.0,2991.0,1514855,2164232,4528342.237,2989.0,2971.0,RB
127,RB2510,2025-06-12,2994.0,2994.0,2963.0,2968.0,1312653,2220025,3906245.104,2975.0,2989.0,RB
127,RB2510,2025-06-13,2970.0,2985.0,2940.0,2969.0,2168544,2135661,6422378.118,2961.0,2975.0,RB
127,RB2510,2025-06-16,2961.0,2994.0,2951.0,2990.0,1537422,2164732,4576472.635,2976.0,2961.0,RB
127,RB2510,2025-06-17,2986.0,2994.0,2972.0,2981.0,1046277,2140997,3120094.639,2982.0,2976.0,RB
127,RB2510,2025-06-18,2979.0,2996.0,2969.0,2986.0,1326973,2133943,3958113.122,2982.0,2982.0,RB
127,RB2510,2025-06-19,2986.0,3002.0,2975.0,2986.0,1180366,2132733,3523781.172,2985.0,2982.0,RB
127,RB2510,2025-06-20,2990.0,3010.0,2982.0,2992.0,1414281,2164155,4235078.146,2994.0,2985.0,RB
127,RB2510,2025-06-23,2991.0,3006.0,2983.0,2995.0,976619,2157949,2923364.333,2993.0,2994.0,RB
127,RB2510,2025-06-24,2992.0,3005.0,2975.0,2977.0,1530297,2168877,4570154.26,2986.0,2993.0,RB
127,RB2510,2025-06-25,2976.0,2980.0,2960.0,2976.0,1361264,2172600,4043151.324,2970.0,2986.0,RB
127,RB2510,2025-06-26,2976.0,2977.0,2952.0,2973.0,1377892,2191778,4087361.808,2966.0,2970.0,RB
127,RB2510,2025-06-27,2975.0,3005.0,2971.0,2995.0,1500826,2142813,4487928.738,2990.0,2966.0,RB
127,RB2510,2025-06-30,2998.0,3027.0,2994.0,2997.0,1768212,2124170,5321542.421,3009.0,2990.0,RB
127,RB2510,2025-07-01,2993.0,3004.0,2977.0,3003.0,1372384,2076067,4100302.475,2987.0,3009.0,RB
127,RB2510,2025-07-02,3003.0,3071.0,3003.0,3065.0,2371284,2226379,7191823.389,3032.0,2987.0,RB
127,RB2510,2025-07-03,3075.0,3086.0,3050.0,3076.0,1776150,2237249,5445362.031,3065.0,3032.0,RB
127,RB2510,2025-07-04,3073.0,3095.0,3070.0,3072.0,1644200,2238587,5068859.136,3082.0,3065.0,RB
127,RB2510,2025-07-07,3070.0,3085.0,3053.0,3061.0,1226302,2197330,3762007.743,3067.0,3082.0,RB
127,RB2510,2025-07-08,3059.0,3074.0,3050.0,3063.0,954572,2168547,2922806.841,3061.0,3067.0,RB
127,RB2510,2025-07-09,3061.0,3077.0,3054.0,3063.0,1026448,2174941,3146974.262,3065.0,3061.0,RB
127,RB2510,2025-07-10,3060.0,3130.0,3060.0,3123.0,2153427,2230035,6675518.968,3099.0,3065.0,RB
127,RB2510,2025-07-11,3116.0,3149.0,3116.0,3133.0,1654545,2200525,5185249.165,3133.0,3099.0,RB
127,RB2510,2025-07-14,3133.0,3143.0,3122.0,3138.0,1164609,2122341,3647239.74,3131.0,3133.0,RB
127,RB2510,2025-07-15,3131.0,3138.0,3102.0,3114.0,1439493,2153852,4492852.483,3121.0,3131.0,RB
127,RB2510,2025-07-16,3115.0,3122.0,3094.0,3106.0,1130791,2137057,3515386.747,3108.0,3121.0,RB
127,RB2510,2025-07-17,3105.0,3135.0,3105.0,3133.0,1501721,2126876,4691715.06,3124.0,3108.0,RB
127,RB2510,2025-07-18,3135.0,3177.0,3135.0,3147.0,1874850,2075790,5917248.88,3156.0,3124.0,RB
127,RB2510,2025-07-21,3159.0,3240.0,3156.0,3224.0,2696289,2095912,8648887.266,3207.0,3156.0,RB
127,RB2510,2025-07-22,3224.0,3335.0,3215.0,3307.0,3266737,2024507,10665720.491,3264.0,3207.0,RB
127,RB2510,2025-07-23,3320.0,3330.0,3245.0,3274.0,2847460,1922698,9350081.407,3283.0,3264.0,RB
127,RB2510,2025-07-24,3277.0,3330.0,3249.0,3294.0,2533253,1906352,8309229.081,3280.0,3283.0,RB
127,RB2510,2025-07-25,3318.0,3358.0,3288.0,3356.0,2878137,1998652,9545641.263,3316.0,3280.0,RB
127,RB2510,2025-07-28,3352.0,3352.0,3230.0,3248.0,3414713,1935881,11208167.571,3282.0,3316.0,RB
127,RB2510,2025-07-29,3259.0,3349.0,3248.0,3347.0,2711612,2175237,8951879.444,3301.0,3282.0,RB
127,RB2510,2025-07-30,3350.0,3384.0,3291.0,3315.0,3510866,2029133,11745394.986,3345.0,3301.0,RB
127,RB2510,2025-07-31,3301.0,3301.0,3186.0,3205.0,2730966,1816026,8859077.028,3243.0,3345.0,RB
127,RB2510,2025-08-01,3210.0,3235.0,3192.0,3203.0,1929148,1760703,6199245.69,3213.0,3243.0,RB
127,RB2510,2025-08-04,3206.0,3216.0,3164.0,3204.0,1634527,1742635,5213003.106,3189.0,3213.0,RB
127,RB2510,2025-08-05,3209.0,3247.0,3188.0,3233.0,1580653,1708832,5074673.612,3210.0,3189.0,RB
127,RB2510,2025-08-06,3233.0,3246.0,3212.0,3234.0,1202766,1652569,3885038.604,3230.0,3210.0,RB
127,RB2510,2025-08-07,3234.0,3262.0,3214.0,3231.0,1648650,1628167,5335445.968,3236.0,3230.0,RB
127,RB2510,2025-08-08,3235.0,3235.0,3204.0,3213.0,1040873,1612110,3346723.38,3215.0,3236.0,RB
127,RB2510,2025-08-11,3210.0,3255.0,3191.0,3250.0,1411239,1612625,4555424.939,3227.0,3215.0,RB
127,RB2510,2025-08-12,3250.0,3269.0,3235.0,3258.0,1141600,1605388,3713211.946,3252.0,3227.0,RB
127,RB2510,2025-08-13,3260.0,3274.0,3221.0,3222.0,1236428,1652593,4016513.994,3248.0,3252.0,RB
127,RB2510,2025-08-14,3206.0,3225.0,3174.0,3189.0,1283713,1636544,4110140.805,3201.0,3248.0,RB
127,RB2510,2025-08-15,3189.0,3200.0,3167.0,3188.0,1119005,1617947,3561904.576,3183.0,3201.0,RB
127,RB2510,2025-08-18,3190.0,3203.0,3142.0,3155.0,1316477,1609893,4177769.535,3173.0,3183.0,RB
127,RB2510,2025-08-19,3161.0,3170.0,3122.0,3126.0,1121791,1608694,3527290.385,3144.0,3173.0,RB
127,RB2510,2025-08-20,3130.0,3141.0,3104.0,3132.0,1317374,1523392,4113250.374,3122.0,3144.0,RB
127,RB2510,2025-08-21,3139.0,3145.0,3115.0,3121.0,1125179,1458111,3522039.449,3130.0,3122.0,RB
127,RB2510,2025-08-22,3108.0,3127.0,3106.0,3119.0,801286,1411603,2497362.016,3116.0,3130.0,RB
127,RB2510,2025-08-25,3121.0,3165.0,3121.0,3138.0,1200313,1347830,3773835.434,3144.0,3116.0,RB
127,RB2510,2025-08-26,3142.0,3143.0,3111.0,3113.0,770094,1308206,2407358.538,3126.0,3144.0,RB
127,RB2510,2025-08-27,3110.0,3128.0,3097.0,3111.0,1006734,1234764,3133812.01,3112.0,3126.0,RB
127,RB2510,2025-08-28,3100.0,3136.0,3098.0,3129.0,947402,1148167,2952542.351,3116.0,3112.0,RB
130,RB2601,2025-08-29,3205.0,3210.0,3152.0,3160.0,922905,1429783,2930753.74,3175.0,3182.0,RB
130,RB2601,2025-09-01,3150.0,3161.0,3094.0,3115.0,1342816,1633714,4193197.257,3122.0,3175.0,RB
130,RB2601,2025-09-02,3115.0,3135.0,3101.0,3117.0,869767,1675244,2710625.559,3116.0,3122.0,RB
130,RB2601,2025-09-03,3120.0,3146.0,3099.0,3106.0,1169148,1754813,3647643.194,3119.0,3116.0,RB
130,RB2601,2025-09-04,3107.0,3132.0,3088.0,3117.0,1231326,1736432,3829975.197,3110.0,3119.0,RB
130,RB2601,2025-09-05,3117.0,3153.0,3100.0,3143.0,1385167,1737894,4331232.79,3126.0,3110.0,RB
130,RB2601,2025-09-08,3146.0,3151.0,3106.0,3132.0,1257953,1798654,3928950.843,3123.0,3126.0,RB
130,RB2601,2025-09-09,3138.0,3152.0,3115.0,3123.0,1329359,1778829,4164607.594,3132.0,3123.0,RB
130,RB2601,2025-09-10,3115.0,3126.0,3092.0,3109.0,1264549,1867674,3930758.052,3108.0,3132.0,RB
130,RB2601,2025-09-11,3110.0,3119.0,3082.0,3092.0,1542810,2000701,4784746.918,3101.0,3108.0,RB
130,RB2601,2025-09-12,3092.0,3137.0,3075.0,3127.0,2108701,1912184,6552885.815,3107.0,3101.0,RB
130,RB2601,2025-09-15,3127.0,3144.0,3110.0,3136.0,1471013,1978070,4600000.441,3127.0,3107.0,RB
130,RB2601,2025-09-16,3150.0,3180.0,3144.0,3166.0,1965356,1956248,6222939.646,3166.0,3127.0,RB
130,RB2601,2025-09-17,3168.0,3170.0,3141.0,3168.0,1242094,1963371,3919004.766,3155.0,3166.0,RB
130,RB2601,2025-09-18,3166.0,3176.0,3123.0,3147.0,1727718,1999684,5441388.982,3149.0,3155.0,RB
130,RB2601,2025-09-19,3144.0,3175.0,3141.0,3172.0,1250591,1970510,3950448.63,3158.0,3149.0,RB
130,RB2601,2025-09-22,3172.0,3202.0,3171.0,3185.0,1652529,1861142,5267052.216,3187.0,3158.0,RB
130,RB2601,2025-09-23,3182.0,3182.0,3146.0,3155.0,1290376,1881412,4081594.006,3163.0,3187.0,RB
130,RB2601,2025-09-24,3156.0,3179.0,3140.0,3164.0,1205152,1882224,3805117.066,3157.0,3163.0,RB
130,RB2601,2025-09-25,3168.0,3175.0,3152.0,3167.0,883015,1870449,2794723.654,3164.0,3157.0,RB
130,RB2601,2025-09-26,3165.0,3171.0,3113.0,3114.0,1388756,1976545,4359601.051,3139.0,3164.0,RB
130,RB2601,2025-09-29,3115.0,3117.0,3097.0,3097.0,1145688,1926639,3560663.814,3107.0,3139.0,RB
130,RB2601,2025-09-30,3106.0,3111.0,3068.0,3072.0,959828,1873832,2966083.124,3090.0,3107.0,RB
130,RB2601,2025-10-09,3088.0,3100.0,3073.0,3096.0,823683,1908129,2543019.004,3087.0,3090.0,RB
130,RB2601,2025-10-10,3110.0,3124.0,3093.0,3103.0,1039362,1926153,3229813.208,3107.0,3087.0,RB
130,RB2601,2025-10-13,3107.0,3114.0,3066.0,3083.0,1231858,1952748,3801864.711,3086.0,3107.0,RB
130,RB2601,2025-10-14,3090.0,3093.0,3039.0,3061.0,1158107,1991462,3544663.553,3060.0,3086.0,RB
130,RB2601,2025-10-15,3061.0,3063.0,3027.0,3034.0,1018136,2051545,3099869.687,3044.0,3060.0,RB
130,RB2601,2025-10-16,3036.0,3054.0,3021.0,3049.0,1036367,2039387,3146884.843,3036.0,3044.0,RB
130,RB2601,2025-10-17,3053.0,3061.0,3032.0,3037.0,854671,2004317,2604116.78,3046.0,3036.0,RB
130,RB2601,2025-10-20,3040.0,3076.0,3040.0,3045.0,1232540,2005926,3770176.807,3058.0,3046.0,RB
130,RB2601,2025-10-21,3045.0,3065.0,3036.0,3047.0,894573,1995833,2728521.686,3050.0,3058.0,RB
130,RB2601,2025-10-22,3048.0,3068.0,3045.0,3068.0,822987,1977511,2517196.561,3058.0,3050.0,RB
130,RB2601,2025-10-23,3072.0,3083.0,3059.0,3071.0,930140,1969325,2855451.299,3069.0,3058.0,RB
130,RB2601,2025-10-24,3072.0,3076.0,3038.0,3046.0,1081693,2050545,3302420.089,3053.0,3069.0,RB
130,RB2601,2025-10-27,3050.0,3100.0,3048.0,3100.0,1696201,1953001,5219128.848,3076.0,3053.0,RB
130,RB2601,2025-10-28,3100.0,3119.0,3087.0,3091.0,1333406,1930357,4137317.107,3102.0,3076.0,RB
130,RB2601,2025-10-29,3094.0,3135.0,3092.0,3133.0,1239602,1894007,3866044.94,3118.0,3102.0,RB
130,RB2601,2025-10-30,3137.0,3143.0,3096.0,3106.0,1440978,1894916,4498464.775,3121.0,3118.0,RB
130,RB2601,2025-10-31,3106.0,3126.0,3097.0,3106.0,985855,1879450,3065474.553,3109.0,3121.0,RB
130,RB2601,2025-11-03,3105.0,3108.0,3076.0,3079.0,1150576,1919017,3554024.677,3088.0,3109.0,RB
130,RB2601,2025-11-04,3083.0,3084.0,3040.0,3044.0,1016465,1966544,3112259.627,3061.0,3088.0,RB
130,RB2601,2025-11-05,3046.0,3046.0,3009.0,3024.0,1149565,2031781,3477944.053,3025.0,3061.0,RB
130,RB2601,2025-11-06,3026.0,3042.0,3017.0,3037.0,884740,2020353,2679782.864,3028.0,3025.0,RB
130,RB2601,2025-11-07,3038.0,3045.0,3025.0,3034.0,800946,1960886,2431802.01,3036.0,3028.0,RB
130,RB2601,2025-11-10,3037.0,3050.0,3022.0,3044.0,1049513,1923733,3186248.296,3035.0,3036.0,RB
130,RB2601,2025-11-11,3040.0,3046.0,3020.0,3025.0,753110,1923701,2285220.492,3034.0,3035.0,RB
130,RB2601,2025-11-12,3025.0,3049.0,3022.0,3038.0,775671,1868036,2357749.358,3039.0,3034.0,RB
130,RB2601,2025-11-13,3040.0,3054.0,3026.0,3046.0,885545,1857343,2692196.11,3040.0,3039.0,RB
130,RB2601,2025-11-14,3048.0,3057.0,3034.0,3053.0,769087,1837133,2343499.484,3047.0,3040.0,RB
130,RB2601,2025-11-17,3047.0,3104.0,3040.0,3097.0,1329238,1729748,4088754.362,3076.0,3047.0,RB
129,RB2601,2025-11-18,3100.0,3100.0,3075.0,3090.0,801889,1655469,2473919.619,3085.0,3076.0,RB
129,RB2601,2025-11-19,3084.0,3096.0,3065.0,3070.0,912064,1631133,2810939.292,3081.0,3085.0,RB
129,RB2601,2025-11-20,3065.0,3075.0,3040.0,3050.0,1151053,1573323,3517593.681,3055.0,3081.0,RB
129,RB2601,2025-11-21,3057.0,3072.0,3050.0,3057.0,778562,1513411,2382885.294,3060.0,3055.0,RB
129,RB2601,2025-11-24,3057.0,3117.0,3050.0,3089.0,1264959,1432705,3901186.247,3084.0,3060.0,RB
129,RB2601,2025-11-25,3089.0,3113.0,3086.0,3106.0,929789,1301038,2883650.121,3101.0,3084.0,RB
129,RB2601,2025-11-26,3106.0,3107.0,3085.0,3099.0,753169,1200700,2332914.862,3097.0,3101.0,RB
129,RB2601,2025-11-27,3099.0,3099.0,3077.0,3093.0,753252,1069617,2326282.063,3088.0,3097.0,RB
129,RB2601,2025-11-28,3093.0,3113.0,3084.0,3110.0,680875,972278,2109657.995,3098.0,3088.0,RB
129,RB2601,2025-12-01,3111.0,3142.0,3100.0,3134.0,802417,882576,2505153.675,3122.0,3098.0,RB
133,RB2605,2025-12-02,3167.0,3182.0,3159.0,3169.0,581458,1175559,1842661.039,3169.0,3144.0,RB
133,RB2605,2025-12-03,3167.0,3174.0,3154.0,3169.0,750667,1297106,2375812.379,3164.0,3169.0,RB
133,RB2605,2025-12-04,3171.0,3175.0,3150.0,3175.0,873461,1411905,2761285.916,3161.0,3164.0,RB
133,RB2605,2025-12-05,3178.0,3181.0,3155.0,3157.0,680567,1474541,2153537.858,3164.0,3161.0,RB
133,RB2605,2025-12-08,3157.0,3157.0,3110.0,3123.0,1256787,1477577,3932457.797,3128.0,3164.0,RB
133,RB2605,2025-12-09,3117.0,3124.0,3066.0,3079.0,1324333,1593747,4089156.624,3087.0,3128.0,RB
133,RB2605,2025-12-10,3082.0,3140.0,3077.0,3117.0,1519252,1514218,4724992.675,3110.0,3087.0,RB
133,RB2605,2025-12-11,3117.0,3118.0,3061.0,3069.0,1360006,1602075,4199522.969,3087.0,3110.0,RB
133,RB2605,2025-12-12,3077.0,3082.0,3057.0,3060.0,974336,1607057,2991615.922,3070.0,3087.0,RB
133,RB2605,2025-12-15,3040.0,3086.0,3031.0,3074.0,1232643,1627666,3777613.741,3064.0,3070.0,RB
132,RB2605,2025-12-16,3075.0,3095.0,3065.0,3081.0,778715,1615142,2399502.225,3081.0,3064.0,RB
132,RB2605,2025-12-17,3081.0,3093.0,3071.0,3084.0,593611,1604729,1829512.449,3082.0,3081.0,RB
132,RB2605,2025-12-18,3083.0,3134.0,3081.0,3125.0,1215549,1575943,3792034.491,3119.0,3082.0,RB
132,RB2605,2025-12-19,3125.0,3125.0,3103.0,3119.0,686113,1568866,2137130.202,3114.0,3119.0,RB
132,RB2605,2025-12-22,3119.0,3138.0,3104.0,3126.0,842412,1591974,2630154.046,3122.0,3114.0,RB
132,RB2605,2025-12-23,3128.0,3149.0,3118.0,3128.0,849315,1580041,2662379.104,3134.0,3122.0,RB
132,RB2605,2025-12-24,3130.0,3144.0,3111.0,3136.0,837866,1597429,2619859.116,3126.0,3134.0,RB
132,RB2605,2025-12-25,3141.0,3144.0,3123.0,3127.0,502388,1581839,1573171.62,3131.0,3126.0,RB
132,RB2605,2025-12-26,3132.0,3132.0,3090.0,3118.0,1132633,1534424,3520357.617,3108.0,3131.0,RB
132,RB2605,2025-12-29,3118.0,3150.0,3116.0,3130.0,1051146,1530792,3297721.147,3137.0,3108.0,RB
132,RB2605,2025-12-30,3130.0,3148.0,3128.0,3134.0,635547,1560806,1993875.787,3137.0,3137.0,RB
132,RB2605,2025-12-31,3138.0,3142.0,3114.0,3122.0,651840,1505284,2038600.271,3127.0,3137.0,RB
