index,symbol,date,open,high,low,close,volume,open_interest,turnover,settle,pre_settle,variety
48,NI1507,2015-03-27,101870.0,102710.0,100650.0,101080.0,28860,14364,,101180.0,102070.0,NI
48,NI1507,2015-03-30,99010.0,100000.0,96820.0,98430.0,66684,34186,,98390.0,101180.0,NI
48,NI1507,2015-03-31,98000.0,98200.0,93840.0,95040.0,105600,54888,,95950.0,98390.0,NI
48,NI1507,2015-04-01,93940.0,94130.0,91270.0,92500.0,158952,70960,,92870.0,95950.0,NI
48,NI1507,2015-04-02,92870.0,96600.0,92550.0,96160.0,202848,80724,,94320.0,92870.0,NI
48,NI1507,2015-04-03,96000.0,97800.0,95660.0,97300.0,150282,80998,,96530.0,94320.0,NI
48,NI1507,2015-04-07,97500.0,97980.0,95950.0,96420.0,75688,83542,,96790.0,96530.0,NI
48,NI1507,2015-04-08,94500.0,95630.0,93300.0,93950.0,183088,95102,,94450.0,96790.0,NI
48,NI1507,2015-04-09,94450.0,95260.0,93880.0,94300.0,160974,99084,,94500.0,94450.0,NI
48,NI1507,2015-04-10,94500.0,94970.0,93180.0,94540.0,137722,105628,,94080.0,94500.0,NI
48,NI1507,2015-04-13,94280.0,95670.0,93700.0,95230.0,180214,112858,,94720.0,94080.0,NI
48,NI1507,2015-04-14,94780.0,95070.0,92810.0,93100.0,199150,127690,,93740.0,94720.0,NI
48,NI1507,2015-04-15,92700.0,95000.0,92640.0,94730.0,220106,132258,,93970.0,93740.0,NI
48,NI1507,2015-04-16,94610.0,95900.0,94260.0,95400.0,195920,131624,,95090.0,93970.0,NI
48,NI1507,2015-04-17,96280.0,96660.0,95010.0,95850.0,168702,127284,,95900.0,95090.0,NI
48,NI1507,2015-04-20,95980.0,96550.0,95200.0,95410.0,148104,116410,,95910.0,95900.0,NI
48,NI1507,2015-04-21,95330.0,96800.0,94900.0,95880.0,140930,110552,,95910.0,95910.0,NI
48,NI1507,2015-04-22,95910.0,96720.0,95750.0,96330.0,123902,110516,,96260.0,95910.0,NI
48,NI1507,2015-04-23,96120.0,96500.0,95600.0,95860.0,101066,110646,,96140.0,96260.0,NI
48,NI1507,2015-04-24,95840.0,97900.0,95700.0,97830.0,118180,113816,,96660.0,96140.0,NI
48,NI1507,2015-04-27,98000.0,101490.0,97990.0,101490.0,241904,116290,,100090.0,96660.0,NI
48,NI1507,2015-04-28,102490.0,104530.0,101420.0,102650.0,285722,111958,,103110.0,100090.0,NI
48,NI1507,2015-04-29,102350.0,104400.0,100500.0,101020.0,317634,111334,,102440.0,103110.0,NI
48,NI1507,2015-04-30,101190.0,106980.0,101160.0,106010.0,552750,125970,,104070.0,102440.0,NI
48,NI1507,2015-05-04,106010.0,108900.0,105450.0,107580.0,278844,128702,,107000.0,104070.0,NI
48,NI1507,2015-05-05,107850.0,109230.0,106160.0,107960.0,518266,133626,,107990.0,107000.0,NI
48,NI1507,2015-05-06,110000.0,113380.0,109690.0,113380.0,609024,134182,,112100.0,107990.0,NI
48,NI1507,2015-05-07,114580.0,115300.0,111050.0,112500.0,969052,123678,,112960.0,112100.0,NI
48,NI1507,2015-05-08,113700.0,114100.0,110000.0,112300.0,878416,118556,,111810.0,112960.0,NI
48,NI1507,2015-05-11,111810.0,114430.0,111060.0,113880.0,728054,128054,,112550.0,111810.0,NI
48,NI1507,2015-05-12,113300.0,115060.0,111270.0,111600.0,871696,126536,,113270.0,112550.0,NI
48,NI1507,2015-05-13,112280.0,113650.0,110780.0,111750.0,752614,123868,,112190.0,113270.0,NI
48,NI1507,2015-05-14,112100.0,112100.0,107060.0,109400.0,760542,121384,,109780.0,112190.0,NI
48,NI1507,2015-05-15,108980.0,110960.0,108540.0,110210.0,609290,130696,,109450.0,109780.0,NI
48,NI1507,2015-05-18,109390.0,109690.0,108200.0,108610.0,544094,121292,,109160.0,109450.0,NI
48,NI1507,2015-05-19,108300.0,108890.0,106160.0,106430.0,467078,116362,,107730.0,109160.0,NI
48,NI1507,2015-05-20,105500.0,105990.0,102340.0,102340.0,318956,107676,,103570.0,107730.0,NI
48,NI1507,2015-05-21,100490.0,102550.0,100170.0,101070.0,480198,106184,,101470.0,103570.0,NI
48,NI1507,2015-05-22,100960.0,103370.0,96710.0,100070.0,741862,109808,,101630.0,101470.0,NI
48,NI1507,2015-05-25,98900.0,100580.0,98110.0,99480.0,610232,114898,,99660.0,101630.0,NI
48,NI1507,2015-05-26,99670.0,101900.0,99660.0,100010.0,550278,115194,,101060.0,99660.0,NI
48,NI1507,2015-05-27,99990.0,101180.0,99200.0,100670.0,406048,119564,,100470.0,101060.0,NI
48,NI1507,2015-05-28,100420.0,102040.0,100400.0,101130.0,545222,116488,,101220.0,100470.0,NI
48,NI1507,2015-05-29,101000.0,101680.0,97740.0,99200.0,462924,116460,,99860.0,101220.0,NI
48,NI1507,2015-06-01,98860.0,99290.0,97800.0,98040.0,245968,108666,,98560.0,99860.0,NI
50,NI1509,2015-06-02,97190.0,100500.0,97020.0,100280.0,428588,179364,,99080.0,97110.0,NI
50,NI1509,2015-06-03,100380.0,101100.0,99040.0,99060.0,409252,191776,,100230.0,99080.0,NI
50,NI1509,2015-06-04,99200.0,99940.0,97690.0,98530.0,373158,193186,,99000.0,100230.0,NI
50,NI1509,2015-06-05,98650.0,99480.0,98060.0,98390.0,349670,203496,,98820.0,99000.0,NI
50,NI1509,2015-06-08,98750.0,100600.0,98330.0,100570.0,493720,217446,,99400.0,98820.0,NI
50,NI1509,2015-06-09,100850.0,102180.0,100660.0,100910.0,602556,214594,,101450.0,99400.0,NI
50,NI1509,2015-06-10,101360.0,101770.0,100570.0,101330.0,398440,210380,,101250.0,101450.0,NI
50,NI1509,2015-06-11,101850.0,102200.0,101300.0,101500.0,323762,201518,,101690.0,101250.0,NI
50,NI1509,2015-06-12,101600.0,101640.0,97800.0,98070.0,485268,199864,,99690.0,101690.0,NI
50,NI1509,2015-06-15,98400.0,98880.0,97400.0,97580.0,314750,206642,,98180.0,99690.0,NI
50,NI1509,2015-06-16,97400.0,98050.0,95340.0,95700.0,386062,213938,,96960.0,98180.0,NI
50,NI1509,2015-06-17,96000.0,96360.0,94700.0,95280.0,399972,212964,,95540.0,96960.0,NI
50,NI1509,2015-06-18,96300.0,96810.0,95830.0,96300.0,327414,203154,,96260.0,95540.0,NI
50,NI1509,2015-06-19,96020.0,96180.0,94440.0,94610.0,314640,215276,,95560.0,96260.0,NI
50,NI1509,2015-06-23,94280.0,95330.0,94100.0,95050.0,157974,218968,,94850.0,95560.0,NI
50,NI1509,2015-06-24,95510.0,96700.0,95350.0,96390.0,335618,215434,,95980.0,94850.0,NI
50,NI1509,2015-06-25,96010.0,96220.0,94800.0,94850.0,333244,220876,,95490.0,95980.0,NI
50,NI1509,2015-06-26,94760.0,95170.0,93020.0,93850.0,506474,222276,,94230.0,95490.0,NI
50,NI1509,2015-06-29,93650.0,93680.0,89510.0,90360.0,618386,231122,,91930.0,94230.0,NI
50,NI1509,2015-06-30,88880.0,89410.0,87330.0,87330.0,479454,235210,,88040.0,91930.0,NI
50,NI1509,2015-07-01,87330.0,89980.0,86680.0,88360.0,711488,216384,,88450.0,88040.0,NI
50,NI1509,2015-07-02,88000.0,89880.0,87570.0,89450.0,651868,206510,,88830.0,88450.0,NI
50,NI1509,2015-07-03,89850.0,90670.0,88080.0,89240.0,530356,192048,,89750.0,88830.0,NI
50,NI1509,2015-07-06,89100.0,89340.0,85260.0,85530.0,497774,193608,,87390.0,89750.0,NI
50,NI1509,2015-07-07,85750.0,87360.0,84050.0,84220.0,563222,194898,,85930.0,87390.0,NI
50,NI1509,2015-07-08,82400.0,82400.0,81630.0,81630.0,25018,190228,,81780.0,85930.0,NI
50,NI1509,2015-07-09,75230.0,86050.0,75230.0,83600.0,1040716,168800,,81120.0,81780.0,NI
50,NI1509,2015-07-10,84100.0,85170.0,82950.0,84570.0,552370,180276,,84200.0,81120.0,NI
50,NI1509,2015-07-13,84040.0,84170.0,80600.0,82250.0,771510,189886,,82590.0,84200.0,NI
50,NI1509,2015-07-14,84510.0,85800.0,83680.0,84500.0,831348,186378,,84820.0,82590.0,NI
50,NI1509,2015-07-15,84880.0,87120.0,84330.0,86970.0,859920,187520,,85840.0,84820.0,NI
49,NI1509,2015-07-16,86850.0,87240.0,83630.0,85430.0,949108,182376,,85220.0,85840.0,NI
49,NI1509,2015-07-17,84680.0,85760.0,84620.0,85600.0,589592,182418,,85210.0,85220.0,NI
49,NI1509,2015-07-20,84800.0,85660.0,84450.0,85320.0,574774,188630,,85100.0,85210.0,NI
49,NI1509,2015-07-21,85480.0,87950.0,85260.0,87870.0,608876,195552,,86360.0,85100.0,NI
49,NI1509,2015-07-22,87670.0,87880.0,84530.0,85220.0,737564,183214,,86630.0,86360.0,NI
49,NI1509,2015-07-23,85300.0,85620.0,83700.0,84410.0,701378,185200,,84800.0,86630.0,NI
49,NI1509,2015-07-24,84190.0,84880.0,82900.0,83360.0,696550,186720,,84040.0,84800.0,NI
49,NI1509,2015-07-27,83290.0,84950.0,82620.0,82650.0,631090,188830,,83790.0,84040.0,NI
49,NI1509,2015-07-28,81300.0,83420.0,81150.0,82740.0,594918,177788,,82120.0,83790.0,NI
49,NI1509,2015-07-29,83300.0,84770.0,83110.0,84330.0,519938,162950,,83920.0,82120.0,NI
49,NI1509,2015-07-30,83590.0,84420.0,82500.0,82620.0,564582,170372,,83620.0,83920.0,NI
49,NI1509,2015-07-31,82000.0,83000.0,81720.0,81780.0,480272,177058,,82450.0,83620.0,NI
49,NI1509,2015-08-03,82200.0,83180.0,80160.0,80340.0,516712,175340,,81790.0,82450.0,NI
49,NI1509,2015-08-04,80350.0,81220.0,79800.0,81100.0,441778,160924,,80500.0,81790.0,NI
49,NI1509,2015-08-05,81300.0,81800.0,80290.0,81190.0,319588,152420,,81060.0,80500.0,NI
49,NI1509,2015-08-06,81500.0,81640.0,80500.0,80780.0,329536,147734,,81020.0,81060.0,NI
49,NI1509,2015-08-07,80700.0,81130.0,79930.0,80700.0,364892,148768,,80540.0,81020.0,NI
49,NI1509,2015-08-10,80620.0,82490.0,80280.0,82200.0,337824,139708,,81040.0,80540.0,NI
49,NI1509,2015-08-11,82190.0,84300.0,81980.0,82370.0,514684,123886,,83050.0,81040.0,NI
49,NI1509,2015-08-12,81240.0,82840.0,80050.0,82690.0,506474,116000,,81750.0,83050.0,NI
49,NI1509,2015-08-13,82700.0,83500.0,81750.0,82690.0,349908,112150,,82750.0,81750.0,NI
49,NI1509,2015-08-14,82300.0,82630.0,81400.0,81570.0,262984,112550,,82040.0,82750.0,NI
49,NI1509,2015-08-17,81950.0,82430.0,81530.0,82100.0,195836,105418,,82000.0,82040.0,NI
52,NI1601,2015-08-18,82880.0,83250.0,81100.0,81130.0,180354,142650,,82470.0,82730.0,NI
52,NI1601,2015-08-19,81090.0,81950.0,80620.0,81860.0,286466,154028,,81270.0,82470.0,NI
52,NI1601,2015-08-20,81600.0,81850.0,79800.0,80650.0,379502,176056,,80960.0,81270.0,NI
52,NI1601,2015-08-21,81550.0,81560.0,80300.0,80370.0,311620,186596,,80850.0,80960.0,NI
52,NI1601,2015-08-24,80000.0,80100.0,76800.0,76800.0,370194,217706,,78490.0,80850.0,NI
52,NI1601,2015-08-25,74200.0,76730.0,73050.0,73600.0,648246,232104,,75190.0,78490.0,NI
52,NI1601,2015-08-26,75750.0,76230.0,74200.0,74360.0,575928,242488,,75190.0,75190.0,NI
52,NI1601,2015-08-27,74300.0,76200.0,74100.0,76160.0,472478,227150,,75150.0,75190.0,NI
52,NI1601,2015-08-28,76400.0,78900.0,76360.0,78610.0,624826,204962,,77940.0,75150.0,NI
52,NI1601,2015-08-31,78200.0,79300.0,76790.0,76810.0,674872,207056,,77850.0,77940.0,NI
52,NI1601,2015-09-01,76460.0,77370.0,75800.0,75810.0,458718,217478,,76540.0,77850.0,NI
52,NI1601,2015-09-02,76000.0,76690.0,75560.0,76510.0,475672,209048,,76150.0,76540.0,NI
52,NI1601,2015-09-07,76200.0,77200.0,76190.0,77000.0,293244,209890,,76860.0,76150.0,NI
52,NI1601,2015-09-08,76870.0,76940.0,75300.0,76190.0,595808,248922,,76070.0,76860.0,NI
52,NI1601,2015-09-09,77090.0,78870.0,76730.0,77790.0,1253336,237720,,77990.0,76070.0,NI
52,NI1601,2015-09-10,78210.0,78720.0,77120.0,78710.0,1047802,251158,,77790.0,77990.0,NI
52,NI1601,2015-09-11,79400.0,80220.0,78750.0,79410.0,1420664,245130,,79530.0,77790.0,NI
52,NI1601,2015-09-14,79100.0,79900.0,78230.0,78260.0,1062540,240600,,79060.0,79530.0,NI
52,NI1601,2015-09-15,77480.0,78060.0,76860.0,76960.0,1094660,249360,,77520.0,79060.0,NI
51,NI1601,2015-09-16,77320.0,79380.0,77270.0,78950.0,1478896,247710,,78130.0,77520.0,NI
51,NI1601,2015-09-17,78800.0,79330.0,78300.0,78590.0,1678798,251738,,78760.0,78130.0,NI
51,NI1601,2015-09-18,78110.0,78580.0,77810.0,77890.0,1444806,268762,,78170.0,78760.0,NI
51,NI1601,2015-09-21,77200.0,78190.0,76320.0,78110.0,1442658,293284,,77110.0,78170.0,NI
51,NI1601,2015-09-22,77790.0,77970.0,76940.0,77090.0,1253948,293870,,77400.0,77110.0,NI
51,NI1601,2015-09-23,76780.0,76980.0,76030.0,76740.0,1147082,302684,,76440.0,77400.0,NI
51,NI1601,2015-09-24,76940.0,77110.0,76300.0,76760.0,779346,304598,,76680.0,76440.0,NI
51,NI1601,2015-09-25,76680.0,77850.0,76600.0,77100.0,979700,280362,,77350.0,76680.0,NI
51,NI1601,2015-09-28,77300.0,77800.0,77220.0,77410.0,384820,280330,,77520.0,77350.0,NI
51,NI1601,2015-09-29,77210.0,77420.0,75500.0,75540.0,646524,280048,,76260.0,77520.0,NI
51,NI1601,2015-09-30,76260.0,77110.0,75950.0,77100.0,479410,248998,,76420.0,76260.0,NI
51,NI1601,2015-10-08,78200.0,78530.0,77300.0,77450.0,244958,253152,,77660.0,76420.0,NI
51,NI1601,2015-10-09,77510.0,79470.0,77360.0,79450.0,663132,260084,,78530.0,77660.0,NI
51,NI1601,2015-10-12,81000.0,81000.0,79000.0,80310.0,786262,244502,,79770.0,78530.0,NI
51,NI1601,2015-10-13,80370.0,80380.0,78820.0,79620.0,632286,240428,,79370.0,79770.0,NI
51,NI1601,2015-10-14,79300.0,79880.0,78970.0,79270.0,676222,241670,,79410.0,79370.0,NI
51,NI1601,2015-10-15,79400.0,80700.0,79200.0,80340.0,875794,286750,,80040.0,79410.0,NI
50,NI1601,2015-10-16,80230.0,80900.0,79900.0,80390.0,820446,285266,,80370.0,80040.0,NI
50,NI1601,2015-10-19,80280.0,80650.0,79110.0,79150.0,675768,270082,,79920.0,80370.0,NI
50,NI1601,2015-10-20,79150.0,79290.0,78050.0,78320.0,673374,252482,,78480.0,79920.0,NI
50,NI1601,2015-10-21,78450.0,78690.0,77900.0,78130.0,563356,255076,,78320.0,78480.0,NI
50,NI1601,2015-10-22,78100.0,79600.0,77710.0,78660.0,546592,234838,,78510.0,78320.0,NI
50,NI1601,2015-10-23,78960.0,80010.0,78590.0,79980.0,669468,248752,,79090.0,78510.0,NI
50,NI1601,2015-10-26,79980.0,79980.0,78450.0,78590.0,679910,247344,,79250.0,79090.0,NI
50,NI1601,2015-10-27,78720.0,79280.0,78270.0,79150.0,535496,242420,,78830.0,79250.0,NI
50,NI1601,2015-10-28,79200.0,79580.0,78800.0,79160.0,562956,236902,,79110.0,78830.0,NI
50,NI1601,2015-10-29,79080.0,79900.0,78650.0,79130.0,599260,236182,,79230.0,79110.0,NI
50,NI1601,2015-10-30,79000.0,79350.0,77130.0,77150.0,743688,306602,,78140.0,79230.0,NI
50,NI1601,2015-11-02,77100.0,77390.0,76460.0,76590.0,598726,335360,,76960.0,78140.0,NI
50,NI1601,2015-11-03,76700.0,77250.0,76190.0,76330.0,547810,346974,,76700.0,76960.0,NI
50,NI1601,2015-11-04,76200.0,76680.0,75720.0,76510.0,710650,362628,,76210.0,76700.0,NI
50,NI1601,2015-11-05,76190.0,76970.0,74780.0,74820.0,754986,406972,,75830.0,76210.0,NI
50,NI1601,2015-11-06,75800.0,75800.0,74560.0,74990.0,702012,393540,,74950.0,75830.0,NI
50,NI1601,2015-11-09,74800.0,75200.0,73760.0,73990.0,731148,432832,,74560.0,74950.0,NI
50,NI1601,2015-11-10,74100.0,74220.0,72430.0,73890.0,741658,431638,,73320.0,74560.0,NI
50,NI1601,2015-11-11,73450.0,73680.0,72750.0,72930.0,779414,456998,,73200.0,73320.0,NI
50,NI1601,2015-11-12,73000.0,73750.0,72550.0,73290.0,669322,448788,,73110.0,73200.0,NI
50,NI1601,2015-11-13,72700.0,73640.0,72270.0,72930.0,846614,466212,,73030.0,73110.0,NI
50,NI1601,2015-11-16,72830.0,73600.0,72700.0,73180.0,558036,447322,,73120.0,73030.0,NI
49,NI1601,2015-11-17,73350.0,73350.0,70530.0,71240.0,851516,446728,,71880.0,73120.0,NI
49,NI1601,2015-11-18,71450.0,71740.0,70110.0,70950.0,666046,445772,,70980.0,71880.0,NI
49,NI1601,2015-11-19,70700.0,71020.0,69220.0,69770.0,701690,435448,,70080.0,70980.0,NI
49,NI1601,2015-11-20,69600.0,69790.0,68500.0,68740.0,860638,445614,,69130.0,70080.0,NI
49,NI1601,2015-11-23,69000.0,69200.0,64980.0,64980.0,837472,446362,,67380.0,69130.0,NI
49,NI1601,2015-11-24,64180.0,65730.0,63310.0,64970.0,1145120,413958,,64390.0,67380.0,NI
49,NI1601,2015-11-25,64800.0,68250.0,64550.0,68250.0,1195734,378610,,66960.0,64390.0,NI
49,NI1601,2015-11-26,67900.0,72780.0,67360.0,70800.0,1870082,367254,,69970.0,66960.0,NI
49,NI1601,2015-11-27,70790.0,72160.0,69010.0,69370.0,1643298,340084,,70550.0,69970.0,NI
49,NI1601,2015-11-30,68760.0,69150.0,67680.0,69100.0,1294326,322532,,68360.0,70550.0,NI
49,NI1601,2015-12-01,68900.0,70350.0,68680.0,68970.0,1226688,313308,,69650.0,68360.0,NI
49,NI1601,2015-12-02,69000.0,70940.0,68760.0,70150.0,855172,310608,,69940.0,69650.0,NI
49,NI1601,2015-12-03,69600.0,71130.0,68130.0,68150.0,1109584,296010,,69920.0,69940.0,NI
49,NI1601,2015-12-04,68290.0,69470.0,68200.0,68880.0,1059082,278502,,68830.0,69920.0,NI
49,NI1601,2015-12-07,70000.0,70830.0,69380.0,70590.0,775834,268360,,70050.0,68830.0,NI
49,NI1601,2015-12-08,70000.0,70110.0,67670.0,68170.0,742586,279530,,68770.0,70050.0,NI
49,NI1601,2015-12-09,67900.0,68440.0,66930.0,68170.0,800558,278940,,67780.0,68770.0,NI
49,NI1601,2015-12-10,68350.0,69020.0,67300.0,67490.0,789124,270722,,68180.0,67780.0,NI
49,NI1601,2015-12-11,67130.0,69050.0,66810.0,69030.0,725398,257790,,67700.0,68180.0,NI
49,NI1601,2015-12-14,68630.0,68970.0,67800.0,68750.0,686612,244534,,68510.0,67700.0,NI
49,NI1601,2015-12-15,68230.0,69770.0,68080.0,68440.0,623862,225828,,68870.0,68510.0,NI
48,NI1601,2015-12-16,68300.0,69110.0,67910.0,69000.0,514802,216798,,68720.0,68870.0,NI
52,NI1605,2015-12-17,70330.0,71100.0,69750.0,69820.0,509990,294056,,70390.0,69880.0,NI
52,NI1605,2015-12-18,69800.0,70650.0,69750.0,70500.0,523508,315212,,70170.0,70390.0,NI
52,NI1605,2015-12-21,70600.0,71300.0,70170.0,71130.0,828576,345250,,70750.0,70170.0,NI
52,NI1605,2015-12-22,71010.0,71710.0,70600.0,70840.0,853816,368860,,71160.0,70750.0,NI
52,NI1605,2015-12-23,70730.0,70990.0,69750.0,70220.0,779186,392536,,70380.0,71160.0,NI
52,NI1605,2015-12-24,70180.0,70700.0,69390.0,69400.0,816902,421326,,70190.0,70380.0,NI
52,NI1605,2015-12-25,69400.0,69780.0,68970.0,69130.0,680852,447046,,69370.0,70190.0,NI
52,NI1605,2015-12-28,69280.0,69470.0,68000.0,68050.0,623030,477550,,68760.0,69370.0,NI
52,NI1605,2015-12-29,68030.0,69390.0,67900.0,69310.0,651506,463074,,68560.0,68760.0,NI
52,NI1605,2015-12-30,69030.0,70690.0,69020.0,70070.0,1002108,443934,,70020.0,68560.0,NI
52,NI1605,2015-12-31,70100.0,70960.0,69880.0,70630.0,838374,429168,,70360.0,70020.0,NI
52,NI1605,2016-01-04,70810.0,70960.0,68560.0,68930.0,577174,428358,,69370.0,70360.0,NI
52,NI1605,2016-01-05,69200.0,69610.0,68500.0,69510.0,765810,424542,,69070.0,69370.0,NI
52,NI1605,2016-01-06,69380.0,69750.0,68360.0,68820.0,773858,437426,,68940.0,69070.0,NI
52,NI1605,2016-01-07,69000.0,69410.0,67340.0,67480.0,911372,484406,,68550.0,68940.0,NI
52,NI1605,2016-01-08,67460.0,68550.0,66510.0,67920.0,1222618,459614,,67710.0,68550.0,NI
52,NI1605,2016-01-11,67910.0,68660.0,66780.0,67000.0,986604,475302,,67710.0,67710.0,NI
52,NI1605,2016-01-12,67280.0,67630.0,65820.0,65950.0,1033860,497478,,66680.0,67710.0,NI
52,NI1605,2016-01-13,66010.0,66680.0,65940.0,66220.0,814236,504624,,66260.0,66680.0,NI
52,NI1605,2016-01-14,66220.0,68070.0,66050.0,67360.0,924800,473274,,66910.0,66260.0,NI
52,NI1605,2016-01-15,67370.0,69350.0,67260.0,68190.0,1061426,441794,,68320.0,66910.0,NI
51,NI1605,2016-01-18,67820.0,69620.0,67700.0,69320.0,1076330,449514,,68760.0,68320.0,NI
51,NI1605,2016-01-19,69310.0,70300.0,68720.0,70130.0,977974,440862,,69480.0,68760.0,NI
51,NI1605,2016-01-20,70010.0,70290.0,68850.0,69470.0,925226,437800,,69590.0,69480.0,NI
51,NI1605,2016-01-21,69450.0,70000.0,68910.0,69250.0,1032314,427960,,69450.0,69590.0,NI
51,NI1605,2016-01-22,69350.0,70780.0,69260.0,70160.0,1091160,432032,,70030.0,69450.0,NI
51,NI1605,2016-01-25,70770.0,70930.0,69130.0,69360.0,754402,426650,,69990.0,70030.0,NI
51,NI1605,2016-01-26,69400.0,69560.0,68750.0,69130.0,744666,429578,,69150.0,69990.0,NI
51,NI1605,2016-01-27,69350.0,70590.0,69350.0,70520.0,820568,443768,,69950.0,69150.0,NI
51,NI1605,2016-01-28,70440.0,70570.0,69550.0,69730.0,683710,442112,,70070.0,69950.0,NI
51,NI1605,2016-01-29,69600.0,70220.0,69300.0,69590.0,727910,438022,,69730.0,70070.0,NI
51,NI1605,2016-02-01,69420.0,70200.0,68500.0,68950.0,779094,460126,,69470.0,69730.0,NI
51,NI1605,2016-02-02,68820.0,69240.0,68560.0,69010.0,580890,441838,,68910.0,69470.0,NI
51,NI1605,2016-02-03,69050.0,69150.0,67960.0,68880.0,640464,436748,,68600.0,68910.0,NI
51,NI1605,2016-02-04,68780.0,69780.0,68720.0,69340.0,583156,421032,,69210.0,68600.0,NI
51,NI1605,2016-02-05,69360.0,69750.0,68500.0,68740.0,494356,407420,,69130.0,69210.0,NI
51,NI1605,2016-02-15,64950.0,66600.0,64280.0,66320.0,399620,429914,,65910.0,69130.0,NI
50,NI1605,2016-02-16,66010.0,67080.0,66010.0,66660.0,600702,446270,,66590.0,65910.0,NI
50,NI1605,2016-02-17,66860.0,66890.0,66060.0,66400.0,557778,438520,,66500.0,66590.0,NI
50,NI1605,2016-02-18,66600.0,67180.0,66430.0,66680.0,459810,433320,,66740.0,66500.0,NI
50,NI1605,2016-02-19,66790.0,67350.0,66600.0,67120.0,570678,434012,,66950.0,66740.0,NI
50,NI1605,2016-02-22,67150.0,69050.0,67010.0,68730.0,740480,444796,,67970.0,66950.0,NI
50,NI1605,2016-02-23,69060.0,69560.0,68510.0,68700.0,590896,424384,,69020.0,67970.0,NI
50,NI1605,2016-02-24,69100.0,69120.0,68140.0,68550.0,520200,427820,,68530.0,69020.0,NI
50,NI1605,2016-02-25,68350.0,68990.0,67560.0,67810.0,657020,451180,,68350.0,68530.0,NI
50,NI1605,2016-02-26,67960.0,67990.0,66370.0,67290.0,668722,439272,,67280.0,68350.0,NI
50,NI1605,2016-02-29,67500.0,68300.0,66550.0,67020.0,802790,447552,,67410.0,67280.0,NI
50,NI1605,2016-03-01,67220.0,67910.0,66690.0,67800.0,703738,446398,,67220.0,67410.0,NI
50,NI1605,2016-03-02,68000.0,69040.0,67830.0,68950.0,783972,431708,,68410.0,67220.0,NI
50,NI1605,2016-03-03,69210.0,69540.0,68600.0,69400.0,688900,420924,,69120.0,68410.0,NI
50,NI1605,2016-03-04,69550.0,72390.0,69320.0,71350.0,1203738,456092,,70730.0,69120.0,NI
50,NI1605,2016-03-07,71340.0,74450.0,71200.0,73310.0,1495566,486106,,73010.0,70730.0,NI
50,NI1605,2016-03-08,73860.0,75840.0,70060.0,71670.0,1825344,441868,,73070.0,73010.0,NI
50,NI1605,2016-03-09,71900.0,71980.0,68680.0,69280.0,1182210,392578,,69690.0,73070.0,NI
50,NI1605,2016-03-10,69600.0,70510.0,68750.0,68930.0,1229092,410358,,69670.0,69690.0,NI
50,NI1605,2016-03-11,69100.0,69960.0,68510.0,69450.0,816682,399338,,69290.0,69670.0,NI
50,NI1605,2016-03-14,69260.0,70370.0,68900.0,69310.0,743622,403324,,69520.0,69290.0,NI
50,NI1605,2016-03-15,69030.0,69230.0,67730.0,68330.0,750548,394890,,68350.0,69520.0,NI
49,NI1605,2016-03-16,67880.0,68350.0,67570.0,68100.0,624272,415204,,67990.0,68350.0,NI
49,NI1605,2016-03-17,67640.0,68990.0,67590.0,68540.0,690320,422824,,68360.0,67990.0,NI
49,NI1605,2016-03-18,68500.0,70440.0,68410.0,69860.0,1136578,422862,,69680.0,68360.0,NI
49,NI1605,2016-03-21,69750.0,70060.0,67780.0,68090.0,840560,439046,,68730.0,69680.0,NI
49,NI1605,2016-03-22,68200.0,69350.0,68170.0,68450.0,821964,434656,,68710.0,68730.0,NI
49,NI1605,2016-03-23,68300.0,69500.0,68050.0,68260.0,674642,435104,,68690.0,68710.0,NI
49,NI1605,2016-03-24,68360.0,68610.0,67600.0,68130.0,686116,412414,,68130.0,68690.0,NI
49,NI1605,2016-03-25,67980.0,68640.0,67850.0,68470.0,461376,393696,,68320.0,68130.0,NI
49,NI1605,2016-03-28,68380.0,68950.0,67990.0,68120.0,436500,387790,,68560.0,68320.0,NI
49,NI1605,2016-03-29,68180.0,68810.0,67800.0,68290.0,409056,371538,,68300.0,68560.0,NI
49,NI1605,2016-03-30,68240.0,68380.0,66350.0,66740.0,643814,393148,,67190.0,68300.0,NI
49,NI1605,2016-03-31,66600.0,67390.0,66100.0,66250.0,551754,387192,,66700.0,67190.0,NI
49,NI1605,2016-04-01,66070.0,66830.0,66010.0,66340.0,472770,368288,,66450.0,66700.0,NI
49,NI1605,2016-04-05,66060.0,66230.0,65140.0,65690.0,255854,362046,,65680.0,66450.0,NI
49,NI1605,2016-04-06,65530.0,66850.0,65530.0,66710.0,410908,336676,,66460.0,65680.0,NI
49,NI1605,2016-04-07,66710.0,67340.0,66610.0,67050.0,340576,311830,,67010.0,66460.0,NI
49,NI1605,2016-04-08,66950.0,66950.0,65600.0,66520.0,365724,289182,,66200.0,67010.0,NI
53,NI1609,2016-04-11,67600.0,68720.0,67530.0,68230.0,416704,371030,,68260.0,67190.0,NI
53,NI1609,2016-04-12,68510.0,69040.0,68000.0,69000.0,498870,413000,,68480.0,68260.0,NI
53,NI1609,2016-04-13,69070.0,71940.0,68760.0,70260.0,1311228,473382,,70340.0,68480.0,NI
53,NI1609,2016-04-14,70800.0,71400.0,70260.0,70710.0,762510,490702,,70880.0,70340.0,NI
53,NI1609,2016-04-15,70880.0,71460.0,70060.0,70240.0,745346,508514,,70890.0,70880.0,NI
52,NI1609,2016-04-18,70330.0,71470.0,69530.0,70840.0,788530,521640,,70440.0,70890.0,NI
52,NI1609,2016-04-19,71300.0,72170.0,70040.0,71010.0,1046740,554886,,71380.0,70440.0,NI
52,NI1609,2016-04-20,71340.0,72830.0,71060.0,71880.0,1317728,555618,,71990.0,71380.0,NI
52,NI1609,2016-04-21,72300.0,74400.0,71720.0,73850.0,1506998,600716,,73050.0,71990.0,NI
52,NI1609,2016-04-22,75010.0,75110.0,70470.0,71810.0,1459122,557696,,72240.0,73050.0,NI
52,NI1609,2016-04-25,72000.0,73720.0,70820.0,72050.0,1250414,561076,,72160.0,72240.0,NI
52,NI1609,2016-04-26,71910.0,72220.0,70670.0,71350.0,822540,562176,,71640.0,72160.0,NI
52,NI1609,2016-04-27,71500.0,72450.0,71260.0,71910.0,823176,564824,,71860.0,71640.0,NI
52,NI1609,2016-04-28,72100.0,72710.0,71370.0,72170.0,1041496,570620,,72010.0,71860.0,NI
52,NI1609,2016-04-29,72140.0,73400.0,71910.0,73340.0,954570,593836,,72500.0,72010.0,NI
52,NI1609,2016-05-03,73290.0,76200.0,72700.0,75940.0,862968,653182,,74150.0,72500.0,NI
52,NI1609,2016-05-04,75690.0,76390.0,73720.0,74360.0,1429034,626004,,74850.0,74150.0,NI
52,NI1609,2016-05-05,74540.0,74930.0,73120.0,73420.0,970200,613536,,74020.0,74850.0,NI
52,NI1609,2016-05-06,73460.0,73590.0,69900.0,70700.0,1412010,578524,,71410.0,74020.0,NI
52,NI1609,2016-05-09,70790.0,72080.0,68920.0,69030.0,1291174,604630,,70500.0,71410.0,NI
52,NI1609,2016-05-10,68920.0,69480.0,68150.0,69210.0,946058,597736,,68920.0,70500.0,NI
52,NI1609,2016-05-11,69050.0,69700.0,69010.0,69400.0,773980,605872,,69360.0,68920.0,NI
52,NI1609,2016-05-12,69710.0,70610.0,69120.0,70130.0,962488,596240,,69850.0,69360.0,NI
52,NI1609,2016-05-13,70000.0,70360.0,67750.0,68250.0,1122286,591130,,68710.0,69850.0,NI
52,NI1609,2016-05-16,68080.0,69130.0,67900.0,68850.0,677276,591198,,68670.0,68710.0,NI
51,NI1609,2016-05-17,68880.0,69640.0,68660.0,69410.0,688620,594566,,69220.0,68670.0,NI
51,NI1609,2016-05-18,69090.0,69880.0,68430.0,68600.0,806500,619082,,69240.0,69220.0,NI
51,NI1609,2016-05-19,68580.0,69180.0,68200.0,68430.0,609878,622594,,68650.0,69240.0,NI
51,NI1609,2016-05-20,68190.0,68830.0,67770.0,68520.0,559474,628154,,68370.0,68650.0,NI
51,NI1609,2016-05-23,68530.0,68780.0,66720.0,67180.0,828052,643032,,67540.0,68370.0,NI
51,NI1609,2016-05-24,66890.0,67420.0,66430.0,67020.0,553818,652548,,66990.0,67540.0,NI
51,NI1609,2016-05-25,67190.0,67820.0,66730.0,66820.0,633888,654140,,67210.0,66990.0,NI
51,NI1609,2016-05-26,67080.0,67710.0,66830.0,67230.0,668844,668578,,67170.0,67210.0,NI
51,NI1609,2016-05-27,67280.0,67800.0,66350.0,67390.0,824508,661686,,66990.0,67170.0,NI
51,NI1609,2016-05-30,67390.0,67680.0,66750.0,67360.0,544958,660418,,67250.0,66990.0,NI
51,NI1609,2016-05-31,67400.0,68390.0,67200.0,68090.0,653542,667272,,67820.0,67250.0,NI
51,NI1609,2016-06-01,68160.0,68280.0,66950.0,67150.0,524336,681582,,67650.0,67820.0,NI
51,NI1609,2016-06-02,66990.0,68000.0,66750.0,67430.0,507290,654718,,67460.0,67650.0,NI
51,NI1609,2016-06-03,67320.0,67850.0,67310.0,67550.0,480244,671238,,67600.0,67460.0,NI
51,NI1609,2016-06-06,68100.0,69260.0,67660.0,68990.0,615780,652222,,68420.0,67600.0,NI
51,NI1609,2016-06-07,69120.0,69500.0,68480.0,68780.0,443264,632672,,68970.0,68420.0,NI
51,NI1609,2016-06-08,68500.0,69300.0,68320.0,68890.0,408292,607992,,68740.0,68970.0,NI
51,NI1609,2016-06-13,69600.0,70870.0,69510.0,70300.0,350280,601348,,70270.0,68740.0,NI
51,NI1609,2016-06-14,70430.0,70700.0,70000.0,70420.0,389368,588166,,70360.0,70270.0,NI
51,NI1609,2016-06-15,70220.0,71300.0,70090.0,71240.0,568748,598626,,70740.0,70360.0,NI
50,NI1609,2016-06-16,71880.0,71980.0,70170.0,70420.0,497828,568340,,71080.0,70740.0,NI
50,NI1609,2016-06-17,70250.0,71450.0,69900.0,71450.0,486166,557408,,70520.0,71080.0,NI
50,NI1609,2016-06-20,71600.0,72870.0,71090.0,72520.0,617698,541624,,72030.0,70520.0,NI
50,NI1609,2016-06-21,72800.0,73400.0,72000.0,72390.0,494708,515490,,72650.0,72030.0,NI
50,NI1609,2016-06-22,72450.0,72880.0,71570.0,72760.0,478340,507188,,72200.0,72650.0,NI
50,NI1609,2016-06-23,72750.0,72980.0,71680.0,72050.0,428734,497116,,72240.0,72200.0,NI
50,NI1609,2016-06-24,72180.0,72500.0,70010.0,70470.0,673326,476088,,71270.0,72240.0,NI
50,NI1609,2016-06-27,70610.0,71850.0,70520.0,71650.0,535002,479126,,71230.0,71270.0,NI
50,NI1609,2016-06-28,71580.0,72860.0,71030.0,72580.0,526784,477966,,71830.0,71230.0,NI
50,NI1609,2016-06-29,72730.0,73950.0,72650.0,73450.0,710344,459692,,73250.0,71830.0,NI
50,NI1609,2016-06-30,73600.0,75350.0,73380.0,74890.0,733846,474668,,74330.0,73250.0,NI
50,NI1609,2016-07-01,74730.0,75980.0,73600.0,75560.0,845836,493470,,74760.0,74330.0,NI
50,NI1609,2016-07-04,75700.0,79240.0,75500.0,79240.0,1016926,552196,,77950.0,74760.0,NI
50,NI1609,2016-07-05,80950.0,83490.0,77200.0,80600.0,1844850,537240,,80080.0,77950.0,NI
50,NI1609,2016-07-06,80660.0,82140.0,75970.0,78060.0,2027096,507050,,78480.0,80080.0,NI
50,NI1609,2016-07-07,77410.0,80900.0,76680.0,77270.0,1631036,491106,,78750.0,78480.0,NI
50,NI1609,2016-07-08,77480.0,78400.0,75120.0,76840.0,1333552,463450,,76870.0,78750.0,NI
50,NI1609,2016-07-11,77510.0,79880.0,76900.0,79300.0,1193678,471884,,78200.0,76870.0,NI
50,NI1609,2016-07-12,79450.0,81400.0,78820.0,81160.0,1095460,496362,,79740.0,78200.0,NI
50,NI1609,2016-07-13,81400.0,83570.0,79900.0,80430.0,1638146,485588,,81830.0,79740.0,NI
50,NI1609,2016-07-14,80800.0,82000.0,79700.0,81770.0,1085930,486054,,80950.0,81830.0,NI
50,NI1609,2016-07-15,81590.0,82180.0,80100.0,81200.0,977862,479964,,81080.0,80950.0,NI
49,NI1609,2016-07-18,81610.0,82000.0,79530.0,80840.0,1178810,468188,,80860.0,81080.0,NI
49,NI1609,2016-07-19,81000.0,83750.0,80340.0,81880.0,1637088,481030,,82180.0,80860.0,NI
49,NI1609,2016-07-20,81750.0,82360.0,80680.0,81550.0,1102102,456666,,81580.0,82180.0,NI
49,NI1609,2016-07-21,81080.0,82780.0,80510.0,82250.0,1038416,461090,,81840.0,81580.0,NI
49,NI1609,2016-07-22,82880.0,84080.0,81150.0,81220.0,1274224,442624,,82670.0,81840.0,NI
49,NI1609,2016-07-25,81600.0,81890.0,79770.0,80520.0,1000232,414574,,80650.0,82670.0,NI
49,NI1609,2016-07-26,80700.0,80880.0,78650.0,79390.0,860320,382886,,79750.0,80650.0,NI
49,NI1609,2016-07-27,79310.0,80690.0,79120.0,79650.0,768382,351508,,79920.0,79750.0,NI
49,NI1609,2016-07-28,79920.0,81500.0,79580.0,81390.0,784462,343934,,80580.0,79920.0,NI
49,NI1609,2016-07-29,81500.0,82000.0,80280.0,80330.0,716288,315740,,81260.0,80580.0,NI
49,NI1609,2016-08-01,80680.0,82580.0,79940.0,82430.0,684284,304298,,81260.0,81260.0,NI
49,NI1609,2016-08-02,82200.0,83450.0,81620.0,83390.0,561092,288158,,82290.0,81260.0,NI
53,NI1701,2016-08-03,85290.0,85700.0,83450.0,83880.0,698722,508116,,84260.0,84010.0,NI
53,NI1701,2016-08-04,84010.0,84500.0,81590.0,82100.0,796350,478976,,83040.0,84260.0,NI
53,NI1701,2016-08-05,81600.0,83200.0,81590.0,82970.0,692210,514468,,82550.0,83040.0,NI
53,NI1701,2016-08-08,82700.0,84890.0,82110.0,84430.0,773628,566194,,83700.0,82550.0,NI
53,NI1701,2016-08-09,84400.0,84790.0,83300.0,83790.0,709644,568570,,84070.0,83700.0,NI
53,NI1701,2016-08-10,83450.0,84700.0,83100.0,84190.0,747168,574810,,83900.0,84070.0,NI
53,NI1701,2016-08-11,84500.0,85250.0,83090.0,83330.0,971948,587090,,84150.0,83900.0,NI
53,NI1701,2016-08-12,83300.0,83900.0,82600.0,83100.0,749318,596208,,83270.0,84150.0,NI
53,NI1701,2016-08-15,82080.0,82500.0,80520.0,80850.0,983504,610604,,81430.0,83270.0,NI
52,NI1701,2016-08-16,81310.0,82050.0,81120.0,81490.0,611550,604464,,81580.0,81430.0,NI
52,NI1701,2016-08-17,81380.0,81700.0,80660.0,81170.0,684610,613314,,81210.0,81580.0,NI
52,NI1701,2016-08-18,81050.0,81770.0,80260.0,81440.0,733912,609926,,81080.0,81210.0,NI
52,NI1701,2016-08-19,81530.0,81740.0,80900.0,81540.0,498222,614896,,81400.0,81080.0,NI
52,NI1701,2016-08-22,81400.0,82140.0,80500.0,80590.0,602994,621676,,81380.0,81400.0,NI
52,NI1701,2016-08-23,80520.0,81480.0,80360.0,81110.0,412270,604530,,81090.0,81380.0,NI
52,NI1701,2016-08-24,81270.0,81580.0,80670.0,80980.0,425210,609466,,81130.0,81090.0,NI
52,NI1701,2016-08-25,81120.0,81320.0,77550.0,78450.0,1062506,611110,,79090.0,81130.0,NI
52,NI1701,2016-08-26,77900.0,78790.0,77850.0,78310.0,466932,600286,,78450.0,79090.0,NI
52,NI1701,2016-08-29,78310.0,79280.0,77990.0,78570.0,604124,576564,,78600.0,78450.0,NI
52,NI1701,2016-08-30,78610.0,78970.0,78000.0,78150.0,356702,588174,,78560.0,78600.0,NI
52,NI1701,2016-08-31,77980.0,78710.0,77890.0,78060.0,434898,586950,,78380.0,78560.0,NI
52,NI1701,2016-09-01,78000.0,79200.0,77980.0,78810.0,531406,576764,,78700.0,78380.0,NI
52,NI1701,2016-09-02,78530.0,80480.0,78380.0,79820.0,731232,556138,,79470.0,78700.0,NI
52,NI1701,2016-09-05,80020.0,80840.0,80020.0,80230.0,565786,563528,,80400.0,79470.0,NI
52,NI1701,2016-09-06,80370.0,81120.0,79500.0,81040.0,553620,552206,,80380.0,80400.0,NI
52,NI1701,2016-09-07,80910.0,81300.0,80360.0,80920.0,533470,537074,,80840.0,80380.0,NI
52,NI1701,2016-09-08,81150.0,81420.0,80580.0,80980.0,447436,541706,,80980.0,80840.0,NI
52,NI1701,2016-09-09,81400.0,81550.0,80850.0,81320.0,426516,536068,,81220.0,80980.0,NI
52,NI1701,2016-09-12,81400.0,81460.0,78500.0,78710.0,619392,525288,,80090.0,81220.0,NI
52,NI1701,2016-09-13,78820.0,79750.0,78680.0,79310.0,416320,517318,,79200.0,80090.0,NI
52,NI1701,2016-09-14,79190.0,79500.0,78020.0,78280.0,486080,514876,,78540.0,79200.0,NI
52,NI1701,2016-09-19,77990.0,79360.0,77960.0,78960.0,256726,512880,,78920.0,78540.0,NI
51,NI1701,2016-09-20,79100.0,80700.0,79030.0,80610.0,541658,507280,,79990.0,78920.0,NI
51,NI1701,2016-09-21,80690.0,80980.0,80110.0,80510.0,398448,496404,,80530.0,79990.0,NI
51,NI1701,2016-09-22,80850.0,82560.0,80520.0,81700.0,652968,492808,,81520.0,80530.0,NI
51,NI1701,2016-09-23,82260.0,82650.0,81800.0,82620.0,446672,499040,,82180.0,81520.0,NI
51,NI1701,2016-09-26,82660.0,82850.0,81400.0,81480.0,541690,509732,,82210.0,82180.0,NI
51,NI1701,2016-09-27,81550.0,82730.0,80200.0,82700.0,713616,530618,,81390.0,82210.0,NI
51,NI1701,2016-09-28,82880.0,82980.0,81510.0,82090.0,725532,509676,,82090.0,81390.0,NI
51,NI1701,2016-09-29,81920.0,83610.0,81570.0,81860.0,683474,493246,,82630.0,82090.0,NI
51,NI1701,2016-09-30,81800.0,81990.0,80430.0,81380.0,525812,464428,,81310.0,82630.0,NI
51,NI1701,2016-10-10,80720.0,81860.0,80200.0,81660.0,284498,465102,,81090.0,81310.0,NI
51,NI1701,2016-10-11,81470.0,82970.0,81470.0,82840.0,560184,490950,,82370.0,81090.0,NI
51,NI1701,2016-10-12,82490.0,83140.0,81890.0,82350.0,513218,484610,,82440.0,82370.0,NI
51,NI1701,2016-10-13,82760.0,83050.0,80900.0,81340.0,626050,492972,,82160.0,82440.0,NI
51,NI1701,2016-10-14,81090.0,82240.0,80720.0,81590.0,502782,486616,,81550.0,82160.0,NI
51,NI1701,2016-10-17,81700.0,82540.0,81420.0,81820.0,653362,497082,,82040.0,81550.0,NI
50,NI1701,2016-10-18,81950.0,82010.0,80850.0,81680.0,443098,498742,,81450.0,82040.0,NI
50,NI1701,2016-10-19,81700.0,82350.0,80410.0,80700.0,637110,513786,,81540.0,81450.0,NI
50,NI1701,2016-10-20,80650.0,81290.0,79780.0,80750.0,509984,507158,,80720.0,81540.0,NI
50,NI1701,2016-10-21,80400.0,80620.0,79360.0,79410.0,515654,538548,,79970.0,80720.0,NI
50,NI1701,2016-10-24,79280.0,80700.0,79080.0,80410.0,463548,518322,,79820.0,79970.0,NI
50,NI1701,2016-10-25,80200.0,81960.0,80200.0,81470.0,583810,512946,,81170.0,79820.0,NI
50,NI1701,2016-10-26,81700.0,82300.0,80590.0,81050.0,539952,511784,,81430.0,81170.0,NI
50,NI1701,2016-10-27,80950.0,81900.0,80450.0,80980.0,507290,508394,,81240.0,81430.0,NI
50,NI1701,2016-10-28,81600.0,82690.0,81400.0,82570.0,616094,509508,,82190.0,81240.0,NI
50,NI1701,2016-10-31,82650.0,84030.0,82100.0,83950.0,618874,544172,,82810.0,82190.0,NI
50,NI1701,2016-11-01,83910.0,84340.0,82900.0,83560.0,581778,521976,,83600.0,82810.0,NI
50,NI1701,2016-11-02,83410.0,84460.0,81800.0,82310.0,676190,499476,,83220.0,83600.0,NI
50,NI1701,2016-11-03,82700.0,83470.0,82200.0,83280.0,375696,498794,,82860.0,83220.0,NI
50,NI1701,2016-11-04,83500.0,84100.0,82800.0,82920.0,543200,492920,,83430.0,82860.0,NI
50,NI1701,2016-11-07,82980.0,88430.0,82650.0,87830.0,1057918,530624,,85890.0,83430.0,NI
50,NI1701,2016-11-08,87930.0,90860.0,87050.0,89890.0,1097124,511204,,88870.0,85890.0,NI
50,NI1701,2016-11-09,89450.0,91670.0,88550.0,90840.0,1119850,506656,,90190.0,88870.0,NI
50,NI1701,2016-11-10,92000.0,95600.0,91500.0,95600.0,1038744,509140,,93550.0,90190.0,NI
50,NI1701,2016-11-11,95800.0,97230.0,93000.0,96140.0,1102576,484362,,94730.0,93550.0,NI
50,NI1701,2016-11-14,96100.0,99800.0,89040.0,91680.0,1518068,399120,,93030.0,94730.0,NI
50,NI1701,2016-11-15,91340.0,94170.0,89490.0,90680.0,870318,403730,,91570.0,93030.0,NI
49,NI1701,2016-11-16,90890.0,92800.0,90600.0,92530.0,683878,400152,,91600.0,91570.0,NI
49,NI1701,2016-11-17,91830.0,92250.0,90870.0,91240.0,582126,377758,,91550.0,91600.0,NI
49,NI1701,2016-11-18,91490.0,91850.0,89800.0,90720.0,497672,366414,,90900.0,91550.0,NI
49,NI1701,2016-11-21,90720.0,91800.0,88010.0,91330.0,650826,356944,,90170.0,90900.0,NI
49,NI1701,2016-11-22,91600.0,94480.0,90770.0,93340.0,656142,342202,,92660.0,90170.0,NI
49,NI1701,2016-11-23,93110.0,93370.0,92020.0,92970.0,395870,335988,,92860.0,92660.0,NI
49,NI1701,2016-11-24,92780.0,96660.0,92350.0,94550.0,824562,313886,,94690.0,92860.0,NI
49,NI1701,2016-11-25,94690.0,96250.0,93720.0,95200.0,525570,288094,,95190.0,94690.0,NI
49,NI1701,2016-11-28,94990.0,97770.0,94120.0,97610.0,514246,274106,,95930.0,95190.0,NI
49,NI1701,2016-11-29,96850.0,97480.0,92720.0,93210.0,504692,240038,,95360.0,95930.0,NI
53,NI1705,2016-11-30,95010.0,95110.0,90150.0,91300.0,488862,384376,,92440.0,96810.0,NI
53,NI1705,2016-12-01,91890.0,94100.0,91530.0,92980.0,489010,399788,,92810.0,92440.0,NI
53,NI1705,2016-12-02,92960.0,93450.0,91500.0,92430.0,410014,412270,,92570.0,92810.0,NI
53,NI1705,2016-12-05,92500.0,96170.0,92160.0,95440.0,755494,460848,,94830.0,92570.0,NI
53,NI1705,2016-12-06,96200.0,96800.0,94620.0,95300.0,482512,449058,,95680.0,94830.0,NI
53,NI1705,2016-12-07,95350.0,97170.0,94820.0,96790.0,605210,483402,,96210.0,95680.0,NI
53,NI1705,2016-12-08,96660.0,97280.0,94360.0,95110.0,578928,485072,,95700.0,96210.0,NI
53,NI1705,2016-12-09,95350.0,95700.0,92870.0,95150.0,578832,500744,,94380.0,95700.0,NI
53,NI1705,2016-12-12,95150.0,97800.0,94260.0,94460.0,740996,496320,,96130.0,94380.0,NI
53,NI1705,2016-12-13,94650.0,96060.0,94230.0,95960.0,456780,508200,,95290.0,96130.0,NI
53,NI1705,2016-12-14,96230.0,96750.0,93500.0,96260.0,801636,540190,,95690.0,95290.0,NI
53,NI1705,2016-12-15,96390.0,97200.0,94620.0,96130.0,763680,531784,,95930.0,95690.0,NI
52,NI1705,2016-12-16,95200.0,96560.0,94720.0,95280.0,551742,532768,,95660.0,95930.0,NI
52,NI1705,2016-12-19,94500.0,95420.0,93350.0,93390.0,525428,534284,,94610.0,95660.0,NI
52,NI1705,2016-12-20,93000.0,93120.0,90830.0,92510.0,601532,542136,,92410.0,94610.0,NI
52,NI1705,2016-12-21,92510.0,93400.0,92150.0,92660.0,381176,540978,,92730.0,92410.0,NI
52,NI1705,2016-12-22,92490.0,92790.0,89750.0,90120.0,493564,556726,,91420.0,92730.0,NI
52,NI1705,2016-12-23,89800.0,91360.0,89620.0,90150.0,459026,550220,,90530.0,91420.0,NI
52,NI1705,2016-12-26,89940.0,90420.0,84190.0,84190.0,922890,546922,,86750.0,90530.0,NI
52,NI1705,2016-12-27,84320.0,85850.0,83860.0,85550.0,485794,527964,,84760.0,86750.0,NI
52,NI1705,2016-12-28,85500.0,87350.0,85250.0,85820.0,564542,538380,,86360.0,84760.0,NI
52,NI1705,2016-12-29,85850.0,86530.0,84820.0,86350.0,467428,532506,,85890.0,86360.0,NI
52,NI1705,2016-12-30,85850.0,86350.0,84920.0,85560.0,394134,534940,,85760.0,85890.0,NI
52,NI1705,2017-01-03,85560.0,87050.0,85500.0,86010.0,269450,539812,,86410.0,85760.0,NI
52,NI1705,2017-01-04,86250.0,86460.0,83450.0,85130.0,533246,562026,,84790.0,86410.0,NI
52,NI1705,2017-01-05,84710.0,86090.0,84650.0,85250.0,418844,556800,,85410.0,84790.0,NI
52,NI1705,2017-01-06,85300.0,85840.0,84510.0,84810.0,354012,552744,,85300.0,85410.0,NI
52,NI1705,2017-01-09,85050.0,86630.0,84960.0,86370.0,355704,544016,,85830.0,85300.0,NI
52,NI1705,2017-01-10,86180.0,87850.0,85940.0,87130.0,458082,547840,,86770.0,85830.0,NI
52,NI1705,2017-01-11,87560.0,88360.0,87230.0,87750.0,412296,543488,,87810.0,86770.0,NI
52,NI1705,2017-01-12,87310.0,88160.0,85150.0,85800.0,532698,576552,,86590.0,87810.0,NI
52,NI1705,2017-01-13,83590.0,86280.0,83550.0,85510.0,639938,624132,,85250.0,86590.0,NI
52,NI1705,2017-01-16,85150.0,87640.0,85110.0,86480.0,563058,621788,,86640.0,85250.0,NI
51,NI1705,2017-01-17,86370.0,87190.0,84050.0,85220.0,507158,630830,,85940.0,86640.0,NI
51,NI1705,2017-01-18,85400.0,86190.0,84550.0,85090.0,406068,629616,,85310.0,85940.0,NI
51,NI1705,2017-01-19,85220.0,85470.0,84600.0,84920.0,312126,631236,,85050.0,85310.0,NI
51,NI1705,2017-01-20,84500.0,84860.0,81750.0,81780.0,720128,686800,,83390.0,85050.0,NI
51,NI1705,2017-01-23,82000.0,83370.0,81800.0,82750.0,462766,681646,,82560.0,83390.0,NI
51,NI1705,2017-01-24,82420.0,82980.0,81860.0,82430.0,426562,707082,,82530.0,82560.0,NI
51,NI1705,2017-01-25,82650.0,82800.0,81410.0,81630.0,406886,717612,,82180.0,82530.0,NI
51,NI1705,2017-01-26,81220.0,83170.0,81210.0,82540.0,419980,706268,,82330.0,82180.0,NI
51,NI1705,2017-02-03,85800.0,85880.0,83570.0,84690.0,352866,662236,,84660.0,82330.0,NI
51,NI1705,2017-02-06,84910.0,86480.0,84840.0,86160.0,502648,663282,,85830.0,84660.0,NI
51,NI1705,2017-02-07,86300.0,86730.0,85700.0,86120.0,314440,644114,,86220.0,85830.0,NI
51,NI1705,2017-02-08,86320.0,87110.0,85750.0,86810.0,356268,639410,,86440.0,86220.0,NI
51,NI1705,2017-02-09,87050.0,87330.0,86420.0,86550.0,287732,629352,,86970.0,86440.0,NI
51,NI1705,2017-02-10,86850.0,86980.0,85770.0,86750.0,389706,635332,,86430.0,86970.0,NI
51,NI1705,2017-02-13,86980.0,89530.0,86930.0,89120.0,548972,626844,,88530.0,86430.0,NI
51,NI1705,2017-02-14,89380.0,90260.0,88750.0,90260.0,411744,620518,,89480.0,88530.0,NI
51,NI1705,2017-02-15,90480.0,90790.0,88460.0,89810.0,584512,612146,,89610.0,89480.0,NI
50,NI1705,2017-02-16,89760.0,92000.0,88810.0,90400.0,611674,593282,,90510.0,89610.0,NI
50,NI1705,2017-02-17,90500.0,91710.0,89670.0,90690.0,556330,585026,,90800.0,90510.0,NI
50,NI1705,2017-02-20,90890.0,91880.0,90050.0,91690.0,474982,580536,,91090.0,90800.0,NI
50,NI1705,2017-02-21,91830.0,92550.0,91160.0,91510.0,393138,578048,,91870.0,91090.0,NI
50,NI1705,2017-02-22,91660.0,91830.0,89020.0,89740.0,492100,569806,,90310.0,91870.0,NI
50,NI1705,2017-02-23,89640.0,90500.0,88120.0,88590.0,423036,561394,,89380.0,90310.0,NI
50,NI1705,2017-02-24,88800.0,89230.0,87400.0,89110.0,464838,539676,,88420.0,89380.0,NI
50,NI1705,2017-02-27,89000.0,91480.0,88560.0,90700.0,558474,531044,,90220.0,88420.0,NI
50,NI1705,2017-02-28,90940.0,91500.0,90300.0,90690.0,420894,510886,,90920.0,90220.0,NI
50,NI1705,2017-03-01,90800.0,91420.0,89180.0,91090.0,472650,506920,,90440.0,90920.0,NI
50,NI1705,2017-03-02,91270.0,91900.0,90620.0,91150.0,391970,492452,,91360.0,90440.0,NI
50,NI1705,2017-03-03,90880.0,91030.0,89450.0,90800.0,413718,494374,,90270.0,91360.0,NI
50,NI1705,2017-03-06,90850.0,91880.0,90360.0,91040.0,501870,490760,,91080.0,90270.0,NI
50,NI1705,2017-03-07,91050.0,91650.0,90520.0,91140.0,348648,488124,,91110.0,91080.0,NI
50,NI1705,2017-03-08,91000.0,91090.0,87650.0,88100.0,645388,508730,,89020.0,91110.0,NI
50,NI1705,2017-03-09,87980.0,88250.0,83000.0,84130.0,724322,495482,,85410.0,89020.0,NI
50,NI1705,2017-03-10,83910.0,85090.0,83660.0,83690.0,401606,490852,,84440.0,85410.0,NI
50,NI1705,2017-03-13,83850.0,84790.0,82080.0,84070.0,660964,488520,,83480.0,84440.0,NI
50,NI1705,2017-03-14,84160.0,85350.0,83500.0,83980.0,481678,472350,,84590.0,83480.0,NI
50,NI1705,2017-03-15,84200.0,85550.0,83360.0,84980.0,429164,474100,,84670.0,84590.0,NI
49,NI1705,2017-03-16,85080.0,85950.0,84780.0,85510.0,406986,459520,,85380.0,84670.0,NI
49,NI1705,2017-03-17,85480.0,85500.0,84120.0,84460.0,385452,468854,,84810.0,85380.0,NI
49,NI1705,2017-03-20,84820.0,85540.0,84310.0,84450.0,347232,448864,,84930.0,84810.0,NI
49,NI1705,2017-03-21,84450.0,85180.0,83650.0,84300.0,353398,444418,,84440.0,84930.0,NI
49,NI1705,2017-03-22,84190.0,84960.0,82310.0,82440.0,382710,441206,,83570.0,84440.0,NI
49,NI1705,2017-03-23,82500.0,83700.0,81880.0,82990.0,310120,414302,,82860.0,83570.0,NI
49,NI1705,2017-03-24,82810.0,83270.0,82000.0,82510.0,245506,424832,,82710.0,82860.0,NI
49,NI1705,2017-03-27,82400.0,82900.0,79560.0,80320.0,453520,413042,,81260.0,82710.0,NI
49,NI1705,2017-03-28,80500.0,81740.0,80000.0,80930.0,295030,377206,,80890.0,81260.0,NI
49,NI1705,2017-03-29,80900.0,82750.0,80600.0,82550.0,316094,356792,,81900.0,80890.0,NI
49,NI1705,2017-03-30,82400.0,83310.0,81900.0,82320.0,261944,329242,,82540.0,81900.0,NI
49,NI1705,2017-03-31,82410.0,83600.0,82330.0,83070.0,300254,306474,,83020.0,82540.0,NI
53,NI1709,2017-04-05,84600.0,86470.0,84500.0,86000.0,163730,375432,,85700.0,84760.0,NI
53,NI1709,2017-04-06,86250.0,86800.0,85900.0,86440.0,284120,405962,,86390.0,85700.0,NI
53,NI1709,2017-04-07,86750.0,86980.0,83370.0,83970.0,531658,408378,,84990.0,86390.0,NI
53,NI1709,2017-04-10,84000.0,86000.0,83460.0,85050.0,414178,409842,,85040.0,84990.0,NI
53,NI1709,2017-04-11,85300.0,85580.0,84260.0,85230.0,453556,408738,,85010.0,85040.0,NI
53,NI1709,2017-04-12,85130.0,85600.0,81300.0,81620.0,705532,436898,,83040.0,85010.0,NI
53,NI1709,2017-04-13,81600.0,82590.0,80930.0,81930.0,447192,441640,,81950.0,83040.0,NI
53,NI1709,2017-04-14,81710.0,82360.0,80510.0,80680.0,440766,470056,,81430.0,81950.0,NI
53,NI1709,2017-04-17,80700.0,81900.0,80260.0,80690.0,444438,478168,,81080.0,81430.0,NI
52,NI1709,2017-04-18,80800.0,81490.0,80010.0,80240.0,387188,491098,,80850.0,81080.0,NI
52,NI1709,2017-04-19,80180.0,80230.0,77990.0,79200.0,559702,490114,,78880.0,80850.0,NI
52,NI1709,2017-04-20,79350.0,79990.0,78050.0,79680.0,488442,483408,,78990.0,78880.0,NI
52,NI1709,2017-04-21,79350.0,80390.0,79160.0,79540.0,452068,502128,,79700.0,78990.0,NI
52,NI1709,2017-04-24,79700.0,79700.0,78130.0,78790.0,436284,522788,,78810.0,79700.0,NI
52,NI1709,2017-04-25,78570.0,78970.0,77500.0,77800.0,481430,555880,,78110.0,78810.0,NI
52,NI1709,2017-04-26,77860.0,78490.0,77600.0,77990.0,364990,554322,,78110.0,78110.0,NI
52,NI1709,2017-04-27,78050.0,78500.0,77360.0,77920.0,409656,578378,,77940.0,78110.0,NI
52,NI1709,2017-04-28,77800.0,79680.0,77400.0,79300.0,503414,578682,,78580.0,77940.0,NI
52,NI1709,2017-05-02,79600.0,80470.0,79420.0,80030.0,206474,577706,,80070.0,78580.0,NI
52,NI1709,2017-05-03,80010.0,80320.0,79130.0,79380.0,284020,589762,,79760.0,80070.0,NI
52,NI1709,2017-05-04,78800.0,78800.0,75500.0,76270.0,595228,590332,,77380.0,79760.0,NI
52,NI1709,2017-05-05,76020.0,76270.0,74720.0,74820.0,457438,595164,,75440.0,77380.0,NI
52,NI1709,2017-05-08,75090.0,76880.0,75080.0,75730.0,515838,575992,,75960.0,75440.0,NI
52,NI1709,2017-05-09,76090.0,76680.0,75800.0,76490.0,306394,569112,,76300.0,75960.0,NI
52,NI1709,2017-05-10,76800.0,77450.0,76020.0,76400.0,386648,561256,,76860.0,76300.0,NI
52,NI1709,2017-05-11,76800.0,77250.0,75410.0,77130.0,467742,555338,,76270.0,76860.0,NI
52,NI1709,2017-05-12,77580.0,77700.0,76560.0,76990.0,356894,545076,,77010.0,76270.0,NI
52,NI1709,2017-05-15,77460.0,77770.0,76630.0,77340.0,390452,547126,,77190.0,77010.0,NI
51,NI1709,2017-05-16,77470.0,77750.0,75830.0,76600.0,466560,562082,,76760.0,77190.0,NI
51,NI1709,2017-05-17,76210.0,77280.0,76210.0,76870.0,422786,562424,,76700.0,76760.0,NI
51,NI1709,2017-05-18,76750.0,77190.0,74710.0,75510.0,377374,569318,,76070.0,76700.0,NI
51,NI1709,2017-05-19,75230.0,76600.0,75180.0,76020.0,403380,561034,,76040.0,76070.0,NI
51,NI1709,2017-05-22,76550.0,78500.0,76390.0,77850.0,593256,551926,,77850.0,76040.0,NI
51,NI1709,2017-05-23,78150.0,78580.0,77500.0,77630.0,360972,550136,,78080.0,77850.0,NI
51,NI1709,2017-05-24,77750.0,77960.0,75800.0,76270.0,409382,558144,,77050.0,78080.0,NI
51,NI1709,2017-05-25,76340.0,76540.0,75560.0,75920.0,361662,556452,,76040.0,77050.0,NI
51,NI1709,2017-05-26,75790.0,76200.0,74990.0,75200.0,406772,556952,,75520.0,76040.0,NI
51,NI1709,2017-05-31,75200.0,75980.0,72760.0,72950.0,348308,561388,,74050.0,75520.0,NI
51,NI1709,2017-06-01,72930.0,73850.0,72620.0,73160.0,310184,548410,,73220.0,74050.0,NI
51,NI1709,2017-06-02,73170.0,73460.0,71980.0,72080.0,365946,559806,,72630.0,73220.0,NI
51,NI1709,2017-06-05,72020.0,73660.0,71940.0,73110.0,367468,536734,,73000.0,72630.0,NI
51,NI1709,2017-06-06,73010.0,73450.0,72700.0,72980.0,255328,534422,,73110.0,73000.0,NI
51,NI1709,2017-06-07,72900.0,74100.0,72760.0,73480.0,374820,527134,,73490.0,73110.0,NI
51,NI1709,2017-06-08,73480.0,73770.0,72080.0,73200.0,436998,530542,,72860.0,73490.0,NI
51,NI1709,2017-06-09,73010.0,73340.0,72610.0,72900.0,276698,542244,,72940.0,72860.0,NI
51,NI1709,2017-06-12,73200.0,74380.0,73080.0,73880.0,381494,529994,,73880.0,72940.0,NI
51,NI1709,2017-06-13,73880.0,73890.0,72230.0,72540.0,360684,554638,,72830.0,73880.0,NI
51,NI1709,2017-06-14,72430.0,73380.0,71520.0,73190.0,397314,543000,,72590.0,72830.0,NI
51,NI1709,2017-06-15,73090.0,73690.0,72500.0,73300.0,356100,528834,,73170.0,72590.0,NI
50,NI1709,2017-06-16,73250.0,74100.0,72850.0,73600.0,321092,518076,,73500.0,73170.0,NI
50,NI1709,2017-06-19,73790.0,74200.0,72770.0,73900.0,332320,512002,,73620.0,73500.0,NI
50,NI1709,2017-06-20,74050.0,75300.0,73880.0,74740.0,457316,511608,,74750.0,73620.0,NI
50,NI1709,2017-06-21,74360.0,74560.0,73130.0,74120.0,368790,517316,,73740.0,74750.0,NI
50,NI1709,2017-06-22,74250.0,74680.0,73620.0,73840.0,316972,513356,,74290.0,73740.0,NI
50,NI1709,2017-06-23,74150.0,75690.0,73990.0,75570.0,452686,534972,,74910.0,74290.0,NI
50,NI1709,2017-06-26,75600.0,75630.0,74910.0,75340.0,277286,517078,,75270.0,74910.0,NI
50,NI1709,2017-06-27,75350.0,75480.0,74450.0,75270.0,314670,510660,,74940.0,75270.0,NI
50,NI1709,2017-06-28,75270.0,76220.0,75210.0,75890.0,350184,498600,,75800.0,74940.0,NI
50,NI1709,2017-06-29,75710.0,76950.0,75460.0,76790.0,392876,510358,,76330.0,75800.0,NI
50,NI1709,2017-06-30,76700.0,77000.0,75810.0,76650.0,305508,502622,,76470.0,76330.0,NI
50,NI1709,2017-07-03,76570.0,77670.0,76330.0,77240.0,333600,498830,,77010.0,76470.0,NI
50,NI1709,2017-07-04,77330.0,77400.0,74900.0,75200.0,418318,482308,,76150.0,77010.0,NI
50,NI1709,2017-07-05,75120.0,75850.0,74980.0,75250.0,251716,473228,,75420.0,76150.0,NI
50,NI1709,2017-07-06,74930.0,75400.0,74520.0,75210.0,260996,471974,,74950.0,75420.0,NI
50,NI1709,2017-07-07,75080.0,75370.0,74020.0,74650.0,294290,481046,,74680.0,74950.0,NI
50,NI1709,2017-07-10,74300.0,74530.0,73330.0,73550.0,351594,494450,,73920.0,74680.0,NI
50,NI1709,2017-07-11,73380.0,74550.0,73010.0,74390.0,314240,482330,,73900.0,73920.0,NI
50,NI1709,2017-07-12,74270.0,76080.0,74200.0,75800.0,421320,469406,,75360.0,73900.0,NI
50,NI1709,2017-07-13,75800.0,76420.0,75450.0,76220.0,326082,477912,,76030.0,75360.0,NI
50,NI1709,2017-07-14,76110.0,76850.0,75300.0,76640.0,405906,493560,,76020.0,76030.0,NI
50,NI1709,2017-07-17,77020.0,79520.0,76930.0,79150.0,606574,509946,,78420.0,76020.0,NI
49,NI1709,2017-07-18,79220.0,79990.0,78500.0,78970.0,442626,492454,,79350.0,78420.0,NI
49,NI1709,2017-07-19,79150.0,80120.0,79020.0,79780.0,413118,483370,,79630.0,79350.0,NI
49,NI1709,2017-07-20,80050.0,80110.0,78540.0,78900.0,397550,459674,,79240.0,79630.0,NI
49,NI1709,2017-07-21,78930.0,79090.0,77500.0,78630.0,404482,439770,,78240.0,79240.0,NI
49,NI1709,2017-07-24,78950.0,79490.0,77550.0,78950.0,430372,437622,,78640.0,78240.0,NI
49,NI1709,2017-07-25,78940.0,81260.0,78920.0,81120.0,554328,459916,,80050.0,78640.0,NI
49,NI1709,2017-07-26,81300.0,82500.0,80550.0,80920.0,582920,409040,,81500.0,80050.0,NI
49,NI1709,2017-07-27,81300.0,81970.0,80720.0,81800.0,411584,388900,,81490.0,81500.0,NI
49,NI1709,2017-07-28,82050.0,82850.0,81100.0,82380.0,508494,365492,,82210.0,81490.0,NI
49,NI1709,2017-07-31,82850.0,83890.0,82280.0,83000.0,434380,334618,,83100.0,82210.0,NI
49,NI1709,2017-08-01,82800.0,83300.0,81530.0,81970.0,376464,312194,,82380.0,83100.0,NI
49,NI1709,2017-08-02,82340.0,83070.0,81710.0,82120.0,334746,296054,,82400.0,82380.0,NI
49,NI1709,2017-08-03,82350.0,84330.0,82230.0,82670.0,386702,276392,,83290.0,82400.0,NI
49,NI1709,2017-08-04,83050.0,83850.0,82730.0,83610.0,263552,263610,,83310.0,83290.0,NI
53,NI1801,2017-08-07,85140.0,85600.0,83460.0,84950.0,447828,364612,,84480.0,84810.0,NI
53,NI1801,2017-08-08,84940.0,85490.0,84030.0,84300.0,426502,382076,,84830.0,84480.0,NI
53,NI1801,2017-08-09,84510.0,88720.0,84200.0,88060.0,797146,440984,,86880.0,84830.0,NI
53,NI1801,2017-08-10,88100.0,88350.0,87390.0,87940.0,430670,444146,,87940.0,86880.0,NI
53,NI1801,2017-08-11,87920.0,89350.0,86170.0,86650.0,743956,439030,,87880.0,87940.0,NI
53,NI1801,2017-08-14,86750.0,87330.0,85800.0,86190.0,434792,445486,,86630.0,87880.0,NI
53,NI1801,2017-08-15,86030.0,86100.0,84320.0,85410.0,502432,446978,,85220.0,86630.0,NI
52,NI1801,2017-08-16,85100.0,85800.0,84560.0,85380.0,466886,462362,,85110.0,85220.0,NI
52,NI1801,2017-08-17,86180.0,88460.0,86100.0,87940.0,748108,484210,,87650.0,85110.0,NI
52,NI1801,2017-08-18,87590.0,88300.0,86510.0,88090.0,559800,497772,,87640.0,87650.0,NI
52,NI1801,2017-08-21,88350.0,91570.0,88020.0,91030.0,1074542,512342,,89880.0,87640.0,NI
52,NI1801,2017-08-22,91400.0,92500.0,91020.0,92480.0,646120,524528,,91680.0,89880.0,NI
52,NI1801,2017-08-23,93200.0,93400.0,90770.0,92230.0,855648,517910,,92090.0,91680.0,NI
52,NI1801,2017-08-24,92780.0,94980.0,92160.0,94000.0,935532,522940,,93870.0,92090.0,NI
52,NI1801,2017-08-25,94120.0,94870.0,93500.0,94280.0,633788,514296,,94200.0,93870.0,NI
52,NI1801,2017-08-28,94130.0,94260.0,91630.0,93520.0,791342,510978,,92830.0,94200.0,NI
52,NI1801,2017-08-29,93490.0,95400.0,92860.0,94070.0,907194,523110,,94460.0,92830.0,NI
52,NI1801,2017-08-30,94600.0,95070.0,92710.0,93440.0,775834,514760,,93800.0,94460.0,NI
52,NI1801,2017-08-31,93000.0,93780.0,92440.0,93610.0,656318,522766,,93070.0,93800.0,NI
52,NI1801,2017-09-01,93700.0,95120.0,93320.0,94650.0,656320,545594,,94200.0,93070.0,NI
52,NI1801,2017-09-04,95210.0,97720.0,94220.0,96300.0,808516,544964,,95970.0,94200.0,NI
52,NI1801,2017-09-05,96380.0,96910.0,95850.0,96730.0,464864,548606,,96450.0,95970.0,NI
52,NI1801,2017-09-06,96480.0,96700.0,94000.0,94900.0,778090,525196,,95360.0,96450.0,NI
52,NI1801,2017-09-07,95100.0,97070.0,94480.0,95410.0,802680,536370,,95740.0,95360.0,NI
52,NI1801,2017-09-08,95410.0,96470.0,92230.0,92750.0,1106122,530408,,94600.0,95740.0,NI
52,NI1801,2017-09-11,92500.0,92570.0,89190.0,91230.0,1158076,507256,,90530.0,94600.0,NI
52,NI1801,2017-09-12,91390.0,92780.0,91080.0,92100.0,855572,513386,,91900.0,90530.0,NI
52,NI1801,2017-09-13,91490.0,93850.0,91100.0,92370.0,952540,516216,,92780.0,91900.0,NI
52,NI1801,2017-09-14,91230.0,91850.0,88300.0,88400.0,1317614,517240,,90160.0,92780.0,NI
52,NI1801,2017-09-15,89420.0,89480.0,87380.0,87760.0,921470,501614,,88610.0,90160.0,NI
51,NI1801,2017-09-18,87530.0,88880.0,85650.0,88530.0,1220366,489962,,87640.0,88610.0,NI
51,NI1801,2017-09-19,88530.0,89180.0,87000.0,87400.0,904102,496876,,88350.0,87640.0,NI
51,NI1801,2017-09-20,87350.0,90560.0,86400.0,89920.0,1095548,500052,,88650.0,88350.0,NI
51,NI1801,2017-09-21,90200.0,90800.0,87470.0,87960.0,1049908,489486,,89170.0,88650.0,NI
51,NI1801,2017-09-22,87570.0,88890.0,83810.0,83810.0,1145464,530674,,86020.0,89170.0,NI
51,NI1801,2017-09-25,84010.0,84890.0,83050.0,84060.0,610436,491886,,83950.0,86020.0,NI
51,NI1801,2017-09-26,83800.0,85470.0,83710.0,84530.0,456260,472920,,84670.0,83950.0,NI
51,NI1801,2017-09-27,84100.0,85520.0,83820.0,84980.0,451702,476148,,84650.0,84670.0,NI
51,NI1801,2017-09-28,85040.0,85190.0,82500.0,83510.0,574776,479662,,83570.0,84650.0,NI
51,NI1801,2017-09-29,83500.0,85280.0,83280.0,84800.0,423764,430448,,84470.0,83570.0,NI
51,NI1801,2017-10-09,85500.0,87530.0,85380.0,87290.0,286030,441240,,86540.0,84470.0,NI
51,NI1801,2017-10-10,87310.0,88460.0,86700.0,87400.0,474880,468904,,87730.0,86540.0,NI
51,NI1801,2017-10-11,87650.0,88420.0,86530.0,87970.0,445716,469048,,87810.0,87730.0,NI
51,NI1801,2017-10-12,88050.0,90980.0,87040.0,90420.0,548782,480042,,89370.0,87810.0,NI
51,NI1801,2017-10-13,90230.0,92370.0,90030.0,92290.0,403930,465920,,91390.0,89370.0,NI
51,NI1801,2017-10-16,93020.0,93950.0,91850.0,93430.0,522072,467186,,92950.0,91390.0,NI
50,NI1801,2017-10-17,94000.0,95350.0,92930.0,93400.0,649058,469172,,94240.0,92950.0,NI
50,NI1801,2017-10-18,93700.0,94790.0,92720.0,94710.0,492036,467996,,93900.0,94240.0,NI
50,NI1801,2017-10-19,94610.0,95610.0,92930.0,94290.0,720048,502384,,94240.0,93900.0,NI
50,NI1801,2017-10-20,94100.0,97680.0,93430.0,97650.0,584724,517902,,95330.0,94240.0,NI
50,NI1801,2017-10-23,97450.0,97750.0,93680.0,94800.0,699144,493476,,95290.0,95330.0,NI
50,NI1801,2017-10-24,95000.0,96590.0,94300.0,96390.0,467980,488414,,95750.0,95290.0,NI
50,NI1801,2017-10-25,96450.0,97280.0,94880.0,95490.0,463142,481718,,96120.0,95750.0,NI
50,NI1801,2017-10-26,95740.0,96290.0,95070.0,95600.0,350534,460594,,95630.0,96120.0,NI
50,NI1801,2017-10-27,95680.0,95900.0,92220.0,92540.0,560272,480432,,93890.0,95630.0,NI
50,NI1801,2017-10-30,91940.0,93400.0,91760.0,92630.0,385454,438826,,92620.0,93890.0,NI
50,NI1801,2017-10-31,92830.0,95360.0,92620.0,95210.0,441586,471036,,93720.0,92620.0,NI
50,NI1801,2017-11-01,95100.0,99340.0,94760.0,99340.0,283060,442476,,96250.0,93720.0,NI
50,NI1801,2017-11-02,101100.0,102650.0,99880.0,101450.0,693742,496556,,101010.0,96250.0,NI
50,NI1801,2017-11-03,100990.0,101860.0,99020.0,101320.0,602778,463650,,100700.0,101010.0,NI
50,NI1801,2017-11-06,101150.0,103420.0,100000.0,103230.0,539920,490642,,101740.0,100700.0,NI
50,NI1801,2017-11-07,103220.0,103290.0,101860.0,102930.0,392152,454628,,102640.0,101740.0,NI
50,NI1801,2017-11-08,102630.0,102670.0,100200.0,101130.0,493738,459324,,101320.0,102640.0,NI
50,NI1801,2017-11-09,100990.0,101870.0,98330.0,99110.0,520504,425388,,100340.0,101320.0,NI
54,NI1805,2017-11-10,99080.0,100480.0,98460.0,99890.0,387724,384484,,99620.0,100790.0,NI
54,NI1805,2017-11-13,100170.0,100690.0,98000.0,100610.0,569746,432102,,99440.0,99620.0,NI
54,NI1805,2017-11-14,100300.0,102090.0,98980.0,99610.0,722264,460264,,100700.0,99440.0,NI
54,NI1805,2017-11-15,99600.0,100250.0,94650.0,94650.0,1020166,415680,,96590.0,100700.0,NI
53,NI1805,2017-11-16,94060.0,94940.0,93810.0,94060.0,555910,440942,,94380.0,96590.0,NI
53,NI1805,2017-11-17,94280.0,95200.0,92550.0,92750.0,729388,446794,,93630.0,94380.0,NI
53,NI1805,2017-11-20,92980.0,94200.0,92720.0,93850.0,562330,450508,,93490.0,93630.0,NI
53,NI1805,2017-11-21,93780.0,95040.0,92770.0,94270.0,744220,452852,,94230.0,93490.0,NI
53,NI1805,2017-11-22,94400.0,95880.0,94220.0,95010.0,694380,453118,,95070.0,94230.0,NI
53,NI1805,2017-11-23,94800.0,96590.0,94060.0,94220.0,737944,459164,,95660.0,95070.0,NI
53,NI1805,2017-11-24,94370.0,97090.0,93100.0,96880.0,766624,477402,,95500.0,95660.0,NI
53,NI1805,2017-11-27,96810.0,97510.0,93340.0,94050.0,820532,468650,,95730.0,95500.0,NI
53,NI1805,2017-11-28,93980.0,94370.0,91340.0,92110.0,856704,505722,,92860.0,95730.0,NI
53,NI1805,2017-11-29,92050.0,92850.0,90820.0,91710.0,750210,520318,,91990.0,92860.0,NI
53,NI1805,2017-11-30,91590.0,92470.0,90110.0,91070.0,882386,522160,,91560.0,91990.0,NI
53,NI1805,2017-12-01,91300.0,91590.0,89570.0,90150.0,828688,536670,,90600.0,91560.0,NI
53,NI1805,2017-12-04,89660.0,92680.0,89660.0,92370.0,1098330,540244,,91450.0,90600.0,NI
53,NI1805,2017-12-05,92370.0,92860.0,90130.0,90450.0,880782,541806,,91580.0,91450.0,NI
53,NI1805,2017-12-06,90400.0,90510.0,87410.0,88000.0,1073438,541218,,88600.0,91580.0,NI
53,NI1805,2017-12-07,88000.0,88580.0,86890.0,87410.0,727326,545794,,87830.0,88600.0,NI
53,NI1805,2017-12-08,87550.0,89510.0,87540.0,89120.0,847188,548842,,88680.0,87830.0,NI
53,NI1805,2017-12-11,89200.0,89550.0,87600.0,87850.0,826928,558502,,88460.0,88680.0,NI
53,NI1805,2017-12-12,88160.0,90390.0,87950.0,89610.0,827532,548384,,89460.0,88460.0,NI
53,NI1805,2017-12-13,89850.0,90500.0,88360.0,89820.0,715744,547330,,89630.0,89460.0,NI
53,NI1805,2017-12-14,89900.0,90950.0,88610.0,89210.0,793088,549136,,89810.0,89630.0,NI
53,NI1805,2017-12-15,89450.0,90480.0,89390.0,90110.0,609468,543076,,89980.0,89810.0,NI
52,NI1805,2017-12-18,90380.0,94340.0,90100.0,93740.0,1246374,533474,,92660.0,89980.0,NI
52,NI1805,2017-12-19,93800.0,95740.0,93290.0,94650.0,879420,530108,,94660.0,92660.0,NI
52,NI1805,2017-12-20,94800.0,95350.0,94250.0,95130.0,638360,535476,,94880.0,94660.0,NI
52,NI1805,2017-12-21,95730.0,96990.0,95150.0,95740.0,876622,536736,,95930.0,94880.0,NI
52,NI1805,2017-12-22,96110.0,96280.0,94520.0,95890.0,704014,529120,,95620.0,95930.0,NI
52,NI1805,2017-12-25,95940.0,97650.0,94800.0,95060.0,795058,529004,,96480.0,95620.0,NI
52,NI1805,2017-12-26,95080.0,95830.0,94020.0,95630.0,587488,526066,,94850.0,96480.0,NI
52,NI1805,2017-12-27,95720.0,96190.0,93900.0,94590.0,650904,518078,,95060.0,94850.0,NI
52,NI1805,2017-12-28,94940.0,97480.0,94480.0,96810.0,874524,539596,,95990.0,95060.0,NI
52,NI1805,2017-12-29,96560.0,97610.0,96160.0,96870.0,799816,506260,,96880.0,95990.0,NI
52,NI1805,2018-01-02,99000.0,99470.0,98080.0,99170.0,410050,529614,,98750.0,96880.0,NI
52,NI1805,2018-01-03,99820.0,99980.0,98260.0,98620.0,620810,515014,,99150.0,98750.0,NI
52,NI1805,2018-01-04,98690.0,99200.0,97210.0,99180.0,725542,514988,,98100.0,99150.0,NI
52,NI1805,2018-01-05,99540.0,99640.0,97870.0,98580.0,682494,499422,,98820.0,98100.0,NI
52,NI1805,2018-01-08,98340.0,98710.0,97000.0,98490.0,659222,477646,,98030.0,98820.0,NI
52,NI1805,2018-01-09,98330.0,99750.0,98140.0,99380.0,576140,504024,,99140.0,98030.0,NI
52,NI1805,2018-01-10,99240.0,100900.0,98910.0,100420.0,806584,532080,,100340.0,99140.0,NI
52,NI1805,2018-01-11,102000.0,102380.0,100710.0,101430.0,599622,535222,,101350.0,100340.0,NI
52,NI1805,2018-01-12,101250.0,101500.0,98600.0,99570.0,783130,481772,,99790.0,101350.0,NI
52,NI1805,2018-01-15,99250.0,100660.0,98500.0,100210.0,733326,500056,,99550.0,99790.0,NI
51,NI1805,2018-01-16,100350.0,100480.0,97720.0,97810.0,802706,481932,,99190.0,99550.0,NI
51,NI1805,2018-01-17,96980.0,97970.0,96390.0,96950.0,740004,470912,,97200.0,99190.0,NI
51,NI1805,2018-01-18,96880.0,97440.0,96500.0,96780.0,584154,471862,,97020.0,97200.0,NI
51,NI1805,2018-01-19,97060.0,97800.0,95700.0,96830.0,792194,450508,,96770.0,97020.0,NI
51,NI1805,2018-01-22,97500.0,98860.0,97080.0,98540.0,757364,460512,,98040.0,96770.0,NI
51,NI1805,2018-01-23,98680.0,99760.0,97110.0,99720.0,852496,475008,,98480.0,98040.0,NI
51,NI1805,2018-01-24,99230.0,99810.0,98270.0,98640.0,805358,473946,,99150.0,98480.0,NI
51,NI1805,2018-01-25,99980.0,105090.0,99560.0,104740.0,1384708,585362,,102580.0,99150.0,NI
51,NI1805,2018-01-26,104360.0,104750.0,103280.0,104360.0,888200,599144,,104090.0,102580.0,NI
51,NI1805,2018-01-29,104730.0,107050.0,103620.0,105920.0,1132986,617980,,105210.0,104090.0,NI
51,NI1805,2018-01-30,105800.0,106100.0,103310.0,103780.0,965772,570366,,104890.0,105210.0,NI
51,NI1805,2018-01-31,104000.0,104460.0,101550.0,102620.0,1136170,520118,,102670.0,104890.0,NI
51,NI1805,2018-02-01,102750.0,103150.0,101620.0,102090.0,860566,502610,,102420.0,102670.0,NI
51,NI1805,2018-02-02,102260.0,105780.0,102210.0,104530.0,1090262,522146,,104250.0,102420.0,NI
51,NI1805,2018-02-05,104400.0,104490.0,100000.0,102190.0,1587594,491826,,102030.0,104250.0,NI
51,NI1805,2018-02-06,102480.0,104240.0,100530.0,101260.0,1515994,483786,,102380.0,102030.0,NI
51,NI1805,2018-02-07,101380.0,103260.0,100850.0,102260.0,1224438,475210,,102000.0,102380.0,NI
51,NI1805,2018-02-08,102090.0,102480.0,99220.0,100470.0,1438336,448810,,100790.0,102000.0,NI
51,NI1805,2018-02-09,100460.0,101180.0,98420.0,98770.0,1215786,443252,,100120.0,100790.0,NI
50,NI1805,2018-02-12,99000.0,100300.0,97770.0,99820.0,590974,454368,,99100.0,100120.0,NI
50,NI1805,2018-02-13,99620.0,101230.0,99340.0,100870.0,444774,438146,,100320.0,99100.0,NI
50,NI1805,2018-02-14,101220.0,103500.0,100750.0,103490.0,447314,421808,,102340.0,100320.0,NI
50,NI1805,2018-02-22,103860.0,104000.0,101900.0,102840.0,216024,417206,,102910.0,102340.0,NI
50,NI1805,2018-02-23,103170.0,105370.0,102910.0,104950.0,519170,483238,,104720.0,102910.0,NI
50,NI1805,2018-02-26,105200.0,105580.0,103680.0,105470.0,527612,496642,,104950.0,104720.0,NI
50,NI1805,2018-02-27,105600.0,106590.0,104300.0,106000.0,536948,520620,,105410.0,104950.0,NI
50,NI1805,2018-02-28,105680.0,105860.0,103820.0,105010.0,511922,496072,,104970.0,105410.0,NI
50,NI1805,2018-03-01,104950.0,105380.0,103490.0,104780.0,519416,491184,,104490.0,104970.0,NI
50,NI1805,2018-03-02,103630.0,103870.0,101680.0,102180.0,619302,501914,,102710.0,104490.0,NI
50,NI1805,2018-03-05,102210.0,102890.0,101440.0,101440.0,459628,483776,,102190.0,102710.0,NI
50,NI1805,2018-03-06,101560.0,102830.0,100650.0,102410.0,515210,505504,,101810.0,102190.0,NI
52,NI1807,2018-03-07,103510.0,104020.0,102520.0,102540.0,473902,138880,,103320.0,102220.0,NI
52,NI1807,2018-03-08,102180.0,103330.0,100950.0,101250.0,570534,149950,,102350.0,103320.0,NI
52,NI1807,2018-03-09,101150.0,101500.0,100220.0,100820.0,757828,162322,,100860.0,102350.0,NI
52,NI1807,2018-03-12,101540.0,105500.0,101360.0,104110.0,818148,177544,,103450.0,100860.0,NI
52,NI1807,2018-03-13,104300.0,105010.0,103520.0,103910.0,711118,182794,,104260.0,103450.0,NI
52,NI1807,2018-03-14,104680.0,105180.0,104010.0,104850.0,688480,199278,,104610.0,104260.0,NI
52,NI1807,2018-03-15,105220.0,105230.0,103130.0,103820.0,700072,202200,,104110.0,104610.0,NI
51,NI1807,2018-03-16,103610.0,103810.0,102250.0,103710.0,756284,199388,,102980.0,104110.0,NI
51,NI1807,2018-03-19,103750.0,104030.0,101830.0,102170.0,897004,207616,,102660.0,102980.0,NI
51,NI1807,2018-03-20,102010.0,102980.0,101070.0,102750.0,970026,221914,,102120.0,102660.0,NI
51,NI1807,2018-03-21,102750.0,102860.0,101200.0,101480.0,987628,228534,,101870.0,102120.0,NI
51,NI1807,2018-03-22,101200.0,103100.0,99830.0,101780.0,1141414,239610,,101650.0,101870.0,NI
51,NI1807,2018-03-23,101100.0,101680.0,97350.0,98520.0,1564108,261262,,99380.0,101650.0,NI
51,NI1807,2018-03-26,98500.0,99790.0,96310.0,96360.0,1268062,282914,,98070.0,99380.0,NI
51,NI1807,2018-03-27,96200.0,98450.0,96190.0,97680.0,934544,277624,,97330.0,98070.0,NI
51,NI1807,2018-03-28,97500.0,97980.0,96150.0,96600.0,1070228,296774,,97050.0,97330.0,NI
51,NI1807,2018-03-29,96990.0,98850.0,96520.0,98810.0,1322386,324542,,97310.0,97050.0,NI
51,NI1807,2018-03-30,98800.0,99890.0,98150.0,99800.0,1171256,322588,,98920.0,97310.0,NI
51,NI1807,2018-04-02,99710.0,101960.0,99520.0,100470.0,1347636,315644,,100750.0,98920.0,NI
51,NI1807,2018-04-03,100500.0,101130.0,99700.0,100790.0,1204770,331826,,100490.0,100750.0,NI
51,NI1807,2018-04-04,100870.0,101330.0,100060.0,100350.0,1102936,321348,,100480.0,100490.0,NI
51,NI1807,2018-04-09,99730.0,100450.0,97920.0,99630.0,816064,320082,,98850.0,100480.0,NI
51,NI1807,2018-04-10,99550.0,101530.0,99260.0,100930.0,1370952,327786,,100430.0,98850.0,NI
51,NI1807,2018-04-11,101940.0,102250.0,100950.0,101670.0,1267790,326776,,101640.0,100430.0,NI
51,NI1807,2018-04-12,101610.0,102840.0,100700.0,102150.0,1769138,339296,,101790.0,101640.0,NI
51,NI1807,2018-04-13,101500.0,104440.0,101260.0,103760.0,1708386,361512,,102660.0,101790.0,NI
51,NI1807,2018-04-16,104080.0,104700.0,102840.0,104350.0,1389812,371574,,103680.0,102660.0,NI
50,NI1807,2018-04-17,104500.0,105000.0,103220.0,103800.0,1400604,341266,,103980.0,103680.0,NI
50,NI1807,2018-04-18,103000.0,105200.0,102570.0,104750.0,1738750,389436,,103720.0,103980.0,NI
50,NI1807,2018-04-19,107470.0,109790.0,106210.0,108120.0,2273952,394460,,107680.0,103720.0,NI
50,NI1807,2018-04-20,106600.0,106900.0,103810.0,104260.0,1038092,351900,,105460.0,107680.0,NI
50,NI1807,2018-04-23,104350.0,105490.0,103740.0,104930.0,795386,338778,,104600.0,105460.0,NI
50,NI1807,2018-04-24,102650.0,104450.0,102000.0,103330.0,774652,296626,,103380.0,104600.0,NI
50,NI1807,2018-04-25,103500.0,104500.0,103030.0,103300.0,654302,296266,,103790.0,103380.0,NI
50,NI1807,2018-04-26,103500.0,103980.0,102830.0,103350.0,551602,291750,,103390.0,103790.0,NI
50,NI1807,2018-04-27,103100.0,104970.0,102930.0,104740.0,753250,278730,,104260.0,103390.0,NI
50,NI1807,2018-05-02,103850.0,105300.0,103280.0,105100.0,367426,293928,,104330.0,104260.0,NI
50,NI1807,2018-05-03,104990.0,105690.0,104220.0,104760.0,521086,290706,,104940.0,104330.0,NI
50,NI1807,2018-05-04,105000.0,105280.0,103400.0,103910.0,554832,287648,,104120.0,104940.0,NI
50,NI1807,2018-05-07,103810.0,104920.0,103130.0,104560.0,574322,302144,,104130.0,104120.0,NI
50,NI1807,2018-05-08,104790.0,105850.0,103870.0,105160.0,566508,321420,,104860.0,104130.0,NI
50,NI1807,2018-05-09,104760.0,105080.0,103350.0,103900.0,636528,306236,,104130.0,104860.0,NI
50,NI1807,2018-05-10,103990.0,104760.0,103520.0,103770.0,564144,304732,,104190.0,104130.0,NI
50,NI1807,2018-05-11,104250.0,104480.0,103620.0,103920.0,506926,304252,,104040.0,104190.0,NI
50,NI1807,2018-05-14,104340.0,106750.0,104110.0,106490.0,753232,351634,,105360.0,104040.0,NI
50,NI1807,2018-05-15,106670.0,107840.0,106240.0,107150.0,685050,348032,,107060.0,105360.0,NI
49,NI1807,2018-05-16,107080.0,108740.0,106170.0,107740.0,757476,347384,,107370.0,107060.0,NI
49,NI1807,2018-05-17,107700.0,108440.0,107170.0,107820.0,470362,347716,,107870.0,107370.0,NI
49,NI1807,2018-05-18,108000.0,110430.0,107870.0,110240.0,762792,394776,,109170.0,107870.0,NI
49,NI1807,2018-05-21,110320.0,110560.0,108300.0,108850.0,598134,344154,,109230.0,109170.0,NI
49,NI1807,2018-05-22,109030.0,109800.0,108130.0,108250.0,492954,339322,,109090.0,109230.0,NI
49,NI1807,2018-05-23,109080.0,109400.0,107500.0,108440.0,548720,330994,,108560.0,109090.0,NI
49,NI1807,2018-05-24,108220.0,108420.0,107420.0,108190.0,473628,318940,,107950.0,108560.0,NI
49,NI1807,2018-05-25,108100.0,111660.0,108020.0,109880.0,924190,343102,,110020.0,107950.0,NI
49,NI1807,2018-05-28,109880.0,110650.0,109020.0,110520.0,523906,354004,,109850.0,110020.0,NI
49,NI1807,2018-05-29,110350.0,112950.0,110070.0,112880.0,671634,407202,,111590.0,109850.0,NI
49,NI1807,2018-05-30,112600.0,112810.0,111430.0,111650.0,533436,365130,,112040.0,111590.0,NI
49,NI1807,2018-05-31,112020.0,114870.0,111930.0,114820.0,732688,378670,,113760.0,112040.0,NI
49,NI1807,2018-06-01,114750.0,120000.0,114260.0,116110.0,1161836,327220,,116850.0,113760.0,NI
49,NI1807,2018-06-04,116240.0,118030.0,115680.0,116830.0,632566,293128,,116790.0,116850.0,NI
49,NI1807,2018-06-05,116880.0,117270.0,115550.0,116600.0,509978,270364,,116450.0,116790.0,NI
51,NI1809,2018-06-06,116300.0,119150.0,116270.0,118470.0,724260,402544,,117960.0,115890.0,NI
51,NI1809,2018-06-07,118320.0,118740.0,117050.0,118020.0,555310,397908,,117890.0,117960.0,NI
51,NI1809,2018-06-08,118600.0,118900.0,114870.0,114900.0,852406,380350,,116700.0,117890.0,NI
51,NI1809,2018-06-11,115090.0,116800.0,115000.0,115780.0,549756,380060,,115880.0,116700.0,NI
51,NI1809,2018-06-12,115620.0,116280.0,114420.0,115170.0,637698,382334,,115300.0,115880.0,NI
51,NI1809,2018-06-13,115500.0,115790.0,114170.0,114720.0,602034,369730,,114740.0,115300.0,NI
51,NI1809,2018-06-14,115080.0,117900.0,114820.0,115250.0,935192,374320,,116730.0,114740.0,NI
51,NI1809,2018-06-15,115010.0,116450.0,114090.0,115770.0,752582,361522,,115050.0,116730.0,NI
50,NI1809,2018-06-19,114420.0,114920.0,112420.0,113040.0,534784,328804,,113780.0,115050.0,NI
50,NI1809,2018-06-20,112580.0,113980.0,112190.0,113750.0,549518,339622,,113240.0,113780.0,NI
50,NI1809,2018-06-21,113770.0,116230.0,113530.0,115150.0,820266,355438,,114860.0,113240.0,NI
50,NI1809,2018-06-22,115620.0,117270.0,115030.0,117000.0,816640,392108,,115840.0,114860.0,NI
50,NI1809,2018-06-25,117200.0,118440.0,116510.0,116670.0,648346,387508,,117280.0,115840.0,NI
50,NI1809,2018-06-26,116350.0,116660.0,113880.0,114360.0,715672,373256,,115190.0,117280.0,NI
50,NI1809,2018-06-27,114000.0,115920.0,113750.0,114550.0,651406,376798,,114870.0,115190.0,NI
50,NI1809,2018-06-28,114650.0,117340.0,114630.0,116220.0,846554,398520,,116410.0,114870.0,NI
50,NI1809,2018-06-29,115610.0,117920.0,115360.0,117680.0,737342,417134,,116450.0,116410.0,NI
50,NI1809,2018-07-02,117600.0,117750.0,115000.0,115330.0,715204,391366,,116530.0,116450.0,NI
50,NI1809,2018-07-03,115330.0,116280.0,114800.0,116090.0,629658,392448,,115480.0,116530.0,NI
50,NI1809,2018-07-04,115880.0,116570.0,112530.0,112660.0,960048,371006,,114200.0,115480.0,NI
50,NI1809,2018-07-05,112400.0,112520.0,110500.0,111780.0,875198,356602,,111500.0,114200.0,NI
50,NI1809,2018-07-06,112060.0,113200.0,110350.0,110980.0,1052900,350078,,111890.0,111500.0,NI
50,NI1809,2018-07-09,110820.0,112220.0,110380.0,111830.0,626356,346916,,111400.0,111890.0,NI
50,NI1809,2018-07-10,111410.0,112350.0,110150.0,111990.0,671818,338548,,111650.0,111400.0,NI
50,NI1809,2018-07-11,111680.0,112760.0,108100.0,109370.0,1043252,325802,,110030.0,111650.0,NI
50,NI1809,2018-07-12,109350.0,114800.0,109040.0,114000.0,1163434,341116,,111930.0,110030.0,NI
50,NI1809,2018-07-13,113790.0,114000.0,112300.0,112440.0,701742,325030,,113140.0,111930.0,NI
50,NI1809,2018-07-16,112200.0,112830.0,110040.0,110210.0,924800,339568,,111530.0,113140.0,NI
49,NI1809,2018-07-17,110300.0,110880.0,108550.0,109140.0,741684,330376,,109760.0,111530.0,NI
49,NI1809,2018-07-18,108860.0,109500.0,108110.0,108910.0,815488,324598,,108770.0,109760.0,NI
49,NI1809,2018-07-19,108500.0,110540.0,108470.0,109050.0,910804,315124,,109410.0,108770.0,NI
49,NI1809,2018-07-20,108560.0,110180.0,107790.0,109880.0,794328,304978,,109220.0,109410.0,NI
49,NI1809,2018-07-23,109850.0,110460.0,108800.0,110330.0,659610,289470,,109670.0,109220.0,NI
49,NI1809,2018-07-24,110200.0,110960.0,109220.0,109560.0,608264,287182,,109910.0,109670.0,NI
49,NI1809,2018-07-25,110300.0,111730.0,110080.0,110920.0,709028,277430,,110960.0,109910.0,NI
49,NI1809,2018-07-26,111380.0,111770.0,110500.0,111320.0,550298,268914,,111140.0,110960.0,NI
49,NI1809,2018-07-27,111080.0,112950.0,110680.0,112210.0,605792,266010,,111960.0,111140.0,NI
49,NI1809,2018-07-30,112220.0,113240.0,111610.0,111680.0,515816,256934,,112480.0,111960.0,NI
49,NI1809,2018-07-31,112100.0,113390.0,111920.0,113010.0,451408,242822,,112750.0,112480.0,NI
51,NI1811,2018-08-01,112830.0,114230.0,112510.0,113050.0,476012,186476,,113230.0,112490.0,NI
51,NI1811,2018-08-02,112890.0,112950.0,109010.0,110400.0,706058,185542,,110740.0,113230.0,NI
51,NI1811,2018-08-03,110110.0,110450.0,108730.0,109110.0,432296,206310,,109800.0,110740.0,NI
51,NI1811,2018-08-06,109420.0,111270.0,108500.0,110600.0,630364,224974,,110280.0,109800.0,NI
51,NI1811,2018-08-07,110100.0,113240.0,109720.0,112630.0,747900,240956,,111990.0,110280.0,NI
51,NI1811,2018-08-08,112950.0,114690.0,112590.0,114110.0,701022,281070,,113690.0,111990.0,NI
51,NI1811,2018-08-09,114220.0,115010.0,113800.0,114450.0,489028,281064,,114390.0,113690.0,NI
51,NI1811,2018-08-10,114750.0,115150.0,113010.0,113260.0,497948,272610,,113940.0,114390.0,NI
51,NI1811,2018-08-13,113080.0,114500.0,112850.0,114270.0,463812,290400,,113610.0,113940.0,NI
51,NI1811,2018-08-14,114140.0,114590.0,111300.0,111980.0,642344,282912,,112690.0,113610.0,NI
51,NI1811,2018-08-15,111580.0,112090.0,109520.0,110000.0,658222,291938,,111060.0,112690.0,NI
50,NI1811,2018-08-16,109440.0,109820.0,107110.0,109150.0,827164,288426,,108520.0,111060.0,NI
50,NI1811,2018-08-17,109530.0,111450.0,109200.0,110090.0,684424,269910,,110460.0,108520.0,NI
50,NI1811,2018-08-20,110190.0,112620.0,110180.0,112110.0,651774,256670,,111480.0,110460.0,NI
50,NI1811,2018-08-21,112110.0,112980.0,111720.0,112830.0,522246,255286,,112350.0,111480.0,NI
50,NI1811,2018-08-22,112720.0,113000.0,110910.0,111060.0,632902,257642,,112050.0,112350.0,NI
50,NI1811,2018-08-23,111380.0,111860.0,109340.0,109380.0,594696,267532,,110860.0,112050.0,NI
50,NI1811,2018-08-24,109390.0,110410.0,108750.0,110100.0,603400,280088,,109720.0,110860.0,NI
50,NI1811,2018-08-27,110240.0,110500.0,107910.0,108760.0,701666,293546,,109160.0,109720.0,NI
50,NI1811,2018-08-28,108860.0,109480.0,108170.0,109400.0,500668,285918,,108870.0,109160.0,NI
50,NI1811,2018-08-29,109830.0,111260.0,109630.0,109890.0,606894,261732,,110310.0,108870.0,NI
50,NI1811,2018-08-30,109920.0,110680.0,109170.0,110260.0,500510,261554,,109930.0,110310.0,NI
50,NI1811,2018-08-31,109930.0,110180.0,107480.0,107600.0,818604,307528,,108610.0,109930.0,NI
50,NI1811,2018-09-03,107380.0,108020.0,104160.0,105130.0,1030094,348066,,105810.0,108610.0,NI
50,NI1811,2018-09-04,105090.0,105510.0,103140.0,103250.0,628594,354644,,104500.0,105810.0,NI
50,NI1811,2018-09-05,103250.0,103550.0,101820.0,102330.0,755378,351998,,102630.0,104500.0,NI
50,NI1811,2018-09-06,102610.0,103620.0,101840.0,102760.0,637574,351054,,102810.0,102630.0,NI
50,NI1811,2018-09-07,102850.0,103430.0,100510.0,101100.0,728900,366212,,102220.0,102810.0,NI
50,NI1811,2018-09-10,101260.0,102750.0,100920.0,101860.0,625770,338314,,101790.0,102220.0,NI
50,NI1811,2018-09-11,102300.0,103100.0,101370.0,102450.0,588866,325550,,102360.0,101790.0,NI
50,NI1811,2018-09-12,101780.0,102200.0,99920.0,101930.0,804926,307944,,101220.0,102360.0,NI
50,NI1811,2018-09-13,102290.0,104340.0,102200.0,103890.0,757672,274432,,103300.0,101220.0,NI
50,NI1811,2018-09-14,104000.0,104400.0,103300.0,103820.0,483888,271636,,103860.0,103300.0,NI
50,NI1811,2018-09-17,103630.0,104800.0,101660.0,102090.0,701152,273136,,103070.0,103860.0,NI
49,NI1811,2018-09-18,102040.0,102640.0,100850.0,102040.0,611206,280888,,101900.0,103070.0,NI
49,NI1811,2018-09-19,102500.0,103680.0,101500.0,103340.0,691214,273038,,102510.0,101900.0,NI
49,NI1811,2018-09-20,103340.0,103770.0,102620.0,102910.0,586192,275410,,103190.0,102510.0,NI
49,NI1811,2018-09-21,103210.0,105230.0,103030.0,104870.0,715786,257168,,104040.0,103190.0,NI
49,NI1811,2018-09-25,105520.0,105870.0,104530.0,105390.0,294608,243562,,105070.0,104040.0,NI
49,NI1811,2018-09-26,105480.0,106600.0,105110.0,105710.0,533144,227250,,105740.0,105070.0,NI
49,NI1811,2018-09-27,105930.0,106080.0,103920.0,104130.0,493320,203478,,105050.0,105740.0,NI
49,NI1811,2018-09-28,103900.0,104590.0,102670.0,104550.0,459304,183582,,103510.0,105050.0,NI
49,NI1811,2018-10-08,104680.0,104680.0,102450.0,103230.0,225634,173980,,103250.0,103510.0,NI
49,NI1811,2018-10-09,103050.0,105650.0,102850.0,105470.0,445578,169942,,104600.0,103250.0,NI
49,NI1811,2018-10-10,105350.0,107120.0,104700.0,106210.0,478560,161904,,106090.0,104600.0,NI
49,NI1811,2018-10-11,106110.0,106400.0,103250.0,103360.0,487030,141722,,104820.0,106090.0,NI
49,NI1811,2018-10-12,103670.0,106170.0,103670.0,105670.0,413614,132680,,104710.0,104820.0,NI
51,NI1901,2018-10-15,105310.0,105800.0,104150.0,104200.0,302980,193370,,105080.0,104610.0,NI
50,NI1901,2018-10-16,104790.0,105500.0,101860.0,102370.0,610452,254148,,103640.0,105080.0,NI
50,NI1901,2018-10-17,102560.0,103470.0,102150.0,103140.0,499028,261678,,102760.0,103640.0,NI
50,NI1901,2018-10-18,102860.0,103320.0,100390.0,101140.0,746824,294882,,101760.0,102760.0,NI
50,NI1901,2018-10-19,101000.0,103780.0,100820.0,103440.0,654302,268226,,102260.0,101760.0,NI
50,NI1901,2018-10-22,103750.0,104700.0,102810.0,104220.0,589922,257720,,103660.0,102260.0,NI
50,NI1901,2018-10-23,103950.0,104050.0,102420.0,102720.0,505894,273398,,103360.0,103660.0,NI
50,NI1901,2018-10-24,102440.0,103740.0,102360.0,103230.0,538068,270006,,103040.0,103360.0,NI
50,NI1901,2018-10-25,102910.0,103490.0,100160.0,102040.0,842944,298938,,101800.0,103040.0,NI
50,NI1901,2018-10-26,101810.0,102080.0,99220.0,99310.0,791142,364458,,100770.0,101800.0,NI
50,NI1901,2018-10-29,99180.0,99600.0,98150.0,98210.0,719856,343824,,98950.0,100770.0,NI
50,NI1901,2018-10-30,98400.0,99250.0,97920.0,98390.0,590740,349280,,98660.0,98950.0,NI
50,NI1901,2018-10-31,98200.0,98890.0,97420.0,97760.0,721454,358846,,98300.0,98660.0,NI
50,NI1901,2018-11-01,97650.0,97850.0,96010.0,96730.0,665508,362842,,96970.0,98300.0,NI
50,NI1901,2018-11-02,96900.0,99110.0,96750.0,98680.0,791644,305620,,98120.0,96970.0,NI
50,NI1901,2018-11-05,98990.0,99300.0,96950.0,97340.0,667036,330680,,98180.0,98120.0,NI
50,NI1901,2018-11-06,97160.0,98480.0,96780.0,98450.0,588718,304420,,97620.0,98180.0,NI
50,NI1901,2018-11-07,98590.0,98680.0,96440.0,97120.0,698540,298534,,97760.0,97620.0,NI
50,NI1901,2018-11-08,96980.0,97360.0,95580.0,97160.0,712824,296882,,96700.0,97760.0,NI
50,NI1901,2018-11-09,96910.0,97620.0,96190.0,96310.0,595972,321162,,96960.0,96700.0,NI
50,NI1901,2018-11-12,96100.0,96220.0,94080.0,94650.0,755094,346536,,94930.0,96960.0,NI
50,NI1901,2018-11-13,94650.0,95390.0,94230.0,95180.0,497894,317464,,94870.0,94930.0,NI
50,NI1901,2018-11-14,95170.0,95650.0,93600.0,93920.0,688580,330664,,94420.0,94870.0,NI
50,NI1901,2018-11-15,93980.0,95330.0,93510.0,95250.0,621550,308928,,94350.0,94420.0,NI
49,NI1901,2018-11-16,95200.0,95500.0,93760.0,94080.0,618858,324294,,94640.0,94350.0,NI
49,NI1901,2018-11-19,94100.0,95000.0,92910.0,93200.0,644972,345900,,94040.0,94640.0,NI
49,NI1901,2018-11-20,93120.0,93580.0,92610.0,93310.0,494548,331258,,93170.0,94040.0,NI
49,NI1901,2018-11-21,93250.0,93910.0,91430.0,91850.0,741554,342902,,92340.0,93170.0,NI
49,NI1901,2018-11-22,92050.0,92240.0,90250.0,90360.0,644024,370490,,91080.0,92340.0,NI
49,NI1901,2018-11-23,90600.0,90700.0,87660.0,88490.0,824908,367254,,89110.0,91080.0,NI
49,NI1901,2018-11-26,88400.0,90200.0,88020.0,89290.0,829360,291178,,89160.0,89110.0,NI
49,NI1901,2018-11-27,89330.0,89860.0,88080.0,88690.0,589636,284682,,89160.0,89160.0,NI
49,NI1901,2018-11-28,88790.0,90270.0,88460.0,89560.0,549368,270874,,89440.0,89160.0,NI
49,NI1901,2018-11-29,89550.0,90080.0,89030.0,89920.0,423664,256724,,89630.0,89440.0,NI
49,NI1901,2018-11-30,90100.0,91640.0,90070.0,91330.0,549578,245900,,90920.0,89630.0,NI
49,NI1901,2018-12-03,91500.0,93920.0,90200.0,91800.0,676596,211208,,91820.0,90920.0,NI
49,NI1901,2018-12-04,92040.0,92230.0,91040.0,92020.0,355364,202928,,91680.0,91820.0,NI
49,NI1901,2018-12-05,92220.0,92290.0,90360.0,90930.0,441836,198666,,91040.0,91680.0,NI
49,NI1901,2018-12-06,90930.0,91630.0,90100.0,90600.0,396972,179826,,90910.0,91040.0,NI
49,NI1901,2018-12-07,90200.0,90300.0,88500.0,89710.0,386070,167678,,89400.0,90910.0,NI
53,NI1905,2018-12-10,89640.0,90140.0,88520.0,89310.0,318478,253612,,89280.0,89180.0,NI
53,NI1905,2018-12-11,89100.0,89550.0,88300.0,88830.0,418446,271776,,89010.0,89280.0,NI
53,NI1905,2018-12-12,89180.0,89950.0,88690.0,88880.0,458924,286310,,89210.0,89010.0,NI
53,NI1905,2018-12-13,88910.0,89660.0,88110.0,89460.0,620038,299926,,89010.0,89210.0,NI
53,NI1905,2018-12-14,89300.0,89760.0,88910.0,89060.0,452296,299006,,89250.0,89010.0,NI
53,NI1905,2018-12-17,89050.0,91040.0,88900.0,90920.0,560940,316302,,90240.0,89250.0,NI
52,NI1905,2018-12-18,90620.0,91290.0,90320.0,90610.0,444790,303744,,90790.0,90240.0,NI
52,NI1905,2018-12-19,90430.0,91390.0,88960.0,89380.0,661380,304082,,89990.0,90790.0,NI
52,NI1905,2018-12-20,89500.0,90290.0,89210.0,90080.0,498576,285060,,89820.0,89990.0,NI
52,NI1905,2018-12-21,90210.0,90630.0,89360.0,89750.0,427882,292940,,90120.0,89820.0,NI
52,NI1905,2018-12-24,89640.0,90860.0,89530.0,90300.0,535550,294874,,90230.0,90120.0,NI
52,NI1905,2018-12-25,90220.0,90400.0,88380.0,88880.0,516766,295688,,89360.0,90230.0,NI
52,NI1905,2018-12-26,88950.0,89330.0,87400.0,87870.0,503294,334760,,88340.0,89360.0,NI
52,NI1905,2018-12-27,88090.0,89100.0,87740.0,87960.0,478294,340870,,88340.0,88340.0,NI
52,NI1905,2018-12-28,87930.0,88390.0,87530.0,88070.0,424514,328044,,88030.0,88340.0,NI
52,NI1905,2019-01-02,87530.0,88380.0,86210.0,86280.0,333344,372986,,87170.0,88030.0,NI
52,NI1905,2019-01-03,86080.0,88580.0,86080.0,88370.0,587930,317406,,87610.0,87170.0,NI
52,NI1905,2019-01-04,88580.0,90030.0,87830.0,89950.0,697560,304712,,88900.0,87610.0,NI
52,NI1905,2019-01-07,90240.0,91200.0,89810.0,90830.0,647610,300450,,90660.0,88900.0,NI
52,NI1905,2019-01-08,90830.0,91040.0,90230.0,90830.0,447678,298380,,90740.0,90660.0,NI
52,NI1905,2019-01-09,90910.0,92000.0,90720.0,91340.0,561424,290484,,91510.0,90740.0,NI
52,NI1905,2019-01-10,91570.0,91880.0,91080.0,91560.0,421380,283030,,91490.0,91510.0,NI
52,NI1905,2019-01-11,91500.0,91750.0,90510.0,91720.0,507746,293548,,91060.0,91490.0,NI
52,NI1905,2019-01-14,91910.0,92490.0,91400.0,91700.0,473334,296220,,91840.0,91060.0,NI
52,NI1905,2019-01-15,91900.0,92260.0,91150.0,92070.0,461788,301738,,91730.0,91840.0,NI
51,NI1905,2019-01-16,92100.0,93360.0,91800.0,93230.0,583548,326924,,92690.0,91730.0,NI
51,NI1905,2019-01-17,93100.0,93250.0,92560.0,92820.0,376426,305880,,92890.0,92690.0,NI
51,NI1905,2019-01-18,92590.0,94130.0,92240.0,94080.0,487396,304516,,93400.0,92890.0,NI
51,NI1905,2019-01-21,94030.0,95660.0,93700.0,94980.0,623052,300732,,94750.0,93400.0,NI
51,NI1905,2019-01-22,94780.0,95760.0,94040.0,94040.0,487592,295026,,94900.0,94750.0,NI
51,NI1905,2019-01-23,94120.0,94550.0,93310.0,93670.0,400224,288844,,93810.0,94900.0,NI
51,NI1905,2019-01-24,93780.0,94270.0,93470.0,93590.0,435686,290884,,93900.0,93810.0,NI
51,NI1905,2019-01-25,93520.0,95310.0,93370.0,94850.0,468432,289340,,94490.0,93900.0,NI
51,NI1905,2019-01-28,94800.0,95970.0,94530.0,95050.0,424188,288366,,95240.0,94490.0,NI
51,NI1905,2019-01-29,95080.0,95450.0,94040.0,95180.0,449126,285260,,94930.0,95240.0,NI
51,NI1905,2019-01-30,95450.0,97890.0,95360.0,97480.0,695552,314390,,96840.0,94930.0,NI
51,NI1905,2019-01-31,97730.0,98480.0,97310.0,97830.0,479914,288292,,97850.0,96840.0,NI
51,NI1905,2019-02-01,97810.0,99500.0,97650.0,99450.0,423494,257734,,98420.0,97850.0,NI
51,NI1905,2019-02-11,100000.0,101950.0,99830.0,100350.0,311836,268472,,100920.0,98420.0,NI
51,NI1905,2019-02-12,100610.0,100660.0,98800.0,99180.0,455284,280428,,99450.0,100920.0,NI
51,NI1905,2019-02-13,99160.0,99750.0,97100.0,98350.0,601672,290858,,98320.0,99450.0,NI
51,NI1905,2019-02-14,98210.0,99290.0,97800.0,98890.0,494612,290268,,98580.0,98320.0,NI
51,NI1905,2019-02-15,99100.0,99200.0,96530.0,96650.0,583396,298962,,97480.0,98580.0,NI
50,NI1905,2019-02-18,97100.0,99000.0,96780.0,98390.0,594212,297114,,97950.0,97480.0,NI
50,NI1905,2019-02-19,98700.0,99680.0,98400.0,99160.0,512976,312800,,99090.0,97950.0,NI
50,NI1905,2019-02-20,99050.0,100730.0,99000.0,100710.0,600894,323574,,99910.0,99090.0,NI
50,NI1905,2019-02-21,100900.0,101640.0,100410.0,100980.0,579942,324502,,101100.0,99910.0,NI
50,NI1905,2019-02-22,100910.0,102740.0,100610.0,102700.0,580844,328650,,101460.0,101100.0,NI
50,NI1905,2019-02-25,102930.0,103400.0,102200.0,102810.0,560472,322722,,102670.0,101460.0,NI
50,NI1905,2019-02-26,102700.0,102700.0,101020.0,101900.0,644900,307638,,101710.0,102670.0,NI
50,NI1905,2019-02-27,101760.0,102110.0,100830.0,101190.0,550664,322964,,101540.0,101710.0,NI
50,NI1905,2019-02-28,101500.0,102780.0,101300.0,102690.0,617760,321050,,102200.0,101540.0,NI
50,NI1905,2019-03-01,102810.0,104790.0,102230.0,104740.0,670192,312484,,103160.0,102200.0,NI
50,NI1905,2019-03-04,104690.0,105630.0,103920.0,104910.0,745606,306020,,104700.0,103160.0,NI
50,NI1905,2019-03-05,104600.0,105790.0,103450.0,105670.0,839668,317102,,104430.0,104700.0,NI
50,NI1905,2019-03-06,105580.0,106460.0,105350.0,106040.0,762616,322486,,105920.0,104430.0,NI
50,NI1905,2019-03-07,106230.0,106780.0,104100.0,104110.0,818298,287974,,105550.0,105920.0,NI
50,NI1905,2019-03-08,104320.0,104430.0,102000.0,102100.0,797442,270832,,102960.0,105550.0,NI
50,NI1905,2019-03-11,102220.0,102920.0,101700.0,102250.0,566728,256726,,102370.0,102960.0,NI
50,NI1905,2019-03-12,102130.0,102710.0,100940.0,102530.0,750870,248758,,101780.0,102370.0,NI
50,NI1905,2019-03-13,102820.0,103470.0,100500.0,101000.0,643440,257684,,102370.0,101780.0,NI
50,NI1905,2019-03-14,101270.0,102480.0,100840.0,101490.0,609526,255996,,101640.0,102370.0,NI
50,NI1905,2019-03-15,101190.0,101560.0,99750.0,100540.0,865740,251282,,100490.0,101640.0,NI
49,NI1905,2019-03-18,100740.0,100960.0,99600.0,100060.0,586626,263376,,100350.0,100490.0,NI
49,NI1905,2019-03-19,100390.0,102560.0,100100.0,102290.0,615240,262480,,101120.0,100350.0,NI
49,NI1905,2019-03-20,102350.0,102980.0,101990.0,102680.0,591334,263346,,102570.0,101120.0,NI
49,NI1905,2019-03-21,102850.0,103310.0,101900.0,102240.0,583374,262428,,102680.0,102570.0,NI
49,NI1905,2019-03-22,102200.0,102550.0,100060.0,100500.0,640010,246042,,101170.0,102680.0,NI
49,NI1905,2019-03-25,100560.0,100750.0,99150.0,99200.0,641048,266984,,100000.0,101170.0,NI
49,NI1905,2019-03-26,99400.0,100000.0,99100.0,99740.0,482098,247204,,99550.0,100000.0,NI
49,NI1905,2019-03-27,99930.0,101690.0,99820.0,100930.0,633950,232318,,101130.0,99550.0,NI
49,NI1905,2019-03-28,101180.0,101390.0,99610.0,100180.0,681904,229254,,100620.0,101130.0,NI
49,NI1905,2019-03-29,100160.0,100980.0,99450.0,100600.0,569446,211844,,100190.0,100620.0,NI
49,NI1905,2019-04-01,101100.0,103200.0,100620.0,103130.0,515838,200120,,101650.0,100190.0,NI
49,NI1905,2019-04-02,102850.0,102970.0,101600.0,102230.0,390864,182552,,102280.0,101650.0,NI
49,NI1905,2019-04-03,101830.0,103940.0,101470.0,103770.0,510126,192524,,102590.0,102280.0,NI
49,NI1905,2019-04-04,103650.0,104240.0,102710.0,102850.0,395320,166308,,103560.0,102590.0,NI
50,NI1906,2019-04-08,102180.0,103180.0,102000.0,102800.0,196288,154034,,102750.0,103390.0,NI
50,NI1906,2019-04-09,103030.0,103560.0,101760.0,103240.0,445824,165744,,102870.0,102750.0,NI
50,NI1906,2019-04-10,103300.0,103730.0,102620.0,103310.0,660566,184442,,103190.0,102870.0,NI
50,NI1906,2019-04-11,103110.0,103960.0,102210.0,102660.0,713784,189676,,103030.0,103190.0,NI
50,NI1906,2019-04-12,102400.0,102620.0,100380.0,100800.0,835702,206894,,101150.0,103030.0,NI
50,NI1906,2019-04-15,101490.0,101650.0,100310.0,101080.0,665006,202700,,101140.0,101150.0,NI
49,NI1906,2019-04-16,101030.0,102540.0,100150.0,102270.0,785286,231946,,101200.0,101140.0,NI
49,NI1906,2019-04-17,102000.0,102250.0,100560.0,100990.0,799078,232668,,101310.0,101200.0,NI
49,NI1906,2019-04-18,101490.0,101940.0,98700.0,98840.0,1130304,293634,,100330.0,101310.0,NI
49,NI1906,2019-04-19,98900.0,99400.0,98610.0,99230.0,714222,290130,,99000.0,100330.0,NI
49,NI1906,2019-04-22,99300.0,100540.0,98490.0,98550.0,978270,286662,,99650.0,99000.0,NI
49,NI1906,2019-04-23,98800.0,99070.0,98100.0,98440.0,896204,295878,,98560.0,99650.0,NI
49,NI1906,2019-04-24,98130.0,98150.0,97240.0,97590.0,891312,283752,,97600.0,98560.0,NI
49,NI1906,2019-04-25,97750.0,98240.0,97100.0,97700.0,932986,266548,,97740.0,97600.0,NI
49,NI1906,2019-04-26,97460.0,98640.0,97310.0,97770.0,785130,235952,,97710.0,97740.0,NI
49,NI1906,2019-04-29,97650.0,98660.0,97200.0,98460.0,761726,219512,,98050.0,97710.0,NI
49,NI1906,2019-04-30,98230.0,98470.0,97600.0,97810.0,578650,195852,,98100.0,98050.0,NI
49,NI1906,2019-05-06,95900.0,100120.0,94890.0,95610.0,408260,188494,,95740.0,98100.0,NI
49,NI1906,2019-05-07,95920.0,96660.0,95650.0,96470.0,452262,172840,,96190.0,95740.0,NI
49,NI1906,2019-05-08,96150.0,96660.0,95750.0,96320.0,512688,163012,,96150.0,96190.0,NI
49,NI1906,2019-05-09,96150.0,96240.0,94900.0,95130.0,508362,163242,,95600.0,96150.0,NI
49,NI1906,2019-05-10,94930.0,96950.0,94670.0,96690.0,643438,143482,,95960.0,95600.0,NI
49,NI1906,2019-05-13,96620.0,97240.0,95800.0,96530.0,498038,130320,,96620.0,95960.0,NI
49,NI1906,2019-05-14,96360.0,97500.0,95310.0,95750.0,537944,114170,,96220.0,96620.0,NI
50,NI1907,2019-05-15,95750.0,97370.0,95700.0,97230.0,447140,248976,,96700.0,96030.0,NI
49,NI1907,2019-05-16,96970.0,98250.0,96880.0,97850.0,677420,266542,,97700.0,96700.0,NI
49,NI1907,2019-05-17,98250.0,98620.0,97680.0,97880.0,612524,266936,,98090.0,97700.0,NI
49,NI1907,2019-05-20,97800.0,98740.0,97150.0,97330.0,731372,283904,,97780.0,98090.0,NI
49,NI1907,2019-05-21,97220.0,98900.0,97060.0,98100.0,746956,284912,,97920.0,97780.0,NI
49,NI1907,2019-05-22,98080.0,98250.0,96880.0,97510.0,860998,277200,,97600.0,97920.0,NI
49,NI1907,2019-05-23,97390.0,97650.0,96560.0,96640.0,712826,297972,,97010.0,97600.0,NI
49,NI1907,2019-05-24,96700.0,102830.0,96100.0,99990.0,1089156,275768,,97610.0,97010.0,NI
49,NI1907,2019-05-27,99400.0,101200.0,99220.0,100660.0,952464,247836,,100530.0,97610.0,NI
49,NI1907,2019-05-28,100700.0,101570.0,100120.0,100340.0,661598,235536,,100760.0,100530.0,NI
49,NI1907,2019-05-29,99870.0,99960.0,98310.0,98680.0,705578,222996,,98880.0,100760.0,NI
49,NI1907,2019-05-30,98500.0,98800.0,97830.0,98190.0,661968,210802,,98380.0,98880.0,NI
49,NI1907,2019-05-31,98090.0,99200.0,97880.0,98270.0,685450,195268,,98540.0,98380.0,NI
49,NI1907,2019-06-03,98250.0,98960.0,96900.0,97020.0,799960,185246,,97880.0,98540.0,NI
49,NI1907,2019-06-04,96940.0,97450.0,96320.0,96710.0,617140,177558,,96780.0,97880.0,NI
49,NI1907,2019-06-05,96620.0,96880.0,95830.0,96350.0,654472,181676,,96330.0,96780.0,NI
49,NI1907,2019-06-06,96300.0,96660.0,94280.0,95700.0,826604,181432,,95620.0,96330.0,NI
49,NI1907,2019-06-10,95600.0,96970.0,95510.0,96230.0,304308,175106,,96280.0,95620.0,NI
49,NI1907,2019-06-11,96100.0,97870.0,95510.0,97250.0,706000,174258,,96470.0,96280.0,NI
49,NI1907,2019-06-12,97430.0,98420.0,97240.0,97390.0,647458,157142,,97870.0,96470.0,NI
49,NI1907,2019-06-13,97400.0,100120.0,97290.0,99950.0,679724,165674,,98400.0,97870.0,NI
49,NI1907,2019-06-14,100040.0,101360.0,99390.0,100060.0,671618,154228,,100160.0,98400.0,NI
49,NI1907,2019-06-17,99890.0,100560.0,99370.0,99430.0,534540,143394,,99960.0,100160.0,NI
48,NI1907,2019-06-18,99150.0,99500.0,98430.0,98930.0,463946,133918,,98850.0,99960.0,NI
49,NI1908,2019-06-19,98370.0,100320.0,98170.0,99060.0,619610,237004,,99380.0,98100.0,NI
49,NI1908,2019-06-20,99340.0,100310.0,99140.0,99880.0,699598,250652,,99760.0,99380.0,NI
49,NI1908,2019-06-21,100300.0,100400.0,98040.0,98310.0,778412,242618,,99200.0,99760.0,NI
49,NI1908,2019-06-24,98400.0,99000.0,98050.0,98670.0,645824,228938,,98560.0,99200.0,NI
49,NI1908,2019-06-25,98750.0,99830.0,98100.0,99630.0,742382,216594,,99050.0,98560.0,NI
49,NI1908,2019-06-26,100060.0,101000.0,99710.0,100070.0,723700,201556,,100240.0,99050.0,NI
49,NI1908,2019-06-27,100520.0,101820.0,100340.0,101310.0,815584,217262,,101090.0,100240.0,NI
49,NI1908,2019-06-28,101870.0,102360.0,101120.0,101490.0,767988,203352,,101820.0,101090.0,NI
49,NI1908,2019-07-01,101770.0,102330.0,99570.0,99670.0,799728,169446,,101030.0,101820.0,NI
49,NI1908,2019-07-02,99380.0,99380.0,97080.0,97510.0,660402,146876,,98180.0,101030.0,NI
49,NI1908,2019-07-03,97460.0,97760.0,96630.0,97270.0,508012,139914,,97230.0,98180.0,NI
49,NI1908,2019-07-04,97870.0,98760.0,97520.0,97820.0,600250,126156,,98160.0,97230.0,NI
49,NI1908,2019-07-05,98280.0,98900.0,97340.0,98030.0,562562,112136,,98050.0,98160.0,NI
49,NI1908,2019-07-08,98000.0,100580.0,98000.0,100330.0,627590,115458,,99230.0,98050.0,NI
49,NI1908,2019-07-09,100350.0,100990.0,99650.0,99940.0,512890,105854,,100200.0,99230.0,NI
49,NI1908,2019-07-10,100160.0,103160.0,99820.0,102010.0,773800,121012,,101310.0,100200.0,NI
49,NI1908,2019-07-11,102250.0,103660.0,101910.0,103560.0,623052,136838,,102680.0,101310.0,NI
49,NI1908,2019-07-12,103710.0,104130.0,102900.0,103840.0,519714,129020,,103450.0,102680.0,NI
49,NI1908,2019-07-15,103960.0,106620.0,103620.0,105930.0,732862,133086,,105190.0,103450.0,NI
48,NI1908,2019-07-16,105920.0,109710.0,105300.0,109460.0,904556,137178,,107330.0,105190.0,NI
48,NI1908,2019-07-17,110500.0,111400.0,108600.0,111040.0,957508,128814,,110260.0,107330.0,NI
48,NI1908,2019-07-18,111830.0,116870.0,110770.0,116860.0,1262668,128744,,113650.0,110260.0,NI
48,NI1908,2019-07-19,116190.0,118790.0,115970.0,118070.0,1565478,112312,,117600.0,113650.0,NI
50,NI1910,2019-07-22,116000.0,117150.0,112850.0,113490.0,1124824,298382,,115460.0,117900.0,NI
50,NI1910,2019-07-23,113600.0,114100.0,112060.0,112980.0,1149182,287606,,113130.0,115460.0,NI
50,NI1910,2019-07-24,113270.0,113270.0,110750.0,112320.0,1185124,313612,,111950.0,113130.0,NI
50,NI1910,2019-07-25,113100.0,113880.0,109720.0,110040.0,1562756,343200,,112560.0,111950.0,NI
50,NI1910,2019-07-26,109800.0,111790.0,109260.0,111240.0,1320718,336042,,110540.0,112560.0,NI
50,NI1910,2019-07-29,111140.0,111480.0,108920.0,109450.0,1065014,342064,,110300.0,110540.0,NI
50,NI1910,2019-07-30,109800.0,113490.0,109620.0,112570.0,901390,361128,,111900.0,110300.0,NI
50,NI1910,2019-07-31,112170.0,113650.0,111460.0,112260.0,830784,372276,,112480.0,111900.0,NI
50,NI1910,2019-08-01,112530.0,114380.0,111810.0,112590.0,1009604,370590,,113080.0,112480.0,NI
50,NI1910,2019-08-02,112460.0,116070.0,112280.0,114660.0,1442154,391644,,113870.0,113080.0,NI
50,NI1910,2019-08-05,114700.0,119360.0,113740.0,118010.0,1546554,438966,,116040.0,113870.0,NI
50,NI1910,2019-08-06,118600.0,119640.0,117460.0,118600.0,1035504,446386,,118380.0,116040.0,NI
50,NI1910,2019-08-07,118650.0,119580.0,116380.0,116500.0,1295694,466020,,117830.0,118380.0,NI
50,NI1910,2019-08-08,116530.0,124890.0,114370.0,124890.0,1997606,468236,,120050.0,117830.0,NI
50,NI1910,2019-08-09,124160.0,127180.0,123550.0,126290.0,1625414,458232,,125900.0,120050.0,NI
50,NI1910,2019-08-12,125850.0,128020.0,118510.0,120980.0,2292382,426870,,123300.0,125900.0,NI
50,NI1910,2019-08-13,122730.0,124700.0,122240.0,124370.0,1248850,453874,,123420.0,123300.0,NI
50,NI1910,2019-08-14,124380.0,124600.0,122480.0,124210.0,1100624,448756,,123380.0,123420.0,NI
50,NI1910,2019-08-15,123660.0,124240.0,121400.0,123700.0,1086042,447682,,123170.0,123380.0,NI
49,NI1910,2019-08-16,124100.0,127700.0,123750.0,126010.0,1276234,477404,,125840.0,123170.0,NI
49,NI1910,2019-08-19,125560.0,126800.0,125040.0,125910.0,764798,464572,,125890.0,125840.0,NI
49,NI1910,2019-08-20,125360.0,125630.0,123100.0,123390.0,968384,446438,,124190.0,125890.0,NI
49,NI1910,2019-08-21,123620.0,126630.0,122520.0,123840.0,1234164,436666,,123900.0,124190.0,NI
49,NI1910,2019-08-22,123430.0,125210.0,121770.0,122930.0,899830,424616,,123240.0,123900.0,NI
49,NI1910,2019-08-23,123250.0,123990.0,122170.0,123930.0,783264,430916,,123120.0,123240.0,NI
49,NI1910,2019-08-26,123400.0,125450.0,122510.0,124110.0,963522,403866,,123980.0,123120.0,NI
49,NI1910,2019-08-27,124380.0,126300.0,124380.0,125580.0,729248,385792,,125390.0,123980.0,NI
50,NI1911,2019-08-28,126120.0,126430.0,123790.0,125870.0,677626,315560,,125020.0,125410.0,NI
50,NI1911,2019-08-29,126460.0,127770.0,125720.0,127340.0,974370,374226,,126750.0,125020.0,NI
50,NI1911,2019-08-30,127370.0,130890.0,126930.0,130750.0,1478292,467714,,129210.0,126750.0,NI
50,NI1911,2019-09-02,136960.0,136960.0,136960.0,136960.0,28850,454618,,136960.0,129210.0,NI
50,NI1911,2019-09-03,139450.0,149190.0,139200.0,146720.0,2126468,391468,,144940.0,136960.0,NI
50,NI1911,2019-09-04,145380.0,147970.0,143740.0,146850.0,1642136,410334,,145670.0,144940.0,NI
50,NI1911,2019-09-05,146480.0,147780.0,141510.0,142880.0,1969834,402474,,144800.0,145670.0,NI
50,NI1911,2019-09-06,142320.0,142600.0,138080.0,138590.0,1598628,407582,,141300.0,144800.0,NI
50,NI1911,2019-09-09,139400.0,142270.0,138140.0,141470.0,1785584,417656,,140290.0,141300.0,NI
50,NI1911,2019-09-10,141950.0,145040.0,141430.0,144090.0,1789188,422802,,143240.0,140290.0,NI
50,NI1911,2019-09-11,143430.0,144290.0,141850.0,144000.0,1701028,418002,,143330.0,143240.0,NI
50,NI1911,2019-09-12,144200.0,144820.0,142020.0,144730.0,1422280,406364,,143580.0,143330.0,NI
50,NI1911,2019-09-16,142880.0,143110.0,137000.0,137500.0,938728,392848,,139470.0,143580.0,NI
49,NI1911,2019-09-17,137150.0,139000.0,134300.0,135110.0,1745480,389670,,136490.0,139470.0,NI
49,NI1911,2019-09-18,134430.0,137350.0,133910.0,136520.0,1695120,387842,,135620.0,136490.0,NI
49,NI1911,2019-09-19,135760.0,137300.0,135440.0,136420.0,1549816,388170,,136290.0,135620.0,NI
49,NI1911,2019-09-20,136660.0,138970.0,134850.0,138370.0,1892130,401798,,136790.0,136290.0,NI
49,NI1911,2019-09-23,139160.0,139960.0,137450.0,138810.0,1732998,398484,,138870.0,136790.0,NI
49,NI1911,2019-09-24,138950.0,139450.0,136140.0,138590.0,1706190,367816,,138250.0,138870.0,NI
49,NI1911,2019-09-25,137500.0,137580.0,135140.0,136080.0,1616066,315590,,136320.0,138250.0,NI
49,NI1911,2019-09-26,136070.0,138240.0,136030.0,136580.0,1371206,281662,,136970.0,136320.0,NI
49,NI1911,2019-09-27,136800.0,138050.0,135940.0,137970.0,1167462,249730,,136930.0,136970.0,NI
49,NI1911,2019-09-30,137810.0,137890.0,136310.0,137480.0,999144,213006,,136950.0,136930.0,NI
49,NI1911,2019-10-08,138900.0,138980.0,134310.0,136970.0,570072,212110,,136720.0,136950.0,NI
49,NI1911,2019-10-09,137060.0,137330.0,136230.0,136820.0,699596,207132,,136890.0,136720.0,NI
49,NI1911,2019-10-10,137400.0,137890.0,134650.0,137510.0,1229532,208486,,136410.0,136890.0,NI
49,NI1911,2019-10-11,137550.0,137850.0,135620.0,137640.0,882080,204078,,136990.0,136410.0,NI
50,NI1912,2019-10-14,137280.0,138890.0,135050.0,135770.0,903244,318682,,136650.0,136530.0,NI
50,NI1912,2019-10-15,135110.0,136860.0,131380.0,131920.0,1543640,356598,,133780.0,136650.0,NI
49,NI1912,2019-10-16,132530.0,133310.0,131750.0,132500.0,1109440,357942,,132690.0,133780.0,NI
49,NI1912,2019-10-17,132800.0,133680.0,127340.0,128750.0,1827970,370870,,130100.0,132690.0,NI
49,NI1912,2019-10-18,128750.0,130700.0,128160.0,129300.0,1248236,362080,,129020.0,130100.0,NI
49,NI1912,2019-10-21,130020.0,130150.0,125330.0,126390.0,1060736,375318,,127500.0,129020.0,NI
49,NI1912,2019-10-22,126630.0,127140.0,125330.0,125690.0,735476,375676,,126210.0,127500.0,NI
49,NI1912,2019-10-23,125550.0,132210.0,125150.0,129970.0,1177900,343870,,128730.0,126210.0,NI
49,NI1912,2019-10-24,129830.0,134120.0,129210.0,133080.0,1276860,322402,,131850.0,128730.0,NI
49,NI1912,2019-10-25,133800.0,134700.0,132150.0,133340.0,837096,294062,,133190.0,131850.0,NI
49,NI1912,2019-10-28,133430.0,134390.0,131230.0,132080.0,957346,280096,,132870.0,133190.0,NI
49,NI1912,2019-10-29,133360.0,136630.0,131870.0,132640.0,1240872,256158,,133710.0,132870.0,NI
49,NI1912,2019-10-30,132880.0,134450.0,132260.0,134160.0,736996,240532,,133350.0,133710.0,NI
49,NI1912,2019-10-31,134150.0,134970.0,133110.0,133700.0,671890,232382,,133910.0,133350.0,NI
49,NI1912,2019-11-01,133700.0,134580.0,132150.0,134560.0,657174,227242,,133340.0,133910.0,NI
49,NI1912,2019-11-04,134110.0,134440.0,133260.0,134230.0,461094,222276,,133880.0,133340.0,NI
49,NI1912,2019-11-05,133940.0,134070.0,130590.0,131170.0,697126,209424,,131860.0,133880.0,NI
49,NI1912,2019-11-06,131000.0,131570.0,130220.0,130320.0,469644,202482,,130840.0,131860.0,NI
49,NI1912,2019-11-07,130580.0,133990.0,129470.0,131580.0,668212,188920,,131080.0,130840.0,NI
49,NI1912,2019-11-08,131600.0,131970.0,130260.0,130570.0,425110,180414,,131040.0,131080.0,NI
51,NI2002,2019-11-11,126170.0,126770.0,123950.0,124470.0,637890,147122,,124860.0,126580.0,NI
51,NI2002,2019-11-12,124050.0,124100.0,120500.0,121750.0,909564,179524,,122030.0,124860.0,NI
51,NI2002,2019-11-13,121180.0,123220.0,120300.0,121080.0,994870,214148,,122310.0,122030.0,NI
51,NI2002,2019-11-14,121060.0,122450.0,120310.0,121560.0,973042,225450,,121390.0,122310.0,NI
51,NI2002,2019-11-15,121310.0,121660.0,117760.0,118470.0,1265140,261976,,119330.0,121390.0,NI
50,NI2002,2019-11-18,118230.0,119250.0,115020.0,117560.0,1388342,274456,,117350.0,119330.0,NI
50,NI2002,2019-11-19,117190.0,117360.0,115010.0,115360.0,1281678,308112,,116080.0,117350.0,NI
50,NI2002,2019-11-20,114670.0,116080.0,113350.0,113500.0,1450978,309994,,115000.0,116080.0,NI
50,NI2002,2019-11-21,113290.0,114800.0,112300.0,114010.0,1423252,303152,,113670.0,115000.0,NI
50,NI2002,2019-11-22,113980.0,115160.0,112850.0,113200.0,1336260,308240,,114140.0,113670.0,NI
50,NI2002,2019-11-25,112960.0,115800.0,112800.0,114060.0,1570214,297308,,114710.0,114140.0,NI
50,NI2002,2019-11-26,114540.0,114910.0,113100.0,114170.0,1326464,284968,,114180.0,114710.0,NI
50,NI2002,2019-11-27,113880.0,114480.0,112550.0,114000.0,1366724,302216,,113760.0,114180.0,NI
50,NI2002,2019-11-28,113890.0,114100.0,111390.0,111530.0,1597866,331752,,112760.0,113760.0,NI
50,NI2002,2019-11-29,111160.0,111520.0,109250.0,109330.0,1542338,369590,,110590.0,112760.0,NI
50,NI2002,2019-12-02,109520.0,110230.0,107580.0,108080.0,1852252,365446,,108600.0,110590.0,NI
50,NI2002,2019-12-03,108450.0,108790.0,107840.0,108240.0,1227144,362622,,108300.0,108600.0,NI
50,NI2002,2019-12-04,107740.0,108020.0,103360.0,104020.0,2161468,401270,,105310.0,108300.0,NI
50,NI2002,2019-12-05,104400.0,104660.0,103750.0,103940.0,1281876,410832,,104230.0,105310.0,NI
50,NI2002,2019-12-06,104050.0,106940.0,104010.0,106240.0,2151310,382936,,105720.0,104230.0,NI
50,NI2002,2019-12-09,106400.0,107680.0,104230.0,104710.0,2129760,389596,,106600.0,105720.0,NI
50,NI2002,2019-12-10,104800.0,106470.0,104480.0,105160.0,1826086,382238,,105500.0,106600.0,NI
50,NI2002,2019-12-11,104710.0,108180.0,104530.0,107990.0,2225418,389648,,106860.0,105500.0,NI
50,NI2002,2019-12-12,108500.0,110570.0,108380.0,110190.0,2195332,350666,,109820.0,106860.0,NI
50,NI2002,2019-12-13,109860.0,111080.0,108840.0,110970.0,1228974,338824,,109910.0,109820.0,NI
50,NI2002,2019-12-16,111380.0,112090.0,109600.0,110720.0,1248938,324472,,111110.0,109910.0,NI
49,NI2002,2019-12-17,110960.0,112300.0,110630.0,111280.0,788736,320402,,111540.0,111110.0,NI
49,NI2002,2019-12-18,111090.0,111350.0,108510.0,108760.0,983572,316612,,110080.0,111540.0,NI
49,NI2002,2019-12-19,109100.0,111010.0,108300.0,110880.0,864950,308858,,109420.0,110080.0,NI
50,NI2003,2019-12-20,111000.0,112440.0,110870.0,111710.0,833972,157298,,111680.0,109370.0,NI
50,NI2003,2019-12-23,111980.0,114030.0,111880.0,113710.0,1128644,183160,,113360.0,111680.0,NI
50,NI2003,2019-12-24,113850.0,114200.0,111740.0,112820.0,1132868,193418,,113060.0,113360.0,NI
50,NI2003,2019-12-25,112720.0,113200.0,111320.0,112090.0,1090304,191990,,112080.0,113060.0,NI
50,NI2003,2019-12-26,112080.0,112980.0,111720.0,112370.0,694402,202674,,112340.0,112080.0,NI
50,NI2003,2019-12-27,112500.0,112670.0,109960.0,109990.0,1167686,239194,,111340.0,112340.0,NI
50,NI2003,2019-12-30,110130.0,112230.0,110000.0,111720.0,1256558,250468,,111480.0,111340.0,NI
50,NI2003,2019-12-31,111810.0,112980.0,110610.0,112130.0,1342912,272970,,112070.0,111480.0,NI
50,NI2003,2020-01-02,111490.0,112050.0,109820.0,111310.0,451446,141670,,111060.0,112070.0,NI
50,NI2003,2020-01-03,111650.0,111900.0,107680.0,107800.0,832788,157883,,110170.0,111060.0,NI
50,NI2003,2020-01-06,108060.0,108650.0,106810.0,108190.0,692853,150206,,108080.0,110170.0,NI
50,NI2003,2020-01-07,108070.0,109480.0,107010.0,109390.0,744591,153721,,108130.0,108080.0,NI
50,NI2003,2020-01-08,109060.0,109750.0,107810.0,109230.0,761302,156780,,108780.0,108130.0,NI
50,NI2003,2020-01-09,109000.0,111890.0,108850.0,111540.0,827330,166877,,110740.0,108780.0,NI
50,NI2003,2020-01-10,111780.0,112290.0,111090.0,111930.0,688236,169396,,111720.0,110740.0,NI
50,NI2003,2020-01-13,111930.0,113390.0,111410.0,113210.0,686504,181716,,112490.0,111720.0,NI
50,NI2003,2020-01-14,113100.0,113260.0,108870.0,108900.0,834688,169022,,111260.0,112490.0,NI
50,NI2003,2020-01-15,108620.0,109930.0,108510.0,109140.0,371137,159262,,109290.0,111260.0,NI
49,NI2003,2020-01-16,110000.0,112180.0,109750.0,111210.0,396389,148561,,111140.0,109290.0,NI
49,NI2003,2020-01-17,111880.0,111890.0,107730.0,108440.0,402676,141080,,109680.0,111140.0,NI
49,NI2003,2020-01-20,108500.0,108800.0,107710.0,108100.0,300674,138815,,108300.0,109680.0,NI
50,NI2004,2020-01-21,108420.0,110110.0,107010.0,107410.0,443590,91487,,108550.0,108330.0,NI
50,NI2004,2020-01-22,107630.0,109080.0,106160.0,108340.0,475829,87896,,107820.0,108550.0,NI
50,NI2004,2020-01-23,108300.0,108330.0,105510.0,105690.0,424477,94440,,106650.0,107820.0,NI
50,NI2004,2020-02-03,101000.0,102450.0,100670.0,102190.0,243482,94276,,101800.0,106650.0,NI
50,NI2004,2020-02-04,102020.0,104780.0,101710.0,104420.0,383776,107944,,103650.0,101800.0,NI
50,NI2004,2020-02-05,103810.0,106000.0,103810.0,105130.0,440237,110915,,105020.0,103650.0,NI
50,NI2004,2020-02-06,105400.0,106200.0,104760.0,105070.0,490301,115835,,105380.0,105020.0,NI
50,NI2004,2020-02-07,104760.0,105730.0,104180.0,105260.0,394455,118115,,105090.0,105380.0,NI
50,NI2004,2020-02-10,103500.0,105220.0,103470.0,104450.0,353753,120805,,104560.0,105090.0,NI
50,NI2004,2020-02-11,104310.0,106680.0,104300.0,106190.0,442115,131186,,106000.0,104560.0,NI
50,NI2004,2020-02-12,105950.0,106460.0,103660.0,105130.0,513389,127368,,105240.0,106000.0,NI
50,NI2004,2020-02-13,105400.0,106300.0,104790.0,105630.0,492607,128792,,105680.0,105240.0,NI
50,NI2004,2020-02-14,106120.0,107050.0,104570.0,104650.0,328798,130210,,105570.0,105680.0,NI
50,NI2004,2020-02-17,104770.0,105620.0,104300.0,105210.0,198346,128719,,105000.0,105570.0,NI
49,NI2004,2020-02-18,105200.0,105590.0,103420.0,105090.0,276967,124178,,104430.0,105000.0,NI
49,NI2004,2020-02-19,104430.0,104920.0,103650.0,103810.0,195076,126926,,104230.0,104430.0,NI
49,NI2004,2020-02-20,104000.0,104550.0,103330.0,104080.0,222224,123984,,103900.0,104230.0,NI
49,NI2004,2020-02-21,103680.0,103930.0,102330.0,102350.0,211444,130630,,103070.0,103900.0,NI
49,NI2004,2020-02-24,102000.0,102970.0,101020.0,102720.0,218028,114549,,101960.0,103070.0,NI
51,NI2006,2020-02-25,102350.0,103140.0,101760.0,102970.0,207560,42925,,102560.0,102260.0,NI
51,NI2006,2020-02-26,102370.0,102850.0,101020.0,101020.0,276860,51122,,102000.0,102560.0,NI
51,NI2006,2020-02-27,101000.0,101910.0,100910.0,101110.0,249947,53166,,101400.0,102000.0,NI
51,NI2006,2020-02-28,100950.0,100960.0,98940.0,99010.0,332017,60890,,99860.0,101400.0,NI
51,NI2006,2020-03-02,99220.0,102630.0,99150.0,102480.0,332213,61143,,101460.0,99860.0,NI
51,NI2006,2020-03-03,103310.0,104440.0,102540.0,102870.0,300024,68414,,103300.0,101460.0,NI
51,NI2006,2020-03-04,102920.0,103260.0,102350.0,102810.0,284101,75566,,102780.0,103300.0,NI
51,NI2006,2020-03-05,102700.0,104160.0,102250.0,103400.0,388040,90414,,103320.0,102780.0,NI
51,NI2006,2020-03-06,103700.0,103800.0,102920.0,103020.0,366713,85603,,103300.0,103320.0,NI
51,NI2006,2020-03-09,102170.0,102220.0,99320.0,99610.0,447873,78954,,100010.0,103300.0,NI
51,NI2006,2020-03-10,100680.0,104600.0,100620.0,104210.0,498604,87990,,102880.0,100010.0,NI
51,NI2006,2020-03-11,103340.0,104420.0,102160.0,102350.0,419406,84670,,103240.0,102880.0,NI
51,NI2006,2020-03-12,101000.0,101300.0,99860.0,100560.0,434247,91840,,100430.0,103240.0,NI
51,NI2006,2020-03-13,97200.0,100350.0,96200.0,99300.0,558108,90913,,97950.0,100430.0,NI
51,NI2006,2020-03-16,100000.0,101510.0,98820.0,99400.0,409185,83807,,100050.0,97950.0,NI
50,NI2006,2020-03-17,99450.0,100250.0,99040.0,99550.0,381909,83079,,99540.0,100050.0,NI
50,NI2006,2020-03-18,98290.0,99800.0,94950.0,95050.0,635183,98848,,97750.0,99540.0,NI
50,NI2006,2020-03-19,95050.0,95790.0,90600.0,95250.0,697051,93287,,93100.0,97750.0,NI
50,NI2006,2020-03-20,95010.0,96660.0,94420.0,95850.0,476788,87690,,95470.0,93100.0,NI
50,NI2006,2020-03-23,93000.0,94360.0,91230.0,91920.0,482710,93798,,92630.0,95470.0,NI
50,NI2006,2020-03-24,92590.0,93800.0,91030.0,91690.0,549758,94597,,92370.0,92630.0,NI
50,NI2006,2020-03-25,93500.0,93920.0,91190.0,91890.0,480472,104986,,92060.0,92370.0,NI
50,NI2006,2020-03-26,92500.0,93340.0,91550.0,91580.0,505998,95438,,92360.0,92060.0,NI
50,NI2006,2020-03-27,92200.0,93460.0,91840.0,93440.0,529045,87401,,92600.0,92360.0,NI
50,NI2006,2020-03-30,92980.0,94100.0,91520.0,93210.0,518543,83132,,92810.0,92600.0,NI
50,NI2006,2020-03-31,93650.0,93980.0,91800.0,91830.0,401139,92556,,92820.0,92810.0,NI
50,NI2006,2020-04-01,92600.0,93290.0,92220.0,92680.0,441868,83435,,92750.0,92820.0,NI
50,NI2006,2020-04-02,92350.0,93250.0,89550.0,92900.0,659703,84229,,91410.0,92750.0,NI
50,NI2006,2020-04-03,92900.0,93260.0,91950.0,92640.0,382922,79216,,92500.0,91410.0,NI
50,NI2006,2020-04-07,93800.0,94420.0,92850.0,93330.0,386549,82014,,93510.0,92500.0,NI
50,NI2006,2020-04-08,92960.0,95410.0,92440.0,95310.0,487833,107888,,94130.0,93510.0,NI
50,NI2006,2020-04-09,95600.0,95860.0,94650.0,94970.0,371612,99192,,95100.0,94130.0,NI
50,NI2006,2020-04-10,95400.0,97840.0,95220.0,97310.0,482986,107151,,97060.0,95100.0,NI
50,NI2006,2020-04-13,97100.0,97570.0,96020.0,96430.0,346151,100998,,96880.0,97060.0,NI
50,NI2006,2020-04-14,96600.0,97420.0,96060.0,97160.0,389144,104470,,96750.0,96880.0,NI
50,NI2006,2020-04-15,97180.0,98700.0,96630.0,97240.0,337287,109235,,97630.0,96750.0,NI
49,NI2006,2020-04-16,97100.0,97180.0,95700.0,95760.0,190089,104866,,96330.0,97630.0,NI
49,NI2006,2020-04-17,96550.0,99140.0,96500.0,98970.0,234072,111097,,97710.0,96330.0,NI
49,NI2006,2020-04-20,98970.0,102300.0,97990.0,102030.0,333322,123165,,100630.0,97710.0,NI
49,NI2006,2020-04-21,102030.0,102500.0,100020.0,100920.0,289336,99334,,101040.0,100630.0,NI
50,NI2007,2020-04-22,100520.0,100700.0,96720.0,98130.0,266512,52607,,98080.0,101150.0,NI
50,NI2007,2020-04-23,98250.0,99850.0,98250.0,99650.0,311079,56150,,99110.0,98080.0,NI
50,NI2007,2020-04-24,99400.0,101390.0,98860.0,99860.0,297982,56502,,100380.0,99110.0,NI
50,NI2007,2020-04-27,102000.0,103750.0,100600.0,101580.0,339856,58982,,102330.0,100380.0,NI
50,NI2007,2020-04-28,101000.0,101560.0,99520.0,100590.0,262396,62015,,100550.0,102330.0,NI
50,NI2007,2020-04-29,101280.0,101720.0,99980.0,100150.0,255817,60384,,100720.0,100550.0,NI
50,NI2007,2020-04-30,101000.0,101310.0,99900.0,99950.0,226263,58834,,100630.0,100720.0,NI
50,NI2007,2020-05-06,98960.0,101660.0,97800.0,101350.0,356750,79814,,99720.0,100630.0,NI
50,NI2007,2020-05-07,101100.0,102780.0,100720.0,101890.0,658157,91537,,101850.0,99720.0,NI
50,NI2007,2020-05-08,102280.0,102750.0,100390.0,101720.0,701460,87520,,101760.0,101850.0,NI
50,NI2007,2020-05-11,101570.0,103450.0,101300.0,101610.0,760702,90459,,102190.0,101760.0,NI
50,NI2007,2020-05-12,101410.0,103050.0,100680.0,101040.0,726784,89308,,101750.0,102190.0,NI
50,NI2007,2020-05-13,101450.0,101680.0,99720.0,101140.0,720032,88529,,100970.0,101750.0,NI
50,NI2007,2020-05-14,101420.0,101570.0,100210.0,101170.0,560075,86828,,101030.0,100970.0,NI
50,NI2007,2020-05-15,100770.0,100800.0,99060.0,99400.0,673044,100415,,99770.0,101030.0,NI
49,NI2007,2020-05-18,98810.0,100360.0,98150.0,99860.0,665198,99467,,99090.0,99770.0,NI
49,NI2007,2020-05-19,100000.0,102210.0,100000.0,102080.0,448080,103977,,101410.0,99090.0,NI
49,NI2007,2020-05-20,102600.0,103120.0,102010.0,102580.0,305395,100050,,102540.0,101410.0,NI
49,NI2007,2020-05-21,102520.0,105810.0,102290.0,105110.0,435297,116870,,104430.0,102540.0,NI
49,NI2007,2020-05-22,105800.0,106160.0,96070.0,99760.0,635601,79672,,102710.0,104430.0,NI
50,NI2008,2020-05-25,100460.0,101620.0,100250.0,100770.0,382991,61986,,101030.0,103030.0,NI
50,NI2008,2020-05-26,101030.0,101900.0,100710.0,101020.0,276345,72343,,101050.0,101030.0,NI
50,NI2008,2020-05-27,101480.0,101550.0,99700.0,100000.0,545383,82239,,100600.0,101050.0,NI
50,NI2008,2020-05-28,99800.0,101100.0,99390.0,100730.0,529610,86660,,100210.0,100600.0,NI
50,NI2008,2020-05-29,100660.0,101300.0,99850.0,100080.0,542120,90639,,100420.0,100210.0,NI
50,NI2008,2020-06-01,100120.0,104020.0,99960.0,103250.0,615993,111438,,101830.0,100420.0,NI
50,NI2008,2020-06-02,102850.0,103280.0,102090.0,103210.0,449544,112963,,102700.0,101830.0,NI
50,NI2008,2020-06-03,103690.0,104540.0,102920.0,103470.0,612178,114991,,103800.0,102700.0,NI
50,NI2008,2020-06-04,103850.0,103920.0,101770.0,102190.0,640539,113901,,102780.0,103800.0,NI
50,NI2008,2020-06-05,102470.0,104070.0,102310.0,103790.0,590141,118718,,103280.0,102780.0,NI
50,NI2008,2020-06-08,104000.0,104500.0,103230.0,103770.0,611001,118933,,103840.0,103280.0,NI
50,NI2008,2020-06-09,104200.0,105490.0,104160.0,104700.0,644262,124235,,104800.0,103840.0,NI
50,NI2008,2020-06-10,104300.0,104390.0,102550.0,103180.0,641156,119044,,103490.0,104800.0,NI
50,NI2008,2020-06-11,103860.0,104410.0,101400.0,101830.0,741801,124343,,103230.0,103490.0,NI
50,NI2008,2020-06-12,101380.0,102180.0,100700.0,101740.0,303084,116244,,101530.0,103230.0,NI
50,NI2008,2020-06-15,101930.0,102350.0,100220.0,100290.0,326602,120827,,101360.0,101530.0,NI
49,NI2008,2020-06-16,100590.0,103640.0,100500.0,103630.0,317714,113868,,102340.0,101360.0,NI
49,NI2008,2020-06-17,103800.0,103880.0,102510.0,103480.0,256724,114339,,103250.0,102340.0,NI
49,NI2008,2020-06-18,103400.0,104130.0,102600.0,103250.0,257058,110142,,103260.0,103250.0,NI
49,NI2008,2020-06-19,102840.0,104560.0,102560.0,104200.0,291508,114557,,103410.0,103260.0,NI
49,NI2008,2020-06-22,104190.0,104250.0,101660.0,101860.0,304679,114890,,102760.0,103410.0,NI
49,NI2008,2020-06-23,102000.0,102740.0,101240.0,101550.0,240220,110885,,101910.0,102760.0,NI
51,NI2010,2020-06-24,102260.0,102480.0,101780.0,102040.0,175023,39749,,102100.0,102300.0,NI
51,NI2010,2020-06-29,102000.0,103400.0,100930.0,102910.0,201870,46072,,102140.0,102100.0,NI
51,NI2010,2020-06-30,102900.0,103440.0,102360.0,103180.0,241239,51105,,102950.0,102140.0,NI
51,NI2010,2020-07-01,103360.0,103470.0,101720.0,102240.0,292526,61907,,102390.0,102950.0,NI
51,NI2010,2020-07-02,101550.0,103250.0,101500.0,103190.0,345814,64154,,102510.0,102390.0,NI
51,NI2010,2020-07-03,103250.0,105970.0,102930.0,105840.0,529804,94053,,104370.0,102510.0,NI
51,NI2010,2020-07-06,106030.0,107500.0,104560.0,107110.0,712363,127788,,105880.0,104370.0,NI
51,NI2010,2020-07-07,107430.0,108100.0,106520.0,107070.0,652267,131401,,107290.0,105880.0,NI
51,NI2010,2020-07-08,107290.0,108430.0,106710.0,107530.0,670778,137617,,107400.0,107290.0,NI
51,NI2010,2020-07-09,107500.0,107830.0,106000.0,107630.0,720179,145081,,107260.0,107400.0,NI
51,NI2010,2020-07-10,107900.0,108800.0,105060.0,105450.0,912928,134331,,106320.0,107260.0,NI
51,NI2010,2020-07-13,105800.0,109250.0,105650.0,108510.0,945364,146138,,107780.0,106320.0,NI
51,NI2010,2020-07-14,108300.0,110190.0,107650.0,109050.0,839095,149953,,109020.0,107780.0,NI
51,NI2010,2020-07-15,109000.0,109470.0,107700.0,108570.0,691219,145344,,108690.0,109020.0,NI
50,NI2010,2020-07-16,108680.0,108830.0,105200.0,106170.0,938051,142424,,107260.0,108690.0,NI
50,NI2010,2020-07-17,106530.0,107350.0,106130.0,106320.0,682312,133487,,106820.0,107260.0,NI
50,NI2010,2020-07-20,106390.0,106610.0,104320.0,105610.0,756025,130313,,105630.0,106820.0,NI
50,NI2010,2020-07-21,105690.0,106720.0,105300.0,105970.0,634502,131630,,106000.0,105630.0,NI
50,NI2010,2020-07-22,106250.0,108450.0,106250.0,106640.0,797671,124724,,107340.0,106000.0,NI
50,NI2010,2020-07-23,105900.0,106120.0,104640.0,106040.0,689170,133767,,105300.0,107340.0,NI
50,NI2010,2020-07-24,106990.0,109190.0,106250.0,107620.0,1066009,118735,,107940.0,105300.0,NI
50,NI2010,2020-07-27,107620.0,110810.0,107520.0,110140.0,1045277,147737,,109400.0,107940.0,NI
50,NI2010,2020-07-28,110000.0,112150.0,108400.0,108740.0,851351,138200,,110090.0,109400.0,NI
50,NI2010,2020-07-29,108400.0,110520.0,108300.0,109500.0,652825,135088,,109540.0,110090.0,NI
50,NI2010,2020-07-30,109550.0,111960.0,109380.0,111340.0,933359,155487,,110680.0,109540.0,NI
50,NI2010,2020-07-31,110500.0,111320.0,108930.0,110440.0,980776,140972,,110390.0,110680.0,NI
50,NI2010,2020-08-03,110450.0,110700.0,108220.0,109040.0,863839,152342,,109420.0,110390.0,NI
50,NI2010,2020-08-04,109560.0,111580.0,109560.0,110860.0,796599,149607,,110830.0,109420.0,NI
50,NI2010,2020-08-05,110820.0,113050.0,110370.0,112990.0,1005710,183336,,111600.0,110830.0,NI
50,NI2010,2020-08-06,113000.0,117220.0,112630.0,114540.0,1677592,182174,,114830.0,111600.0,NI
50,NI2010,2020-08-07,114830.0,116500.0,113630.0,115080.0,1073065,174890,,115160.0,114830.0,NI
50,NI2010,2020-08-10,115150.0,115680.0,112060.0,113180.0,1017273,159713,,113760.0,115160.0,NI
50,NI2010,2020-08-11,113700.0,114550.0,111880.0,112130.0,807216,155912,,113470.0,113760.0,NI
50,NI2010,2020-08-12,112470.0,113550.0,110520.0,112300.0,969864,136013,,112030.0,113470.0,NI
50,NI2010,2020-08-13,112300.0,113200.0,111820.0,112560.0,762589,135250,,112640.0,112030.0,NI
50,NI2010,2020-08-14,112400.0,114800.0,111750.0,114100.0,526188,133275,,113160.0,112640.0,NI
50,NI2010,2020-08-17,114380.0,116090.0,113860.0,115950.0,395347,135784,,114860.0,113160.0,NI
50,NI2011,2020-08-18,116340.0,116900.0,115470.0,116290.0,346765,67665,,116120.0,114930.0,NI
50,NI2011,2020-08-19,116700.0,117540.0,115590.0,116340.0,472940,72157,,116670.0,116120.0,NI
50,NI2011,2020-08-20,117100.0,117470.0,114580.0,116130.0,548418,76144,,116200.0,116670.0,NI
50,NI2011,2020-08-21,116700.0,117070.0,114840.0,115460.0,481581,80105,,115700.0,116200.0,NI
50,NI2011,2020-08-24,115100.0,117490.0,114850.0,117310.0,548317,91199,,116280.0,115700.0,NI
50,NI2011,2020-08-25,117540.0,118210.0,116530.0,117420.0,557851,97809,,117260.0,116280.0,NI
50,NI2011,2020-08-26,117580.0,119940.0,116950.0,119680.0,721599,150151,,118610.0,117260.0,NI
50,NI2011,2020-08-27,119540.0,120750.0,119000.0,119430.0,705081,145962,,119650.0,118610.0,NI
50,NI2011,2020-08-28,119480.0,120400.0,118550.0,120350.0,743986,153258,,119420.0,119650.0,NI
50,NI2011,2020-08-31,121010.0,121550.0,120010.0,121240.0,695976,157330,,120860.0,119420.0,NI
50,NI2011,2020-09-01,121300.0,123370.0,120290.0,123080.0,697304,181495,,121740.0,120860.0,NI
50,NI2011,2020-09-02,122900.0,123050.0,121020.0,122180.0,689625,164599,,122170.0,121740.0,NI
50,NI2011,2020-09-03,122200.0,123930.0,119650.0,120010.0,989913,166434,,121920.0,122170.0,NI
50,NI2011,2020-09-04,119100.0,120250.0,117820.0,119250.0,866758,148092,,119130.0,121920.0,NI
50,NI2011,2020-09-07,119530.0,120500.0,118680.0,119080.0,741569,146827,,119460.0,119130.0,NI
50,NI2011,2020-09-08,119260.0,120050.0,118600.0,119610.0,636315,140302,,119290.0,119460.0,NI
50,NI2011,2020-09-09,118350.0,118490.0,115630.0,115850.0,817972,128863,,116700.0,119290.0,NI
50,NI2011,2020-09-10,116490.0,117120.0,115420.0,115770.0,614121,132692,,116530.0,116700.0,NI
50,NI2011,2020-09-11,116220.0,116980.0,114730.0,116150.0,712269,126581,,115950.0,116530.0,NI
50,NI2011,2020-09-14,116610.0,119000.0,116220.0,118820.0,487943,135093,,117720.0,115950.0,NI
50,NI2011,2020-09-15,118800.0,119470.0,118440.0,118790.0,324880,125671,,118930.0,117720.0,NI
49,NI2011,2020-09-16,118900.0,118920.0,116840.0,117540.0,384739,119471,,118110.0,118930.0,NI
50,NI2012,2020-09-17,117600.0,118150.0,115410.0,115680.0,358155,65113,,116780.0,118180.0,NI
50,NI2012,2020-09-18,115520.0,117530.0,115360.0,116760.0,372194,67499,,116520.0,116780.0,NI
50,NI2012,2020-09-21,116150.0,116520.0,113950.0,114210.0,477949,76398,,115510.0,116520.0,NI
50,NI2012,2020-09-22,114220.0,114580.0,110620.0,113400.0,557581,80565,,113450.0,115510.0,NI
50,NI2012,2020-09-23,113700.0,114080.0,111150.0,112940.0,535319,85693,,112980.0,113450.0,NI
50,NI2012,2020-09-24,112320.0,113390.0,111080.0,112140.0,533391,88203,,112500.0,112980.0,NI
50,NI2012,2020-09-25,111500.0,113730.0,111350.0,113610.0,600075,94290,,112670.0,112500.0,NI
50,NI2012,2020-09-28,113200.0,113810.0,111730.0,113470.0,626984,100697,,112610.0,112670.0,NI
50,NI2012,2020-09-29,113840.0,114100.0,112760.0,113850.0,541529,98031,,113400.0,112610.0,NI
50,NI2012,2020-09-30,113720.0,114670.0,111670.0,111700.0,636609,97740,,113170.0,113400.0,NI
50,NI2012,2020-10-09,113490.0,116180.0,113410.0,115940.0,265381,97609,,115490.0,113170.0,NI
50,NI2012,2020-10-12,116200.0,117670.0,115630.0,117080.0,530825,110509,,116480.0,115490.0,NI
50,NI2012,2020-10-13,117400.0,117610.0,116260.0,117100.0,500868,108946,,117000.0,116480.0,NI
50,NI2012,2020-10-14,117060.0,117370.0,116100.0,117030.0,625304,110514,,116670.0,117000.0,NI
50,NI2012,2020-10-15,117650.0,119100.0,117240.0,117860.0,621042,117305,,117900.0,116670.0,NI
49,NI2012,2020-10-16,117900.0,119680.0,117370.0,119450.0,636624,128166,,118570.0,117900.0,NI
49,NI2012,2020-10-19,119750.0,120950.0,119230.0,119430.0,709104,130175,,120000.0,118570.0,NI
49,NI2012,2020-10-20,120040.0,120410.0,118920.0,120200.0,495588,133246,,119580.0,120000.0,NI
49,NI2012,2020-10-21,120570.0,122190.0,120430.0,121730.0,669431,147809,,121520.0,119580.0,NI
49,NI2012,2020-10-22,121730.0,121770.0,119290.0,119860.0,445197,126265,,120360.0,121520.0,NI
49,NI2012,2020-10-23,119840.0,120330.0,119140.0,119840.0,315586,117770,,119740.0,120360.0,NI
49,NI2012,2020-10-26,120200.0,120800.0,117580.0,117880.0,317249,104875,,118940.0,119740.0,NI
49,NI2012,2020-10-27,117600.0,119600.0,117460.0,119390.0,228422,103906,,118900.0,118940.0,NI
49,NI2012,2020-10-28,119400.0,125670.0,118700.0,125210.0,489993,139175,,122100.0,118900.0,NI
49,NI2012,2020-10-29,123000.0,123160.0,120290.0,121620.0,438488,110901,,121410.0,122100.0,NI
49,NI2012,2020-10-30,119610.0,120810.0,116300.0,116980.0,481066,86461,,118670.0,121410.0,NI
51,NI2102,2020-11-02,116900.0,117730.0,115500.0,115690.0,317753,74670,,116730.0,118820.0,NI
51,NI2102,2020-11-03,115690.0,116820.0,115600.0,116240.0,310712,80536,,116220.0,116730.0,NI
51,NI2102,2020-11-04,116870.0,117650.0,114760.0,116320.0,493061,90438,,116550.0,116220.0,NI
51,NI2102,2020-11-05,117000.0,117470.0,115500.0,116380.0,502937,96665,,116560.0,116550.0,NI
51,NI2102,2020-11-06,116860.0,117800.0,115800.0,115960.0,546586,107126,,116810.0,116560.0,NI
51,NI2102,2020-11-09,116840.0,118290.0,114020.0,117930.0,763186,115391,,116690.0,116810.0,NI
51,NI2102,2020-11-10,119330.0,119600.0,117000.0,117940.0,619961,113548,,118230.0,116690.0,NI
51,NI2102,2020-11-11,117750.0,119390.0,117390.0,118150.0,645004,126999,,118460.0,118230.0,NI
51,NI2102,2020-11-12,118400.0,120380.0,117500.0,119010.0,682381,137135,,118740.0,118460.0,NI
51,NI2102,2020-11-13,118950.0,120140.0,118110.0,118580.0,590987,138500,,119120.0,118740.0,NI
51,NI2102,2020-11-16,118600.0,120940.0,118510.0,120240.0,743880,151593,,119760.0,119120.0,NI
50,NI2102,2020-11-17,120370.0,120440.0,115950.0,116100.0,798863,159741,,118060.0,119760.0,NI
50,NI2102,2020-11-18,116450.0,116920.0,115700.0,116280.0,541375,154539,,116390.0,118060.0,NI
59,NI2102,2020-11-19,116380.0,117070.0,115150.0,116470.0,583615,149038,,116310.0,116390.0,NI
59,NI2102,2020-11-20,116380.0,117960.0,116310.0,116900.0,578779,146755,,117010.0,116310.0,NI
59,NI2102,2020-11-23,117210.0,120040.0,117200.0,119780.0,723927,151399,,119000.0,117010.0,NI
59,NI2102,2020-11-24,119090.0,121430.0,118560.0,121200.0,687996,162669,,119510.0,119000.0,NI
59,NI2102,2020-11-25,120600.0,121640.0,119540.0,119660.0,736423,156527,,120520.0,119510.0,NI
59,NI2102,2020-11-26,119230.0,120800.0,118520.0,120750.0,709564,155117,,119340.0,120520.0,NI
59,NI2102,2020-11-27,120100.0,123160.0,119970.0,122850.0,892264,183010,,121610.0,119340.0,NI
59,NI2102,2020-11-30,122600.0,123600.0,120400.0,121960.0,871392,166755,,122410.0,121610.0,NI
59,NI2102,2020-12-01,122360.0,122730.0,118670.0,119240.0,808607,153493,,120550.0,122410.0,NI
59,NI2102,2020-12-02,119510.0,120780.0,119260.0,119730.0,722934,151332,,120000.0,120550.0,NI
59,NI2102,2020-12-03,118850.0,119130.0,117120.0,117550.0,712199,151680,,118190.0,120000.0,NI
59,NI2102,2020-12-04,118000.0,118280.0,116410.0,117750.0,686756,143478,,117570.0,118190.0,NI
59,NI2102,2020-12-07,118000.0,121100.0,117740.0,120990.0,811223,147241,,119510.0,117570.0,NI
59,NI2102,2020-12-08,120510.0,122000.0,120100.0,121490.0,737561,148969,,121110.0,119510.0,NI
59,NI2102,2020-12-09,121490.0,122470.0,120520.0,121690.0,717582,145757,,121470.0,121110.0,NI
59,NI2102,2020-12-10,121700.0,124950.0,121700.0,123580.0,947732,157469,,123480.0,121470.0,NI
59,NI2102,2020-12-11,124370.0,130880.0,124170.0,129250.0,1326024,171393,,128820.0,123480.0,NI
59,NI2102,2020-12-14,128700.0,133190.0,127610.0,130930.0,834720,174599,,130230.0,128820.0,NI
59,NI2102,2020-12-15,132000.0,132120.0,129780.0,131480.0,447237,177687,,131170.0,130230.0,NI
59,NI2102,2020-12-16,131500.0,134180.0,128260.0,129370.0,637162,159593,,131470.0,131170.0,NI
59,NI2102,2020-12-17,129490.0,130760.0,128650.0,130450.0,374216,156328,,129870.0,131470.0,NI
60,NI2103,2020-12-18,131000.0,132280.0,129130.0,131800.0,588548,99628,,130730.0,129940.0,NI
60,NI2103,2020-12-21,131480.0,133570.0,129360.0,133050.0,736995,122341,,131370.0,130730.0,NI
60,NI2103,2020-12-22,131480.0,131550.0,125100.0,125740.0,751353,118771,,128700.0,131370.0,NI
60,NI2103,2020-12-23,126300.0,126620.0,121160.0,124010.0,834543,127083,,124370.0,128700.0,NI
60,NI2103,2020-12-24,124010.0,125850.0,124000.0,125140.0,649866,135413,,125190.0,124370.0,NI
60,NI2103,2020-12-25,125320.0,128150.0,125300.0,127520.0,754580,142098,,126490.0,125190.0,NI
60,NI2103,2020-12-28,127710.0,128850.0,126280.0,127800.0,792362,147173,,127730.0,126490.0,NI
60,NI2103,2020-12-29,128090.0,129470.0,126300.0,126790.0,788919,152025,,128170.0,127730.0,NI
60,NI2103,2020-12-30,126490.0,127260.0,124530.0,125250.0,865884,152984,,125750.0,128170.0,NI
60,NI2103,2020-12-31,124800.0,125250.0,123500.0,123580.0,790341,154265,,124330.0,125750.0,NI
60,NI2103,2021-01-04,123500.0,128950.0,123260.0,128210.0,546456,167792,,126820.0,124330.0,NI
60,NI2103,2021-01-05,128260.0,130250.0,128020.0,129580.0,846858,175333,,128970.0,126820.0,NI
60,NI2103,2021-01-06,129480.0,130740.0,128220.0,129470.0,776117,170286,,129520.0,128970.0,NI
60,NI2103,2021-01-07,130230.0,133950.0,129160.0,133270.0,996704,193751,,131400.0,129520.0,NI
60,NI2103,2021-01-08,132350.0,134490.0,130930.0,132490.0,931869,184217,,132810.0,131400.0,NI
60,NI2103,2021-01-11,132400.0,132870.0,126800.0,127490.0,1058810,170195,,130020.0,132810.0,NI
60,NI2103,2021-01-12,127060.0,130240.0,125700.0,129920.0,924052,168529,,127180.0,130020.0,NI
60,NI2103,2021-01-13,130040.0,131650.0,129290.0,131180.0,937328,182424,,130370.0,127180.0,NI
60,NI2103,2021-01-14,130800.0,132260.0,129000.0,132150.0,961456,198042,,130830.0,130370.0,NI
60,NI2103,2021-01-15,132660.0,136500.0,132000.0,132390.0,926750,201567,,134260.0,130830.0,NI
60,NI2103,2021-01-18,132660.0,135180.0,131700.0,134930.0,614432,198598,,133200.0,134260.0,NI
60,NI2103,2021-01-19,134550.0,134750.0,132660.0,133460.0,443753,187656,,133830.0,133200.0,NI
60,NI2103,2021-01-20,133700.0,136700.0,133200.0,134020.0,581785,189776,,134800.0,133830.0,NI
60,NI2103,2021-01-21,133690.0,136880.0,133000.0,135690.0,496772,202159,,134910.0,134800.0,NI
60,NI2103,2021-01-22,135810.0,136370.0,132800.0,133380.0,507231,178368,,134740.0,134910.0,NI
60,NI2103,2021-01-25,132540.0,137280.0,132080.0,135930.0,538874,179803,,134840.0,134740.0,NI
61,NI2104,2021-01-26,135240.0,135990.0,133700.0,133820.0,437271,104248,,135320.0,134610.0,NI
61,NI2104,2021-01-27,134500.0,134940.0,133120.0,133690.0,503790,110217,,133960.0,135320.0,NI
61,NI2104,2021-01-28,132300.0,132580.0,130600.0,131280.0,631283,117004,,131680.0,133960.0,NI
61,NI2104,2021-01-29,131050.0,133070.0,130230.0,130570.0,667263,129265,,131770.0,131680.0,NI
61,NI2104,2021-02-01,131200.0,133300.0,131030.0,132740.0,835303,140305,,132170.0,131770.0,NI
61,NI2104,2021-02-02,132750.0,132770.0,130730.0,131010.0,742227,143289,,131940.0,132170.0,NI
61,NI2104,2021-02-03,131140.0,131740.0,128840.0,129630.0,803569,154373,,130290.0,131940.0,NI
61,NI2104,2021-02-04,130000.0,130850.0,129160.0,130500.0,705533,156811,,130090.0,130290.0,NI
61,NI2104,2021-02-05,130340.0,133280.0,129920.0,132850.0,759696,163678,,131340.0,130090.0,NI
61,NI2104,2021-02-08,133380.0,134460.0,132760.0,133550.0,591782,158211,,133290.0,131340.0,NI
61,NI2104,2021-02-09,133520.0,135770.0,133310.0,135250.0,521831,169583,,134370.0,133290.0,NI
61,NI2104,2021-02-10,135550.0,136470.0,133850.0,136220.0,527095,166307,,135100.0,134370.0,NI
61,NI2104,2021-02-18,137290.0,139790.0,137280.0,138590.0,268371,172557,,138560.0,135100.0,NI
61,NI2104,2021-02-19,139890.0,144990.0,139740.0,144050.0,567694,209459,,142040.0,138560.0,NI
61,NI2104,2021-02-22,144300.0,149350.0,143440.0,146230.0,718837,201191,,146150.0,142040.0,NI
61,NI2104,2021-02-23,146000.0,147470.0,143230.0,144970.0,608412,175610,,145240.0,146150.0,NI
61,NI2104,2021-02-24,143160.0,144080.0,141260.0,142340.0,507853,154131,,142640.0,145240.0,NI
61,NI2104,2021-02-25,143660.0,147670.0,142210.0,144990.0,562073,145594,,145100.0,142640.0,NI
61,NI2104,2021-02-26,145080.0,145510.0,139310.0,140490.0,535383,127725,,142110.0,145100.0,NI
61,NI2104,2021-03-01,139220.0,141790.0,138000.0,138640.0,397563,115679,,139710.0,142110.0,NI
63,NI2106,2021-03-02,138470.0,139600.0,136080.0,138200.0,455562,42490,,138040.0,139760.0,NI
63,NI2106,2021-03-03,138770.0,139860.0,137230.0,138300.0,488819,51554,,138850.0,138040.0,NI
63,NI2106,2021-03-04,133000.0,134050.0,130510.0,130510.0,426846,64751,,132060.0,138850.0,NI
63,NI2106,2021-03-05,124770.0,124770.0,120190.0,121750.0,765174,68701,,122040.0,132060.0,NI
63,NI2106,2021-03-08,122700.0,125300.0,121190.0,122070.0,733066,75644,,123470.0,122040.0,NI
63,NI2106,2021-03-09,121450.0,123860.0,118690.0,119240.0,714065,85507,,122280.0,123470.0,NI
63,NI2106,2021-03-10,119600.0,121640.0,118860.0,119770.0,780148,100699,,120410.0,122280.0,NI
63,NI2106,2021-03-11,120550.0,123380.0,120350.0,122540.0,882316,107357,,121870.0,120410.0,NI
63,NI2106,2021-03-12,123070.0,123440.0,120390.0,120950.0,890430,123690,,121790.0,121870.0,NI
63,NI2106,2021-03-15,121300.0,122190.0,118750.0,121990.0,1056997,125373,,120590.0,121790.0,NI
62,NI2106,2021-03-16,121830.0,122600.0,120150.0,120450.0,761499,129417,,121360.0,120590.0,NI
62,NI2106,2021-03-17,121100.0,121940.0,119740.0,120170.0,730662,143499,,120940.0,121360.0,NI
62,NI2106,2021-03-18,120410.0,122190.0,119500.0,120520.0,770341,140996,,120750.0,120940.0,NI
62,NI2106,2021-03-19,120290.0,121260.0,118000.0,120610.0,889108,130204,,120070.0,120750.0,NI
62,NI2106,2021-03-22,121000.0,123370.0,120900.0,122730.0,876095,132518,,122130.0,120070.0,NI
62,NI2106,2021-03-23,123480.0,124760.0,122020.0,124720.0,837027,139489,,123230.0,122130.0,NI
62,NI2106,2021-03-24,124260.0,124470.0,120000.0,120820.0,801715,143866,,121990.0,123230.0,NI
62,NI2106,2021-03-25,121190.0,121860.0,119530.0,119900.0,713106,154180,,120860.0,121990.0,NI
62,NI2106,2021-03-26,119700.0,123730.0,119660.0,123190.0,777050,135038,,121600.0,120860.0,NI
62,NI2106,2021-03-29,123050.0,124200.0,122540.0,123750.0,711829,136683,,123290.0,121600.0,NI
62,NI2106,2021-03-30,123300.0,124360.0,122250.0,123500.0,757519,141952,,123350.0,123290.0,NI
62,NI2106,2021-03-31,123750.0,123890.0,119920.0,120650.0,976848,150916,,121080.0,123350.0,NI
62,NI2106,2021-04-01,121450.0,121760.0,120510.0,121010.0,649863,141157,,121180.0,121080.0,NI
62,NI2106,2021-04-02,121300.0,123950.0,121300.0,123470.0,711997,144090,,122830.0,121180.0,NI
62,NI2106,2021-04-06,123460.0,126460.0,123410.0,125080.0,389513,157066,,125540.0,122830.0,NI
62,NI2106,2021-04-07,125500.0,126580.0,125050.0,126000.0,572157,160283,,125610.0,125540.0,NI
62,NI2106,2021-04-08,125750.0,127040.0,124010.0,126690.0,778117,170805,,125720.0,125610.0,NI
62,NI2106,2021-04-09,127090.0,127750.0,125740.0,126170.0,628885,163288,,126800.0,125720.0,NI
62,NI2106,2021-04-12,126430.0,126780.0,121920.0,122260.0,835335,158632,,124490.0,126800.0,NI
62,NI2106,2021-04-13,122350.0,122840.0,121090.0,121720.0,667594,160607,,121950.0,124490.0,NI
62,NI2106,2021-04-14,122310.0,122470.0,120840.0,121520.0,619639,164254,,121670.0,121950.0,NI
62,NI2106,2021-04-15,122200.0,123060.0,120660.0,121350.0,507427,169559,,121960.0,121670.0,NI
61,NI2106,2021-04-16,121230.0,124090.0,121130.0,123490.0,580000,151482,,122970.0,121960.0,NI
61,NI2106,2021-04-19,123770.0,123970.0,120310.0,121390.0,592477,166740,,121970.0,122970.0,NI
61,NI2106,2021-04-20,121250.0,122100.0,120300.0,120960.0,547487,167648,,121110.0,121970.0,NI
61,NI2106,2021-04-21,120910.0,121650.0,119280.0,120850.0,689347,167500,,120340.0,121110.0,NI
61,NI2106,2021-04-22,120580.0,121650.0,119060.0,119780.0,661472,176695,,120500.0,120340.0,NI
61,NI2106,2021-04-23,119790.0,121050.0,118750.0,120240.0,714055,164961,,120000.0,120500.0,NI
61,NI2106,2021-04-26,120700.0,123370.0,120330.0,123150.0,741435,145265,,122150.0,120000.0,NI
61,NI2106,2021-04-27,123310.0,127200.0,123310.0,126560.0,726798,157132,,124980.0,122150.0,NI
61,NI2106,2021-04-28,126300.0,127470.0,125120.0,127330.0,630683,154473,,126380.0,124980.0,NI
61,NI2106,2021-04-29,128610.0,131280.0,127920.0,129920.0,718205,151532,,129490.0,126380.0,NI
61,NI2106,2021-04-30,130300.0,131800.0,128080.0,131410.0,720529,136460,,129130.0,129490.0,NI
61,NI2106,2021-05-06,133000.0,134240.0,130040.0,132220.0,351762,129459,,132080.0,129130.0,NI
61,NI2106,2021-05-07,133260.0,134360.0,131940.0,133670.0,668360,128050,,133230.0,132080.0,NI
61,NI2106,2021-05-10,133980.0,135570.0,132130.0,133150.0,775353,118685,,133490.0,133230.0,NI
61,NI2106,2021-05-11,133240.0,133660.0,129570.0,131690.0,718873,103627,,131030.0,133490.0,NI
61,NI2106,2021-05-12,132200.0,134000.0,131260.0,132890.0,611603,101164,,132280.0,131030.0,NI
61,NI2106,2021-05-13,131550.0,132350.0,127820.0,128780.0,674016,89678,,130450.0,132280.0,NI
61,NI2106,2021-05-14,127600.0,129340.0,126130.0,128770.0,573910,84347,,128250.0,130450.0,NI
61,NI2106,2021-05-17,128770.0,131980.0,128540.0,130790.0,546921,86995,,130310.0,128250.0,NI
60,NI2106,2021-05-18,130800.0,134840.0,130330.0,134450.0,454399,89234,,132880.0,130310.0,NI
60,NI2106,2021-05-19,134380.0,134380.0,132180.0,132810.0,458448,72718,,133240.0,132880.0,NI
60,NI2106,2021-05-20,131800.0,131800.0,127100.0,128290.0,464209,53545,,128380.0,133240.0,NI
60,NI2106,2021-05-21,127770.0,128300.0,124210.0,124270.0,401965,44157,,126350.0,128380.0,NI
61,NI2107,2021-05-24,125970.0,126090.0,122620.0,123880.0,422680,111642,,124220.0,126180.0,NI
61,NI2107,2021-05-25,123880.0,126510.0,123810.0,125220.0,396502,114887,,125440.0,124220.0,NI
61,NI2107,2021-05-26,125220.0,126980.0,124540.0,125420.0,480823,112073,,125530.0,125440.0,NI
61,NI2107,2021-05-27,125530.0,127470.0,124800.0,126420.0,580112,114064,,126190.0,125530.0,NI
61,NI2107,2021-05-28,126880.0,133180.0,126540.0,132310.0,859644,125805,,130630.0,126190.0,NI
61,NI2107,2021-05-31,131380.0,133530.0,130830.0,132890.0,697577,124181,,132190.0,130630.0,NI
61,NI2107,2021-06-01,132390.0,134990.0,131680.0,134920.0,669594,134933,,132860.0,132190.0,NI
61,NI2107,2021-06-02,133810.0,134480.0,131720.0,133590.0,596642,125115,,133050.0,132860.0,NI
61,NI2107,2021-06-03,133410.0,135800.0,132760.0,133140.0,721528,138955,,133850.0,133050.0,NI
61,NI2107,2021-06-04,131800.0,132270.0,130140.0,131350.0,516650,127667,,131000.0,133850.0,NI
61,NI2107,2021-06-07,132120.0,133280.0,129410.0,129530.0,437893,118275,,131650.0,131000.0,NI
61,NI2107,2021-06-08,129600.0,131990.0,129210.0,130080.0,415027,111659,,130580.0,131650.0,NI
61,NI2107,2021-06-09,130000.0,133390.0,129840.0,132800.0,481960,129421,,131880.0,130580.0,NI
61,NI2107,2021-06-10,132990.0,133520.0,130540.0,131110.0,502026,114647,,132180.0,131880.0,NI
61,NI2107,2021-06-11,131300.0,135360.0,131110.0,135350.0,518317,139821,,133540.0,132180.0,NI
61,NI2107,2021-06-15,135650.0,136260.0,131370.0,132500.0,281241,116767,,133300.0,133540.0,NI
60,NI2107,2021-06-16,131790.0,132970.0,127800.0,128260.0,499557,108186,,130210.0,133300.0,NI
60,NI2107,2021-06-17,128300.0,129730.0,126530.0,127720.0,498108,99089,,128190.0,130210.0,NI
60,NI2107,2021-06-18,127380.0,129360.0,126300.0,128300.0,569027,96338,,127970.0,128190.0,NI
60,NI2107,2021-06-21,127910.0,129870.0,126840.0,128900.0,464024,88519,,128160.0,127970.0,NI
60,NI2107,2021-06-22,128900.0,132780.0,127760.0,132750.0,478067,96073,,130190.0,128160.0,NI
60,NI2107,2021-06-23,132750.0,134280.0,132080.0,133700.0,409854,91254,,133030.0,130190.0,NI
60,NI2107,2021-06-24,134130.0,136190.0,133610.0,134820.0,457816,89545,,134610.0,133030.0,NI
60,NI2107,2021-06-25,135460.0,139070.0,135280.0,137570.0,485413,74662,,137640.0,134610.0,NI
60,NI2107,2021-06-28,138000.0,138750.0,136530.0,137580.0,390362,48482,,137750.0,137640.0,NI
61,NI2108,2021-06-29,137090.0,137670.0,134710.0,135560.0,392412,132407,,136040.0,137630.0,NI
61,NI2108,2021-06-30,135980.0,138120.0,135200.0,138060.0,424105,139793,,136440.0,136040.0,NI
61,NI2108,2021-07-01,137300.0,137590.0,133840.0,134090.0,459832,133835,,135550.0,136440.0,NI
61,NI2108,2021-07-02,134500.0,136100.0,133550.0,134000.0,447388,122792,,134690.0,135550.0,NI
61,NI2108,2021-07-05,135360.0,137680.0,135160.0,136900.0,491688,134444,,136390.0,134690.0,NI
61,NI2108,2021-07-06,136600.0,138790.0,135960.0,138020.0,432700,135473,,137250.0,136390.0,NI
61,NI2108,2021-07-07,138010.0,138010.0,133160.0,135480.0,551253,121668,,134900.0,137250.0,NI
61,NI2108,2021-07-08,135480.0,137490.0,135340.0,137050.0,496732,115184,,136350.0,134900.0,NI
61,NI2108,2021-07-09,136550.0,140300.0,135840.0,139910.0,589026,156710,,137980.0,136350.0,NI
61,NI2108,2021-07-12,140300.0,141110.0,137880.0,139090.0,447376,133766,,139670.0,137980.0,NI
61,NI2108,2021-07-13,139020.0,141100.0,138830.0,140500.0,420984,143446,,139950.0,139670.0,NI
61,NI2108,2021-07-14,139940.0,140460.0,138010.0,139960.0,492177,126537,,139190.0,139950.0,NI
61,NI2108,2021-07-15,140080.0,140280.0,137120.0,139080.0,489731,115981,,138660.0,139190.0,NI
60,NI2108,2021-07-16,139080.0,143710.0,138620.0,141370.0,566169,123309,,140830.0,138660.0,NI
60,NI2108,2021-07-19,141460.0,143780.0,141170.0,142390.0,433425,125073,,142570.0,140830.0,NI
60,NI2108,2021-07-20,141130.0,141170.0,137380.0,138830.0,486295,97232,,138820.0,142570.0,NI
60,NI2108,2021-07-21,138700.0,139840.0,136340.0,136830.0,358546,85462,,138140.0,138820.0,NI
60,NI2108,2021-07-22,136940.0,139480.0,136940.0,139020.0,327380,74129,,138320.0,138140.0,NI
60,NI2108,2021-07-23,140350.0,143940.0,139730.0,143260.0,370541,67258,,141500.0,138320.0,NI
60,NI2108,2021-07-26,143390.0,146870.0,143210.0,145720.0,308735,57504,,145040.0,141500.0,NI
61,NI2109,2021-07-27,145700.0,148050.0,144080.0,144760.0,353744,140854,,146640.0,145060.0,NI
61,NI2109,2021-07-28,145300.0,148560.0,143970.0,146580.0,533057,156461,7784433.152,146030.0,146640.0,NI
61,NI2109,2021-07-29,146530.0,147760.0,145200.0,147500.0,471703,161623,6913859.517,146570.0,146030.0,NI
61,NI2109,2021-07-30,147820.0,148780.0,145330.0,146900.0,656828,153409,9666969.317,147170.0,146570.0,NI
61,NI2109,2021-08-02,147160.0,147820.0,143690.0,146270.0,647536,142220,9433186.347,145670.0,147170.0,NI
61,NI2109,2021-08-03,146270.0,146410.0,141810.0,142270.0,581529,127990,8380629.639,144110.0,145670.0,NI
61,NI2109,2021-08-04,142200.0,144200.0,141890.0,143510.0,551873,124464,7903956.756,143220.0,144110.0,NI
61,NI2109,2021-08-05,143090.0,144260.0,141800.0,142580.0,587539,121885,8393936.757,142860.0,143220.0,NI
61,NI2109,2021-08-06,143130.0,145540.0,143000.0,145190.0,530602,125710,7678593.935,144710.0,142860.0,NI
61,NI2109,2021-08-09,144710.0,145030.0,139600.0,140220.0,627848,120800,8929098.857,142210.0,144710.0,NI
61,NI2109,2021-08-10,139220.0,140380.0,138020.0,140120.0,470131,115831,6534818.514,138990.0,142210.0,NI
61,NI2109,2021-08-11,139410.0,141600.0,139180.0,140370.0,469706,110530,6592042.802,140340.0,138990.0,NI
61,NI2109,2021-08-12,140950.0,147480.0,140920.0,146720.0,700733,125502,10138488.423,144680.0,140340.0,NI
61,NI2109,2021-08-13,146500.0,147550.0,145500.0,146810.0,613821,126174,8994255.865,146520.0,144680.0,NI
61,NI2109,2021-08-16,147330.0,147910.0,145650.0,146220.0,627429,123048,9212640.189,146830.0,146520.0,NI
60,NI2109,2021-08-17,146220.0,147650.0,145400.0,145840.0,537455,111813,7867725.633,146380.0,146830.0,NI
60,NI2109,2021-08-18,144640.0,145390.0,142280.0,142310.0,629133,105152,9074256.253,144230.0,146380.0,NI
60,NI2109,2021-08-19,142310.0,142750.0,140530.0,141220.0,549578,94344,7771847.191,141410.0,144230.0,NI
60,NI2109,2021-08-20,139220.0,141350.0,138290.0,140010.0,628646,94029,8788930.069,139800.0,141410.0,NI
60,NI2109,2021-08-23,139800.0,142970.0,138630.0,141590.0,591105,85462,8309484.433,140570.0,139800.0,NI
60,NI2109,2021-08-24,142120.0,143680.0,141050.0,142310.0,441321,72909,6277670.364,142240.0,140570.0,NI
60,NI2109,2021-08-25,142780.0,144640.0,142660.0,144430.0,385208,68353,5533334.774,143640.0,142240.0,NI
60,NI2109,2021-08-26,144800.0,145190.0,142120.0,142200.0,330284,58424,4763801.811,144230.0,143640.0,NI
61,NI2110,2021-08-27,141550.0,142180.0,139510.0,141840.0,408450,119632,5754441.689,140880.0,143570.0,NI
61,NI2110,2021-08-30,141680.0,147860.0,141640.0,147280.0,598611,150155,8642801.986,144380.0,140880.0,NI
61,NI2110,2021-08-31,148010.0,149870.0,147030.0,148850.0,640073,169154,9487448.267,148220.0,144380.0,NI
61,NI2110,2021-09-01,148490.0,149320.0,146900.0,148250.0,650623,180974,9651861.005,148340.0,148220.0,NI
61,NI2110,2021-09-02,148500.0,148520.0,145990.0,146890.0,662221,152213,9739241.286,147060.0,148340.0,NI
61,NI2110,2021-09-03,145670.0,147500.0,145020.0,145540.0,661172,142914,9670497.335,146260.0,147060.0,NI
61,NI2110,2021-09-06,146500.0,149380.0,145500.0,146100.0,752847,139130,11096169.539,147380.0,146260.0,NI
61,NI2110,2021-09-07,146100.0,147340.0,144700.0,145120.0,600108,127536,8767997.0,146100.0,147380.0,NI
61,NI2110,2021-09-08,145960.0,148690.0,144700.0,148170.0,687737,140914,10085304.98,146640.0,146100.0,NI
61,NI2110,2021-09-09,148100.0,152500.0,146700.0,150750.0,759916,151341,11321595.832,148980.0,146640.0,NI
61,NI2110,2021-09-10,150960.0,155140.0,150320.0,153000.0,654466,151085,9975428.694,152420.0,148980.0,NI
61,NI2110,2021-09-13,152890.0,154970.0,148750.0,149010.0,718847,133722,10983708.03,152790.0,152420.0,NI
61,NI2110,2021-09-14,149410.0,149500.0,146230.0,146540.0,638554,110324,9396220.587,147140.0,152790.0,NI
61,NI2110,2021-09-15,147130.0,147980.0,145510.0,146870.0,589794,101758,8640607.875,146500.0,147140.0,NI
60,NI2110,2021-09-16,147680.0,149960.0,142830.0,145040.0,781219,96544,11505166.24,147270.0,146500.0,NI
60,NI2110,2021-09-17,145140.0,146200.0,143090.0,143490.0,526550,86941,7618725.62,144690.0,147270.0,NI
60,NI2110,2021-09-22,141700.0,145420.0,140930.0,144030.0,272688,83103,3930798.982,144150.0,144690.0,NI
60,NI2110,2021-09-23,144150.0,146100.0,143180.0,145590.0,550856,76039,7967927.717,144640.0,144150.0,NI
60,NI2110,2021-09-24,145410.0,148400.0,143300.0,145800.0,604364,54993,8790820.493,145450.0,144640.0,NI
60,NI2110,2021-09-27,145600.0,147460.0,142100.0,142470.0,507709,43076,7388888.519,145530.0,145450.0,NI
60,NI2110,2021-09-28,142470.0,144050.0,139730.0,141060.0,371176,32329,5278717.474,142210.0,145530.0,NI
61,NI2111,2021-09-29,138500.0,140250.0,138340.0,139430.0,324777,98587,4519016.366,139140.0,140450.0,NI
61,NI2111,2021-09-30,139580.0,140000.0,135700.0,138070.0,527883,92554,7275629.768,137820.0,139140.0,NI
61,NI2111,2021-10-08,138830.0,143760.0,138710.0,142230.0,266300,94511,3789477.455,142300.0,137820.0,NI
61,NI2111,2021-10-11,142860.0,146860.0,142350.0,145950.0,467758,100629,6786428.468,145080.0,142300.0,NI
61,NI2111,2021-10-12,146300.0,146700.0,143580.0,144730.0,498036,96762,7234429.205,145250.0,145080.0,NI
61,NI2111,2021-10-13,145700.0,146120.0,142160.0,143880.0,576786,93506,8331224.975,144440.0,145250.0,NI
61,NI2111,2021-10-14,144600.0,147110.0,141800.0,144920.0,618417,93863,8884739.988,143660.0,144440.0,NI
61,NI2111,2021-10-15,145120.0,147860.0,143960.0,147390.0,641502,93097,9332862.277,145480.0,143660.0,NI
60,NI2111,2021-10-18,149000.0,151920.0,147180.0,150990.0,633099,90566,9473810.397,149640.0,145480.0,NI
60,NI2111,2021-10-19,151300.0,151600.0,149280.0,151040.0,566340,88553,8513750.311,150320.0,149640.0,NI
60,NI2111,2021-10-20,151860.0,153440.0,147110.0,149580.0,647006,82943,9682995.95,149650.0,150320.0,NI
60,NI2111,2021-10-21,149750.0,161600.0,149750.0,155880.0,939881,85098,14728684.592,156700.0,149650.0,NI
60,NI2111,2021-10-22,154350.0,156200.0,148880.0,151330.0,778347,65326,11785716.818,151410.0,156700.0,NI
60,NI2111,2021-10-25,150400.0,151630.0,147200.0,149880.0,566961,48547,8472260.887,149430.0,151410.0,NI
60,NI2111,2021-10-26,150440.0,153540.0,150170.0,152560.0,430952,47183,6565685.793,152350.0,149430.0,NI
60,NI2111,2021-10-27,152060.0,153120.0,148000.0,148340.0,393058,32246,5929057.135,150840.0,152350.0,NI
61,NI2112,2021-10-28,147040.0,147150.0,143220.0,145970.0,440943,100901,6393869.435,145000.0,150280.0,NI
61,NI2112,2021-10-29,145390.0,146680.0,143100.0,144210.0,495987,102069,7195743.107,145070.0,145000.0,NI
61,NI2112,2021-11-01,143000.0,147480.0,142710.0,143220.0,546075,104391,7924753.622,145120.0,145070.0,NI
61,NI2112,2021-11-02,145000.0,146360.0,141500.0,143640.0,401281,111664,5792155.399,144340.0,145120.0,NI
61,NI2112,2021-11-03,144320.0,146960.0,143090.0,146040.0,402965,109593,5838851.912,144890.0,144340.0,NI
61,NI2112,2021-11-04,145350.0,145730.0,141180.0,142820.0,397944,105554,5682439.283,142790.0,144890.0,NI
61,NI2112,2021-11-05,142800.0,143800.0,139630.0,142250.0,330407,96098,4671000.922,141370.0,142790.0,NI
61,NI2112,2021-11-08,142570.0,145070.0,141430.0,142740.0,269949,110216,3865089.211,143170.0,141370.0,NI
61,NI2112,2021-11-09,143740.0,145690.0,143220.0,144810.0,200480,105025,2897761.05,144540.0,143170.0,NI
61,NI2112,2021-11-10,144970.0,145100.0,141750.0,143050.0,230492,111322,3299871.904,143160.0,144540.0,NI
61,NI2112,2021-11-11,142730.0,146600.0,141900.0,146170.0,240874,113155,3485616.412,144700.0,143160.0,NI
61,NI2112,2021-11-12,145770.0,147680.0,145380.0,145810.0,196644,114279,2878060.865,146350.0,144700.0,NI
61,NI2112,2021-11-15,146080.0,148450.0,144800.0,145000.0,229447,113644,3363577.906,146590.0,146350.0,NI
60,NI2112,2021-11-16,145690.0,145860.0,142820.0,143500.0,186712,100194,2695074.186,144340.0,146590.0,NI
60,NI2112,2021-11-17,143300.0,143810.0,142020.0,143020.0,156911,95645,2240896.072,142810.0,144340.0,NI
60,NI2112,2021-11-18,143020.0,143150.0,140850.0,141020.0,195758,99824,2777876.237,141900.0,142810.0,NI
60,NI2112,2021-11-19,141010.0,147840.0,140500.0,147440.0,228189,94237,3301957.291,144700.0,141900.0,NI
60,NI2112,2021-11-22,146740.0,148970.0,146280.0,148530.0,153380,89106,2269850.201,147980.0,144700.0,NI
62,NI2202,2021-11-23,147060.0,151300.0,147030.0,150530.0,199558,62062,2983244.068,149490.0,146380.0,NI
62,NI2202,2021-11-24,150650.0,152730.0,149630.0,152640.0,216781,89774,3269580.025,150820.0,149490.0,NI
62,NI2202,2021-11-25,154000.0,156480.0,152880.0,154540.0,432443,135719,6684092.732,154560.0,150820.0,NI
62,NI2202,2021-11-26,154540.0,154540.0,149580.0,149780.0,413507,131694,6265799.616,151520.0,154560.0,NI
62,NI2202,2021-11-29,147950.0,150890.0,146610.0,149200.0,429690,136743,6377110.053,148410.0,151520.0,NI
62,NI2202,2021-11-30,149200.0,149660.0,147000.0,147790.0,373643,133988,5546887.311,148450.0,148410.0,NI
62,NI2202,2021-12-01,148330.0,150380.0,147370.0,149090.0,332820,163529,4957566.93,148950.0,148450.0,NI
62,NI2202,2021-12-02,149250.0,149700.0,146940.0,147390.0,363150,155444,5374529.436,147990.0,148950.0,NI
62,NI2202,2021-12-03,148000.0,151770.0,147230.0,148890.0,391917,178848,5831862.047,148800.0,147990.0,NI
62,NI2202,2021-12-06,148890.0,149880.0,144500.0,145660.0,393616,171046,5824077.507,147960.0,148800.0,NI
62,NI2202,2021-12-07,146220.0,147480.0,145800.0,146800.0,210610,158105,3086137.407,146530.0,147960.0,NI
62,NI2202,2021-12-08,147780.0,149680.0,147410.0,148200.0,298769,165994,4433799.401,148400.0,146530.0,NI
62,NI2202,2021-12-09,148890.0,149280.0,145920.0,146120.0,294187,165265,4349156.434,147830.0,148400.0,NI
62,NI2202,2021-12-10,146500.0,146600.0,144810.0,145230.0,210992,164435,3073041.527,145640.0,147830.0,NI
62,NI2202,2021-12-13,145330.0,145790.0,143520.0,145170.0,260975,160944,3780754.319,144870.0,145640.0,NI
62,NI2202,2021-12-14,144930.0,145080.0,142080.0,142690.0,293484,170052,4207488.653,143360.0,144870.0,NI
62,NI2202,2021-12-15,143010.0,143520.0,141190.0,141210.0,254588,170425,3625014.649,142380.0,143360.0,NI
61,NI2202,2021-12-16,140500.0,143480.0,139930.0,142950.0,317520,164568,4498527.712,141670.0,142380.0,NI
61,NI2202,2021-12-17,143310.0,146000.0,143130.0,145430.0,286340,152568,4138739.775,144530.0,141670.0,NI
61,NI2202,2021-12-20,145780.0,146820.0,141960.0,142120.0,319591,150611,4630824.425,144890.0,144530.0,NI
61,NI2202,2021-12-21,142500.0,144840.0,141890.0,144080.0,226891,141514,3247945.758,143150.0,144890.0,NI
61,NI2202,2021-12-22,144080.0,146080.0,144050.0,145820.0,221084,150340,3209085.098,145150.0,143150.0,NI
61,NI2202,2021-12-23,146550.0,149080.0,146280.0,149020.0,249895,156201,3685255.337,147470.0,145150.0,NI
61,NI2202,2021-12-24,148420.0,148880.0,147670.0,148710.0,198198,153092,2939685.238,148320.0,147470.0,NI
61,NI2202,2021-12-27,148940.0,149580.0,147200.0,147900.0,290399,155334,4300698.026,148090.0,148320.0,NI
61,NI2202,2021-12-28,148200.0,149920.0,147570.0,149200.0,239379,148670,3557131.837,148590.0,148090.0,NI
61,NI2202,2021-12-29,149400.0,149760.0,146550.0,149350.0,262857,152116,3896671.648,148240.0,148590.0,NI
61,NI2202,2021-12-30,149350.0,151380.0,149080.0,150450.0,287692,152198,4316727.039,150040.0,148240.0,NI
61,NI2202,2021-12-31,150570.0,152220.0,150420.0,152080.0,243192,154950,3686362.116,151580.0,150040.0,NI
61,NI2202,2022-01-04,152690.0,153700.0,150440.0,152570.0,149508,151777,2267929.914,151690.0,151580.0,NI
61,NI2202,2022-01-05,152510.0,155000.0,151200.0,152160.0,307661,156861,4721370.373,153460.0,151690.0,NI
61,NI2202,2022-01-06,152150.0,152650.0,149900.0,149930.0,224722,142924,3401609.36,151360.0,153460.0,NI
61,NI2202,2022-01-07,150100.0,153550.0,149200.0,152490.0,254252,148690,3840805.412,151060.0,151360.0,NI
61,NI2202,2022-01-10,152490.0,155160.0,152050.0,154840.0,247193,151882,3798480.95,153660.0,151060.0,NI
61,NI2202,2022-01-11,154840.0,160060.0,153280.0,158960.0,367596,181438,5748226.911,156370.0,153660.0,NI
61,NI2202,2022-01-12,158960.0,163200.0,158500.0,162340.0,325545,170248,5237160.493,160870.0,156370.0,NI
61,NI2202,2022-01-13,163420.0,165680.0,160900.0,162120.0,396706,170335,6475888.177,163240.0,160870.0,NI
61,NI2202,2022-01-14,162890.0,167300.0,162060.0,167260.0,388196,166347,6367841.396,164030.0,163240.0,NI
61,NI2202,2022-01-17,166890.0,167000.0,160880.0,162580.0,406313,144211,6614377.428,162790.0,164030.0,NI
60,NI2202,2022-01-18,161500.0,165200.0,161250.0,164170.0,313918,132146,5129275.451,163390.0,162790.0,NI
60,NI2202,2022-01-19,163210.0,165250.0,161120.0,163760.0,324879,125036,5303009.859,163230.0,163390.0,NI
60,NI2202,2022-01-20,164080.0,176280.0,164080.0,176280.0,450183,135295,7691800.235,170850.0,163230.0,NI
60,NI2202,2022-01-21,175600.0,179780.0,174480.0,178040.0,405214,105882,7160736.791,176710.0,170850.0,NI
61,NI2203,2022-01-24,176000.0,180880.0,172660.0,173460.0,391219,152406,6951221.32,177680.0,175350.0,NI
61,NI2203,2022-01-25,170790.0,171440.0,163460.0,163460.0,495447,152113,8233481.037,166180.0,177680.0,NI
61,NI2203,2022-01-26,163930.0,166860.0,162240.0,165240.0,443333,153379,7305990.996,164790.0,166180.0,NI
61,NI2203,2022-01-27,166100.0,168120.0,163830.0,163880.0,250419,142091,4153869.519,165870.0,164790.0,NI
61,NI2203,2022-01-28,165940.0,166830.0,163500.0,163750.0,224504,130522,3706598.6,165100.0,165870.0,NI
61,NI2203,2022-02-07,168200.0,174350.0,166640.0,170470.0,164707,132314,2813753.158,170830.0,165100.0,NI
61,NI2203,2022-02-08,171100.0,175600.0,170020.0,172280.0,193043,132744,3339249.487,172970.0,170830.0,NI
61,NI2203,2022-02-09,171810.0,173470.0,166000.0,170050.0,230203,137253,3915564.533,170090.0,172970.0,NI
61,NI2203,2022-02-10,170940.0,174920.0,170810.0,173890.0,190194,134228,3287148.554,172830.0,170090.0,NI
61,NI2203,2022-02-11,175000.0,176520.0,170600.0,172070.0,247141,141784,4294018.958,173740.0,172830.0,NI
61,NI2203,2022-02-14,172800.0,177790.0,169800.0,176520.0,266742,136582,4633794.124,173710.0,173740.0,NI
61,NI2203,2022-02-15,176000.0,176310.0,168580.0,172860.0,274813,135518,4719458.082,171730.0,173710.0,NI
60,NI2203,2022-02-16,172860.0,174250.0,171530.0,173420.0,175936,121285,3041732.144,172880.0,171730.0,NI
60,NI2203,2022-02-17,173950.0,174800.0,171810.0,173010.0,180979,118555,3133969.701,173160.0,172880.0,NI
60,NI2203,2022-02-18,174010.0,178520.0,174000.0,177890.0,216003,122441,3818474.592,176770.0,173160.0,NI
60,NI2203,2022-02-21,177600.0,180770.0,175880.0,179530.0,189107,114001,3371546.951,178280.0,176770.0,NI
61,NI2204,2022-02-22,177250.0,179850.0,176280.0,178730.0,169607,111043,3017997.03,177940.0,176240.0,NI
61,NI2204,2022-02-23,180000.0,180180.0,174630.0,175300.0,294678,137525,5226452.831,177360.0,177940.0,NI
61,NI2204,2022-02-24,175950.0,182170.0,174400.0,179540.0,332068,153099,5902266.855,177740.0,177360.0,NI
61,NI2204,2022-02-25,182000.0,184650.0,172800.0,174450.0,440732,157981,7832730.544,177720.0,177740.0,NI
61,NI2204,2022-02-28,174450.0,179950.0,172120.0,177780.0,322013,143225,5669772.895,176070.0,177720.0,NI
61,NI2204,2022-03-01,177300.0,177450.0,174120.0,176000.0,232081,135529,4080429.526,175810.0,176070.0,NI
61,NI2204,2022-03-02,177000.0,180900.0,177000.0,180260.0,256019,147921,4587867.046,179200.0,175810.0,NI
61,NI2204,2022-03-03,182000.0,199800.0,177630.0,188180.0,319941,152039,5786257.683,180850.0,179200.0,NI
61,NI2204,2022-03-04,190000.0,191970.0,185200.0,187190.0,358568,153359,6753980.102,188350.0,180850.0,NI
61,NI2204,2022-03-07,189750.0,210950.0,188780.0,210950.0,502429,157942,9997252.468,198970.0,188350.0,NI
61,NI2204,2022-03-08,228810.0,228810.0,228810.0,228810.0,15881,145656,363373.161,228810.0,198970.0,NI
62,NI2205,2022-03-09,265260.0,265260.0,265260.0,265260.0,48857,52084,1295980.782,265260.0,226720.0,NI
65,NI2208,2022-03-10,254820.0,254820.0,211500.0,211500.0,2509,1998,54316.261,216480.0,254820.0,NI
65,NI2208,2022-03-11,210000.0,211040.0,191000.0,195610.0,27696,8502,554853.594,200330.0,216480.0,NI
61,NI2204,2022-03-14,187000.0,222100.0,187000.0,214050.0,308449,75412,6379762.049,206830.0,222190.0,NI
61,NI2204,2022-03-15,214050.0,230760.0,210810.0,216490.0,216524,66218,4753620.366,219540.0,206830.0,NI
60,NI2204,2022-03-16,216490.0,237000.0,213000.0,235200.0,193780,63378,4327913.16,223340.0,219540.0,NI
60,NI2204,2022-03-17,225200.0,230470.0,217000.0,219440.0,154961,56826,3431320.188,221430.0,223340.0,NI
60,NI2204,2022-03-18,218000.0,224610.0,215660.0,219620.0,108744,53010,2391338.925,219900.0,221430.0,NI
60,NI2204,2022-03-21,215000.0,220930.0,204990.0,205670.0,119381,53799,2559597.902,214400.0,219900.0,NI
60,NI2204,2022-03-22,202000.0,211000.0,200220.0,206780.0,91118,51054,1880927.641,206420.0,214400.0,NI
60,NI2204,2022-03-23,206390.0,214660.0,205300.0,212000.0,99431,46853,2088465.148,210040.0,206420.0,NI
60,NI2204,2022-03-24,226550.0,245740.0,226490.0,245740.0,65264,43636,1529671.22,234380.0,210040.0,NI
60,NI2204,2022-03-25,279990.0,281250.0,246010.0,264200.0,189404,39636,4986962.718,263290.0,234380.0,NI
61,NI2205,2022-03-28,240000.0,249630.0,216200.0,224380.0,164553,48312,3850211.786,233980.0,260490.0,NI
61,NI2205,2022-03-29,227190.0,227990.0,215640.0,223130.0,140274,52794,3113651.56,221960.0,233980.0,NI
61,NI2205,2022-03-30,217550.0,230660.0,213170.0,230050.0,188097,60010,4137732.598,219970.0,221960.0,NI
61,NI2205,2022-03-31,227600.0,229000.0,213840.0,217780.0,184118,58758,4087461.167,222000.0,219970.0,NI
61,NI2205,2022-04-01,220000.0,223380.0,216200.0,217910.0,123012,51415,2710571.939,220350.0,222000.0,NI
61,NI2205,2022-04-06,221060.0,224880.0,215180.0,223300.0,70274,49306,1549200.043,220450.0,220350.0,NI
61,NI2205,2022-04-07,223300.0,223300.0,212160.0,213330.0,118826,55736,2596124.956,218480.0,220450.0,NI
61,NI2205,2022-04-08,214000.0,221070.0,213900.0,218170.0,92663,49409,2013759.135,217320.0,218480.0,NI
61,NI2205,2022-04-11,217700.0,218000.0,206580.0,210900.0,108685,56912,2310103.448,212550.0,217320.0,NI
61,NI2205,2022-04-12,207510.0,213500.0,205500.0,212620.0,89736,49127,1880761.042,209580.0,212550.0,NI
61,NI2205,2022-04-13,212620.0,226880.0,211580.0,221050.0,123426,56196,2698805.817,218650.0,209580.0,NI
61,NI2205,2022-04-14,221000.0,225200.0,217800.0,223880.0,94695,51210,2092823.753,221000.0,218650.0,NI
61,NI2205,2022-04-15,223480.0,231000.0,223480.0,229400.0,99573,54747,2271347.697,228100.0,221000.0,NI
60,NI2205,2022-04-18,230190.0,236500.0,227800.0,232140.0,96332,51968,2233545.166,231850.0,228100.0,NI
60,NI2205,2022-04-19,234470.0,246000.0,232580.0,239830.0,121313,53781,2924988.144,241110.0,231850.0,NI
60,NI2205,2022-04-20,239790.0,244200.0,232210.0,233780.0,110789,50807,2644898.116,238730.0,241110.0,NI
60,NI2205,2022-04-21,234940.0,238280.0,232620.0,235930.0,74161,46917,1746251.072,235460.0,238730.0,NI
60,NI2205,2022-04-22,235930.0,241800.0,235790.0,238580.0,67395,45477,1609972.989,238880.0,235460.0,NI
60,NI2205,2022-04-25,240000.0,240190.0,218900.0,221030.0,120963,41563,2745257.599,226950.0,238880.0,NI
60,NI2205,2022-04-26,219000.0,223780.0,212520.0,222450.0,78372,30283,1704920.371,217540.0,226950.0,NI
61,NI2206,2022-04-27,220600.0,229600.0,218100.0,227710.0,63763,46585,1426230.427,223670.0,215620.0,NI
61,NI2206,2022-04-28,227490.0,230440.0,224650.0,227280.0,68948,52068,1567309.572,227310.0,223670.0,NI
61,NI2206,2022-04-29,228000.0,233490.0,222890.0,232230.0,90463,54145,2063329.013,228080.0,227310.0,NI
61,NI2206,2022-05-05,227000.0,227470.0,217900.0,223310.0,52240,49349,1165374.061,223080.0,228080.0,NI
61,NI2206,2022-05-06,222000.0,222800.0,211220.0,214090.0,97549,57030,2103163.937,215600.0,223080.0,NI
61,NI2206,2022-05-09,212580.0,214560.0,205300.0,209210.0,113316,59399,2376373.262,209710.0,215600.0,NI
61,NI2206,2022-05-10,201890.0,204000.0,196000.0,202400.0,119105,60757,2379024.768,199740.0,209710.0,NI
61,NI2206,2022-05-11,199360.0,208240.0,197630.0,206030.0,100466,59777,2032868.957,202340.0,199740.0,NI
61,NI2206,2022-05-12,203000.0,208830.0,198930.0,200680.0,105981,61543,2162404.728,204030.0,202340.0,NI
61,NI2206,2022-05-13,200000.0,207240.0,194360.0,203600.0,134105,63220,2689176.305,200520.0,204030.0,NI
61,NI2206,2022-05-16,200000.0,205220.0,196500.0,202070.0,113885,61984,2286054.812,200730.0,200520.0,NI
60,NI2206,2022-05-17,197020.0,204660.0,196560.0,204450.0,99263,60783,1986140.98,200080.0,200730.0,NI
60,NI2206,2022-05-18,204200.0,205980.0,196850.0,198860.0,107605,58303,2176367.51,202250.0,200080.0,NI
60,NI2206,2022-05-19,198870.0,208800.0,198660.0,205770.0,105213,56547,2136208.815,203030.0,202250.0,NI
60,NI2206,2022-05-20,204480.0,216000.0,203060.0,212800.0,114018,55667,2402427.835,210700.0,203030.0,NI
60,NI2206,2022-05-23,211130.0,214180.0,206240.0,207750.0,86413,49487,1822773.972,210930.0,210700.0,NI
60,NI2206,2022-05-24,207750.0,211160.0,205160.0,206020.0,69001,45333,1439597.729,208630.0,210930.0,NI
60,NI2206,2022-05-25,206010.0,206500.0,200710.0,202930.0,73024,43358,1488229.596,203800.0,208630.0,NI
60,NI2206,2022-05-26,203500.0,206700.0,200330.0,203970.0,66118,35965,1345181.137,203450.0,203800.0,NI
60,NI2206,2022-05-27,206500.0,213600.0,206300.0,211080.0,61183,32157,1288309.01,210560.0,203450.0,NI
61,NI2207,2022-05-30,209010.0,218540.0,209010.0,217730.0,81812,57562,1749748.26,213870.0,205200.0,NI
61,NI2207,2022-05-31,217730.0,220420.0,214830.0,216750.0,79885,60034,1734430.24,217110.0,213870.0,NI
61,NI2207,2022-06-01,215200.0,215200.0,208400.0,212440.0,93364,62430,1971330.479,211140.0,217110.0,NI
61,NI2207,2022-06-02,211500.0,218680.0,211500.0,215380.0,89800,59297,1937720.534,215780.0,211140.0,NI
61,NI2207,2022-06-06,219010.0,224300.0,216080.0,218240.0,52675,58539,1159810.653,220180.0,215780.0,NI
61,NI2207,2022-06-07,220500.0,224970.0,219450.0,219500.0,75004,63323,1663235.185,221750.0,220180.0,NI
61,NI2207,2022-06-08,218990.0,226500.0,215190.0,226270.0,91356,64202,2011190.15,220140.0,221750.0,NI
61,NI2207,2022-06-09,224110.0,224770.0,217110.0,218060.0,81983,60491,1805963.932,220280.0,220140.0,NI
61,NI2207,2022-06-10,217000.0,219420.0,213000.0,216780.0,84026,62043,1815272.405,216030.0,220280.0,NI
61,NI2207,2022-06-13,216000.0,216190.0,205010.0,205650.0,96093,62772,2017741.038,209970.0,216030.0,NI
61,NI2207,2022-06-14,204980.0,204980.0,199590.0,204100.0,87388,56944,1766424.143,202130.0,209970.0,NI
61,NI2207,2022-06-15,202110.0,202800.0,196590.0,199160.0,89859,57717,1791843.318,199400.0,202130.0,NI
60,NI2207,2022-06-16,200300.0,206000.0,200010.0,200650.0,92818,58027,1887868.752,203390.0,199400.0,NI
60,NI2207,2022-06-17,198820.0,200290.0,194800.0,197000.0,95020,59081,1872987.221,197110.0,203390.0,NI
60,NI2207,2022-06-20,197110.0,200010.0,193800.0,195290.0,101445,54616,2000911.142,197240.0,197110.0,NI
60,NI2207,2022-06-21,195690.0,204400.0,195290.0,198690.0,105341,58302,2111156.439,200410.0,197240.0,NI
60,NI2207,2022-06-22,198100.0,201750.0,190010.0,191900.0,98768,54844,1947355.785,197160.0,200410.0,NI
60,NI2207,2022-06-23,191900.0,193500.0,183740.0,187140.0,114117,57632,2158798.09,189170.0,197160.0,NI
60,NI2207,2022-06-24,186100.0,189300.0,168000.0,172310.0,117325,51442,2119467.162,180640.0,189170.0,NI
60,NI2207,2022-06-27,172310.0,182130.0,163800.0,179480.0,128946,45851,2236171.981,173410.0,180640.0,NI
61,NI2208,2022-06-28,174580.0,178000.0,167880.0,177280.0,93627,59379,1612644.142,172240.0,168420.0,NI
61,NI2208,2022-06-29,178000.0,178000.0,168000.0,170970.0,128531,71731,2207127.866,171710.0,172240.0,NI
61,NI2208,2022-06-30,177780.0,179890.0,175010.0,176090.0,113828,68126,2013921.016,176920.0,171710.0,NI
61,NI2208,2022-07-01,171790.0,175200.0,162920.0,164990.0,139876,78854,2381902.971,170280.0,176920.0,NI
61,NI2208,2022-07-04,167010.0,171880.0,163940.0,166540.0,133053,72948,2233630.879,167870.0,170280.0,NI
61,NI2208,2022-07-05,170050.0,174000.0,167600.0,168790.0,113994,76810,1949257.738,170990.0,167870.0,NI
61,NI2208,2022-07-06,165400.0,170000.0,160510.0,169370.0,146380,80746,2399133.006,163890.0,170990.0,NI
61,NI2208,2022-07-07,167520.0,167990.0,158000.0,164230.0,157674,83048,2580571.428,163660.0,163890.0,NI
61,NI2208,2022-07-08,166400.0,169300.0,160540.0,160800.0,119388,78303,1965301.904,164610.0,163660.0,NI
61,NI2208,2022-07-11,160800.0,168860.0,159140.0,167680.0,138316,83663,2285836.185,165260.0,164610.0,NI
61,NI2208,2022-07-12,166850.0,172720.0,164890.0,166810.0,117717,77168,1981710.277,168340.0,165260.0,NI
61,NI2208,2022-07-13,167730.0,171450.0,165120.0,169850.0,123792,86533,2084318.539,168370.0,168340.0,NI
61,NI2208,2022-07-14,168000.0,168990.0,157330.0,158560.0,173837,89100,2828636.848,162710.0,168370.0,NI
61,NI2208,2022-07-15,158300.0,158300.0,142500.0,143430.0,171805,91187,2583264.883,150360.0,162710.0,NI
60,NI2208,2022-07-18,147000.0,154380.0,144620.0,153290.0,184291,86448,2764199.163,149990.0,150360.0,NI
60,NI2208,2022-07-19,155520.0,160300.0,152910.0,154880.0,137924,76281,2165941.399,157030.0,149990.0,NI
60,NI2208,2022-07-20,159900.0,166970.0,156080.0,165820.0,139159,81839,2239505.875,160930.0,157030.0,NI
60,NI2208,2022-07-21,165660.0,169000.0,164130.0,167420.0,122539,75327,2041485.789,166590.0,160930.0,NI
60,NI2208,2022-07-22,167420.0,170700.0,165100.0,168200.0,110232,74950,1845536.828,167420.0,166590.0,NI
60,NI2208,2022-07-25,168200.0,174940.0,167000.0,170680.0,105799,66573,1813483.982,171400.0,167420.0,NI
60,NI2208,2022-07-26,172800.0,181000.0,171130.0,180960.0,90176,58709,1580296.858,175240.0,171400.0,NI
61,NI2209,2022-07-27,172000.0,173090.0,164340.0,167640.0,92480,70176,1554254.22,168060.0,168530.0,NI
61,NI2209,2022-07-28,167660.0,171950.0,164020.0,169060.0,133107,81113,2237029.116,168060.0,168060.0,NI
61,NI2209,2022-07-29,168000.0,173980.0,164100.0,171490.0,132471,84268,2238677.224,168990.0,168060.0,NI
61,NI2209,2022-08-01,172100.0,183990.0,171760.0,180390.0,170562,96944,3057108.259,179230.0,168990.0,NI
61,NI2209,2022-08-02,182500.0,182500.0,173200.0,177460.0,136035,81252,2415839.232,177580.0,179230.0,NI
61,NI2209,2022-08-03,172810.0,175800.0,170890.0,174250.0,122941,82891,2129332.585,173190.0,177580.0,NI
61,NI2209,2022-08-04,174250.0,175200.0,170810.0,172280.0,102810,79507,1778891.032,173020.0,173190.0,NI
61,NI2209,2022-08-05,172000.0,179600.0,168090.0,177260.0,150529,93752,2613367.888,173610.0,173020.0,NI
61,NI2209,2022-08-08,174200.0,174900.0,168200.0,169820.0,143591,82161,2462898.632,171520.0,173610.0,NI
61,NI2209,2022-08-09,168900.0,169740.0,165500.0,168470.0,120483,83826,2019821.867,167640.0,171520.0,NI
61,NI2209,2022-08-10,167430.0,169950.0,164690.0,166060.0,105876,80348,1775062.056,167650.0,167640.0,NI
61,NI2209,2022-08-11,170000.0,178100.0,168700.0,177020.0,142529,92803,2475850.427,173700.0,167650.0,NI
61,NI2209,2022-08-12,178420.0,183500.0,178420.0,181200.0,111927,83116,2031929.64,181540.0,173700.0,NI
61,NI2209,2022-08-15,180000.0,180000.0,173000.0,174160.0,105486,78337,1866059.745,176900.0,181540.0,NI
60,NI2209,2022-08-16,170000.0,175480.0,169800.0,173600.0,88902,70787,1532482.374,172370.0,176900.0,NI
60,NI2209,2022-08-17,175890.0,177100.0,172050.0,172680.0,85152,66969,1481384.733,173960.0,172370.0,NI
60,NI2209,2022-08-18,173200.0,175320.0,169070.0,169670.0,99936,68503,1723467.517,172450.0,173960.0,NI
60,NI2209,2022-08-19,171200.0,172400.0,169260.0,171580.0,81537,58191,1392710.408,170800.0,172450.0,NI
60,NI2209,2022-08-22,170000.0,179440.0,169990.0,178500.0,90651,65093,1596682.176,176130.0,170800.0,NI
61,NI2210,2022-08-23,173330.0,174990.0,172000.0,173090.0,68125,38462,1180442.353,173270.0,172160.0,NI
61,NI2210,2022-08-24,171940.0,174640.0,167650.0,170920.0,114523,46398,1955756.71,170770.0,173270.0,NI
61,NI2210,2022-08-25,170500.0,175860.0,168120.0,175640.0,147952,58228,2534794.099,171320.0,170770.0,NI
61,NI2210,2022-08-26,174500.0,175260.0,172050.0,174200.0,129204,56462,2244412.39,173710.0,171320.0,NI
61,NI2210,2022-08-29,173870.0,177790.0,164110.0,165060.0,217543,57704,3699612.361,170060.0,173710.0,NI
61,NI2210,2022-08-30,165060.0,167040.0,162330.0,164960.0,152369,56756,2510553.092,164760.0,170060.0,NI
61,NI2210,2022-08-31,166190.0,172500.0,165940.0,170570.0,183710,56641,3123791.482,170030.0,164760.0,NI
61,NI2210,2022-09-01,170700.0,171790.0,163630.0,165020.0,192379,51548,3233179.847,168060.0,170030.0,NI
61,NI2210,2022-09-02,164500.0,164500.0,159000.0,161610.0,194257,50373,3121859.826,160700.0,168060.0,NI
61,NI2210,2022-09-05,161500.0,170970.0,160820.0,169570.0,214045,47968,3541620.226,165460.0,160700.0,NI
61,NI2210,2022-09-06,169800.0,175000.0,169800.0,174800.0,168191,57977,2910929.571,173070.0,165460.0,NI
61,NI2210,2022-09-07,174000.0,174280.0,170800.0,172330.0,118980,76773,2050632.458,172350.0,173070.0,NI
61,NI2210,2022-09-08,172830.0,177500.0,170440.0,175020.0,139584,76344,2430537.241,174120.0,172350.0,NI
61,NI2210,2022-09-09,174390.0,189680.0,173250.0,189000.0,170911,92242,3095136.765,181090.0,174120.0,NI
61,NI2210,2022-09-13,192210.0,198850.0,188380.0,191800.0,89319,81994,1715561.873,192070.0,181090.0,NI
61,NI2210,2022-09-14,194000.0,194000.0,186580.0,189000.0,128258,85407,2434239.501,189790.0,192070.0,NI
61,NI2210,2022-09-15,188430.0,194400.0,186940.0,189050.0,142880,82529,2712260.254,189820.0,189790.0,NI
60,NI2210,2022-09-16,185670.0,187970.0,183170.0,186860.0,122361,73993,2268088.775,185360.0,189820.0,NI
60,NI2210,2022-09-19,188990.0,198500.0,187400.0,189600.0,171747,84572,3319337.731,193260.0,185360.0,NI
60,NI2210,2022-09-20,191600.0,198600.0,190710.0,195010.0,131478,77822,2556127.139,194410.0,193260.0,NI
60,NI2210,2022-09-21,194410.0,202800.0,194400.0,202000.0,142179,84215,2811520.421,197740.0,194410.0,NI
60,NI2210,2022-09-22,198770.0,200750.0,192160.0,196800.0,163867,73641,3214313.774,196150.0,197740.0,NI
60,NI2210,2022-09-23,197840.0,198790.0,191800.0,192570.0,112320,60019,2186813.711,194690.0,196150.0,NI
60,NI2210,2022-09-26,187150.0,192400.0,185800.0,187500.0,110819,56731,2092246.568,188790.0,194690.0,NI
60,NI2210,2022-09-27,185500.0,189440.0,182520.0,187330.0,103973,42557,1927147.893,185350.0,188790.0,NI
61,NI2211,2022-09-28,183640.0,184500.0,175250.0,176990.0,102319,63353,1835505.377,179390.0,182810.0,NI
61,NI2211,2022-09-29,177340.0,183000.0,177000.0,180220.0,111186,69224,2007274.137,180530.0,179390.0,NI
61,NI2211,2022-09-30,184200.0,188220.0,182090.0,184370.0,127228,68332,2353032.626,184940.0,180530.0,NI
61,NI2211,2022-10-10,182640.0,183000.0,176250.0,179200.0,61776,59952,1100289.977,178100.0,184940.0,NI
61,NI2211,2022-10-11,180100.0,185490.0,180100.0,183600.0,95907,67381,1762988.966,183820.0,178100.0,NI
61,NI2211,2022-10-12,184310.0,184950.0,177010.0,179410.0,105099,61919,1888372.508,179670.0,183820.0,NI
61,NI2211,2022-10-13,178200.0,184730.0,177630.0,178910.0,127301,68638,2310194.556,181470.0,179670.0,NI
61,NI2211,2022-10-14,177000.0,186590.0,176000.0,185400.0,126238,66715,2301183.492,182280.0,181470.0,NI
61,NI2211,2022-10-17,183920.0,184210.0,179900.0,181810.0,113714,61565,2065964.505,181680.0,182280.0,NI
60,NI2211,2022-10-18,182000.0,182180.0,178300.0,180100.0,94313,57465,1694632.033,179680.0,181680.0,NI
60,NI2211,2022-10-19,179680.0,185100.0,179680.0,184310.0,102670,60796,1880144.273,183120.0,179680.0,NI
60,NI2211,2022-10-20,183120.0,189980.0,182120.0,188160.0,107257,64344,1998694.023,186340.0,183120.0,NI
60,NI2211,2022-10-21,188160.0,188650.0,181030.0,181400.0,103615,57736,1916568.001,184970.0,186340.0,NI
60,NI2211,2022-10-24,181700.0,188990.0,181180.0,187220.0,99389,57422,1846550.339,185790.0,184970.0,NI
60,NI2211,2022-10-25,186830.0,190590.0,185130.0,189160.0,79185,50528,1490167.876,188180.0,185790.0,NI
60,NI2211,2022-10-26,188500.0,191590.0,187120.0,189200.0,63889,44257,1211030.037,189550.0,188180.0,NI
61,NI2212,2022-10-27,187000.0,187990.0,182600.0,184500.0,88578,62415,1641613.397,185320.0,186600.0,NI
61,NI2212,2022-10-28,185500.0,188500.0,181000.0,182200.0,126187,75168,2333930.682,184950.0,185320.0,NI
61,NI2212,2022-10-31,183510.0,186100.0,177550.0,178900.0,135252,70390,2462041.066,182030.0,184950.0,NI
61,NI2212,2022-11-01,179500.0,191080.0,178000.0,189200.0,155950,86352,2882122.21,184810.0,182030.0,NI
61,NI2212,2022-11-02,189800.0,194450.0,187600.0,192220.0,124151,81922,2371297.896,191000.0,184810.0,NI
61,NI2212,2022-11-03,192820.0,195000.0,190210.0,191600.0,108925,82656,2097856.648,192590.0,191000.0,NI
61,NI2212,2022-11-04,190010.0,194500.0,188160.0,192310.0,131285,85231,2508857.973,191100.0,192590.0,NI
61,NI2212,2022-11-07,195210.0,198000.0,188610.0,190410.0,146164,84231,2820995.824,193000.0,191100.0,NI
61,NI2212,2022-11-08,188050.0,192780.0,188000.0,192190.0,105519,76464,2005379.03,190040.0,193000.0,NI
61,NI2212,2022-11-09,192780.0,194200.0,190100.0,192980.0,99934,79174,1923616.235,192480.0,190040.0,NI
61,NI2212,2022-11-10,193940.0,201700.0,193570.0,200750.0,147743,93742,2928772.698,198230.0,192480.0,NI
61,NI2212,2022-11-11,198840.0,208950.0,198160.0,206280.0,145814,89613,2971527.156,203780.0,198230.0,NI
61,NI2212,2022-11-14,206500.0,209000.0,199200.0,200570.0,149406,83407,3052315.379,204290.0,203780.0,NI
61,NI2212,2022-11-15,202000.0,207880.0,202000.0,206460.0,111952,74945,2302391.421,205650.0,204290.0,NI
60,NI2212,2022-11-16,208540.0,210800.0,204380.0,206370.0,107696,75483,2235147.135,207540.0,205650.0,NI
60,NI2212,2022-11-17,204820.0,205860.0,198580.0,202520.0,120132,65657,2414814.482,201010.0,207540.0,NI
60,NI2212,2022-11-18,201250.0,203150.0,196500.0,200200.0,95952,62278,1909636.539,199010.0,201010.0,NI
60,NI2212,2022-11-21,199380.0,201330.0,194220.0,197130.0,99034,59025,1960181.758,197930.0,199010.0,NI
60,NI2212,2022-11-22,196480.0,200960.0,195550.0,198230.0,79365,54995,1577952.01,198820.0,197930.0,NI
60,NI2212,2022-11-23,198990.0,203730.0,198000.0,198610.0,89847,57505,1808895.427,201330.0,198820.0,NI
60,NI2212,2022-11-24,198610.0,202790.0,196680.0,198360.0,74913,48086,1492465.893,199220.0,201330.0,NI
60,NI2212,2022-11-25,199220.0,201210.0,196390.0,199620.0,67876,40522,1349294.351,198780.0,199220.0,NI
61,NI2301,2022-11-28,197300.0,198220.0,189110.0,190190.0,106734,75941,2056753.9,192690.0,196920.0,NI
61,NI2301,2022-11-29,192000.0,196450.0,191000.0,194950.0,99041,72131,1918400.876,193690.0,192690.0,NI
61,NI2301,2022-11-30,197300.0,200700.0,196580.0,200190.0,103949,82535,2066020.267,198750.0,193690.0,NI
61,NI2301,2022-12-01,200010.0,203450.0,199040.0,202440.0,90844,78332,1827646.923,201180.0,198750.0,NI
61,NI2301,2022-12-02,202440.0,202860.0,200210.0,202320.0,78707,79014,1587580.88,201700.0,201180.0,NI
61,NI2301,2022-12-05,201370.0,211270.0,199100.0,207750.0,127059,89196,2602939.862,204860.0,201700.0,NI
61,NI2301,2022-12-06,206200.0,208550.0,204800.0,206700.0,76407,78294,1581035.455,206920.0,204860.0,NI
61,NI2301,2022-12-07,206700.0,211990.0,205500.0,207650.0,102013,83734,2132433.174,209030.0,206920.0,NI
61,NI2301,2022-12-08,208740.0,219800.0,208600.0,218810.0,126508,92162,2714922.853,214600.0,209030.0,NI
61,NI2301,2022-12-09,222000.0,224230.0,216220.0,221520.0,139109,88895,3068794.821,220600.0,214600.0,NI
61,NI2301,2022-12-12,220110.0,223840.0,216490.0,218040.0,109712,81458,2412984.19,219930.0,220600.0,NI
61,NI2301,2022-12-13,219070.0,225100.0,219070.0,224180.0,101904,84505,2268767.298,222630.0,219930.0,NI
61,NI2301,2022-12-14,219990.0,222220.0,217000.0,219700.0,114327,77812,2508771.05,219430.0,222630.0,NI
61,NI2301,2022-12-15,218810.0,219120.0,215030.0,217450.0,92111,70919,1999721.012,217090.0,219430.0,NI
60,NI2301,2022-12-16,218030.0,222920.0,213800.0,215610.0,106801,73807,2324865.601,217680.0,217090.0,NI
60,NI2301,2022-12-19,217860.0,219990.0,213360.0,213730.0,96989,64532,2104488.001,216980.0,217680.0,NI
61,NI2302,2022-12-20,211560.0,217000.0,208490.0,212080.0,87965,56397,1858926.788,211320.0,214130.0,NI
61,NI2302,2022-12-21,216780.0,217290.0,213600.0,215090.0,100643,59055,2168661.104,215480.0,211320.0,NI
61,NI2302,2022-12-22,217290.0,222800.0,214350.0,218960.0,158657,75979,3482319.389,219480.0,215480.0,NI
61,NI2302,2022-12-23,215950.0,218460.0,214510.0,217520.0,132789,71583,2873478.956,216390.0,219480.0,NI
61,NI2302,2022-12-26,217520.0,220500.0,216680.0,218690.0,113748,72116,2484816.201,218440.0,216390.0,NI
61,NI2302,2022-12-27,218440.0,228200.0,216580.0,227750.0,158178,84087,3512135.419,222030.0,218440.0,NI
61,NI2302,2022-12-28,226800.0,229960.0,225850.0,228250.0,111797,81368,2546120.209,227740.0,222030.0,NI
61,NI2302,2022-12-29,228800.0,231000.0,226260.0,228890.0,131224,80402,2994815.316,228220.0,227740.0,NI
61,NI2302,2022-12-30,227240.0,232290.0,226060.0,232000.0,157054,77678,3599382.779,229180.0,228220.0,NI
61,NI2302,2023-01-03,229800.0,229940.0,224810.0,228820.0,96517,71622,2192277.926,227130.0,229180.0,NI
61,NI2302,2023-01-04,232110.0,234870.0,229220.0,229420.0,149735,72586,3479220.244,232350.0,227130.0,NI
61,NI2302,2023-01-05,226900.0,226900.0,220000.0,220290.0,165081,63011,3693479.182,223730.0,232350.0,NI
61,NI2302,2023-01-06,220290.0,222110.0,207500.0,210200.0,270883,61693,5760151.035,212640.0,223730.0,NI
61,NI2302,2023-01-09,210220.0,214250.0,208940.0,212110.0,184630,54319,3909076.882,211720.0,212640.0,NI
61,NI2302,2023-01-10,209760.0,210650.0,204180.0,206020.0,196845,53844,4078676.856,207200.0,211720.0,NI
61,NI2302,2023-01-11,207560.0,210570.0,205320.0,209530.0,169833,48985,3521785.549,207360.0,207200.0,NI
61,NI2302,2023-01-12,208500.0,209970.0,200130.0,203530.0,159091,46542,3257402.154,204750.0,207360.0,NI
61,NI2302,2023-01-13,203580.0,210990.0,203580.0,208370.0,182743,37251,3783423.215,207030.0,204750.0,NI
61,NI2302,2023-01-16,208200.0,208450.0,200700.0,203250.0,155657,36222,3176933.712,204090.0,207030.0,NI
60,NI2302,2023-01-17,204600.0,207180.0,202200.0,204800.0,120813,28686,2477441.841,205060.0,204090.0,NI
60,NI2302,2023-01-18,203250.0,207180.0,201530.0,205670.0,104493,26459,2141418.182,204930.0,205060.0,NI
61,NI2303,2023-01-19,204360.0,212980.0,204000.0,210790.0,109285,63685,2276531.176,208310.0,200720.0,NI
61,NI2303,2023-01-20,210850.0,219290.0,209150.0,219240.0,100014,70830,2143080.799,214270.0,208310.0,NI
61,NI2303,2023-01-30,217700.0,222950.0,216040.0,219960.0,63872,68458,1401035.023,219350.0,214270.0,NI
61,NI2303,2023-01-31,220800.0,224140.0,219220.0,222540.0,87984,75841,1947963.422,221390.0,219350.0,NI
61,NI2303,2023-02-01,222000.0,226700.0,221200.0,225410.0,107360,79044,2406787.316,224170.0,221390.0,NI
61,NI2303,2023-02-02,224950.0,224960.0,215880.0,217980.0,131069,77954,2893674.238,220770.0,224170.0,NI
61,NI2303,2023-02-03,219110.0,223990.0,218930.0,221760.0,123365,79296,2731349.522,221400.0,220770.0,NI
61,NI2303,2023-02-06,220000.0,220170.0,210340.0,213610.0,143607,78042,3087741.534,215010.0,221400.0,NI
61,NI2303,2023-02-07,211800.0,212330.0,207560.0,209850.0,102432,69501,2147362.32,209630.0,215010.0,NI
61,NI2303,2023-02-08,208780.0,213460.0,206990.0,212370.0,109273,71197,2294724.825,209990.0,209630.0,NI
61,NI2303,2023-02-09,212360.0,213070.0,208280.0,210500.0,89223,63172,1877675.6,210440.0,209990.0,NI
61,NI2303,2023-02-10,209850.0,219600.0,209270.0,218560.0,140772,74862,3041093.562,216020.0,210440.0,NI
61,NI2303,2023-02-13,215280.0,216180.0,207120.0,208500.0,136890,65556,2895310.644,211500.0,216020.0,NI
61,NI2303,2023-02-14,207800.0,208470.0,205320.0,207190.0,91335,61066,1887023.075,206600.0,211500.0,NI
61,NI2303,2023-02-15,206600.0,210000.0,203830.0,205060.0,116618,63530,2416735.54,207230.0,206600.0,NI
60,NI2303,2023-02-16,204700.0,205530.0,202410.0,205000.0,89800,57598,1832952.654,204110.0,207230.0,NI
60,NI2303,2023-02-17,204200.0,207400.0,202510.0,203100.0,92956,59047,1904210.599,204850.0,204110.0,NI
60,NI2303,2023-02-20,203100.0,204500.0,200180.0,204500.0,84968,54073,1717424.085,202120.0,204850.0,NI
60,NI2303,2023-02-21,205000.0,211280.0,204860.0,210210.0,82926,49520,1735695.889,209300.0,202120.0,NI
60,NI2303,2023-02-22,211260.0,214130.0,207050.0,207050.0,84122,45212,1775122.861,211010.0,209300.0,NI
60,NI2303,2023-02-23,207200.0,208460.0,204320.0,205430.0,75308,37681,1555204.897,206510.0,211010.0,NI
61,NI2304,2023-02-24,200500.0,200580.0,196000.0,199990.0,98659,67120,1952830.16,197930.0,203700.0,NI
61,NI2304,2023-02-27,197410.0,199760.0,193920.0,194910.0,122365,77121,2405211.742,196560.0,197930.0,NI
61,NI2304,2023-02-28,197700.0,199480.0,196690.0,197930.0,106524,71679,2110917.792,198160.0,196560.0,NI
61,NI2304,2023-03-01,196370.0,196590.0,192020.0,195620.0,130601,80300,2534347.583,194050.0,198160.0,NI
61,NI2304,2023-03-02,195600.0,197300.0,187200.0,188180.0,156307,86550,2988342.243,191180.0,194050.0,NI
61,NI2304,2023-03-03,187610.0,188390.0,185200.0,187090.0,122393,81040,2284632.231,186660.0,191180.0,NI
61,NI2304,2023-03-06,188090.0,190980.0,187330.0,188620.0,111127,75865,2105483.711,189460.0,186660.0,NI
61,NI2304,2023-03-07,188620.0,191440.0,187630.0,188780.0,106660,74471,2021240.837,189500.0,189460.0,NI
61,NI2304,2023-03-08,189000.0,189980.0,185580.0,186830.0,129214,79923,2426032.267,187750.0,189500.0,NI
61,NI2304,2023-03-09,186500.0,189170.0,184600.0,186510.0,111131,70346,2079005.459,187070.0,187750.0,NI
61,NI2304,2023-03-10,185670.0,186790.0,179580.0,179670.0,131329,81812,2405526.582,183160.0,187070.0,NI
61,NI2304,2023-03-13,179670.0,181000.0,174070.0,178300.0,144138,75836,2563074.677,177820.0,183160.0,NI
61,NI2304,2023-03-14,177440.0,180040.0,175710.0,177570.0,118622,68929,2111283.069,177980.0,177820.0,NI
61,NI2304,2023-03-15,179300.0,179770.0,176120.0,176560.0,111078,68125,1977055.925,177980.0,177980.0,NI
60,NI2304,2023-03-16,176600.0,178750.0,171350.0,173890.0,134980,69047,2364721.174,175190.0,177980.0,NI
60,NI2304,2023-03-17,175180.0,178900.0,174310.0,175960.0,122735,62981,2162700.72,176200.0,175190.0,NI
60,NI2304,2023-03-20,175980.0,180400.0,174030.0,174860.0,111226,60016,1979228.297,177940.0,176200.0,NI
60,NI2304,2023-03-21,176000.0,177380.0,171880.0,173510.0,93319,57457,1631606.279,174840.0,177940.0,NI
60,NI2304,2023-03-22,174630.0,178070.0,172810.0,177310.0,90592,54758,1581238.158,174540.0,174840.0,NI
60,NI2304,2023-03-23,176890.0,177670.0,171500.0,173060.0,89780,53141,1570008.934,174870.0,174540.0,NI
60,NI2304,2023-03-24,173570.0,182770.0,172650.0,181410.0,116342,50001,2060547.263,177110.0,174870.0,NI
61,NI2305,2023-03-27,178860.0,181480.0,172430.0,174400.0,113047,67774,2011001.267,177890.0,173910.0,NI
61,NI2305,2023-03-28,179100.0,180170.0,176010.0,179060.0,112287,71936,2000485.743,178150.0,177890.0,NI
61,NI2305,2023-03-29,180100.0,183500.0,177400.0,179550.0,133207,75886,2413377.935,181170.0,178150.0,NI
61,NI2305,2023-03-30,180730.0,181500.0,175250.0,176580.0,133419,77466,2367928.414,177480.0,181170.0,NI
61,NI2305,2023-03-31,175800.0,177300.0,173210.0,174170.0,126312,79306,2209582.001,174930.0,177480.0,NI
61,NI2305,2023-04-03,176100.0,180980.0,175200.0,179900.0,156412,82398,2788307.569,178260.0,174930.0,NI
61,NI2305,2023-04-04,180450.0,181610.0,175220.0,176860.0,129427,73839,2307959.488,178320.0,178260.0,NI
61,NI2305,2023-04-06,174200.0,175660.0,172000.0,173350.0,80855,75475,1402235.64,173420.0,178320.0,NI
61,NI2305,2023-04-07,174330.0,179970.0,172930.0,179300.0,152671,83751,2702799.176,177030.0,173420.0,NI
61,NI2305,2023-04-10,177810.0,180880.0,176460.0,178530.0,134137,75938,2399474.382,178880.0,177030.0,NI
61,NI2305,2023-04-11,178310.0,180320.0,176000.0,180000.0,129386,81202,2300797.217,177820.0,178880.0,NI
61,NI2305,2023-04-12,180000.0,183800.0,179800.0,182460.0,144220,76178,2625198.406,182020.0,177820.0,NI
61,NI2305,2023-04-13,181640.0,183160.0,180360.0,181290.0,116848,73985,2123006.073,181680.0,182020.0,NI
61,NI2305,2023-04-14,183010.0,186800.0,182000.0,185250.0,141799,73567,2617412.68,184580.0,181680.0,NI
61,NI2305,2023-04-17,187060.0,191630.0,185120.0,189830.0,168420,71565,3165547.19,187950.0,184580.0,NI
60,NI2305,2023-04-18,190860.0,191150.0,185590.0,188720.0,141259,67471,2656092.252,188020.0,187950.0,NI
60,NI2305,2023-04-19,190360.0,197800.0,189790.0,195910.0,186684,75413,3645850.571,195290.0,188020.0,NI
61,NI2306,2023-04-20,188630.0,193810.0,187770.0,190410.0,152162,72242,2897539.347,190420.0,190670.0,NI
61,NI2306,2023-04-21,193030.0,193060.0,185030.0,185200.0,236912,86115,4453821.025,187990.0,190420.0,NI
61,NI2306,2023-04-24,185000.0,185980.0,180620.0,181900.0,229802,81951,4203124.107,182900.0,187990.0,NI
61,NI2306,2023-04-25,182440.0,185070.0,181280.0,183140.0,206051,83484,3773059.518,183110.0,182900.0,NI
61,NI2306,2023-04-26,181610.0,182280.0,176620.0,179570.0,242044,74187,4337725.924,179210.0,183110.0,NI
61,NI2306,2023-04-27,179860.0,181650.0,178420.0,179420.0,191043,68357,3438428.448,179980.0,179210.0,NI
61,NI2306,2023-04-28,179960.0,184600.0,179000.0,182320.0,208819,65877,3802454.757,182090.0,179980.0,NI
61,NI2306,2023-05-04,185020.0,189000.0,184450.0,187280.0,122634,68703,2294916.301,187130.0,182090.0,NI
61,NI2306,2023-05-05,187800.0,187840.0,181020.0,183260.0,209533,70650,3840055.448,183260.0,187130.0,NI
61,NI2306,2023-05-08,182700.0,187200.0,182420.0,185130.0,216911,69669,4006365.23,184700.0,183260.0,NI
61,NI2306,2023-05-09,185250.0,186490.0,179670.0,179710.0,205173,71654,3766167.969,183560.0,184700.0,NI
61,NI2306,2023-05-10,180450.0,180490.0,178000.0,179460.0,189071,72105,3387834.938,179180.0,183560.0,NI
61,NI2306,2023-05-11,177350.0,177920.0,169450.0,169580.0,299380,80266,5152216.332,172090.0,179180.0,NI
61,NI2306,2023-05-12,168960.0,169870.0,167110.0,168910.0,236500,75734,3983344.861,168420.0,172090.0,NI
61,NI2306,2023-05-15,170000.0,172550.0,169100.0,170850.0,221367,74977,3779529.587,170730.0,168420.0,NI
60,NI2306,2023-05-16,171000.0,171490.0,164040.0,165500.0,284423,75705,4750922.053,167030.0,170730.0,NI
60,NI2306,2023-05-17,165000.0,166630.0,162530.0,165300.0,250621,74013,4121752.35,164460.0,167030.0,NI
60,NI2306,2023-05-18,166310.0,168500.0,164120.0,165450.0,265369,66066,4411530.916,166240.0,164460.0,NI
60,NI2306,2023-05-19,165790.0,167320.0,161200.0,167300.0,279870,63568,4572057.231,163360.0,166240.0,NI
60,NI2306,2023-05-22,169000.0,169350.0,164010.0,166310.0,275331,56322,4585832.621,166550.0,163360.0,NI
60,NI2306,2023-05-23,167150.0,168730.0,162400.0,162500.0,231211,50296,3846036.041,166340.0,166550.0,NI
60,NI2306,2023-05-24,162560.0,167420.0,162050.0,167070.0,236305,41138,3875874.793,164020.0,166340.0,NI
60,NI2306,2023-05-25,166380.0,169490.0,162800.0,169080.0,235676,38451,3912240.492,166000.0,164020.0,NI
61,NI2307,2023-05-26,162500.0,163220.0,159520.0,162470.0,192926,95639,3110624.431,161230.0,158470.0,NI
61,NI2307,2023-05-29,163590.0,163700.0,158310.0,162140.0,212546,99825,3430573.626,161400.0,161230.0,NI
61,NI2307,2023-05-30,162140.0,167500.0,160300.0,163790.0,265675,100810,4356788.201,163980.0,161400.0,NI
61,NI2307,2023-05-31,163910.0,164530.0,155800.0,156100.0,288748,108001,4621873.928,160060.0,163980.0,NI
61,NI2307,2023-06-01,155000.0,159940.0,153050.0,159790.0,307207,102983,4815084.329,156730.0,160060.0,NI
61,NI2307,2023-06-02,159790.0,163450.0,158230.0,163060.0,244116,91226,3930351.686,161000.0,156730.0,NI
61,NI2307,2023-06-05,162500.0,162920.0,156380.0,158160.0,239356,98143,3821109.72,159640.0,161000.0,NI
61,NI2307,2023-06-06,158650.0,160800.0,157200.0,158590.0,203604,88214,3235049.398,158880.0,159640.0,NI
61,NI2307,2023-06-07,159500.0,162460.0,158720.0,159090.0,210385,92157,3378034.098,160560.0,158880.0,NI
61,NI2307,2023-06-08,159530.0,163200.0,158200.0,158980.0,233249,92060,3754590.582,160960.0,160560.0,NI
61,NI2307,2023-06-09,160270.0,162750.0,157210.0,162640.0,279110,96035,4464449.68,159950.0,160960.0,NI
61,NI2307,2023-06-12,163150.0,164660.0,161250.0,163500.0,240806,89131,3924574.488,162970.0,159950.0,NI
61,NI2307,2023-06-13,163490.0,164400.0,159140.0,161310.0,240617,88037,3878870.275,161200.0,162970.0,NI
61,NI2307,2023-06-14,162810.0,171430.0,162810.0,169950.0,285828,90875,4778969.675,167190.0,161200.0,NI
61,NI2307,2023-06-15,171370.0,173390.0,169620.0,171110.0,219789,80272,3773596.977,171690.0,167190.0,NI
60,NI2307,2023-06-16,172600.0,174340.0,171530.0,173320.0,199059,78845,3439659.969,172790.0,171690.0,NI
60,NI2307,2023-06-19,173640.0,173890.0,167540.0,168560.0,205481,68150,3495563.066,170110.0,172790.0,NI
60,NI2307,2023-06-20,168180.0,169490.0,167200.0,168410.0,130978,58709,2205263.82,168360.0,170110.0,NI
60,NI2307,2023-06-21,167170.0,169800.0,166500.0,167950.0,127970,52597,2146260.433,167710.0,168360.0,NI
60,NI2307,2023-06-26,165870.0,167490.0,162500.0,163500.0,83091,43962,1366751.89,164480.0,167710.0,NI
61,NI2308,2023-06-27,158250.0,160100.0,157350.0,159450.0,121154,94157,1921568.256,158600.0,161730.0,NI
61,NI2308,2023-06-28,159150.0,159900.0,157000.0,157910.0,130834,99330,2075856.696,158660.0,158600.0,NI
61,NI2308,2023-06-29,155370.0,157000.0,153700.0,155190.0,180860,108735,2810453.308,155390.0,158660.0,NI
61,NI2308,2023-06-30,155050.0,158550.0,154790.0,157500.0,169867,100072,2669466.999,157150.0,155390.0,NI
61,NI2308,2023-07-03,156800.0,160930.0,156600.0,159240.0,172854,101453,2753290.91,159280.0,157150.0,NI
61,NI2308,2023-07-04,158700.0,160110.0,158140.0,159500.0,136065,93867,2165144.273,159120.0,159280.0,NI
61,NI2308,2023-07-05,158950.0,159400.0,157000.0,158290.0,147482,99435,2332317.549,158140.0,159120.0,NI
61,NI2308,2023-07-06,158980.0,167080.0,158500.0,165760.0,270305,110809,4425025.998,163700.0,158140.0,NI
61,NI2308,2023-07-07,165000.0,166170.0,163350.0,163440.0,157139,92877,2590329.21,164840.0,163700.0,NI
61,NI2308,2023-07-10,162550.0,163300.0,160550.0,161030.0,151740,92554,2458636.541,162020.0,164840.0,NI
61,NI2308,2023-07-11,161260.0,164500.0,161260.0,164020.0,152813,85584,2498930.557,163520.0,162020.0,NI
61,NI2308,2023-07-12,162660.0,165410.0,162110.0,165090.0,153649,91108,2513470.528,163580.0,163520.0,NI
61,NI2308,2023-07-13,165500.0,169860.0,165500.0,166890.0,192216,94633,3232901.333,168190.0,163580.0,NI
61,NI2308,2023-07-14,166890.0,168350.0,165110.0,166200.0,171285,86549,2856453.487,166760.0,168190.0,NI
61,NI2308,2023-07-17,168240.0,170770.0,164600.0,165080.0,220512,92241,3692801.095,167460.0,166760.0,NI
60,NI2308,2023-07-18,164330.0,164980.0,161130.0,164810.0,166753,80536,2719404.458,163070.0,167460.0,NI
60,NI2308,2023-07-19,163470.0,167460.0,163080.0,165370.0,160433,78753,2654919.164,165480.0,163070.0,NI
60,NI2308,2023-07-20,165500.0,171460.0,165250.0,170490.0,199501,81128,3353006.112,168060.0,165480.0,NI
60,NI2308,2023-07-21,170900.0,171760.0,167890.0,170530.0,159577,74566,2708184.454,169710.0,168060.0,NI
60,NI2308,2023-07-24,169040.0,171490.0,167300.0,168910.0,169974,70119,2876190.261,169210.0,169710.0,NI
60,NI2308,2023-07-25,168400.0,172600.0,168400.0,170930.0,159002,60741,2719509.485,171030.0,169210.0,NI
60,NI2308,2023-07-26,171470.0,174220.0,170390.0,172990.0,139856,46598,2415506.601,172710.0,171030.0,NI
61,NI2309,2023-07-27,170410.0,172120.0,167600.0,168400.0,182369,97692,3096023.74,169760.0,171090.0,NI
61,NI2309,2023-07-28,168940.0,170500.0,168120.0,170460.0,165702,98054,2804947.222,169270.0,169760.0,NI
61,NI2309,2023-07-31,171250.0,173470.0,170540.0,172260.0,192087,99553,3305104.71,172060.0,169270.0,NI
61,NI2309,2023-08-01,172000.0,173920.0,170450.0,171270.0,182926,89813,3150369.458,172220.0,172060.0,NI
61,NI2309,2023-08-02,172000.0,173200.0,171420.0,172020.0,148287,90896,2555577.8,172330.0,172220.0,NI
61,NI2309,2023-08-03,170360.0,170360.0,166820.0,167580.0,184068,92342,3091488.696,167950.0,172330.0,NI
61,NI2309,2023-08-04,168080.0,171850.0,167800.0,169970.0,159681,86513,2709475.62,169680.0,167950.0,NI
61,NI2309,2023-08-07,168110.0,168180.0,165480.0,166080.0,154592,85795,2573526.63,166470.0,169680.0,NI
61,NI2309,2023-08-08,167000.0,167630.0,165870.0,165940.0,110331,75622,1838931.663,166670.0,166470.0,NI
61,NI2309,2023-08-09,164600.0,166600.0,164000.0,166580.0,106043,77076,1753966.636,165400.0,166670.0,NI
61,NI2309,2023-08-10,164500.0,165260.0,163040.0,163950.0,125729,76423,2064538.402,164200.0,165400.0,NI
61,NI2309,2023-08-11,164030.0,165670.0,163550.0,165280.0,104503,69193,1721789.931,164750.0,164200.0,NI
61,NI2309,2023-08-14,163000.0,167000.0,162630.0,164710.0,133040,72916,2193359.398,164860.0,164750.0,NI
61,NI2309,2023-08-15,163050.0,165450.0,162030.0,164980.0,125621,64670,2056746.971,163720.0,164860.0,NI
60,NI2309,2023-08-16,163330.0,164270.0,161230.0,162300.0,110446,65901,1796264.241,162630.0,163720.0,NI
60,NI2309,2023-08-17,163200.0,165300.0,163040.0,164960.0,112493,57804,1845809.625,164080.0,162630.0,NI
60,NI2309,2023-08-18,166380.0,168720.0,166260.0,167170.0,98590,57899,1651916.073,167550.0,164080.0,NI
60,NI2309,2023-08-21,166440.0,167970.0,166020.0,166620.0,93953,50385,1569681.136,167070.0,167550.0,NI
61,NI2310,2023-08-22,166610.0,168670.0,165530.0,168400.0,115539,56961,1931916.842,167200.0,165980.0,NI
61,NI2310,2023-08-23,168900.0,169480.0,167200.0,168590.0,150856,67203,2543621.45,168610.0,167200.0,NI
61,NI2310,2023-08-24,169270.0,170490.0,167820.0,167980.0,177013,67395,2997870.911,169350.0,168610.0,NI
61,NI2310,2023-08-25,167980.0,170270.0,167500.0,169500.0,168804,69664,2855425.343,169150.0,169350.0,NI
61,NI2310,2023-08-28,169490.0,171000.0,166340.0,167070.0,206769,66041,3493836.711,168970.0,169150.0,NI
61,NI2310,2023-08-29,167070.0,167780.0,164040.0,164950.0,153118,62067,2543829.886,166130.0,168970.0,NI
61,NI2310,2023-08-30,164950.0,165990.0,164630.0,165800.0,126168,61388,2086157.098,165340.0,166130.0,NI
61,NI2310,2023-08-31,165300.0,166800.0,163510.0,164840.0,170845,63245,2825205.166,165360.0,165340.0,NI
61,NI2310,2023-09-01,164410.0,168460.0,163470.0,168200.0,182314,62738,3021764.481,165740.0,165360.0,NI
61,NI2310,2023-09-04,169780.0,173770.0,168700.0,170710.0,257995,66919,4414806.326,171110.0,165740.0,NI
61,NI2310,2023-09-05,170000.0,171850.0,168640.0,171800.0,168520,65493,2868995.226,170240.0,171110.0,NI
61,NI2310,2023-09-06,172000.0,173980.0,171050.0,171860.0,158934,66036,2735220.589,172090.0,170240.0,NI
61,NI2310,2023-09-07,170210.0,170900.0,166600.0,167620.0,203511,63250,3438662.337,168960.0,172090.0,NI
61,NI2310,2023-09-08,167890.0,168220.0,165400.0,166220.0,143842,57413,2399876.829,166840.0,168960.0,NI
61,NI2310,2023-09-11,165950.0,167280.0,165200.0,166450.0,137299,58847,2280148.621,166070.0,166840.0,NI
61,NI2310,2023-09-12,166450.0,167280.0,162020.0,162170.0,182309,62268,3011066.187,165160.0,166070.0,NI
61,NI2310,2023-09-13,162990.0,163130.0,160630.0,161600.0,140385,61222,2276121.583,162130.0,165160.0,NI
61,NI2310,2023-09-14,161190.0,162360.0,159390.0,162300.0,154134,57225,2480314.526,160910.0,162130.0,NI
61,NI2310,2023-09-15,163090.0,163630.0,161820.0,162800.0,119759,52921,1949133.415,162750.0,160910.0,NI
60,NI2310,2023-09-18,162100.0,163000.0,160260.0,162900.0,152595,50979,2465483.8,161570.0,162750.0,NI
60,NI2310,2023-09-19,162250.0,162730.0,160010.0,161670.0,123588,48971,1996015.305,161500.0,161570.0,NI
60,NI2310,2023-09-20,161500.0,165870.0,160950.0,163540.0,168645,39539,2757907.548,163530.0,161500.0,NI
60,NI2310,2023-09-21,162270.0,162720.0,157480.0,157480.0,188519,43290,3013752.485,159860.0,163530.0,NI
60,NI2310,2023-09-22,156600.0,157900.0,156010.0,157210.0,133076,35129,2087192.153,156840.0,159860.0,NI
61,NI2311,2023-09-25,157300.0,158420.0,156510.0,157210.0,146028,67316,2297384.822,157320.0,156520.0,NI
61,NI2311,2023-09-26,156690.0,157640.0,155100.0,155200.0,177053,73462,2771351.555,156520.0,157320.0,NI
61,NI2311,2023-09-27,154800.0,155000.0,149610.0,149990.0,209546,85435,3184006.301,151940.0,156520.0,NI
61,NI2311,2023-09-28,151520.0,153950.0,150820.0,151910.0,194947,70197,2969346.173,152310.0,151940.0,NI
61,NI2311,2023-10-09,150370.0,151680.0,148000.0,150990.0,101200,69478,1514941.785,149690.0,152310.0,NI
61,NI2311,2023-10-10,151970.0,153880.0,151300.0,151650.0,175014,63849,2671283.005,152630.0,149690.0,NI
61,NI2311,2023-10-11,151190.0,151800.0,149110.0,150710.0,168410,67903,2533939.479,150460.0,152630.0,NI
61,NI2311,2023-10-12,149950.0,152630.0,147400.0,152330.0,194997,67082,2925296.932,150010.0,150460.0,NI
61,NI2311,2023-10-13,152330.0,153550.0,150400.0,151220.0,137013,66202,2079920.998,151800.0,150010.0,NI
61,NI2311,2023-10-16,151820.0,153650.0,151020.0,152380.0,171411,65864,2610707.223,152300.0,151800.0,NI
60,NI2311,2023-10-17,152980.0,153260.0,149430.0,149760.0,175774,69382,2654813.375,151030.0,152300.0,NI
60,NI2311,2023-10-18,149760.0,151800.0,148970.0,149530.0,163206,65984,2458775.39,150650.0,151030.0,NI
60,NI2311,2023-10-19,150210.0,152200.0,148660.0,148920.0,178592,67393,2683850.562,150270.0,150650.0,NI
60,NI2311,2023-10-20,149680.0,151670.0,145230.0,146000.0,224074,69117,3343164.731,149190.0,150270.0,NI
60,NI2311,2023-10-23,148170.0,149700.0,147440.0,148710.0,174582,53740,2596445.166,148720.0,149190.0,NI
60,NI2311,2023-10-24,148200.0,148780.0,145750.0,147560.0,170594,52036,2508316.344,147030.0,148720.0,NI
60,NI2311,2023-10-25,146500.0,149060.0,146300.0,147900.0,134346,44159,1982735.511,147580.0,147030.0,NI
60,NI2311,2023-10-26,148980.0,148980.0,145880.0,146990.0,128298,33932,1894807.552,147680.0,147580.0,NI
61,NI2312,2023-10-27,145400.0,146100.0,143750.0,145590.0,134246,72429,1946898.96,145020.0,146620.0,NI
61,NI2312,2023-10-30,146750.0,146980.0,145740.0,146470.0,146210,77025,2139297.86,146310.0,145020.0,NI
61,NI2312,2023-10-31,147300.0,147430.0,142620.0,143580.0,210998,89760,3052852.504,144680.0,146310.0,NI
61,NI2312,2023-11-01,143470.0,143500.0,140200.0,140640.0,185689,98619,2627896.549,141520.0,144680.0,NI
61,NI2312,2023-11-02,141370.0,142840.0,140550.0,140830.0,155463,95911,2201850.745,141630.0,141520.0,NI
61,NI2312,2023-11-03,141570.0,143460.0,141110.0,142830.0,187517,86535,2664494.764,142090.0,141630.0,NI
61,NI2312,2023-11-06,142830.0,143860.0,141700.0,142840.0,166812,83216,2386375.191,143050.0,142090.0,NI
61,NI2312,2023-11-07,143110.0,143680.0,140920.0,141450.0,183071,90968,2611742.57,142660.0,143050.0,NI
61,NI2312,2023-11-08,140470.0,141440.0,137000.0,141240.0,249577,91380,3473720.945,139180.0,142660.0,NI
61,NI2312,2023-11-09,140330.0,142820.0,140320.0,142270.0,182952,80711,2595667.224,141870.0,139180.0,NI
61,NI2312,2023-11-10,141450.0,142660.0,139320.0,140280.0,197842,85308,2799502.622,141500.0,141870.0,NI
61,NI2312,2023-11-13,139110.0,140250.0,136600.0,139660.0,274382,90187,3793616.239,138260.0,141500.0,NI
61,NI2312,2023-11-14,138430.0,139750.0,137300.0,138270.0,203570,87052,2818254.835,138440.0,138260.0,NI
61,NI2312,2023-11-15,138710.0,139910.0,138200.0,139300.0,194964,82159,2713023.222,139150.0,138440.0,NI
60,NI2312,2023-11-16,139220.0,139840.0,137600.0,138810.0,200550,80232,2787093.713,138970.0,139150.0,NI
60,NI2312,2023-11-17,138000.0,138470.0,135010.0,136290.0,219427,83428,3001365.353,136780.0,138970.0,NI
60,NI2312,2023-11-20,135780.0,136700.0,134220.0,134950.0,188385,79698,2552089.504,135470.0,136780.0,NI
60,NI2312,2023-11-21,134950.0,135730.0,132370.0,132510.0,215421,75013,2890087.391,134150.0,135470.0,NI
60,NI2312,2023-11-22,132510.0,133980.0,129080.0,129410.0,213933,64775,2823790.746,131990.0,134150.0,NI
60,NI2312,2023-11-23,129730.0,130550.0,126440.0,127720.0,210061,55185,2700417.837,128550.0,131990.0,NI
61,NI2401,2023-11-24,127860.0,129660.0,127150.0,128700.0,189848,100880,2441905.229,128620.0,127900.0,NI
61,NI2401,2023-11-27,127500.0,127500.0,121880.0,122780.0,377701,119789,4695047.572,124300.0,128620.0,NI
61,NI2401,2023-11-28,123400.0,129850.0,122710.0,129160.0,429883,105652,5395101.21,125500.0,124300.0,NI
61,NI2401,2023-11-29,129160.0,132680.0,128010.0,131110.0,443479,99042,5768521.681,130070.0,125500.0,NI
61,NI2401,2023-11-30,131590.0,134670.0,130260.0,131210.0,463346,97087,6151913.719,132770.0,130070.0,NI
61,NI2401,2023-12-01,130000.0,131760.0,128020.0,129380.0,426868,95936,5524632.764,129420.0,132770.0,NI
61,NI2401,2023-12-04,131380.0,132170.0,127080.0,128460.0,429899,97124,5594630.008,130130.0,129420.0,NI
61,NI2401,2023-12-05,128140.0,129640.0,125010.0,125120.0,341113,97782,4355817.315,127690.0,130130.0,NI
61,NI2401,2023-12-06,125250.0,130840.0,123200.0,130550.0,436397,93548,5526749.131,126640.0,127690.0,NI
61,NI2401,2023-12-07,129810.0,131760.0,126380.0,130540.0,359487,113125,4652822.057,129420.0,126640.0,NI
61,NI2401,2023-12-08,129350.0,135450.0,127710.0,133820.0,424314,107304,5594473.923,131840.0,129420.0,NI
61,NI2401,2023-12-11,133530.0,134760.0,130520.0,132060.0,295767,99025,3931939.766,132940.0,131840.0,NI
61,NI2401,2023-12-12,131090.0,132880.0,129310.0,131800.0,243789,97142,3201668.122,131320.0,132940.0,NI
61,NI2401,2023-12-13,131320.0,133170.0,128790.0,130400.0,276959,97770,3630534.061,131080.0,131320.0,NI
61,NI2401,2023-12-14,130000.0,132960.0,129980.0,132130.0,217040,86873,2855092.078,131540.0,131080.0,NI
61,NI2401,2023-12-15,134280.0,134500.0,130770.0,132080.0,209322,90818,2778777.398,132750.0,131540.0,NI
60,NI2401,2023-12-18,133540.0,134200.0,132230.0,133390.0,210342,83682,2804928.987,133350.0,132750.0,NI
60,NI2401,2023-12-19,132820.0,133090.0,128510.0,131070.0,193523,78604,2538611.546,131170.0,133350.0,NI
60,NI2401,2023-12-20,132000.0,132880.0,130150.0,131200.0,185166,75452,2435081.843,131500.0,131170.0,NI
60,NI2401,2023-12-21,131060.0,132000.0,128310.0,129830.0,184619,70466,2406832.475,130360.0,131500.0,NI
60,NI2401,2023-12-22,130990.0,132580.0,130210.0,130740.0,170792,61014,2241514.311,131240.0,130360.0,NI
61,NI2402,2023-12-25,129870.0,131790.0,127200.0,130980.0,178641,89950,2315723.111,129620.0,131180.0,NI
61,NI2402,2023-12-26,130970.0,132000.0,129100.0,129140.0,199255,99432,2601213.593,130540.0,129620.0,NI
61,NI2402,2023-12-27,129000.0,130600.0,128550.0,129550.0,207551,101527,2690007.451,129600.0,130540.0,NI
61,NI2402,2023-12-28,129650.0,131370.0,128860.0,129510.0,239332,99868,3117641.555,130260.0,129600.0,NI
61,NI2402,2023-12-29,129180.0,129930.0,125120.0,125210.0,234264,116347,3002570.577,128170.0,130260.0,NI
61,NI2402,2024-01-02,125640.0,128060.0,125350.0,127510.0,95576,104829,1213727.954,126990.0,128170.0,NI
61,NI2402,2024-01-03,128010.0,128980.0,127030.0,128090.0,151673,102473,1941777.393,128020.0,126990.0,NI
61,NI2402,2024-01-04,126850.0,127690.0,124280.0,125400.0,188111,114277,2374259.155,126210.0,128020.0,NI
61,NI2402,2024-01-05,125400.0,125650.0,122750.0,123540.0,169874,120384,2108953.003,124140.0,126210.0,NI
61,NI2402,2024-01-08,123300.0,125470.0,123110.0,124450.0,160545,113302,1998900.733,124500.0,124140.0,NI
61,NI2402,2024-01-09,124380.0,126380.0,123500.0,125750.0,172750,103590,2161362.713,125110.0,124500.0,NI
61,NI2402,2024-01-10,125110.0,125550.0,124300.0,124920.0,135475,101743,1693974.89,125030.0,125110.0,NI
61,NI2402,2024-01-11,124700.0,129380.0,124600.0,128970.0,193673,96071,2465480.112,127300.0,125030.0,NI
61,NI2402,2024-01-12,128700.0,129720.0,128230.0,129420.0,138013,81679,1780318.83,128990.0,127300.0,NI
61,NI2402,2024-01-15,128760.0,129020.0,126210.0,127200.0,142052,85292,1814370.731,127720.0,128990.0,NI
60,NI2402,2024-01-16,126680.0,128000.0,126020.0,126850.0,117260,80044,1489209.788,127000.0,127720.0,NI
60,NI2402,2024-01-17,127300.0,128460.0,126520.0,127030.0,125543,77420,1602464.477,127640.0,127000.0,NI
60,NI2402,2024-01-18,126000.0,128500.0,125610.0,128260.0,136514,72522,1737389.882,127260.0,127640.0,NI
60,NI2402,2024-01-19,127780.0,129300.0,127330.0,127950.0,114920,66320,1472744.127,128150.0,127260.0,NI
60,NI2402,2024-01-22,127750.0,128500.0,125280.0,125940.0,118246,66705,1499921.83,126840.0,128150.0,NI
61,NI2403,2024-01-23,125600.0,131000.0,125600.0,129790.0,149575,76687,1916453.972,128120.0,126930.0,NI
61,NI2403,2024-01-24,130000.0,130430.0,128700.0,129780.0,149788,84787,1940156.405,129520.0,128120.0,NI
61,NI2403,2024-01-25,130370.0,130880.0,129030.0,129720.0,157162,83879,2040740.429,129840.0,129520.0,NI
61,NI2403,2024-01-26,130330.0,132130.0,129810.0,130400.0,230299,84038,3019673.448,131110.0,129840.0,NI
61,NI2403,2024-01-29,131200.0,132350.0,128790.0,129280.0,209209,80587,2727503.726,130370.0,131110.0,NI
61,NI2403,2024-01-30,129800.0,129800.0,126760.0,127190.0,191432,84426,2455987.282,128290.0,130370.0,NI
61,NI2403,2024-01-31,127000.0,127880.0,126280.0,126990.0,159207,83836,2024829.176,127180.0,128290.0,NI
61,NI2403,2024-02-01,127530.0,127600.0,125780.0,126240.0,176062,88064,2231008.558,126710.0,127180.0,NI
61,NI2403,2024-02-02,126320.0,127300.0,125600.0,126430.0,156984,84894,1988260.844,126650.0,126710.0,NI
61,NI2403,2024-02-05,126870.0,127140.0,122000.0,124860.0,227740,90876,2858592.484,125520.0,126650.0,NI
61,NI2403,2024-02-06,124860.0,125640.0,123760.0,124960.0,157341,87278,1959403.698,124530.0,125520.0,NI
61,NI2403,2024-02-07,123860.0,124750.0,123620.0,124050.0,131406,84655,1630749.501,124100.0,124530.0,NI
61,NI2403,2024-02-08,125720.0,126500.0,124120.0,126250.0,123369,68706,1548963.378,125550.0,124100.0,NI
61,NI2403,2024-02-19,126650.0,127200.0,125480.0,125900.0,58759,68616,742146.331,126300.0,125550.0,NI
60,NI2403,2024-02-20,126850.0,127880.0,126360.0,126570.0,104262,64805,1326150.099,127190.0,126300.0,NI
60,NI2403,2024-02-21,126630.0,128680.0,126030.0,128280.0,130207,59228,1657587.9,127300.0,127190.0,NI
60,NI2403,2024-02-22,128650.0,131470.0,128400.0,131320.0,165182,51856,2145737.557,129900.0,127300.0,NI
60,NI2403,2024-02-23,132230.0,136640.0,132230.0,135620.0,231379,44343,3106691.029,134260.0,129900.0,NI
62,NI2405,2024-02-26,136040.0,136560.0,132880.0,133160.0,197468,93704,2661312.563,134770.0,134770.0,NI
62,NI2405,2024-02-27,133830.0,134470.0,132010.0,134210.0,224497,111271,2992366.991,133290.0,134770.0,NI
62,NI2405,2024-02-28,135000.0,136660.0,134270.0,134290.0,316769,119195,4289610.532,135410.0,133290.0,NI
62,NI2405,2024-02-29,134500.0,138660.0,134000.0,137710.0,415432,133747,5689391.413,136950.0,135410.0,NI
62,NI2405,2024-03-01,138180.0,138660.0,136760.0,137070.0,346666,136268,4777989.556,137820.0,136950.0,NI
62,NI2405,2024-03-04,135500.0,139040.0,135000.0,136620.0,400769,134693,5498295.018,137190.0,137820.0,NI
62,NI2405,2024-03-05,138000.0,138470.0,136240.0,136420.0,274653,133503,3772793.777,137360.0,137190.0,NI
62,NI2405,2024-03-06,137260.0,137470.0,133630.0,135240.0,334861,133718,4539565.894,135560.0,137360.0,NI
62,NI2405,2024-03-07,135950.0,136660.0,135030.0,136120.0,249048,133244,3384145.956,135880.0,135560.0,NI
62,NI2405,2024-03-08,137410.0,138500.0,136610.0,138480.0,283336,137210,3895674.87,137490.0,135880.0,NI
62,NI2405,2024-03-11,138810.0,138950.0,136110.0,137640.0,277511,132291,3817503.353,137560.0,137490.0,NI
62,NI2405,2024-03-12,138330.0,142000.0,137870.0,140290.0,454148,139497,6372095.001,140300.0,137560.0,NI
62,NI2405,2024-03-13,140800.0,142860.0,139680.0,142050.0,405276,144479,5729884.168,141380.0,140300.0,NI
62,NI2405,2024-03-14,141420.0,143100.0,139960.0,140280.0,441342,142858,6258003.49,141790.0,141380.0,NI
62,NI2405,2024-03-15,140230.0,142080.0,139350.0,141870.0,361918,140807,5090206.078,140640.0,141790.0,NI
61,NI2405,2024-03-18,142030.0,142220.0,139050.0,139950.0,412264,143544,5791054.608,140460.0,140640.0,NI
61,NI2405,2024-03-19,139600.0,140930.0,137030.0,137460.0,397256,142685,5533806.773,139300.0,140460.0,NI
61,NI2405,2024-03-20,137000.0,138070.0,135400.0,136560.0,323881,135141,4430529.262,136790.0,139300.0,NI
61,NI2405,2024-03-21,136360.0,138190.0,135660.0,137980.0,312534,133256,4278485.095,136890.0,136790.0,NI
61,NI2405,2024-03-22,137600.0,137800.0,134210.0,134710.0,319158,127925,4337231.597,135890.0,136890.0,NI
61,NI2405,2024-03-25,135110.0,135910.0,133000.0,133330.0,276110,122710,3716117.393,134580.0,135890.0,NI
61,NI2405,2024-03-26,132880.0,133940.0,131330.0,131780.0,255134,121021,3383301.865,132600.0,134580.0,NI
61,NI2405,2024-03-27,131430.0,131930.0,128650.0,129510.0,308964,119772,4024475.147,130250.0,132600.0,NI
61,NI2405,2024-03-28,128990.0,130790.0,128600.0,130530.0,265979,117198,3449962.587,129700.0,130250.0,NI
61,NI2405,2024-03-29,130810.0,131320.0,129620.0,130920.0,225647,110354,2942721.426,130410.0,129700.0,NI
61,NI2405,2024-04-01,131190.0,131680.0,129050.0,131600.0,225854,107817,2937011.726,130040.0,130410.0,NI
61,NI2405,2024-04-02,130850.0,133360.0,130840.0,132590.0,253352,102183,3353897.754,132380.0,130040.0,NI
61,NI2405,2024-04-03,133430.0,134380.0,132600.0,133450.0,249948,92787,3341553.356,133680.0,132380.0,NI
61,NI2405,2024-04-08,135870.0,137540.0,133850.0,136620.0,189877,90380,2581174.538,135930.0,133680.0,NI
61,NI2405,2024-04-09,137630.0,138330.0,135680.0,137090.0,222839,85742,3053902.271,137040.0,135930.0,NI
61,NI2405,2024-04-10,138500.0,139950.0,137950.0,139680.0,273596,81592,3809906.529,139250.0,137040.0,NI
61,NI2405,2024-04-11,141970.0,142000.0,138700.0,139610.0,286638,75201,4010629.414,139910.0,139250.0,NI
61,NI2405,2024-04-12,138820.0,138990.0,136170.0,138250.0,284160,71288,3904356.808,137390.0,139910.0,NI
61,NI2405,2024-04-15,138300.0,140850.0,135060.0,139240.0,340848,66135,4720268.742,138480.0,137390.0,NI
60,NI2405,2024-04-16,138250.0,138660.0,134120.0,134540.0,279670,57583,3809361.954,136200.0,138480.0,NI
60,NI2405,2024-04-17,134890.0,136380.0,133780.0,136100.0,184585,54981,2490176.33,134900.0,136200.0,NI
60,NI2405,2024-04-18,136790.0,138300.0,136200.0,138270.0,160258,53384,2202603.48,137440.0,134900.0,NI
61,NI2406,2024-04-19,138760.0,141640.0,136320.0,141500.0,194901,88179,2714729.262,139280.0,137800.0,NI
61,NI2406,2024-04-22,143400.0,148270.0,142500.0,143580.0,428973,106773,6213418.962,144840.0,139280.0,NI
61,NI2406,2024-04-23,144110.0,146840.0,140800.0,140970.0,472233,104054,6799043.147,143970.0,144840.0,NI
61,NI2406,2024-04-24,139970.0,143360.0,139130.0,142990.0,307135,100172,4343599.435,141420.0,143970.0,NI
61,NI2406,2024-04-25,143000.0,143890.0,141070.0,143820.0,269417,96926,3840691.413,142550.0,141420.0,NI
61,NI2406,2024-04-26,143940.0,145920.0,142060.0,145870.0,269520,99522,3865977.578,143430.0,142550.0,NI
61,NI2406,2024-04-29,145000.0,145580.0,141860.0,142850.0,291042,100654,4177130.033,143520.0,143430.0,NI
61,NI2406,2024-04-30,143140.0,146460.0,142300.0,143140.0,270739,95566,3897554.978,143950.0,143520.0,NI
61,NI2406,2024-05-06,143530.0,145570.0,142500.0,145040.0,122479,91765,1766058.267,144190.0,143950.0,NI
61,NI2406,2024-05-07,145800.0,146800.0,143410.0,144170.0,221659,98178,3220938.991,145310.0,144190.0,NI
61,NI2406,2024-05-08,143580.0,144720.0,140650.0,141190.0,221666,98025,3165189.111,142790.0,145310.0,NI
61,NI2406,2024-05-09,140460.0,142470.0,140160.0,141770.0,168181,90022,2379943.479,141510.0,142790.0,NI
61,NI2406,2024-05-10,141790.0,144800.0,141700.0,144760.0,207668,85095,2969377.793,142980.0,141510.0,NI
61,NI2406,2024-05-13,143920.0,144520.0,142000.0,143510.0,207092,79961,2972621.531,143540.0,142980.0,NI
61,NI2406,2024-05-14,143880.0,145650.0,142700.0,144460.0,199212,80017,2877249.347,144430.0,143540.0,NI
61,NI2406,2024-05-15,144460.0,145880.0,142280.0,144380.0,215865,78586,3112050.05,144160.0,144430.0,NI
60,NI2406,2024-05-16,144870.0,147460.0,144300.0,146620.0,240731,78605,3511331.417,145860.0,144160.0,NI
60,NI2406,2024-05-17,146620.0,154690.0,145950.0,153460.0,348541,82357,5239149.496,150310.0,145860.0,NI
60,NI2406,2024-05-20,155010.0,159800.0,154230.0,157390.0,335163,75518,5231486.725,156080.0,150310.0,NI
60,NI2406,2024-05-21,156600.0,160500.0,154810.0,157810.0,293344,63713,4628804.195,157790.0,156080.0,NI
60,NI2406,2024-05-22,158980.0,159910.0,155540.0,157410.0,219479,60133,3462080.603,157740.0,157790.0,NI
60,NI2406,2024-05-23,154850.0,155660.0,150900.0,151410.0,208158,50313,3189596.07,153220.0,157740.0,NI
60,NI2406,2024-05-24,151510.0,153840.0,150530.0,152780.0,170966,45263,2601306.671,152150.0,153220.0,NI
60,NI2406,2024-05-27,151990.0,154140.0,151700.0,152930.0,110830,34145,1693831.79,152830.0,152150.0,NI
61,NI2407,2024-05-28,154260.0,157500.0,154060.0,155660.0,147311,85173,2301951.798,156260.0,153550.0,NI
61,NI2407,2024-05-29,155660.0,157150.0,153210.0,156410.0,196286,90854,3047363.312,155250.0,156260.0,NI
61,NI2407,2024-05-30,155010.0,155850.0,150720.0,151400.0,254279,97020,3906019.586,153610.0,155250.0,NI
61,NI2407,2024-05-31,151000.0,151780.0,148820.0,151650.0,228955,91006,3445882.749,150500.0,153610.0,NI
61,NI2407,2024-06-03,151650.0,152990.0,146030.0,147430.0,244756,90396,3659446.459,149510.0,150500.0,NI
61,NI2407,2024-06-04,147110.0,147900.0,145110.0,146580.0,201997,86369,2958279.697,146450.0,149510.0,NI
61,NI2407,2024-06-05,145000.0,145400.0,142000.0,142000.0,194730,87637,2804870.041,144030.0,146450.0,NI
61,NI2407,2024-06-06,141500.0,143300.0,140140.0,142920.0,236541,83880,3356931.139,141910.0,144030.0,NI
61,NI2407,2024-06-07,142280.0,144390.0,141810.0,142770.0,189548,79673,2712081.678,143080.0,141910.0,NI
61,NI2407,2024-06-11,140000.0,141690.0,138620.0,139610.0,111899,78043,1565115.02,139860.0,143080.0,NI
61,NI2407,2024-06-12,138880.0,140610.0,138050.0,139770.0,159100,76665,2217469.327,139370.0,139860.0,NI
61,NI2407,2024-06-13,140310.0,141180.0,136680.0,138520.0,191136,76743,2653705.69,138830.0,139370.0,NI
61,NI2407,2024-06-14,138520.0,138680.0,136130.0,137010.0,170514,74187,2342555.759,137380.0,138830.0,NI
61,NI2407,2024-06-17,136000.0,137630.0,135010.0,135170.0,203129,74513,2764996.476,136120.0,137380.0,NI
60,NI2407,2024-06-18,135000.0,136650.0,133750.0,133810.0,175668,76128,2383022.485,135650.0,136120.0,NI
60,NI2407,2024-06-19,133160.0,134580.0,132810.0,134470.0,168034,71007,2245755.186,133640.0,135650.0,NI
60,NI2407,2024-06-20,134300.0,135950.0,134150.0,135400.0,177856,70371,2403522.967,135130.0,133640.0,NI
60,NI2407,2024-06-21,135020.0,136530.0,133500.0,133510.0,153107,64627,2072679.441,135370.0,135130.0,NI
60,NI2407,2024-06-24,132950.0,135360.0,132830.0,134050.0,144319,56627,1936368.829,134170.0,135370.0,NI
60,NI2407,2024-06-25,134500.0,135780.0,133750.0,135550.0,133949,46604,1806881.884,134890.0,134170.0,NI
60,NI2407,2024-06-26,134310.0,136300.0,132470.0,136040.0,127495,38914,1709754.371,134100.0,134890.0,NI
62,NI2409,2024-06-27,135750.0,136270.0,134120.0,134200.0,113371,103971,1532876.751,135200.0,134550.0,NI
62,NI2409,2024-06-28,135140.0,136470.0,134310.0,135480.0,161026,108893,2180575.915,135410.0,135200.0,NI
62,NI2409,2024-07-01,135600.0,137870.0,134800.0,137000.0,186939,112098,2547802.607,136290.0,135410.0,NI
62,NI2409,2024-07-02,137600.0,138200.0,137010.0,138020.0,148889,113332,2048668.699,137590.0,136290.0,NI
62,NI2409,2024-07-03,138480.0,138510.0,136100.0,137880.0,188281,119951,2584968.589,137290.0,137590.0,NI
62,NI2409,2024-07-04,139280.0,139380.0,137050.0,137590.0,171697,113204,2375301.197,138340.0,137290.0,NI
62,NI2409,2024-07-05,137590.0,138500.0,136110.0,138090.0,196633,117533,2697923.23,137200.0,138340.0,NI
62,NI2409,2024-07-08,138500.0,139110.0,137300.0,138610.0,217752,119625,3010547.588,138250.0,137200.0,NI
62,NI2409,2024-07-09,138320.0,139380.0,136380.0,137430.0,201010,115593,2769054.376,137750.0,138250.0,NI
62,NI2409,2024-07-10,136570.0,137070.0,133600.0,133740.0,189572,124489,2564491.123,135270.0,137750.0,NI
62,NI2409,2024-07-11,134030.0,134790.0,133310.0,133880.0,147844,122210,1982193.537,134070.0,135270.0,NI
62,NI2409,2024-07-12,134960.0,135200.0,132140.0,135010.0,201019,124809,2688171.945,133720.0,134070.0,NI
62,NI2409,2024-07-15,135410.0,135430.0,133740.0,134330.0,158279,116436,2129277.491,134520.0,133720.0,NI
61,NI2409,2024-07-16,133820.0,134240.0,132890.0,133980.0,128851,117791,1720824.557,133550.0,134520.0,NI
61,NI2409,2024-07-17,133070.0,133490.0,131640.0,131810.0,160294,127381,2127388.273,132710.0,133550.0,NI
61,NI2409,2024-07-18,132030.0,132240.0,129890.0,130740.0,143199,128932,1873161.758,130800.0,132710.0,NI
61,NI2409,2024-07-19,130020.0,131430.0,129980.0,130170.0,147394,127526,1927535.08,130770.0,130800.0,NI
61,NI2409,2024-07-22,129420.0,130080.0,128100.0,128610.0,150737,127730,1943980.813,128960.0,130770.0,NI
61,NI2409,2024-07-23,128460.0,129200.0,127700.0,127980.0,128163,123893,1644585.782,128310.0,128960.0,NI
61,NI2409,2024-07-24,128000.0,129310.0,127430.0,128530.0,150552,124791,1933630.143,128430.0,128310.0,NI
61,NI2409,2024-07-25,128140.0,128290.0,124030.0,124550.0,190131,130007,2393238.974,125870.0,128430.0,NI
61,NI2409,2024-07-26,124810.0,127360.0,124800.0,126700.0,153557,114758,1936332.589,126090.0,125870.0,NI
61,NI2409,2024-07-29,126240.0,128000.0,126070.0,127260.0,134751,109798,1708956.089,126820.0,126090.0,NI
61,NI2409,2024-07-30,127250.0,128180.0,126560.0,126650.0,140727,107354,1792974.573,127400.0,126820.0,NI
61,NI2409,2024-07-31,126630.0,132170.0,126560.0,131840.0,237141,115761,3082167.942,129970.0,127400.0,NI
61,NI2409,2024-08-01,132530.0,133960.0,131720.0,132250.0,184136,98339,2448387.83,132960.0,129970.0,NI
61,NI2409,2024-08-02,131530.0,131750.0,129500.0,130990.0,157975,96133,2060657.28,130440.0,132960.0,NI
61,NI2409,2024-08-05,131380.0,132160.0,128460.0,128580.0,168803,95736,2200714.88,130370.0,130440.0,NI
61,NI2409,2024-08-06,127970.0,129770.0,127700.0,128710.0,134752,88928,1738154.518,128980.0,130370.0,NI
61,NI2409,2024-08-07,128710.0,130560.0,128640.0,129200.0,123324,85897,1595749.247,129390.0,128980.0,NI
61,NI2409,2024-08-08,128860.0,129180.0,126710.0,127180.0,120683,88099,1544447.58,127970.0,129390.0,NI
61,NI2409,2024-08-09,127790.0,131770.0,127440.0,130900.0,156872,84430,2033053.607,129590.0,127970.0,NI
61,NI2409,2024-08-12,130870.0,130990.0,127320.0,128310.0,136279,82961,1758075.845,129000.0,129590.0,NI
61,NI2409,2024-08-13,128320.0,129920.0,127120.0,128330.0,129464,80364,1666404.318,128710.0,129000.0,NI
61,NI2409,2024-08-14,128660.0,129350.0,126360.0,127240.0,136445,80222,1746903.726,128020.0,128710.0,NI
61,NI2409,2024-08-15,128090.0,129900.0,127420.0,129450.0,168600,79199,2171509.309,128790.0,128020.0,NI
60,NI2409,2024-08-16,129910.0,130280.0,127800.0,127920.0,139255,74613,1795827.485,128950.0,128790.0,NI
60,NI2409,2024-08-19,127400.0,130500.0,127110.0,130360.0,133034,71841,1714266.714,128850.0,128950.0,NI
60,NI2409,2024-08-20,130500.0,131000.0,129160.0,129320.0,113365,63330,1472816.025,129910.0,128850.0,NI
60,NI2409,2024-08-21,130740.0,131700.0,129920.0,131550.0,115928,62873,1518236.71,130960.0,129910.0,NI
60,NI2409,2024-08-22,131330.0,131550.0,128200.0,128700.0,111166,56459,1447089.341,130170.0,130960.0,NI
61,NI2410,2024-08-23,128680.0,131200.0,128250.0,130950.0,88410,60613,1144363.442,129430.0,130420.0,NI
61,NI2410,2024-08-26,130200.0,131500.0,129410.0,131350.0,146997,73023,1918548.606,130510.0,129430.0,NI
61,NI2410,2024-08-27,131350.0,132680.0,130980.0,132030.0,154738,73799,2043076.59,132030.0,130510.0,NI
61,NI2410,2024-08-28,132760.0,132960.0,130690.0,131110.0,138449,72036,1829029.28,132100.0,132030.0,NI
61,NI2410,2024-08-29,130620.0,132240.0,130500.0,131760.0,111770,69031,1470561.411,131570.0,132100.0,NI
61,NI2410,2024-08-30,131500.0,132290.0,131020.0,131510.0,128200,74150,1686771.794,131570.0,131570.0,NI
61,NI2410,2024-09-02,131280.0,131330.0,127500.0,127760.0,175944,84925,2266871.679,128840.0,131570.0,NI
61,NI2410,2024-09-03,128010.0,129420.0,127900.0,128810.0,112086,77270,1443251.783,128760.0,128840.0,NI
61,NI2410,2024-09-04,128160.0,128450.0,125260.0,125500.0,155125,82512,1958101.42,126220.0,128760.0,NI
61,NI2410,2024-09-05,125500.0,126450.0,123450.0,123450.0,141948,83527,1774405.79,125000.0,126220.0,NI
61,NI2410,2024-09-06,123680.0,124770.0,122100.0,123920.0,149321,82031,1849001.568,123820.0,125000.0,NI
61,NI2410,2024-09-09,124160.0,124350.0,121400.0,122800.0,155487,81881,1904133.965,122460.0,123820.0,NI
61,NI2410,2024-09-10,122240.0,122440.0,121000.0,121610.0,137015,83598,1667774.788,121720.0,122460.0,NI
61,NI2410,2024-09-11,121490.0,123300.0,119300.0,123030.0,178729,78176,2161263.899,120920.0,121720.0,NI
61,NI2410,2024-09-12,122800.0,125090.0,121900.0,124300.0,166842,72900,2060735.536,123510.0,120920.0,NI
61,NI2410,2024-09-13,124420.0,124870.0,123530.0,124110.0,126338,66137,1569767.912,124250.0,123510.0,NI
61,NI2410,2024-09-18,124410.0,125280.0,123040.0,124370.0,80408,64915,996648.542,123940.0,124250.0,NI
60,NI2410,2024-09-19,124620.0,126120.0,123420.0,125920.0,129182,62713,1607979.22,124470.0,123940.0,NI
60,NI2410,2024-09-20,125500.0,126170.0,124780.0,125350.0,118038,57354,1482055.484,125550.0,124470.0,NI
60,NI2410,2024-09-23,125930.0,126390.0,124230.0,124830.0,130079,48999,1629167.712,125240.0,125550.0,NI
60,NI2410,2024-09-24,125050.0,127070.0,124990.0,126690.0,114412,38134,1439422.444,125810.0,125240.0,NI
60,NI2410,2024-09-25,126880.0,129130.0,126800.0,127460.0,106001,28933,1354134.535,127740.0,125810.0,NI
61,NI2411,2024-09-26,127800.0,129540.0,127800.0,128800.0,101668,62742,1308626.836,128710.0,128070.0,NI
61,NI2411,2024-09-27,129050.0,129590.0,128040.0,129360.0,134442,63988,1730895.027,128740.0,128710.0,NI
61,NI2411,2024-09-30,129360.0,132970.0,128550.0,132900.0,169623,67205,2223254.346,131070.0,128740.0,NI
61,NI2411,2024-10-08,138210.0,138800.0,132970.0,133020.0,108233,62599,1466286.121,135470.0,131070.0,NI
61,NI2411,2024-10-09,133980.0,135960.0,133720.0,135080.0,147683,62310,1992141.989,134890.0,135470.0,NI
61,NI2411,2024-10-10,133590.0,133600.0,131280.0,132330.0,144558,60667,1913891.47,132390.0,134890.0,NI
61,NI2411,2024-10-11,133700.0,134760.0,133000.0,134450.0,112905,57831,1512464.837,133950.0,132390.0,NI
61,NI2411,2024-10-14,135690.0,136340.0,134020.0,134610.0,115274,55300,1559229.78,135260.0,133950.0,NI
61,NI2411,2024-10-15,134310.0,134700.0,132550.0,132680.0,103341,52943,1382726.82,133800.0,135260.0,NI
60,NI2411,2024-10-16,132660.0,133870.0,132350.0,132550.0,93125,50205,1239644.926,133110.0,133800.0,NI
60,NI2411,2024-10-17,133050.0,133950.0,128400.0,128550.0,129487,50607,1705451.717,131700.0,133110.0,NI
60,NI2411,2024-10-18,128170.0,129830.0,127860.0,128750.0,99398,47747,1280878.719,128860.0,131700.0,NI
60,NI2411,2024-10-21,129310.0,130900.0,127880.0,130720.0,88243,43438,1137920.266,128950.0,128860.0,NI
60,NI2411,2024-10-22,129720.0,130030.0,126010.0,127310.0,111478,37947,1427178.353,128020.0,128950.0,NI
60,NI2411,2024-10-23,127480.0,127480.0,125660.0,126000.0,83276,35263,1053563.887,126510.0,128020.0,NI
60,NI2411,2024-10-24,125000.0,126700.0,125000.0,126410.0,67773,30911,853833.526,125980.0,126510.0,NI
61,NI2412,2024-10-25,126660.0,127490.0,126100.0,126120.0,62753,64820,794581.942,126620.0,126280.0,NI
61,NI2412,2024-10-28,125480.0,126880.0,125480.0,126400.0,94004,69165,1187564.787,126330.0,126620.0,NI
61,NI2412,2024-10-29,125700.0,126030.0,123750.0,123890.0,123080,80682,1531513.935,124430.0,126330.0,NI
61,NI2412,2024-10-30,124300.0,125120.0,123600.0,124690.0,100282,76299,1247396.2,124380.0,124430.0,NI
61,NI2412,2024-10-31,124400.0,124680.0,123210.0,123840.0,98229,79767,1216052.367,123790.0,124380.0,NI
61,NI2412,2024-11-01,123720.0,124310.0,122270.0,124050.0,109613,76838,1351924.855,123330.0,123790.0,NI
61,NI2412,2024-11-04,125310.0,125900.0,124070.0,124720.0,115612,78580,1442787.051,124790.0,123330.0,NI
61,NI2412,2024-11-05,124210.0,124620.0,123660.0,124520.0,88242,79832,1095002.309,124090.0,124790.0,NI
61,NI2412,2024-11-06,124760.0,127600.0,124110.0,124460.0,205528,75781,2589385.857,125980.0,124090.0,NI
61,NI2412,2024-11-07,124220.0,127500.0,124110.0,127260.0,125433,70680,1579963.151,125960.0,125980.0,NI
61,NI2412,2024-11-08,127960.0,130470.0,127660.0,129580.0,183114,67340,2372763.252,129570.0,125960.0,NI
61,NI2412,2024-11-11,128200.0,129920.0,127120.0,128040.0,143564,61543,1845549.544,128550.0,129570.0,NI
61,NI2412,2024-11-12,127300.0,128460.0,125920.0,126760.0,118127,59320,1506537.924,127530.0,128550.0,NI
61,NI2412,2024-11-13,126500.0,127380.0,124810.0,125870.0,110545,59472,1394586.968,126150.0,127530.0,NI
61,NI2412,2024-11-14,125250.0,125640.0,124500.0,124880.0,122080,59828,1525868.101,124980.0,126150.0,NI
61,NI2412,2024-11-15,124010.0,124330.0,122800.0,123140.0,135634,61110,1674387.793,123440.0,124980.0,NI
60,NI2412,2024-11-18,123900.0,125310.0,122110.0,124710.0,134167,56071,1662015.674,123870.0,123440.0,NI
60,NI2412,2024-11-19,124350.0,126180.0,123220.0,125360.0,109334,50290,1361616.716,124530.0,123870.0,NI
60,NI2412,2024-11-20,125880.0,127100.0,125250.0,126760.0,93184,45531,1175012.674,126090.0,124530.0,NI
60,NI2412,2024-11-21,127290.0,128050.0,126420.0,127760.0,75536,42867,961162.874,127240.0,126090.0,NI
60,NI2412,2024-11-22,127710.0,127750.0,124600.0,125090.0,99206,35757,1248952.656,125890.0,127240.0,NI
61,NI2501,2024-11-25,126140.0,127870.0,125880.0,127250.0,101037,73942,1283896.194,127070.0,126170.0,NI
61,NI2501,2024-11-26,127460.0,128990.0,127410.0,127510.0,136435,74219,1750145.666,128270.0,127070.0,NI
61,NI2501,2024-11-27,127710.0,127940.0,125260.0,126520.0,120759,72997,1527586.588,126490.0,128270.0,NI
61,NI2501,2024-11-28,126280.0,127480.0,125210.0,127000.0,124038,71904,1567257.133,126350.0,126490.0,NI
61,NI2501,2024-11-29,127150.0,128170.0,125540.0,126010.0,142713,73479,1814995.389,127170.0,126350.0,NI
61,NI2501,2024-12-02,126010.0,126700.0,124450.0,125690.0,129915,75122,1633489.939,125730.0,127170.0,NI
61,NI2501,2024-12-03,124880.0,126150.0,124060.0,126010.0,121919,77116,1520104.955,124680.0,125730.0,NI
61,NI2501,2024-12-04,126920.0,128460.0,126550.0,127890.0,156804,74829,1997845.213,127410.0,124680.0,NI
61,NI2501,2024-12-05,127630.0,127830.0,124880.0,125070.0,133917,73161,1693745.574,126470.0,127410.0,NI
61,NI2501,2024-12-06,125180.0,126380.0,124440.0,126320.0,101962,74434,1277479.657,125280.0,126470.0,NI
61,NI2501,2024-12-09,126520.0,127990.0,126410.0,127000.0,121618,70563,1546249.18,127130.0,125280.0,NI
61,NI2501,2024-12-10,127000.0,128020.0,125970.0,126820.0,128370,68350,1631640.305,127100.0,127130.0,NI
61,NI2501,2024-12-11,126160.0,126510.0,124820.0,125590.0,125468,71642,1572986.212,125360.0,127100.0,NI
61,NI2501,2024-12-12,125850.0,129660.0,125480.0,129610.0,178586,69275,2277562.985,127530.0,125360.0,NI
61,NI2501,2024-12-13,129760.0,129980.0,128470.0,129110.0,153764,65298,1988367.864,129310.0,127530.0,NI
61,NI2501,2024-12-16,128500.0,128840.0,125960.0,126510.0,143874,56657,1824537.728,126810.0,129310.0,NI
60,NI2501,2024-12-17,126190.0,127060.0,124200.0,124200.0,119928,58213,1508248.654,125760.0,126810.0,NI
60,NI2501,2024-12-18,124570.0,125280.0,123300.0,123670.0,109369,57785,1358953.935,124250.0,125760.0,NI
60,NI2501,2024-12-19,123600.0,124480.0,122640.0,122830.0,113894,53910,1407880.47,123610.0,124250.0,NI
60,NI2501,2024-12-20,122120.0,123000.0,121800.0,122410.0,95217,51836,1165315.092,122380.0,123610.0,NI
60,NI2501,2024-12-23,122500.0,125250.0,122240.0,124960.0,111517,41362,1383323.079,124040.0,122380.0,NI
61,NI2502,2024-12-24,124800.0,125290.0,123830.0,125100.0,75373,83170,939950.16,124700.0,124220.0,NI
61,NI2502,2024-12-25,125300.0,126170.0,125040.0,125330.0,93136,83417,1168758.178,125480.0,124700.0,NI
61,NI2502,2024-12-26,125400.0,126720.0,124720.0,126490.0,110277,80961,1387022.026,125770.0,125480.0,NI
61,NI2502,2024-12-27,126720.0,126930.0,124700.0,124800.0,115175,77758,1451172.026,125990.0,125770.0,NI
61,NI2502,2024-12-30,124000.0,125370.0,123400.0,124820.0,121520,78598,1512375.812,124450.0,125990.0,NI
61,NI2502,2024-12-31,125620.0,125650.0,123870.0,124750.0,114267,78312,1423460.481,124570.0,124450.0,NI
61,NI2502,2025-01-02,124500.0,125090.0,123500.0,123820.0,90325,79893,1123079.637,124330.0,124570.0,NI
61,NI2502,2025-01-03,122950.0,123860.0,122270.0,122640.0,127433,86042,1566533.249,122920.0,124330.0,NI
61,NI2502,2025-01-06,122200.0,123980.0,120400.0,122260.0,209766,83997,2570282.744,122530.0,122920.0,NI
61,NI2502,2025-01-07,123500.0,124200.0,122530.0,122720.0,114735,80385,1414756.991,123300.0,122530.0,NI
61,NI2502,2025-01-08,123320.0,125600.0,123100.0,125230.0,159739,68527,1989960.383,124570.0,123300.0,NI
61,NI2502,2025-01-09,125000.0,125780.0,123840.0,125510.0,125801,62512,1571494.176,124910.0,124570.0,NI
61,NI2502,2025-01-10,125300.0,126070.0,124650.0,125480.0,108158,58927,1355464.35,125320.0,124910.0,NI
61,NI2502,2025-01-13,126200.0,127740.0,125730.0,127700.0,137353,57897,1742079.117,126830.0,125320.0,NI
61,NI2502,2025-01-14,127830.0,128420.0,127240.0,127680.0,104287,54991,1333099.521,127820.0,126830.0,NI
61,NI2502,2025-01-15,127670.0,128180.0,126730.0,127560.0,105603,50762,1346745.958,127520.0,127820.0,NI
60,NI2502,2025-01-16,127560.0,128800.0,126850.0,128600.0,125806,48780,1604958.533,127570.0,127520.0,NI
60,NI2502,2025-01-17,128600.0,128760.0,127500.0,128170.0,96185,42214,1231379.189,128020.0,127570.0,NI
60,NI2502,2025-01-20,128610.0,129120.0,126360.0,126640.0,126253,36833,1614741.217,127890.0,128020.0,NI
60,NI2502,2025-01-21,126640.0,128730.0,126430.0,128090.0,89436,30170,1144520.955,127970.0,127890.0,NI
61,NI2503,2025-01-22,128500.0,128540.0,126370.0,126750.0,83524,74337,1066211.612,127650.0,128250.0,NI
61,NI2503,2025-01-23,126460.0,126550.0,123880.0,124150.0,126236,82460,1578076.889,125010.0,127650.0,NI
61,NI2503,2025-01-24,124540.0,124600.0,123220.0,123710.0,103935,79135,1288567.408,123970.0,125010.0,NI
61,NI2503,2025-01-27,124000.0,125060.0,123410.0,124150.0,88634,70645,1099729.313,124070.0,123970.0,NI
61,NI2503,2025-02-05,123300.0,123930.0,122610.0,123240.0,70496,77301,868673.708,123220.0,124070.0,NI
61,NI2503,2025-02-06,123010.0,127430.0,123010.0,127400.0,141863,69601,1778116.547,125340.0,123220.0,NI
61,NI2503,2025-02-07,126910.0,127670.0,126710.0,127190.0,109256,67144,1388904.22,127120.0,125340.0,NI
61,NI2503,2025-02-10,127190.0,127950.0,126320.0,127680.0,123064,66297,1562717.756,126980.0,127120.0,NI
61,NI2503,2025-02-11,127510.0,127560.0,124400.0,124760.0,132795,67341,1666829.895,125510.0,126980.0,NI
61,NI2503,2025-02-12,123870.0,124970.0,123770.0,124550.0,89644,65475,1115215.406,124400.0,125510.0,NI
61,NI2503,2025-02-13,124030.0,124930.0,124010.0,124280.0,86878,67885,1080391.459,124350.0,124400.0,NI
61,NI2503,2025-02-14,123660.0,125080.0,123000.0,124690.0,117438,66157,1457318.716,124090.0,124350.0,NI
61,NI2503,2025-02-17,125080.0,125210.0,123260.0,123860.0,101987,65757,1264898.824,124020.0,124090.0,NI
60,NI2503,2025-02-18,123460.0,124530.0,123460.0,123730.0,82152,62408,1018664.758,123990.0,124020.0,NI
60,NI2503,2025-02-19,123640.0,124350.0,123260.0,123830.0,76033,59195,941195.632,123780.0,123990.0,NI
60,NI2503,2025-02-20,123860.0,126360.0,123310.0,126140.0,124051,49526,1546006.265,124620.0,123780.0,NI
60,NI2503,2025-02-21,126040.0,126260.0,123650.0,124000.0,88106,42471,1101706.755,125040.0,124620.0,NI
62,NI2505,2025-02-24,124580.0,126340.0,124510.0,125940.0,98726,88783,1237319.96,125320.0,125420.0,NI
62,NI2505,2025-02-25,125590.0,125760.0,124010.0,124350.0,108690,105646,1356319.82,124780.0,125320.0,NI
62,NI2505,2025-02-26,124000.0,124670.0,123600.0,124130.0,113228,115635,1405787.216,124150.0,124780.0,NI
62,NI2505,2025-02-27,124620.0,125800.0,124470.0,125570.0,166531,107081,2084023.527,125140.0,124150.0,NI
62,NI2505,2025-02-28,126470.0,127820.0,126070.0,126650.0,202741,107477,2576687.153,127090.0,125140.0,NI
62,NI2505,2025-03-03,126540.0,127370.0,124800.0,127090.0,175304,105732,2209288.042,126020.0,127090.0,NI
62,NI2505,2025-03-04,127600.0,129150.0,126740.0,127210.0,223556,112584,2863496.154,128080.0,126020.0,NI
62,NI2505,2025-03-05,128090.0,128900.0,127360.0,128850.0,185838,119356,2381005.496,128120.0,128080.0,NI
62,NI2505,2025-03-06,128500.0,128890.0,126880.0,128390.0,190514,118742,2436656.204,127890.0,128120.0,NI
62,NI2505,2025-03-07,129200.0,131770.0,129020.0,129550.0,333967,134909,4351703.454,130300.0,127890.0,NI
62,NI2505,2025-03-10,130000.0,132960.0,129720.0,132680.0,338709,151450,4464542.439,131810.0,130300.0,NI
62,NI2505,2025-03-11,133610.0,134250.0,130800.0,132990.0,296957,148447,3938456.46,132620.0,131810.0,NI
62,NI2505,2025-03-12,132500.0,133690.0,131630.0,133680.0,254243,154135,3369287.213,132520.0,132620.0,NI
62,NI2505,2025-03-13,134890.0,134960.0,132530.0,133310.0,195893,153709,2615713.846,133520.0,132520.0,NI
62,NI2505,2025-03-14,132500.0,135960.0,132200.0,133660.0,371290,157877,4964798.273,133710.0,133520.0,NI
62,NI2505,2025-03-17,134200.0,134380.0,132350.0,133900.0,231286,153518,3083287.156,133310.0,133710.0,NI
61,NI2505,2025-03-18,133860.0,133860.0,128830.0,129490.0,324416,133490,4241363.992,130730.0,133310.0,NI
61,NI2505,2025-03-19,130240.0,131850.0,129260.0,131660.0,222966,132180,2907475.582,130390.0,130730.0,NI
61,NI2505,2025-03-20,132360.0,132640.0,128130.0,129670.0,329554,112365,4294738.377,130310.0,130390.0,NI
61,NI2505,2025-03-21,130090.0,130650.0,128800.0,129190.0,245247,111607,3183507.028,129800.0,130310.0,NI
61,NI2505,2025-03-24,129500.0,130320.0,128640.0,129950.0,208366,110565,2698039.721,129480.0,129800.0,NI
61,NI2505,2025-03-25,129300.0,129480.0,128250.0,129220.0,190892,109887,2462073.956,128970.0,129480.0,NI
61,NI2505,2025-03-26,129180.0,131150.0,128700.0,129670.0,260865,109402,3393645.995,130090.0,128970.0,NI
61,NI2505,2025-03-27,129810.0,131080.0,129400.0,130030.0,197474,108101,2572828.169,130280.0,130090.0,NI
61,NI2505,2025-03-28,130480.0,132170.0,129540.0,131600.0,249977,106286,3271015.499,130850.0,130280.0,NI
61,NI2505,2025-03-31,131920.0,132270.0,128480.0,129220.0,271455,99966,3543159.824,130520.0,130850.0,NI
61,NI2505,2025-04-01,128590.0,130630.0,120000.0,130360.0,212827,90488,2738541.623,128670.0,130520.0,NI
61,NI2505,2025-04-02,129800.0,130120.0,128720.0,129460.0,182352,89600,2358694.847,129340.0,128670.0,NI
61,NI2505,2025-04-03,129140.0,129370.0,127180.0,127330.0,184999,89599,2373316.055,128280.0,129340.0,NI
61,NI2505,2025-04-07,115450.0,121670.0,115450.0,118640.0,261286,84687,3116984.742,119290.0,128280.0,NI
61,NI2505,2025-04-08,118110.0,120080.0,117880.0,119280.0,261743,80225,3120117.536,119200.0,119290.0,NI
61,NI2505,2025-04-09,118820.0,119810.0,117400.0,118950.0,260036,77096,3092165.185,118910.0,119200.0,NI
61,NI2505,2025-04-10,117000.0,121640.0,116880.0,121600.0,265141,75758,3154798.91,118980.0,118910.0,NI
61,NI2505,2025-04-11,121880.0,121890.0,120060.0,121300.0,170331,71047,2059897.461,120930.0,118980.0,NI
61,NI2505,2025-04-14,123350.0,123790.0,122110.0,123090.0,173645,67260,2135101.695,122950.0,120930.0,NI
61,NI2505,2025-04-15,123480.0,124420.0,122710.0,124240.0,142349,64226,1759910.077,123630.0,122950.0,NI
60,NI2505,2025-04-16,124850.0,125690.0,123850.0,124140.0,164679,57317,2055053.583,124790.0,123630.0,NI
60,NI2505,2025-04-17,125000.0,126400.0,124720.0,126030.0,146631,52838,1842686.812,125660.0,124790.0,NI
60,NI2505,2025-04-18,125500.0,126350.0,124800.0,125600.0,129340,46235,1624701.006,125610.0,125660.0,NI
60,NI2505,2025-04-21,125520.0,126450.0,124660.0,125930.0,116426,42699,1460316.131,125420.0,125610.0,NI
60,NI2505,2025-04-22,126010.0,126200.0,124890.0,125570.0,95837,37304,1203046.189,125530.0,125420.0,NI
61,NI2506,2025-04-23,125930.0,126650.0,125320.0,126320.0,99311,60210,1250376.225,125900.0,125640.0,NI
61,NI2506,2025-04-24,126080.0,126850.0,124910.0,125770.0,151901,66699,1910829.552,125790.0,125900.0,NI
61,NI2506,2025-04-25,126130.0,126360.0,125110.0,125800.0,167402,66380,2104753.599,125730.0,125790.0,NI
61,NI2506,2025-04-28,125250.0,125260.0,123570.0,124690.0,201951,70157,2511538.128,124360.0,125730.0,NI
61,NI2506,2025-04-29,125260.0,125500.0,123600.0,124180.0,135881,71954,1691473.887,124480.0,124360.0,NI
61,NI2506,2025-04-30,123860.0,124850.0,123510.0,123720.0,129214,69395,1602764.725,124030.0,124480.0,NI
61,NI2506,2025-05-06,123570.0,125070.0,123500.0,124630.0,101917,67940,1269472.697,124550.0,124030.0,NI
61,NI2506,2025-05-07,124430.0,124910.0,123100.0,124450.0,149603,68873,1856407.388,124080.0,124550.0,NI
61,NI2506,2025-05-08,123880.0,124540.0,123030.0,123630.0,144478,68575,1786909.89,123680.0,124080.0,NI
61,NI2506,2025-05-09,123800.0,124190.0,123250.0,123450.0,111203,70991,1375154.907,123660.0,123680.0,NI
61,NI2506,2025-05-12,124150.0,126800.0,123910.0,126130.0,235469,67717,2961588.772,125770.0,123660.0,NI
61,NI2506,2025-05-13,125370.0,125400.0,123150.0,123860.0,159883,71637,1986368.963,124230.0,125770.0,NI
61,NI2506,2025-05-14,123230.0,125390.0,122820.0,125230.0,136563,63077,1698851.824,124400.0,124230.0,NI
61,NI2506,2025-05-15,126100.0,126300.0,123400.0,123600.0,137729,63702,1722105.947,125030.0,124400.0,NI
60,NI2506,2025-05-16,123870.0,125490.0,123800.0,124060.0,124511,55628,1552427.144,124680.0,125030.0,NI
60,NI2506,2025-05-19,123660.0,124360.0,123400.0,123850.0,116247,57470,1440398.317,123900.0,124680.0,NI
60,NI2506,2025-05-20,123200.0,123760.0,122620.0,122870.0,109167,63519,1346494.004,123340.0,123900.0,NI
60,NI2506,2025-05-21,123450.0,123800.0,122960.0,123280.0,107562,59648,1326928.54,123360.0,123340.0,NI
60,NI2506,2025-05-22,123650.0,124100.0,123110.0,123400.0,101218,50453,1249940.359,123480.0,123360.0,NI
60,NI2506,2025-05-23,123100.0,123480.0,122420.0,122610.0,87677,47440,1077380.857,122880.0,123480.0,NI
60,NI2506,2025-05-26,122450.0,123290.0,122260.0,122780.0,78747,40405,967420.464,122850.0,122880.0,NI
61,NI2507,2025-05-27,122800.0,122940.0,122150.0,122310.0,83267,82390,1020255.049,122520.0,123020.0,NI
61,NI2507,2025-05-28,121990.0,122430.0,119590.0,119950.0,158844,106713,1925924.496,121240.0,122520.0,NI
61,NI2507,2025-05-29,119640.0,120930.0,118630.0,120480.0,181192,102540,2169756.107,119740.0,121240.0,NI
61,NI2507,2025-05-30,121160.0,121620.0,120520.0,121100.0,145554,94854,1762482.887,121080.0,119740.0,NI
61,NI2507,2025-06-03,121770.0,122080.0,121120.0,121250.0,73462,91891,893025.311,121560.0,121080.0,NI
61,NI2507,2025-06-04,121250.0,122850.0,120930.0,122590.0,117416,83546,1433552.859,122090.0,121560.0,NI
61,NI2507,2025-06-05,122200.0,122220.0,121120.0,121570.0,102375,85713,1246183.244,121720.0,122090.0,NI
61,NI2507,2025-06-06,122190.0,122500.0,121730.0,122200.0,98620,80736,1204560.333,122140.0,121720.0,NI
61,NI2507,2025-06-09,122280.0,123180.0,122000.0,122710.0,115890,76246,1421947.111,122690.0,122140.0,NI
61,NI2507,2025-06-10,122030.0,122250.0,121240.0,121390.0,107520,78763,1308101.949,121660.0,122690.0,NI
61,NI2507,2025-06-11,121300.0,121950.0,120990.0,121790.0,89964,76472,1093209.807,121510.0,121660.0,NI
61,NI2507,2025-06-12,121200.0,121340.0,119810.0,120000.0,109748,85673,1322222.823,120470.0,121510.0,NI
61,NI2507,2025-06-13,120200.0,120600.0,119650.0,119920.0,86947,82485,1043644.347,120030.0,120470.0,NI
61,NI2507,2025-06-16,119800.0,120330.0,119040.0,119690.0,98243,79723,1175739.552,119670.0,120030.0,NI
60,NI2507,2025-06-17,119740.0,120050.0,118150.0,118570.0,100455,83823,1195306.975,118980.0,119670.0,NI
60,NI2507,2025-06-18,118790.0,118790.0,118050.0,118480.0,76829,84114,909236.496,118340.0,118980.0,NI
60,NI2507,2025-06-19,118550.0,119300.0,118460.0,118890.0,88477,75358,1051947.678,118890.0,118340.0,NI
60,NI2507,2025-06-20,118930.0,119270.0,118220.0,118280.0,82593,73598,981062.106,118780.0,118890.0,NI
60,NI2507,2025-06-23,118190.0,118790.0,116670.0,117440.0,117071,68780,1381138.372,117970.0,118780.0,NI
60,NI2507,2025-06-24,117440.0,117720.0,116860.0,117450.0,96087,52007,1126509.4,117230.0,117970.0,NI
61,NI2508,2025-06-25,117830.0,118680.0,117640.0,118670.0,82515,92419,974380.761,118080.0,117360.0,NI
61,NI2508,2025-06-26,118950.0,120950.0,118450.0,120830.0,150555,80909,1803358.233,119780.0,118080.0,NI
61,NI2508,2025-06-27,120550.0,121000.0,120340.0,120480.0,94188,78738,1136205.959,120630.0,119780.0,NI
61,NI2508,2025-06-30,120700.0,121410.0,120600.0,120830.0,86158,76791,1042300.264,120970.0,120630.0,NI
61,NI2508,2025-07-01,120750.0,120800.0,120020.0,120720.0,69295,74939,834260.024,120390.0,120970.0,NI
61,NI2508,2025-07-02,120660.0,121360.0,120310.0,121220.0,69206,74763,836197.08,120820.0,120390.0,NI
61,NI2508,2025-07-03,121280.0,121930.0,121070.0,121790.0,78989,71229,959662.29,121490.0,120820.0,NI
61,NI2508,2025-07-04,121970.0,123100.0,121760.0,122270.0,111042,69807,1360133.962,122480.0,121490.0,NI
61,NI2508,2025-07-07,121730.0,121900.0,120200.0,120540.0,99191,69366,1202081.407,121180.0,122480.0,NI
61,NI2508,2025-07-08,120860.0,121240.0,119980.0,120370.0,88116,67223,1062643.46,120590.0,121180.0,NI
61,NI2508,2025-07-09,120010.0,120350.0,118800.0,119140.0,111063,72919,1326759.347,119460.0,120590.0,NI
61,NI2508,2025-07-10,119140.0,121230.0,118990.0,121140.0,102155,65815,1225020.667,119910.0,119460.0,NI
61,NI2508,2025-07-11,121200.0,121830.0,120410.0,121390.0,101921,61527,1235264.082,121190.0,119910.0,NI
61,NI2508,2025-07-14,120960.0,121280.0,120160.0,121100.0,80732,59940,975040.29,120770.0,121190.0,NI
61,NI2508,2025-07-15,120440.0,120460.0,118780.0,119380.0,94219,62803,1125601.949,119460.0,120770.0,NI
60,NI2508,2025-07-16,119900.0,121670.0,119600.0,120550.0,131554,54128,1586627.003,120600.0,119460.0,NI
60,NI2508,2025-07-17,119700.0,120170.0,119270.0,119880.0,85829,53426,1026783.919,119630.0,120600.0,NI
60,NI2508,2025-07-18,119270.0,120890.0,119030.0,120500.0,94302,50028,1134040.838,120250.0,119630.0,NI
60,NI2508,2025-07-21,120300.0,122880.0,120230.0,122550.0,134799,41520,1640432.672,121690.0,120250.0,NI
61,NI2509,2025-07-22,123320.0,124380.0,122530.0,123720.0,131577,91828,1624262.534,123440.0,121870.0,NI
61,NI2509,2025-07-23,123890.0,124410.0,122630.0,123370.0,133758,95734,1652567.062,123540.0,123440.0,NI
61,NI2509,2025-07-24,123810.0,124660.0,123520.0,124360.0,162621,98904,2017248.652,124040.0,123540.0,NI
61,NI2509,2025-07-25,123850.0,124420.0,122750.0,124360.0,165710,99007,2046092.869,123470.0,124040.0,NI
61,NI2509,2025-07-28,123980.0,125370.0,120840.0,121620.0,297904,96124,3659698.95,122840.0,123470.0,NI
61,NI2509,2025-07-29,121910.0,122440.0,121220.0,121800.0,119935,91177,1462101.503,121900.0,122840.0,NI
61,NI2509,2025-07-30,121500.0,122780.0,121220.0,121720.0,153323,92635,1870973.829,122020.0,121900.0,NI
61,NI2509,2025-07-31,121050.0,121440.0,119550.0,119830.0,143818,97451,1732742.741,120480.0,122020.0,NI
61,NI2509,2025-08-01,119830.0,120550.0,119480.0,119770.0,106856,96880,1282157.035,119980.0,120480.0,NI
61,NI2509,2025-08-04,119510.0,120690.0,119180.0,120630.0,120522,95467,1445246.731,119910.0,119980.0,NI
61,NI2509,2025-08-05,120630.0,121190.0,120450.0,120910.0,84818,90543,1024633.221,120800.0,119910.0,NI
61,NI2509,2025-08-06,120500.0,121260.0,120150.0,121070.0,87840,86052,1060121.612,120680.0,120800.0,NI
61,NI2509,2025-08-07,121440.0,121920.0,120770.0,121850.0,96611,81103,1172467.536,121350.0,120680.0,NI
61,NI2509,2025-08-08,121420.0,121670.0,120570.0,121180.0,74864,78955,907083.372,121160.0,121350.0,NI
61,NI2509,2025-08-11,121000.0,122550.0,120700.0,122130.0,112549,77193,1369014.997,121630.0,121160.0,NI
61,NI2509,2025-08-12,122020.0,123070.0,122000.0,122440.0,96355,73889,1181603.263,122630.0,121630.0,NI
61,NI2509,2025-08-13,122520.0,123110.0,122330.0,122340.0,89510,70930,1098819.812,122750.0,122630.0,NI
61,NI2509,2025-08-14,122700.0,123050.0,120900.0,121200.0,102257,66437,1248258.306,122070.0,122750.0,NI
61,NI2509,2025-08-15,120810.0,121190.0,120180.0,120600.0,87649,66327,1057847.861,120690.0,122070.0,NI
60,NI2509,2025-08-18,120710.0,121450.0,120140.0,120340.0,78139,62507,943772.018,120780.0,120690.0,NI
60,NI2509,2025-08-19,120490.0,120950.0,120050.0,120330.0,63677,55967,767391.138,120510.0,120780.0,NI
61,NI2510,2025-08-20,120650.0,120940.0,119620.0,120060.0,77982,93301,937268.313,120190.0,120610.0,NI
61,NI2510,2025-08-21,120010.0,120590.0,119780.0,119830.0,90715,102385,1090353.37,120190.0,120190.0,NI
61,NI2510,2025-08-22,119810.0,120080.0,119230.0,119610.0,111254,111421,1330800.065,119610.0,120190.0,NI
61,NI2510,2025-08-25,119550.0,120690.0,119530.0,120310.0,119179,110337,1433401.276,120270.0,119610.0,NI
61,NI2510,2025-08-26,120310.0,120720.0,120120.0,120370.0,88775,109267,1068407.343,120350.0,120270.0,NI
61,NI2510,2025-08-27,120620.0,122690.0,120620.0,121760.0,196852,98903,2398365.219,121830.0,120350.0,NI
61,NI2510,2025-08-28,121220.0,121260.0,120330.0,120990.0,129831,92205,1567910.543,120760.0,121830.0,NI
61,NI2510,2025-08-29,121190.0,121760.0,120710.0,121700.0,136812,89621,1659542.846,121300.0,120760.0,NI
61,NI2510,2025-09-01,122110.0,123620.0,121790.0,123450.0,171897,91963,2110469.214,122770.0,121300.0,NI
61,NI2510,2025-09-02,123210.0,123810.0,122420.0,122530.0,128782,90762,1586018.548,123150.0,122770.0,NI
61,NI2510,2025-09-03,122000.0,122070.0,121000.0,121790.0,125550,84729,1525450.168,121500.0,123150.0,NI
61,NI2510,2025-09-04,121930.0,122390.0,120650.0,120850.0,104598,82558,1271061.208,121510.0,121500.0,NI
61,NI2510,2025-09-05,121160.0,121460.0,120610.0,121310.0,84018,82639,1017464.622,121100.0,121510.0,NI
61,NI2510,2025-09-08,121720.0,122250.0,120930.0,122140.0,92780,77473,1127448.482,121510.0,121100.0,NI
61,NI2510,2025-09-09,121490.0,121700.0,120500.0,120700.0,100281,80837,1212805.196,120940.0,121510.0,NI
61,NI2510,2025-09-10,120500.0,120940.0,120150.0,120850.0,75006,81612,903806.918,120490.0,120940.0,NI
61,NI2510,2025-09-11,120520.0,120910.0,120110.0,120620.0,87538,81691,1054424.406,120450.0,120490.0,NI
61,NI2510,2025-09-12,120380.0,122320.0,119880.0,121980.0,145101,72640,1758558.417,121190.0,120450.0,NI
61,NI2510,2025-09-15,122000.0,122900.0,121540.0,122580.0,102679,70610,1254461.139,122170.0,121190.0,NI
60,NI2510,2025-09-16,122910.0,123550.0,122050.0,122610.0,104592,66538,1284379.206,122790.0,122170.0,NI
60,NI2510,2025-09-17,122580.0,122760.0,121090.0,121790.0,90734,58829,1107290.769,122030.0,122790.0,NI
60,NI2510,2025-09-18,121690.0,122260.0,120720.0,120940.0,81612,55044,992209.181,121570.0,122030.0,NI
60,NI2510,2025-09-19,121070.0,121880.0,120740.0,121500.0,62653,50421,760158.706,121320.0,121570.0,NI
60,NI2510,2025-09-22,121220.0,122110.0,121010.0,121400.0,66099,45068,802723.732,121440.0,121320.0,NI
61,NI2511,2025-09-23,121600.0,121630.0,120670.0,120910.0,78821,84260,955127.011,121170.0,121630.0,NI
61,NI2511,2025-09-24,121150.0,122000.0,121150.0,121450.0,107755,85526,1311165.959,121680.0,121170.0,NI
61,NI2511,2025-09-25,121900.0,123550.0,121650.0,122990.0,177030,99642,2172774.87,122730.0,121680.0,NI
61,NI2511,2025-09-26,122790.0,122900.0,121320.0,121380.0,163506,83884,1992237.035,121840.0,122730.0,NI
61,NI2511,2025-09-29,121560.0,121580.0,120730.0,121100.0,97757,83149,1183405.345,121050.0,121840.0,NI
61,NI2511,2025-09-30,121300.0,122420.0,120830.0,120900.0,127190,76140,1546436.044,121580.0,121050.0,NI
61,NI2511,2025-10-09,121300.0,124680.0,121220.0,124480.0,130864,86038,1611263.442,123120.0,121580.0,NI
61,NI2511,2025-10-10,124210.0,124880.0,122040.0,122180.0,159070,77840,1964477.003,123490.0,123120.0,NI
61,NI2511,2025-10-13,122190.0,122540.0,121000.0,121410.0,149002,74700,1812640.334,121650.0,123490.0,NI
61,NI2511,2025-10-14,121500.0,121780.0,120500.0,120830.0,110084,73107,1332935.891,121080.0,121650.0,NI
61,NI2511,2025-10-15,120830.0,121300.0,120700.0,121180.0,83761,68681,1013723.443,121020.0,121080.0,NI
60,NI2511,2025-10-16,120950.0,121360.0,120550.0,121270.0,67146,66228,811954.19,120920.0,121020.0,NI
60,NI2511,2025-10-17,120900.0,121960.0,120600.0,121160.0,76335,60461,926253.908,121340.0,120920.0,NI
60,NI2511,2025-10-20,120830.0,121090.0,120290.0,120710.0,68844,58658,831306.033,120750.0,121340.0,NI
61,NI2512,2025-10-21,121000.0,121870.0,120950.0,121380.0,74063,116289,899961.371,121510.0,120920.0,NI
61,NI2512,2025-10-22,121180.0,121390.0,120800.0,121380.0,73851,121311,894729.425,121150.0,121510.0,NI
61,NI2512,2025-10-23,121100.0,121510.0,120980.0,121380.0,93921,127005,1138122.55,121170.0,121150.0,NI
61,NI2512,2025-10-24,121960.0,122420.0,121380.0,122150.0,145203,121442,1771323.367,121980.0,121170.0,NI
61,NI2512,2025-10-27,122150.0,122650.0,121990.0,122400.0,129533,108989,1584514.106,122320.0,121980.0,NI
61,NI2512,2025-10-28,122060.0,122320.0,120100.0,120560.0,156296,115046,1893271.486,121130.0,122320.0,NI
61,NI2512,2025-10-29,120760.0,121930.0,120580.0,121540.0,109262,109686,1322376.945,121020.0,121130.0,NI
61,NI2512,2025-10-30,121770.0,121800.0,120700.0,120980.0,99113,107897,1201702.419,121240.0,121020.0,NI
61,NI2512,2025-10-31,120750.0,120940.0,120360.0,120590.0,98491,112517,1188205.634,120640.0,121240.0,NI
61,NI2512,2025-11-03,120790.0,121300.0,120620.0,120950.0,97352,108671,1176993.8,120900.0,120640.0,NI
61,NI2512,2025-11-04,120800.0,120940.0,119510.0,119700.0,122871,118460,1478445.74,120320.0,120900.0,NI
61,NI2512,2025-11-05,119860.0,120390.0,119000.0,120030.0,123448,115164,1479322.737,119830.0,120320.0,NI
61,NI2512,2025-11-06,119280.0,119880.0,118980.0,119750.0,110740,118664,1321909.306,119370.0,119830.0,NI
61,NI2512,2025-11-07,120200.0,120450.0,119040.0,119440.0,92050,121879,1101605.668,119670.0,119370.0,NI
61,NI2512,2025-11-10,119670.0,119830.0,119220.0,119680.0,82864,117784,990169.26,119490.0,119670.0,NI
61,NI2512,2025-11-11,119780.0,119890.0,119080.0,119380.0,69912,114900,835102.059,119450.0,119490.0,NI
61,NI2512,2025-11-12,119300.0,119590.0,118260.0,118710.0,98248,116829,1168221.277,118900.0,119450.0,NI
61,NI2512,2025-11-13,119000.0,119150.0,118510.0,118930.0,80848,112711,960808.34,118840.0,118900.0,NI
61,NI2512,2025-11-14,118470.0,118840.0,117010.0,117080.0,118721,112249,1398920.519,117830.0,118840.0,NI
61,NI2512,2025-11-17,117020.0,117150.0,116370.0,116750.0,102915,107341,1202028.887,116790.0,117830.0,NI
60,NI2512,2025-11-18,116420.0,116500.0,114560.0,114840.0,117416,99682,1353929.726,115310.0,116790.0,NI
61,NI2601,2025-11-19,115350.0,115930.0,115200.0,115830.0,83609,140084,966967.874,115650.0,115490.0,NI
61,NI2601,2025-11-20,115750.0,116650.0,115360.0,115380.0,124692,152848,1447435.692,116080.0,115650.0,NI
61,NI2601,2025-11-21,115250.0,115580.0,113980.0,114050.0,138203,160660,1586450.884,114790.0,116080.0,NI
61,NI2601,2025-11-24,114500.0,116160.0,114340.0,115530.0,148534,147554,1712734.024,115300.0,114790.0,NI
61,NI2601,2025-11-25,115880.0,116620.0,115630.0,116160.0,116438,141215,1352304.31,116130.0,115300.0,NI
61,NI2601,2025-11-26,116500.0,118000.0,116410.0,117260.0,176566,128268,2075070.494,117520.0,116130.0,NI
61,NI2601,2025-11-27,116920.0,117230.0,116640.0,116900.0,97221,127765,1136645.09,116910.0,117520.0,NI
61,NI2601,2025-11-28,117100.0,117480.0,116850.0,117080.0,85929,127335,1006807.864,117160.0,116910.0,NI
61,NI2601,2025-12-01,117080.0,118700.0,116730.0,117850.0,145829,122891,1713308.792,117480.0,117160.0,NI
61,NI2601,2025-12-02,117800.0,118140.0,117330.0,118050.0,88522,121924,1042283.999,117740.0,117480.0,NI
61,NI2601,2025-12-03,118050.0,118220.0,116900.0,117870.0,112448,118618,1322532.781,117610.0,117740.0,NI
61,NI2601,2025-12-04,117870.0,118210.0,117380.0,117760.0,103322,118041,1216492.414,117730.0,117610.0,NI
61,NI2601,2025-12-05,117800.0,118350.0,117430.0,117790.0,107217,117636,1262659.427,117760.0,117730.0,NI
61,NI2601,2025-12-08,117900.0,118480.0,117540.0,118030.0,124513,111585,1469734.911,118030.0,117760.0,NI
61,NI2601,2025-12-09,118040.0,118240.0,117150.0,117350.0,102410,107986,1205902.066,117750.0,118030.0,NI
61,NI2601,2025-12-10,117620.0,117920.0,116220.0,117090.0,120019,102583,1403568.918,116940.0,117750.0,NI
61,NI2601,2025-12-11,116970.0,116970.0,115520.0,115870.0,106815,106302,1241505.147,116220.0,116940.0,NI
61,NI2601,2025-12-12,116050.0,116170.0,115320.0,115590.0,100436,104958,1162165.337,115710.0,116220.0,NI
61,NI2601,2025-12-15,115070.0,115970.0,114520.0,114690.0,129996,105210,1495031.548,115000.0,115710.0,NI
60,NI2601,2025-12-16,114540.0,114590.0,111770.0,112290.0,157287,105568,1771551.569,112630.0,115000.0,NI
60,NI2601,2025-12-17,112400.0,114280.0,111700.0,113800.0,139596,94065,1573760.593,112730.0,112630.0,NI
60,NI2601,2025-12-18,113600.0,114090.0,113010.0,113940.0,97677,85352,1109509.111,113580.0,112730.0,NI
60,NI2601,2025-12-19,114100.0,117460.0,114070.0,117180.0,210637,69083,2443137.552,115980.0,113580.0,NI
61,NI2602,2025-12-22,117050.0,121710.0,116780.0,121700.0,214564,112632,2548786.761,118780.0,116260.0,NI
61,NI2602,2025-12-23,120280.0,124190.0,120280.0,123440.0,386986,134454,4732196.932,122280.0,118780.0,NI
61,NI2602,2025-12-24,125000.0,130880.0,122770.0,128000.0,1095331,152222,13907299.966,126960.0,122280.0,NI
61,NI2602,2025-12-25,127500.0,127810.0,123130.0,125410.0,650804,144402,8142781.94,125110.0,126960.0,NI
61,NI2602,2025-12-26,125790.0,127980.0,125580.0,126750.0,616999,136645,7824147.045,126800.0,125110.0,NI
61,NI2602,2025-12-29,126700.0,129820.0,124180.0,125710.0,785240,131413,10009922.977,127470.0,126800.0,NI
61,NI2602,2025-12-30,126480.0,134480.0,125710.0,132390.0,1000602,149624,12976577.469,129680.0,127470.0,NI
61,NI2602,2025-12-31,133210.0,135570.0,129800.0,132850.0,1141527,132795,15221679.637,133340.0,129680.0,NI
