index,symbol,date,open,high,low,close,volume,open_interest,turnover,settle,pre_settle,variety
75,AG1506,2015-03-27,3680.0,3686.0,3646.0,3667.0,1225598,480856,,3671.0,3676.0,AG
75,AG1506,2015-03-30,3669.0,3676.0,3612.0,3615.0,1551364,494348,,3637.0,3671.0,AG
75,AG1506,2015-03-31,3605.0,3615.0,3548.0,3556.0,1392912,487696,,3588.0,3637.0,AG
75,AG1506,2015-04-01,3580.0,3596.0,3543.0,3565.0,1166888,483224,,3573.0,3588.0,AG
75,AG1506,2015-04-02,3580.0,3630.0,3575.0,3619.0,1493140,448852,,3604.0,3573.0,AG
75,AG1506,2015-04-03,3592.0,3607.0,3563.0,3595.0,1151628,412946,,3584.0,3604.0,AG
75,AG1506,2015-04-07,3596.0,3630.0,3591.0,3613.0,336968,416596,,3618.0,3584.0,AG
75,AG1506,2015-04-08,3611.0,3624.0,3598.0,3616.0,677522,419448,,3613.0,3618.0,AG
75,AG1506,2015-04-09,3606.0,3616.0,3489.0,3504.0,1520726,463038,,3558.0,3613.0,AG
75,AG1506,2015-04-10,3496.0,3515.0,3470.0,3498.0,1064078,462546,,3488.0,3558.0,AG
75,AG1506,2015-04-13,3526.0,3565.0,3516.0,3537.0,1199680,464074,,3539.0,3488.0,AG
75,AG1506,2015-04-14,3533.0,3542.0,3478.0,3501.0,1048738,476672,,3514.0,3539.0,AG
75,AG1506,2015-04-15,3485.0,3536.0,3483.0,3510.0,1106310,465072,,3515.0,3514.0,AG
77,AG1506,2015-04-16,3508.0,3562.0,3503.0,3551.0,998014,448234,,3531.0,3515.0,AG
77,AG1506,2015-04-17,3560.0,3570.0,3510.0,3523.0,1217854,476076,,3531.0,3531.0,AG
77,AG1506,2015-04-20,3520.0,3555.0,3517.0,3553.0,814654,460514,,3530.0,3531.0,AG
77,AG1506,2015-04-21,3506.0,3513.0,3460.0,3486.0,1204686,488146,,3484.0,3530.0,AG
77,AG1506,2015-04-22,3493.0,3518.0,3481.0,3506.0,876500,482784,,3497.0,3484.0,AG
77,AG1506,2015-04-23,3497.0,3498.0,3443.0,3452.0,1418428,489886,,3463.0,3497.0,AG
77,AG1506,2015-04-24,3458.0,3488.0,3451.0,3475.0,1024546,450406,,3469.0,3463.0,AG
77,AG1506,2015-04-27,3465.0,3484.0,3427.0,3472.0,1321720,428316,,3456.0,3469.0,AG
77,AG1506,2015-04-28,3482.0,3609.0,3480.0,3598.0,2171488,444146,,3566.0,3456.0,AG
77,AG1506,2015-04-29,3626.0,3654.0,3583.0,3599.0,1607256,381880,,3621.0,3566.0,AG
77,AG1506,2015-04-30,3617.0,3648.0,3591.0,3599.0,1471756,346510,,3619.0,3621.0,AG
77,AG1506,2015-05-04,3540.0,3577.0,3515.0,3564.0,455382,324062,,3548.0,3619.0,AG
77,AG1506,2015-05-05,3580.0,3655.0,3566.0,3580.0,928228,321812,,3602.0,3548.0,AG
77,AG1506,2015-05-06,3617.0,3626.0,3590.0,3597.0,872114,286582,,3606.0,3602.0,AG
77,AG1506,2015-05-07,3609.0,3618.0,3558.0,3571.0,794696,273648,,3591.0,3606.0,AG
77,AG1506,2015-05-08,3551.0,3585.0,3538.0,3574.0,570650,262926,,3564.0,3591.0,AG
77,AG1506,2015-05-11,3580.0,3605.0,3563.0,3577.0,701450,260218,,3581.0,3564.0,AG
77,AG1506,2015-05-12,3588.0,3598.0,3522.0,3551.0,660034,243192,,3562.0,3581.0,AG
83,AG1512,2015-05-13,3635.0,3687.0,3612.0,3680.0,808636,456018,,3641.0,3615.0,AG
83,AG1512,2015-05-14,3788.0,3790.0,3722.0,3768.0,1579674,530332,,3754.0,3641.0,AG
83,AG1512,2015-05-15,3780.0,3808.0,3755.0,3784.0,1363988,477284,,3782.0,3754.0,AG
84,AG1512,2015-05-18,3781.0,3867.0,3770.0,3852.0,1328736,546596,,3810.0,3782.0,AG
84,AG1512,2015-05-19,3852.0,3859.0,3782.0,3802.0,1219326,481676,,3825.0,3810.0,AG
84,AG1512,2015-05-20,3770.0,3775.0,3644.0,3687.0,1786804,363076,,3704.0,3825.0,AG
84,AG1512,2015-05-21,3695.0,3734.0,3690.0,3716.0,1035726,356510,,3713.0,3704.0,AG
84,AG1512,2015-05-22,3691.0,3737.0,3683.0,3721.0,906614,377088,,3713.0,3713.0,AG
84,AG1512,2015-05-25,3705.0,3717.0,3670.0,3704.0,857864,374590,,3696.0,3713.0,AG
84,AG1512,2015-05-26,3700.0,3745.0,3654.0,3657.0,960868,411440,,3704.0,3696.0,AG
84,AG1512,2015-05-27,3634.0,3684.0,3625.0,3665.0,905320,409152,,3659.0,3704.0,AG
84,AG1512,2015-05-28,3643.0,3674.0,3633.0,3657.0,816096,420546,,3656.0,3659.0,AG
84,AG1512,2015-05-29,3661.0,3665.0,3621.0,3655.0,906320,418478,,3648.0,3656.0,AG
84,AG1512,2015-06-01,3660.0,3675.0,3641.0,3647.0,746350,429702,,3659.0,3648.0,AG
84,AG1512,2015-06-02,3654.0,3732.0,3648.0,3664.0,1595452,434062,,3690.0,3659.0,AG
84,AG1512,2015-06-03,3654.0,3695.0,3654.0,3668.0,898340,440310,,3678.0,3690.0,AG
84,AG1512,2015-06-04,3648.0,3664.0,3608.0,3619.0,1052946,463276,,3640.0,3678.0,AG
84,AG1512,2015-06-05,3605.0,3615.0,3560.0,3564.0,1178526,513888,,3584.0,3640.0,AG
84,AG1512,2015-06-08,3550.0,3582.0,3537.0,3572.0,1141656,551358,,3560.0,3584.0,AG
84,AG1512,2015-06-09,3564.0,3577.0,3550.0,3566.0,713624,585978,,3564.0,3560.0,AG
84,AG1512,2015-06-10,3572.0,3585.0,3553.0,3574.0,733544,616680,,3569.0,3564.0,AG
84,AG1512,2015-06-11,3595.0,3596.0,3556.0,3558.0,682574,634448,,3574.0,3569.0,AG
84,AG1512,2015-06-12,3569.0,3575.0,3520.0,3562.0,954912,624804,,3556.0,3574.0,AG
84,AG1512,2015-06-15,3540.0,3561.0,3532.0,3554.0,732592,629868,,3549.0,3556.0,AG
85,AG1512,2015-06-16,3548.0,3591.0,3545.0,3577.0,938338,618256,,3568.0,3549.0,AG
85,AG1512,2015-06-17,3567.0,3571.0,3526.0,3543.0,796382,625158,,3549.0,3568.0,AG
85,AG1512,2015-06-18,3550.0,3602.0,3537.0,3586.0,1195098,604526,,3565.0,3549.0,AG
85,AG1512,2015-06-19,3620.0,3630.0,3564.0,3573.0,1170000,569242,,3598.0,3565.0,AG
85,AG1512,2015-06-23,3573.0,3582.0,3545.0,3547.0,336396,589392,,3563.0,3598.0,AG
85,AG1512,2015-06-24,3530.0,3540.0,3470.0,3505.0,1156272,640602,,3502.0,3563.0,AG
85,AG1512,2015-06-25,3501.0,3513.0,3485.0,3494.0,764046,627222,,3501.0,3502.0,AG
85,AG1512,2015-06-26,3490.0,3502.0,3449.0,3456.0,716220,645746,,3485.0,3501.0,AG
85,AG1512,2015-06-29,3465.0,3511.0,3438.0,3480.0,858156,602846,,3472.0,3485.0,AG
85,AG1512,2015-06-30,3489.0,3495.0,3393.0,3446.0,1020996,611362,,3446.0,3472.0,AG
85,AG1512,2015-07-01,3436.0,3491.0,3408.0,3437.0,1202886,622706,,3444.0,3446.0,AG
85,AG1512,2015-07-02,3438.0,3466.0,3417.0,3429.0,766544,628262,,3436.0,3444.0,AG
85,AG1512,2015-07-03,3456.0,3479.0,3438.0,3464.0,799520,607458,,3455.0,3436.0,AG
85,AG1512,2015-07-06,3473.0,3474.0,3423.0,3439.0,594826,607654,,3448.0,3455.0,AG
85,AG1512,2015-07-07,3439.0,3482.0,3415.0,3439.0,756348,589178,,3443.0,3448.0,AG
85,AG1512,2015-07-08,3416.0,3418.0,3236.0,3236.0,1890404,587930,,3284.0,3443.0,AG
85,AG1512,2015-07-09,3222.0,3428.0,3200.0,3381.0,1837522,429516,,3313.0,3284.0,AG
85,AG1512,2015-07-10,3390.0,3418.0,3363.0,3385.0,1114704,435878,,3387.0,3313.0,AG
85,AG1512,2015-07-13,3387.0,3425.0,3364.0,3384.0,951406,439522,,3393.0,3387.0,AG
85,AG1512,2015-07-14,3375.0,3383.0,3264.0,3348.0,1126164,474902,,3355.0,3393.0,AG
85,AG1512,2015-07-15,3355.0,3378.0,3339.0,3350.0,609924,469360,,3358.0,3355.0,AG
84,AG1512,2015-07-16,3330.0,3330.0,3274.0,3299.0,1076814,517138,,3296.0,3358.0,AG
84,AG1512,2015-07-17,3260.0,3330.0,3248.0,3282.0,834966,514584,,3287.0,3296.0,AG
84,AG1512,2015-07-20,3250.0,3274.0,3182.0,3259.0,1450470,551644,,3236.0,3287.0,AG
84,AG1512,2015-07-21,3238.0,3308.0,3225.0,3255.0,1513836,551180,,3263.0,3236.0,AG
84,AG1512,2015-07-22,3260.0,3290.0,3216.0,3241.0,1096848,564870,,3259.0,3263.0,AG
84,AG1512,2015-07-23,3235.0,3269.0,3227.0,3256.0,1013276,580014,,3250.0,3259.0,AG
84,AG1512,2015-07-24,3255.0,3267.0,3188.0,3219.0,1186810,598618,,3231.0,3250.0,AG
84,AG1512,2015-07-27,3200.0,3243.0,3150.0,3239.0,1497536,606118,,3209.0,3231.0,AG
84,AG1512,2015-07-28,3221.0,3241.0,3203.0,3221.0,1012566,593490,,3223.0,3209.0,AG
84,AG1512,2015-07-29,3221.0,3250.0,3218.0,3235.0,709150,585096,,3233.0,3223.0,AG
84,AG1512,2015-07-30,3233.0,3279.0,3215.0,3223.0,1242198,582506,,3247.0,3233.0,AG
84,AG1512,2015-07-31,3231.0,3255.0,3217.0,3219.0,864652,583400,,3238.0,3247.0,AG
84,AG1512,2015-08-03,3239.0,3285.0,3229.0,3246.0,1047254,569222,,3253.0,3238.0,AG
84,AG1512,2015-08-04,3234.0,3242.0,3168.0,3208.0,1031718,641942,,3208.0,3253.0,AG
84,AG1512,2015-08-05,3218.0,3222.0,3191.0,3199.0,629832,647668,,3206.0,3208.0,AG
84,AG1512,2015-08-06,3215.0,3226.0,3191.0,3208.0,656680,630576,,3208.0,3206.0,AG
84,AG1512,2015-08-07,3200.0,3247.0,3198.0,3242.0,751408,602422,,3218.0,3208.0,AG
84,AG1512,2015-08-10,3218.0,3274.0,3212.0,3263.0,1336552,592580,,3250.0,3218.0,AG
84,AG1512,2015-08-11,3258.0,3389.0,3257.0,3361.0,2547806,629066,,3334.0,3250.0,AG
84,AG1512,2015-08-12,3378.0,3534.0,3359.0,3526.0,2777698,635964,,3431.0,3334.0,AG
84,AG1512,2015-08-13,3556.0,3563.0,3485.0,3513.0,2347042,535850,,3523.0,3431.0,AG
84,AG1512,2015-08-14,3493.0,3513.0,3481.0,3501.0,1231488,537492,,3497.0,3523.0,AG
84,AG1512,2015-08-17,3505.0,3535.0,3430.0,3460.0,2054958,504198,,3470.0,3497.0,AG
83,AG1512,2015-08-18,3465.0,3476.0,3443.0,3448.0,923578,488284,,3459.0,3470.0,AG
83,AG1512,2015-08-19,3420.0,3424.0,3365.0,3419.0,1519740,506528,,3392.0,3459.0,AG
83,AG1512,2015-08-20,3414.0,3505.0,3411.0,3485.0,1710848,513308,,3462.0,3392.0,AG
83,AG1512,2015-08-21,3502.0,3544.0,3489.0,3499.0,1887490,513666,,3513.0,3462.0,AG
83,AG1512,2015-08-24,3490.0,3506.0,3414.0,3427.0,2584172,483962,,3459.0,3513.0,AG
83,AG1512,2015-08-25,3355.0,3444.0,3345.0,3367.0,2473734,465660,,3402.0,3459.0,AG
83,AG1512,2015-08-26,3399.0,3412.0,3316.0,3318.0,1849336,474912,,3366.0,3402.0,AG
83,AG1512,2015-08-27,3275.0,3293.0,3236.0,3280.0,1569930,453642,,3263.0,3366.0,AG
83,AG1512,2015-08-28,3260.0,3366.0,3255.0,3339.0,1953862,420528,,3321.0,3263.0,AG
83,AG1512,2015-08-31,3326.0,3369.0,3307.0,3332.0,1509230,410518,,3338.0,3321.0,AG
83,AG1512,2015-09-01,3321.0,3360.0,3301.0,3333.0,1042540,409418,,3328.0,3338.0,AG
83,AG1512,2015-09-02,3332.0,3363.0,3316.0,3324.0,1053868,395636,,3334.0,3328.0,AG
83,AG1512,2015-09-07,3325.0,3342.0,3313.0,3319.0,274768,405316,,3327.0,3334.0,AG
83,AG1512,2015-09-08,3315.0,3326.0,3295.0,3323.0,790686,413168,,3309.0,3327.0,AG
83,AG1512,2015-09-09,3345.0,3395.0,3327.0,3332.0,1826396,373444,,3360.0,3309.0,AG
83,AG1512,2015-09-10,3333.0,3339.0,3305.0,3333.0,1121444,373722,,3323.0,3360.0,AG
83,AG1512,2015-09-11,3338.0,3358.0,3321.0,3328.0,1069886,389784,,3337.0,3323.0,AG
83,AG1512,2015-09-14,3315.0,3329.0,3271.0,3302.0,1431436,408486,,3299.0,3337.0,AG
83,AG1512,2015-09-15,3291.0,3305.0,3284.0,3287.0,741524,429864,,3294.0,3299.0,AG
82,AG1512,2015-09-16,3294.0,3315.0,3274.0,3307.0,812624,411664,,3290.0,3294.0,AG
82,AG1512,2015-09-17,3348.0,3381.0,3337.0,3366.0,1438078,392582,,3360.0,3290.0,AG
82,AG1512,2015-09-18,3364.0,3448.0,3355.0,3394.0,1679856,399066,,3393.0,3360.0,AG
82,AG1512,2015-09-21,3450.0,3453.0,3390.0,3419.0,1103882,398304,,3413.0,3393.0,AG
82,AG1512,2015-09-22,3408.0,3426.0,3402.0,3407.0,436048,403180,,3411.0,3413.0,AG
82,AG1512,2015-09-23,3350.0,3373.0,3340.0,3357.0,633094,376520,,3357.0,3411.0,AG
82,AG1512,2015-09-24,3362.0,3381.0,3350.0,3368.0,401002,386150,,3366.0,3357.0,AG
82,AG1512,2015-09-25,3360.0,3417.0,3357.0,3391.0,787468,400568,,3395.0,3366.0,AG
82,AG1512,2015-09-28,3390.0,3400.0,3352.0,3354.0,217100,391014,,3375.0,3395.0,AG
82,AG1512,2015-09-29,3324.0,3327.0,3273.0,3286.0,641526,384110,,3305.0,3375.0,AG
82,AG1512,2015-09-30,3305.0,3316.0,3290.0,3292.0,365528,351852,,3303.0,3305.0,AG
82,AG1512,2015-10-08,3559.0,3559.0,3454.0,3467.0,513814,346412,,3484.0,3303.0,AG
82,AG1512,2015-10-09,3430.0,3485.0,3429.0,3469.0,733804,379184,,3458.0,3484.0,AG
82,AG1512,2015-10-12,3493.0,3496.0,3451.0,3489.0,705888,400162,,3470.0,3458.0,AG
82,AG1512,2015-10-13,3486.0,3501.0,3432.0,3448.0,621122,396600,,3463.0,3470.0,AG
82,AG1512,2015-10-14,3457.0,3494.0,3450.0,3478.0,667046,428026,,3474.0,3463.0,AG
82,AG1512,2015-10-15,3479.0,3508.0,3474.0,3477.0,720162,437984,,3490.0,3474.0,AG
81,AG1512,2015-10-16,3468.0,3483.0,3449.0,3449.0,622714,439894,,3466.0,3490.0,AG
81,AG1512,2015-10-19,3460.0,3475.0,3428.0,3435.0,546388,430384,,3450.0,3466.0,AG
81,AG1512,2015-10-20,3440.0,3460.0,3414.0,3440.0,512586,427788,,3429.0,3450.0,AG
81,AG1512,2015-10-21,3439.0,3454.0,3414.0,3418.0,595040,433688,,3435.0,3429.0,AG
81,AG1512,2015-10-22,3424.0,3435.0,3402.0,3433.0,577678,419752,,3414.0,3435.0,AG
81,AG1512,2015-10-23,3424.0,3469.0,3416.0,3468.0,713716,443824,,3435.0,3414.0,AG
81,AG1512,2015-10-26,3468.0,3468.0,3420.0,3435.0,573794,415254,,3434.0,3435.0,AG
81,AG1512,2015-10-27,3438.0,3447.0,3424.0,3438.0,397592,417466,,3436.0,3434.0,AG
81,AG1512,2015-10-28,3428.0,3462.0,3423.0,3453.0,522540,419594,,3444.0,3436.0,AG
81,AG1512,2015-10-29,3467.0,3515.0,3432.0,3437.0,1311832,389144,,3479.0,3444.0,AG
81,AG1512,2015-10-30,3425.0,3435.0,3396.0,3406.0,767574,358634,,3413.0,3479.0,AG
81,AG1512,2015-11-02,3388.0,3404.0,3383.0,3390.0,388510,340924,,3392.0,3413.0,AG
81,AG1512,2015-11-03,3387.0,3392.0,3368.0,3385.0,328622,330308,,3381.0,3392.0,AG
81,AG1512,2015-11-04,3377.0,3382.0,3353.0,3364.0,384406,318538,,3366.0,3381.0,AG
81,AG1512,2015-11-05,3367.0,3377.0,3313.0,3318.0,491200,326166,,3345.0,3366.0,AG
81,AG1512,2015-11-06,3315.0,3329.0,3300.0,3323.0,409690,308918,,3314.0,3345.0,AG
81,AG1512,2015-11-09,3325.0,3332.0,3262.0,3288.0,654342,294692,,3289.0,3314.0,AG
81,AG1512,2015-11-10,3289.0,3289.0,3241.0,3258.0,436342,282128,,3264.0,3289.0,AG
81,AG1512,2015-11-11,3252.0,3271.0,3231.0,3262.0,416942,273100,,3249.0,3264.0,AG
81,AG1512,2015-11-12,3259.0,3259.0,3234.0,3255.0,269162,271644,,3249.0,3249.0,AG
81,AG1512,2015-11-13,3244.0,3275.0,3226.0,3250.0,565376,260014,,3249.0,3249.0,AG
81,AG1512,2015-11-16,3248.0,3284.0,3243.0,3278.0,447840,245634,,3263.0,3249.0,AG
80,AG1512,2015-11-17,3278.0,3278.0,3206.0,3227.0,441080,223512,,3244.0,3263.0,AG
80,AG1512,2015-11-18,3228.0,3248.0,3210.0,3230.0,364644,208602,,3226.0,3244.0,AG
80,AG1512,2015-11-19,3224.0,3238.0,3200.0,3234.0,306342,194960,,3220.0,3226.0,AG
86,AG1606,2015-11-20,3273.0,3311.0,3260.0,3296.0,328086,343262,,3292.0,3275.0,AG
86,AG1606,2015-11-23,3300.0,3309.0,3168.0,3220.0,760626,436044,,3242.0,3292.0,AG
86,AG1606,2015-11-24,3209.0,3237.0,3184.0,3223.0,679588,428796,,3212.0,3242.0,AG
86,AG1606,2015-11-25,3231.0,3273.0,3218.0,3248.0,722136,426808,,3247.0,3212.0,AG
86,AG1606,2015-11-26,3234.0,3288.0,3216.0,3258.0,737932,434288,,3248.0,3247.0,AG
86,AG1606,2015-11-27,3267.0,3280.0,3218.0,3229.0,618388,476180,,3252.0,3248.0,AG
86,AG1606,2015-11-30,3234.0,3239.0,3185.0,3202.0,741960,484564,,3212.0,3252.0,AG
86,AG1606,2015-12-01,3218.0,3248.0,3209.0,3241.0,545874,464372,,3230.0,3212.0,AG
86,AG1606,2015-12-02,3240.0,3253.0,3226.0,3236.0,434892,463584,,3240.0,3230.0,AG
86,AG1606,2015-12-03,3231.0,3233.0,3178.0,3206.0,652470,494568,,3209.0,3240.0,AG
86,AG1606,2015-12-04,3220.0,3401.0,3213.0,3235.0,692076,471846,,3237.0,3209.0,AG
86,AG1606,2015-12-07,3240.0,3332.0,3224.0,3320.0,1466624,463290,,3287.0,3237.0,AG
86,AG1606,2015-12-08,3317.0,3324.0,3262.0,3281.0,645200,454498,,3292.0,3287.0,AG
86,AG1606,2015-12-09,3261.0,3287.0,3252.0,3278.0,513700,454328,,3271.0,3292.0,AG
86,AG1606,2015-12-10,3289.0,3309.0,3265.0,3274.0,617060,456638,,3288.0,3271.0,AG
86,AG1606,2015-12-11,3273.0,3281.0,3246.0,3279.0,435214,454768,,3267.0,3288.0,AG
86,AG1606,2015-12-14,3246.0,3279.0,3242.0,3260.0,732324,478922,,3263.0,3267.0,AG
86,AG1606,2015-12-15,3236.0,3273.0,3235.0,3241.0,616174,506756,,3254.0,3263.0,AG
85,AG1606,2015-12-16,3245.0,3259.0,3237.0,3252.0,349370,492150,,3249.0,3254.0,AG
85,AG1606,2015-12-17,3257.0,3307.0,3254.0,3269.0,805940,471474,,3279.0,3249.0,AG
85,AG1606,2015-12-18,3273.0,3282.0,3222.0,3254.0,728054,524484,,3250.0,3279.0,AG
85,AG1606,2015-12-21,3258.0,3310.0,3248.0,3308.0,791942,495976,,3281.0,3250.0,AG
85,AG1606,2015-12-22,3295.0,3328.0,3290.0,3314.0,650614,494540,,3313.0,3281.0,AG
85,AG1606,2015-12-23,3316.0,3337.0,3301.0,3305.0,497198,488088,,3317.0,3313.0,AG
85,AG1606,2015-12-24,3307.0,3324.0,3301.0,3319.0,367008,494820,,3313.0,3317.0,AG
85,AG1606,2015-12-25,3315.0,3331.0,3314.0,3329.0,216172,489824,,3322.0,3313.0,AG
85,AG1606,2015-12-28,3329.0,3343.0,3300.0,3304.0,315352,470814,,3317.0,3322.0,AG
85,AG1606,2015-12-29,3294.0,3315.0,3283.0,3313.0,375754,484840,,3299.0,3317.0,AG
85,AG1606,2015-12-30,3309.0,3322.0,3301.0,3309.0,425540,499074,,3311.0,3299.0,AG
85,AG1606,2015-12-31,3296.0,3305.0,3287.0,3290.0,385684,502858,,3294.0,3311.0,AG
85,AG1606,2016-01-04,3302.0,3312.0,3250.0,3305.0,310492,498550,,3293.0,3294.0,AG
85,AG1606,2016-01-05,3303.0,3330.0,3294.0,3313.0,574222,480342,,3313.0,3293.0,AG
85,AG1606,2016-01-06,3315.0,3321.0,3296.0,3314.0,409052,499704,,3307.0,3313.0,AG
85,AG1606,2016-01-07,3320.0,3385.0,3308.0,3357.0,976372,528526,,3340.0,3307.0,AG
85,AG1606,2016-01-08,3360.0,3390.0,3345.0,3356.0,759474,491744,,3364.0,3340.0,AG
85,AG1606,2016-01-11,3343.0,3362.0,3322.0,3349.0,566072,491476,,3344.0,3364.0,AG
85,AG1606,2016-01-12,3343.0,3350.0,3280.0,3288.0,492728,491574,,3315.0,3344.0,AG
85,AG1606,2016-01-13,3283.0,3288.0,3262.0,3274.0,330408,489438,,3277.0,3315.0,AG
85,AG1606,2016-01-14,3275.0,3325.0,3270.0,3312.0,643000,477542,,3307.0,3277.0,AG
85,AG1606,2016-01-15,3296.0,3309.0,3284.0,3294.0,416502,474618,,3295.0,3307.0,AG
84,AG1606,2016-01-18,3296.0,3323.0,3296.0,3301.0,534562,474614,,3309.0,3295.0,AG
84,AG1606,2016-01-19,3305.0,3321.0,3299.0,3317.0,295732,488636,,3309.0,3309.0,AG
84,AG1606,2016-01-20,3317.0,3334.0,3311.0,3315.0,434388,474574,,3320.0,3309.0,AG
84,AG1606,2016-01-21,3338.0,3340.0,3322.0,3331.0,399366,471280,,3329.0,3320.0,AG
84,AG1606,2016-01-22,3319.0,3330.0,3301.0,3323.0,458828,481522,,3315.0,3329.0,AG
84,AG1606,2016-01-25,3327.0,3354.0,3314.0,3323.0,585878,471768,,3331.0,3315.0,AG
84,AG1606,2016-01-26,3331.0,3361.0,3326.0,3360.0,518926,506304,,3342.0,3331.0,AG
84,AG1606,2016-01-27,3356.0,3378.0,3346.0,3365.0,544132,498196,,3362.0,3342.0,AG
84,AG1606,2016-01-28,3361.0,3374.0,3347.0,3352.0,358048,485058,,3361.0,3362.0,AG
84,AG1606,2016-01-29,3347.0,3357.0,3329.0,3333.0,392284,481378,,3338.0,3361.0,AG
84,AG1606,2016-02-01,3329.0,3348.0,3322.0,3343.0,333956,482956,,3335.0,3338.0,AG
84,AG1606,2016-02-02,3345.0,3356.0,3329.0,3338.0,304078,481826,,3342.0,3335.0,AG
84,AG1606,2016-02-03,3337.0,3353.0,3329.0,3341.0,315100,482866,,3340.0,3342.0,AG
84,AG1606,2016-02-04,3350.0,3394.0,3335.0,3388.0,737350,497720,,3368.0,3340.0,AG
84,AG1606,2016-02-05,3399.0,3422.0,3386.0,3389.0,474598,477858,,3403.0,3368.0,AG
84,AG1606,2016-02-15,3480.0,3500.0,3456.0,3470.0,389252,481734,,3473.0,3403.0,AG
83,AG1606,2016-02-16,3464.0,3474.0,3442.0,3463.0,356966,497130,,3459.0,3473.0,AG
83,AG1606,2016-02-17,3470.0,3473.0,3449.0,3466.0,300972,505446,,3462.0,3459.0,AG
83,AG1606,2016-02-18,3465.0,3472.0,3455.0,3455.0,250364,511542,,3463.0,3462.0,AG
83,AG1606,2016-02-19,3455.0,3478.0,3452.0,3472.0,288542,527076,,3467.0,3463.0,AG
83,AG1606,2016-02-22,3476.0,3484.0,3443.0,3446.0,406224,524986,,3464.0,3467.0,AG
83,AG1606,2016-02-23,3425.0,3452.0,3424.0,3444.0,313294,515584,,3440.0,3464.0,AG
83,AG1606,2016-02-24,3444.0,3455.0,3438.0,3441.0,273304,533854,,3447.0,3440.0,AG
83,AG1606,2016-02-25,3451.0,3478.0,3428.0,3433.0,675372,575844,,3453.0,3447.0,AG
83,AG1606,2016-02-26,3430.0,3432.0,3392.0,3408.0,523638,569722,,3411.0,3453.0,AG
83,AG1606,2016-02-29,3409.0,3409.0,3304.0,3312.0,776704,559186,,3347.0,3411.0,AG
83,AG1606,2016-03-01,3321.0,3355.0,3307.0,3346.0,468556,543062,,3334.0,3347.0,AG
83,AG1606,2016-03-02,3353.0,3359.0,3313.0,3330.0,488806,553160,,3331.0,3334.0,AG
83,AG1606,2016-03-03,3334.0,3364.0,3328.0,3347.0,486506,564056,,3345.0,3331.0,AG
83,AG1606,2016-03-04,3350.0,3434.0,3339.0,3426.0,779882,626064,,3382.0,3345.0,AG
83,AG1606,2016-03-07,3425.0,3516.0,3384.0,3481.0,1664662,643948,,3465.0,3382.0,AG
83,AG1606,2016-03-08,3497.0,3550.0,3426.0,3450.0,1323092,644694,,3489.0,3465.0,AG
83,AG1606,2016-03-09,3459.0,3466.0,3366.0,3396.0,793226,594136,,3416.0,3489.0,AG
83,AG1606,2016-03-10,3400.0,3420.0,3380.0,3391.0,579998,602394,,3400.0,3416.0,AG
83,AG1606,2016-03-11,3389.0,3475.0,3372.0,3434.0,997188,617576,,3432.0,3400.0,AG
83,AG1606,2016-03-14,3429.0,3448.0,3413.0,3433.0,559172,633430,,3433.0,3432.0,AG
83,AG1606,2016-03-15,3446.0,3484.0,3383.0,3395.0,874896,617952,,3425.0,3433.0,AG
82,AG1606,2016-03-16,3392.0,3406.0,3378.0,3404.0,353844,616076,,3393.0,3425.0,AG
82,AG1606,2016-03-17,3396.0,3458.0,3387.0,3438.0,472724,635010,,3421.0,3393.0,AG
82,AG1606,2016-03-18,3449.0,3543.0,3443.0,3521.0,1425298,752824,,3496.0,3421.0,AG
82,AG1606,2016-03-21,3505.0,3508.0,3457.0,3470.0,741118,689568,,3475.0,3496.0,AG
82,AG1606,2016-03-22,3470.0,3520.0,3469.0,3516.0,568930,742450,,3491.0,3475.0,AG
82,AG1606,2016-03-23,3510.0,3515.0,3463.0,3469.0,627798,692722,,3489.0,3491.0,AG
82,AG1606,2016-03-24,3431.0,3434.0,3405.0,3409.0,685476,607844,,3419.0,3489.0,AG
82,AG1606,2016-03-25,3420.0,3425.0,3401.0,3410.0,293002,616024,,3413.0,3419.0,AG
82,AG1606,2016-03-28,3404.0,3420.0,3400.0,3406.0,256618,609094,,3410.0,3413.0,AG
82,AG1606,2016-03-29,3416.0,3428.0,3390.0,3393.0,349684,607560,,3408.0,3410.0,AG
82,AG1606,2016-03-30,3392.0,3433.0,3392.0,3424.0,522622,583444,,3413.0,3408.0,AG
82,AG1606,2016-03-31,3415.0,3428.0,3395.0,3406.0,345438,581458,,3409.0,3413.0,AG
82,AG1606,2016-04-01,3431.0,3436.0,3410.0,3421.0,392956,577138,,3421.0,3409.0,AG
82,AG1606,2016-04-05,3361.0,3382.0,3342.0,3370.0,205890,560710,,3367.0,3421.0,AG
82,AG1606,2016-04-06,3384.0,3387.0,3367.0,3371.0,217914,566404,,3377.0,3367.0,AG
82,AG1606,2016-04-07,3357.0,3387.0,3355.0,3377.0,267182,566728,,3373.0,3377.0,AG
82,AG1606,2016-04-08,3394.0,3405.0,3378.0,3380.0,283456,567292,,3390.0,3373.0,AG
82,AG1606,2016-04-11,3386.0,3429.0,3381.0,3418.0,408412,587716,,3407.0,3390.0,AG
82,AG1606,2016-04-12,3448.0,3471.0,3441.0,3467.0,587910,650158,,3455.0,3407.0,AG
82,AG1606,2016-04-13,3489.0,3507.0,3472.0,3483.0,713772,666908,,3488.0,3455.0,AG
82,AG1606,2016-04-14,3491.0,3528.0,3465.0,3485.0,703608,678608,,3495.0,3488.0,AG
82,AG1606,2016-04-15,3492.0,3506.0,3476.0,3492.0,399568,690528,,3488.0,3495.0,AG
81,AG1606,2016-04-18,3488.0,3535.0,3472.0,3484.0,733228,690902,,3500.0,3488.0,AG
81,AG1606,2016-04-19,3505.0,3658.0,3490.0,3646.0,949978,790292,,3543.0,3500.0,AG
81,AG1606,2016-04-20,3689.0,3755.0,3650.0,3679.0,1648032,712300,,3695.0,3543.0,AG
81,AG1606,2016-04-21,3701.0,3849.0,3689.0,3811.0,1587208,705886,,3756.0,3695.0,AG
81,AG1606,2016-04-22,3862.0,3877.0,3668.0,3708.0,1490126,577566,,3735.0,3756.0,AG
81,AG1606,2016-04-25,3737.0,3768.0,3633.0,3693.0,1237514,559032,,3700.0,3735.0,AG
81,AG1606,2016-04-26,3686.0,3710.0,3666.0,3671.0,648582,529962,,3689.0,3700.0,AG
81,AG1606,2016-04-27,3677.0,3781.0,3675.0,3774.0,841362,559280,,3727.0,3689.0,AG
81,AG1606,2016-04-28,3778.0,3785.0,3710.0,3757.0,916786,515250,,3741.0,3727.0,AG
81,AG1606,2016-04-29,3757.0,3873.0,3745.0,3831.0,937576,489332,,3812.0,3741.0,AG
81,AG1606,2016-05-03,3810.0,3839.0,3782.0,3827.0,281040,462218,,3815.0,3812.0,AG
81,AG1606,2016-05-04,3801.0,3827.0,3739.0,3745.0,521412,419968,,3777.0,3815.0,AG
81,AG1606,2016-05-05,3774.0,3778.0,3737.0,3761.0,359362,408474,,3759.0,3777.0,AG
81,AG1606,2016-05-06,3793.0,3803.0,3706.0,3730.0,610562,387152,,3747.0,3759.0,AG
81,AG1606,2016-05-09,3750.0,3776.0,3718.0,3723.0,499960,366992,,3746.0,3747.0,AG
87,AG1612,2016-05-10,3793.0,3795.0,3721.0,3768.0,481554,439960,,3756.0,3849.0,AG
87,AG1612,2016-05-11,3756.0,3825.0,3746.0,3806.0,469730,479698,,3787.0,3756.0,AG
87,AG1612,2016-05-12,3838.0,3858.0,3810.0,3822.0,525870,488434,,3834.0,3787.0,AG
87,AG1612,2016-05-13,3812.0,3850.0,3747.0,3788.0,737412,482282,,3792.0,3834.0,AG
87,AG1612,2016-05-16,3756.0,3838.0,3750.0,3834.0,554168,511264,,3796.0,3792.0,AG
86,AG1612,2016-05-17,3845.0,3848.0,3796.0,3817.0,432048,503482,,3818.0,3796.0,AG
86,AG1612,2016-05-18,3800.0,3842.0,3788.0,3788.0,528952,510900,,3816.0,3818.0,AG
86,AG1612,2016-05-19,3786.0,3819.0,3698.0,3700.0,764358,527964,,3765.0,3816.0,AG
86,AG1612,2016-05-20,3672.0,3697.0,3651.0,3678.0,559092,547112,,3673.0,3765.0,AG
86,AG1612,2016-05-23,3699.0,3712.0,3630.0,3650.0,583802,554350,,3670.0,3673.0,AG
86,AG1612,2016-05-24,3648.0,3664.0,3617.0,3622.0,427062,566640,,3642.0,3670.0,AG
86,AG1612,2016-05-25,3630.0,3660.0,3612.0,3623.0,469250,564482,,3632.0,3642.0,AG
86,AG1612,2016-05-26,3623.0,3674.0,3623.0,3665.0,417958,558236,,3646.0,3632.0,AG
86,AG1612,2016-05-27,3672.0,3682.0,3600.0,3630.0,525244,571292,,3639.0,3646.0,AG
86,AG1612,2016-05-30,3622.0,3640.0,3546.0,3565.0,556390,580080,,3588.0,3639.0,AG
86,AG1612,2016-05-31,3571.0,3605.0,3560.0,3586.0,378000,592934,,3583.0,3588.0,AG
86,AG1612,2016-06-01,3579.0,3597.0,3574.0,3590.0,417804,569358,,3585.0,3583.0,AG
86,AG1612,2016-06-02,3588.0,3600.0,3561.0,3593.0,484758,538820,,3585.0,3585.0,AG
86,AG1612,2016-06-03,3591.0,3605.0,3580.0,3601.0,277354,552946,,3589.0,3585.0,AG
86,AG1612,2016-06-06,3660.0,3679.0,3651.0,3667.0,500138,528954,,3664.0,3589.0,AG
86,AG1612,2016-06-07,3684.0,3693.0,3658.0,3677.0,319352,525504,,3678.0,3664.0,AG
86,AG1612,2016-06-08,3665.0,3718.0,3661.0,3712.0,348458,531502,,3690.0,3678.0,AG
86,AG1612,2016-06-13,3834.0,3864.0,3804.0,3847.0,392728,559942,,3830.0,3690.0,AG
86,AG1612,2016-06-14,3867.0,3872.0,3831.0,3848.0,417450,580736,,3853.0,3830.0,AG
86,AG1612,2016-06-15,3859.0,3878.0,3845.0,3869.0,404858,582470,,3860.0,3853.0,AG
85,AG1612,2016-06-16,3871.0,3945.0,3835.0,3935.0,684578,623520,,3900.0,3860.0,AG
85,AG1612,2016-06-17,3937.0,3941.0,3810.0,3836.0,804894,611744,,3875.0,3900.0,AG
85,AG1612,2016-06-20,3846.0,3866.0,3816.0,3841.0,457478,624986,,3842.0,3875.0,AG
85,AG1612,2016-06-21,3843.0,3882.0,3835.0,3850.0,424710,645754,,3857.0,3842.0,AG
85,AG1612,2016-06-22,3813.0,3828.0,3780.0,3809.0,458680,620244,,3810.0,3857.0,AG
85,AG1612,2016-06-23,3803.0,3827.0,3800.0,3811.0,381220,625016,,3815.0,3810.0,AG
85,AG1612,2016-06-24,3810.0,3938.0,3808.0,3901.0,1024378,650062,,3868.0,3815.0,AG
85,AG1612,2016-06-27,3935.0,3960.0,3894.0,3925.0,684838,650600,,3924.0,3868.0,AG
85,AG1612,2016-06-28,3930.0,3934.0,3882.0,3909.0,393308,657096,,3908.0,3924.0,AG
85,AG1612,2016-06-29,3915.0,4065.0,3912.0,4056.0,1067420,789134,,3979.0,3908.0,AG
85,AG1612,2016-06-30,4078.0,4085.0,4021.0,4064.0,823344,767918,,4052.0,3979.0,AG
85,AG1612,2016-07-01,4070.0,4285.0,4056.0,4230.0,1518798,738136,,4169.0,4052.0,AG
85,AG1612,2016-07-04,4233.0,4419.0,4226.0,4419.0,849340,728592,,4303.0,4169.0,AG
85,AG1612,2016-07-05,4588.0,4599.0,4315.0,4427.0,1916788,672990,,4469.0,4303.0,AG
85,AG1612,2016-07-06,4382.0,4575.0,4338.0,4511.0,2088988,687792,,4449.0,4469.0,AG
85,AG1612,2016-07-07,4481.0,4508.0,4416.0,4455.0,1162692,679452,,4465.0,4449.0,AG
85,AG1612,2016-07-08,4419.0,4422.0,4320.0,4340.0,1276016,667546,,4363.0,4465.0,AG
85,AG1612,2016-07-11,4318.0,4580.0,4301.0,4506.0,1900034,744214,,4463.0,4363.0,AG
85,AG1612,2016-07-12,4481.0,4538.0,4459.0,4517.0,1181030,760710,,4506.0,4463.0,AG
85,AG1612,2016-07-13,4512.0,4537.0,4397.0,4523.0,1840992,807440,,4481.0,4506.0,AG
85,AG1612,2016-07-14,4518.0,4549.0,4459.0,4491.0,1328388,771988,,4496.0,4481.0,AG
85,AG1612,2016-07-15,4446.0,4493.0,4430.0,4466.0,884980,758848,,4465.0,4496.0,AG
84,AG1612,2016-07-18,4470.0,4472.0,4385.0,4395.0,982928,734200,,4429.0,4465.0,AG
84,AG1612,2016-07-19,4389.0,4421.0,4369.0,4392.0,769506,731752,,4397.0,4429.0,AG
84,AG1612,2016-07-20,4395.0,4416.0,4356.0,4358.0,693650,753062,,4389.0,4397.0,AG
84,AG1612,2016-07-21,4308.0,4319.0,4243.0,4273.0,958284,697594,,4286.0,4389.0,AG
84,AG1612,2016-07-22,4278.0,4402.0,4256.0,4333.0,1049482,696560,,4336.0,4286.0,AG
84,AG1612,2016-07-25,4336.0,4352.0,4266.0,4297.0,723750,691712,,4316.0,4336.0,AG
84,AG1612,2016-07-26,4293.0,4355.0,4266.0,4332.0,796298,694132,,4321.0,4316.0,AG
84,AG1612,2016-07-27,4327.0,4351.0,4312.0,4326.0,509950,691762,,4332.0,4321.0,AG
84,AG1612,2016-07-28,4340.0,4514.0,4338.0,4499.0,1266174,730820,,4430.0,4332.0,AG
84,AG1612,2016-07-29,4492.0,4492.0,4432.0,4442.0,791030,723278,,4465.0,4430.0,AG
84,AG1612,2016-08-01,4475.0,4558.0,4446.0,4530.0,1140446,756980,,4503.0,4465.0,AG
84,AG1612,2016-08-02,4527.0,4545.0,4492.0,4531.0,682914,766558,,4521.0,4503.0,AG
84,AG1612,2016-08-03,4578.0,4588.0,4545.0,4569.0,741214,782944,,4565.0,4521.0,AG
84,AG1612,2016-08-04,4549.0,4554.0,4441.0,4451.0,947548,744762,,4494.0,4565.0,AG
84,AG1612,2016-08-05,4494.0,4508.0,4469.0,4496.0,636060,736830,,4490.0,4494.0,AG
84,AG1612,2016-08-08,4421.0,4421.0,4335.0,4341.0,906608,707786,,4374.0,4490.0,AG
84,AG1612,2016-08-09,4368.0,4384.0,4336.0,4342.0,490220,694686,,4362.0,4374.0,AG
84,AG1612,2016-08-10,4338.0,4477.0,4327.0,4462.0,805430,717436,,4406.0,4362.0,AG
84,AG1612,2016-08-11,4487.0,4498.0,4400.0,4428.0,728440,693398,,4445.0,4406.0,AG
84,AG1612,2016-08-12,4439.0,4465.0,4404.0,4418.0,613898,699542,,4432.0,4445.0,AG
84,AG1612,2016-08-15,4450.0,4458.0,4352.0,4377.0,804808,676820,,4400.0,4432.0,AG
83,AG1612,2016-08-16,4365.0,4433.0,4361.0,4410.0,595176,695148,,4395.0,4400.0,AG
83,AG1612,2016-08-17,4390.0,4409.0,4348.0,4357.0,736386,702402,,4380.0,4395.0,AG
83,AG1612,2016-08-18,4357.0,4420.0,4304.0,4382.0,817088,693840,,4372.0,4380.0,AG
83,AG1612,2016-08-19,4375.0,4393.0,4349.0,4367.0,466792,694094,,4372.0,4372.0,AG
83,AG1612,2016-08-22,4306.0,4335.0,4196.0,4204.0,921556,710638,,4264.0,4372.0,AG
83,AG1612,2016-08-23,4214.0,4238.0,4204.0,4232.0,434706,700504,,4222.0,4264.0,AG
83,AG1612,2016-08-24,4240.0,4245.0,4201.0,4209.0,396934,712760,,4219.0,4222.0,AG
83,AG1612,2016-08-25,4200.0,4201.0,4040.0,4144.0,719096,715020,,4149.0,4219.0,AG
83,AG1612,2016-08-26,4133.0,4163.0,4126.0,4148.0,391840,711772,,4143.0,4149.0,AG
83,AG1612,2016-08-29,4172.0,4239.0,4101.0,4129.0,1264740,683646,,4169.0,4143.0,AG
83,AG1612,2016-08-30,4146.0,4196.0,4138.0,4160.0,569632,675058,,4166.0,4169.0,AG
83,AG1612,2016-08-31,4166.0,4194.0,4141.0,4164.0,604332,656602,,4165.0,4166.0,AG
83,AG1612,2016-09-01,4151.0,4188.0,4151.0,4172.0,427672,655104,,4169.0,4165.0,AG
83,AG1612,2016-09-02,4159.0,4240.0,4158.0,4209.0,723306,666286,,4200.0,4169.0,AG
83,AG1612,2016-09-05,4286.0,4323.0,4269.0,4317.0,806166,642888,,4294.0,4200.0,AG
83,AG1612,2016-09-06,4330.0,4348.0,4317.0,4345.0,379184,655474,,4334.0,4294.0,AG
83,AG1612,2016-09-07,4364.0,4458.0,4357.0,4416.0,867724,646836,,4409.0,4334.0,AG
83,AG1612,2016-09-08,4432.0,4432.0,4378.0,4412.0,511720,630388,,4402.0,4409.0,AG
83,AG1612,2016-09-09,4404.0,4405.0,4341.0,4351.0,603648,619888,,4372.0,4402.0,AG
83,AG1612,2016-09-12,4338.0,4348.0,4220.0,4248.0,790160,603798,,4285.0,4372.0,AG
83,AG1612,2016-09-13,4240.0,4312.0,4222.0,4280.0,660334,586594,,4265.0,4285.0,AG
83,AG1612,2016-09-14,4265.0,4273.0,4210.0,4265.0,627282,592368,,4246.0,4265.0,AG
83,AG1612,2016-09-19,4227.0,4308.0,4218.0,4284.0,373100,602938,,4269.0,4246.0,AG
82,AG1612,2016-09-20,4300.0,4316.0,4280.0,4302.0,408950,599840,,4301.0,4269.0,AG
82,AG1612,2016-09-21,4297.0,4352.0,4271.0,4345.0,664526,643102,,4308.0,4301.0,AG
82,AG1612,2016-09-22,4400.0,4430.0,4352.0,4385.0,959772,609332,,4397.0,4308.0,AG
82,AG1612,2016-09-23,4421.0,4444.0,4379.0,4394.0,668518,624024,,4413.0,4397.0,AG
82,AG1612,2016-09-26,4402.0,4402.0,4319.0,4342.0,591404,599586,,4360.0,4413.0,AG
82,AG1612,2016-09-27,4333.0,4365.0,4313.0,4335.0,508916,588286,,4339.0,4360.0,AG
82,AG1612,2016-09-28,4315.0,4317.0,4250.0,4258.0,747270,572476,,4277.0,4339.0,AG
82,AG1612,2016-09-29,4268.0,4310.0,4232.0,4269.0,534762,546284,,4272.0,4277.0,AG
82,AG1612,2016-09-30,4251.0,4293.0,4249.0,4266.0,466044,524172,,4270.0,4272.0,AG
82,AG1612,2016-10-10,3952.0,4001.0,3952.0,3981.0,483216,508154,,3976.0,4270.0,AG
82,AG1612,2016-10-11,3974.0,4024.0,3967.0,4015.0,568006,540440,,3989.0,3976.0,AG
82,AG1612,2016-10-12,3979.0,3999.0,3971.0,3987.0,501496,549134,,3983.0,3989.0,AG
82,AG1612,2016-10-13,3975.0,4007.0,3967.0,3992.0,510614,547748,,3986.0,3983.0,AG
82,AG1612,2016-10-14,3982.0,3996.0,3972.0,3981.0,380420,547756,,3984.0,3986.0,AG
82,AG1612,2016-10-17,3976.0,4005.0,3966.0,3986.0,521934,567816,,3984.0,3984.0,AG
81,AG1612,2016-10-18,3987.0,4042.0,3981.0,4033.0,559570,602206,,4009.0,3984.0,AG
81,AG1612,2016-10-19,4031.0,4045.0,4013.0,4024.0,424582,563310,,4027.0,4009.0,AG
81,AG1612,2016-10-20,4051.0,4063.0,4029.0,4044.0,480334,565408,,4045.0,4027.0,AG
81,AG1612,2016-10-21,4043.0,4053.0,3983.0,4000.0,527866,553626,,4009.0,4045.0,AG
81,AG1612,2016-10-24,4001.0,4035.0,3996.0,4030.0,384910,565480,,4011.0,4009.0,AG
81,AG1612,2016-10-25,4052.0,4081.0,4024.0,4058.0,695734,601990,,4051.0,4011.0,AG
81,AG1612,2016-10-26,4063.0,4100.0,4046.0,4080.0,612998,593440,,4072.0,4051.0,AG
81,AG1612,2016-10-27,4063.0,4076.0,4046.0,4059.0,410780,572906,,4059.0,4072.0,AG
81,AG1612,2016-10-28,4071.0,4076.0,4049.0,4057.0,352260,549220,,4061.0,4059.0,AG
81,AG1612,2016-10-31,4056.0,4093.0,4051.0,4080.0,613624,512058,,4073.0,4061.0,AG
81,AG1612,2016-11-01,4078.0,4113.0,4072.0,4102.0,402530,509494,,4087.0,4073.0,AG
81,AG1612,2016-11-02,4155.0,4196.0,4141.0,4193.0,642228,509430,,4165.0,4087.0,AG
81,AG1612,2016-11-03,4208.0,4228.0,4168.0,4171.0,542588,449696,,4203.0,4165.0,AG
81,AG1612,2016-11-04,4132.0,4169.0,4106.0,4111.0,554180,403004,,4133.0,4203.0,AG
81,AG1612,2016-11-07,4137.0,4157.0,4098.0,4116.0,398204,387068,,4128.0,4133.0,AG
81,AG1612,2016-11-08,4110.0,4145.0,4060.0,4144.0,425578,388050,,4115.0,4128.0,AG
81,AG1612,2016-11-09,4121.0,4305.0,4117.0,4264.0,1413512,369290,,4207.0,4115.0,AG
81,AG1612,2016-11-10,4251.0,4274.0,4190.0,4273.0,748222,344092,,4243.0,4207.0,AG
81,AG1612,2016-11-11,4261.0,4319.0,4221.0,4313.0,770218,345710,,4268.0,4243.0,AG
81,AG1612,2016-11-14,4287.0,4333.0,4011.0,4014.0,914730,260784,,4156.0,4268.0,AG
87,AG1706,2016-11-15,4141.0,4164.0,4093.0,4140.0,500754,421952,,4126.0,4295.0,AG
86,AG1706,2016-11-16,4130.0,4180.0,4120.0,4158.0,395132,438130,,4150.0,4126.0,AG
86,AG1706,2016-11-17,4148.0,4161.0,4135.0,4139.0,331908,454692,,4148.0,4150.0,AG
86,AG1706,2016-11-18,4148.0,4158.0,4080.0,4101.0,516058,492548,,4118.0,4148.0,AG
86,AG1706,2016-11-21,4102.0,4133.0,4073.0,4131.0,535686,512028,,4104.0,4118.0,AG
86,AG1706,2016-11-22,4125.0,4186.0,4110.0,4166.0,620846,589436,,4147.0,4104.0,AG
86,AG1706,2016-11-23,4166.0,4177.0,4143.0,4159.0,480092,605060,,4158.0,4147.0,AG
86,AG1706,2016-11-24,4148.0,4153.0,4081.0,4129.0,908362,643450,,4121.0,4158.0,AG
86,AG1706,2016-11-25,4125.0,4158.0,4093.0,4119.0,665974,668112,,4127.0,4121.0,AG
86,AG1706,2016-11-28,4133.0,4237.0,4125.0,4211.0,944576,718130,,4183.0,4127.0,AG
86,AG1706,2016-11-29,4195.0,4220.0,4167.0,4179.0,708916,694584,,4194.0,4183.0,AG
86,AG1706,2016-11-30,4159.0,4188.0,4133.0,4155.0,712904,695622,,4160.0,4194.0,AG
86,AG1706,2016-12-01,4155.0,4176.0,4090.0,4147.0,906362,724380,,4141.0,4160.0,AG
86,AG1706,2016-12-02,4121.0,4165.0,4116.0,4144.0,588310,732220,,4138.0,4141.0,AG
86,AG1706,2016-12-05,4128.0,4214.0,4116.0,4165.0,980844,750078,,4167.0,4138.0,AG
86,AG1706,2016-12-06,4167.0,4202.0,4156.0,4172.0,690058,768054,,4178.0,4167.0,AG
86,AG1706,2016-12-07,4181.0,4192.0,4163.0,4169.0,517866,768516,,4176.0,4178.0,AG
86,AG1706,2016-12-08,4182.0,4290.0,4180.0,4250.0,1332558,834208,,4243.0,4176.0,AG
86,AG1706,2016-12-09,4245.0,4266.0,4208.0,4238.0,776850,805230,,4237.0,4243.0,AG
86,AG1706,2016-12-12,4228.0,4265.0,4221.0,4244.0,737376,864670,,4240.0,4237.0,AG
86,AG1706,2016-12-13,4246.0,4298.0,4231.0,4275.0,869156,875882,,4270.0,4240.0,AG
86,AG1706,2016-12-14,4276.0,4300.0,4222.0,4273.0,908220,876070,,4261.0,4270.0,AG
86,AG1706,2016-12-15,4275.0,4298.0,4200.0,4231.0,972096,828720,,4252.0,4261.0,AG
85,AG1706,2016-12-16,4136.0,4148.0,4096.0,4112.0,908346,770624,,4118.0,4252.0,AG
85,AG1706,2016-12-19,4112.0,4135.0,4104.0,4116.0,507136,758880,,4120.0,4118.0,AG
85,AG1706,2016-12-20,4110.0,4115.0,3997.0,4003.0,780436,760922,,4074.0,4120.0,AG
85,AG1706,2016-12-21,3960.0,4059.0,3943.0,4041.0,827464,728162,,3995.0,4074.0,AG
85,AG1706,2016-12-22,4035.0,4047.0,3972.0,3990.0,514436,736258,,4013.0,3995.0,AG
85,AG1706,2016-12-23,3980.0,4038.0,3972.0,3995.0,635390,727314,,4008.0,4013.0,AG
85,AG1706,2016-12-26,3999.0,4017.0,3950.0,3979.0,486620,716582,,3990.0,4008.0,AG
85,AG1706,2016-12-27,3978.0,4045.0,3975.0,4039.0,374334,740776,,4012.0,3990.0,AG
85,AG1706,2016-12-28,4042.0,4065.0,4019.0,4042.0,573016,737970,,4043.0,4012.0,AG
85,AG1706,2016-12-29,4035.0,4102.0,4030.0,4087.0,572730,729452,,4068.0,4043.0,AG
85,AG1706,2016-12-30,4076.0,4136.0,4069.0,4113.0,595792,708376,,4102.0,4068.0,AG
85,AG1706,2017-01-03,4076.0,4107.0,4070.0,4078.0,224568,702900,,4088.0,4102.0,AG
85,AG1706,2017-01-04,4071.0,4145.0,4063.0,4130.0,735862,713016,,4113.0,4088.0,AG
85,AG1706,2017-01-05,4129.0,4149.0,4102.0,4137.0,589950,709016,,4126.0,4113.0,AG
85,AG1706,2017-01-06,4129.0,4147.0,4069.0,4075.0,703100,706882,,4120.0,4126.0,AG
85,AG1706,2017-01-09,4090.0,4120.0,4083.0,4109.0,478496,701796,,4102.0,4120.0,AG
85,AG1706,2017-01-10,4107.0,4140.0,4107.0,4126.0,490692,702764,,4127.0,4102.0,AG
85,AG1706,2017-01-11,4123.0,4173.0,4115.0,4161.0,599530,705988,,4153.0,4127.0,AG
85,AG1706,2017-01-12,4148.0,4154.0,4105.0,4150.0,681992,688200,,4133.0,4153.0,AG
85,AG1706,2017-01-13,4150.0,4158.0,4100.0,4114.0,510994,696168,,4130.0,4133.0,AG
85,AG1706,2017-01-16,4122.0,4156.0,4088.0,4145.0,658596,725342,,4121.0,4130.0,AG
84,AG1706,2017-01-17,4135.0,4163.0,4120.0,4134.0,505562,705192,,4137.0,4121.0,AG
84,AG1706,2017-01-18,4139.0,4183.0,4129.0,4139.0,751404,695382,,4154.0,4137.0,AG
84,AG1706,2017-01-19,4138.0,4162.0,4093.0,4103.0,572116,698376,,4127.0,4154.0,AG
84,AG1706,2017-01-20,4115.0,4117.0,4087.0,4102.0,468122,676654,,4104.0,4127.0,AG
84,AG1706,2017-01-23,4100.0,4138.0,4095.0,4128.0,549726,674800,,4115.0,4104.0,AG
84,AG1706,2017-01-24,4128.0,4136.0,4112.0,4117.0,303432,662280,,4125.0,4115.0,AG
84,AG1706,2017-01-25,4116.0,4130.0,4046.0,4075.0,446408,650518,,4099.0,4125.0,AG
84,AG1706,2017-01-26,4073.0,4080.0,4020.0,4025.0,396474,641770,,4042.0,4099.0,AG
84,AG1706,2017-02-03,4120.0,4125.0,4092.0,4095.0,221832,601966,,4105.0,4042.0,AG
84,AG1706,2017-02-06,4091.0,4152.0,4082.0,4150.0,514068,625786,,4122.0,4105.0,AG
84,AG1706,2017-02-07,4159.0,4173.0,4142.0,4162.0,369010,639496,,4155.0,4122.0,AG
84,AG1706,2017-02-08,4163.0,4187.0,4148.0,4163.0,428594,650776,,4166.0,4155.0,AG
84,AG1706,2017-02-09,4182.0,4207.0,4165.0,4170.0,423838,654004,,4183.0,4166.0,AG
84,AG1706,2017-02-10,4177.0,4193.0,4143.0,4150.0,424812,644578,,4163.0,4183.0,AG
84,AG1706,2017-02-13,4152.0,4247.0,4150.0,4229.0,870748,759940,,4206.0,4163.0,AG
84,AG1706,2017-02-14,4228.0,4238.0,4203.0,4233.0,482742,782628,,4222.0,4206.0,AG
84,AG1706,2017-02-15,4250.0,4260.0,4200.0,4220.0,686428,735076,,4227.0,4222.0,AG
83,AG1706,2017-02-16,4220.0,4250.0,4187.0,4226.0,563782,720300,,4225.0,4227.0,AG
83,AG1706,2017-02-17,4237.0,4247.0,4214.0,4227.0,449998,696164,,4232.0,4225.0,AG
83,AG1706,2017-02-20,4223.0,4235.0,4197.0,4209.0,357236,686032,,4215.0,4232.0,AG
83,AG1706,2017-02-21,4212.0,4246.0,4210.0,4228.0,516520,737116,,4226.0,4215.0,AG
83,AG1706,2017-02-22,4220.0,4238.0,4206.0,4224.0,461768,720434,,4223.0,4226.0,AG
83,AG1706,2017-02-23,4229.0,4258.0,4213.0,4221.0,559492,697432,,4229.0,4223.0,AG
83,AG1706,2017-02-24,4235.0,4286.0,4231.0,4274.0,885082,784684,,4257.0,4229.0,AG
83,AG1706,2017-02-27,4320.0,4329.0,4286.0,4327.0,580022,769484,,4313.0,4257.0,AG
83,AG1706,2017-02-28,4319.0,4335.0,4297.0,4308.0,351914,757246,,4314.0,4313.0,AG
83,AG1706,2017-03-01,4308.0,4322.0,4275.0,4279.0,460762,723332,,4298.0,4314.0,AG
83,AG1706,2017-03-02,4280.0,4305.0,4277.0,4295.0,352324,729612,,4290.0,4298.0,AG
83,AG1706,2017-03-03,4286.0,4288.0,4140.0,4159.0,804376,630586,,4201.0,4290.0,AG
83,AG1706,2017-03-06,4155.0,4200.0,4153.0,4168.0,396936,607798,,4171.0,4201.0,AG
83,AG1706,2017-03-07,4171.0,4183.0,4156.0,4165.0,242448,597770,,4168.0,4171.0,AG
83,AG1706,2017-03-08,4157.0,4158.0,4122.0,4126.0,437032,574606,,4134.0,4168.0,AG
83,AG1706,2017-03-09,4111.0,4118.0,4054.0,4070.0,507642,573654,,4089.0,4134.0,AG
83,AG1706,2017-03-10,4081.0,4097.0,4022.0,4030.0,509184,599674,,4058.0,4089.0,AG
83,AG1706,2017-03-13,4035.0,4075.0,4018.0,4067.0,643614,595154,,4053.0,4058.0,AG
83,AG1706,2017-03-14,4053.0,4067.0,4039.0,4044.0,305228,605900,,4055.0,4053.0,AG
83,AG1706,2017-03-15,4052.0,4060.0,4035.0,4050.0,301014,608368,,4048.0,4055.0,AG
82,AG1706,2017-03-16,4046.0,4165.0,4035.0,4150.0,557384,577220,,4108.0,4048.0,AG
82,AG1706,2017-03-17,4156.0,4156.0,4123.0,4142.0,336574,580796,,4138.0,4108.0,AG
82,AG1706,2017-03-20,4142.0,4163.0,4141.0,4155.0,229576,580570,,4151.0,4138.0,AG
82,AG1706,2017-03-21,4155.0,4158.0,4131.0,4142.0,239832,563864,,4143.0,4151.0,AG
82,AG1706,2017-03-22,4148.0,4186.0,4147.0,4175.0,445152,562422,,4169.0,4143.0,AG
82,AG1706,2017-03-23,4168.0,4172.0,4156.0,4167.0,231072,556558,,4163.0,4169.0,AG
82,AG1706,2017-03-24,4185.0,4188.0,4145.0,4150.0,347564,536322,,4163.0,4163.0,AG
82,AG1706,2017-03-27,4162.0,4204.0,4158.0,4200.0,408914,563642,,4182.0,4163.0,AG
82,AG1706,2017-03-28,4214.0,4223.0,4196.0,4202.0,352282,559226,,4208.0,4182.0,AG
82,AG1706,2017-03-29,4217.0,4225.0,4191.0,4201.0,395714,559678,,4208.0,4208.0,AG
82,AG1706,2017-03-30,4206.0,4211.0,4190.0,4205.0,299836,570306,,4202.0,4208.0,AG
82,AG1706,2017-03-31,4203.0,4214.0,4180.0,4192.0,422030,544300,,4193.0,4202.0,AG
82,AG1706,2017-04-05,4220.0,4222.0,4201.0,4209.0,165778,565790,,4209.0,4193.0,AG
82,AG1706,2017-04-06,4208.0,4213.0,4190.0,4208.0,279152,577462,,4204.0,4209.0,AG
82,AG1706,2017-04-07,4205.0,4281.0,4195.0,4259.0,656318,619888,,4244.0,4204.0,AG
82,AG1706,2017-04-10,4276.0,4282.0,4035.0,4154.0,634978,529670,,4195.0,4244.0,AG
82,AG1706,2017-04-11,4150.0,4165.0,4127.0,4157.0,331990,506596,,4151.0,4195.0,AG
82,AG1706,2017-04-12,4164.0,4251.0,4163.0,4223.0,579366,514258,,4207.0,4151.0,AG
82,AG1706,2017-04-13,4228.0,4265.0,4209.0,4257.0,415164,536180,,4239.0,4207.0,AG
82,AG1706,2017-04-14,4264.0,4273.0,4236.0,4263.0,297474,542366,,4252.0,4239.0,AG
82,AG1706,2017-04-17,4269.0,4337.0,4246.0,4272.0,432558,549852,,4283.0,4252.0,AG
81,AG1706,2017-04-18,4260.0,4271.0,4230.0,4239.0,331134,543876,,4250.0,4283.0,AG
81,AG1706,2017-04-19,4235.0,4244.0,4180.0,4198.0,544872,533188,,4211.0,4250.0,AG
81,AG1706,2017-04-20,4208.0,4214.0,4182.0,4200.0,309030,515136,,4197.0,4211.0,AG
81,AG1706,2017-04-21,4196.0,4197.0,4154.0,4161.0,506174,518440,,4175.0,4197.0,AG
81,AG1706,2017-04-24,4155.0,4171.0,4131.0,4139.0,473280,477740,,4152.0,4175.0,AG
81,AG1706,2017-04-25,4135.0,4163.0,4126.0,4150.0,310932,451372,,4146.0,4152.0,AG
81,AG1706,2017-04-26,4132.0,4146.0,4113.0,4120.0,339500,426408,,4129.0,4146.0,AG
81,AG1706,2017-04-27,4116.0,4125.0,4097.0,4115.0,335172,412556,,4113.0,4129.0,AG
81,AG1706,2017-04-28,4115.0,4122.0,4103.0,4110.0,280996,391904,,4111.0,4113.0,AG
81,AG1706,2017-05-02,4050.0,4052.0,4017.0,4037.0,222902,399038,,4035.0,4111.0,AG
81,AG1706,2017-05-03,4024.0,4043.0,4022.0,4035.0,209404,382704,,4032.0,4035.0,AG
81,AG1706,2017-05-04,4027.0,4032.0,3875.0,3933.0,548280,378810,,3971.0,4032.0,AG
81,AG1706,2017-05-05,3890.0,3951.0,3880.0,3923.0,359334,355994,,3907.0,3971.0,AG
81,AG1706,2017-05-08,3925.0,3944.0,3908.0,3934.0,247094,349322,,3926.0,3907.0,AG
81,AG1706,2017-05-09,3932.0,3932.0,3895.0,3916.0,176252,334770,,3918.0,3926.0,AG
87,AG1712,2017-05-10,4008.0,4012.0,3982.0,4002.0,198064,376096,,4001.0,4028.0,AG
87,AG1712,2017-05-11,4014.0,4039.0,4007.0,4030.0,269422,404264,,4023.0,4001.0,AG
87,AG1712,2017-05-12,4027.0,4066.0,4018.0,4053.0,295202,424938,,4041.0,4023.0,AG
87,AG1712,2017-05-15,4055.0,4096.0,4045.0,4085.0,301552,440122,,4066.0,4041.0,AG
86,AG1712,2017-05-16,4118.0,4129.0,4089.0,4110.0,313340,448432,,4107.0,4066.0,AG
86,AG1712,2017-05-17,4112.0,4127.0,4091.0,4116.0,303816,457918,,4111.0,4107.0,AG
86,AG1712,2017-05-18,4128.0,4141.0,4093.0,4104.0,395786,466000,,4123.0,4111.0,AG
86,AG1712,2017-05-19,4098.0,4111.0,4058.0,4096.0,417590,461030,,4089.0,4123.0,AG
86,AG1712,2017-05-22,4110.0,4125.0,4086.0,4110.0,342078,465720,,4105.0,4089.0,AG
86,AG1712,2017-05-23,4128.0,4150.0,4119.0,4134.0,370502,458760,,4135.0,4105.0,AG
86,AG1712,2017-05-24,4142.0,4154.0,4083.0,4097.0,415476,461262,,4122.0,4135.0,AG
86,AG1712,2017-05-25,4107.0,4141.0,4096.0,4125.0,336014,451894,,4118.0,4122.0,AG
86,AG1712,2017-05-26,4120.0,4128.0,4104.0,4125.0,205222,439194,,4114.0,4118.0,AG
86,AG1712,2017-05-31,4121.0,4134.0,4095.0,4103.0,197482,438024,,4108.0,4114.0,AG
86,AG1712,2017-06-01,4111.0,4114.0,4073.0,4094.0,370088,454986,,4094.0,4108.0,AG
86,AG1712,2017-06-02,4070.0,4087.0,4052.0,4067.0,339768,462558,,4068.0,4094.0,AG
86,AG1712,2017-06-05,4085.0,4145.0,4084.0,4134.0,536224,468314,,4116.0,4068.0,AG
86,AG1712,2017-06-06,4139.0,4172.0,4132.0,4164.0,384634,493824,,4150.0,4116.0,AG
86,AG1712,2017-06-07,4171.0,4183.0,4157.0,4169.0,284888,486582,,4169.0,4150.0,AG
86,AG1712,2017-06-08,4160.0,4171.0,4142.0,4163.0,288932,478652,,4158.0,4169.0,AG
86,AG1712,2017-06-09,4158.0,4164.0,4091.0,4100.0,480272,468856,,4123.0,4158.0,AG
86,AG1712,2017-06-12,4089.0,4094.0,4060.0,4062.0,340710,487224,,4077.0,4123.0,AG
86,AG1712,2017-06-13,4049.0,4067.0,4031.0,4038.0,357490,512386,,4045.0,4077.0,AG
86,AG1712,2017-06-14,4035.0,4064.0,4024.0,4055.0,346212,521364,,4043.0,4045.0,AG
86,AG1712,2017-06-15,4087.0,4125.0,4038.0,4041.0,641906,513316,,4088.0,4043.0,AG
85,AG1712,2017-06-16,4015.0,4048.0,4011.0,4038.0,352178,531084,,4031.0,4088.0,AG
85,AG1712,2017-06-19,4036.0,4039.0,4016.0,4018.0,297096,566244,,4025.0,4031.0,AG
85,AG1712,2017-06-20,4015.0,4030.0,4004.0,4023.0,306358,588042,,4017.0,4025.0,AG
85,AG1712,2017-06-21,4010.0,4013.0,3986.0,4008.0,311894,598778,,4002.0,4017.0,AG
85,AG1712,2017-06-22,3993.0,4055.0,3991.0,4043.0,418214,597128,,4026.0,4002.0,AG
85,AG1712,2017-06-23,4049.0,4054.0,4032.0,4054.0,280108,598734,,4042.0,4026.0,AG
85,AG1712,2017-06-26,4062.0,4064.0,4041.0,4049.0,224968,588128,,4052.0,4042.0,AG
85,AG1712,2017-06-27,4026.0,4034.0,4010.0,4033.0,306136,598736,,4021.0,4052.0,AG
85,AG1712,2017-06-28,4028.0,4069.0,4023.0,4055.0,415480,604754,,4045.0,4021.0,AG
85,AG1712,2017-06-29,4058.0,4064.0,4047.0,4058.0,270540,603672,,4054.0,4045.0,AG
85,AG1712,2017-06-30,4022.0,4032.0,4006.0,4013.0,433374,636078,,4018.0,4054.0,AG
85,AG1712,2017-07-03,4006.0,4023.0,3995.0,4006.0,330682,655176,,4009.0,4018.0,AG
85,AG1712,2017-07-04,3966.0,3967.0,3880.0,3898.0,773716,732314,,3921.0,4009.0,AG
85,AG1712,2017-07-05,3882.0,3921.0,3871.0,3901.0,346194,726318,,3897.0,3921.0,AG
85,AG1712,2017-07-06,3863.0,3899.0,3858.0,3885.0,360546,743088,,3879.0,3897.0,AG
85,AG1712,2017-07-07,3885.0,3896.0,3839.0,3864.0,490434,781948,,3865.0,3879.0,AG
85,AG1712,2017-07-10,3851.0,3858.0,3671.0,3671.0,1280330,814850,,3755.0,3865.0,AG
85,AG1712,2017-07-11,3675.0,3766.0,3666.0,3732.0,1138236,746782,,3723.0,3755.0,AG
85,AG1712,2017-07-12,3750.0,3828.0,3737.0,3788.0,831476,711912,,3784.0,3723.0,AG
85,AG1712,2017-07-13,3831.0,3839.0,3807.0,3819.0,522812,693938,,3820.0,3784.0,AG
85,AG1712,2017-07-14,3813.0,3816.0,3748.0,3769.0,616266,704370,,3777.0,3820.0,AG
85,AG1712,2017-07-17,3840.0,3867.0,3820.0,3844.0,551538,669956,,3840.0,3777.0,AG
84,AG1712,2017-07-18,3868.0,3878.0,3839.0,3849.0,405784,665568,,3863.0,3840.0,AG
84,AG1712,2017-07-19,3865.0,3870.0,3845.0,3859.0,365010,651812,,3858.0,3863.0,AG
84,AG1712,2017-07-20,3871.0,3873.0,3834.0,3853.0,387868,648652,,3855.0,3858.0,AG
84,AG1712,2017-07-21,3860.0,3895.0,3846.0,3882.0,524202,650020,,3876.0,3855.0,AG
84,AG1712,2017-07-24,3900.0,3909.0,3872.0,3880.0,365130,642570,,3889.0,3876.0,AG
84,AG1712,2017-07-25,3899.0,3899.0,3873.0,3888.0,288530,631786,,3885.0,3889.0,AG
84,AG1712,2017-07-26,3881.0,3907.0,3845.0,3857.0,558632,648476,,3875.0,3885.0,AG
84,AG1712,2017-07-27,3861.0,3930.0,3859.0,3912.0,499044,626230,,3896.0,3875.0,AG
84,AG1712,2017-07-28,3924.0,3929.0,3895.0,3904.0,391850,607278,,3908.0,3896.0,AG
84,AG1712,2017-07-31,3916.0,3926.0,3905.0,3916.0,326188,606620,,3916.0,3908.0,AG
84,AG1712,2017-08-01,3930.0,3939.0,3917.0,3922.0,351678,602186,,3927.0,3916.0,AG
84,AG1712,2017-08-02,3917.0,3934.0,3905.0,3916.0,342536,597500,,3917.0,3927.0,AG
84,AG1712,2017-08-03,3898.0,3925.0,3887.0,3889.0,445798,611790,,3903.0,3917.0,AG
84,AG1712,2017-08-04,3897.0,3919.0,3893.0,3911.0,347920,604320,,3903.0,3903.0,AG
84,AG1712,2017-08-07,3890.0,3891.0,3812.0,3823.0,786380,647196,,3844.0,3903.0,AG
84,AG1712,2017-08-08,3809.0,3833.0,3803.0,3813.0,402040,645494,,3816.0,3844.0,AG
84,AG1712,2017-08-09,3829.0,3870.0,3805.0,3863.0,710198,676832,,3839.0,3816.0,AG
84,AG1712,2017-08-10,3912.0,3984.0,3905.0,3973.0,867618,687356,,3937.0,3839.0,AG
84,AG1712,2017-08-11,4016.0,4026.0,3966.0,3983.0,735684,632854,,3993.0,3937.0,AG
84,AG1712,2017-08-14,3969.0,4031.0,3949.0,4013.0,712064,697790,,3990.0,3993.0,AG
84,AG1712,2017-08-15,3987.0,4004.0,3933.0,3951.0,637606,638134,,3969.0,3990.0,AG
83,AG1712,2017-08-16,3916.0,3926.0,3896.0,3906.0,454056,614374,,3911.0,3969.0,AG
83,AG1712,2017-08-17,3911.0,4019.0,3902.0,4003.0,939300,694938,,3970.0,3911.0,AG
83,AG1712,2017-08-18,3999.0,4011.0,3966.0,3985.0,540820,669376,,3985.0,3970.0,AG
83,AG1712,2017-08-21,4018.0,4040.0,3946.0,3974.0,876044,683540,,3991.0,3985.0,AG
83,AG1712,2017-08-22,3984.0,4001.0,3962.0,3967.0,463004,707732,,3981.0,3991.0,AG
83,AG1712,2017-08-23,3987.0,3993.0,3952.0,3967.0,565526,696094,,3970.0,3981.0,AG
83,AG1712,2017-08-24,3970.0,3988.0,3963.0,3968.0,438452,685388,,3973.0,3970.0,AG
83,AG1712,2017-08-25,3963.0,3973.0,3948.0,3964.0,379750,681914,,3961.0,3973.0,AG
83,AG1712,2017-08-28,3961.0,3997.0,3902.0,3985.0,995662,708856,,3966.0,3961.0,AG
83,AG1712,2017-08-29,3995.0,4032.0,3976.0,4027.0,664412,720050,,4008.0,3966.0,AG
83,AG1712,2017-08-30,4039.0,4049.0,3991.0,3996.0,599048,674026,,4019.0,4008.0,AG
83,AG1712,2017-08-31,4000.0,4009.0,3983.0,3990.0,340426,666338,,3995.0,4019.0,AG
83,AG1712,2017-09-01,3996.0,4026.0,3994.0,4002.0,521730,683390,,4008.0,3995.0,AG
83,AG1712,2017-09-04,4017.0,4075.0,4006.0,4062.0,813464,706900,,4038.0,4008.0,AG
83,AG1712,2017-09-05,4055.0,4066.0,4046.0,4059.0,330668,719268,,4056.0,4038.0,AG
83,AG1712,2017-09-06,4061.0,4074.0,4041.0,4054.0,517746,687930,,4058.0,4056.0,AG
83,AG1712,2017-09-07,4061.0,4063.0,4026.0,4035.0,368638,654914,,4045.0,4058.0,AG
83,AG1712,2017-09-08,4054.0,4065.0,4039.0,4053.0,584322,636402,,4052.0,4045.0,AG
83,AG1712,2017-09-11,4046.0,4048.0,3991.0,3994.0,500356,598448,,4020.0,4052.0,AG
83,AG1712,2017-09-12,3990.0,4014.0,3983.0,3989.0,321286,597360,,3998.0,4020.0,AG
83,AG1712,2017-09-13,3992.0,4003.0,3986.0,3987.0,232620,597806,,3995.0,3998.0,AG
83,AG1712,2017-09-14,3985.0,3993.0,3969.0,3973.0,315414,598252,,3978.0,3995.0,AG
83,AG1712,2017-09-15,3982.0,3997.0,3975.0,3979.0,250216,596030,,3986.0,3978.0,AG
82,AG1712,2017-09-18,3977.0,3983.0,3961.0,3968.0,390988,605666,,3970.0,3986.0,AG
82,AG1712,2017-09-19,3945.0,3950.0,3888.0,3919.0,474574,604674,,3922.0,3970.0,AG
82,AG1712,2017-09-20,3916.0,3932.0,3914.0,3924.0,213514,590288,,3923.0,3922.0,AG
82,AG1712,2017-09-21,3915.0,3942.0,3865.0,3867.0,451872,605646,,3901.0,3923.0,AG
82,AG1712,2017-09-22,3850.0,3874.0,3849.0,3866.0,309744,585848,,3863.0,3901.0,AG
82,AG1712,2017-09-25,3857.0,3871.0,3853.0,3862.0,236762,585542,,3861.0,3863.0,AG
82,AG1712,2017-09-26,3862.0,3934.0,3856.0,3918.0,512582,573304,,3906.0,3861.0,AG
82,AG1712,2017-09-27,3895.0,3900.0,3872.0,3884.0,315432,572360,,3888.0,3906.0,AG
82,AG1712,2017-09-28,3870.0,3884.0,3850.0,3864.0,288290,571990,,3867.0,3888.0,AG
82,AG1712,2017-09-29,3868.0,3884.0,3863.0,3874.0,210862,546142,,3873.0,3867.0,AG
82,AG1712,2017-10-09,3879.0,3920.0,3875.0,3895.0,257192,563822,,3905.0,3873.0,AG
82,AG1712,2017-10-10,3898.0,3908.0,3889.0,3901.0,233624,578446,,3897.0,3905.0,AG
82,AG1712,2017-10-11,3905.0,3912.0,3888.0,3892.0,251774,579534,,3899.0,3897.0,AG
82,AG1712,2017-10-12,3896.0,3917.0,3881.0,3899.0,249826,560498,,3899.0,3899.0,AG
82,AG1712,2017-10-13,3898.0,3923.0,3893.0,3912.0,255324,567122,,3908.0,3899.0,AG
82,AG1712,2017-10-16,3917.0,3941.0,3910.0,3935.0,365468,597994,,3923.0,3908.0,AG
81,AG1712,2017-10-17,3940.0,3944.0,3898.0,3910.0,321536,556634,,3920.0,3923.0,AG
81,AG1712,2017-10-18,3905.0,3914.0,3897.0,3901.0,224582,551804,,3904.0,3920.0,AG
81,AG1712,2017-10-19,3897.0,3901.0,3882.0,3888.0,221608,552324,,3891.0,3904.0,AG
81,AG1712,2017-10-20,3888.0,3921.0,3887.0,3903.0,366070,549846,,3907.0,3891.0,AG
81,AG1712,2017-10-23,3904.0,3909.0,3860.0,3878.0,336840,544438,,3888.0,3907.0,AG
81,AG1712,2017-10-24,3870.0,3896.0,3866.0,3890.0,265846,540332,,3883.0,3888.0,AG
81,AG1712,2017-10-25,3882.0,3884.0,3868.0,3869.0,210624,520372,,3874.0,3883.0,AG
81,AG1712,2017-10-26,3870.0,3888.0,3868.0,3880.0,221262,515788,,3879.0,3874.0,AG
81,AG1712,2017-10-27,3875.0,3887.0,3825.0,3832.0,403710,541454,,3852.0,3879.0,AG
81,AG1712,2017-10-30,3818.0,3857.0,3813.0,3841.0,346112,493898,,3837.0,3852.0,AG
81,AG1712,2017-10-31,3835.0,3851.0,3831.0,3848.0,183816,463020,,3844.0,3837.0,AG
81,AG1712,2017-11-01,3836.0,3848.0,3817.0,3842.0,269616,439898,,3832.0,3844.0,AG
81,AG1712,2017-11-02,3845.0,3881.0,3837.0,3876.0,373564,430696,,3867.0,3832.0,AG
81,AG1712,2017-11-03,3873.0,3893.0,3871.0,3881.0,197298,414246,,3881.0,3867.0,AG
81,AG1712,2017-11-06,3885.0,3896.0,3846.0,3856.0,318676,392372,,3861.0,3881.0,AG
81,AG1712,2017-11-07,3857.0,3903.0,3854.0,3887.0,307460,409084,,3878.0,3861.0,AG
81,AG1712,2017-11-08,3878.0,3892.0,3867.0,3877.0,191820,386718,,3877.0,3878.0,AG
81,AG1712,2017-11-09,3885.0,3895.0,3875.0,3887.0,210164,377382,,3884.0,3877.0,AG
81,AG1712,2017-11-10,3889.0,3899.0,3872.0,3884.0,209946,355896,,3883.0,3884.0,AG
81,AG1712,2017-11-13,3885.0,3892.0,3856.0,3865.0,229878,347644,,3870.0,3883.0,AG
81,AG1712,2017-11-14,3865.0,3882.0,3856.0,3869.0,158998,346780,,3871.0,3870.0,AG
81,AG1712,2017-11-15,3867.0,3885.0,3857.0,3870.0,173878,331994,,3870.0,3871.0,AG
80,AG1712,2017-11-16,3878.0,3887.0,3864.0,3869.0,199974,320566,,3874.0,3870.0,AG
80,AG1712,2017-11-17,3872.0,3880.0,3869.0,3875.0,123718,307312,,3875.0,3874.0,AG
80,AG1712,2017-11-20,3873.0,3916.0,3865.0,3893.0,215894,291502,,3888.0,3875.0,AG
86,AG1806,2017-11-21,4010.0,4016.0,3975.0,3988.0,249286,323800,,3991.0,4004.0,AG
86,AG1806,2017-11-22,3984.0,3995.0,3979.0,3985.0,174516,348610,,3987.0,3991.0,AG
86,AG1806,2017-11-23,3985.0,3998.0,3983.0,3986.0,221842,370020,,3991.0,3987.0,AG
86,AG1806,2017-11-24,3988.0,4001.0,3983.0,3991.0,186428,399512,,3991.0,3991.0,AG
86,AG1806,2017-11-27,3984.0,3994.0,3971.0,3984.0,270676,415322,,3983.0,3991.0,AG
86,AG1806,2017-11-28,3990.0,4007.0,3980.0,3986.0,369614,447112,,3990.0,3983.0,AG
86,AG1806,2017-11-29,3991.0,3993.0,3921.0,3956.0,423802,489300,,3963.0,3990.0,AG
86,AG1806,2017-11-30,3951.0,3956.0,3873.0,3886.0,470624,537918,,3915.0,3963.0,AG
86,AG1806,2017-12-01,3882.0,3884.0,3848.0,3862.0,334126,548544,,3864.0,3915.0,AG
86,AG1806,2017-12-04,3845.0,3881.0,3815.0,3852.0,603718,561400,,3847.0,3864.0,AG
86,AG1806,2017-12-05,3847.0,3857.0,3837.0,3840.0,230912,575932,,3846.0,3847.0,AG
86,AG1806,2017-12-06,3835.0,3839.0,3788.0,3800.0,460078,596850,,3806.0,3846.0,AG
86,AG1806,2017-12-07,3792.0,3800.0,3743.0,3756.0,453546,623120,,3775.0,3806.0,AG
86,AG1806,2017-12-08,3729.0,3737.0,3712.0,3728.0,370598,626514,,3725.0,3775.0,AG
86,AG1806,2017-12-11,3736.0,3753.0,3705.0,3744.0,391586,628010,,3736.0,3725.0,AG
86,AG1806,2017-12-12,3746.0,3748.0,3725.0,3733.0,243070,653788,,3733.0,3736.0,AG
86,AG1806,2017-12-13,3731.0,3738.0,3711.0,3725.0,275892,662334,,3723.0,3733.0,AG
86,AG1806,2017-12-14,3723.0,3809.0,3720.0,3799.0,520858,656088,,3770.0,3723.0,AG
86,AG1806,2017-12-15,3794.0,3801.0,3770.0,3781.0,340010,679098,,3781.0,3770.0,AG
85,AG1806,2017-12-18,3791.0,3811.0,3787.0,3800.0,389294,672416,,3800.0,3781.0,AG
85,AG1806,2017-12-19,3805.0,3816.0,3790.0,3806.0,285846,660232,,3804.0,3800.0,AG
85,AG1806,2017-12-20,3807.0,3811.0,3793.0,3800.0,212204,658594,,3800.0,3804.0,AG
85,AG1806,2017-12-21,3809.0,3812.0,3795.0,3797.0,223472,647940,,3803.0,3800.0,AG
85,AG1806,2017-12-22,3792.0,3809.0,3783.0,3797.0,255662,644278,,3796.0,3803.0,AG
85,AG1806,2017-12-25,3798.0,3848.0,3793.0,3841.0,432896,639118,,3828.0,3796.0,AG
85,AG1806,2017-12-26,3842.0,3847.0,3831.0,3844.0,141256,636776,,3839.0,3828.0,AG
85,AG1806,2017-12-27,3850.0,3863.0,3848.0,3858.0,210978,627406,,3855.0,3839.0,AG
85,AG1806,2017-12-28,3870.0,3901.0,3866.0,3891.0,280708,619308,,3881.0,3855.0,AG
85,AG1806,2017-12-29,3886.0,3898.0,3869.0,3883.0,257368,596822,,3885.0,3881.0,AG
85,AG1806,2018-01-02,3899.0,3910.0,3891.0,3902.0,137022,602744,,3900.0,3885.0,AG
85,AG1806,2018-01-03,3908.0,3928.0,3897.0,3897.0,323606,583810,,3911.0,3900.0,AG
85,AG1806,2018-01-04,3902.0,3915.0,3871.0,3885.0,379448,595966,,3890.0,3911.0,AG
85,AG1806,2018-01-05,3889.0,3910.0,3875.0,3890.0,330302,584178,,3895.0,3890.0,AG
85,AG1806,2018-01-08,3888.0,3912.0,3881.0,3891.0,348074,595602,,3896.0,3895.0,AG
85,AG1806,2018-01-09,3892.0,3901.0,3884.0,3896.0,234532,606676,,3893.0,3896.0,AG
85,AG1806,2018-01-10,3891.0,3892.0,3868.0,3873.0,276074,632452,,3879.0,3893.0,AG
85,AG1806,2018-01-11,3895.0,3898.0,3876.0,3885.0,250670,636290,,3887.0,3879.0,AG
85,AG1806,2018-01-12,3882.0,3893.0,3836.0,3890.0,415558,642510,,3878.0,3887.0,AG
85,AG1806,2018-01-15,3892.0,3939.0,3875.0,3926.0,471104,670164,,3904.0,3878.0,AG
84,AG1806,2018-01-16,3925.0,3928.0,3903.0,3907.0,236234,660858,,3918.0,3904.0,AG
84,AG1806,2018-01-17,3889.0,3898.0,3869.0,3876.0,402960,638304,,3881.0,3918.0,AG
84,AG1806,2018-01-18,3884.0,3884.0,3846.0,3852.0,327046,650276,,3863.0,3881.0,AG
84,AG1806,2018-01-19,3850.0,3860.0,3831.0,3834.0,317398,662324,,3844.0,3863.0,AG
84,AG1806,2018-01-22,3841.0,3848.0,3835.0,3838.0,207686,668780,,3841.0,3844.0,AG
84,AG1806,2018-01-23,3841.0,3853.0,3835.0,3847.0,240510,676724,,3843.0,3841.0,AG
84,AG1806,2018-01-24,3840.0,3844.0,3806.0,3836.0,437610,696240,,3825.0,3843.0,AG
84,AG1806,2018-01-25,3863.0,3926.0,3861.0,3916.0,621608,686058,,3892.0,3825.0,AG
84,AG1806,2018-01-26,3899.0,3915.0,3870.0,3889.0,419062,692052,,3894.0,3892.0,AG
84,AG1806,2018-01-29,3878.0,3891.0,3873.0,3875.0,290138,701688,,3881.0,3894.0,AG
84,AG1806,2018-01-30,3859.0,3866.0,3820.0,3823.0,373710,718046,,3843.0,3881.0,AG
84,AG1806,2018-01-31,3843.0,3851.0,3821.0,3832.0,279930,721492,,3834.0,3843.0,AG
84,AG1806,2018-02-01,3837.0,3845.0,3827.0,3830.0,235382,721920,,3835.0,3834.0,AG
84,AG1806,2018-02-02,3830.0,3836.0,3813.0,3824.0,284856,736950,,3823.0,3835.0,AG
84,AG1806,2018-02-05,3818.0,3825.0,3724.0,3729.0,735642,777424,,3758.0,3823.0,AG
84,AG1806,2018-02-06,3739.0,3797.0,3725.0,3767.0,519518,765472,,3757.0,3758.0,AG
84,AG1806,2018-02-07,3736.0,3744.0,3708.0,3731.0,425140,799180,,3730.0,3757.0,AG
84,AG1806,2018-02-08,3702.0,3710.0,3651.0,3674.0,632088,812318,,3675.0,3730.0,AG
84,AG1806,2018-02-09,3674.0,3717.0,3673.0,3687.0,407840,796926,,3694.0,3675.0,AG
83,AG1806,2018-02-12,3676.0,3697.0,3656.0,3690.0,476280,798288,,3676.0,3694.0,AG
83,AG1806,2018-02-13,3687.0,3720.0,3681.0,3712.0,299838,770352,,3703.0,3676.0,AG
83,AG1806,2018-02-14,3711.0,3721.0,3686.0,3718.0,303870,760906,,3707.0,3703.0,AG
83,AG1806,2018-02-22,3690.0,3691.0,3663.0,3675.0,144846,763644,,3677.0,3707.0,AG
83,AG1806,2018-02-23,3683.0,3709.0,3680.0,3696.0,311096,793630,,3697.0,3677.0,AG
83,AG1806,2018-02-26,3701.0,3738.0,3691.0,3726.0,448470,819066,,3713.0,3697.0,AG
83,AG1806,2018-02-27,3721.0,3733.0,3709.0,3719.0,362268,848188,,3721.0,3713.0,AG
83,AG1806,2018-02-28,3718.0,3719.0,3670.0,3684.0,507648,862616,,3689.0,3721.0,AG
83,AG1806,2018-03-01,3687.0,3697.0,3669.0,3675.0,320618,875388,,3681.0,3689.0,AG
83,AG1806,2018-03-02,3660.0,3695.0,3650.0,3683.0,487640,826342,,3672.0,3681.0,AG
83,AG1806,2018-03-05,3685.0,3709.0,3681.0,3697.0,386100,817202,,3695.0,3672.0,AG
83,AG1806,2018-03-06,3693.0,3697.0,3676.0,3688.0,292604,837638,,3686.0,3695.0,AG
83,AG1806,2018-03-07,3707.0,3736.0,3699.0,3711.0,522414,785042,,3716.0,3686.0,AG
83,AG1806,2018-03-08,3709.0,3712.0,3683.0,3704.0,430620,805520,,3697.0,3716.0,AG
83,AG1806,2018-03-09,3694.0,3706.0,3673.0,3687.0,354944,789494,,3689.0,3697.0,AG
83,AG1806,2018-03-12,3682.0,3718.0,3663.0,3687.0,550260,773788,,3692.0,3689.0,AG
83,AG1806,2018-03-13,3682.0,3693.0,3678.0,3681.0,230396,774862,,3683.0,3692.0,AG
83,AG1806,2018-03-14,3695.0,3706.0,3678.0,3693.0,332324,765074,,3692.0,3683.0,AG
83,AG1806,2018-03-15,3690.0,3693.0,3682.0,3685.0,222614,772780,,3686.0,3692.0,AG
82,AG1806,2018-03-16,3676.0,3681.0,3657.0,3668.0,390238,815020,,3669.0,3686.0,AG
82,AG1806,2018-03-19,3667.0,3674.0,3622.0,3633.0,536604,846934,,3644.0,3669.0,AG
82,AG1806,2018-03-20,3633.0,3652.0,3633.0,3645.0,251720,824786,,3643.0,3644.0,AG
82,AG1806,2018-03-21,3640.0,3640.0,3612.0,3638.0,320820,837576,,3629.0,3643.0,AG
82,AG1806,2018-03-22,3640.0,3700.0,3638.0,3682.0,602932,788142,,3674.0,3629.0,AG
82,AG1806,2018-03-23,3680.0,3699.0,3666.0,3692.0,474788,778276,,3683.0,3674.0,AG
82,AG1806,2018-03-26,3697.0,3709.0,3681.0,3684.0,329878,768850,,3694.0,3683.0,AG
82,AG1806,2018-03-27,3688.0,3703.0,3682.0,3696.0,303124,758606,,3694.0,3694.0,AG
82,AG1806,2018-03-28,3678.0,3683.0,3648.0,3656.0,331622,778716,,3668.0,3694.0,AG
82,AG1806,2018-03-29,3646.0,3650.0,3599.0,3602.0,509674,805344,,3621.0,3668.0,AG
82,AG1806,2018-03-30,3600.0,3625.0,3596.0,3618.0,243604,786994,,3613.0,3621.0,AG
82,AG1806,2018-04-02,3618.0,3638.0,3614.0,3631.0,192436,770888,,3630.0,3613.0,AG
82,AG1806,2018-04-03,3655.0,3668.0,3648.0,3650.0,292092,739288,,3655.0,3630.0,AG
82,AG1806,2018-04-04,3651.0,3651.0,3620.0,3639.0,225936,747184,,3633.0,3655.0,AG
82,AG1806,2018-04-09,3635.0,3642.0,3631.0,3636.0,91122,749474,,3635.0,3633.0,AG
82,AG1806,2018-04-10,3639.0,3652.0,3633.0,3640.0,216200,740620,,3641.0,3635.0,AG
82,AG1806,2018-04-11,3651.0,3658.0,3644.0,3655.0,259782,720700,,3651.0,3641.0,AG
82,AG1806,2018-04-12,3661.0,3692.0,3655.0,3663.0,489154,672356,,3670.0,3651.0,AG
82,AG1806,2018-04-13,3651.0,3653.0,3621.0,3635.0,309548,636494,,3640.0,3670.0,AG
82,AG1806,2018-04-16,3643.0,3674.0,3642.0,3656.0,288306,641480,,3658.0,3640.0,AG
81,AG1806,2018-04-17,3665.0,3671.0,3651.0,3666.0,222462,625168,,3663.0,3658.0,AG
81,AG1806,2018-04-18,3651.0,3685.0,3646.0,3680.0,341578,619792,,3669.0,3663.0,AG
81,AG1806,2018-04-19,3720.0,3766.0,3713.0,3764.0,722350,597804,,3736.0,3669.0,AG
81,AG1806,2018-04-20,3762.0,3767.0,3741.0,3750.0,441464,556114,,3752.0,3736.0,AG
81,AG1806,2018-04-23,3748.0,3755.0,3724.0,3735.0,331642,512132,,3738.0,3752.0,AG
81,AG1806,2018-04-24,3691.0,3698.0,3672.0,3682.0,449410,477702,,3684.0,3738.0,AG
81,AG1806,2018-04-25,3676.0,3694.0,3670.0,3676.0,219038,463578,,3683.0,3684.0,AG
81,AG1806,2018-04-26,3664.0,3678.0,3655.0,3670.0,227756,448044,,3670.0,3683.0,AG
81,AG1806,2018-04-27,3670.0,3674.0,3645.0,3658.0,271146,427052,,3656.0,3670.0,AG
81,AG1806,2018-05-02,3615.0,3635.0,3603.0,3626.0,127508,412148,,3625.0,3656.0,AG
81,AG1806,2018-05-03,3638.0,3669.0,3626.0,3643.0,222772,382124,,3642.0,3625.0,AG
81,AG1806,2018-05-04,3657.0,3659.0,3641.0,3647.0,135348,362788,,3650.0,3642.0,AG
87,AG1812,2018-05-07,3750.0,3768.0,3746.0,3754.0,176300,503454,,3758.0,3751.0,AG
87,AG1812,2018-05-08,3755.0,3761.0,3751.0,3757.0,131118,521336,,3756.0,3758.0,AG
87,AG1812,2018-05-09,3755.0,3770.0,3734.0,3749.0,328788,538950,,3748.0,3756.0,AG
87,AG1812,2018-05-10,3760.0,3775.0,3757.0,3764.0,306506,569024,,3764.0,3748.0,AG
87,AG1812,2018-05-11,3784.0,3789.0,3775.0,3782.0,319836,592252,,3781.0,3764.0,AG
87,AG1812,2018-05-14,3792.0,3797.0,3774.0,3777.0,250800,593596,,3785.0,3781.0,AG
87,AG1812,2018-05-15,3767.0,3774.0,3735.0,3738.0,284114,616076,,3752.0,3785.0,AG
86,AG1812,2018-05-16,3710.0,3718.0,3696.0,3716.0,328888,641196,,3708.0,3752.0,AG
86,AG1812,2018-05-17,3705.0,3730.0,3701.0,3714.0,224432,647324,,3718.0,3708.0,AG
86,AG1812,2018-05-18,3730.0,3737.0,3723.0,3729.0,184272,647222,,3729.0,3718.0,AG
86,AG1812,2018-05-21,3724.0,3741.0,3705.0,3712.0,288910,681572,,3722.0,3729.0,AG
86,AG1812,2018-05-22,3735.0,3739.0,3725.0,3730.0,257206,659820,,3732.0,3722.0,AG
86,AG1812,2018-05-23,3753.0,3756.0,3734.0,3741.0,247154,658012,,3743.0,3732.0,AG
86,AG1812,2018-05-24,3726.0,3741.0,3719.0,3736.0,247706,679406,,3729.0,3743.0,AG
86,AG1812,2018-05-25,3752.0,3760.0,3746.0,3750.0,336934,676576,,3752.0,3729.0,AG
86,AG1812,2018-05-28,3762.0,3762.0,3723.0,3728.0,294560,688958,,3737.0,3752.0,AG
86,AG1812,2018-05-29,3727.0,3739.0,3723.0,3725.0,160070,705588,,3731.0,3737.0,AG
86,AG1812,2018-05-30,3724.0,3733.0,3713.0,3725.0,294994,703044,,3725.0,3731.0,AG
86,AG1812,2018-05-31,3735.0,3757.0,3730.0,3756.0,360212,732636,,3745.0,3725.0,AG
86,AG1812,2018-06-01,3745.0,3755.0,3734.0,3739.0,234188,712674,,3742.0,3745.0,AG
86,AG1812,2018-06-04,3727.0,3749.0,3724.0,3734.0,249278,716180,,3738.0,3742.0,AG
86,AG1812,2018-06-05,3747.0,3747.0,3719.0,3730.0,288722,708910,,3732.0,3738.0,AG
86,AG1812,2018-06-06,3728.0,3751.0,3725.0,3744.0,319390,742566,,3738.0,3732.0,AG
86,AG1812,2018-06-07,3755.0,3766.0,3745.0,3760.0,418176,751636,,3755.0,3738.0,AG
86,AG1812,2018-06-08,3777.0,3796.0,3752.0,3753.0,692314,723234,,3774.0,3755.0,AG
86,AG1812,2018-06-11,3770.0,3829.0,3762.0,3797.0,704770,812158,,3799.0,3774.0,AG
86,AG1812,2018-06-12,3801.0,3818.0,3795.0,3799.0,423550,798096,,3805.0,3799.0,AG
86,AG1812,2018-06-13,3795.0,3816.0,3791.0,3792.0,326966,768780,,3801.0,3805.0,AG
86,AG1812,2018-06-14,3808.0,3862.0,3800.0,3857.0,750928,882682,,3823.0,3801.0,AG
86,AG1812,2018-06-15,3886.0,3886.0,3854.0,3867.0,689548,835602,,3870.0,3823.0,AG
85,AG1812,2018-06-19,3733.0,3760.0,3702.0,3733.0,611864,665826,,3740.0,3870.0,AG
85,AG1812,2018-06-20,3726.0,3739.0,3720.0,3726.0,299576,663478,,3731.0,3740.0,AG
85,AG1812,2018-06-21,3732.0,3736.0,3717.0,3723.0,285806,668980,,3726.0,3731.0,AG
85,AG1812,2018-06-22,3730.0,3756.0,3730.0,3755.0,286416,662258,,3739.0,3726.0,AG
85,AG1812,2018-06-25,3753.0,3765.0,3745.0,3747.0,313218,652134,,3754.0,3739.0,AG
85,AG1812,2018-06-26,3754.0,3757.0,3748.0,3754.0,183094,653642,,3752.0,3754.0,AG
85,AG1812,2018-06-27,3742.0,3763.0,3740.0,3752.0,234688,654722,,3753.0,3752.0,AG
85,AG1812,2018-06-28,3749.0,3758.0,3735.0,3741.0,301870,647190,,3747.0,3753.0,AG
85,AG1812,2018-06-29,3742.0,3756.0,3726.0,3745.0,319222,640428,,3738.0,3747.0,AG
85,AG1812,2018-07-02,3740.0,3757.0,3735.0,3743.0,255372,646224,,3745.0,3738.0,AG
85,AG1812,2018-07-03,3740.0,3744.0,3720.0,3742.0,279840,663546,,3736.0,3745.0,AG
85,AG1812,2018-07-04,3747.0,3767.0,3741.0,3753.0,303762,664732,,3751.0,3736.0,AG
85,AG1812,2018-07-05,3749.0,3751.0,3738.0,3748.0,182032,664248,,3745.0,3751.0,AG
85,AG1812,2018-07-06,3746.0,3756.0,3739.0,3748.0,244700,673426,,3747.0,3745.0,AG
85,AG1812,2018-07-09,3745.0,3760.0,3742.0,3755.0,214608,677560,,3750.0,3747.0,AG
85,AG1812,2018-07-10,3753.0,3765.0,3741.0,3745.0,243322,683386,,3751.0,3750.0,AG
85,AG1812,2018-07-11,3749.0,3753.0,3731.0,3737.0,243992,698766,,3740.0,3751.0,AG
85,AG1812,2018-07-12,3740.0,3744.0,3716.0,3728.0,328736,699924,,3727.0,3740.0,AG
85,AG1812,2018-07-13,3730.0,3742.0,3726.0,3729.0,178726,683726,,3733.0,3727.0,AG
85,AG1812,2018-07-16,3725.0,3731.0,3714.0,3722.0,239498,694750,,3722.0,3733.0,AG
84,AG1812,2018-07-17,3717.0,3719.0,3693.0,3713.0,354084,713052,,3709.0,3722.0,AG
84,AG1812,2018-07-18,3701.0,3709.0,3651.0,3665.0,643522,780568,,3681.0,3709.0,AG
84,AG1812,2018-07-19,3664.0,3685.0,3659.0,3670.0,354190,757536,,3671.0,3681.0,AG
84,AG1812,2018-07-20,3649.0,3681.0,3644.0,3673.0,395820,771470,,3663.0,3671.0,AG
84,AG1812,2018-07-23,3680.0,3694.0,3675.0,3687.0,299004,746026,,3686.0,3663.0,AG
84,AG1812,2018-07-24,3686.0,3690.0,3678.0,3681.0,191990,735986,,3684.0,3686.0,AG
84,AG1812,2018-07-25,3692.0,3706.0,3692.0,3698.0,249452,729316,,3698.0,3684.0,AG
84,AG1812,2018-07-26,3699.0,3706.0,3693.0,3701.0,163940,725146,,3699.0,3698.0,AG
84,AG1812,2018-07-27,3699.0,3704.0,3681.0,3686.0,208344,733786,,3690.0,3699.0,AG
84,AG1812,2018-07-30,3695.0,3702.0,3686.0,3688.0,203202,726514,,3695.0,3690.0,AG
84,AG1812,2018-07-31,3697.0,3705.0,3695.0,3698.0,163498,717490,,3698.0,3695.0,AG
84,AG1812,2018-08-01,3695.0,3704.0,3681.0,3694.0,288696,714972,,3695.0,3698.0,AG
84,AG1812,2018-08-02,3691.0,3696.0,3678.0,3687.0,211530,726350,,3687.0,3695.0,AG
84,AG1812,2018-08-03,3692.0,3695.0,3675.0,3679.0,189064,727730,,3684.0,3687.0,AG
84,AG1812,2018-08-06,3692.0,3716.0,3689.0,3692.0,372068,711360,,3699.0,3684.0,AG
84,AG1812,2018-08-07,3682.0,3693.0,3681.0,3692.0,187026,722856,,3686.0,3699.0,AG
84,AG1812,2018-08-08,3690.0,3690.0,3670.0,3682.0,226598,747378,,3681.0,3686.0,AG
84,AG1812,2018-08-09,3676.0,3688.0,3673.0,3683.0,186322,755074,,3681.0,3681.0,AG
84,AG1812,2018-08-10,3685.0,3692.0,3675.0,3678.0,232230,752692,,3683.0,3681.0,AG
84,AG1812,2018-08-13,3684.0,3691.0,3671.0,3676.0,282160,770872,,3679.0,3683.0,AG
84,AG1812,2018-08-14,3672.0,3675.0,3624.0,3638.0,504700,798546,,3643.0,3679.0,AG
84,AG1812,2018-08-15,3637.0,3640.0,3606.0,3616.0,362256,815602,,3624.0,3643.0,AG
83,AG1812,2018-08-16,3597.0,3597.0,3488.0,3529.0,906108,825218,,3530.0,3624.0,AG
83,AG1812,2018-08-17,3531.0,3569.0,3523.0,3538.0,415080,799966,,3547.0,3530.0,AG
83,AG1812,2018-08-20,3539.0,3557.0,3532.0,3552.0,289336,774822,,3544.0,3547.0,AG
83,AG1812,2018-08-21,3547.0,3558.0,3532.0,3553.0,278734,791986,,3546.0,3544.0,AG
83,AG1812,2018-08-22,3547.0,3554.0,3537.0,3542.0,227706,796424,,3546.0,3546.0,AG
83,AG1812,2018-08-23,3555.0,3558.0,3508.0,3522.0,388342,799972,,3539.0,3546.0,AG
83,AG1812,2018-08-24,3526.0,3533.0,3513.0,3530.0,270870,809392,,3525.0,3539.0,AG
83,AG1812,2018-08-27,3536.0,3554.0,3533.0,3543.0,353950,788026,,3544.0,3525.0,AG
83,AG1812,2018-08-28,3545.0,3563.0,3542.0,3553.0,231356,773530,,3551.0,3544.0,AG
83,AG1812,2018-08-29,3553.0,3556.0,3515.0,3526.0,313806,778120,,3536.0,3551.0,AG
83,AG1812,2018-08-30,3530.0,3541.0,3516.0,3527.0,250822,779958,,3529.0,3536.0,AG
83,AG1812,2018-08-31,3525.0,3528.0,3490.0,3515.0,366654,794298,,3510.0,3529.0,AG
83,AG1812,2018-09-03,3510.0,3515.0,3469.0,3483.0,445724,807010,,3492.0,3510.0,AG
83,AG1812,2018-09-04,3482.0,3490.0,3442.0,3448.0,307272,784304,,3472.0,3492.0,AG
83,AG1812,2018-09-05,3408.0,3415.0,3390.0,3396.0,439748,774838,,3401.0,3472.0,AG
83,AG1812,2018-09-06,3401.0,3418.0,3401.0,3410.0,209248,756298,,3410.0,3401.0,AG
83,AG1812,2018-09-07,3417.0,3429.0,3400.0,3409.0,292848,746760,,3414.0,3410.0,AG
83,AG1812,2018-09-10,3407.0,3427.0,3393.0,3407.0,290960,730770,,3413.0,3414.0,AG
83,AG1812,2018-09-11,3419.0,3424.0,3410.0,3423.0,163248,716538,,3418.0,3413.0,AG
83,AG1812,2018-09-12,3400.0,3416.0,3376.0,3408.0,335866,712890,,3399.0,3418.0,AG
83,AG1812,2018-09-13,3403.0,3427.0,3400.0,3422.0,233774,716302,,3416.0,3399.0,AG
83,AG1812,2018-09-14,3430.0,3441.0,3415.0,3429.0,248784,711438,,3427.0,3416.0,AG
83,AG1812,2018-09-17,3424.0,3427.0,3401.0,3408.0,261028,706154,,3412.0,3427.0,AG
82,AG1812,2018-09-18,3418.0,3426.0,3411.0,3416.0,203832,695642,,3418.0,3412.0,AG
82,AG1812,2018-09-19,3423.0,3426.0,3405.0,3418.0,247204,681746,,3415.0,3418.0,AG
82,AG1812,2018-09-20,3425.0,3466.0,3414.0,3458.0,394582,663054,,3443.0,3415.0,AG
82,AG1812,2018-09-21,3467.0,3511.0,3460.0,3495.0,426466,638134,,3488.0,3443.0,AG
82,AG1812,2018-09-25,3480.0,3492.0,3468.0,3473.0,156342,607340,,3476.0,3488.0,AG
82,AG1812,2018-09-26,3486.0,3526.0,3482.0,3504.0,326986,582850,,3509.0,3476.0,AG
82,AG1812,2018-09-27,3498.0,3522.0,3494.0,3505.0,243648,573212,,3506.0,3509.0,AG
82,AG1812,2018-09-28,3484.0,3485.0,3460.0,3470.0,291668,556856,,3473.0,3506.0,AG
82,AG1812,2018-10-08,3547.0,3550.0,3511.0,3519.0,166014,524896,,3521.0,3473.0,AG
82,AG1812,2018-10-09,3502.0,3522.0,3501.0,3516.0,218680,524928,,3511.0,3521.0,AG
82,AG1812,2018-10-10,3511.0,3520.0,3498.0,3515.0,185786,527790,,3511.0,3511.0,AG
82,AG1812,2018-10-11,3504.0,3513.0,3493.0,3508.0,208298,523610,,3504.0,3511.0,AG
82,AG1812,2018-10-12,3536.0,3558.0,3525.0,3539.0,363588,524582,,3539.0,3504.0,AG
82,AG1812,2018-10-15,3559.0,3571.0,3544.0,3568.0,276396,515582,,3559.0,3539.0,AG
81,AG1812,2018-10-16,3576.0,3581.0,3551.0,3562.0,270364,495536,,3568.0,3559.0,AG
81,AG1812,2018-10-17,3576.0,3585.0,3546.0,3561.0,242862,490148,,3566.0,3568.0,AG
81,AG1812,2018-10-18,3565.0,3571.0,3519.0,3529.0,281830,466302,,3550.0,3566.0,AG
81,AG1812,2018-10-19,3540.0,3568.0,3536.0,3562.0,256784,467544,,3553.0,3550.0,AG
81,AG1812,2018-10-22,3568.0,3572.0,3555.0,3560.0,204266,464170,,3562.0,3553.0,AG
81,AG1812,2018-10-23,3559.0,3569.0,3547.0,3568.0,185164,458714,,3556.0,3562.0,AG
81,AG1812,2018-10-24,3598.0,3609.0,3591.0,3595.0,256268,447096,,3598.0,3556.0,AG
81,AG1812,2018-10-25,3586.0,3617.0,3581.0,3608.0,226194,455644,,3598.0,3598.0,AG
81,AG1812,2018-10-26,3603.0,3607.0,3576.0,3584.0,243310,427062,,3587.0,3598.0,AG
81,AG1812,2018-10-29,3584.0,3609.0,3576.0,3579.0,248504,414902,,3592.0,3587.0,AG
81,AG1812,2018-10-30,3586.0,3592.0,3532.0,3545.0,259590,399182,,3558.0,3592.0,AG
81,AG1812,2018-10-31,3535.0,3549.0,3522.0,3526.0,223180,364286,,3535.0,3558.0,AG
81,AG1812,2018-11-01,3514.0,3520.0,3496.0,3520.0,232206,348954,,3508.0,3535.0,AG
81,AG1812,2018-11-02,3546.0,3577.0,3542.0,3561.0,285516,317258,,3555.0,3508.0,AG
81,AG1812,2018-11-05,3553.0,3583.0,3550.0,3563.0,193558,296828,,3565.0,3555.0,AG
81,AG1812,2018-11-06,3562.0,3570.0,3548.0,3561.0,135966,273514,,3557.0,3565.0,AG
87,AG1906,2018-11-07,3591.0,3596.0,3566.0,3575.0,171824,416276,,3576.0,3588.0,AG
87,AG1906,2018-11-08,3586.0,3590.0,3565.0,3572.0,175746,435888,,3576.0,3576.0,AG
87,AG1906,2018-11-09,3571.0,3573.0,3534.0,3549.0,264470,446304,,3549.0,3576.0,AG
87,AG1906,2018-11-12,3541.0,3545.0,3506.0,3509.0,339312,473292,,3518.0,3549.0,AG
87,AG1906,2018-11-13,3511.0,3513.0,3491.0,3499.0,213920,500314,,3500.0,3518.0,AG
87,AG1906,2018-11-14,3498.0,3509.0,3475.0,3489.0,269998,537424,,3492.0,3500.0,AG
87,AG1906,2018-11-15,3479.0,3515.0,3473.0,3512.0,287792,548742,,3495.0,3492.0,AG
86,AG1906,2018-11-16,3501.0,3536.0,3500.0,3528.0,256370,545336,,3519.0,3495.0,AG
86,AG1906,2018-11-19,3525.0,3553.0,3520.0,3539.0,299062,551088,,3539.0,3519.0,AG
86,AG1906,2018-11-20,3535.0,3548.0,3533.0,3541.0,174092,542830,,3540.0,3539.0,AG
86,AG1906,2018-11-21,3547.0,3563.0,3513.0,3535.0,341448,535222,,3535.0,3540.0,AG
86,AG1906,2018-11-22,3545.0,3563.0,3539.0,3555.0,282748,531688,,3551.0,3535.0,AG
86,AG1906,2018-11-23,3555.0,3558.0,3536.0,3537.0,161328,528802,,3549.0,3551.0,AG
86,AG1906,2018-11-26,3525.0,3528.0,3509.0,3524.0,342686,546708,,3521.0,3549.0,AG
86,AG1906,2018-11-27,3522.0,3526.0,3500.0,3502.0,230872,565950,,3512.0,3521.0,AG
86,AG1906,2018-11-28,3515.0,3518.0,3488.0,3495.0,272980,580742,,3500.0,3512.0,AG
86,AG1906,2018-11-29,3495.0,3539.0,3492.0,3533.0,325772,578608,,3517.0,3500.0,AG
86,AG1906,2018-11-30,3530.0,3539.0,3522.0,3531.0,211548,587948,,3530.0,3517.0,AG
86,AG1906,2018-12-03,3522.0,3533.0,3491.0,3529.0,389488,610024,,3512.0,3530.0,AG
86,AG1906,2018-12-04,3533.0,3559.0,3529.0,3539.0,361758,603104,,3544.0,3512.0,AG
86,AG1906,2018-12-05,3547.0,3558.0,3530.0,3533.0,312562,597756,,3544.0,3544.0,AG
86,AG1906,2018-12-06,3537.0,3548.0,3533.0,3534.0,198774,600792,,3541.0,3544.0,AG
86,AG1906,2018-12-07,3527.0,3548.0,3527.0,3539.0,300966,601240,,3539.0,3541.0,AG
86,AG1906,2018-12-10,3540.0,3588.0,3540.0,3582.0,453356,648916,,3567.0,3539.0,AG
86,AG1906,2018-12-11,3580.0,3583.0,3561.0,3574.0,289266,632104,,3572.0,3567.0,AG
86,AG1906,2018-12-12,3581.0,3593.0,3566.0,3571.0,329880,617452,,3578.0,3572.0,AG
86,AG1906,2018-12-13,3577.0,3596.0,3575.0,3587.0,287188,627614,,3584.0,3578.0,AG
86,AG1906,2018-12-14,3581.0,3590.0,3569.0,3572.0,258470,630660,,3580.0,3584.0,AG
86,AG1906,2018-12-17,3565.0,3572.0,3553.0,3564.0,242942,609468,,3561.0,3580.0,AG
85,AG1906,2018-12-18,3571.0,3583.0,3565.0,3571.0,233476,621804,,3573.0,3561.0,AG
85,AG1906,2018-12-19,3568.0,3586.0,3566.0,3583.0,214384,619988,,3575.0,3573.0,AG
85,AG1906,2018-12-20,3577.0,3612.0,3561.0,3569.0,426924,608840,,3586.0,3575.0,AG
85,AG1906,2018-12-21,3585.0,3603.0,3582.0,3591.0,347160,607626,,3593.0,3586.0,AG
85,AG1906,2018-12-24,3585.0,3599.0,3578.0,3592.0,259172,612610,,3589.0,3593.0,AG
85,AG1906,2018-12-25,3589.0,3605.0,3588.0,3593.0,208102,610484,,3596.0,3589.0,AG
85,AG1906,2018-12-26,3601.0,3632.0,3601.0,3616.0,344032,624428,,3618.0,3596.0,AG
85,AG1906,2018-12-27,3616.0,3677.0,3616.0,3638.0,716138,662886,,3649.0,3618.0,AG
85,AG1906,2018-12-28,3654.0,3703.0,3646.0,3700.0,689464,706250,,3674.0,3649.0,AG
85,AG1906,2019-01-02,3700.0,3718.0,3688.0,3711.0,306902,730802,,3703.0,3674.0,AG
85,AG1906,2019-01-03,3707.0,3765.0,3698.0,3762.0,693698,757080,,3731.0,3703.0,AG
85,AG1906,2019-01-04,3756.0,3810.0,3743.0,3779.0,769274,744256,,3775.0,3731.0,AG
85,AG1906,2019-01-07,3768.0,3787.0,3741.0,3778.0,786038,747574,,3767.0,3775.0,AG
85,AG1906,2019-01-08,3781.0,3792.0,3720.0,3744.0,638976,733018,,3756.0,3767.0,AG
85,AG1906,2019-01-09,3742.0,3759.0,3731.0,3743.0,447464,741930,,3745.0,3756.0,AG
85,AG1906,2019-01-10,3740.0,3772.0,3738.0,3751.0,628180,760468,,3754.0,3745.0,AG
85,AG1906,2019-01-11,3750.0,3753.0,3710.0,3732.0,614710,749992,,3729.0,3754.0,AG
85,AG1906,2019-01-14,3721.0,3734.0,3702.0,3714.0,524510,748380,,3714.0,3729.0,AG
85,AG1906,2019-01-15,3717.0,3728.0,3710.0,3715.0,385424,750674,,3719.0,3714.0,AG
84,AG1906,2019-01-16,3711.0,3729.0,3688.0,3710.0,545768,734292,,3713.0,3719.0,AG
84,AG1906,2019-01-17,3697.0,3720.0,3694.0,3706.0,330692,740608,,3709.0,3713.0,AG
84,AG1906,2019-01-18,3711.0,3728.0,3696.0,3711.0,484192,754808,,3710.0,3709.0,AG
84,AG1906,2019-01-21,3700.0,3704.0,3653.0,3661.0,593572,723620,,3676.0,3710.0,AG
84,AG1906,2019-01-22,3640.0,3659.0,3636.0,3644.0,372766,732422,,3647.0,3676.0,AG
84,AG1906,2019-01-23,3658.0,3669.0,3652.0,3668.0,370772,740050,,3662.0,3647.0,AG
84,AG1906,2019-01-24,3671.0,3674.0,3647.0,3651.0,348868,731234,,3658.0,3662.0,AG
84,AG1906,2019-01-25,3644.0,3662.0,3642.0,3652.0,294628,736018,,3652.0,3658.0,AG
84,AG1906,2019-01-28,3651.0,3736.0,3646.0,3720.0,707678,772662,,3702.0,3652.0,AG
84,AG1906,2019-01-29,3717.0,3743.0,3702.0,3733.0,523108,773414,,3721.0,3702.0,AG
84,AG1906,2019-01-30,3748.0,3765.0,3731.0,3746.0,520048,762544,,3746.0,3721.0,AG
84,AG1906,2019-01-31,3742.0,3760.0,3721.0,3743.0,423254,735014,,3740.0,3746.0,AG
84,AG1906,2019-02-01,3752.0,3769.0,3732.0,3749.0,402364,712152,,3753.0,3740.0,AG
84,AG1906,2019-02-11,3728.0,3738.0,3722.0,3727.0,128778,709554,,3730.0,3753.0,AG
84,AG1906,2019-02-12,3722.0,3741.0,3719.0,3736.0,277308,751396,,3730.0,3730.0,AG
84,AG1906,2019-02-13,3737.0,3743.0,3712.0,3728.0,309634,768542,,3726.0,3730.0,AG
84,AG1906,2019-02-14,3715.0,3738.0,3691.0,3698.0,441954,769710,,3712.0,3726.0,AG
84,AG1906,2019-02-15,3682.0,3709.0,3678.0,3707.0,368594,766050,,3692.0,3712.0,AG
83,AG1906,2019-02-18,3711.0,3746.0,3699.0,3742.0,395502,784372,,3724.0,3692.0,AG
83,AG1906,2019-02-19,3744.0,3761.0,3732.0,3734.0,272616,790614,,3746.0,3724.0,AG
83,AG1906,2019-02-20,3750.0,3790.0,3745.0,3759.0,604220,804854,,3766.0,3746.0,AG
83,AG1906,2019-02-21,3765.0,3787.0,3735.0,3736.0,457394,785868,,3759.0,3766.0,AG
83,AG1906,2019-02-22,3730.0,3743.0,3713.0,3720.0,369722,771094,,3727.0,3759.0,AG
83,AG1906,2019-02-25,3720.0,3745.0,3717.0,3735.0,430080,783778,,3732.0,3727.0,AG
83,AG1906,2019-02-26,3733.0,3734.0,3701.0,3714.0,411664,774376,,3719.0,3732.0,AG
83,AG1906,2019-02-27,3703.0,3723.0,3702.0,3708.0,356790,760510,,3714.0,3719.0,AG
83,AG1906,2019-02-28,3704.0,3716.0,3665.0,3674.0,499290,746958,,3686.0,3714.0,AG
83,AG1906,2019-03-01,3683.0,3691.0,3648.0,3657.0,472070,740744,,3667.0,3686.0,AG
83,AG1906,2019-03-04,3648.0,3653.0,3570.0,3574.0,763880,741786,,3610.0,3667.0,AG
83,AG1906,2019-03-05,3560.0,3569.0,3537.0,3548.0,639520,749308,,3552.0,3610.0,AG
83,AG1906,2019-03-06,3552.0,3574.0,3541.0,3573.0,372268,753210,,3555.0,3552.0,AG
83,AG1906,2019-03-07,3562.0,3579.0,3555.0,3558.0,303306,737768,,3563.0,3555.0,AG
83,AG1906,2019-03-08,3565.0,3584.0,3542.0,3578.0,389170,728466,,3561.0,3563.0,AG
83,AG1906,2019-03-11,3579.0,3618.0,3574.0,3602.0,506060,719200,,3602.0,3561.0,AG
83,AG1906,2019-03-12,3601.0,3620.0,3585.0,3614.0,249572,714728,,3604.0,3602.0,AG
83,AG1906,2019-03-13,3623.0,3627.0,3608.0,3617.0,199502,713654,,3617.0,3604.0,AG
83,AG1906,2019-03-14,3620.0,3627.0,3588.0,3589.0,316100,687836,,3606.0,3617.0,AG
83,AG1906,2019-03-15,3580.0,3601.0,3551.0,3596.0,456316,681556,,3572.0,3606.0,AG
82,AG1906,2019-03-18,3595.0,3604.0,3574.0,3597.0,247630,667318,,3590.0,3572.0,AG
82,AG1906,2019-03-19,3606.0,3614.0,3599.0,3610.0,205244,672644,,3607.0,3590.0,AG
82,AG1906,2019-03-20,3612.0,3623.0,3596.0,3602.0,189684,667624,,3608.0,3607.0,AG
82,AG1906,2019-03-21,3603.0,3653.0,3588.0,3649.0,440510,674332,,3625.0,3608.0,AG
82,AG1906,2019-03-22,3642.0,3646.0,3623.0,3641.0,290774,677906,,3635.0,3625.0,AG
82,AG1906,2019-03-25,3630.0,3640.0,3623.0,3635.0,253754,681446,,3632.0,3635.0,AG
82,AG1906,2019-03-26,3646.0,3655.0,3629.0,3631.0,284204,673054,,3643.0,3632.0,AG
82,AG1906,2019-03-27,3626.0,3636.0,3610.0,3615.0,295830,657420,,3622.0,3643.0,AG
82,AG1906,2019-03-28,3612.0,3619.0,3581.0,3589.0,333470,654574,,3596.0,3622.0,AG
82,AG1906,2019-03-29,3565.0,3567.0,3512.0,3526.0,510666,628794,,3541.0,3596.0,AG
82,AG1906,2019-04-01,3551.0,3557.0,3535.0,3546.0,288434,616996,,3548.0,3541.0,AG
82,AG1906,2019-04-02,3560.0,3566.0,3545.0,3549.0,239622,625720,,3554.0,3548.0,AG
82,AG1906,2019-04-03,3538.0,3576.0,3532.0,3567.0,312154,622840,,3558.0,3554.0,AG
82,AG1906,2019-04-04,3555.0,3573.0,3550.0,3570.0,226814,624930,,3562.0,3558.0,AG
82,AG1906,2019-04-08,3568.0,3583.0,3567.0,3578.0,128436,629740,,3576.0,3562.0,AG
82,AG1906,2019-04-09,3594.0,3605.0,3582.0,3591.0,214660,629638,,3593.0,3576.0,AG
82,AG1906,2019-04-10,3602.0,3602.0,3572.0,3586.0,239738,625754,,3586.0,3593.0,AG
82,AG1906,2019-04-11,3583.0,3596.0,3574.0,3576.0,209078,613232,,3583.0,3586.0,AG
82,AG1906,2019-04-12,3541.0,3557.0,3520.0,3540.0,372348,622690,,3541.0,3583.0,AG
82,AG1906,2019-04-15,3545.0,3553.0,3514.0,3519.0,300266,632014,,3532.0,3541.0,AG
81,AG1906,2019-04-16,3511.0,3536.0,3507.0,3531.0,261842,634144,,3522.0,3532.0,AG
81,AG1906,2019-04-17,3521.0,3538.0,3512.0,3531.0,250318,627332,,3526.0,3522.0,AG
81,AG1906,2019-04-18,3536.0,3542.0,3516.0,3522.0,198958,623022,,3525.0,3526.0,AG
81,AG1906,2019-04-19,3529.0,3539.0,3524.0,3529.0,151410,608362,,3532.0,3525.0,AG
81,AG1906,2019-04-22,3530.0,3555.0,3527.0,3547.0,177218,599606,,3544.0,3532.0,AG
81,AG1906,2019-04-23,3546.0,3550.0,3523.0,3524.0,185938,583186,,3536.0,3544.0,AG
81,AG1906,2019-04-24,3503.0,3510.0,3468.0,3500.0,274774,579008,,3497.0,3536.0,AG
81,AG1906,2019-04-25,3510.0,3535.0,3502.0,3526.0,284116,550792,,3522.0,3497.0,AG
81,AG1906,2019-04-26,3528.0,3549.0,3527.0,3547.0,251828,523344,,3539.0,3522.0,AG
81,AG1906,2019-04-29,3548.0,3559.0,3538.0,3541.0,224638,491454,,3548.0,3539.0,AG
81,AG1906,2019-04-30,3536.0,3540.0,3521.0,3534.0,181754,461918,,3531.0,3548.0,AG
81,AG1906,2019-05-06,3540.0,3549.0,3528.0,3532.0,131780,419712,,3539.0,3531.0,AG
81,AG1906,2019-05-07,3520.0,3545.0,3517.0,3541.0,189074,387368,,3535.0,3539.0,AG
87,AG1912,2019-05-08,3586.0,3612.0,3586.0,3607.0,182378,463152,,3601.0,3590.0,AG
87,AG1912,2019-05-09,3611.0,3626.0,3586.0,3600.0,273170,495670,,3600.0,3601.0,AG
87,AG1912,2019-05-10,3588.0,3610.0,3584.0,3591.0,293686,515854,,3598.0,3600.0,AG
87,AG1912,2019-05-13,3602.0,3607.0,3589.0,3593.0,238178,537514,,3598.0,3598.0,AG
87,AG1912,2019-05-14,3605.0,3643.0,3603.0,3628.0,459454,581524,,3628.0,3598.0,AG
87,AG1912,2019-05-15,3633.0,3639.0,3605.0,3611.0,269892,579050,,3624.0,3628.0,AG
86,AG1912,2019-05-16,3621.0,3627.0,3613.0,3621.0,245436,580624,,3620.0,3624.0,AG
86,AG1912,2019-05-17,3611.0,3618.0,3568.0,3577.0,472244,600288,,3587.0,3620.0,AG
86,AG1912,2019-05-20,3565.0,3572.0,3553.0,3556.0,295514,632124,,3563.0,3587.0,AG
86,AG1912,2019-05-21,3562.0,3573.0,3556.0,3560.0,201728,647520,,3563.0,3563.0,AG
86,AG1912,2019-05-22,3559.0,3567.0,3550.0,3558.0,264712,666016,,3558.0,3563.0,AG
86,AG1912,2019-05-23,3568.0,3574.0,3559.0,3572.0,190090,663336,,3565.0,3558.0,AG
86,AG1912,2019-05-24,3586.0,3596.0,3577.0,3584.0,354748,647632,,3586.0,3565.0,AG
86,AG1912,2019-05-27,3584.0,3591.0,3572.0,3583.0,193676,650272,,3583.0,3586.0,AG
86,AG1912,2019-05-28,3585.0,3588.0,3569.0,3576.0,138330,655758,,3577.0,3583.0,AG
86,AG1912,2019-05-29,3548.0,3561.0,3534.0,3559.0,443208,715480,,3544.0,3577.0,AG
86,AG1912,2019-05-30,3561.0,3569.0,3541.0,3555.0,263112,712802,,3554.0,3544.0,AG
86,AG1912,2019-05-31,3562.0,3581.0,3557.0,3576.0,333576,703032,,3570.0,3554.0,AG
86,AG1912,2019-06-03,3577.0,3608.0,3572.0,3584.0,513718,703956,,3591.0,3570.0,AG
86,AG1912,2019-06-04,3610.0,3623.0,3601.0,3617.0,435350,695460,,3612.0,3591.0,AG
86,AG1912,2019-06-05,3610.0,3641.0,3606.0,3631.0,469186,716846,,3620.0,3612.0,AG
86,AG1912,2019-06-06,3649.0,3678.0,3613.0,3639.0,678294,729002,,3644.0,3620.0,AG
86,AG1912,2019-06-10,3661.0,3663.0,3622.0,3629.0,282638,738932,,3637.0,3644.0,AG
86,AG1912,2019-06-11,3624.0,3631.0,3592.0,3599.0,405112,715036,,3611.0,3637.0,AG
86,AG1912,2019-06-12,3605.0,3646.0,3593.0,3640.0,455364,770928,,3620.0,3611.0,AG
86,AG1912,2019-06-13,3633.0,3639.0,3611.0,3633.0,372516,752796,,3627.0,3620.0,AG
86,AG1912,2019-06-14,3628.0,3684.0,3623.0,3678.0,531490,786988,,3652.0,3627.0,AG
86,AG1912,2019-06-17,3674.0,3686.0,3625.0,3636.0,582894,760322,,3652.0,3652.0,AG
85,AG1912,2019-06-18,3644.0,3654.0,3632.0,3647.0,316240,758826,,3642.0,3652.0,AG
85,AG1912,2019-06-19,3660.0,3668.0,3626.0,3651.0,551880,737920,,3648.0,3642.0,AG
85,AG1912,2019-06-20,3648.0,3728.0,3641.0,3713.0,716310,789538,,3694.0,3648.0,AG
85,AG1912,2019-06-21,3713.0,3753.0,3704.0,3711.0,775480,765066,,3726.0,3694.0,AG
85,AG1912,2019-06-24,3719.0,3739.0,3692.0,3720.0,507532,771050,,3716.0,3726.0,AG
85,AG1912,2019-06-25,3718.0,3762.0,3712.0,3742.0,642322,806024,,3738.0,3716.0,AG
85,AG1912,2019-06-26,3732.0,3758.0,3694.0,3698.0,728262,825608,,3727.0,3738.0,AG
85,AG1912,2019-06-27,3711.0,3725.0,3686.0,3691.0,450134,809126,,3707.0,3727.0,AG
85,AG1912,2019-06-28,3695.0,3719.0,3679.0,3691.0,474160,782116,,3696.0,3707.0,AG
85,AG1912,2019-07-01,3694.0,3707.0,3646.0,3653.0,492196,751740,,3675.0,3696.0,AG
85,AG1912,2019-07-02,3673.0,3681.0,3656.0,3669.0,342600,742252,,3668.0,3675.0,AG
85,AG1912,2019-07-03,3659.0,3765.0,3651.0,3716.0,805068,765976,,3707.0,3668.0,AG
85,AG1912,2019-07-04,3709.0,3717.0,3689.0,3690.0,375964,750610,,3704.0,3707.0,AG
85,AG1912,2019-07-05,3693.0,3706.0,3689.0,3691.0,244490,741266,,3696.0,3704.0,AG
85,AG1912,2019-07-08,3680.0,3680.0,3637.0,3665.0,571828,742048,,3658.0,3696.0,AG
85,AG1912,2019-07-09,3666.0,3669.0,3646.0,3660.0,258596,731442,,3657.0,3658.0,AG
85,AG1912,2019-07-10,3662.0,3675.0,3651.0,3657.0,281454,734160,,3662.0,3657.0,AG
85,AG1912,2019-07-11,3686.0,3698.0,3666.0,3690.0,441634,737804,,3686.0,3662.0,AG
85,AG1912,2019-07-12,3680.0,3686.0,3658.0,3667.0,276184,731986,,3671.0,3686.0,AG
85,AG1912,2019-07-15,3660.0,3697.0,3658.0,3693.0,318302,759316,,3679.0,3671.0,AG
84,AG1912,2019-07-16,3698.0,3733.0,3690.0,3731.0,516774,840792,,3709.0,3679.0,AG
84,AG1912,2019-07-17,3723.0,3793.0,3718.0,3784.0,1280100,969156,,3770.0,3709.0,AG
84,AG1912,2019-07-18,3792.0,3915.0,3788.0,3866.0,2097352,1116654,,3864.0,3770.0,AG
84,AG1912,2019-07-19,3892.0,3988.0,3881.0,3976.0,1980920,1195532,,3935.0,3864.0,AG
84,AG1912,2019-07-22,3965.0,4031.0,3882.0,3951.0,3343320,1180616,,3948.0,3935.0,AG
84,AG1912,2019-07-23,3952.0,3969.0,3904.0,3951.0,1376932,1140110,,3937.0,3948.0,AG
84,AG1912,2019-07-24,3985.0,4008.0,3954.0,3980.0,1841864,1205330,,3979.0,3937.0,AG
84,AG1912,2019-07-25,3995.0,4017.0,3951.0,3977.0,1512624,1167588,,3990.0,3979.0,AG
84,AG1912,2019-07-26,3972.0,3984.0,3932.0,3966.0,1303464,1124816,,3960.0,3990.0,AG
84,AG1912,2019-07-29,3964.0,3984.0,3944.0,3963.0,1215664,1108684,,3962.0,3960.0,AG
84,AG1912,2019-07-30,3958.0,3978.0,3949.0,3977.0,801810,1160762,,3963.0,3962.0,AG
84,AG1912,2019-07-31,3975.0,3989.0,3961.0,3971.0,877780,1101954,,3972.0,3963.0,AG
84,AG1912,2019-08-01,3967.0,3973.0,3865.0,3869.0,1711912,1016896,,3925.0,3972.0,AG
84,AG1912,2019-08-02,3870.0,3958.0,3857.0,3913.0,1625506,962594,,3907.0,3925.0,AG
84,AG1912,2019-08-05,3897.0,4088.0,3893.0,4067.0,2588158,1130726,,3995.0,3907.0,AG
84,AG1912,2019-08-06,4065.0,4089.0,4003.0,4040.0,2194994,1082308,,4055.0,3995.0,AG
84,AG1912,2019-08-07,4038.0,4154.0,4034.0,4124.0,2285714,1160848,,4101.0,4055.0,AG
84,AG1912,2019-08-08,4184.0,4248.0,4175.0,4209.0,2934332,1228772,,4212.0,4101.0,AG
84,AG1912,2019-08-09,4175.0,4237.0,4153.0,4191.0,1893366,1216624,,4198.0,4212.0,AG
84,AG1912,2019-08-12,4187.0,4224.0,4165.0,4168.0,1658214,1215990,,4195.0,4198.0,AG
84,AG1912,2019-08-13,4191.0,4323.0,4188.0,4309.0,2077408,1328054,,4260.0,4195.0,AG
84,AG1912,2019-08-14,4301.0,4308.0,4082.0,4170.0,2955682,1198368,,4185.0,4260.0,AG
84,AG1912,2019-08-15,4229.0,4281.0,4191.0,4230.0,2470924,1231446,,4241.0,4185.0,AG
83,AG1912,2019-08-16,4224.0,4266.0,4218.0,4231.0,1347406,1221814,,4238.0,4241.0,AG
83,AG1912,2019-08-19,4233.0,4238.0,4174.0,4194.0,1379118,1185464,,4204.0,4238.0,AG
83,AG1912,2019-08-20,4169.0,4191.0,4153.0,4183.0,1005654,1177808,,4173.0,4204.0,AG
83,AG1912,2019-08-21,4188.0,4237.0,4185.0,4196.0,1334466,1182256,,4212.0,4173.0,AG
83,AG1912,2019-08-22,4208.0,4228.0,4196.0,4207.0,895484,1170036,,4211.0,4212.0,AG
83,AG1912,2019-08-23,4205.0,4234.0,4192.0,4208.0,888296,1163188,,4214.0,4211.0,AG
83,AG1912,2019-08-26,4229.0,4424.0,4216.0,4392.0,2882328,1223448,,4324.0,4214.0,AG
83,AG1912,2019-08-27,4370.0,4442.0,4361.0,4422.0,1931654,1295082,,4412.0,4324.0,AG
83,AG1912,2019-08-28,4482.0,4574.0,4479.0,4546.0,3400972,1294952,,4523.0,4412.0,AG
83,AG1912,2019-08-29,4577.0,4644.0,4524.0,4640.0,3007164,1422364,,4579.0,4523.0,AG
83,AG1912,2019-08-30,4619.0,4639.0,4505.0,4561.0,3656140,1367494,,4573.0,4579.0,AG
83,AG1912,2019-09-02,4577.0,4595.0,4522.0,4561.0,2418216,1330656,,4560.0,4573.0,AG
83,AG1912,2019-09-03,4560.0,4623.0,4552.0,4609.0,2224864,1400692,,4596.0,4560.0,AG
83,AG1912,2019-09-04,4626.0,4825.0,4623.0,4807.0,4563554,1408930,,4757.0,4596.0,AG
83,AG1912,2019-09-05,4815.0,4843.0,4767.0,4829.0,3000192,1396046,,4811.0,4757.0,AG
83,AG1912,2019-09-06,4769.0,4786.0,4570.0,4570.0,5181026,1175034,,4664.0,4811.0,AG
83,AG1912,2019-09-09,4615.0,4651.0,4367.0,4469.0,4682456,1003104,,4525.0,4664.0,AG
83,AG1912,2019-09-10,4497.0,4504.0,4380.0,4425.0,3254282,1065510,,4439.0,4525.0,AG
83,AG1912,2019-09-11,4436.0,4507.0,4415.0,4485.0,2802734,1068030,,4476.0,4439.0,AG
83,AG1912,2019-09-12,4475.0,4484.0,4418.0,4460.0,2116072,985472,,4454.0,4476.0,AG
83,AG1912,2019-09-16,4373.0,4433.0,4350.0,4401.0,908726,1030474,,4402.0,4454.0,AG
82,AG1912,2019-09-17,4391.0,4436.0,4375.0,4389.0,1599504,1062072,,4405.0,4402.0,AG
82,AG1912,2019-09-18,4401.0,4453.0,4395.0,4415.0,1608768,1045060,,4421.0,4405.0,AG
82,AG1912,2019-09-19,4417.0,4435.0,4315.0,4378.0,2125524,1051266,,4388.0,4421.0,AG
82,AG1912,2019-09-20,4415.0,4433.0,4390.0,4413.0,1380006,1073348,,4412.0,4388.0,AG
82,AG1912,2019-09-23,4401.0,4549.0,4380.0,4529.0,2107386,1175968,,4468.0,4412.0,AG
82,AG1912,2019-09-24,4556.0,4623.0,4544.0,4583.0,2298520,1148548,,4587.0,4468.0,AG
82,AG1912,2019-09-25,4574.0,4609.0,4509.0,4578.0,2807452,1128962,,4566.0,4587.0,AG
82,AG1912,2019-09-26,4570.0,4590.0,4422.0,4445.0,2981230,1011000,,4495.0,4566.0,AG
82,AG1912,2019-09-27,4416.0,4464.0,4288.0,4330.0,2486324,906446,,4396.0,4495.0,AG
82,AG1912,2019-09-30,4332.0,4340.0,4248.0,4275.0,2487420,840936,,4290.0,4396.0,AG
82,AG1912,2019-10-08,4263.0,4317.0,4250.0,4297.0,575380,842658,,4291.0,4290.0,AG
82,AG1912,2019-10-09,4352.0,4434.0,4341.0,4429.0,2010650,946082,,4397.0,4291.0,AG
82,AG1912,2019-10-10,4403.0,4420.0,4353.0,4374.0,1752520,931178,,4394.0,4397.0,AG
82,AG1912,2019-10-11,4353.0,4368.0,4295.0,4355.0,2018018,938488,,4330.0,4394.0,AG
82,AG1912,2019-10-14,4297.0,4333.0,4270.0,4313.0,2200630,942196,,4303.0,4330.0,AG
82,AG1912,2019-10-15,4309.0,4355.0,4303.0,4325.0,1345868,953076,,4331.0,4303.0,AG
81,AG1912,2019-10-16,4323.0,4334.0,4236.0,4254.0,1794948,975416,,4287.0,4331.0,AG
81,AG1912,2019-10-17,4290.0,4306.0,4256.0,4291.0,1442604,958386,,4280.0,4287.0,AG
81,AG1912,2019-10-18,4304.0,4331.0,4286.0,4302.0,1288274,959288,,4306.0,4280.0,AG
81,AG1912,2019-10-21,4306.0,4362.0,4287.0,4342.0,1491664,1015936,,4320.0,4306.0,AG
81,AG1912,2019-10-22,4356.0,4388.0,4284.0,4310.0,1757976,958904,,4336.0,4320.0,AG
81,AG1912,2019-10-23,4307.0,4325.0,4288.0,4321.0,1113208,948662,,4306.0,4336.0,AG
81,AG1912,2019-10-24,4317.0,4326.0,4297.0,4309.0,856370,955964,,4310.0,4306.0,AG
81,AG1912,2019-10-25,4315.0,4427.0,4312.0,4418.0,2060506,1051330,,4372.0,4310.0,AG
81,AG1912,2019-10-28,4476.0,4487.0,4366.0,4426.0,2325544,967828,,4428.0,4372.0,AG
81,AG1912,2019-10-29,4400.0,4405.0,4337.0,4346.0,1578632,865844,,4370.0,4428.0,AG
81,AG1912,2019-10-30,4341.0,4382.0,4323.0,4366.0,1346462,816474,,4354.0,4370.0,AG
81,AG1912,2019-10-31,4359.0,4384.0,4320.0,4366.0,1227034,749340,,4360.0,4354.0,AG
81,AG1912,2019-11-01,4397.0,4416.0,4375.0,4400.0,1199110,695670,,4394.0,4360.0,AG
81,AG1912,2019-11-04,4375.0,4406.0,4363.0,4398.0,923380,688840,,4390.0,4394.0,AG
81,AG1912,2019-11-05,4405.0,4426.0,4364.0,4373.0,916088,630100,,4391.0,4390.0,AG
81,AG1912,2019-11-06,4354.0,4362.0,4234.0,4249.0,1584042,590278,,4285.0,4391.0,AG
81,AG1912,2019-11-07,4236.0,4280.0,4223.0,4271.0,867488,561228,,4257.0,4285.0,AG
81,AG1912,2019-11-08,4240.0,4251.0,4085.0,4114.0,1722186,521026,,4154.0,4257.0,AG
81,AG1912,2019-11-11,4063.0,4109.0,4052.0,4091.0,1062880,497082,,4085.0,4154.0,AG
81,AG1912,2019-11-12,4084.0,4106.0,4036.0,4072.0,874890,459670,,4076.0,4085.0,AG
83,AG2002,2019-11-13,4098.0,4161.0,4072.0,4150.0,986504,516692,,4113.0,4104.0,AG
83,AG2002,2019-11-14,4154.0,4168.0,4120.0,4152.0,1090458,558850,,4144.0,4113.0,AG
83,AG2002,2019-11-15,4159.0,4170.0,4101.0,4118.0,1286420,562954,,4139.0,4144.0,AG
82,AG2002,2019-11-18,4108.0,4138.0,4107.0,4116.0,898140,592948,,4121.0,4139.0,AG
82,AG2002,2019-11-19,4092.0,4192.0,4091.0,4185.0,1621750,628826,,4147.0,4121.0,AG
82,AG2002,2019-11-20,4170.0,4192.0,4132.0,4170.0,1391504,624046,,4165.0,4147.0,AG
82,AG2002,2019-11-21,4164.0,4184.0,4148.0,4163.0,1111332,630316,,4166.0,4165.0,AG
82,AG2002,2019-11-22,4165.0,4175.0,4146.0,4161.0,1155326,636376,,4160.0,4166.0,AG
82,AG2002,2019-11-25,4173.0,4174.0,4109.0,4111.0,1297056,637578,,4144.0,4160.0,AG
82,AG2002,2019-11-26,4117.0,4138.0,4094.0,4129.0,1165846,610292,,4118.0,4144.0,AG
82,AG2002,2019-11-27,4120.0,4165.0,4107.0,4148.0,1448306,594702,,4141.0,4118.0,AG
82,AG2002,2019-11-28,4146.0,4151.0,4127.0,4134.0,1028532,565918,,4139.0,4141.0,AG
82,AG2002,2019-11-29,4130.0,4151.0,4127.0,4135.0,484590,558486,,4137.0,4139.0,AG
82,AG2002,2019-12-02,4130.0,4159.0,4115.0,4127.0,1082456,552534,,4134.0,4137.0,AG
82,AG2002,2019-12-03,4125.0,4144.0,4122.0,4128.0,905518,561152,,4134.0,4134.0,AG
82,AG2002,2019-12-04,4155.0,4255.0,4152.0,4249.0,2035208,627702,,4207.0,4134.0,AG
82,AG2002,2019-12-05,4223.0,4236.0,4159.0,4174.0,1825278,562816,,4189.0,4207.0,AG
82,AG2002,2019-12-06,4168.0,4184.0,4135.0,4148.0,1050784,556724,,4165.0,4189.0,AG
82,AG2002,2019-12-09,4152.0,4174.0,4056.0,4080.0,2001642,571514,,4094.0,4165.0,AG
82,AG2002,2019-12-10,4095.0,4098.0,4073.0,4082.0,622702,569168,,4081.0,4094.0,AG
82,AG2002,2019-12-11,4088.0,4097.0,4071.0,4083.0,692566,560412,,4083.0,4081.0,AG
82,AG2002,2019-12-12,4083.0,4146.0,4081.0,4128.0,1114428,550616,,4117.0,4083.0,AG
82,AG2002,2019-12-13,4137.0,4194.0,4080.0,4103.0,2177434,546652,,4125.0,4117.0,AG
82,AG2002,2019-12-16,4129.0,4156.0,4089.0,4151.0,1716830,550702,,4125.0,4125.0,AG
81,AG2002,2019-12-17,4150.0,4163.0,4134.0,4155.0,798152,550262,,4147.0,4125.0,AG
81,AG2002,2019-12-18,4159.0,4167.0,4132.0,4159.0,703766,555822,,4148.0,4147.0,AG
81,AG2002,2019-12-19,4148.0,4161.0,4125.0,4143.0,759206,525924,,4143.0,4148.0,AG
81,AG2002,2019-12-20,4140.0,4177.0,4138.0,4168.0,729018,539798,,4156.0,4143.0,AG
81,AG2002,2019-12-23,4169.0,4231.0,4165.0,4230.0,1313042,582078,,4194.0,4156.0,AG
81,AG2002,2019-12-24,4226.0,4300.0,4211.0,4275.0,1325492,561672,,4252.0,4194.0,AG
81,AG2002,2019-12-25,4280.0,4319.0,4272.0,4312.0,915410,559874,,4300.0,4252.0,AG
81,AG2002,2019-12-26,4308.0,4384.0,4299.0,4367.0,972236,536558,,4347.0,4300.0,AG
81,AG2002,2019-12-27,4379.0,4386.0,4322.0,4334.0,1444588,480186,,4354.0,4347.0,AG
81,AG2002,2019-12-30,4337.0,4364.0,4326.0,4342.0,1010228,430444,,4347.0,4354.0,AG
81,AG2002,2019-12-31,4339.0,4406.0,4321.0,4384.0,1082986,387026,,4368.0,4347.0,AG
81,AG2002,2020-01-02,4341.0,4342.0,4300.0,4320.0,196596,165172,,4321.0,4368.0,AG
85,AG2006,2020-01-03,4388.0,4483.0,4387.0,4452.0,551454,439851,,4434.0,4379.0,AG
85,AG2006,2020-01-06,4457.0,4550.0,4422.0,4515.0,685985,462510,,4484.0,4434.0,AG
85,AG2006,2020-01-07,4525.0,4534.0,4401.0,4439.0,839499,457587,,4459.0,4484.0,AG
85,AG2006,2020-01-08,4424.0,4608.0,4421.0,4530.0,929547,460241,,4509.0,4459.0,AG
85,AG2006,2020-01-09,4481.0,4490.0,4324.0,4350.0,1049723,448396,,4421.0,4509.0,AG
85,AG2006,2020-01-10,4374.0,4377.0,4332.0,4339.0,511861,452566,,4351.0,4421.0,AG
85,AG2006,2020-01-13,4340.0,4394.0,4325.0,4352.0,681553,450540,,4367.0,4351.0,AG
85,AG2006,2020-01-14,4359.0,4363.0,4252.0,4271.0,586937,440612,,4308.0,4367.0,AG
85,AG2006,2020-01-15,4276.0,4324.0,4269.0,4306.0,459451,428614,,4295.0,4308.0,AG
84,AG2006,2020-01-16,4297.0,4346.0,4283.0,4317.0,509325,437909,,4320.0,4295.0,AG
84,AG2006,2020-01-17,4330.0,4345.0,4307.0,4335.0,354362,444088,,4324.0,4320.0,AG
84,AG2006,2020-01-20,4341.0,4363.0,4309.0,4331.0,434295,451485,,4333.0,4324.0,AG
84,AG2006,2020-01-21,4328.0,4379.0,4323.0,4370.0,308028,461757,,4354.0,4333.0,AG
84,AG2006,2020-01-22,4346.0,4348.0,4262.0,4286.0,545057,441094,,4295.0,4354.0,AG
84,AG2006,2020-01-23,4292.0,4316.0,4284.0,4288.0,286825,432255,,4298.0,4295.0,AG
84,AG2006,2020-02-03,4362.0,4380.0,4328.0,4337.0,228224,437195,,4345.0,4298.0,AG
84,AG2006,2020-02-04,4328.0,4330.0,4295.0,4318.0,158890,435032,,4314.0,4345.0,AG
84,AG2006,2020-02-05,4299.0,4327.0,4276.0,4318.0,198353,453733,,4302.0,4314.0,AG
84,AG2006,2020-02-06,4302.0,4311.0,4290.0,4304.0,135135,456027,,4300.0,4302.0,AG
84,AG2006,2020-02-07,4330.0,4346.0,4310.0,4317.0,167300,456349,,4328.0,4300.0,AG
84,AG2006,2020-02-10,4333.0,4333.0,4308.0,4310.0,112846,462081,,4318.0,4328.0,AG
84,AG2006,2020-02-11,4316.0,4322.0,4305.0,4317.0,114604,461696,,4314.0,4318.0,AG
84,AG2006,2020-02-12,4290.0,4295.0,4237.0,4255.0,303258,482263,,4264.0,4314.0,AG
84,AG2006,2020-02-13,4258.0,4292.0,4256.0,4283.0,154015,473448,,4276.0,4264.0,AG
84,AG2006,2020-02-14,4285.0,4301.0,4278.0,4293.0,125375,466253,,4290.0,4276.0,AG
84,AG2006,2020-02-17,4301.0,4338.0,4301.0,4332.0,190651,470216,,4328.0,4290.0,AG
83,AG2006,2020-02-18,4330.0,4362.0,4329.0,4339.0,192489,473103,,4343.0,4328.0,AG
83,AG2006,2020-02-19,4410.0,4457.0,4409.0,4442.0,322666,497503,,4435.0,4343.0,AG
83,AG2006,2020-02-20,4455.0,4488.0,4433.0,4457.0,337565,500135,,4461.0,4435.0,AG
83,AG2006,2020-02-21,4478.0,4524.0,4473.0,4512.0,343040,503389,,4500.0,4461.0,AG
83,AG2006,2020-02-24,4546.0,4584.0,4527.0,4546.0,361456,502435,,4552.0,4500.0,AG
83,AG2006,2020-02-25,4498.0,4525.0,4436.0,4449.0,478820,478427,,4484.0,4552.0,AG
83,AG2006,2020-02-26,4389.0,4431.0,4380.0,4402.0,388605,471370,,4405.0,4484.0,AG
83,AG2006,2020-02-27,4375.0,4489.0,4371.0,4387.0,349706,477017,,4391.0,4405.0,AG
83,AG2006,2020-02-28,4347.0,4353.0,4127.0,4164.0,883621,464254,,4234.0,4391.0,AG
83,AG2006,2020-03-02,4078.0,4125.0,4062.0,4095.0,497770,461934,,4092.0,4234.0,AG
83,AG2006,2020-03-03,4073.0,4116.0,4052.0,4071.0,361821,466765,,4088.0,4092.0,AG
83,AG2006,2020-03-04,4168.0,4177.0,4138.0,4155.0,386587,449702,,4154.0,4088.0,AG
83,AG2006,2020-03-05,4149.0,4155.0,4127.0,4146.0,168184,443568,,4140.0,4154.0,AG
83,AG2006,2020-03-06,4202.0,4212.0,4162.0,4177.0,320825,442510,,4185.0,4140.0,AG
83,AG2006,2020-03-09,4175.0,4183.0,3953.0,4000.0,811443,465778,,4049.0,4185.0,AG
83,AG2006,2020-03-10,4030.0,4103.0,4004.0,4086.0,462591,443145,,4071.0,4049.0,AG
83,AG2006,2020-03-11,4088.0,4111.0,4074.0,4090.0,237575,436097,,4096.0,4071.0,AG
83,AG2006,2020-03-12,4071.0,4082.0,3951.0,3996.0,466128,433201,,4006.0,4096.0,AG
83,AG2006,2020-03-13,3782.0,3838.0,3765.0,3791.0,510242,417641,,3789.0,4006.0,AG
83,AG2006,2020-03-16,3571.0,3587.0,3561.0,3561.0,267021,416315,,3568.0,3789.0,AG
82,AG2006,2020-03-17,3211.0,3211.0,3211.0,3211.0,24570,410360,,3211.0,3568.0,AG
82,AG2006,2020-03-18,3080.0,3126.0,2944.0,3003.0,729359,392236,,3055.0,3211.0,AG
82,AG2006,2020-03-19,2950.0,2986.0,2857.0,2937.0,679141,385659,,2928.0,3055.0,AG
82,AG2006,2020-03-20,2967.0,3132.0,2965.0,3132.0,664268,389159,,3068.0,2928.0,AG
82,AG2006,2020-03-23,3101.0,3158.0,3066.0,3121.0,572493,369163,,3117.0,3068.0,AG
82,AG2006,2020-03-24,3335.0,3335.0,3238.0,3335.0,343565,374925,,3304.0,3117.0,AG
82,AG2006,2020-03-25,3520.0,3551.0,3456.0,3538.0,586142,382741,,3499.0,3304.0,AG
82,AG2006,2020-03-26,3535.0,3542.0,3482.0,3514.0,403837,383426,,3510.0,3499.0,AG
82,AG2006,2020-03-27,3522.0,3587.0,3516.0,3564.0,380621,386295,,3561.0,3510.0,AG
82,AG2006,2020-03-30,3501.0,3506.0,3343.0,3364.0,517183,388634,,3385.0,3561.0,AG
82,AG2006,2020-03-31,3390.0,3444.0,3390.0,3433.0,283265,378120,,3424.0,3385.0,AG
82,AG2006,2020-04-01,3415.0,3423.0,3386.0,3402.0,224870,379983,,3404.0,3424.0,AG
82,AG2006,2020-04-02,3390.0,3498.0,3380.0,3491.0,309231,370991,,3439.0,3404.0,AG
82,AG2006,2020-04-03,3529.0,3563.0,3512.0,3553.0,281515,369175,,3542.0,3439.0,AG
82,AG2006,2020-04-07,3786.0,3795.0,3704.0,3764.0,313786,374318,,3743.0,3542.0,AG
82,AG2006,2020-04-08,3662.0,3717.0,3643.0,3690.0,279734,363169,,3683.0,3743.0,AG
82,AG2006,2020-04-09,3699.0,3706.0,3673.0,3700.0,167663,356448,,3690.0,3683.0,AG
82,AG2006,2020-04-10,3773.0,3780.0,3723.0,3727.0,153379,357459,,3739.0,3690.0,AG
82,AG2006,2020-04-13,3737.0,3754.0,3637.0,3705.0,349931,349678,,3687.0,3739.0,AG
82,AG2006,2020-04-14,3726.0,3818.0,3715.0,3778.0,345876,346402,,3773.0,3687.0,AG
82,AG2006,2020-04-15,3791.0,3832.0,3700.0,3708.0,304886,349754,,3783.0,3773.0,AG
81,AG2006,2020-04-16,3714.0,3787.0,3683.0,3778.0,294576,352060,,3732.0,3783.0,AG
81,AG2006,2020-04-17,3764.0,3768.0,3624.0,3681.0,422961,353687,,3688.0,3732.0,AG
81,AG2006,2020-04-20,3640.0,3704.0,3615.0,3677.0,314632,327171,,3664.0,3688.0,AG
81,AG2006,2020-04-21,3680.0,3727.0,3664.0,3698.0,308053,312187,,3692.0,3664.0,AG
81,AG2006,2020-04-22,3633.0,3635.0,3533.0,3549.0,402575,316469,,3572.0,3692.0,AG
81,AG2006,2020-04-23,3635.0,3729.0,3608.0,3699.0,369846,281084,,3676.0,3572.0,AG
81,AG2006,2020-04-24,3666.0,3723.0,3661.0,3713.0,226637,268285,,3689.0,3676.0,AG
81,AG2006,2020-04-27,3709.0,3736.0,3666.0,3674.0,225001,254927,,3703.0,3689.0,AG
81,AG2006,2020-04-28,3681.0,3681.0,3584.0,3600.0,288319,235935,,3622.0,3703.0,AG
81,AG2006,2020-04-29,3658.0,3679.0,3633.0,3664.0,172742,219237,,3658.0,3622.0,AG
81,AG2006,2020-04-30,3675.0,3708.0,3646.0,3696.0,199311,202509,,3678.0,3658.0,AG
81,AG2006,2020-05-06,3606.0,3695.0,3590.0,3672.0,172640,189010,,3661.0,3678.0,AG
81,AG2006,2020-05-07,3660.0,3668.0,3637.0,3652.0,281552,175322,,3651.0,3661.0,AG
81,AG2006,2020-05-08,3674.0,3795.0,3667.0,3777.0,561059,189787,,3734.0,3651.0,AG
81,AG2006,2020-05-11,3757.0,3805.0,3727.0,3782.0,633329,161607,,3775.0,3734.0,AG
81,AG2006,2020-05-12,3780.0,3794.0,3743.0,3762.0,328883,142911,,3764.0,3775.0,AG
81,AG2006,2020-05-13,3766.0,3808.0,3756.0,3785.0,355641,126155,,3779.0,3764.0,AG
81,AG2006,2020-05-14,3798.0,3822.0,3743.0,3792.0,360458,111494,,3782.0,3779.0,AG
81,AG2006,2020-05-15,3793.0,3991.0,3772.0,3962.0,659983,113749,,3890.0,3782.0,AG
86,AG2012,2020-05-18,4090.0,4248.0,4030.0,4248.0,708216,377530,,4141.0,3934.0,AG
86,AG2012,2020-05-19,4243.0,4261.0,4138.0,4190.0,937585,379873,,4191.0,4141.0,AG
86,AG2012,2020-05-20,4203.0,4346.0,4195.0,4329.0,1109965,438829,,4289.0,4191.0,AG
86,AG2012,2020-05-21,4289.0,4326.0,4190.0,4214.0,965581,424081,,4258.0,4289.0,AG
86,AG2012,2020-05-22,4226.0,4247.0,4100.0,4150.0,1314484,412569,,4156.0,4258.0,AG
86,AG2012,2020-05-25,4198.0,4250.0,4153.0,4167.0,1122137,416148,,4212.0,4156.0,AG
86,AG2012,2020-05-26,4195.0,4319.0,4180.0,4288.0,1012424,466131,,4257.0,4212.0,AG
86,AG2012,2020-05-27,4284.0,4310.0,4194.0,4225.0,1172064,442019,,4239.0,4257.0,AG
86,AG2012,2020-05-28,4185.0,4310.0,4148.0,4291.0,1419770,491258,,4242.0,4239.0,AG
86,AG2012,2020-05-29,4281.0,4345.0,4273.0,4306.0,1362173,496199,,4302.0,4242.0,AG
86,AG2012,2020-06-01,4375.0,4519.0,4373.0,4515.0,1364182,531291,,4433.0,4302.0,AG
86,AG2012,2020-06-02,4474.0,4505.0,4430.0,4481.0,1047036,518276,,4473.0,4433.0,AG
86,AG2012,2020-06-03,4479.0,4495.0,4349.0,4388.0,1454951,496385,,4412.0,4473.0,AG
86,AG2012,2020-06-04,4330.0,4356.0,4283.0,4299.0,1280719,479173,,4322.0,4412.0,AG
86,AG2012,2020-06-05,4356.0,4367.0,4310.0,4325.0,963162,467660,,4338.0,4322.0,AG
86,AG2012,2020-06-08,4235.0,4335.0,4213.0,4311.0,999988,478852,,4259.0,4338.0,AG
86,AG2012,2020-06-09,4311.0,4329.0,4262.0,4297.0,815489,478201,,4293.0,4259.0,AG
86,AG2012,2020-06-10,4317.0,4347.0,4308.0,4333.0,651667,496927,,4329.0,4293.0,AG
86,AG2012,2020-06-11,4383.0,4403.0,4285.0,4364.0,1116815,481711,,4354.0,4329.0,AG
86,AG2012,2020-06-12,4362.0,4398.0,4234.0,4297.0,1320935,466526,,4324.0,4354.0,AG
86,AG2012,2020-06-15,4302.0,4328.0,4167.0,4191.0,1339702,477605,,4259.0,4324.0,AG
85,AG2012,2020-06-16,4151.0,4250.0,4141.0,4221.0,1104467,472843,,4201.0,4259.0,AG
85,AG2012,2020-06-17,4238.0,4279.0,4209.0,4259.0,1036846,467210,,4248.0,4201.0,AG
85,AG2012,2020-06-18,4265.0,4284.0,4243.0,4261.0,616594,464126,,4264.0,4248.0,AG
85,AG2012,2020-06-19,4249.0,4295.0,4221.0,4287.0,718908,475947,,4249.0,4264.0,AG
85,AG2012,2020-06-22,4313.0,4400.0,4292.0,4363.0,1112715,479015,,4344.0,4249.0,AG
85,AG2012,2020-06-23,4382.0,4387.0,4307.0,4322.0,930480,459195,,4346.0,4344.0,AG
85,AG2012,2020-06-24,4350.0,4377.0,4335.0,4356.0,713311,444880,,4352.0,4346.0,AG
85,AG2012,2020-06-29,4366.0,4376.0,4329.0,4335.0,269221,437340,,4349.0,4352.0,AG
85,AG2012,2020-06-30,4321.0,4350.0,4302.0,4346.0,534856,432789,,4326.0,4349.0,AG
85,AG2012,2020-07-01,4340.0,4453.0,4323.0,4436.0,1143975,499920,,4408.0,4326.0,AG
85,AG2012,2020-07-02,4429.0,4432.0,4333.0,4357.0,1135405,446561,,4373.0,4408.0,AG
85,AG2012,2020-07-03,4333.0,4398.0,4311.0,4376.0,902825,450519,,4367.0,4373.0,AG
85,AG2012,2020-07-06,4376.0,4395.0,4356.0,4379.0,505595,443834,,4373.0,4367.0,AG
85,AG2012,2020-07-07,4417.0,4444.0,4375.0,4388.0,786865,450262,,4413.0,4373.0,AG
85,AG2012,2020-07-08,4369.0,4439.0,4362.0,4429.0,712522,469547,,4415.0,4413.0,AG
85,AG2012,2020-07-09,4457.0,4545.0,4455.0,4536.0,1167621,548648,,4501.0,4415.0,AG
85,AG2012,2020-07-10,4536.0,4555.0,4430.0,4450.0,1278836,490553,,4484.0,4501.0,AG
85,AG2012,2020-07-13,4488.0,4585.0,4464.0,4580.0,996758,581178,,4515.0,4484.0,AG
85,AG2012,2020-07-14,4582.0,4643.0,4546.0,4575.0,1253665,550767,,4594.0,4515.0,AG
85,AG2012,2020-07-15,4590.0,4633.0,4573.0,4611.0,825060,550091,,4602.0,4594.0,AG
84,AG2012,2020-07-16,4619.0,4628.0,4573.0,4594.0,879332,519639,,4602.0,4602.0,AG
84,AG2012,2020-07-17,4590.0,4619.0,4514.0,4544.0,848281,503062,,4573.0,4602.0,AG
84,AG2012,2020-07-20,4569.0,4615.0,4562.0,4599.0,739398,514334,,4591.0,4573.0,AG
84,AG2012,2020-07-21,4668.0,4865.0,4666.0,4851.0,1370339,622575,,4744.0,4591.0,AG
84,AG2012,2020-07-22,5001.0,5123.0,4963.0,5123.0,870309,611064,,5004.0,4744.0,AG
84,AG2012,2020-07-23,5280.0,5442.0,5168.0,5400.0,2557206,555093,,5307.0,5004.0,AG
84,AG2012,2020-07-24,5340.0,5468.0,5315.0,5346.0,2027448,557877,,5380.0,5307.0,AG
84,AG2012,2020-07-27,5375.0,5800.0,5355.0,5718.0,2776420,581657,,5545.0,5380.0,AG
84,AG2012,2020-07-28,5729.0,5988.0,5650.0,5778.0,2749676,576989,,5770.0,5545.0,AG
84,AG2012,2020-07-29,5650.0,5822.0,5601.0,5750.0,3092092,574105,,5726.0,5770.0,AG
84,AG2012,2020-07-30,5765.0,5783.0,5516.0,5569.0,2168767,579847,,5690.0,5726.0,AG
84,AG2012,2020-07-31,5469.0,5758.0,5454.0,5723.0,2891500,593427,,5569.0,5690.0,AG
84,AG2012,2020-08-03,5731.0,5764.0,5613.0,5720.0,2245043,592199,,5690.0,5569.0,AG
84,AG2012,2020-08-04,5718.0,5768.0,5671.0,5729.0,1250441,601561,,5715.0,5690.0,AG
84,AG2012,2020-08-05,5724.0,6172.0,5715.0,6172.0,3494818,638981,,6009.0,5715.0,AG
84,AG2012,2020-08-06,6221.0,6528.0,6177.0,6472.0,3053965,616556,,6327.0,6009.0,AG
84,AG2012,2020-08-07,6560.0,6833.0,6511.0,6594.0,3376097,625227,,6652.0,6327.0,AG
84,AG2012,2020-08-10,6661.0,6706.0,6412.0,6635.0,3395419,636760,,6543.0,6652.0,AG
84,AG2012,2020-08-11,6664.0,6877.0,6450.0,6535.0,4250813,630813,,6710.0,6543.0,AG
84,AG2012,2020-08-12,6350.0,6394.0,6173.0,6173.0,2210889,604538,,6313.0,6710.0,AG
84,AG2012,2020-08-13,6040.0,6109.0,5905.0,6024.0,3366130,577161,,6013.0,6313.0,AG
84,AG2012,2020-08-14,6122.0,6462.0,6083.0,6116.0,4747297,583410,,6267.0,6013.0,AG
84,AG2012,2020-08-17,6152.0,6296.0,5953.0,6222.0,5045827,589125,,6144.0,6267.0,AG
83,AG2012,2020-08-18,6305.0,6460.0,6260.0,6459.0,3364969,612318,,6353.0,6144.0,AG
83,AG2012,2020-08-19,6533.0,6558.0,6208.0,6257.0,5271543,575641,,6353.0,6353.0,AG
83,AG2012,2020-08-20,6295.0,6350.0,6031.0,6113.0,4785301,595880,,6185.0,6353.0,AG
83,AG2012,2020-08-21,6138.0,6188.0,6052.0,6088.0,2674014,572683,,6115.0,6185.0,AG
83,AG2012,2020-08-24,5900.0,5944.0,5756.0,5791.0,3349166,590937,,5835.0,6115.0,AG
83,AG2012,2020-08-25,5956.0,5976.0,5813.0,5857.0,2394478,573349,,5878.0,5835.0,AG
83,AG2012,2020-08-26,5845.0,5873.0,5781.0,5833.0,1645256,582090,,5828.0,5878.0,AG
83,AG2012,2020-08-27,5829.0,6079.0,5819.0,6058.0,2571255,589277,,5994.0,5828.0,AG
83,AG2012,2020-08-28,6041.0,6205.0,5925.0,6099.0,3224310,581847,,6046.0,5994.0,AG
83,AG2012,2020-08-31,6120.0,6284.0,6082.0,6215.0,1911756,588533,,6170.0,6046.0,AG
83,AG2012,2020-09-01,6230.0,6406.0,6215.0,6375.0,1670387,610769,,6302.0,6170.0,AG
83,AG2012,2020-09-02,6380.0,6398.0,6210.0,6223.0,1765243,586439,,6303.0,6302.0,AG
83,AG2012,2020-09-03,6210.0,6226.0,5957.0,5975.0,2368258,598158,,6124.0,6303.0,AG
83,AG2012,2020-09-04,6021.0,6111.0,5855.0,5931.0,3177061,573627,,5984.0,6124.0,AG
83,AG2012,2020-09-07,5920.0,6069.0,5851.0,5948.0,2481925,571680,,5948.0,5984.0,AG
83,AG2012,2020-09-08,5948.0,6017.0,5918.0,5998.0,1293477,565793,,5967.0,5948.0,AG
83,AG2012,2020-09-09,5900.0,5986.0,5726.0,5880.0,2737191,566202,,5871.0,5967.0,AG
83,AG2012,2020-09-10,5927.0,6039.0,5915.0,5970.0,1641158,569081,,5969.0,5871.0,AG
83,AG2012,2020-09-11,6050.0,6066.0,5859.0,5910.0,1587192,567084,,5963.0,5969.0,AG
83,AG2012,2020-09-14,5916.0,5947.0,5841.0,5888.0,1207678,573062,,5905.0,5963.0,AG
83,AG2012,2020-09-15,5938.0,6002.0,5915.0,5973.0,1156467,572608,,5953.0,5905.0,AG
82,AG2012,2020-09-16,5987.0,5996.0,5885.0,5939.0,1078218,565403,,5930.0,5953.0,AG
82,AG2012,2020-09-17,5940.0,5970.0,5785.0,5805.0,1387242,609468,,5889.0,5930.0,AG
82,AG2012,2020-09-18,5801.0,5890.0,5686.0,5887.0,1646349,576388,,5792.0,5889.0,AG
82,AG2012,2020-09-21,5834.0,5881.0,5748.0,5764.0,1221963,577138,,5821.0,5792.0,AG
82,AG2012,2020-09-22,5652.0,5695.0,5238.0,5238.0,3304647,571353,,5385.0,5821.0,AG
82,AG2012,2020-09-23,5232.0,5310.0,4890.0,4984.0,2759776,569777,,5141.0,5385.0,AG
82,AG2012,2020-09-24,4971.0,5047.0,4690.0,4757.0,3037322,616008,,4891.0,5141.0,AG
82,AG2012,2020-09-25,4786.0,5020.0,4752.0,4987.0,2912603,571034,,4901.0,4891.0,AG
82,AG2012,2020-09-28,4921.0,4984.0,4812.0,4875.0,1981923,573213,,4920.0,4901.0,AG
82,AG2012,2020-09-29,4944.0,5085.0,4941.0,5026.0,1667789,553923,,5017.0,4920.0,AG
82,AG2012,2020-09-30,5061.0,5128.0,5032.0,5076.0,1352046,537369,,5079.0,5017.0,AG
82,AG2012,2020-10-09,5095.0,5156.0,5085.0,5111.0,420006,536983,,5114.0,5079.0,AG
82,AG2012,2020-10-12,5170.0,5460.0,5166.0,5374.0,1589790,565140,,5314.0,5114.0,AG
82,AG2012,2020-10-13,5396.0,5400.0,5247.0,5312.0,1339586,558922,,5335.0,5314.0,AG
82,AG2012,2020-10-14,5276.0,5277.0,5061.0,5149.0,1860826,561261,,5141.0,5335.0,AG
82,AG2012,2020-10-15,5207.0,5229.0,5087.0,5123.0,1384946,546761,,5164.0,5141.0,AG
81,AG2012,2020-10-16,5033.0,5192.0,4994.0,5133.0,1628592,539150,,5103.0,5164.0,AG
81,AG2012,2020-10-19,5152.0,5273.0,5091.0,5239.0,1569669,546079,,5159.0,5103.0,AG
81,AG2012,2020-10-20,5266.0,5274.0,5158.0,5192.0,1195973,519109,,5207.0,5159.0,AG
81,AG2012,2020-10-21,5234.0,5316.0,5193.0,5286.0,1279635,530534,,5257.0,5207.0,AG
81,AG2012,2020-10-22,5334.0,5366.0,5212.0,5278.0,1402279,500541,,5292.0,5257.0,AG
81,AG2012,2020-10-23,5233.0,5260.0,5163.0,5205.0,1187392,486546,,5210.0,5292.0,AG
81,AG2012,2020-10-26,5235.0,5254.0,5068.0,5096.0,1201013,490494,,5167.0,5210.0,AG
81,AG2012,2020-10-27,5111.0,5209.0,5101.0,5198.0,1039131,463033,,5158.0,5167.0,AG
81,AG2012,2020-10-28,5175.0,5234.0,5145.0,5202.0,839967,452463,,5181.0,5158.0,AG
81,AG2012,2020-10-29,5048.0,5050.0,4898.0,4958.0,1697049,429767,,4961.0,5181.0,AG
81,AG2012,2020-10-30,4810.0,4998.0,4774.0,4921.0,1621216,408417,,4916.0,4961.0,AG
81,AG2012,2020-11-02,5000.0,5116.0,4960.0,5086.0,1328472,392185,,5027.0,4916.0,AG
81,AG2012,2020-11-03,5114.0,5165.0,5077.0,5136.0,903571,379732,,5119.0,5027.0,AG
81,AG2012,2020-11-04,5186.0,5229.0,4995.0,5062.0,1374387,369049,,5134.0,5119.0,AG
81,AG2012,2020-11-05,5124.0,5172.0,5065.0,5168.0,947890,362928,,5112.0,5134.0,AG
81,AG2012,2020-11-06,5279.0,5394.0,5212.0,5335.0,1408211,362665,,5288.0,5112.0,AG
81,AG2012,2020-11-09,5414.0,5458.0,5339.0,5369.0,1298100,346771,,5392.0,5288.0,AG
81,AG2012,2020-11-10,5172.0,5214.0,4999.0,5068.0,1587837,328567,,5096.0,5392.0,AG
81,AG2012,2020-11-11,5068.0,5118.0,5059.0,5107.0,647213,312476,,5093.0,5096.0,AG
81,AG2012,2020-11-12,5085.0,5128.0,4980.0,5079.0,1070947,311228,,5060.0,5093.0,AG
81,AG2012,2020-11-13,5075.0,5114.0,5060.0,5089.0,500781,296307,,5090.0,5060.0,AG
81,AG2012,2020-11-16,5111.0,5268.0,5110.0,5228.0,817143,275858,,5205.0,5090.0,AG
80,AG2012,2020-11-17,5123.0,5213.0,5092.0,5157.0,671493,255786,,5157.0,5205.0,AG
80,AG2012,2020-11-18,5154.0,5185.0,5088.0,5101.0,532854,242262,,5135.0,5157.0,AG
89,AG2012,2020-11-19,5086.0,5172.0,5002.0,5023.0,750217,244171,,5090.0,5135.0,AG
89,AG2012,2020-11-20,5030.0,5069.0,4962.0,5050.0,696133,216287,,5020.0,5090.0,AG
89,AG2012,2020-11-23,5056.0,5122.0,5043.0,5065.0,560559,198102,,5086.0,5020.0,AG
89,AG2012,2020-11-24,5030.0,5049.0,4852.0,4899.0,903961,202636,,4944.0,5086.0,AG
89,AG2012,2020-11-25,4847.0,4913.0,4801.0,4856.0,648066,176163,,4861.0,4944.0,AG
91,AG2102,2020-11-26,4931.0,4954.0,4879.0,4938.0,478701,216205,,4924.0,4900.0,AG
91,AG2102,2020-11-27,4923.0,4942.0,4886.0,4910.0,559802,237599,,4914.0,4924.0,AG
91,AG2102,2020-11-30,4903.0,4909.0,4625.0,4686.0,1695627,289020,,4747.0,4914.0,AG
91,AG2102,2020-12-01,4669.0,4857.0,4653.0,4838.0,1211086,300433,,4760.0,4747.0,AG
91,AG2102,2020-12-02,4940.0,5073.0,4936.0,5019.0,1484782,297296,,5003.0,4760.0,AG
91,AG2102,2020-12-03,5034.0,5076.0,4982.0,5062.0,1167402,312647,,5031.0,5003.0,AG
91,AG2102,2020-12-04,5097.0,5112.0,4991.0,5104.0,1233085,322925,,5041.0,5031.0,AG
91,AG2102,2020-12-07,5095.0,5137.0,5027.0,5052.0,1190170,307301,,5065.0,5041.0,AG
91,AG2102,2020-12-08,4999.0,5213.0,4949.0,5189.0,1587521,327217,,5129.0,5065.0,AG
91,AG2102,2020-12-09,5170.0,5230.0,5075.0,5082.0,1222280,311108,,5151.0,5129.0,AG
91,AG2102,2020-12-10,5053.0,5130.0,4977.0,4979.0,1239296,298569,,5056.0,5151.0,AG
91,AG2102,2020-12-11,5008.0,5105.0,4990.0,5013.0,1115269,286199,,5046.0,5056.0,AG
91,AG2102,2020-12-14,5001.0,5060.0,4967.0,5009.0,977808,293490,,5021.0,5046.0,AG
91,AG2102,2020-12-15,4996.0,5094.0,4987.0,5093.0,1202712,306991,,5039.0,5021.0,AG
91,AG2102,2020-12-16,5109.0,5259.0,5097.0,5246.0,1292755,356569,,5168.0,5039.0,AG
91,AG2102,2020-12-17,5310.0,5387.0,5197.0,5374.0,1513521,348095,,5281.0,5168.0,AG
91,AG2102,2020-12-18,5450.0,5470.0,5379.0,5414.0,1485576,333068,,5425.0,5281.0,AG
91,AG2102,2020-12-21,5435.0,5805.0,5383.0,5718.0,1861595,327642,,5544.0,5425.0,AG
91,AG2102,2020-12-22,5559.0,5614.0,5339.0,5398.0,2084450,292998,,5496.0,5544.0,AG
91,AG2102,2020-12-23,5404.0,5492.0,5272.0,5342.0,1762609,289629,,5378.0,5496.0,AG
91,AG2102,2020-12-24,5321.0,5465.0,5321.0,5430.0,1188110,281957,,5405.0,5378.0,AG
91,AG2102,2020-12-25,5405.0,5445.0,5337.0,5423.0,933596,281162,,5402.0,5405.0,AG
91,AG2102,2020-12-28,5423.0,5679.0,5411.0,5582.0,1247274,291953,,5561.0,5402.0,AG
91,AG2102,2020-12-29,5552.0,5664.0,5480.0,5502.0,1532121,276115,,5594.0,5561.0,AG
91,AG2102,2020-12-30,5523.0,5599.0,5485.0,5568.0,1388708,271867,,5537.0,5594.0,AG
91,AG2102,2020-12-31,5565.0,5645.0,5535.0,5586.0,1169312,258538,,5585.0,5537.0,AG
91,AG2102,2021-01-04,5680.0,5761.0,5661.0,5705.0,532691,254240,,5712.0,5585.0,AG
91,AG2102,2021-01-05,5718.0,5790.0,5621.0,5728.0,1203318,241784,,5724.0,5712.0,AG
91,AG2102,2021-01-06,5743.0,5768.0,5681.0,5708.0,820975,231961,,5722.0,5724.0,AG
91,AG2102,2021-01-07,5700.0,5725.0,5551.0,5678.0,1256750,220279,,5639.0,5722.0,AG
91,AG2102,2021-01-08,5658.0,5683.0,5590.0,5607.0,835794,208888,,5639.0,5639.0,AG
91,AG2102,2021-01-11,5521.0,5544.0,5075.0,5123.0,2075594,186499,,5295.0,5639.0,AG
91,AG2102,2021-01-12,5125.0,5265.0,5051.0,5247.0,1262848,170900,,5164.0,5295.0,AG
91,AG2102,2021-01-13,5235.0,5282.0,5174.0,5248.0,853838,163547,,5224.0,5164.0,AG
91,AG2102,2021-01-14,5202.0,5263.0,5162.0,5200.0,751347,155614,,5221.0,5224.0,AG
91,AG2102,2021-01-15,5220.0,5355.0,5204.0,5229.0,889094,138498,,5277.0,5221.0,AG
91,AG2102,2021-01-18,5226.0,5243.0,5069.0,5202.0,1198025,129915,,5142.0,5277.0,AG
91,AG2102,2021-01-19,5180.0,5274.0,5165.0,5224.0,525199,122159,,5212.0,5142.0,AG
91,AG2102,2021-01-20,5234.0,5295.0,5177.0,5281.0,651221,117755,,5233.0,5212.0,AG
91,AG2102,2021-01-21,5237.0,5392.0,5182.0,5362.0,867845,113698,,5301.0,5233.0,AG
91,AG2102,2021-01-22,5337.0,5361.0,5222.0,5270.0,598429,102555,,5308.0,5301.0,AG
91,AG2102,2021-01-25,5215.0,5315.0,5160.0,5257.0,593422,92874,,5250.0,5308.0,AG
95,AG2106,2021-01-26,5351.0,5400.0,5273.0,5293.0,598083,381995,,5328.0,5319.0,AG
95,AG2106,2021-01-27,5324.0,5361.0,5262.0,5295.0,680168,396940,,5318.0,5328.0,AG
95,AG2106,2021-01-28,5246.0,5330.0,5169.0,5243.0,1117733,414656,,5252.0,5318.0,AG
95,AG2106,2021-01-29,5283.0,5550.0,5263.0,5479.0,2118281,437072,,5435.0,5252.0,AG
95,AG2106,2021-02-01,5654.0,5949.0,5522.0,5939.0,2285710,516568,,5707.0,5435.0,AG
95,AG2106,2021-02-02,6049.0,6085.0,5804.0,5879.0,2532280,497535,,5950.0,5707.0,AG
95,AG2106,2021-02-03,5700.0,5756.0,5490.0,5590.0,2379612,455446,,5622.0,5950.0,AG
95,AG2106,2021-02-04,5607.0,5638.0,5446.0,5517.0,1385000,455704,,5564.0,5622.0,AG
95,AG2106,2021-02-05,5502.0,5533.0,5385.0,5467.0,1479420,454447,,5451.0,5564.0,AG
95,AG2106,2021-02-08,5475.0,5613.0,5441.0,5583.0,1280746,450260,,5543.0,5451.0,AG
95,AG2106,2021-02-09,5608.0,5678.0,5576.0,5636.0,805495,440720,,5635.0,5543.0,AG
95,AG2106,2021-02-10,5647.0,5688.0,5533.0,5607.0,878925,416119,,5604.0,5635.0,AG
95,AG2106,2021-02-18,5610.0,5662.0,5572.0,5599.0,337866,425168,,5613.0,5604.0,AG
95,AG2106,2021-02-19,5598.0,5650.0,5480.0,5542.0,1007046,443967,,5571.0,5613.0,AG
95,AG2106,2021-02-22,5576.0,5789.0,5574.0,5744.0,1270007,486383,,5710.0,5571.0,AG
95,AG2106,2021-02-23,5732.0,5908.0,5686.0,5859.0,1244271,507234,,5812.0,5710.0,AG
95,AG2106,2021-02-24,5830.0,5844.0,5691.0,5753.0,1141322,484027,,5766.0,5812.0,AG
95,AG2106,2021-02-25,5779.0,5888.0,5673.0,5811.0,1292160,498236,,5777.0,5766.0,AG
95,AG2106,2021-02-26,5811.0,5848.0,5534.0,5552.0,1549990,460106,,5713.0,5777.0,AG
95,AG2106,2021-03-01,5510.0,5598.0,5440.0,5573.0,1463999,440822,,5523.0,5713.0,AG
95,AG2106,2021-03-02,5551.0,5585.0,5351.0,5414.0,1098347,440446,,5485.0,5523.0,AG
95,AG2106,2021-03-03,5467.0,5559.0,5442.0,5517.0,866443,426427,,5493.0,5485.0,AG
95,AG2106,2021-03-04,5500.0,5504.0,5365.0,5381.0,1259863,441301,,5421.0,5493.0,AG
95,AG2106,2021-03-05,5393.0,5432.0,5161.0,5187.0,1546761,462835,,5315.0,5421.0,AG
95,AG2106,2021-03-08,5223.0,5399.0,5149.0,5316.0,1459478,440274,,5254.0,5315.0,AG
95,AG2106,2021-03-09,5259.0,5312.0,5193.0,5293.0,1056171,446461,,5258.0,5254.0,AG
95,AG2106,2021-03-10,5351.0,5450.0,5313.0,5360.0,1087909,436235,,5385.0,5258.0,AG
95,AG2106,2021-03-11,5362.0,5480.0,5350.0,5455.0,921485,438464,,5413.0,5385.0,AG
95,AG2106,2021-03-12,5456.0,5468.0,5319.0,5344.0,951411,444977,,5403.0,5413.0,AG
95,AG2106,2021-03-15,5330.0,5460.0,5273.0,5400.0,1040568,429916,,5358.0,5403.0,AG
94,AG2106,2021-03-16,5455.0,5488.0,5411.0,5430.0,763192,431900,,5448.0,5358.0,AG
94,AG2106,2021-03-17,5411.0,5442.0,5356.0,5412.0,768902,429997,,5397.0,5448.0,AG
94,AG2106,2021-03-18,5394.0,5560.0,5378.0,5558.0,884500,480425,,5471.0,5397.0,AG
94,AG2106,2021-03-19,5470.0,5485.0,5382.0,5446.0,1014501,431354,,5435.0,5471.0,AG
94,AG2106,2021-03-22,5457.0,5476.0,5303.0,5311.0,905415,449775,,5395.0,5435.0,AG
94,AG2106,2021-03-23,5310.0,5368.0,5290.0,5331.0,663828,439532,,5333.0,5395.0,AG
94,AG2106,2021-03-24,5332.0,5342.0,5188.0,5237.0,940748,450706,,5241.0,5333.0,AG
94,AG2106,2021-03-25,5260.0,5276.0,5197.0,5213.0,650970,457027,,5240.0,5241.0,AG
94,AG2106,2021-03-26,5109.0,5279.0,5090.0,5262.0,1222123,437977,,5209.0,5240.0,AG
94,AG2106,2021-03-29,5244.0,5246.0,5172.0,5200.0,767148,442211,,5213.0,5209.0,AG
94,AG2106,2021-03-30,5193.0,5228.0,5127.0,5138.0,851847,454615,,5171.0,5213.0,AG
94,AG2106,2021-03-31,5057.0,5088.0,4971.0,5052.0,1033068,467765,,5037.0,5171.0,AG
94,AG2106,2021-04-01,5030.0,5140.0,5024.0,5103.0,836577,443570,,5091.0,5037.0,AG
94,AG2106,2021-04-02,5138.0,5265.0,5135.0,5264.0,710425,415610,,5204.0,5091.0,AG
94,AG2106,2021-04-06,5210.0,5296.0,5181.0,5219.0,330430,408785,,5241.0,5204.0,AG
94,AG2106,2021-04-07,5250.0,5299.0,5234.0,5260.0,625628,409633,,5267.0,5241.0,AG
94,AG2106,2021-04-08,5257.0,5330.0,5220.0,5310.0,759589,417498,,5268.0,5267.0,AG
94,AG2106,2021-04-09,5329.0,5380.0,5283.0,5302.0,680789,412162,,5341.0,5268.0,AG
94,AG2106,2021-04-12,5282.0,5310.0,5239.0,5265.0,654568,393473,,5278.0,5341.0,AG
94,AG2106,2021-04-13,5262.0,5284.0,5166.0,5197.0,770430,393003,,5209.0,5278.0,AG
94,AG2106,2021-04-14,5269.0,5349.0,5268.0,5338.0,721171,403868,,5311.0,5209.0,AG
94,AG2106,2021-04-15,5325.0,5375.0,5270.0,5351.0,746300,407081,,5315.0,5311.0,AG
93,AG2106,2021-04-16,5342.0,5437.0,5333.0,5401.0,806267,420492,,5404.0,5315.0,AG
93,AG2106,2021-04-19,5485.0,5493.0,5361.0,5408.0,738043,398379,,5425.0,5404.0,AG
93,AG2106,2021-04-20,5399.0,5414.0,5340.0,5392.0,688547,399420,,5381.0,5425.0,AG
93,AG2106,2021-04-21,5388.0,5442.0,5358.0,5433.0,848432,406863,,5396.0,5381.0,AG
93,AG2106,2021-04-22,5432.0,5531.0,5411.0,5505.0,880999,413336,,5490.0,5396.0,AG
93,AG2106,2021-04-23,5475.0,5486.0,5402.0,5431.0,716534,391487,,5449.0,5490.0,AG
93,AG2106,2021-04-26,5477.0,5497.0,5363.0,5381.0,846995,380185,,5415.0,5449.0,AG
93,AG2106,2021-04-27,5409.0,5454.0,5400.0,5430.0,524569,370800,,5423.0,5415.0,AG
93,AG2106,2021-04-28,5451.0,5501.0,5376.0,5393.0,762563,361915,,5442.0,5423.0,AG
93,AG2106,2021-04-29,5391.0,5490.0,5357.0,5456.0,686146,360328,,5428.0,5442.0,AG
93,AG2106,2021-04-30,5473.0,5473.0,5330.0,5333.0,730348,336591,,5376.0,5428.0,AG
93,AG2106,2021-05-06,5430.0,5569.0,5402.0,5551.0,451872,350804,,5492.0,5376.0,AG
93,AG2106,2021-05-07,5564.0,5722.0,5550.0,5655.0,904097,354268,,5657.0,5492.0,AG
93,AG2106,2021-05-10,5690.0,5762.0,5610.0,5732.0,865718,344790,,5683.0,5657.0,AG
93,AG2106,2021-05-11,5732.0,5747.0,5587.0,5642.0,796519,307050,,5664.0,5683.0,AG
93,AG2106,2021-05-12,5620.0,5695.0,5593.0,5675.0,648363,298479,,5652.0,5664.0,AG
93,AG2106,2021-05-13,5675.0,5732.0,5541.0,5588.0,883372,285924,,5636.0,5652.0,AG
93,AG2106,2021-05-14,5557.0,5633.0,5519.0,5616.0,710562,272111,,5578.0,5636.0,AG
93,AG2106,2021-05-17,5628.0,5775.0,5622.0,5743.0,725983,290843,,5687.0,5578.0,AG
92,AG2106,2021-05-18,5707.0,5992.0,5685.0,5929.0,1097710,295933,,5851.0,5687.0,AG
92,AG2106,2021-05-19,5940.0,5963.0,5772.0,5838.0,954837,248252,,5852.0,5851.0,AG
92,AG2106,2021-05-20,5769.0,5863.0,5648.0,5738.0,1101719,213560,,5759.0,5852.0,AG
92,AG2106,2021-05-21,5734.0,5784.0,5674.0,5686.0,673413,193468,,5732.0,5759.0,AG
92,AG2106,2021-05-24,5746.0,5781.0,5592.0,5707.0,866327,169266,,5680.0,5732.0,AG
92,AG2106,2021-05-25,5707.0,5744.0,5624.0,5688.0,538792,143003,,5685.0,5680.0,AG
98,AG2112,2021-05-26,5763.0,5913.0,5735.0,5861.0,558217,348377,,5846.0,5787.0,AG
98,AG2112,2021-05-27,5858.0,5865.0,5713.0,5743.0,649921,346096,,5775.0,5846.0,AG
98,AG2112,2021-05-28,5743.0,5800.0,5706.0,5725.0,732934,371724,,5753.0,5775.0,AG
98,AG2112,2021-05-31,5706.0,5837.0,5650.0,5788.0,775619,381245,,5772.0,5753.0,AG
98,AG2112,2021-06-01,5788.0,5902.0,5775.0,5893.0,594549,452692,,5835.0,5772.0,AG
98,AG2112,2021-06-02,5917.0,5949.0,5743.0,5755.0,834168,402465,,5824.0,5835.0,AG
98,AG2112,2021-06-03,5779.0,5848.0,5760.0,5770.0,603638,396203,,5802.0,5824.0,AG
98,AG2112,2021-06-04,5700.0,5701.0,5577.0,5630.0,918932,405193,,5627.0,5802.0,AG
98,AG2112,2021-06-07,5680.0,5725.0,5657.0,5672.0,570477,397521,,5690.0,5627.0,AG
98,AG2112,2021-06-08,5672.0,5775.0,5667.0,5699.0,545318,394697,,5733.0,5690.0,AG
98,AG2112,2021-06-09,5685.0,5733.0,5655.0,5674.0,599418,399136,,5696.0,5733.0,AG
98,AG2112,2021-06-10,5712.0,5749.0,5664.0,5682.0,568045,403240,,5708.0,5696.0,AG
98,AG2112,2021-06-11,5731.0,5836.0,5689.0,5821.0,709240,441069,,5754.0,5708.0,AG
98,AG2112,2021-06-15,5750.0,5771.0,5675.0,5701.0,333847,404143,,5706.0,5754.0,AG
97,AG2112,2021-06-16,5684.0,5726.0,5640.0,5711.0,510446,406840,,5688.0,5706.0,AG
97,AG2112,2021-06-17,5711.0,5730.0,5541.0,5556.0,738195,456962,,5628.0,5688.0,AG
97,AG2112,2021-06-18,5444.0,5452.0,5361.0,5418.0,949013,459157,,5411.0,5628.0,AG
97,AG2112,2021-06-21,5404.0,5435.0,5312.0,5416.0,849472,464579,,5393.0,5411.0,AG
97,AG2112,2021-06-22,5403.0,5441.0,5375.0,5405.0,535643,465310,,5412.0,5393.0,AG
97,AG2112,2021-06-23,5375.0,5448.0,5367.0,5428.0,448623,450806,,5411.0,5412.0,AG
97,AG2112,2021-06-24,5425.0,5511.0,5403.0,5422.0,548084,445544,,5452.0,5411.0,AG
97,AG2112,2021-06-25,5445.0,5492.0,5421.0,5464.0,478760,448273,,5451.0,5452.0,AG
97,AG2112,2021-06-28,5483.0,5495.0,5372.0,5459.0,644594,437393,,5443.0,5451.0,AG
97,AG2112,2021-06-29,5460.0,5472.0,5409.0,5426.0,351854,437099,,5441.0,5443.0,AG
97,AG2112,2021-06-30,5353.0,5396.0,5332.0,5377.0,521110,449749,,5369.0,5441.0,AG
97,AG2112,2021-07-01,5380.0,5495.0,5378.0,5476.0,536650,440755,,5440.0,5369.0,AG
97,AG2112,2021-07-02,5494.0,5506.0,5426.0,5446.0,433505,423661,,5455.0,5440.0,AG
97,AG2112,2021-07-05,5505.0,5565.0,5484.0,5548.0,625507,436951,,5528.0,5455.0,AG
97,AG2112,2021-07-06,5545.0,5583.0,5433.0,5565.0,450845,443865,,5533.0,5528.0,AG
97,AG2112,2021-07-07,5565.0,5573.0,5445.0,5515.0,721318,420879,,5496.0,5533.0,AG
97,AG2112,2021-07-08,5493.0,5517.0,5415.0,5425.0,602367,436879,,5463.0,5496.0,AG
97,AG2112,2021-07-09,5450.0,5489.0,5400.0,5420.0,604888,443411,,5447.0,5463.0,AG
97,AG2112,2021-07-12,5440.0,5520.0,5431.0,5446.0,562988,423537,,5473.0,5447.0,AG
97,AG2112,2021-07-13,5452.0,5514.0,5437.0,5507.0,519782,440564,,5487.0,5473.0,AG
97,AG2112,2021-07-14,5450.0,5488.0,5429.0,5454.0,566864,432180,,5456.0,5487.0,AG
97,AG2112,2021-07-15,5494.0,5532.0,5457.0,5511.0,661818,450760,,5499.0,5456.0,AG
96,AG2112,2021-07-16,5493.0,5551.0,5483.0,5491.0,489115,458536,,5509.0,5499.0,AG
96,AG2112,2021-07-19,5475.0,5489.0,5303.0,5316.0,1010288,503248,,5397.0,5509.0,AG
96,AG2112,2021-07-20,5303.0,5332.0,5257.0,5265.0,701436,530956,,5294.0,5397.0,AG
96,AG2112,2021-07-21,5271.0,5296.0,5195.0,5284.0,771286,521348,,5247.0,5294.0,AG
96,AG2112,2021-07-22,5249.0,5321.0,5247.0,5308.0,521780,498843,,5294.0,5247.0,AG
96,AG2112,2021-07-23,5291.0,5361.0,5274.0,5338.0,587542,480018,,5322.0,5294.0,AG
96,AG2112,2021-07-26,5317.0,5369.0,5278.0,5329.0,586589,471718,,5318.0,5322.0,AG
96,AG2112,2021-07-27,5330.0,5341.0,5283.0,5310.0,463237,468692,,5313.0,5318.0,AG
96,AG2112,2021-07-28,5310.0,5337.0,5220.0,5275.0,729988,487619,5765881.9875,5265.0,5313.0,AG
96,AG2112,2021-07-29,5253.0,5370.0,5230.0,5366.0,602497,475676,4796204.0835,5307.0,5265.0,AG
96,AG2112,2021-07-30,5394.0,5429.0,5372.0,5404.0,549327,461845,4451292.1275,5402.0,5307.0,AG
96,AG2112,2021-08-02,5399.0,5419.0,5352.0,5386.0,563030,450117,4550418.1155,5388.0,5402.0,AG
96,AG2112,2021-08-03,5366.0,5400.0,5332.0,5340.0,492095,458862,3959258.436,5363.0,5388.0,AG
96,AG2112,2021-08-04,5367.0,5422.0,5367.0,5415.0,506686,466368,4099602.231,5394.0,5363.0,AG
96,AG2112,2021-08-05,5456.0,5472.0,5342.0,5355.0,672011,458695,5434421.2425,5391.0,5394.0,AG
96,AG2112,2021-08-06,5364.0,5379.0,5287.0,5305.0,569529,471938,4542526.9725,5317.0,5391.0,AG
96,AG2112,2021-08-09,5212.0,5213.0,5050.0,5104.0,1014300,528302,7814769.7065,5136.0,5317.0,AG
96,AG2112,2021-08-10,5084.0,5125.0,5002.0,5077.0,753297,533417,5720344.302,5062.0,5136.0,AG
96,AG2112,2021-08-11,5018.0,5085.0,5017.0,5068.0,632650,531375,4794803.4555,5052.0,5062.0,AG
96,AG2112,2021-08-12,5092.0,5127.0,5080.0,5087.0,506328,519631,3876274.458,5103.0,5052.0,AG
96,AG2112,2021-08-13,5078.0,5095.0,5023.0,5085.0,544823,523497,4138126.1085,5063.0,5103.0,AG
96,AG2112,2021-08-16,5093.0,5159.0,5093.0,5112.0,553027,502596,4258350.948,5133.0,5063.0,AG
95,AG2112,2021-08-17,5132.0,5167.0,5117.0,5138.0,438070,497014,3379038.249,5142.0,5133.0,AG
95,AG2112,2021-08-18,5129.0,5138.0,5082.0,5128.0,467872,495130,3586671.5865,5110.0,5142.0,AG
95,AG2112,2021-08-19,5112.0,5119.0,4983.0,5032.0,795832,536732,6023239.1175,5045.0,5110.0,AG
95,AG2112,2021-08-20,5032.0,5074.0,5002.0,5043.0,475644,526088,3593648.829,5036.0,5045.0,AG
95,AG2112,2021-08-23,5024.0,5043.0,4930.0,5019.0,831719,525275,6230741.3325,4994.0,5036.0,AG
95,AG2112,2021-08-24,5078.0,5114.0,5064.0,5096.0,542515,498282,4144261.5615,5092.0,4994.0,AG
95,AG2112,2021-08-25,5131.0,5148.0,5092.0,5098.0,444115,491372,3413562.4485,5124.0,5092.0,AG
95,AG2112,2021-08-26,5126.0,5131.0,5064.0,5070.0,473760,495145,3624811.764,5100.0,5124.0,AG
95,AG2112,2021-08-27,5050.0,5110.0,5023.0,5099.0,564910,499765,4289403.7305,5062.0,5100.0,AG
95,AG2112,2021-08-30,5083.0,5192.0,5013.0,5138.0,973645,505651,7462313.736,5109.0,5062.0,AG
95,AG2112,2021-08-31,5150.0,5177.0,5117.0,5172.0,467974,500079,3609183.5865,5141.0,5109.0,AG
95,AG2112,2021-09-01,5142.0,5164.0,5092.0,5111.0,592421,495929,4556912.5335,5128.0,5141.0,AG
95,AG2112,2021-09-02,5163.0,5183.0,5142.0,5166.0,524781,491637,4064779.32,5163.0,5128.0,AG
95,AG2112,2021-09-03,5151.0,5154.0,5105.0,5137.0,471382,484123,3622893.891,5123.0,5163.0,AG
95,AG2112,2021-09-06,5197.0,5295.0,5187.0,5292.0,818177,526943,6440772.3435,5248.0,5123.0,AG
95,AG2112,2021-09-07,5271.0,5308.0,5238.0,5247.0,374092,505339,2956323.7065,5268.0,5248.0,AG
95,AG2112,2021-09-08,5220.0,5247.0,5185.0,5196.0,528185,492444,4128026.199,5210.0,5268.0,AG
95,AG2112,2021-09-09,5183.0,5197.0,5101.0,5107.0,588729,491997,4541643.627,5142.0,5210.0,AG
95,AG2112,2021-09-10,5150.0,5184.0,5123.0,5171.0,501091,467089,3873071.6595,5152.0,5142.0,AG
95,AG2112,2021-09-13,5133.0,5148.0,5038.0,5041.0,642508,492183,4912237.8525,5096.0,5152.0,AG
95,AG2112,2021-09-14,5004.0,5094.0,4996.0,5060.0,527006,494107,3996344.5725,5055.0,5096.0,AG
95,AG2112,2021-09-15,5080.0,5103.0,5036.0,5057.0,489458,488461,3721039.53,5068.0,5055.0,AG
94,AG2112,2021-09-16,5050.0,5085.0,5000.0,5011.0,583250,498592,4417990.629,5049.0,5068.0,AG
94,AG2112,2021-09-17,4907.0,4932.0,4830.0,4871.0,876873,504739,6409684.1085,4873.0,5049.0,AG
94,AG2112,2021-09-22,4810.0,4914.0,4803.0,4882.0,265202,498685,1939329.3195,4875.0,4873.0,AG
94,AG2112,2021-09-23,4876.0,4958.0,4816.0,4850.0,649678,503772,4756032.906,4880.0,4875.0,AG
94,AG2112,2021-09-24,4850.0,4880.0,4827.0,4854.0,476352,495433,3464526.2265,4848.0,4880.0,AG
94,AG2112,2021-09-27,4808.0,4865.0,4728.0,4849.0,725300,493805,5213705.1225,4792.0,4848.0,AG
94,AG2112,2021-09-28,4851.0,4886.0,4763.0,4764.0,537491,504928,3895441.185,4831.0,4792.0,AG
94,AG2112,2021-09-29,4732.0,4826.0,4720.0,4752.0,737359,493460,5291094.8205,4783.0,4831.0,AG
94,AG2112,2021-09-30,4720.0,4731.0,4595.0,4615.0,843767,492416,5869899.204,4637.0,4783.0,AG
94,AG2112,2021-10-08,4797.0,4844.0,4770.0,4788.0,274576,462974,1975034.889,4795.0,4637.0,AG
94,AG2112,2021-10-11,4900.0,4926.0,4813.0,4826.0,608641,454742,4446203.103,4870.0,4795.0,AG
94,AG2112,2021-10-12,4809.0,4865.0,4788.0,4822.0,408548,444894,2960467.8465,4830.0,4870.0,AG
94,AG2112,2021-10-13,4782.0,4847.0,4769.0,4832.0,554083,444193,3998475.8445,4810.0,4830.0,AG
94,AG2112,2021-10-14,4821.0,4936.0,4815.0,4934.0,810842,472914,5937512.3715,4881.0,4810.0,AG
94,AG2112,2021-10-15,4980.0,4997.0,4922.0,4983.0,604990,466376,4504234.1955,4963.0,4881.0,AG
93,AG2112,2021-10-18,4920.0,4974.0,4904.0,4933.0,612480,441217,4542942.0315,4944.0,4963.0,AG
93,AG2112,2021-10-19,4925.0,4991.0,4878.0,4988.0,504564,450148,3734913.867,4934.0,4944.0,AG
93,AG2112,2021-10-20,5045.0,5069.0,4943.0,5004.0,714742,444042,5363114.679,5002.0,4934.0,AG
93,AG2112,2021-10-21,5063.0,5090.0,4992.0,5013.0,782170,426693,5921952.3705,5047.0,5002.0,AG
93,AG2112,2021-10-22,5013.0,5027.0,4951.0,5010.0,635435,396996,4747513.5255,4980.0,5047.0,AG
93,AG2112,2021-10-25,5043.0,5114.0,4977.0,5001.0,982902,384136,7429136.634,5038.0,4980.0,AG
93,AG2112,2021-10-26,5019.0,5049.0,4985.0,4992.0,467287,378843,3516797.9865,5017.0,5038.0,AG
93,AG2112,2021-10-27,4985.0,4995.0,4879.0,4914.0,753717,376068,5559095.8635,4917.0,5017.0,AG
93,AG2112,2021-10-28,4921.0,4954.0,4894.0,4925.0,609805,356256,4505704.11,4925.0,4917.0,AG
93,AG2112,2021-10-29,4920.0,4965.0,4844.0,4861.0,707837,362334,5209611.9075,4906.0,4925.0,AG
93,AG2112,2021-11-01,4847.0,4897.0,4832.0,4870.0,471491,351488,3441450.1935,4866.0,4906.0,AG
93,AG2112,2021-11-02,4888.0,4935.0,4885.0,4905.0,385287,341079,2839131.696,4912.0,4866.0,AG
93,AG2112,2021-11-03,4881.0,4884.0,4788.0,4817.0,505026,359083,3655324.167,4825.0,4912.0,AG
93,AG2112,2021-11-04,4794.0,4868.0,4738.0,4817.0,551345,338762,3962888.511,4791.0,4825.0,AG
93,AG2112,2021-11-05,4885.0,4906.0,4866.0,4893.0,416708,326755,3055388.076,4888.0,4791.0,AG
93,AG2112,2021-11-08,4882.0,5015.0,4869.0,4983.0,585420,329860,4346122.6995,4949.0,4888.0,AG
93,AG2112,2021-11-09,4988.0,5022.0,4974.0,4998.0,362482,327256,2718099.0855,4999.0,4949.0,AG
93,AG2112,2021-11-10,4996.0,5006.0,4931.0,5005.0,479293,309240,3576902.9535,4975.0,4999.0,AG
93,AG2112,2021-11-11,4987.0,5172.0,4950.0,5151.0,965741,335710,7385798.106,5098.0,4975.0,AG
93,AG2112,2021-11-12,5148.0,5230.0,5134.0,5201.0,583431,337088,4536404.844,5183.0,5098.0,AG
93,AG2112,2021-11-15,5138.0,5234.0,5106.0,5139.0,667879,309256,5179586.9505,5170.0,5183.0,AG
92,AG2112,2021-11-16,5160.0,5176.0,5112.0,5130.0,430246,288248,3317176.0515,5139.0,5170.0,AG
92,AG2112,2021-11-17,5162.0,5215.0,5109.0,5153.0,571511,281070,4412027.7795,5146.0,5139.0,AG
92,AG2112,2021-11-18,5172.0,5179.0,5093.0,5125.0,412359,266217,3181986.5805,5144.0,5146.0,AG
92,AG2112,2021-11-19,5142.0,5143.0,5063.0,5087.0,488803,249100,3738504.642,5098.0,5144.0,AG
92,AG2112,2021-11-22,5063.0,5126.0,5039.0,5067.0,533144,242618,4064093.3715,5081.0,5098.0,AG
92,AG2112,2021-11-23,5057.0,5093.0,4912.0,4920.0,628415,244093,4728156.903,5015.0,5081.0,AG
92,AG2112,2021-11-24,4885.0,4885.0,4817.0,4863.0,528912,213740,3847317.5205,4849.0,5015.0,AG
92,AG2112,2021-11-25,4821.0,4887.0,4821.0,4874.0,383369,181627,2794817.28,4860.0,4849.0,AG
92,AG2112,2021-11-26,4865.0,4875.0,4844.0,4873.0,205617,165412,1498981.584,4860.0,4860.0,AG
98,AG2206,2021-11-29,4939.0,4940.0,4802.0,4895.0,523816,320682,3838890.3255,4885.0,4929.0,AG
98,AG2206,2021-11-30,4875.0,4883.0,4763.0,4792.0,559825,375951,4041059.043,4812.0,4885.0,AG
98,AG2206,2021-12-01,4790.0,4867.0,4724.0,4790.0,876775,391512,6304976.8365,4794.0,4812.0,AG
98,AG2206,2021-12-02,4785.0,4793.0,4674.0,4710.0,651566,431134,4621075.4925,4728.0,4794.0,AG
98,AG2206,2021-12-03,4719.0,4746.0,4687.0,4712.0,550585,417069,3897176.0565,4718.0,4728.0,AG
98,AG2206,2021-12-06,4720.0,4773.0,4662.0,4737.0,787919,428303,5582226.03,4723.0,4718.0,AG
98,AG2206,2021-12-07,4724.0,4747.0,4688.0,4736.0,493549,442537,3491972.0775,4716.0,4723.0,AG
98,AG2206,2021-12-08,4745.0,4763.0,4692.0,4724.0,516024,452442,3660637.5885,4729.0,4716.0,AG
98,AG2206,2021-12-09,4712.0,4726.0,4675.0,4678.0,477881,472420,3372094.152,4704.0,4729.0,AG
98,AG2206,2021-12-10,4660.0,4676.0,4588.0,4600.0,708334,521477,4926197.6475,4636.0,4704.0,AG
98,AG2206,2021-12-13,4616.0,4724.0,4613.0,4708.0,689467,472619,4835518.1175,4675.0,4636.0,AG
98,AG2206,2021-12-14,4720.0,4753.0,4715.0,4727.0,454379,465582,3226574.2575,4734.0,4675.0,AG
98,AG2206,2021-12-15,4702.0,4713.0,4653.0,4661.0,634283,468964,4453893.1635,4681.0,4734.0,AG
97,AG2206,2021-12-16,4660.0,4742.0,4608.0,4742.0,714818,460440,5012594.3685,4674.0,4681.0,AG
97,AG2206,2021-12-17,4743.0,4828.0,4742.0,4803.0,702953,474285,5055608.844,4794.0,4674.0,AG
97,AG2206,2021-12-20,4834.0,4848.0,4760.0,4790.0,546452,457075,3936209.8935,4802.0,4794.0,AG
97,AG2206,2021-12-21,4773.0,4815.0,4744.0,4795.0,456651,468497,3269486.85,4773.0,4802.0,AG
97,AG2206,2021-12-22,4860.0,4869.0,4803.0,4816.0,471529,457594,3415808.3085,4829.0,4773.0,AG
97,AG2206,2021-12-23,4848.0,4882.0,4820.0,4873.0,461008,460133,3355434.201,4852.0,4829.0,AG
97,AG2206,2021-12-24,4865.0,4893.0,4830.0,4873.0,400628,454417,2920711.0755,4860.0,4852.0,AG
97,AG2206,2021-12-27,4861.0,4916.0,4824.0,4838.0,365529,459153,2662228.3245,4855.0,4860.0,AG
97,AG2206,2021-12-28,4838.0,4883.0,4802.0,4878.0,483896,454479,3523981.6995,4855.0,4855.0,AG
97,AG2206,2021-12-29,4886.0,4914.0,4831.0,4862.0,600477,454725,4383077.457,4866.0,4855.0,AG
97,AG2206,2021-12-30,4805.0,4825.0,4776.0,4783.0,548467,470868,3947418.114,4798.0,4866.0,AG
97,AG2206,2021-12-31,4819.0,4883.0,4805.0,4880.0,561087,454058,4078447.17,4845.0,4798.0,AG
97,AG2206,2022-01-04,4836.0,4861.0,4764.0,4774.0,306391,481556,2205407.2395,4798.0,4845.0,AG
97,AG2206,2022-01-05,4761.0,4819.0,4752.0,4773.0,519490,492232,3734321.367,4792.0,4798.0,AG
97,AG2206,2022-01-06,4799.0,4829.0,4683.0,4694.0,640509,516394,4578519.8835,4765.0,4792.0,AG
97,AG2206,2022-01-07,4621.0,4668.0,4596.0,4613.0,654082,544029,4548423.816,4635.0,4765.0,AG
97,AG2206,2022-01-10,4621.0,4667.0,4603.0,4627.0,686493,554928,4770905.313,4633.0,4635.0,AG
97,AG2206,2022-01-11,4637.0,4722.0,4629.0,4697.0,556341,519484,3895506.081,4668.0,4633.0,AG
97,AG2206,2022-01-12,4720.0,4742.0,4686.0,4740.0,453105,510680,3202310.634,4711.0,4668.0,AG
97,AG2206,2022-01-13,4738.0,4820.0,4732.0,4787.0,559280,500971,4007175.459,4776.0,4711.0,AG
97,AG2206,2022-01-14,4801.0,4810.0,4764.0,4796.0,425460,512345,3052709.079,4783.0,4776.0,AG
97,AG2206,2022-01-17,4748.0,4793.0,4739.0,4760.0,516765,501890,3694526.9145,4766.0,4783.0,AG
96,AG2206,2022-01-18,4764.0,4780.0,4734.0,4763.0,343810,501376,2454843.954,4760.0,4766.0,AG
96,AG2206,2022-01-19,4766.0,4919.0,4744.0,4913.0,810922,527369,5905231.806,4854.0,4760.0,AG
96,AG2206,2022-01-20,4925.0,5012.0,4904.0,4984.0,661773,541028,4919098.782,4955.0,4854.0,AG
96,AG2206,2022-01-21,4988.0,5118.0,4973.0,5081.0,726000,544280,5513133.6585,5062.0,4955.0,AG
96,AG2206,2022-01-24,5059.0,5088.0,4965.0,4985.0,662017,541486,4991702.5965,5026.0,5062.0,AG
96,AG2206,2022-01-25,4959.0,4973.0,4889.0,4926.0,547471,521725,4042280.307,4922.0,5026.0,AG
96,AG2206,2022-01-26,4911.0,4979.0,4901.0,4903.0,530112,529692,3919985.4645,4929.0,4922.0,AG
96,AG2206,2022-01-27,4937.0,4956.0,4767.0,4777.0,625244,520597,4568480.4135,4871.0,4929.0,AG
96,AG2206,2022-01-28,4757.0,4787.0,4701.0,4703.0,594291,492333,4223129.2605,4737.0,4871.0,AG
96,AG2206,2022-02-07,4715.0,4770.0,4714.0,4737.0,229812,477122,1633383.4875,4738.0,4737.0,AG
96,AG2206,2022-02-08,4761.0,4807.0,4745.0,4766.0,362906,490435,2600161.3065,4776.0,4738.0,AG
96,AG2206,2022-02-09,4753.0,4848.0,4753.0,4820.0,405637,486901,2928215.559,4812.0,4776.0,AG
96,AG2206,2022-02-10,4831.0,4845.0,4791.0,4836.0,361173,490414,2610295.785,4818.0,4812.0,AG
96,AG2206,2022-02-11,4837.0,4914.0,4741.0,4750.0,784126,502324,5685383.499,4833.0,4818.0,AG
96,AG2206,2022-02-14,4762.0,4933.0,4759.0,4905.0,649583,494591,4719427.4835,4843.0,4833.0,AG
96,AG2206,2022-02-15,4917.0,4964.0,4898.0,4918.0,543513,492297,4020954.204,4932.0,4843.0,AG
95,AG2206,2022-02-16,4834.0,4834.0,4777.0,4824.0,496184,494519,3574377.4845,4802.0,4932.0,AG
95,AG2206,2022-02-17,4825.0,4864.0,4798.0,4835.0,383988,493393,2781677.715,4829.0,4802.0,AG
95,AG2206,2022-02-18,4858.0,4940.0,4853.0,4915.0,498822,501969,3659796.0855,4891.0,4829.0,AG
95,AG2206,2022-02-21,4906.0,4945.0,4863.0,4876.0,444828,494976,3273692.0925,4906.0,4891.0,AG
95,AG2206,2022-02-22,4891.0,5005.0,4885.0,4976.0,465060,504205,3446358.633,4940.0,4906.0,AG
95,AG2206,2022-02-23,4946.0,4995.0,4930.0,4962.0,401805,502133,2990843.2995,4962.0,4940.0,AG
95,AG2206,2022-02-24,4963.0,5158.0,4947.0,5119.0,691232,539981,5235268.083,5049.0,4962.0,AG
95,AG2206,2022-02-25,5180.0,5200.0,4953.0,4987.0,980072,513980,7455909.759,5071.0,5049.0,AG
95,AG2206,2022-02-28,4930.0,5000.0,4881.0,4962.0,613906,493491,4537771.6785,4927.0,5071.0,AG
95,AG2206,2022-03-01,4960.0,5012.0,4936.0,4981.0,468497,493539,3493877.649,4971.0,4927.0,AG
95,AG2206,2022-03-02,5001.0,5130.0,4990.0,5065.0,843519,493558,6410638.5645,5066.0,4971.0,AG
95,AG2206,2022-03-03,5052.0,5112.0,5042.0,5094.0,601940,492056,4583142.4365,5075.0,5066.0,AG
95,AG2206,2022-03-04,5095.0,5135.0,5028.0,5062.0,605872,482751,4607132.649,5069.0,5075.0,AG
95,AG2206,2022-03-07,5067.0,5274.0,5062.0,5159.0,988242,499689,7645960.941,5157.0,5069.0,AG
95,AG2206,2022-03-08,5159.0,5340.0,5066.0,5317.0,992834,496631,7674945.5685,5153.0,5157.0,AG
95,AG2206,2022-03-09,5270.0,5424.0,5190.0,5371.0,1435720,482465,11469957.6015,5325.0,5153.0,AG
95,AG2206,2022-03-10,5250.0,5252.0,5051.0,5109.0,1083421,458246,8402306.964,5170.0,5325.0,AG
95,AG2206,2022-03-11,5174.0,5203.0,5122.0,5145.0,664935,451382,5148459.285,5161.0,5170.0,AG
95,AG2206,2022-03-14,5104.0,5178.0,5062.0,5087.0,649719,447195,4990101.3405,5120.0,5161.0,AG
95,AG2206,2022-03-15,5030.0,5059.0,4965.0,4973.0,544298,435254,4093997.2065,5014.0,5120.0,AG
94,AG2206,2022-03-16,4973.0,5037.0,4961.0,5016.0,466746,432057,3503975.742,5004.0,5014.0,AG
94,AG2206,2022-03-17,5026.0,5116.0,4943.0,5098.0,644021,439497,4855547.8695,5026.0,5004.0,AG
94,AG2206,2022-03-18,5118.0,5164.0,5106.0,5123.0,414773,448543,3194672.2245,5134.0,5026.0,AG
94,AG2206,2022-03-21,5100.0,5110.0,5070.0,5081.0,389432,446824,2973978.372,5091.0,5134.0,AG
94,AG2206,2022-03-22,5100.0,5199.0,5060.0,5168.0,467754,472347,3604899.342,5137.0,5091.0,AG
94,AG2206,2022-03-23,5101.0,5107.0,5050.0,5082.0,421346,445244,3210178.557,5079.0,5137.0,AG
94,AG2206,2022-03-24,5111.0,5177.0,5106.0,5127.0,416422,449554,3206873.2545,5134.0,5079.0,AG
94,AG2206,2022-03-25,5173.0,5259.0,5162.0,5237.0,605868,478916,4746680.5695,5223.0,5134.0,AG
94,AG2206,2022-03-28,5231.0,5236.0,5134.0,5152.0,544494,447200,4240610.4645,5192.0,5223.0,AG
94,AG2206,2022-03-29,5152.0,5165.0,5102.0,5118.0,337756,440008,2602220.418,5136.0,5192.0,AG
94,AG2206,2022-03-30,4971.0,5082.0,4958.0,5061.0,569535,443005,4288803.2895,5020.0,5136.0,AG
94,AG2206,2022-03-31,5064.0,5092.0,4992.0,5011.0,421120,440501,3188311.1745,5047.0,5020.0,AG
94,AG2206,2022-04-01,5034.0,5074.0,5016.0,5038.0,361054,424877,2733696.459,5047.0,5047.0,AG
94,AG2206,2022-04-06,4944.0,4996.0,4913.0,4980.0,191271,439486,1424130.921,4963.0,5047.0,AG
94,AG2206,2022-04-07,4967.0,5011.0,4951.0,4961.0,358855,447201,2681451.9885,4981.0,4963.0,AG
94,AG2206,2022-04-08,4961.0,5045.0,4961.0,5030.0,399700,444974,3003055.503,5008.0,4981.0,AG
94,AG2206,2022-04-11,5000.0,5102.0,4995.0,5083.0,439622,443135,3337759.8195,5061.0,5008.0,AG
94,AG2206,2022-04-12,5173.0,5188.0,5100.0,5179.0,536858,461354,4147163.2755,5149.0,5061.0,AG
94,AG2206,2022-04-13,5205.0,5234.0,5168.0,5208.0,491720,467745,3839830.017,5205.0,5149.0,AG
94,AG2206,2022-04-14,5246.0,5274.0,5213.0,5251.0,448297,476900,3525434.511,5242.0,5205.0,AG
94,AG2206,2022-04-15,5209.0,5241.0,5188.0,5235.0,405075,471622,3167510.7645,5213.0,5242.0,AG
93,AG2206,2022-04-18,5240.0,5339.0,5234.0,5275.0,417639,470116,3309489.267,5282.0,5213.0,AG
93,AG2206,2022-04-19,5331.0,5335.0,5253.0,5258.0,417623,463983,3314274.1965,5290.0,5282.0,AG
93,AG2206,2022-04-20,5265.0,5266.0,5135.0,5147.0,603358,439350,4691022.3795,5183.0,5290.0,AG
93,AG2206,2022-04-21,5163.0,5191.0,5155.0,5174.0,334156,431165,2593533.99,5174.0,5183.0,AG
93,AG2206,2022-04-22,5130.0,5138.0,5078.0,5098.0,537970,437389,4118484.036,5103.0,5174.0,AG
93,AG2206,2022-04-25,5066.0,5094.0,4970.0,4985.0,567717,423529,4291745.0655,5039.0,5103.0,AG
93,AG2206,2022-04-26,4949.0,5013.0,4942.0,4971.0,465545,414742,3477650.631,4980.0,5039.0,AG
93,AG2206,2022-04-27,4951.0,5006.0,4938.0,4941.0,415969,420752,3101312.598,4970.0,4980.0,AG
93,AG2206,2022-04-28,4952.0,4980.0,4862.0,4905.0,551892,401250,4075963.9485,4923.0,4970.0,AG
93,AG2206,2022-04-29,4895.0,4961.0,4888.0,4954.0,410454,368557,3029573.274,4920.0,4923.0,AG
93,AG2206,2022-05-05,4900.0,4974.0,4893.0,4920.0,181256,368231,1343296.833,4940.0,4920.0,AG
93,AG2206,2022-05-06,4952.0,4957.0,4790.0,4821.0,622411,362776,4532935.5585,4855.0,4940.0,AG
93,AG2206,2022-05-09,4820.0,4869.0,4812.0,4824.0,384606,349681,2791645.815,4838.0,4855.0,AG
93,AG2206,2022-05-10,4777.0,4827.0,4760.0,4801.0,483764,337472,3477542.3445,4792.0,4838.0,AG
93,AG2206,2022-05-11,4799.0,4825.0,4685.0,4739.0,561517,339199,4000227.3645,4749.0,4792.0,AG
93,AG2206,2022-05-12,4708.0,4788.0,4696.0,4718.0,514561,330906,3664797.1485,4748.0,4749.0,AG
93,AG2206,2022-05-13,4664.0,4695.0,4612.0,4629.0,567853,337355,3962707.4805,4652.0,4748.0,AG
93,AG2206,2022-05-16,4600.0,4699.0,4564.0,4662.0,605645,309809,4213374.408,4637.0,4652.0,AG
92,AG2206,2022-05-17,4686.0,4765.0,4677.0,4750.0,403220,278386,2862663.849,4733.0,4637.0,AG
92,AG2206,2022-05-18,4756.0,4757.0,4700.0,4707.0,304091,257762,2155799.802,4726.0,4733.0,AG
92,AG2206,2022-05-19,4716.0,4731.0,4675.0,4707.0,346753,243298,2447255.9445,4705.0,4726.0,AG
92,AG2206,2022-05-20,4754.0,4787.0,4748.0,4775.0,366734,219154,2624854.296,4771.0,4705.0,AG
92,AG2206,2022-05-23,4741.0,4767.0,4714.0,4757.0,340757,199351,2422910.5335,4740.0,4771.0,AG
92,AG2206,2022-05-24,4761.0,4764.0,4701.0,4731.0,233329,181357,1653873.831,4725.0,4740.0,AG
92,AG2206,2022-05-25,4750.0,4793.0,4746.0,4763.0,252946,152869,1810728.747,4772.0,4725.0,AG
98,AG2212,2022-05-26,4769.0,4788.0,4751.0,4772.0,171109,325452,1224159.2505,4769.0,4796.0,AG
98,AG2212,2022-05-27,4772.0,4841.0,4766.0,4836.0,336317,362246,2428535.352,4813.0,4769.0,AG
98,AG2212,2022-05-30,4837.0,4853.0,4783.0,4795.0,325253,376708,2348614.0545,4813.0,4813.0,AG
98,AG2212,2022-05-31,4782.0,4783.0,4676.0,4716.0,364829,421157,2584344.4725,4722.0,4813.0,AG
98,AG2212,2022-06-01,4695.0,4727.0,4657.0,4673.0,336900,440890,2370060.678,4689.0,4722.0,AG
98,AG2212,2022-06-02,4707.0,4751.0,4692.0,4743.0,374055,414716,2649020.922,4721.0,4689.0,AG
98,AG2212,2022-06-06,4750.0,4834.0,4734.0,4824.0,242664,406441,1748763.3405,4804.0,4721.0,AG
98,AG2212,2022-06-07,4848.0,4850.0,4757.0,4777.0,343431,412660,2471340.8445,4797.0,4804.0,AG
98,AG2212,2022-06-08,4778.0,4814.0,4769.0,4811.0,299139,414956,2152327.0575,4796.0,4797.0,AG
98,AG2212,2022-06-09,4799.0,4818.0,4764.0,4778.0,326422,423154,2347372.05,4794.0,4796.0,AG
98,AG2212,2022-06-10,4765.0,4781.0,4683.0,4705.0,455347,452554,3226182.3435,4723.0,4794.0,AG
98,AG2212,2022-06-13,4703.0,4796.0,4664.0,4738.0,657452,442663,4674009.339,4739.0,4723.0,AG
98,AG2212,2022-06-14,4715.0,4726.0,4623.0,4663.0,627991,479436,4387719.006,4657.0,4739.0,AG
98,AG2212,2022-06-15,4663.0,4668.0,4598.0,4647.0,470197,488138,3264935.2095,4629.0,4657.0,AG
97,AG2212,2022-06-16,4700.0,4745.0,4673.0,4724.0,559197,460583,3949434.0315,4708.0,4629.0,AG
97,AG2212,2022-06-17,4724.0,4789.0,4703.0,4778.0,537661,441773,3830405.7585,4749.0,4708.0,AG
97,AG2212,2022-06-20,4783.0,4790.0,4672.0,4715.0,509734,436765,3615855.5655,4729.0,4749.0,AG
97,AG2212,2022-06-21,4709.0,4729.0,4665.0,4669.0,336608,444694,2373553.5135,4700.0,4729.0,AG
97,AG2212,2022-06-22,4715.0,4753.0,4634.0,4649.0,513378,464406,3618820.119,4699.0,4700.0,AG
97,AG2212,2022-06-23,4680.0,4690.0,4621.0,4649.0,445702,473402,3114954.5985,4659.0,4699.0,AG
97,AG2212,2022-06-24,4642.0,4667.0,4483.0,4525.0,790802,513139,5429862.762,4577.0,4659.0,AG
97,AG2212,2022-06-27,4514.0,4648.0,4454.0,4633.0,722200,478055,4937626.878,4557.0,4577.0,AG
97,AG2212,2022-06-28,4625.0,4649.0,4551.0,4607.0,484511,475213,3339536.4015,4595.0,4557.0,AG
97,AG2212,2022-06-29,4596.0,4613.0,4509.0,4527.0,520238,506485,3552321.3285,4552.0,4595.0,AG
97,AG2212,2022-06-30,4560.0,4586.0,4501.0,4522.0,524976,517656,3568101.1005,4531.0,4552.0,AG
97,AG2212,2022-07-01,4497.0,4524.0,4346.0,4351.0,816118,575737,5433366.252,4438.0,4531.0,AG
97,AG2212,2022-07-04,4284.0,4365.0,4280.0,4327.0,691288,566946,4487039.325,4327.0,4438.0,AG
97,AG2212,2022-07-05,4325.0,4429.0,4318.0,4382.0,449992,532189,2957570.7885,4381.0,4327.0,AG
97,AG2212,2022-07-06,4346.0,4351.0,4157.0,4229.0,950809,546259,6054554.5365,4245.0,4381.0,AG
97,AG2212,2022-07-07,4245.0,4286.0,4178.0,4242.0,871165,530908,5530595.1735,4232.0,4245.0,AG
97,AG2212,2022-07-08,4250.0,4287.0,4208.0,4233.0,530002,538488,3378149.8215,4249.0,4232.0,AG
97,AG2212,2022-07-11,4220.0,4273.0,4201.0,4232.0,596218,532211,3791363.8185,4239.0,4249.0,AG
97,AG2212,2022-07-12,4246.0,4258.0,4148.0,4209.0,661340,530807,4180772.034,4214.0,4239.0,AG
97,AG2212,2022-07-13,4191.0,4221.0,4164.0,4194.0,523998,523376,3296680.1955,4194.0,4214.0,AG
97,AG2212,2022-07-14,4176.0,4284.0,4163.0,4199.0,866427,525309,5493930.345,4227.0,4194.0,AG
97,AG2212,2022-07-15,4099.0,4101.0,4018.0,4021.0,836372,543648,5100241.788,4065.0,4227.0,AG
96,AG2212,2022-07-18,4096.0,4164.0,4077.0,4151.0,678965,521637,4196629.7235,4120.0,4065.0,AG
96,AG2212,2022-07-19,4151.0,4181.0,4096.0,4131.0,490594,527727,3047945.3805,4141.0,4120.0,AG
96,AG2212,2022-07-20,4143.0,4160.0,4124.0,4144.0,392668,523237,2439804.3495,4142.0,4141.0,AG
96,AG2212,2022-07-21,4154.0,4234.0,4119.0,4123.0,609827,529993,3815983.5765,4171.0,4142.0,AG
96,AG2212,2022-07-22,4143.0,4203.0,4136.0,4182.0,610184,525382,3820835.244,4174.0,4171.0,AG
96,AG2212,2022-07-25,4178.0,4216.0,4104.0,4147.0,648169,534413,4054053.8475,4169.0,4174.0,AG
96,AG2212,2022-07-26,4143.0,4166.0,4104.0,4152.0,450463,532395,2790265.8225,4129.0,4169.0,AG
96,AG2212,2022-07-27,4144.0,4194.0,4139.0,4165.0,434824,517416,2719394.85,4169.0,4129.0,AG
96,AG2212,2022-07-28,4178.0,4323.0,4141.0,4318.0,735296,524922,4671814.47,4235.0,4169.0,AG
96,AG2212,2022-07-29,4365.0,4472.0,4334.0,4462.0,875488,537198,5786639.82,4406.0,4235.0,AG
96,AG2212,2022-08-01,4426.0,4484.0,4405.0,4443.0,724016,520122,4832538.9015,4449.0,4406.0,AG
96,AG2212,2022-08-02,4472.0,4507.0,4427.0,4461.0,623963,515283,4186524.0195,4473.0,4449.0,AG
96,AG2212,2022-08-03,4486.0,4497.0,4370.0,4405.0,743015,503618,4947381.345,4439.0,4473.0,AG
96,AG2212,2022-08-04,4448.0,4457.0,4395.0,4423.0,487915,506390,3235206.1665,4420.0,4439.0,AG
96,AG2212,2022-08-05,4443.0,4486.0,4421.0,4470.0,472296,519907,3156246.7125,4455.0,4420.0,AG
96,AG2212,2022-08-08,4350.0,4405.0,4324.0,4396.0,668868,501075,4379566.0305,4365.0,4455.0,AG
96,AG2212,2022-08-09,4452.0,4544.0,4447.0,4517.0,624995,516192,4225886.187,4507.0,4365.0,AG
96,AG2212,2022-08-10,4520.0,4541.0,4474.0,4488.0,450621,497497,3043788.03,4503.0,4507.0,AG
96,AG2212,2022-08-11,4521.0,4550.0,4480.0,4501.0,491672,494721,3329501.8035,4514.0,4503.0,AG
96,AG2212,2022-08-12,4503.0,4513.0,4437.0,4488.0,488678,493360,3277754.9535,4471.0,4514.0,AG
96,AG2212,2022-08-15,4492.0,4595.0,4476.0,4532.0,639221,499295,4347895.587,4534.0,4471.0,AG
95,AG2212,2022-08-16,4459.0,4481.0,4426.0,4455.0,530758,487952,3545150.58,4452.0,4534.0,AG
95,AG2212,2022-08-17,4415.0,4461.0,4406.0,4441.0,412150,486215,2746719.45,4442.0,4452.0,AG
95,AG2212,2022-08-18,4405.0,4416.0,4328.0,4336.0,610781,511727,4002513.45,4368.0,4442.0,AG
95,AG2212,2022-08-19,4380.0,4383.0,4272.0,4300.0,594380,507487,3856970.568,4326.0,4368.0,AG
95,AG2212,2022-08-22,4289.0,4300.0,4236.0,4257.0,510391,518627,3266889.171,4267.0,4326.0,AG
95,AG2212,2022-08-23,4228.0,4313.0,4223.0,4270.0,553369,522174,3548940.2055,4275.0,4267.0,AG
95,AG2212,2022-08-24,4260.0,4331.0,4250.0,4310.0,553161,513548,3569922.345,4302.0,4275.0,AG
95,AG2212,2022-08-25,4310.0,4345.0,4283.0,4334.0,509361,503924,3298375.935,4317.0,4302.0,AG
95,AG2212,2022-08-26,4320.0,4331.0,4302.0,4318.0,400496,496785,2592902.3295,4316.0,4317.0,AG
95,AG2212,2022-08-29,4322.0,4365.0,4225.0,4234.0,894893,532175,5765288.7375,4294.0,4316.0,AG
95,AG2212,2022-08-30,4260.0,4283.0,4239.0,4247.0,418818,521786,2676888.4245,4261.0,4294.0,AG
95,AG2212,2022-08-31,4230.0,4252.0,4193.0,4202.0,510879,545440,3230904.8025,4216.0,4261.0,AG
95,AG2212,2022-09-01,4138.0,4177.0,4094.0,4120.0,652762,574729,4053882.0045,4140.0,4216.0,AG
95,AG2212,2022-09-02,4114.0,4172.0,4106.0,4160.0,593945,555416,3687608.1315,4139.0,4140.0,AG
95,AG2212,2022-09-05,4171.0,4207.0,4156.0,4191.0,594263,547676,3729502.5585,4183.0,4139.0,AG
95,AG2212,2022-09-06,4203.0,4235.0,4180.0,4230.0,330849,536881,2088804.948,4208.0,4183.0,AG
95,AG2212,2022-09-07,4210.0,4213.0,4133.0,4185.0,575358,542218,3602123.1165,4173.0,4208.0,AG
95,AG2212,2022-09-08,4201.0,4260.0,4174.0,4253.0,531974,536936,3367939.314,4220.0,4173.0,AG
95,AG2212,2022-09-09,4229.0,4329.0,4223.0,4326.0,608562,524099,3894876.5865,4266.0,4220.0,AG
95,AG2212,2022-09-13,4500.0,4500.0,4433.0,4466.0,320533,511403,2143357.8375,4457.0,4266.0,AG
95,AG2212,2022-09-14,4420.0,4453.0,4353.0,4402.0,626393,499794,4141426.95,4407.0,4457.0,AG
95,AG2212,2022-09-15,4443.0,4452.0,4394.0,4399.0,478130,487046,3177360.3585,4430.0,4407.0,AG
94,AG2212,2022-09-16,4429.0,4442.0,4344.0,4362.0,692903,476568,4564829.4735,4391.0,4430.0,AG
94,AG2212,2022-09-19,4368.0,4450.0,4353.0,4405.0,605967,471961,4008107.817,4409.0,4391.0,AG
94,AG2212,2022-09-20,4404.0,4464.0,4387.0,4426.0,481294,468453,3194829.3945,4425.0,4409.0,AG
94,AG2212,2022-09-21,4390.0,4455.0,4365.0,4443.0,481261,465290,3180028.6425,4405.0,4425.0,AG
94,AG2212,2022-09-22,4490.0,4508.0,4432.0,4474.0,683004,465198,4577899.974,4468.0,4405.0,AG
94,AG2212,2022-09-23,4541.0,4555.0,4493.0,4542.0,576274,481254,3909054.18,4522.0,4468.0,AG
94,AG2212,2022-09-26,4430.0,4471.0,4339.0,4364.0,829758,445512,5490717.9075,4411.0,4522.0,AG
94,AG2212,2022-09-27,4400.0,4419.0,4307.0,4355.0,631294,434549,4137154.4325,4368.0,4411.0,AG
94,AG2212,2022-09-28,4368.0,4378.0,4274.0,4281.0,668083,443956,4339845.5625,4330.0,4368.0,AG
94,AG2212,2022-09-29,4320.0,4416.0,4300.0,4385.0,813534,430354,5323958.1615,4362.0,4330.0,AG
94,AG2212,2022-09-30,4380.0,4427.0,4339.0,4424.0,615011,416766,4035397.1235,4374.0,4362.0,AG
94,AG2212,2022-10-10,4580.0,4585.0,4510.0,4544.0,326442,431959,2228109.249,4550.0,4374.0,AG
94,AG2212,2022-10-11,4570.0,4574.0,4511.0,4524.0,461296,438001,3141214.287,4539.0,4550.0,AG
94,AG2212,2022-10-12,4528.0,4538.0,4454.0,4490.0,530467,435669,3578765.6775,4497.0,4539.0,AG
94,AG2212,2022-10-13,4473.0,4479.0,4428.0,4436.0,470932,440683,3143619.3375,4450.0,4497.0,AG
94,AG2212,2022-10-14,4380.0,4455.0,4379.0,4447.0,689852,446175,4569128.415,4415.0,4450.0,AG
94,AG2212,2022-10-17,4409.0,4428.0,4351.0,4369.0,703424,453494,4622021.379,4380.0,4415.0,AG
93,AG2212,2022-10-18,4430.0,4430.0,4387.0,4421.0,445806,442592,2947520.7,4407.0,4380.0,AG
93,AG2212,2022-10-19,4422.0,4430.0,4381.0,4388.0,432113,441525,2852438.934,4400.0,4407.0,AG
93,AG2212,2022-10-20,4377.0,4399.0,4355.0,4370.0,450969,448135,2961002.4135,4377.0,4400.0,AG
93,AG2212,2022-10-21,4378.0,4440.0,4370.0,4384.0,551065,435017,3643420.8405,4407.0,4377.0,AG
93,AG2212,2022-10-24,4384.0,4561.0,4384.0,4542.0,1103519,471834,7413148.3305,4478.0,4407.0,AG
93,AG2212,2022-10-25,4550.0,4579.0,4527.0,4575.0,591243,463961,4037955.438,4553.0,4478.0,AG
93,AG2212,2022-10-26,4515.0,4624.0,4515.0,4617.0,753965,475922,5188523.844,4587.0,4553.0,AG
93,AG2212,2022-10-27,4567.0,4603.0,4561.0,4564.0,527311,454426,3626276.19,4584.0,4587.0,AG
93,AG2212,2022-10-28,4582.0,4607.0,4571.0,4575.0,567080,440148,3903428.292,4588.0,4584.0,AG
93,AG2212,2022-10-31,4555.0,4574.0,4489.0,4527.0,637352,418040,4325670.5295,4524.0,4588.0,AG
93,AG2212,2022-11-01,4525.0,4644.0,4490.0,4634.0,607745,430223,4160489.169,4563.0,4524.0,AG
93,AG2212,2022-11-02,4660.0,4686.0,4603.0,4634.0,636257,422758,4429329.309,4641.0,4563.0,AG
93,AG2212,2022-11-03,4663.0,4690.0,4552.0,4573.0,690472,406863,4793097.6345,4627.0,4641.0,AG
93,AG2212,2022-11-04,4520.0,4643.0,4516.0,4624.0,742166,407550,5104616.3385,4585.0,4627.0,AG
93,AG2212,2022-11-07,4704.0,4764.0,4688.0,4741.0,864542,432153,6125808.7275,4723.0,4585.0,AG
93,AG2212,2022-11-08,4753.0,4843.0,4742.0,4795.0,813562,423858,5856735.318,4799.0,4723.0,AG
93,AG2212,2022-11-09,4802.0,4983.0,4799.0,4939.0,1165933,421717,8588906.97,4911.0,4799.0,AG
93,AG2212,2022-11-10,4923.0,4993.0,4890.0,4919.0,977288,403363,7228469.8125,4930.0,4911.0,AG
93,AG2212,2022-11-11,4921.0,5033.0,4913.0,4996.0,1189956,385119,8905941.912,4989.0,4930.0,AG
93,AG2212,2022-11-14,4954.0,4968.0,4850.0,4873.0,907132,346864,6693752.8695,4919.0,4989.0,AG
93,AG2212,2022-11-15,4899.0,4983.0,4886.0,4956.0,732375,352817,5435369.5515,4947.0,4919.0,AG
92,AG2212,2022-11-16,4943.0,4990.0,4870.0,4916.0,818276,334119,6041597.301,4922.0,4947.0,AG
92,AG2212,2022-11-17,4970.0,4976.0,4867.0,4909.0,721039,320598,5317744.785,4916.0,4922.0,AG
92,AG2212,2022-11-18,4880.0,4887.0,4815.0,4857.0,604000,300162,4393778.3655,4849.0,4916.0,AG
92,AG2212,2022-11-21,4855.0,4871.0,4784.0,4802.0,603243,279804,4366162.569,4825.0,4849.0,AG
92,AG2212,2022-11-22,4790.0,4863.0,4781.0,4834.0,505523,262683,3659116.461,4825.0,4825.0,AG
92,AG2212,2022-11-23,4849.0,4868.0,4815.0,4859.0,403144,250434,2925351.8145,4837.0,4825.0,AG
92,AG2212,2022-11-24,4861.0,4971.0,4843.0,4942.0,561144,242550,4128908.3805,4905.0,4837.0,AG
92,AG2212,2022-11-25,4946.0,4956.0,4915.0,4935.0,319733,208029,2367606.801,4936.0,4905.0,AG
92,AG2212,2022-11-28,4928.0,4952.0,4897.0,4921.0,362225,159642,2673426.231,4920.0,4936.0,AG
94,AG2302,2022-11-29,4964.0,5014.0,4905.0,4932.0,565820,281521,4196191.7385,4944.0,4937.0,AG
94,AG2302,2022-11-30,4950.0,4970.0,4921.0,4922.0,627192,306944,4648549.0125,4941.0,4944.0,AG
94,AG2302,2022-12-01,4945.0,5118.0,4943.0,5104.0,949524,370440,7152906.1785,5022.0,4941.0,AG
94,AG2302,2022-12-02,5085.0,5243.0,5085.0,5221.0,942897,389262,7280621.0295,5147.0,5022.0,AG
94,AG2302,2022-12-05,5180.0,5357.0,5139.0,5236.0,1352140,367282,10629927.366,5241.0,5147.0,AG
94,AG2302,2022-12-06,5218.0,5232.0,5095.0,5104.0,952509,346447,7350213.903,5144.0,5241.0,AG
94,AG2302,2022-12-07,5144.0,5144.0,5066.0,5095.0,723374,353786,5538461.901,5104.0,5144.0,AG
94,AG2302,2022-12-08,5108.0,5170.0,5091.0,5159.0,814778,354737,6277018.0695,5135.0,5104.0,AG
94,AG2302,2022-12-09,5166.0,5281.0,5155.0,5255.0,867823,367335,6807862.68,5229.0,5135.0,AG
94,AG2302,2022-12-12,5249.0,5355.0,5242.0,5303.0,1008241,372125,8000650.1775,5290.0,5229.0,AG
94,AG2302,2022-12-13,5297.0,5338.0,5247.0,5320.0,795492,380488,6319987.7235,5296.0,5290.0,AG
94,AG2302,2022-12-14,5324.0,5443.0,5308.0,5403.0,1197428,396093,9683352.858,5391.0,5296.0,AG
94,AG2302,2022-12-15,5371.0,5432.0,5248.0,5285.0,903914,366162,7256119.3215,5351.0,5391.0,AG
93,AG2302,2022-12-16,5274.0,5303.0,5166.0,5208.0,1055897,366479,8305291.4145,5243.0,5351.0,AG
93,AG2302,2022-12-19,5200.0,5273.0,5174.0,5224.0,983739,354260,7712456.748,5226.0,5243.0,AG
93,AG2302,2022-12-20,5240.0,5256.0,5170.0,5221.0,754977,346970,5905200.5235,5214.0,5226.0,AG
93,AG2302,2022-12-21,5313.0,5434.0,5285.0,5372.0,929127,349595,7470121.3575,5359.0,5214.0,AG
93,AG2302,2022-12-22,5365.0,5411.0,5310.0,5322.0,664828,333995,5363377.404,5378.0,5359.0,AG
93,AG2302,2022-12-23,5333.0,5348.0,5239.0,5292.0,686072,311573,5439182.6265,5285.0,5378.0,AG
93,AG2302,2022-12-26,5300.0,5345.0,5281.0,5326.0,601794,245948,4793575.605,5310.0,5285.0,AG
93,AG2302,2022-12-27,5323.0,5403.0,5306.0,5387.0,390535,232672,3131453.439,5345.0,5310.0,AG
93,AG2302,2022-12-28,5379.0,5400.0,5327.0,5356.0,573023,220284,4610307.714,5363.0,5345.0,AG
93,AG2302,2022-12-29,5347.0,5354.0,5254.0,5286.0,574448,216828,4566813.24,5299.0,5363.0,AG
93,AG2302,2022-12-30,5316.0,5374.0,5312.0,5363.0,495278,199895,3974265.5115,5349.0,5299.0,AG
93,AG2302,2023-01-03,5372.0,5408.0,5307.0,5395.0,310707,188002,2498950.2675,5361.0,5349.0,AG
93,AG2302,2023-01-04,5378.0,5413.0,5313.0,5343.0,473048,170806,3804641.847,5361.0,5361.0,AG
93,AG2302,2023-01-05,5346.0,5378.0,5209.0,5210.0,557300,163692,4435444.059,5305.0,5361.0,AG
93,AG2302,2023-01-06,5190.0,5204.0,5123.0,5156.0,485436,146063,3755835.0585,5158.0,5305.0,AG
93,AG2302,2023-01-09,5158.0,5272.0,5149.0,5252.0,507219,140206,3968672.5335,5216.0,5158.0,AG
93,AG2302,2023-01-10,5242.0,5253.0,5157.0,5183.0,354933,131314,2773398.9945,5209.0,5216.0,AG
97,AG2306,2023-01-11,5199.0,5284.0,5183.0,5272.0,354114,415052,2779527.7575,5232.0,5236.0,AG
97,AG2306,2023-01-12,5260.0,5267.0,5155.0,5215.0,573028,422927,4474946.799,5206.0,5232.0,AG
97,AG2306,2023-01-13,5245.0,5295.0,5196.0,5225.0,779092,429571,6125997.6585,5241.0,5206.0,AG
97,AG2306,2023-01-16,5194.0,5367.0,5181.0,5329.0,794529,466795,6294812.2395,5281.0,5241.0,AG
96,AG2306,2023-01-17,5299.0,5362.0,5270.0,5311.0,525749,474097,4196383.392,5321.0,5281.0,AG
96,AG2306,2023-01-18,5314.0,5342.0,5274.0,5309.0,643008,472775,5118929.211,5307.0,5321.0,AG
96,AG2306,2023-01-19,5333.0,5350.0,5144.0,5165.0,1024926,474493,8065121.355,5245.0,5307.0,AG
96,AG2306,2023-01-20,5171.0,5320.0,5126.0,5311.0,857724,457959,6725500.455,5227.0,5245.0,AG
96,AG2306,2023-01-30,5247.0,5267.0,5208.0,5243.0,243401,465016,1910680.0275,5233.0,5227.0,AG
96,AG2306,2023-01-31,5240.0,5253.0,5171.0,5185.0,514247,482683,4025571.1035,5218.0,5233.0,AG
96,AG2306,2023-02-01,5147.0,5239.0,5143.0,5222.0,567882,494636,4435874.2245,5207.0,5218.0,AG
96,AG2306,2023-02-02,5207.0,5351.0,5169.0,5305.0,864671,510715,6820729.6905,5258.0,5207.0,AG
96,AG2306,2023-02-03,5364.0,5397.0,5182.0,5197.0,1274557,506779,10083070.29,5274.0,5258.0,AG
96,AG2306,2023-02-06,5200.0,5205.0,5005.0,5026.0,1326967,542159,10113337.0575,5080.0,5274.0,AG
96,AG2306,2023-02-07,5026.0,5034.0,4984.0,5008.0,729592,561049,5480902.5105,5008.0,5080.0,AG
96,AG2306,2023-02-08,5000.0,5023.0,4963.0,4993.0,866594,572810,6494144.3565,4995.0,5008.0,AG
96,AG2306,2023-02-09,5013.0,5026.0,4977.0,5002.0,684643,571409,5134741.908,4999.0,4995.0,AG
96,AG2306,2023-02-10,5003.0,5046.0,4901.0,4928.0,1128205,586489,8412223.695,4970.0,4999.0,AG
96,AG2306,2023-02-13,4951.0,4979.0,4920.0,4939.0,746178,571580,5538724.8255,4948.0,4970.0,AG
96,AG2306,2023-02-14,4950.0,4958.0,4916.0,4953.0,540187,579269,4004212.8705,4941.0,4948.0,AG
96,AG2306,2023-02-15,4922.0,4966.0,4894.0,4912.0,1111933,591573,8220752.2905,4928.0,4941.0,AG
95,AG2306,2023-02-16,4888.0,4943.0,4876.0,4918.0,696389,595024,5125282.4025,4906.0,4928.0,AG
95,AG2306,2023-02-17,4914.0,4936.0,4870.0,4879.0,716961,613399,5274010.359,4904.0,4906.0,AG
95,AG2306,2023-02-20,4881.0,4982.0,4877.0,4965.0,854180,600403,6305861.943,4921.0,4904.0,AG
95,AG2306,2023-02-21,4957.0,4988.0,4954.0,4964.0,414318,594750,3089709.411,4971.0,4921.0,AG
95,AG2306,2023-02-22,4972.0,5017.0,4968.0,4989.0,680003,587622,5095688.823,4995.0,4971.0,AG
95,AG2306,2023-02-23,5007.0,5016.0,4952.0,4961.0,554422,596221,4140756.2025,4979.0,4995.0,AG
95,AG2306,2023-02-24,4966.0,4980.0,4933.0,4944.0,652929,604474,4850228.4645,4952.0,4979.0,AG
95,AG2306,2023-02-27,4924.0,4939.0,4852.0,4870.0,814501,638158,5992632.3225,4904.0,4952.0,AG
95,AG2306,2023-02-28,4878.0,4895.0,4863.0,4875.0,492845,639929,3608846.6085,4881.0,4904.0,AG
95,AG2306,2023-03-01,4870.0,4944.0,4863.0,4935.0,676221,621001,4976101.482,4905.0,4881.0,AG
95,AG2306,2023-03-02,4924.0,4935.0,4885.0,4890.0,646690,630533,4766421.21,4913.0,4905.0,AG
95,AG2306,2023-03-03,4890.0,4942.0,4878.0,4931.0,586635,622189,4318830.591,4908.0,4913.0,AG
95,AG2306,2023-03-06,4933.0,4986.0,4918.0,4978.0,701806,620338,5213468.8665,4952.0,4908.0,AG
95,AG2306,2023-03-07,4971.0,4982.0,4944.0,4948.0,435238,614980,3241649.5305,4965.0,4952.0,AG
95,AG2306,2023-03-08,4930.0,4934.0,4756.0,4781.0,1056827,685938,7668705.366,4837.0,4965.0,AG
95,AG2306,2023-03-09,4797.0,4814.0,4773.0,4783.0,600322,680983,4314740.784,4791.0,4837.0,AG
95,AG2306,2023-03-10,4797.0,4830.0,4758.0,4776.0,692784,667925,4988782.5285,4800.0,4791.0,AG
95,AG2306,2023-03-13,4799.0,4929.0,4791.0,4914.0,1173892,638118,8580561.6315,4872.0,4800.0,AG
95,AG2306,2023-03-14,5054.0,5068.0,5000.0,5057.0,1014666,609577,7658412.3225,5031.0,4872.0,AG
95,AG2306,2023-03-15,5050.0,5064.0,5025.0,5055.0,625403,599781,4735539.4035,5047.0,5031.0,AG
94,AG2306,2023-03-16,5140.0,5150.0,5034.0,5042.0,1056699,585341,8050179.984,5078.0,5047.0,AG
94,AG2306,2023-03-17,5077.0,5082.0,4968.0,5059.0,923726,577491,6957835.3845,5021.0,5078.0,AG
94,AG2306,2023-03-20,5072.0,5175.0,5053.0,5146.0,1153836,577271,8848706.7195,5112.0,5021.0,AG
94,AG2306,2023-03-21,5106.0,5172.0,5077.0,5132.0,774081,578367,5951359.203,5125.0,5112.0,AG
94,AG2306,2023-03-22,5137.0,5152.0,5085.0,5149.0,705934,581513,5415785.508,5114.0,5125.0,AG
94,AG2306,2023-03-23,5117.0,5232.0,5111.0,5185.0,977882,590402,7595309.229,5178.0,5114.0,AG
94,AG2306,2023-03-24,5180.0,5250.0,5162.0,5217.0,816553,593458,6374482.239,5204.0,5178.0,AG
94,AG2306,2023-03-27,5288.0,5306.0,5175.0,5201.0,1134309,569303,8904862.911,5233.0,5204.0,AG
94,AG2306,2023-03-28,5183.0,5216.0,5166.0,5180.0,513248,554575,3995161.593,5189.0,5233.0,AG
94,AG2306,2023-03-29,5201.0,5256.0,5186.0,5212.0,620883,561075,4865677.3365,5224.0,5189.0,AG
94,AG2306,2023-03-30,5230.0,5297.0,5219.0,5296.0,586155,596811,4618227.9075,5252.0,5224.0,AG
94,AG2306,2023-03-31,5316.0,5349.0,5261.0,5344.0,763201,613255,6077900.3955,5309.0,5252.0,AG
94,AG2306,2023-04-03,5357.0,5373.0,5277.0,5294.0,818379,578722,6547801.4685,5333.0,5309.0,AG
94,AG2306,2023-04-04,5347.0,5376.0,5317.0,5354.0,706367,591924,5661383.9655,5343.0,5333.0,AG
94,AG2306,2023-04-06,5488.0,5565.0,5475.0,5554.0,435588,628425,3611803.3725,5527.0,5343.0,AG
94,AG2306,2023-04-07,5549.0,5606.0,5497.0,5599.0,781104,647114,6505865.0985,5552.0,5527.0,AG
94,AG2306,2023-04-10,5577.0,5583.0,5509.0,5528.0,587023,613692,4882483.857,5544.0,5552.0,AG
94,AG2306,2023-04-11,5531.0,5602.0,5515.0,5578.0,637933,630503,5308119.567,5547.0,5544.0,AG
94,AG2306,2023-04-12,5562.0,5692.0,5551.0,5673.0,858230,647107,7237146.3285,5621.0,5547.0,AG
94,AG2306,2023-04-13,5716.0,5735.0,5626.0,5688.0,965376,639662,8212230.3735,5671.0,5621.0,AG
94,AG2306,2023-04-14,5770.0,5822.0,5724.0,5786.0,1023030,659622,8850895.272,5767.0,5671.0,AG
94,AG2306,2023-04-17,5765.0,5792.0,5644.0,5694.0,1339780,613246,11446975.89,5695.0,5767.0,AG
93,AG2306,2023-04-18,5684.0,5688.0,5582.0,5626.0,818995,597941,6907480.401,5622.0,5695.0,AG
93,AG2306,2023-04-19,5628.0,5677.0,5577.0,5610.0,792318,581343,6694282.4385,5632.0,5622.0,AG
93,AG2306,2023-04-20,5620.0,5689.0,5609.0,5664.0,776425,573478,6582793.533,5652.0,5632.0,AG
93,AG2306,2023-04-21,5681.0,5697.0,5609.0,5609.0,884454,552720,7498419.8685,5652.0,5652.0,AG
93,AG2306,2023-04-24,5650.0,5675.0,5560.0,5582.0,1032480,516856,8692942.7895,5612.0,5652.0,AG
93,AG2306,2023-04-25,5614.0,5682.0,5577.0,5635.0,741417,493085,6263182.584,5631.0,5612.0,AG
93,AG2306,2023-04-26,5595.0,5645.0,5553.0,5615.0,788089,456774,6617412.906,5597.0,5631.0,AG
93,AG2306,2023-04-27,5598.0,5664.0,5590.0,5636.0,733304,435048,6192235.8645,5629.0,5597.0,AG
93,AG2306,2023-04-28,5611.0,5628.0,5535.0,5619.0,834060,400301,6990965.313,5587.0,5629.0,AG
93,AG2306,2023-05-04,5760.0,5807.0,5740.0,5759.0,377031,409662,3267170.8365,5777.0,5587.0,AG
93,AG2306,2023-05-05,5760.0,5868.0,5754.0,5846.0,735571,427900,6417248.0085,5816.0,5777.0,AG
93,AG2306,2023-05-08,5770.0,5782.0,5706.0,5772.0,805274,387263,6947677.995,5751.0,5816.0,AG
93,AG2306,2023-05-09,5779.0,5783.0,5730.0,5739.0,455654,361583,3933017.9835,5754.0,5751.0,AG
93,AG2306,2023-05-10,5721.0,5776.0,5704.0,5771.0,498614,358075,4298108.8635,5746.0,5754.0,AG
93,AG2306,2023-05-11,5798.0,5811.0,5653.0,5665.0,728044,340489,6269358.945,5740.0,5746.0,AG
93,AG2306,2023-05-12,5640.0,5646.0,5416.0,5431.0,1017940,313017,8417575.9065,5512.0,5740.0,AG
93,AG2306,2023-05-15,5442.0,5491.0,5413.0,5445.0,622221,288896,5082868.797,5445.0,5512.0,AG
92,AG2306,2023-05-16,5448.0,5476.0,5369.0,5388.0,534840,276526,4356710.247,5430.0,5445.0,AG
92,AG2306,2023-05-17,5430.0,5444.0,5377.0,5400.0,509416,254906,4130986.695,5406.0,5430.0,AG
92,AG2306,2023-05-18,5403.0,5435.0,5370.0,5401.0,440466,241162,3571312.8495,5405.0,5406.0,AG
92,AG2306,2023-05-19,5385.0,5451.0,5363.0,5435.0,523851,208017,4242391.7985,5398.0,5405.0,AG
92,AG2306,2023-05-22,5419.0,5494.0,5394.0,5445.0,541907,189753,4426803.855,5445.0,5398.0,AG
94,AG2308,2023-05-23,5469.0,5491.0,5415.0,5422.0,392529,387619,3209897.5815,5451.0,5463.0,AG
94,AG2308,2023-05-24,5379.0,5456.0,5368.0,5397.0,688957,411474,5602104.822,5420.0,5451.0,AG
94,AG2308,2023-05-25,5409.0,5418.0,5289.0,5336.0,924539,404633,7416519.4335,5347.0,5420.0,AG
94,AG2308,2023-05-26,5302.0,5337.0,5270.0,5336.0,785591,372900,6251666.466,5305.0,5347.0,AG
94,AG2308,2023-05-29,5345.0,5403.0,5332.0,5397.0,751078,359614,6046130.8575,5366.0,5305.0,AG
94,AG2308,2023-05-30,5379.0,5387.0,5327.0,5354.0,472648,356497,3803071.5405,5364.0,5366.0,AG
94,AG2308,2023-05-31,5375.0,5474.0,5346.0,5452.0,853584,372030,6905195.7615,5393.0,5364.0,AG
94,AG2308,2023-06-01,5438.0,5501.0,5410.0,5492.0,822609,370985,6743167.1295,5464.0,5393.0,AG
94,AG2308,2023-06-02,5489.0,5585.0,5483.0,5554.0,653650,389436,5428120.1835,5536.0,5464.0,AG
94,AG2308,2023-06-05,5542.0,5558.0,5462.0,5462.0,601551,369566,4971993.462,5510.0,5536.0,AG
94,AG2308,2023-06-06,5460.0,5521.0,5457.0,5489.0,447468,368445,3687053.4315,5493.0,5510.0,AG
94,AG2308,2023-06-07,5501.0,5528.0,5469.0,5495.0,458968,366323,3788210.4645,5502.0,5493.0,AG
94,AG2308,2023-06-08,5515.0,5593.0,5493.0,5538.0,702227,365062,5826997.905,5531.0,5502.0,AG
94,AG2308,2023-06-09,5586.0,5717.0,5572.0,5708.0,693223,420193,5870661.705,5645.0,5531.0,AG
94,AG2308,2023-06-12,5692.0,5739.0,5646.0,5674.0,555377,392568,4738703.6415,5688.0,5645.0,AG
94,AG2308,2023-06-13,5651.0,5708.0,5617.0,5690.0,445879,393380,3780343.6815,5652.0,5688.0,AG
94,AG2308,2023-06-14,5674.0,5704.0,5607.0,5632.0,540330,385944,4576861.3245,5646.0,5652.0,AG
94,AG2308,2023-06-15,5660.0,5684.0,5522.0,5528.0,628122,365819,5287365.4665,5611.0,5646.0,AG
93,AG2308,2023-06-16,5528.0,5629.0,5525.0,5614.0,620476,357266,5194999.4865,5581.0,5611.0,AG
101,AG2308,2023-06-19,5636.0,5662.0,5594.0,5638.0,536066,359421,4526389.866,5629.0,5581.0,AG
101,AG2308,2023-06-20,5632.0,5645.0,5603.0,5626.0,329743,344797,2782946.3655,5626.0,5629.0,AG
101,AG2308,2023-06-21,5577.0,5581.0,5479.0,5483.0,667209,338552,5516585.3895,5512.0,5626.0,AG
101,AG2308,2023-06-26,5400.0,5465.0,5398.0,5427.0,236849,338789,1931903.6925,5437.0,5512.0,AG
101,AG2308,2023-06-27,5441.0,5489.0,5420.0,5474.0,370355,323188,3031743.6735,5457.0,5437.0,AG
101,AG2308,2023-06-28,5475.0,5498.0,5433.0,5446.0,409161,284280,3351439.17,5460.0,5457.0,AG
101,AG2308,2023-06-29,5431.0,5476.0,5423.0,5450.0,388479,263606,3177031.614,5452.0,5460.0,AG
101,AG2308,2023-06-30,5404.0,5470.0,5395.0,5439.0,489271,255987,3986677.9185,5432.0,5452.0,AG
101,AG2308,2023-07-03,5428.0,5525.0,5427.0,5501.0,468770,247409,3851243.7525,5477.0,5432.0,AG
101,AG2308,2023-07-04,5522.0,5530.0,5495.0,5510.0,293214,235905,2425072.686,5513.0,5477.0,AG
101,AG2308,2023-07-05,5513.0,5531.0,5481.0,5489.0,238500,225255,1970743.3275,5508.0,5513.0,AG
101,AG2308,2023-07-06,5504.0,5574.0,5499.0,5565.0,459304,216765,3824577.453,5551.0,5508.0,AG
101,AG2308,2023-07-07,5480.0,5510.0,5458.0,5464.0,443658,205486,3647428.8105,5480.0,5551.0,AG
101,AG2308,2023-07-10,5484.0,5549.0,5478.0,5531.0,332084,194968,2749592.61,5519.0,5480.0,AG
101,AG2308,2023-07-11,5499.0,5585.0,5485.0,5580.0,321702,185221,2673495.5805,5540.0,5519.0,AG
101,AG2308,2023-07-12,5544.0,5565.0,5529.0,5554.0,225083,173345,1873648.113,5549.0,5540.0,AG
101,AG2308,2023-07-13,5616.0,5744.0,5604.0,5727.0,488116,184505,4161716.535,5684.0,5549.0,AG
103,AG2310,2023-07-14,5778.0,5841.0,5762.0,5794.0,453717,388158,3948519.672,5801.0,5707.0,AG
103,AG2310,2023-07-17,5826.0,5842.0,5792.0,5818.0,652714,409374,5694589.398,5816.0,5801.0,AG
103,AG2310,2023-07-18,5804.0,5865.0,5785.0,5839.0,566045,418884,4942120.2465,5820.0,5816.0,AG
103,AG2310,2023-07-19,5833.0,5946.0,5826.0,5924.0,1030207,443647,9121650.3585,5902.0,5820.0,AG
103,AG2310,2023-07-20,5950.0,5983.0,5917.0,5932.0,722886,439506,6452399.2815,5950.0,5902.0,AG
103,AG2310,2023-07-21,5917.0,5923.0,5835.0,5864.0,828744,406896,7304454.2025,5875.0,5950.0,AG
103,AG2310,2023-07-24,5849.0,5868.0,5827.0,5848.0,670759,401804,5883077.235,5847.0,5875.0,AG
103,AG2310,2023-07-25,5834.0,5845.0,5792.0,5823.0,758352,393346,6615864.6375,5816.0,5847.0,AG
103,AG2310,2023-07-26,5829.0,5864.0,5814.0,5862.0,639871,397530,5605617.012,5840.0,5816.0,AG
103,AG2310,2023-07-27,5845.0,5928.0,5822.0,5891.0,898317,402902,7919823.132,5877.0,5840.0,AG
103,AG2310,2023-07-28,5864.0,5873.0,5733.0,5744.0,1066404,388284,9232667.157,5771.0,5877.0,AG
103,AG2310,2023-07-31,5767.0,5782.0,5738.0,5745.0,636692,377022,5502918.822,5761.0,5771.0,AG
103,AG2310,2023-08-01,5797.0,5850.0,5782.0,5817.0,586744,387833,5126699.8875,5825.0,5761.0,AG
103,AG2310,2023-08-02,5754.0,5805.0,5750.0,5774.0,589704,383729,5106692.9385,5773.0,5825.0,AG
103,AG2310,2023-08-03,5766.0,5768.0,5628.0,5632.0,788577,395883,6735316.914,5694.0,5773.0,AG
103,AG2310,2023-08-04,5619.0,5668.0,5606.0,5616.0,584522,404429,4947460.599,5642.0,5694.0,AG
103,AG2310,2023-08-07,5650.0,5693.0,5637.0,5649.0,521345,395832,4431965.3265,5667.0,5642.0,AG
103,AG2310,2023-08-08,5651.0,5672.0,5594.0,5614.0,462609,406353,3901335.6405,5622.0,5667.0,AG
103,AG2310,2023-08-09,5550.0,5589.0,5542.0,5582.0,460570,415971,3847871.4075,5569.0,5622.0,AG
103,AG2310,2023-08-10,5547.0,5600.0,5538.0,5554.0,480464,429689,4010671.4805,5564.0,5569.0,AG
103,AG2310,2023-08-11,5570.0,5627.0,5569.0,5606.0,613179,431465,5148308.169,5597.0,5564.0,AG
103,AG2310,2023-08-14,5586.0,5635.0,5569.0,5596.0,486765,430367,4093659.366,5606.0,5597.0,AG
103,AG2310,2023-08-15,5608.0,5628.0,5567.0,5620.0,485816,433930,4081543.9365,5600.0,5606.0,AG
103,AG2310,2023-08-16,5609.0,5646.0,5601.0,5638.0,534761,433951,4513770.21,5627.0,5600.0,AG
103,AG2310,2023-08-17,5638.0,5656.0,5591.0,5629.0,466009,430628,3934121.7015,5628.0,5627.0,AG
103,AG2310,2023-08-18,5655.0,5689.0,5592.0,5599.0,619329,424849,5244724.3455,5645.0,5628.0,AG
103,AG2310,2023-08-21,5601.0,5637.0,5583.0,5622.0,474846,415398,3993824.4285,5607.0,5645.0,AG
103,AG2310,2023-08-22,5679.0,5691.0,5626.0,5687.0,541039,393707,4595999.883,5663.0,5607.0,AG
103,AG2310,2023-08-23,5691.0,5788.0,5674.0,5779.0,567159,384645,4867821.7455,5721.0,5663.0,AG
103,AG2310,2023-08-24,5809.0,5892.0,5797.0,5842.0,666599,363297,5852755.935,5853.0,5721.0,AG
103,AG2310,2023-08-25,5842.0,5864.0,5806.0,5823.0,455503,326532,3989293.491,5838.0,5853.0,AG
103,AG2310,2023-08-28,5843.0,5873.0,5799.0,5841.0,556013,269583,4868013.2505,5836.0,5838.0,AG
103,AG2310,2023-08-29,5839.0,5881.0,5821.0,5856.0,387966,247583,3406162.6125,5853.0,5836.0,AG
103,AG2310,2023-08-30,5863.0,5944.0,5850.0,5927.0,510489,220003,4528798.6905,5914.0,5853.0,AG
103,AG2310,2023-08-31,5984.0,6008.0,5902.0,5912.0,469776,204606,4193851.5825,5951.0,5914.0,AG
103,AG2310,2023-09-01,5910.0,5942.0,5890.0,5932.0,310585,187735,2755519.851,5914.0,5951.0,AG
103,AG2310,2023-09-04,5967.0,5977.0,5852.0,5883.0,422798,177819,3742187.2095,5900.0,5914.0,AG
105,AG2312,2023-09-05,5869.0,5884.0,5828.0,5836.0,262317,499560,2306035.3275,5860.0,5912.0,AG
105,AG2312,2023-09-06,5851.0,5862.0,5811.0,5820.0,405473,504930,3548859.0735,5834.0,5860.0,AG
105,AG2312,2023-09-07,5792.0,5808.0,5752.0,5756.0,527828,512974,4576130.121,5779.0,5834.0,AG
105,AG2312,2023-09-08,5730.0,5802.0,5730.0,5777.0,490208,530552,4239476.8095,5765.0,5779.0,AG
105,AG2312,2023-09-11,5748.0,5824.0,5743.0,5821.0,525214,554021,4564329.075,5793.0,5765.0,AG
105,AG2312,2023-09-12,5815.0,5842.0,5783.0,5801.0,427234,546670,3729062.2635,5818.0,5793.0,AG
105,AG2312,2023-09-13,5795.0,5835.0,5783.0,5814.0,478288,547997,4167823.4805,5809.0,5818.0,AG
105,AG2312,2023-09-14,5817.0,5952.0,5816.0,5920.0,888978,593395,7851139.407,5887.0,5809.0,AG
105,AG2312,2023-09-15,5916.0,6030.0,5861.0,5922.0,1165041,618821,10393282.5945,5947.0,5887.0,AG
105,AG2312,2023-09-18,5908.0,5931.0,5810.0,5834.0,749579,583235,6612292.338,5880.0,5947.0,AG
105,AG2312,2023-09-19,5823.0,5900.0,5812.0,5870.0,420561,578303,3690822.4845,5850.0,5880.0,AG
105,AG2312,2023-09-20,5887.0,5918.0,5858.0,5915.0,398165,584020,3513744.261,5883.0,5850.0,AG
105,AG2312,2023-09-21,5928.0,5956.0,5845.0,5885.0,575405,572666,5099503.746,5908.0,5883.0,AG
105,AG2312,2023-09-22,5826.0,5966.0,5826.0,5963.0,690958,602297,6118874.7165,5903.0,5908.0,AG
105,AG2312,2023-09-25,5963.0,5984.0,5922.0,5942.0,499610,587121,4460366.5035,5951.0,5903.0,AG
105,AG2312,2023-09-26,5928.0,5941.0,5835.0,5837.0,518935,553454,4579701.9645,5883.0,5951.0,AG
105,AG2312,2023-09-27,5860.0,5877.0,5800.0,5839.0,454794,534134,3986079.7545,5843.0,5883.0,AG
105,AG2312,2023-09-28,5816.0,5824.0,5760.0,5775.0,527629,521712,4586851.314,5795.0,5843.0,AG
105,AG2312,2023-10-09,5689.0,5735.0,5633.0,5657.0,313295,535460,2664634.248,5670.0,5795.0,AG
105,AG2312,2023-10-10,5640.0,5705.0,5624.0,5631.0,460626,545620,3910679.6535,5659.0,5670.0,AG
105,AG2312,2023-10-11,5640.0,5653.0,5594.0,5644.0,464396,530096,3921244.353,5629.0,5659.0,AG
105,AG2312,2023-10-12,5660.0,5697.0,5637.0,5697.0,406082,526674,3448747.674,5661.0,5629.0,AG
105,AG2312,2023-10-13,5680.0,5716.0,5651.0,5714.0,435690,524986,3707972.763,5673.0,5661.0,AG
105,AG2312,2023-10-16,5801.0,5841.0,5766.0,5813.0,654106,508667,5696632.428,5806.0,5673.0,AG
105,AG2312,2023-10-17,5819.0,5832.0,5777.0,5793.0,365517,484680,3183892.6905,5807.0,5806.0,AG
105,AG2312,2023-10-18,5820.0,5873.0,5803.0,5855.0,506123,481075,4435265.5275,5842.0,5807.0,AG
105,AG2312,2023-10-19,5872.0,5878.0,5795.0,5835.0,513766,467638,4492068.9405,5828.0,5842.0,AG
105,AG2312,2023-10-20,5829.0,5862.0,5788.0,5831.0,582239,457510,5086596.1095,5824.0,5828.0,AG
105,AG2312,2023-10-23,5848.0,5904.0,5809.0,5840.0,704280,434386,6193897.902,5863.0,5824.0,AG
105,AG2312,2023-10-24,5824.0,5846.0,5797.0,5837.0,401031,419930,3504172.26,5825.0,5863.0,AG
105,AG2312,2023-10-25,5803.0,5832.0,5793.0,5812.0,392808,408353,3425853.5235,5814.0,5825.0,AG
105,AG2312,2023-10-26,5800.0,5853.0,5788.0,5849.0,518015,404746,4524739.263,5823.0,5814.0,AG
105,AG2312,2023-10-27,5820.0,5865.0,5797.0,5861.0,525204,400540,4592061.435,5828.0,5823.0,AG
105,AG2312,2023-10-30,5835.0,5903.0,5823.0,5870.0,474874,371189,4173945.873,5859.0,5828.0,AG
105,AG2312,2023-10-31,5916.0,5928.0,5850.0,5862.0,429570,354152,3795358.0095,5890.0,5859.0,AG
105,AG2312,2023-11-01,5842.0,5888.0,5752.0,5762.0,492483,329689,4299961.6065,5820.0,5890.0,AG
105,AG2312,2023-11-02,5782.0,5830.0,5761.0,5821.0,402332,307775,3497170.2225,5794.0,5820.0,AG
105,AG2312,2023-11-03,5819.0,5832.0,5784.0,5800.0,307556,300156,2676867.684,5802.0,5794.0,AG
107,AG2402,2023-11-06,5904.0,5906.0,5849.0,5876.0,569266,411161,5023827.1185,5883.0,5819.0,AG
107,AG2402,2023-11-07,5876.0,5881.0,5820.0,5828.0,519380,416519,4561475.601,5855.0,5883.0,AG
107,AG2402,2023-11-08,5783.0,5794.0,5726.0,5753.0,751764,445943,6502480.6965,5766.0,5855.0,AG
107,AG2402,2023-11-09,5747.0,5794.0,5717.0,5731.0,793738,453960,6860116.2435,5761.0,5766.0,AG
107,AG2402,2023-11-10,5743.0,5810.0,5733.0,5779.0,843615,437815,7315140.3,5780.0,5761.0,AG
107,AG2402,2023-11-13,5755.0,5772.0,5661.0,5688.0,947067,459708,8120824.6425,5716.0,5780.0,AG
107,AG2402,2023-11-14,5686.0,5741.0,5653.0,5733.0,711418,452314,6082519.1685,5699.0,5716.0,AG
107,AG2402,2023-11-15,5738.0,5885.0,5730.0,5883.0,1028302,469286,8977670.9235,5820.0,5699.0,AG
106,AG2402,2023-11-16,5903.0,5906.0,5849.0,5895.0,908256,481470,8003556.099,5874.0,5820.0,AG
106,AG2402,2023-11-17,5896.0,5944.0,5882.0,5912.0,1092823,517577,9701766.666,5918.0,5874.0,AG
106,AG2402,2023-11-20,5940.0,5940.0,5860.0,5868.0,846816,500990,7481207.52,5889.0,5918.0,AG
106,AG2402,2023-11-21,5838.0,5878.0,5816.0,5875.0,841583,486628,7378945.245,5845.0,5889.0,AG
106,AG2402,2023-11-22,5855.0,5916.0,5855.0,5891.0,830459,493146,7341561.9,5893.0,5845.0,AG
106,AG2402,2023-11-23,5897.0,5904.0,5844.0,5877.0,833145,483511,7336733.367,5870.0,5893.0,AG
106,AG2402,2023-11-24,5871.0,5892.0,5859.0,5872.0,443618,464359,3908370.0375,5873.0,5870.0,AG
106,AG2402,2023-11-27,5870.0,6279.0,5867.0,6111.0,1659755,557759,15046572.6105,6043.0,5873.0,AG
106,AG2402,2023-11-28,6125.0,6194.0,6087.0,6137.0,995751,557195,9182280.936,6147.0,6043.0,AG
106,AG2402,2023-11-29,6140.0,6246.0,6111.0,6123.0,1188944,546249,11000409.2595,6168.0,6147.0,AG
106,AG2402,2023-11-30,6136.0,6191.0,6112.0,6170.0,962303,554982,8874487.236,6148.0,6168.0,AG
106,AG2402,2023-12-01,6165.0,6236.0,6136.0,6178.0,673652,547065,6241524.1635,6176.0,6148.0,AG
106,AG2402,2023-12-04,6158.0,6343.0,6141.0,6209.0,931781,545221,8700347.451,6224.0,6176.0,AG
106,AG2402,2023-12-05,6183.0,6220.0,5987.0,6006.0,1068705,462628,9742966.809,6077.0,6224.0,AG
106,AG2402,2023-12-06,5985.0,6036.0,5952.0,5994.0,771688,443580,6928527.0645,5985.0,6077.0,AG
106,AG2402,2023-12-07,5980.0,6030.0,5931.0,5969.0,637227,441926,5720231.082,5984.0,5985.0,AG
106,AG2402,2023-12-08,5980.0,6012.0,5937.0,6012.0,559368,439730,5012284.362,5973.0,5984.0,AG
106,AG2402,2023-12-11,5999.0,6009.0,5834.0,5866.0,862899,423352,7655541.8175,5914.0,5973.0,AG
106,AG2402,2023-12-12,5856.0,5878.0,5816.0,5869.0,441856,426644,3873579.048,5844.0,5914.0,AG
106,AG2402,2023-12-13,5869.0,5895.0,5803.0,5827.0,560516,426048,4917957.9855,5849.0,5844.0,AG
106,AG2402,2023-12-14,5837.0,6042.0,5808.0,6014.0,632861,419471,5632548.207,5933.0,5849.0,AG
106,AG2402,2023-12-15,6051.0,6055.0,6006.0,6011.0,516726,402360,4673281.3005,6029.0,5933.0,AG
105,AG2402,2023-12-18,6019.0,6042.0,5962.0,6002.0,492437,385477,4428854.4495,5995.0,6029.0,AG
105,AG2402,2023-12-19,6002.0,6007.0,5972.0,5999.0,314669,384239,2828274.0975,5992.0,5995.0,AG
105,AG2402,2023-12-20,6013.0,6042.0,6002.0,6028.0,393514,388647,3555255.9765,6023.0,5992.0,AG
105,AG2402,2023-12-21,6020.0,6087.0,6004.0,6068.0,520536,381625,4724846.937,6051.0,6023.0,AG
105,AG2402,2023-12-22,6056.0,6124.0,6039.0,6090.0,519624,379962,4738613.424,6079.0,6051.0,AG
105,AG2402,2023-12-25,6088.0,6131.0,6039.0,6066.0,498391,365682,4552805.97,6090.0,6079.0,AG
105,AG2402,2023-12-26,6067.0,6111.0,6053.0,6106.0,222982,367316,2033067.1065,6078.0,6090.0,AG
105,AG2402,2023-12-27,6096.0,6113.0,6055.0,6090.0,337719,358084,3083128.2585,6086.0,6078.0,AG
105,AG2402,2023-12-28,6079.0,6123.0,6051.0,6067.0,475657,321812,4345739.6055,6090.0,6086.0,AG
105,AG2402,2023-12-29,6062.0,6074.0,5945.0,5976.0,471593,299396,4253308.5795,6012.0,6090.0,AG
105,AG2402,2024-01-02,5972.0,6045.0,5963.0,6036.0,148856,289206,1341629.3475,6008.0,6012.0,AG
105,AG2402,2024-01-03,6010.0,6036.0,5968.0,5976.0,292811,280560,2637102.531,6004.0,6008.0,AG
105,AG2402,2024-01-04,5927.0,5939.0,5853.0,5862.0,392553,290399,3462089.22,5879.0,6004.0,AG
105,AG2402,2024-01-05,5863.0,5920.0,5828.0,5894.0,314759,271672,2774820.063,5877.0,5879.0,AG
105,AG2402,2024-01-08,5888.0,5951.0,5844.0,5894.0,421032,257583,3727988.577,5902.0,5877.0,AG
105,AG2402,2024-01-09,5879.0,5922.0,5867.0,5903.0,232868,249238,2060946.504,5900.0,5902.0,AG
105,AG2402,2024-01-10,5910.0,5936.0,5870.0,5876.0,225143,241004,1992819.315,5900.0,5900.0,AG
105,AG2402,2024-01-11,5888.0,5914.0,5877.0,5903.0,204439,234268,1807775.178,5895.0,5900.0,AG
105,AG2402,2024-01-12,5910.0,5951.0,5829.0,5895.0,425122,221189,3751213.2645,5882.0,5895.0,AG
105,AG2402,2024-01-15,5924.0,5995.0,5917.0,5980.0,337184,208339,3017441.661,5965.0,5882.0,AG
104,AG2402,2024-01-16,5971.0,5979.0,5942.0,5956.0,126654,190459,1132901.0265,5963.0,5965.0,AG
108,AG2406,2024-01-17,5967.0,5980.0,5906.0,5909.0,276724,381153,2468392.1565,5946.0,5970.0,AG
108,AG2406,2024-01-18,5924.0,5930.0,5866.0,5908.0,310406,399237,2745489.651,5896.0,5946.0,AG
108,AG2406,2024-01-19,5902.0,5928.0,5873.0,5913.0,273379,411180,2419394.676,5899.0,5896.0,AG
108,AG2406,2024-01-22,5921.0,5933.0,5751.0,5753.0,519980,462160,4568498.196,5857.0,5899.0,AG
108,AG2406,2024-01-23,5779.0,5819.0,5743.0,5814.0,423401,462431,3668949.0945,5776.0,5857.0,AG
108,AG2406,2024-01-24,5807.0,5850.0,5797.0,5847.0,304836,464178,2661213.7275,5819.0,5776.0,AG
108,AG2406,2024-01-25,5890.0,5905.0,5858.0,5885.0,390250,461147,3442061.874,5880.0,5819.0,AG
108,AG2406,2024-01-26,5890.0,5918.0,5870.0,5911.0,329306,459968,2914723.4535,5900.0,5880.0,AG
108,AG2406,2024-01-29,5906.0,5936.0,5877.0,5930.0,334406,470626,2961325.6215,5903.0,5900.0,AG
108,AG2406,2024-01-30,5939.0,5977.0,5905.0,5968.0,329647,476490,2938263.531,5942.0,5903.0,AG
108,AG2406,2024-01-31,5956.0,5982.0,5936.0,5946.0,347442,479640,3104775.669,5957.0,5942.0,AG
108,AG2406,2024-02-01,5957.0,5978.0,5913.0,5923.0,351377,478832,3134053.806,5946.0,5957.0,AG
108,AG2406,2024-02-02,5889.0,5956.0,5852.0,5943.0,567531,484700,5031962.028,5910.0,5946.0,AG
108,AG2406,2024-02-05,5943.0,5951.0,5842.0,5856.0,566088,490752,4988656.26,5875.0,5910.0,AG
108,AG2406,2024-02-06,5839.0,5855.0,5813.0,5824.0,336477,489319,2943387.123,5831.0,5875.0,AG
108,AG2406,2024-02-07,5816.0,5840.0,5768.0,5782.0,321494,480701,2800951.1145,5808.0,5831.0,AG
108,AG2406,2024-02-08,5786.0,5833.0,5778.0,5825.0,283710,461876,2469976.9095,5803.0,5808.0,AG
108,AG2406,2024-02-19,5988.0,5992.0,5930.0,5951.0,227231,448834,2030122.14,5956.0,5803.0,AG
107,AG2406,2024-02-20,5949.0,5952.0,5922.0,5927.0,206221,458730,1835658.9795,5934.0,5956.0,AG
107,AG2406,2024-02-21,5950.0,5957.0,5931.0,5946.0,264109,464304,2355335.337,5945.0,5934.0,AG
107,AG2406,2024-02-22,5941.0,5951.0,5906.0,5934.0,268724,469211,2389722.729,5928.0,5945.0,AG
107,AG2406,2024-02-23,5936.0,5940.0,5870.0,5882.0,343401,476853,3041633.6295,5904.0,5928.0,AG
107,AG2406,2024-02-26,5901.0,5941.0,5881.0,5908.0,375350,473670,3327399.474,5909.0,5904.0,AG
107,AG2406,2024-02-27,5868.0,5885.0,5857.0,5879.0,300624,492310,2647169.0505,5870.0,5909.0,AG
107,AG2406,2024-02-28,5888.0,5898.0,5848.0,5857.0,306399,517882,2699282.874,5873.0,5870.0,AG
107,AG2406,2024-02-29,5850.0,5880.0,5848.0,5874.0,231977,528597,2040543.588,5864.0,5873.0,AG
107,AG2406,2024-03-01,5850.0,5923.0,5843.0,5914.0,462134,531662,4087266.219,5896.0,5864.0,AG
107,AG2406,2024-03-04,5914.0,6000.0,5891.0,5984.0,632286,558993,5648836.854,5955.0,5896.0,AG
107,AG2406,2024-03-05,5989.0,6119.0,5984.0,6110.0,858618,594980,7817188.896,6069.0,5955.0,AG
107,AG2406,2024-03-06,6124.0,6182.0,6082.0,6104.0,799933,588854,7349144.2275,6124.0,6069.0,AG
107,AG2406,2024-03-07,6120.0,6178.0,6105.0,6141.0,689646,595415,6351843.654,6140.0,6124.0,AG
107,AG2406,2024-03-08,6152.0,6179.0,6124.0,6163.0,539456,596001,4979127.474,6153.0,6140.0,AG
107,AG2406,2024-03-11,6166.0,6190.0,6114.0,6157.0,781039,593045,7201057.2555,6146.0,6153.0,AG
107,AG2406,2024-03-12,6161.0,6180.0,6145.0,6155.0,366586,601348,3388314.849,6161.0,6146.0,AG
107,AG2406,2024-03-13,6155.0,6157.0,6104.0,6146.0,512523,603725,4709991.285,6126.0,6161.0,AG
107,AG2406,2024-03-14,6176.0,6349.0,6166.0,6287.0,994770,638680,9337799.259,6257.0,6126.0,AG
107,AG2406,2024-03-15,6280.0,6387.0,6247.0,6344.0,711923,646560,6732663.93,6304.0,6257.0,AG
106,AG2406,2024-03-18,6345.0,6424.0,6304.0,6328.0,912764,640340,8719998.4785,6368.0,6304.0,AG
106,AG2406,2024-03-19,6364.0,6382.0,6291.0,6305.0,514436,625329,4891715.6625,6339.0,6368.0,AG
106,AG2406,2024-03-20,6306.0,6341.0,6270.0,6329.0,426573,632350,4037782.1505,6310.0,6339.0,AG
106,AG2406,2024-03-21,6303.0,6511.0,6299.0,6499.0,801060,649809,7707930.0255,6414.0,6310.0,AG
106,AG2406,2024-03-22,6450.0,6466.0,6296.0,6316.0,932738,589476,8901567.735,6362.0,6414.0,AG
106,AG2406,2024-03-25,6346.0,6419.0,6331.0,6353.0,767346,583368,7334784.132,6372.0,6362.0,AG
106,AG2406,2024-03-26,6372.0,6393.0,6342.0,6350.0,390748,582650,3735028.959,6372.0,6372.0,AG
106,AG2406,2024-03-27,6376.0,6406.0,6307.0,6346.0,543521,570866,5179729.641,6353.0,6372.0,AG
106,AG2406,2024-03-28,6348.0,6388.0,6330.0,6385.0,501859,570225,4789962.0045,6362.0,6353.0,AG
106,AG2406,2024-03-29,6398.0,6494.0,6355.0,6471.0,797370,572736,7683758.403,6424.0,6362.0,AG
106,AG2406,2024-04-01,6480.0,6532.0,6442.0,6495.0,454272,569360,4417921.227,6483.0,6424.0,AG
106,AG2406,2024-04-02,6480.0,6566.0,6410.0,6562.0,783877,587109,7613129.3355,6474.0,6483.0,AG
106,AG2406,2024-04-03,6590.0,6798.0,6541.0,6791.0,1358294,602588,13573791.6015,6662.0,6474.0,AG
106,AG2406,2024-04-08,6879.0,7128.0,6802.0,7128.0,1046959,604535,11030779.23,7024.0,6662.0,AG
106,AG2406,2024-04-09,7101.0,7284.0,7007.0,7170.0,2246670,608143,24074980.1805,7143.0,7024.0,AG
106,AG2406,2024-04-10,7223.0,7271.0,7135.0,7204.0,1999764,601012,21616833.7065,7206.0,7143.0,AG
106,AG2406,2024-04-11,7177.0,7261.0,7088.0,7164.0,2207334,589050,23774331.561,7180.0,7206.0,AG
106,AG2406,2024-04-12,7192.0,7479.0,7146.0,7472.0,1980210,641812,21662013.87,7292.0,7180.0,AG
106,AG2406,2024-04-15,7497.0,7790.0,7303.0,7436.0,4756248,591945,53570614.32,7508.0,7292.0,AG
105,AG2406,2024-04-16,7490.0,7508.0,7320.0,7368.0,2717032,560118,30226683.21,7416.0,7508.0,AG
105,AG2406,2024-04-17,7361.0,7415.0,7296.0,7389.0,2166347,553460,23906646.543,7356.0,7416.0,AG
105,AG2406,2024-04-18,7403.0,7500.0,7313.0,7440.0,1739599,585001,19341728.397,7412.0,7356.0,AG
105,AG2406,2024-04-19,7447.0,7546.0,7334.0,7418.0,1627442,551701,18079643.733,7406.0,7412.0,AG
105,AG2406,2024-04-22,7390.0,7471.0,7157.0,7178.0,1418627,510033,15620453.3055,7340.0,7406.0,AG
105,AG2406,2024-04-23,7104.0,7149.0,6955.0,6989.0,1331511,464089,14109237.2445,7064.0,7340.0,AG
105,AG2406,2024-04-24,7012.0,7145.0,6997.0,7106.0,921818,436981,9771599.1165,7066.0,7064.0,AG
105,AG2406,2024-04-25,7106.0,7116.0,7001.0,7086.0,729494,412993,7736908.809,7070.0,7066.0,AG
105,AG2406,2024-04-26,7131.0,7180.0,7054.0,7173.0,789584,403403,8421728.193,7110.0,7070.0,AG
105,AG2406,2024-04-29,7148.0,7178.0,7032.0,7089.0,733568,373223,7817335.968,7104.0,7110.0,AG
105,AG2406,2024-04-30,7082.0,7111.0,6972.0,7011.0,575164,335518,6085559.8635,7053.0,7104.0,AG
105,AG2406,2024-05-06,6928.0,7072.0,6926.0,7058.0,231457,333267,2434665.984,7012.0,7053.0,AG
105,AG2406,2024-05-07,7090.0,7168.0,7083.0,7097.0,479476,325251,5122867.674,7122.0,7012.0,AG
105,AG2406,2024-05-08,7112.0,7146.0,7048.0,7108.0,395454,294412,4215739.284,7107.0,7122.0,AG
105,AG2406,2024-05-09,7108.0,7196.0,7079.0,7159.0,400964,291073,4286388.8325,7126.0,7107.0,AG
105,AG2406,2024-05-10,7217.0,7416.0,7150.0,7414.0,663631,292445,7248427.842,7281.0,7126.0,AG
105,AG2406,2024-05-13,7367.0,7387.0,7251.0,7305.0,521331,261811,5725983.603,7322.0,7281.0,AG
107,AG2408,2024-05-14,7356.0,7386.0,7278.0,7328.0,393033,296025,4323309.033,7333.0,7333.0,AG
107,AG2408,2024-05-15,7369.0,7414.0,7339.0,7380.0,583529,337720,6448375.4175,7367.0,7333.0,AG
106,AG2408,2024-05-16,7474.0,7661.0,7368.0,7581.0,1432080,391358,16160872.758,7523.0,7367.0,AG
106,AG2408,2024-05-17,7583.0,7649.0,7555.0,7649.0,832369,394734,9492772.308,7603.0,7523.0,AG
106,AG2408,2024-05-20,7764.0,8211.0,7748.0,8211.0,1586066,434763,18862651.0035,7928.0,7603.0,AG
106,AG2408,2024-05-21,8105.0,8733.0,8092.0,8231.0,3348749,425331,41780128.3965,8317.0,7928.0,AG
106,AG2408,2024-05-22,8300.0,8506.0,8231.0,8343.0,2653457,443224,33324902.274,8372.0,8317.0,AG
106,AG2408,2024-05-23,8315.0,8328.0,7863.0,7954.0,2433207,413271,29522073.5745,8088.0,8372.0,AG
106,AG2408,2024-05-24,7990.0,8075.0,7836.0,7994.0,2016573,400860,24063606.9585,7955.0,8088.0,AG
106,AG2408,2024-05-27,8000.0,8156.0,7927.0,8081.0,1444656,415044,17406110.9865,8032.0,7955.0,AG
106,AG2408,2024-05-28,8130.0,8445.0,8124.0,8286.0,2399913,465141,30007212.858,8335.0,8032.0,AG
106,AG2408,2024-05-29,8363.0,8547.0,8291.0,8539.0,2830453,481612,35767684.953,8424.0,8335.0,AG
106,AG2408,2024-05-30,8400.0,8522.0,8186.0,8270.0,2240753,462637,28188971.565,8386.0,8424.0,AG
106,AG2408,2024-05-31,8230.0,8377.0,8110.0,8232.0,1944600,436218,24065281.5045,8250.0,8386.0,AG
106,AG2408,2024-06-03,8338.0,8388.0,7822.0,7957.0,2774068,388913,33581429.778,8070.0,8250.0,AG
106,AG2408,2024-06-04,8050.0,8119.0,7938.0,8086.0,1583713,391039,19062321.7155,8024.0,8070.0,AG
106,AG2408,2024-06-05,7900.0,7928.0,7728.0,7776.0,1761979,379321,20615024.19,7799.0,8024.0,AG
106,AG2408,2024-06-06,7810.0,8083.0,7758.0,8036.0,1731678,385745,20581156.4985,7923.0,7799.0,AG
106,AG2408,2024-06-07,7982.0,8332.0,7963.0,8221.0,2104715,402366,25817375.4,8177.0,7923.0,AG
106,AG2408,2024-06-11,7845.0,7850.0,7653.0,7680.0,811926,383256,9423631.6365,7737.0,8177.0,AG
106,AG2408,2024-06-12,7739.0,7792.0,7678.0,7762.0,981070,388378,11378052.1785,7731.0,7737.0,AG
106,AG2408,2024-06-13,7900.0,7976.0,7581.0,7744.0,1828905,389584,21427318.2825,7810.0,7731.0,AG
106,AG2408,2024-06-14,7750.0,7763.0,7560.0,7675.0,1441175,383540,16563793.329,7662.0,7810.0,AG
106,AG2408,2024-06-17,7708.0,7805.0,7657.0,7680.0,1291785,374428,14967877.5765,7724.0,7662.0,AG
105,AG2408,2024-06-18,7720.0,7825.0,7683.0,7752.0,1091953,380858,12708652.542,7758.0,7724.0,AG
105,AG2408,2024-06-19,7661.0,7819.0,7656.0,7772.0,1082493,388574,12612266.3985,7767.0,7758.0,AG
105,AG2408,2024-06-20,7778.0,8066.0,7775.0,8015.0,1278410,397642,15175390.134,7913.0,7767.0,AG
105,AG2408,2024-06-21,7990.0,8185.0,7982.0,8036.0,1414526,388720,17164114.59,8089.0,7913.0,AG
105,AG2408,2024-06-24,7991.0,8044.0,7776.0,7821.0,1421488,359680,16812094.2465,7884.0,8089.0,AG
105,AG2408,2024-06-25,7830.0,7875.0,7754.0,7830.0,854728,348959,10034809.1145,7826.0,7884.0,AG
105,AG2408,2024-06-26,7830.0,7830.0,7603.0,7672.0,1165052,327136,13437154.4385,7689.0,7826.0,AG
105,AG2408,2024-06-27,7655.0,7668.0,7571.0,7629.0,939655,322299,10748477.535,7625.0,7689.0,AG
105,AG2408,2024-06-28,7720.0,7770.0,7633.0,7761.0,1011917,313962,11693926.8105,7704.0,7625.0,AG
105,AG2408,2024-07-01,7827.0,7856.0,7675.0,7728.0,908048,305631,10568343.3225,7759.0,7704.0,AG
105,AG2408,2024-07-02,7750.0,7819.0,7738.0,7795.0,682001,301314,7956455.5305,7777.0,7759.0,AG
105,AG2408,2024-07-03,7835.0,7968.0,7785.0,7966.0,1066910,315659,12576432.0585,7858.0,7777.0,AG
105,AG2408,2024-07-04,8089.0,8113.0,7979.0,8010.0,1018847,302364,12315435.6465,8058.0,7858.0,AG
105,AG2408,2024-07-05,8000.0,8117.0,7998.0,8086.0,726072,291172,8774848.143,8056.0,8058.0,AG
105,AG2408,2024-07-08,8125.0,8304.0,8088.0,8126.0,1538071,278237,18904574.2665,8194.0,8056.0,AG
105,AG2408,2024-07-09,8160.0,8193.0,8015.0,8164.0,967576,271089,11784493.494,8119.0,8194.0,AG
105,AG2408,2024-07-10,8135.0,8185.0,8036.0,8128.0,1090340,265303,13267808.328,8112.0,8119.0,AG
105,AG2408,2024-07-11,8160.0,8207.0,8075.0,8184.0,894583,261543,10931177.3775,8146.0,8112.0,AG
105,AG2408,2024-07-12,8317.0,8333.0,8058.0,8080.0,1313265,246416,16182374.661,8214.0,8146.0,AG
105,AG2408,2024-07-15,8013.0,8152.0,8010.0,8048.0,873991,228025,10610627.4045,8093.0,8214.0,AG
104,AG2408,2024-07-16,8054.0,8135.0,8025.0,8108.0,743047,224138,9013465.2315,8086.0,8093.0,AG
104,AG2408,2024-07-17,8063.0,8231.0,8050.0,8082.0,1130846,220240,13818793.692,8146.0,8086.0,AG
104,AG2408,2024-07-18,8096.0,8124.0,7876.0,7974.0,1032533,206553,12346301.6355,7971.0,8146.0,AG
104,AG2408,2024-07-19,7939.0,7950.0,7653.0,7679.0,987974,195164,11582601.2565,7815.0,7971.0,AG
104,AG2408,2024-07-22,7618.0,7708.0,7574.0,7602.0,769188,191710,8816326.431,7641.0,7815.0,AG
104,AG2408,2024-07-23,7547.0,7695.0,7525.0,7536.0,681327,179374,7771922.706,7604.0,7641.0,AG
104,AG2408,2024-07-24,7606.0,7691.0,7576.0,7688.0,604616,151638,6914674.4085,7624.0,7604.0,AG
104,AG2408,2024-07-25,7698.0,7712.0,7192.0,7220.0,1000591,149908,11167006.4595,7440.0,7624.0,AG
108,AG2412,2024-07-26,7198.0,7348.0,7179.0,7277.0,663615,375479,7230491.001,7263.0,7460.0,AG
108,AG2412,2024-07-29,7295.0,7369.0,7236.0,7337.0,744019,384639,8150657.2875,7303.0,7263.0,AG
108,AG2412,2024-07-30,7340.0,7348.0,7139.0,7301.0,1060071,398999,11519301.8025,7244.0,7303.0,AG
108,AG2412,2024-07-31,7274.0,7514.0,7251.0,7467.0,1190560,417613,13160037.708,7369.0,7244.0,AG
108,AG2412,2024-08-01,7480.0,7582.0,7451.0,7524.0,1049306,412982,11824811.3745,7512.0,7369.0,AG
108,AG2412,2024-08-02,7545.0,7570.0,7317.0,7498.0,1494910,410078,16687373.427,7441.0,7512.0,AG
108,AG2412,2024-08-05,7535.0,7538.0,7185.0,7249.0,2403431,435512,26373840.5565,7315.0,7441.0,AG
108,AG2412,2024-08-06,6934.0,7113.0,6835.0,6907.0,1882196,442232,19723878.024,6986.0,7315.0,AG
108,AG2412,2024-08-07,6883.0,7014.0,6883.0,6954.0,1381610,437628,14412518.367,6954.0,6986.0,AG
108,AG2412,2024-08-08,6978.0,7008.0,6885.0,6929.0,1276448,428590,13304189.775,6948.0,6954.0,AG
108,AG2412,2024-08-09,6952.0,7168.0,6940.0,7079.0,1538809,429095,16315661.6805,7068.0,6948.0,AG
108,AG2412,2024-08-12,7088.0,7199.0,7016.0,7197.0,1354909,430945,14409281.0985,7089.0,7068.0,AG
108,AG2412,2024-08-13,7205.0,7245.0,7130.0,7152.0,1128704,430679,12165261.3,7185.0,7089.0,AG
108,AG2412,2024-08-14,7147.0,7209.0,7063.0,7159.0,1175279,425790,12563296.146,7126.0,7185.0,AG
108,AG2412,2024-08-15,7147.0,7197.0,6967.0,7194.0,1544054,452151,16407646.5015,7084.0,7126.0,AG
107,AG2412,2024-08-16,7205.0,7349.0,7148.0,7286.0,1604655,444983,17507525.313,7273.0,7084.0,AG
107,AG2412,2024-08-19,7318.0,7476.0,7255.0,7449.0,1579250,456769,17453508.0585,7367.0,7273.0,AG
107,AG2412,2024-08-20,7430.0,7566.0,7406.0,7554.0,1258724,474386,14145185.106,7491.0,7367.0,AG
107,AG2412,2024-08-21,7620.0,7648.0,7495.0,7562.0,1312677,468785,14891464.965,7562.0,7491.0,AG
107,AG2412,2024-08-22,7574.0,7596.0,7475.0,7512.0,1248813,469530,14105207.3055,7529.0,7562.0,AG
107,AG2412,2024-08-23,7553.0,7574.0,7388.0,7493.0,1407539,472274,15747076.3185,7458.0,7529.0,AG
107,AG2412,2024-08-26,7508.0,7678.0,7457.0,7676.0,1775958,489696,20173498.008,7572.0,7458.0,AG
107,AG2412,2024-08-27,7658.0,7686.0,7604.0,7657.0,998590,475315,11446328.5125,7641.0,7572.0,AG
107,AG2412,2024-08-28,7640.0,7679.0,7501.0,7527.0,1220437,483245,13936580.148,7612.0,7641.0,AG
107,AG2412,2024-08-29,7500.0,7567.0,7437.0,7537.0,1038083,476902,11688488.7,7506.0,7612.0,AG
107,AG2412,2024-08-30,7507.0,7558.0,7454.0,7503.0,1130650,469866,12737654.2695,7510.0,7506.0,AG
107,AG2412,2024-09-02,7500.0,7500.0,7215.0,7223.0,1494276,478702,16489747.815,7356.0,7510.0,AG
107,AG2412,2024-09-03,7268.0,7279.0,7184.0,7224.0,803606,472839,8727994.5105,7240.0,7356.0,AG
107,AG2412,2024-09-04,7211.0,7227.0,7065.0,7065.0,1144780,487513,12222135.756,7117.0,7240.0,AG
107,AG2412,2024-09-05,7120.0,7175.0,7082.0,7104.0,955642,492972,10221662.814,7130.0,7117.0,AG
107,AG2412,2024-09-06,7198.0,7278.0,7162.0,7245.0,1143682,479159,12373664.82,7212.0,7130.0,AG
107,AG2412,2024-09-09,7260.0,7265.0,6884.0,6977.0,1971643,499828,20798122.857,7032.0,7212.0,AG
107,AG2412,2024-09-10,7006.0,7062.0,6949.0,7055.0,1084221,505043,11398052.895,7008.0,7032.0,AG
107,AG2412,2024-09-11,7075.0,7179.0,6941.0,7177.0,1258140,499152,13270271.7645,7031.0,7008.0,AG
107,AG2412,2024-09-12,7109.0,7187.0,7023.0,7157.0,1374324,486857,14653666.8465,7108.0,7031.0,AG
107,AG2412,2024-09-13,7220.0,7430.0,7186.0,7424.0,1489627,476615,16377484.2375,7329.0,7108.0,AG
107,AG2412,2024-09-18,7527.0,7530.0,7404.0,7449.0,474712,473193,5305880.3025,7451.0,7329.0,AG
106,AG2412,2024-09-19,7455.0,7519.0,7255.0,7482.0,1559003,483581,17292155.5125,7394.0,7451.0,AG
106,AG2412,2024-09-20,7486.0,7569.0,7428.0,7548.0,1238110,496525,13923789.7455,7497.0,7394.0,AG
106,AG2412,2024-09-23,7595.0,7596.0,7430.0,7483.0,1441599,486757,16238836.137,7509.0,7497.0,AG
106,AG2412,2024-09-24,7460.0,7635.0,7415.0,7545.0,1383152,465982,15573451.8135,7506.0,7509.0,AG
106,AG2412,2024-09-25,7545.0,7929.0,7532.0,7786.0,2030550,486073,23586538.188,7743.0,7506.0,AG
106,AG2412,2024-09-26,7791.0,7897.0,7766.0,7857.0,1331965,485738,15646240.9425,7831.0,7743.0,AG
106,AG2412,2024-09-27,7904.0,7958.0,7795.0,7865.0,1562067,466614,18429034.155,7865.0,7831.0,AG
106,AG2412,2024-09-30,7902.0,7944.0,7704.0,7793.0,1608713,430967,18861802.9635,7816.0,7865.0,AG
106,AG2412,2024-10-08,7826.0,7898.0,7663.0,7672.0,740835,430606,8647844.4225,7782.0,7816.0,AG
106,AG2412,2024-10-09,7680.0,7732.0,7448.0,7496.0,1313189,421407,14885607.6615,7556.0,7782.0,AG
106,AG2412,2024-10-10,7496.0,7584.0,7427.0,7527.0,1098254,418578,12377457.459,7513.0,7556.0,AG
106,AG2412,2024-10-11,7560.0,7741.0,7539.0,7686.0,1108823,417805,12732718.731,7655.0,7513.0,AG
106,AG2412,2024-10-14,7700.0,7834.0,7644.0,7784.0,1063872,416771,12376293.297,7755.0,7655.0,AG
106,AG2412,2024-10-15,7724.0,7780.0,7623.0,7711.0,966085,411387,11186379.708,7719.0,7755.0,AG
105,AG2412,2024-10-16,7674.0,7899.0,7673.0,7889.0,1125200,432568,13200013.0665,7820.0,7719.0,AG
105,AG2412,2024-10-17,7910.0,8015.0,7773.0,7814.0,1458740,422537,17307154.365,7909.0,7820.0,AG
105,AG2412,2024-10-18,7850.0,7998.0,7750.0,7896.0,1634516,425539,19323852.057,7881.0,7909.0,AG
105,AG2412,2024-10-21,7971.0,8378.0,7931.0,8343.0,1995675,487463,24326230.6335,8126.0,7881.0,AG
105,AG2412,2024-10-22,8368.0,8415.0,8198.0,8333.0,1488416,472890,18527429.4855,8298.0,8126.0,AG
105,AG2412,2024-10-23,8394.0,8443.0,8306.0,8350.0,1448155,445746,18199668.2445,8378.0,8298.0,AG
105,AG2412,2024-10-24,8290.0,8293.0,8092.0,8230.0,1557933,394511,19075073.511,8162.0,8378.0,AG
105,AG2412,2024-10-25,8224.0,8273.0,8081.0,8140.0,1351214,379475,16541934.576,8161.0,8162.0,AG
105,AG2412,2024-10-28,8131.0,8243.0,8088.0,8213.0,1234603,381598,15131644.296,8170.0,8161.0,AG
105,AG2412,2024-10-29,8194.0,8326.0,8175.0,8279.0,946831,407220,11714054.115,8247.0,8170.0,AG
105,AG2412,2024-10-30,8300.0,8373.0,8252.0,8319.0,887765,384199,11086494.0225,8325.0,8247.0,AG
105,AG2412,2024-10-31,8266.0,8284.0,8116.0,8148.0,889705,366028,10914453.9105,8178.0,8325.0,AG
105,AG2412,2024-11-01,8100.0,8108.0,7935.0,7964.0,821276,344236,9847590.1545,7993.0,8178.0,AG
105,AG2412,2024-11-04,8006.0,8074.0,7903.0,8006.0,766734,325963,9171378.0255,7974.0,7993.0,AG
105,AG2412,2024-11-05,8012.0,8025.0,7922.0,7993.0,518967,319238,6205286.769,7971.0,7974.0,AG
105,AG2412,2024-11-06,7996.0,8081.0,7735.0,7780.0,851459,325655,10167820.5885,7961.0,7971.0,AG
105,AG2412,2024-11-07,7754.0,7780.0,7623.0,7699.0,762301,309761,8783204.352,7681.0,7961.0,AG
105,AG2412,2024-11-08,7735.0,7858.0,7733.0,7760.0,575857,286222,6738440.682,7801.0,7681.0,AG
105,AG2412,2024-11-11,7762.0,7888.0,7745.0,7800.0,565545,277374,6628229.598,7813.0,7801.0,AG
107,AG2502,2024-11-12,7793.0,7793.0,7574.0,7609.0,602062,255147,6940345.782,7685.0,7842.0,AG
107,AG2502,2024-11-13,7628.0,7746.0,7623.0,7707.0,571310,268966,6583984.2285,7682.0,7685.0,AG
107,AG2502,2024-11-14,7705.0,7780.0,7476.0,7504.0,1092578,298369,12539084.814,7651.0,7682.0,AG
107,AG2502,2024-11-15,7511.0,7650.0,7503.0,7591.0,944782,302550,10758132.81,7591.0,7651.0,AG
106,AG2502,2024-11-18,7654.0,7701.0,7562.0,7688.0,1167551,318063,13391901.6015,7646.0,7591.0,AG
106,AG2502,2024-11-19,7719.0,7856.0,7709.0,7817.0,976379,326946,11388296.016,7775.0,7646.0,AG
106,AG2502,2024-11-20,7850.0,7854.0,7737.0,7761.0,1035688,330558,12101399.5545,7789.0,7775.0,AG
106,AG2502,2024-11-21,7765.0,7841.0,7724.0,7840.0,1091451,343723,12753285.843,7789.0,7789.0,AG
106,AG2502,2024-11-22,7801.0,7830.0,7714.0,7804.0,1430042,343439,16679419.449,7775.0,7789.0,AG
106,AG2502,2024-11-25,7852.0,7875.0,7611.0,7657.0,1643181,367546,19146324.159,7767.0,7775.0,AG
106,AG2502,2024-11-26,7665.0,7687.0,7562.0,7602.0,1197117,362940,13663100.442,7608.0,7767.0,AG
106,AG2502,2024-11-27,7659.0,7678.0,7585.0,7674.0,1112222,353244,12730908.5085,7630.0,7608.0,AG
106,AG2502,2024-11-28,7631.0,7677.0,7460.0,7532.0,1507500,376608,17119172.487,7570.0,7630.0,AG
106,AG2502,2024-11-29,7569.0,7717.0,7540.0,7697.0,1083507,371248,12370534.476,7611.0,7570.0,AG
106,AG2502,2024-12-02,7718.0,7748.0,7574.0,7596.0,1016719,362418,11690035.8615,7665.0,7611.0,AG
106,AG2502,2024-12-03,7633.0,7816.0,7620.0,7804.0,841386,377283,9708931.2315,7692.0,7665.0,AG
106,AG2502,2024-12-04,7788.0,7853.0,7768.0,7814.0,813342,372976,9524858.202,7807.0,7692.0,AG
106,AG2502,2024-12-05,7738.0,7910.0,7720.0,7832.0,1006251,375637,11824586.526,7834.0,7807.0,AG
106,AG2502,2024-12-06,7858.0,7874.0,7735.0,7823.0,879193,371657,10300477.587,7810.0,7834.0,AG
106,AG2502,2024-12-09,7799.0,7848.0,7710.0,7795.0,1183336,344057,13801220.9265,7775.0,7810.0,AG
106,AG2502,2024-12-10,7920.0,7996.0,7894.0,7924.0,883754,353809,10539724.7115,7950.0,7775.0,AG
106,AG2502,2024-12-11,7940.0,7988.0,7879.0,7914.0,665416,357708,7923715.935,7938.0,7950.0,AG
106,AG2502,2024-12-12,7930.0,8029.0,7885.0,8014.0,736240,374828,8776961.064,7947.0,7938.0,AG
106,AG2502,2024-12-13,7938.0,7976.0,7768.0,7795.0,1004920,354233,11837410.143,7852.0,7947.0,AG
106,AG2502,2024-12-16,7773.0,7793.0,7682.0,7736.0,693294,341257,8033159.6655,7724.0,7852.0,AG
105,AG2502,2024-12-17,7751.0,7778.0,7711.0,7717.0,476873,334738,5541583.7085,7747.0,7724.0,AG
105,AG2502,2024-12-18,7684.0,7744.0,7654.0,7701.0,568351,330585,6560018.613,7694.0,7747.0,AG
105,AG2502,2024-12-19,7699.0,7709.0,7452.0,7505.0,820669,341934,9327803.259,7577.0,7694.0,AG
105,AG2502,2024-12-20,7461.0,7480.0,7365.0,7444.0,784625,347726,8729891.691,7417.0,7577.0,AG
105,AG2502,2024-12-23,7406.0,7596.0,7404.0,7583.0,782568,313892,8808886.0665,7504.0,7417.0,AG
105,AG2502,2024-12-24,7564.0,7594.0,7521.0,7580.0,458809,300376,5200882.614,7557.0,7504.0,AG
105,AG2502,2024-12-25,7548.0,7624.0,7542.0,7582.0,424189,270959,4820210.55,7575.0,7557.0,AG
105,AG2502,2024-12-26,7589.0,7668.0,7555.0,7583.0,335555,267087,3823177.566,7595.0,7575.0,AG
105,AG2502,2024-12-27,7604.0,7638.0,7557.0,7601.0,462809,249409,5279837.064,7605.0,7595.0,AG
105,AG2502,2024-12-30,7562.0,7588.0,7496.0,7560.0,570778,241938,6449488.6425,7532.0,7605.0,AG
105,AG2502,2024-12-31,7572.0,7578.0,7452.0,7470.0,497827,236269,5600145.387,7499.0,7532.0,AG
105,AG2502,2025-01-02,7506.0,7627.0,7502.0,7614.0,260072,221998,2963945.8185,7597.0,7499.0,AG
105,AG2502,2025-01-03,7631.0,7678.0,7596.0,7637.0,440188,211062,5039185.824,7631.0,7597.0,AG
105,AG2502,2025-01-06,7684.0,7715.0,7595.0,7611.0,523396,199581,6021724.2315,7670.0,7631.0,AG
105,AG2502,2025-01-07,7770.0,7778.0,7619.0,7733.0,658052,192726,7598447.4765,7697.0,7670.0,AG
105,AG2502,2025-01-08,7770.0,7783.0,7704.0,7740.0,438280,176706,5087325.5115,7738.0,7697.0,AG
105,AG2502,2025-01-09,7716.0,7776.0,7691.0,7757.0,453080,166220,5258693.574,7737.0,7738.0,AG
105,AG2502,2025-01-10,7801.0,7810.0,7740.0,7804.0,338996,161305,3959240.3505,7786.0,7737.0,AG
107,AG2504,2025-01-13,7832.0,7866.0,7698.0,7788.0,591524,221122,6918432.351,7797.0,7806.0,AG
107,AG2504,2025-01-14,7670.0,7696.0,7589.0,7608.0,619156,261148,7091532.183,7635.0,7797.0,AG
107,AG2504,2025-01-15,7605.0,7691.0,7600.0,7689.0,582146,260755,6669800.0325,7638.0,7635.0,AG
106,AG2504,2025-01-16,7699.0,7884.0,7683.0,7872.0,866528,289443,10133793.12,7796.0,7638.0,AG
106,AG2504,2025-01-17,7853.0,7924.0,7804.0,7833.0,722584,292208,8534522.4975,7874.0,7796.0,AG
106,AG2504,2025-01-20,7820.0,7824.0,7702.0,7770.0,789980,276277,9188658.6315,7754.0,7874.0,AG
106,AG2504,2025-01-21,7728.0,7822.0,7688.0,7783.0,820021,288342,9532014.3375,7749.0,7754.0,AG
106,AG2504,2025-01-22,7770.0,7865.0,7746.0,7812.0,733675,303437,8584326.6075,7800.0,7749.0,AG
106,AG2504,2025-01-23,7803.0,7819.0,7717.0,7720.0,702753,302681,8183656.767,7763.0,7800.0,AG
106,AG2504,2025-01-24,7667.0,7794.0,7607.0,7778.0,868528,289666,10006942.326,7681.0,7763.0,AG
106,AG2504,2025-01-27,7786.0,7826.0,7640.0,7687.0,736463,278433,8543453.2725,7733.0,7681.0,AG
106,AG2504,2025-02-05,8069.0,8125.0,8001.0,8107.0,432032,315547,5231278.8015,8072.0,7733.0,AG
106,AG2504,2025-02-06,8120.0,8121.0,8035.0,8042.0,497965,325769,6040578.4185,8087.0,8072.0,AG
106,AG2504,2025-02-07,8040.0,8091.0,7977.0,8055.0,526165,328149,6346369.4625,8041.0,8087.0,AG
106,AG2504,2025-02-10,8055.0,8146.0,8006.0,8062.0,903108,333012,10934927.493,8072.0,8041.0,AG
106,AG2504,2025-02-11,8085.0,8105.0,7925.0,7972.0,801858,334145,9661844.1165,8032.0,8072.0,AG
106,AG2504,2025-02-12,7916.0,7995.0,7839.0,7967.0,700031,330836,8320047.555,7923.0,8032.0,AG
106,AG2504,2025-02-13,7940.0,8055.0,7899.0,8028.0,678940,349099,8135211.093,7988.0,7923.0,AG
106,AG2504,2025-02-14,8028.0,8263.0,7975.0,8254.0,894058,399863,10855236.201,8094.0,7988.0,AG
106,AG2504,2025-02-17,8262.0,8286.0,7960.0,8016.0,1332445,343311,16221941.5695,8116.0,8094.0,AG
105,AG2504,2025-02-18,8016.0,8105.0,7990.0,8077.0,551463,341302,6645906.126,8034.0,8116.0,AG
105,AG2504,2025-02-19,8089.0,8159.0,8061.0,8132.0,687386,346644,8362900.101,8110.0,8034.0,AG
105,AG2504,2025-02-20,8136.0,8166.0,8063.0,8147.0,658101,345769,8013889.317,8118.0,8110.0,AG
105,AG2504,2025-02-21,8163.0,8187.0,8066.0,8102.0,832367,331854,10150319.187,8129.0,8118.0,AG
105,AG2504,2025-02-24,8096.0,8137.0,8008.0,8087.0,800695,315263,9698442.1725,8075.0,8129.0,AG
105,AG2504,2025-02-25,8072.0,8093.0,7984.0,8017.0,647022,304928,7794548.5185,8031.0,8075.0,AG
105,AG2504,2025-02-26,7950.0,8004.0,7864.0,7904.0,783725,273872,9318455.6295,7926.0,8031.0,AG
105,AG2504,2025-02-27,7923.0,7949.0,7862.0,7900.0,534905,259346,6349376.397,7913.0,7926.0,AG
105,AG2504,2025-02-28,7926.0,7946.0,7827.0,7853.0,647901,202487,7670128.0995,7892.0,7913.0,AG
105,AG2504,2025-03-03,7831.0,7916.0,7804.0,7890.0,549973,182172,6479349.915,7854.0,7892.0,AG
105,AG2504,2025-03-04,7968.0,7976.0,7905.0,7938.0,427600,168423,5095365.255,7944.0,7854.0,AG
105,AG2504,2025-03-05,7984.0,7999.0,7901.0,7987.0,478702,174157,5709066.753,7950.0,7944.0,AG
105,AG2504,2025-03-06,8018.0,8082.0,7942.0,8058.0,577809,176383,6941139.291,8008.0,7950.0,AG
105,AG2504,2025-03-07,8014.0,8075.0,8004.0,8048.0,413167,166391,4983440.8575,8041.0,8008.0,AG
105,AG2504,2025-03-10,8015.0,8078.0,7978.0,8056.0,603103,159124,7258863.6585,8023.0,8041.0,AG
105,AG2504,2025-03-11,8051.0,8058.0,7912.0,7994.0,437155,150098,5238693.4125,7989.0,8023.0,AG
105,AG2504,2025-03-12,8040.0,8105.0,8016.0,8071.0,445310,160475,5387253.4395,8065.0,7989.0,AG
105,AG2504,2025-03-13,8155.0,8176.0,8087.0,8131.0,391492,153016,4774098.1335,8129.0,8065.0,AG
105,AG2504,2025-03-14,8133.0,8386.0,8118.0,8358.0,779984,162194,9698100.522,8289.0,8129.0,AG
105,AG2504,2025-03-17,8377.0,8380.0,8285.0,8334.0,407787,150674,5090469.0915,8322.0,8289.0,AG
106,AG2506,2025-03-18,8310.0,8381.0,8271.0,8369.0,358571,403174,4484418.291,8337.0,8345.0,AG
106,AG2506,2025-03-19,8430.0,8444.0,8357.0,8378.0,477693,422534,6012871.701,8391.0,8337.0,AG
106,AG2506,2025-03-20,8353.0,8392.0,8305.0,8356.0,521519,423012,6530225.4855,8347.0,8391.0,AG
106,AG2506,2025-03-21,8300.0,8325.0,8167.0,8207.0,606671,409821,7519157.091,8262.0,8347.0,AG
106,AG2506,2025-03-24,8208.0,8255.0,8142.0,8248.0,519113,401336,6387028.6305,8202.0,8262.0,AG
106,AG2506,2025-03-25,8233.0,8259.0,8196.0,8249.0,361891,405318,4465837.899,8226.0,8202.0,AG
106,AG2506,2025-03-26,8298.0,8387.0,8283.0,8366.0,598928,438224,7502865.714,8351.0,8226.0,AG
106,AG2506,2025-03-27,8387.0,8390.0,8330.0,8372.0,411376,444809,5157225.8265,8357.0,8351.0,AG
106,AG2506,2025-03-28,8448.0,8545.0,8378.0,8512.0,1054001,488509,13382458.6395,8464.0,8357.0,AG
106,AG2506,2025-03-31,8510.0,8515.0,8420.0,8506.0,760504,470575,9661285.254,8469.0,8464.0,AG
106,AG2506,2025-04-01,8470.0,8483.0,8339.0,8432.0,880602,454230,11121081.5415,8419.0,8469.0,AG
106,AG2506,2025-04-02,8433.0,8444.0,8358.0,8401.0,714266,442148,9007374.126,8407.0,8419.0,AG
106,AG2506,2025-04-03,8418.0,8461.0,8260.0,8286.0,1044703,414717,13121709.969,8373.0,8407.0,AG
106,AG2506,2025-04-07,7535.0,7815.0,7535.0,7617.0,1004904,360224,11551358.5875,7663.0,8373.0,AG
106,AG2506,2025-04-08,7650.0,7745.0,7615.0,7683.0,1025904,345267,11810128.8525,7674.0,7663.0,AG
106,AG2506,2025-04-09,7690.0,7782.0,7598.0,7755.0,996525,348959,11524651.962,7709.0,7674.0,AG
106,AG2506,2025-04-10,7746.0,7990.0,7735.0,7974.0,1105330,332956,13004839.14,7843.0,7709.0,AG
106,AG2506,2025-04-11,7908.0,8012.0,7861.0,7970.0,922755,331473,10979562.7605,7932.0,7843.0,AG
106,AG2506,2025-04-14,8007.0,8179.0,7985.0,8091.0,1238730,334395,15040645.7055,8094.0,7932.0,AG
106,AG2506,2025-04-15,8111.0,8161.0,8054.0,8158.0,638825,339368,7772997.357,8111.0,8094.0,AG
105,AG2506,2025-04-16,8158.0,8246.0,8120.0,8233.0,666713,345538,8180595.0585,8180.0,8111.0,AG
105,AG2506,2025-04-17,8271.0,8280.0,8108.0,8161.0,997086,347060,12278555.8125,8209.0,8180.0,AG
105,AG2506,2025-04-18,8170.0,8187.0,8072.0,8160.0,746753,343393,9111162.984,8134.0,8209.0,AG
105,AG2506,2025-04-21,8159.0,8255.0,8127.0,8247.0,540406,341774,6641999.3655,8193.0,8134.0,AG
105,AG2506,2025-04-22,8284.0,8292.0,8142.0,8174.0,951417,339593,11704488.5505,8201.0,8193.0,AG
105,AG2506,2025-04-23,8175.0,8313.0,8138.0,8199.0,1391876,313732,17175164.238,8226.0,8201.0,AG
105,AG2506,2025-04-24,8205.0,8380.0,8182.0,8296.0,1098950,321717,13671416.964,8293.0,8226.0,AG
105,AG2506,2025-04-25,8298.0,8346.0,8246.0,8280.0,638127,312250,7939806.138,8294.0,8293.0,AG
105,AG2506,2025-04-28,8260.0,8260.0,8163.0,8168.0,642831,280886,7912263.5415,8205.0,8294.0,AG
105,AG2506,2025-04-29,8190.0,8258.0,8176.0,8215.0,515398,264110,6352309.7085,8216.0,8205.0,AG
105,AG2506,2025-04-30,8259.0,8295.0,8172.0,8182.0,533859,240543,6597546.9,8238.0,8216.0,AG
105,AG2506,2025-05-06,8156.0,8280.0,8155.0,8235.0,274975,232016,3398251.518,8238.0,8238.0,AG
105,AG2506,2025-05-07,8240.0,8280.0,8177.0,8252.0,537686,230354,6647198.694,8241.0,8238.0,AG
105,AG2506,2025-05-08,8235.0,8240.0,8073.0,8094.0,714177,228462,8746385.913,8164.0,8241.0,AG
105,AG2506,2025-05-09,8110.0,8181.0,8105.0,8168.0,483540,209420,5910818.7375,8149.0,8164.0,AG
105,AG2506,2025-05-12,8180.0,8235.0,8121.0,8232.0,482373,204592,5921480.1795,8183.0,8149.0,AG
107,AG2508,2025-05-13,8155.0,8258.0,8126.0,8245.0,537090,271664,6592062.6135,8182.0,8206.0,AG
107,AG2508,2025-05-14,8186.0,8245.0,8156.0,8195.0,616045,280768,7577407.0155,8200.0,8182.0,AG
107,AG2508,2025-05-15,8090.0,8124.0,7944.0,8008.0,936043,342882,11306573.178,8052.0,8200.0,AG
106,AG2508,2025-05-16,8054.0,8165.0,8052.0,8101.0,720107,325306,8755017.009,8105.0,8052.0,AG
106,AG2508,2025-05-19,8020.0,8157.0,8016.0,8133.0,679297,329013,8244973.2015,8091.0,8105.0,AG
106,AG2508,2025-05-20,8125.0,8137.0,8073.0,8074.0,512126,336223,6228154.899,8107.0,8091.0,AG
106,AG2508,2025-05-21,8158.0,8279.0,8130.0,8272.0,882938,363057,10879824.6885,8214.0,8107.0,AG
106,AG2508,2025-05-22,8265.0,8342.0,8246.0,8301.0,763517,383991,9499324.8225,8294.0,8214.0,AG
106,AG2508,2025-05-23,8236.0,8286.0,8200.0,8263.0,770049,355111,9518757.6795,8240.0,8294.0,AG
106,AG2508,2025-05-26,8251.0,8303.0,8230.0,8280.0,687113,371701,8524448.991,8270.0,8240.0,AG
106,AG2508,2025-05-27,8279.0,8314.0,8200.0,8217.0,627779,364419,7773785.949,8255.0,8270.0,AG
106,AG2508,2025-05-28,8180.0,8266.0,8178.0,8225.0,635600,350276,7840940.412,8224.0,8255.0,AG
106,AG2508,2025-05-29,8236.0,8246.0,8166.0,8224.0,659531,345595,8124893.844,8212.0,8224.0,AG
106,AG2508,2025-05-30,8249.0,8259.0,8178.0,8218.0,658243,334026,8118368.256,8222.0,8212.0,AG
106,AG2508,2025-06-03,8520.0,8522.0,8410.0,8456.0,547586,370146,6948213.2325,8459.0,8222.0,AG
106,AG2508,2025-06-04,8475.0,8498.0,8451.0,8463.0,449279,379627,5711133.735,8474.0,8459.0,AG
106,AG2508,2025-06-05,8454.0,8492.0,8450.0,8473.0,319303,378282,4057069.323,8470.0,8474.0,AG
106,AG2508,2025-06-06,8719.0,8855.0,8659.0,8850.0,1310024,481044,17202148.6485,8754.0,8470.0,AG
106,AG2508,2025-06-09,8846.0,8912.0,8788.0,8909.0,802831,491386,10636423.5465,8832.0,8754.0,AG
113,AG2508,2025-06-10,8900.0,9020.0,8858.0,8887.0,969816,465984,12986602.4235,8927.0,8832.0,AG
113,AG2508,2025-06-11,8910.0,8942.0,8850.0,8902.0,601366,455232,8025563.4795,8897.0,8927.0,AG
113,AG2508,2025-06-12,8859.0,8885.0,8794.0,8819.0,662487,432670,8779557.363,8834.0,8897.0,AG
113,AG2508,2025-06-13,8818.0,8913.0,8765.0,8791.0,804386,413599,10639641.894,8818.0,8834.0,AG
113,AG2508,2025-06-16,8801.0,8894.0,8789.0,8858.0,571364,412329,7563185.5875,8824.0,8818.0,AG
113,AG2508,2025-06-17,8864.0,8875.0,8804.0,8864.0,457021,409052,6058193.718,8837.0,8824.0,AG
113,AG2508,2025-06-18,8932.0,9075.0,8910.0,9045.0,776804,445981,10477315.6545,8991.0,8837.0,AG
113,AG2508,2025-06-19,9012.0,9025.0,8782.0,8819.0,746980,387527,9987186.2295,8913.0,8991.0,AG
113,AG2508,2025-06-20,8811.0,8823.0,8638.0,8664.0,653140,362640,8561715.888,8739.0,8913.0,AG
113,AG2508,2025-06-23,8712.0,8778.0,8698.0,8770.0,436999,348332,5723623.0005,8731.0,8739.0,AG
113,AG2508,2025-06-24,8750.0,8811.0,8721.0,8739.0,446808,341852,5874512.5575,8765.0,8731.0,AG
113,AG2508,2025-06-25,8701.0,8729.0,8561.0,8726.0,606376,336670,7867321.041,8649.0,8765.0,AG
113,AG2508,2025-06-26,8690.0,8805.0,8664.0,8796.0,427375,331807,5605761.735,8744.0,8649.0,AG
113,AG2508,2025-06-27,8788.0,8858.0,8762.0,8792.0,469549,315448,6205300.626,8810.0,8744.0,AG
113,AG2508,2025-06-30,8716.0,8765.0,8662.0,8762.0,504424,277702,6593310.8115,8713.0,8810.0,AG
113,AG2508,2025-07-01,8737.0,8810.0,8701.0,8810.0,342536,264724,4490166.528,8739.0,8713.0,AG
113,AG2508,2025-07-02,8802.0,8825.0,8741.0,8747.0,323881,249023,4267298.4135,8783.0,8739.0,AG
113,AG2508,2025-07-03,8784.0,8967.0,8781.0,8944.0,427766,272055,5690081.283,8867.0,8783.0,AG
113,AG2508,2025-07-04,8900.0,8950.0,8877.0,8919.0,385997,250718,5162967.1515,8917.0,8867.0,AG
115,AG2510,2025-07-07,8948.0,8980.0,8868.0,8897.0,316551,302244,4241690.7105,8933.0,8944.0,AG
115,AG2510,2025-07-08,8856.0,8973.0,8839.0,8953.0,418168,338144,5593328.508,8917.0,8933.0,AG
115,AG2510,2025-07-09,8940.0,8941.0,8845.0,8899.0,613081,327567,8183839.404,8899.0,8917.0,AG
115,AG2510,2025-07-10,8880.0,8920.0,8856.0,8919.0,488322,333179,6508429.134,8885.0,8899.0,AG
115,AG2510,2025-07-11,8955.0,9118.0,8922.0,9040.0,1169445,402956,15817856.6025,9017.0,8885.0,AG
115,AG2510,2025-07-14,9118.0,9267.0,9088.0,9207.0,1093005,448095,15046137.036,9177.0,9017.0,AG
115,AG2510,2025-07-15,9178.0,9226.0,9148.0,9225.0,735125,450115,10127120.205,9184.0,9177.0,AG
115,AG2510,2025-07-16,9195.0,9207.0,9105.0,9152.0,764716,430521,10508311.101,9160.0,9184.0,AG
115,AG2510,2025-07-17,9135.0,9191.0,9081.0,9166.0,906865,438247,12445424.706,9149.0,9160.0,AG
115,AG2510,2025-07-18,9110.0,9282.0,9095.0,9273.0,854199,479676,11770313.1105,9186.0,9149.0,AG
115,AG2510,2025-07-21,9286.0,9290.0,9213.0,9271.0,694363,467534,9634155.7875,9249.0,9186.0,AG
115,AG2510,2025-07-22,9301.0,9437.0,9301.0,9393.0,961563,476010,13534646.949,9383.0,9249.0,AG
115,AG2510,2025-07-23,9442.0,9526.0,9390.0,9492.0,1024799,478279,14549652.8325,9465.0,9383.0,AG
115,AG2510,2025-07-24,9507.0,9519.0,9287.0,9386.0,1253182,459484,17710842.3465,9421.0,9465.0,AG
115,AG2510,2025-07-25,9300.0,9447.0,9290.0,9392.0,742060,450827,10432663.956,9372.0,9421.0,AG
115,AG2510,2025-07-28,9350.0,9369.0,9123.0,9212.0,1203307,398421,16651573.5495,9225.0,9372.0,AG
115,AG2510,2025-07-29,9190.0,9225.0,9152.0,9195.0,591927,392743,8162160.795,9192.0,9225.0,AG
115,AG2510,2025-07-30,9193.0,9256.0,9176.0,9192.0,689866,392370,9533288.6445,9212.0,9192.0,AG
115,AG2510,2025-07-31,9145.0,9145.0,8964.0,9008.0,1100640,371110,14957526.297,9059.0,9212.0,AG
115,AG2510,2025-08-01,8930.0,8965.0,8885.0,8918.0,587441,365193,7862760.474,8923.0,9059.0,AG
115,AG2510,2025-08-04,8985.0,9045.0,8950.0,9039.0,513898,371051,6938672.7825,9001.0,8923.0,AG
115,AG2510,2025-08-05,9040.0,9105.0,9030.0,9075.0,313491,367528,4267171.338,9074.0,9001.0,AG
115,AG2510,2025-08-06,9104.0,9200.0,9094.0,9182.0,372060,373376,5112437.6745,9160.0,9074.0,AG
115,AG2510,2025-08-07,9163.0,9260.0,9155.0,9258.0,326856,378070,4511464.3485,9201.0,9160.0,AG
115,AG2510,2025-08-08,9275.0,9318.0,9239.0,9278.0,420357,373954,5849579.6895,9277.0,9201.0,AG
115,AG2510,2025-08-11,9260.0,9293.0,9192.0,9210.0,386995,358701,5366171.241,9244.0,9277.0,AG
115,AG2510,2025-08-12,9180.0,9218.0,9140.0,9187.0,291143,349123,4004627.154,9169.0,9244.0,AG
115,AG2510,2025-08-13,9182.0,9310.0,9135.0,9300.0,415237,365333,5739806.472,9215.0,9169.0,AG
115,AG2510,2025-08-14,9332.0,9368.0,9268.0,9286.0,350484,366680,4899731.7255,9319.0,9215.0,AG
115,AG2510,2025-08-15,9242.0,9262.0,9166.0,9204.0,420183,346128,5803950.6855,9208.0,9319.0,AG
115,AG2510,2025-08-18,9176.0,9260.0,9154.0,9258.0,298755,350742,4127587.677,9210.0,9208.0,AG
115,AG2510,2025-08-19,9263.0,9277.0,9160.0,9187.0,272701,342500,3768830.571,9213.0,9210.0,AG
115,AG2510,2025-08-20,9208.0,9219.0,9031.0,9042.0,515093,318678,7035373.773,9105.0,9213.0,AG
115,AG2510,2025-08-21,9133.0,9197.0,9118.0,9162.0,311338,307098,4277356.824,9159.0,9105.0,AG
115,AG2510,2025-08-22,9187.0,9254.0,9178.0,9192.0,317495,303690,4391172.357,9220.0,9159.0,AG
115,AG2510,2025-08-25,9168.0,9418.0,9152.0,9394.0,631045,322774,8845118.9925,9344.0,9220.0,AG
115,AG2510,2025-08-26,9344.0,9380.0,9314.0,9354.0,295939,303822,4152469.455,9354.0,9344.0,AG
115,AG2510,2025-08-27,9300.0,9350.0,9286.0,9305.0,268955,280655,3762099.4965,9325.0,9354.0,AG
115,AG2510,2025-08-28,9287.0,9385.0,9253.0,9377.0,337242,278545,4715516.7225,9321.0,9325.0,AG
115,AG2510,2025-08-29,9390.0,9409.0,9347.0,9386.0,325317,262870,4580065.704,9385.0,9321.0,AG
115,AG2510,2025-09-01,9394.0,9808.0,9385.0,9775.0,884674,294815,12739526.505,9600.0,9385.0,AG
115,AG2510,2025-09-02,9775.0,9917.0,9762.0,9824.0,547942,282718,8083539.444,9835.0,9600.0,AG
115,AG2510,2025-09-03,9766.0,9864.0,9685.0,9820.0,627101,270592,9206175.8625,9787.0,9835.0,AG
115,AG2510,2025-09-04,9851.0,9965.0,9696.0,9773.0,788714,248568,11648933.658,9846.0,9787.0,AG
115,AG2510,2025-09-05,9791.0,9827.0,9695.0,9812.0,464003,241114,6795123.8235,9763.0,9846.0,AG
115,AG2510,2025-09-08,9898.0,9924.0,9719.0,9813.0,702009,232496,10329405.69,9809.0,9763.0,AG
115,AG2510,2025-09-09,9867.0,9930.0,9825.0,9846.0,526614,223011,7794208.0935,9867.0,9809.0,AG
115,AG2510,2025-09-10,9798.0,9858.0,9710.0,9796.0,485859,212530,7121130.03,9771.0,9867.0,AG
115,AG2510,2025-09-11,9803.0,9848.0,9748.0,9798.0,301985,203343,4441136.7525,9804.0,9771.0,AG
115,AG2510,2025-09-12,9777.0,10065.0,9777.0,10035.0,628438,219328,9361194.009,9930.0,9804.0,AG
115,AG2510,2025-09-15,10018.0,10075.0,9975.0,10017.0,356647,204407,5364981.4695,10028.0,9930.0,AG
115,AG2510,2025-09-16,10020.0,10152.0,10002.0,10108.0,387860,195504,5866938.489,10084.0,10028.0,AG
117,AG2512,2025-09-17,10149.0,10173.0,9915.0,9933.0,505164,388338,7600591.3155,10030.0,10111.0,AG
117,AG2512,2025-09-18,9924.0,10009.0,9799.0,9835.0,646031,395854,9601741.836,9908.0,10030.0,AG
117,AG2512,2025-09-19,9910.0,10038.0,9856.0,9971.0,571883,433982,8525576.2695,9938.0,9908.0,AG
117,AG2512,2025-09-22,9971.0,10336.0,9964.0,10317.0,789654,504051,12044743.566,10168.0,9938.0,AG
117,AG2512,2025-09-23,10276.0,10395.0,10225.0,10349.0,811054,508755,12545107.0275,10311.0,10168.0,AG
117,AG2512,2025-09-24,10442.0,10482.0,10305.0,10397.0,753535,516112,11759273.103,10403.0,10311.0,AG
117,AG2512,2025-09-25,10405.0,10466.0,10331.0,10411.0,700711,514351,10927325.112,10396.0,10403.0,AG
117,AG2512,2025-09-26,10511.0,10646.0,10430.0,10632.0,957978,544232,15125880.513,10526.0,10396.0,AG
117,AG2512,2025-09-29,10651.0,11008.0,10645.0,10939.0,1527083,508967,24820102.0215,10835.0,10526.0,AG
117,AG2512,2025-09-30,10883.0,11029.0,10833.0,10918.0,889020,476244,14571270.996,10926.0,10835.0,AG
117,AG2512,2025-10-09,11200.0,11309.0,11082.0,11169.0,605570,477441,10181783.8845,11209.0,10926.0,AG
117,AG2512,2025-10-10,11424.0,11490.0,10962.0,11082.0,1701266,460118,28616918.379,11213.0,11209.0,AG
117,AG2512,2025-10-13,11189.0,11584.0,10937.0,11531.0,1879157,495579,31672042.7445,11236.0,11213.0,AG
117,AG2512,2025-10-14,11582.0,12096.0,11368.0,11533.0,2421975,467690,42497167.329,11697.0,11236.0,AG
117,AG2512,2025-10-15,11430.0,11973.0,11368.0,11966.0,2033514,477807,35614896.7635,11675.0,11697.0,AG
117,AG2512,2025-10-16,11938.0,12296.0,11835.0,12017.0,2204572,468355,39689173.9935,12002.0,11675.0,AG
117,AG2512,2025-10-17,12023.0,12366.0,12023.0,12249.0,2646253,471162,48546888.6135,12230.0,12002.0,AG
117,AG2512,2025-10-20,12057.0,12070.0,11592.0,11742.0,2455760,432663,43403708.9775,11782.0,12230.0,AG
117,AG2512,2025-10-21,11982.0,11991.0,11690.0,11805.0,1582985,424554,28166659.923,11862.0,11782.0,AG
117,AG2512,2025-10-22,11400.0,11465.0,11205.0,11404.0,1682838,386233,28594344.6735,11327.0,11862.0,AG
117,AG2512,2025-10-23,11255.0,11486.0,11239.0,11467.0,977615,377229,16643226.7335,11349.0,11327.0,AG
117,AG2512,2025-10-24,11515.0,11575.0,11281.0,11332.0,906642,365976,15569747.157,11448.0,11349.0,AG
117,AG2512,2025-10-27,11310.0,11510.0,11308.0,11394.0,762347,341694,13070275.4145,11429.0,11448.0,AG
117,AG2512,2025-10-28,11268.0,11307.0,11001.0,11049.0,1052828,321876,17570373.1485,11125.0,11429.0,AG
117,AG2512,2025-10-29,11029.0,11345.0,11020.0,11338.0,747886,304414,12557334.045,11193.0,11125.0,AG
117,AG2512,2025-10-30,11427.0,11438.0,11122.0,11253.0,820874,283230,13891926.4605,11282.0,11193.0,AG
117,AG2512,2025-10-31,11245.0,11534.0,11235.0,11441.0,877344,279241,15016340.703,11410.0,11282.0,AG
117,AG2512,2025-11-03,11449.0,11483.0,11245.0,11455.0,752034,261467,12848147.8935,11389.0,11410.0,AG
117,AG2512,2025-11-04,11455.0,11504.0,11188.0,11238.0,783853,257090,13356468.543,11359.0,11389.0,AG
117,AG2512,2025-11-05,11230.0,11320.0,11103.0,11276.0,805726,244274,13541706.6285,11204.0,11359.0,AG
117,AG2512,2025-11-06,11297.0,11443.0,11255.0,11427.0,571201,245863,9722790.168,11347.0,11204.0,AG
117,AG2512,2025-11-07,11449.0,11493.0,11264.0,11484.0,684427,245517,11697738.591,11394.0,11347.0,AG
117,AG2512,2025-11-10,11455.0,11734.0,11367.0,11719.0,1015910,243217,17543965.7745,11512.0,11394.0,AG
117,AG2512,2025-11-11,11810.0,11961.0,11704.0,11880.0,675734,233702,11995634.67,11834.0,11512.0,AG
117,AG2512,2025-11-12,11906.0,12075.0,11820.0,12073.0,669617,235542,11987406.147,11934.0,11834.0,AG
117,AG2512,2025-11-13,12092.0,12639.0,12036.0,12588.0,1130701,231753,20957835.3225,12356.0,11934.0,AG
119,AG2602,2025-11-14,12599.0,12600.0,12331.0,12375.0,1038750,313877,19384536.474,12440.0,12382.0,AG
119,AG2602,2025-11-17,12220.0,12251.0,11854.0,11933.0,1558545,311515,28065371.0085,12004.0,12440.0,AG
118,AG2602,2025-11-18,11975.0,12027.0,11696.0,11699.0,1157926,322401,20648685.432,11888.0,12004.0,AG
118,AG2602,2025-11-19,11760.0,12173.0,11760.0,12148.0,1360286,340206,24404703.015,11960.0,11888.0,AG
118,AG2602,2025-11-20,12290.0,12306.0,11912.0,12050.0,1878447,349596,34175615.676,12129.0,11960.0,AG
118,AG2602,2025-11-21,12065.0,12145.0,11661.0,11680.0,2141453,346638,38366664.879,11944.0,12129.0,AG
118,AG2602,2025-11-24,11715.0,11977.0,11689.0,11808.0,1574854,347468,27879985.7685,11802.0,11944.0,AG
118,AG2602,2025-11-25,11890.0,12227.0,11840.0,12127.0,1369380,366660,24674436.4185,12012.0,11802.0,AG
118,AG2602,2025-11-26,12081.0,12276.0,11950.0,12227.0,1643769,385232,29883473.9025,12119.0,12012.0,AG
118,AG2602,2025-11-27,12250.0,12540.0,12161.0,12525.0,1827650,427960,33807159.3885,12331.0,12119.0,AG
118,AG2602,2025-11-28,12500.0,12755.0,12384.0,12727.0,1631347,467799,30695122.9185,12543.0,12331.0,AG
118,AG2602,2025-12-01,12720.0,13520.0,12675.0,13278.0,2703384,473217,53129453.595,13101.0,12543.0,AG
118,AG2602,2025-12-02,13303.0,13787.0,13303.0,13423.0,2464589,459321,49881861.621,13492.0,13101.0,AG
118,AG2602,2025-12-03,13485.0,13866.0,13430.0,13582.0,2664403,458527,54427618.5405,13618.0,13492.0,AG
118,AG2602,2025-12-04,13691.0,13826.0,13322.0,13424.0,2280887,452403,46619391.0435,13626.0,13618.0,AG
118,AG2602,2025-12-05,13382.0,13750.0,13232.0,13687.0,1704214,452319,34330975.6515,13429.0,13626.0,AG
118,AG2602,2025-12-08,13666.0,13918.0,13470.0,13706.0,2033731,435755,41793916.4535,13700.0,13429.0,AG
118,AG2602,2025-12-09,13726.0,13759.0,13517.0,13607.0,1309030,417326,26768761.149,13632.0,13700.0,AG
118,AG2602,2025-12-10,13761.0,14419.0,13735.0,14373.0,1814842,450557,38266897.1475,14057.0,13632.0,AG
118,AG2602,2025-12-11,14300.0,14665.0,14068.0,14488.0,1633505,423172,35172389.781,14354.0,14057.0,AG
118,AG2602,2025-12-12,14525.0,15033.0,14486.0,14892.0,1726584,414777,38263994.6715,14774.0,14354.0,AG
118,AG2602,2025-12-15,14974.0,15192.0,14237.0,14793.0,2357226,381828,52012691.199,14710.0,14774.0,AG
117,AG2602,2025-12-16,14944.0,14957.0,14454.0,14666.0,1571376,364062,34806744.792,14766.0,14710.0,AG
117,AG2602,2025-12-17,14690.0,15555.0,14619.0,15512.0,1627068,388994,36622900.413,15005.0,14766.0,AG
117,AG2602,2025-12-18,15447.0,15666.0,15224.0,15521.0,1571738,363402,36419059.1865,15447.0,15005.0,AG
117,AG2602,2025-12-19,15447.0,15519.0,15042.0,15376.0,1904227,337467,43658899.458,15284.0,15447.0,AG
117,AG2602,2025-12-22,15374.0,16282.0,15340.0,16210.0,1704712,341431,40309138.6515,15763.0,15284.0,AG
117,AG2602,2025-12-23,16200.0,16573.0,16088.0,16441.0,1230157,340510,30053667.417,16287.0,15763.0,AG
117,AG2602,2025-12-24,16510.0,17671.0,16360.0,17609.0,1367254,348865,34764464.7285,16950.0,16287.0,AG
119,AG2604,2025-12-25,17612.0,17637.0,16761.0,17408.0,1324140,199226,34135687.611,17186.0,16997.0,AG
119,AG2604,2025-12-26,17424.0,18638.0,17350.0,18308.0,1207605,217602,32798116.095,18106.0,17186.0,AG
119,AG2604,2025-12-29,18215.0,19959.0,17654.0,18201.0,2328363,216399,65899111.1295,18868.0,18106.0,AG
119,AG2604,2025-12-30,18250.0,18617.0,17188.0,18107.0,2059507,225839,55101800.703,17836.0,18868.0,AG
119,AG2604,2025-12-31,18518.0,18875.0,16870.0,17074.0,2299506,222892,62215774.854,18037.0,17836.0,AG
