date,symbol,close,log_return,extreme_left,extreme_right,extreme_event
2015-03-30,SN1507,118080.0,-0.010027469738415304,0,0,0
2015-03-31,SN1507,118160.0,0.0006772773709619713,0,0,0
2015-04-01,SN1507,117910.0,-0.0021180166345423504,0,0,0
2015-04-02,SN1507,118620.0,0.00600348482199859,0,0,0
2015-04-03,SN1507,118850.0,0.001937087395622323,0,0,0
2015-04-07,SN1507,118860.0,8.41361323117404e-05,0,0,0
2015-04-08,SN1507,117870.0,-0.008364007700036487,0,0,0
2015-04-09,SN1507,116790.0,-0.009204871948004003,0,0,0
2015-04-10,SN1507,115990.0,-0.00687346979668925,0,0,0
2015-04-13,SN1507,115940.0,-0.00043116458219805934,0,0,0
2015-04-14,SN1507,112300.0,-0.03189895416718929,1,0,-1
2015-04-15,SN1507,113850.0,0.013707930765351097,0,1,1
2015-04-16,SN1507,112880.0,-0.008556484965190023,0,0,0
2015-04-17,SN1507,110000.0,-0.025844941752142372,1,0,-1
2015-04-20,SN1507,111440.0,0.013005963679133984,0,1,1
2015-04-21,SN1507,111550.0,0.0009865914069912096,0,0,0
2015-04-22,SN1507,112940.0,0.012383783366149025,0,0,0
2015-04-23,SN1507,113300.0,0.003182463789269886,0,0,0
2015-04-24,SN1507,113940.0,0.005632826018288814,0,0,0
2015-04-27,SN1507,117960.0,0.03467358989482592,0,1,1
2015-04-28,SN1507,117400.0,-0.004758676553079398,0,0,0
2015-04-29,SN1507,115370.0,-0.017442552454797713,1,0,-1
2015-04-30,SN1507,117640.0,0.019484758746595977,0,1,1
2015-05-04,SN1507,118800.0,0.009812293242750273,0,0,0
2015-05-05,SN1507,118680.0,-0.0010106115059235032,0,0,0
2015-05-06,SN1507,123400.0,0.03900031604866641,0,1,1
2015-05-07,SN1507,122030.0,-0.011164195327539336,1,0,-1
2015-05-08,SN1507,121360.0,-0.0055055811034713294,0,0,0
2015-05-11,SN1507,122400.0,0.00853303503794893,0,0,0
2015-05-12,SN1507,119970.0,-0.020052658551389064,1,0,-1
2015-05-13,SN1507,120700.0,0.006066416576649111,0,0,0
2015-05-14,SN1507,119500.0,-0.00999175673192048,0,0,0
2015-05-15,SN1507,119100.0,-0.0033528950103109906,0,0,0
2015-05-18,SN1507,119250.0,0.0012586534071961062,0,0,0
2015-05-19,SN1507,118140.0,-0.009351767889361446,0,0,0
2015-05-20,SN1507,115850.0,-0.01957411100070395,1,0,-1
2015-05-21,SN1507,119190.0,0.028422607616232012,0,1,1
2015-05-22,SN1507,117980.0,-0.010203739919688039,0,0,0
2015-05-25,SN1507,117590.0,-0.003311120739604792,0,0,0
2015-05-26,SN1507,118270.0,0.005766148427701037,0,0,0
2015-05-27,SN1507,116560.0,-0.014563984376076106,1,0,-1
2015-05-28,SN1507,116960.0,0.00342583411451901,0,0,0
2015-05-29,SN1507,116160.0,-0.0068634449249824,0,0,0
2015-06-01,SN1507,116120.0,-0.00034441192005680524,0,0,0
2015-06-02,SN1507,116520.0,0.0034387929348046477,0,0,0
2015-06-03,SN1507,115680.0,-0.007235173680779337,0,0,0
2015-06-04,SN1507,114800.0,-0.007636274524988485,0,0,0
2015-06-05,SN1507,114260.0,-0.004714930589149541,0,0,0
2015-06-08,SN1507,114700.0,0.003843470839008558,0,0,0
2015-06-09,SN1507,115080.0,0.00330751454802218,0,0,0
2015-06-10,SN1507,115440.0,0.0031233757822683762,0,0,0
2015-06-11,SN1507,115420.0,-0.00017326518279510046,0,0,0
2015-06-12,SN1507,113700.0,-0.01501424852632997,1,0,-1
2015-06-15,SN1507,113160.0,-0.004760654323123896,0,0,0
2015-06-16,SN1507,111780.0,-0.01227009259181436,1,0,-1
2015-06-17,SN1507,111730.0,-0.00044740728230557625,0,0,0
2015-06-18,SN1507,112510.0,0.006956860023733863,0,0,0
2015-06-19,SN1507,113770.0,0.011136759968644655,0,0,0
2015-06-23,SN1507,114100.0,0.002896390316404895,0,0,0
2015-06-24,SN1507,113180.0,-0.00809578515365215,0,0,0
2015-06-25,SN1507,111460.0,-0.015313689572987442,1,0,-1
2015-06-26,SN1507,110540.0,-0.008288335736273397,0,0,0
2015-06-29,SN1509,111320.0,0.0070314902525730584,0,0,0
2015-06-30,SN1509,107530.0,-0.034639058255255095,1,0,-1
2015-07-01,SN1509,108260.0,0.006765862966396943,0,0,0
2015-07-02,SN1509,109700.0,0.013213625912352657,0,1,1
2015-07-03,SN1509,110000.0,0.0027309985112317337,0,0,0
2015-07-06,SN1509,107090.0,-0.026810763379632625,1,0,-1
2015-07-07,SN1509,107080.0,-9.338376063189754e-05,0,0,0
2015-07-08,SN1509,103710.0,-0.031977676050508864,1,0,-1
2015-07-09,SN1509,107800.0,0.038679115873253865,0,1,1
2015-07-10,SN1509,107840.0,0.00037098868910010813,0,0,0
2015-07-13,SN1509,107530.0,-0.002878768761561988,0,0,0
2015-07-14,SN1509,108800.0,0.011741456019407247,0,0,0
2015-07-15,SN1509,109690.0,0.008146871001400621,0,0,0
2015-07-16,SN1509,109350.0,-0.0031044583004658957,0,0,0
2015-07-17,SN1509,110490.0,0.01037127200230676,0,0,0
2015-07-20,SN1509,111530.0,0.009368593881362026,0,0,0
2015-07-21,SN1509,111000.0,-0.004763411694111432,0,0,0
2015-07-22,SN1509,108800.0,-0.020018866890491902,1,0,-1
2015-07-23,SN1509,108940.0,0.0012859375336860958,0,0,0
2015-07-24,SN1509,108210.0,-0.006723488371971125,0,0,0
2015-07-27,SN1509,108170.0,-0.0003697199413590608,0,0,0
2015-07-28,SN1509,109820.0,0.015138598208528364,0,1,1
2015-07-29,SN1509,111770.0,0.017600526546793598,0,1,1
2015-07-30,SN1509,110180.0,-0.014327796352949661,1,0,-1
2015-07-31,SN1509,109960.0,-0.0019987287475255393,0,0,0
2015-08-03,SN1509,108720.0,-0.011340893454156686,1,0,-1
2015-08-04,SN1509,108750.0,0.00027590012590512073,0,0,0
2015-08-05,SN1509,107490.0,-0.011653849983821381,1,0,-1
2015-08-06,SN1509,107350.0,-0.0013032956601820656,0,0,0
2015-08-07,SN1509,107410.0,0.0005587632851656795,0,0,0
2015-08-10,SN1509,107810.0,0.0037171309410708423,0,0,0
2015-08-11,SN1509,108490.0,0.006287584283332747,0,0,0
2015-08-12,SN1509,108400.0,-0.0008299138288134581,0,0,0
2015-08-13,SN1509,107790.0,-0.005643199212008789,0,0,0
2015-08-14,SN1509,107200.0,-0.005488641156835401,0,0,0
2015-08-17,SN1509,107390.0,0.0017708192334236132,0,0,0
2015-08-18,SN1509,107160.0,-0.0021440231937171752,0,0,0
2015-08-19,SN1509,107280.0,0.0011191942970150324,0,0,0
2015-08-20,SN1509,106940.0,-0.0031743094528375515,0,0,0
2015-08-21,SN1509,105380.0,-0.014695064739445768,1,0,-1
2015-08-24,SN1509,101980.0,-0.032796149154130025,1,0,-1
2015-08-25,SN1509,100760.0,-0.012035264142600244,1,0,-1
2015-08-26,SN1509,100210.0,-0.005473467414171931,0,0,0
2015-08-27,SN1509,100110.0,-0.0009984026388451784,0,0,0
2015-08-28,SN1509,101000.0,0.00885093540986706,0,0,0
2015-08-31,SN1509,99500.0,-0.014962872676712377,1,0,-1
2015-09-01,SN1509,99820.0,0.0032109198769160936,0,0,0
2015-09-02,SN1601,101540.0,0.017084245477784987,0,1,1
2015-09-07,SN1601,101680.0,0.001377817361950285,0,0,0
2015-09-08,SN1510,101500.0,-0.0017718283993566426,0,0,0
2015-09-09,SN1601,102140.0,0.00628562273765576,0,0,0
2015-09-10,SN1601,102500.0,0.003518377358964909,0,0,0
2015-09-11,SN1601,103030.0,0.005157409378513802,0,0,0
2015-09-14,SN1601,102120.0,-0.008871615583693603,0,0,0
2015-09-15,SN1601,101460.0,-0.006483960234739172,0,0,0
2015-09-16,SN1601,102190.0,0.007169193485573728,0,0,0
2015-09-17,SN1601,101850.0,-0.003332682951302836,0,0,0
2015-09-18,SN1601,101300.0,-0.005414731418177109,0,0,0
2015-09-21,SN1601,100550.0,-0.0074312950359766376,0,0,0
2015-09-22,SN1601,99050.0,-0.015030343074101123,1,0,-1
2015-09-23,SN1601,98800.0,-0.0025271683907378394,0,0,0
2015-09-24,SN1601,98740.0,-0.0006074719231053466,0,0,0
2015-09-25,SN1601,98980.0,0.002427676693023202,0,0,0
2015-09-28,SN1601,97400.0,-0.016091598875250534,1,0,-1
2015-09-29,SN1601,97100.0,-0.003084835351210151,0,0,0
2015-09-30,SN1601,97100.0,0.0,0,0,0
2015-10-08,SN1601,98130.0,0.010551754921122921,0,0,0
2015-10-09,SN1601,99100.0,0.00983631111754004,0,0,0
2015-10-12,SN1601,99010.0,-0.0009085862015190165,0,0,0
2015-10-13,SN1601,98560.0,-0.004555355349213624,0,0,0
2015-10-14,SN1601,97510.0,-0.010710562938181978,0,0,0
2015-10-15,SN1601,99600.0,0.021207227743525014,0,1,1
2015-10-16,SN1601,98460.0,-0.011511790260497983,1,0,-1
2015-10-19,SN1601,98010.0,-0.004580860048966036,0,0,0
2015-10-20,SN1601,98190.0,0.00183486290011044,0,0,0
2015-10-21,SN1601,98420.0,0.0023396582566332954,0,0,0
2015-10-22,SN1601,98500.0,0.0008125127402109865,0,0,0
2015-10-23,SN1601,98490.0,-0.0001015279964322555,0,0,0
2015-10-26,SN1601,97450.0,-0.010615594228041177,0,0,0
2015-10-27,SN1601,97200.0,-0.0025687144871764126,0,0,0
2015-10-28,SN1601,95070.0,-0.022157249095454332,1,0,-1
2015-10-29,SN1601,94530.0,-0.005696217933646183,0,0,0
2015-10-30,SN1601,93350.0,-0.012561374449561269,1,0,-1
2015-11-02,SN1601,93610.0,0.0027813453959217977,0,0,0
2015-11-03,SN1601,93220.0,-0.004174924439058404,0,0,0
2015-11-04,SN1601,93010.0,-0.0022552766902192516,0,0,0
2015-11-05,SN1601,93210.0,0.0021479978186902293,0,0,0
2015-11-06,SN1601,91760.0,-0.015678539251950487,1,0,-1
2015-11-09,SN1601,91560.0,-0.0021819777367492947,0,0,0
2015-11-10,SN1601,90770.0,-0.008665660545830081,0,0,0
2015-11-11,SN1601,90040.0,-0.00807481850000438,0,0,0
2015-11-12,SN1601,90880.0,0.009285938934309628,0,0,0
2015-11-13,SN1601,89850.0,-0.011398341743273168,1,0,-1
2015-11-16,SN1601,89700.0,-0.0016708441648176058,0,0,0
2015-11-17,SN1601,88600.0,-0.0123389114537152,1,0,-1
2015-11-18,SN1601,88000.0,-0.0067950431328288015,0,0,0
2015-11-19,SN1601,85640.0,-0.02718435075672446,1,0,-1
2015-11-20,SN1601,85120.0,-0.0060904381281477625,0,0,0
2015-11-23,SN1601,81350.0,-0.045301191928287424,1,0,-1
2015-11-24,SN1601,81260.0,-0.0011069431054661326,0,0,0
2015-11-25,SN1601,83320.0,0.025034725833190483,0,1,1
2015-11-26,SN1601,84230.0,0.010862535934501195,0,0,0
2015-11-27,SN1601,84770.0,0.006390554293041965,0,0,0
2015-11-30,SN1601,84840.0,0.0008254230761674215,0,0,0
2015-12-01,SN1601,85260.0,0.004938281640582577,0,0,0
2015-12-02,SN1601,85710.0,0.005264093573727142,0,0,0
2015-12-03,SN1601,84080.0,-0.019200778342095718,1,0,-1
2015-12-04,SN1601,83760.0,-0.003813160006414265,0,0,0
2015-12-07,SN1601,85760.0,0.02359713076021054,0,1,1
2015-12-08,SN1601,84450.0,-0.015393054068682799,1,0,-1
2015-12-09,SN1601,84430.0,-0.00023685457240056991,0,0,0
2015-12-10,SN1601,84750.0,0.003782957579151138,0,0,0
2015-12-11,SN1601,86520.0,0.020669854824298374,0,1,1
2015-12-14,SN1601,88760.0,0.02556049697953507,0,1,1
2015-12-15,SN1601,88820.0,0.0006757517995631007,0,0,0
2015-12-16,SN1601,89380.0,0.0062850936413493316,0,0,0
2015-12-17,SN1601,91420.0,0.022567329398292865,0,1,1
2015-12-18,SN1601,94160.0,0.029531190048423007,0,1,1
2015-12-21,SN1605,97600.0,0.0358820304670255,0,1,1
2015-12-22,SN1605,96670.0,-0.009574376942532796,0,0,0
2015-12-23,SN1605,94200.0,-0.02588293489419665,1,0,-1
2015-12-24,SN1605,93780.0,-0.004468567920877131,0,0,0
2015-12-25,SN1605,93630.0,-0.0016007687106425336,0,0,0
2015-12-28,SN1605,91720.0,-0.020610386961094015,1,0,-1
2015-12-29,SN1605,92600.0,0.00954868366242995,0,0,0
2015-12-30,SN1605,93910.0,0.014047735164388462,0,1,1
2015-12-31,SN1605,93370.0,-0.005766782320687694,0,0,0
2016-01-04,SN1605,91710.0,-0.01793866992498165,1,0,-1
2016-01-05,SN1605,93000.0,0.013968068582403074,0,1,1
2016-01-06,SN1605,92720.0,-0.0030152941217597056,0,0,0
2016-01-07,SN1605,91700.0,-0.011061819769077047,1,0,-1
2016-01-08,SN1605,92630.0,0.01009068400351702,0,0,0
2016-01-11,SN1605,93000.0,0.003986429887319729,0,0,0
2016-01-12,SN1605,92450.0,-0.005931535320122034,0,0,0
2016-01-13,SN1605,92600.0,0.0016211838189999106,0,0,0
2016-01-14,SN1605,93190.0,0.00635127814543032,0,0,0
2016-01-15,SN1605,93090.0,-0.0010736526691655607,0,0,0
2016-01-18,SN1605,95060.0,0.02094150405746488,0,1,1
2016-01-19,SN1605,94790.0,-0.002844352720913174,0,0,0
2016-01-20,SN1605,93940.0,-0.009007637866101193,0,0,0
2016-01-21,SN1605,95240.0,0.013743741019813027,0,1,1
2016-01-22,SN1605,96150.0,0.00950945041612677,0,0,0
2016-01-25,SN1605,97730.0,0.01629910231595568,0,1,1
2016-01-26,SN1605,97700.0,-0.00030701530200728046,0,0,0
2016-01-27,SN1605,100380.0,0.027061425178050536,0,1,1
2016-01-28,SN1605,100260.0,-0.0011961723914302779,0,0,0
2016-01-29,SN1605,98280.0,-0.01994626418237903,1,0,-1
2016-02-01,SN1605,98440.0,0.0016266778698768168,0,0,0
2016-02-02,SN1605,98970.0,0.005369548385744643,0,0,0
2016-02-03,SN1605,98700.0,-0.0027318274691638792,0,0,0
2016-02-04,SN1605,99790.0,0.010983031456785268,0,0,0
2016-02-05,SN1605,99430.0,-0.003614098904238929,0,0,0
2016-02-15,SN1605,99930.0,0.005016061881715783,0,0,0
2016-02-16,SN1605,99190.0,-0.007432738115795548,0,0,0
2016-02-17,SN1605,98750.0,-0.004445798976671076,0,0,0
2016-02-18,SN1605,99340.0,0.005956905897973151,0,0,0
2016-02-19,SN1605,100250.0,0.00911875650747407,0,0,0
2016-02-22,SN1605,103290.0,0.02987349983186352,0,1,1
2016-02-23,SN1605,105540.0,0.021549461958979728,0,1,1
2016-02-24,SN1605,105160.0,-0.0036070281158413573,0,0,0
2016-02-25,SN1605,105180.0,0.0001901682995176675,0,0,0
2016-02-26,SN1605,103950.0,-0.011763153857176236,1,0,-1
2016-02-29,SN1605,103640.0,-0.0029866586101127,0,0,0
2016-03-01,SN1605,104100.0,0.0044286199270138936,0,0,0
2016-03-02,SN1605,104710.0,0.0058426486784474195,0,0,0
2016-03-03,SN1605,108540.0,0.03592414433588813,0,1,1
2016-03-04,SN1605,111600.0,0.02780228131195178,0,1,1
2016-03-07,SN1605,112890.0,0.01149284332624494,0,0,0
2016-03-08,SN1605,114540.0,0.014510213692255773,0,1,1
2016-03-09,SN1605,110110.0,-0.03944424084021145,1,0,-1
2016-03-10,SN1605,109000.0,-0.010131983896356063,0,0,0
2016-03-11,SN1605,109950.0,0.008677834771626449,0,0,0
2016-03-14,SN1605,109880.0,-0.0006368557736970856,0,0,0
2016-03-15,SN1605,108720.0,-0.010613091384184878,0,0,0
2016-03-16,SN1605,109500.0,0.0071487794136673305,0,0,0
2016-03-17,SN1605,110000.0,0.004555816535860661,0,0,0
2016-03-18,SN1605,112860.0,0.025667746748577813,0,1,1
2016-03-21,SN1605,109400.0,-0.031137222553113172,1,0,-1
2016-03-22,SN1605,108990.0,-0.0037547550866606112,0,0,0
2016-03-23,SN1605,109040.0,0.00045865248705693275,0,0,0
2016-03-24,SN1605,110270.0,0.011217116382309876,0,0,0
2016-03-25,SN1605,112020.0,0.015745523011099084,0,1,1
2016-03-28,SN1605,108600.0,-0.03100601928185121,1,0,-1
2016-03-29,SN1605,108470.0,-0.0011977704477088994,0,0,0
2016-03-30,SN1605,105090.0,-0.03165651117462101,1,0,-1
2016-03-31,SN1605,103490.0,-0.015342136197423504,1,0,-1
2016-04-01,SN1605,104830.0,0.012865000784399535,0,1,1
2016-04-05,SN1605,105360.0,0.00504306697054421,0,0,0
2016-04-06,SN1605,106040.0,0.006433323985799164,0,0,0
2016-04-07,SN1605,107080.0,0.009759837231327074,0,0,0
2016-04-08,SN1605,106530.0,-0.005149583029045534,0,0,0
2016-04-11,SN1605,109060.0,0.023471553874809304,0,1,1
2016-04-12,SN1605,108440.0,-0.00570116486745071,0,0,0
2016-04-13,SN1605,110660.0,0.02026541283949893,0,1,1
2016-04-14,SN1605,112120.0,0.013107288826623795,0,1,1
2016-04-15,SN1605,111570.0,-0.004917529691499194,0,0,0
2016-04-18,SN1605,110180.0,-0.01253680456051789,1,0,-1
2016-04-19,SN1605,111470.0,0.011640104356961566,0,0,0
2016-04-20,SN1605,111440.0,-0.0002691669299818468,0,0,0
2016-04-21,SN1605,114400.0,0.026214749474147328,0,1,1
2016-04-22,SN1605,111460.0,-0.02603529680430724,1,0,-1
2016-04-25,SN1605,109520.0,-0.01755860116119689,1,0,-1
2016-04-26,SN1605,108100.0,-0.013050456335030904,1,0,-1
2016-04-27,SN1609,110100.0,0.018332319083471656,0,1,1
2016-04-28,SN1609,108800.0,-0.011877709306791977,1,0,-1
2016-04-29,SN1609,110330.0,0.013964540350372541,0,1,1
2016-05-03,SN1609,112400.0,0.018588062687375954,0,1,1
2016-05-04,SN1609,112040.0,-0.003207987067682948,0,0,0
2016-05-05,SN1609,113480.0,0.012770659548742716,0,1,1
2016-05-06,SN1609,111360.0,-0.018858413354541113,1,0,-1
2016-05-09,SN1609,110770.0,-0.005312217057268067,0,0,0
2016-05-10,SN1609,108930.0,-0.01675050543448734,1,0,-1
2016-05-11,SN1609,109550.0,0.005675591947121418,0,0,0
2016-05-12,SN1609,110820.0,0.011526197397728087,0,0,0
2016-05-13,SN1609,107500.0,-0.030416415871486076,1,0,-1
2016-05-16,SN1609,107860.0,0.0033432423413633774,0,0,0
2016-05-17,SN1609,108220.0,0.0033321023055082346,0,0,0
2016-05-18,SN1609,106580.0,-0.015270315345953004,1,0,-1
2016-05-19,SN1609,106730.0,0.0014064040572372893,0,0,0
2016-05-20,SN1609,107150.0,0.003927440993712362,0,0,0
2016-05-23,SN1609,105930.0,-0.011451223311181242,1,0,-1
2016-05-24,SN1609,105510.0,-0.003972763454403984,0,0,0
2016-05-25,SN1609,104690.0,-0.0078021328227372315,0,0,0
2016-05-26,SN1609,106500.0,0.017141382818216273,0,1,1
2016-05-27,SN1609,108310.0,0.016852500698165955,0,1,1
2016-05-30,SN1609,108000.0,-0.0028662587234260925,0,0,0
2016-05-31,SN1609,108650.0,0.006000479578218857,0,0,0
2016-06-01,SN1609,106150.0,-0.0232785185531735,1,0,-1
2016-06-02,SN1609,108100.0,0.018203536495897593,0,1,1
2016-06-03,SN1609,107540.0,-0.005193853263630595,0,0,0
2016-06-06,SN1609,109300.0,0.016233523800960895,0,1,1
2016-06-07,SN1609,109510.0,0.0019194741051748294,0,0,0
2016-06-08,SN1609,109270.0,-0.002193985705013733,0,0,0
2016-06-13,SN1609,111570.0,0.020830313022434422,0,1,1
2016-06-14,SN1609,111890.0,0.0028640492145413305,0,0,0
2016-06-15,SN1609,111760.0,-0.001162530870923371,0,0,0
2016-06-16,SN1609,111440.0,-0.002867385477156091,0,0,0
2016-06-17,SN1609,112800.0,0.012130009592408298,0,0,0
2016-06-20,SN1609,112300.0,-0.004442477319561074,0,0,0
2016-06-21,SN1609,110920.0,-0.012364640996820228,1,0,-1
2016-06-22,SN1609,111670.0,0.006738872710123438,0,0,0
2016-06-23,SN1609,111480.0,-0.0017028908439533283,0,0,0
2016-06-24,SN1609,110600.0,-0.007925113525513004,0,0,0
2016-06-27,SN1609,112880.0,0.020405218456324124,0,1,1
2016-06-28,SN1609,112600.0,-0.0024835918389685676,0,0,0
2016-06-29,SN1609,111630.0,-0.008651884678949192,0,0,0
2016-06-30,SN1609,112770.0,0.010160515217555406,0,0,0
2016-07-01,SN1609,118000.0,0.04533427822146839,0,1,1
2016-07-04,SN1609,122770.0,0.039628061727083844,0,1,1
2016-07-05,SN1609,120330.0,-0.02007471774267732,1,0,-1
2016-07-06,SN1609,117270.0,-0.025758999977098056,1,0,-1
2016-07-07,SN1609,116920.0,-0.00298902822992797,0,0,0
2016-07-08,SN1609,114900.0,-0.01742775538833515,1,0,-1
2016-07-11,SN1609,117570.0,0.02297171602493978,0,1,1
2016-07-12,SN1609,119840.0,0.019123618889259474,0,1,1
2016-07-13,SN1609,119070.0,-0.006445964305825643,0,0,0
2016-07-14,SN1609,118000.0,-0.00902693099741899,0,0,0
2016-07-15,SN1609,119730.0,0.014554583263087471,0,1,1
2016-07-18,SN1609,117030.0,-0.022808895542077372,1,0,-1
2016-07-19,SN1609,117350.0,0.002730610110357725,0,0,0
2016-07-20,SN1609,118090.0,0.006286123316157681,0,0,0
2016-07-21,SN1609,118800.0,0.005994361315354326,0,0,0
2016-07-22,SN1609,117960.0,-0.007095822981469105,0,0,0
2016-07-25,SN1609,117530.0,-0.0036519638023127616,0,0,0
2016-07-26,SN1609,118130.0,0.00509209281566571,0,0,0
2016-07-27,SN1609,120900.0,0.023178044660318354,0,1,1
2016-07-28,SN1609,121340.0,0.003632764893404694,0,0,0
2016-07-29,SN1609,120070.0,-0.010521616471525101,0,0,0
2016-08-01,SN1609,119760.0,-0.002585165931253661,0,0,0
2016-08-02,SN1609,120540.0,0.006491907943525164,0,0,0
2016-08-03,SN1609,119470.0,-0.008916354225765604,0,0,0
2016-08-04,SN1609,117730.0,-0.01467142673902699,1,0,-1
2016-08-05,SN1609,120300.0,0.02159475589052785,0,1,1
2016-08-08,SN1609,122200.0,0.015670423756861843,0,1,1
2016-08-09,SN1609,122440.0,0.0019620673397167257,0,0,0
2016-08-10,SN1609,124650.0,0.017888695892355044,0,1,1
2016-08-11,SN1609,123620.0,-0.008297465738439648,0,0,0
2016-08-12,SN1609,124330.0,0.005726976733718835,0,0,0
2016-08-15,SN1609,122270.0,-0.01670760680874744,1,0,-1
2016-08-16,SN1609,123450.0,0.009604501635089729,0,0,0
2016-08-17,SN1609,122480.0,-0.007888464441760237,0,0,0
2016-08-18,SN1609,121180.0,-0.010670707832585374,0,0,0
2016-08-19,SN1609,122000.0,0.00674400121641353,0,0,0
2016-08-22,SN1609,121840.0,-0.0013123361463502376,0,0,0
2016-08-23,SN1609,121750.0,-0.0007389466242071855,0,0,0
2016-08-24,SN1609,124120.0,0.019279077617480343,0,1,1
2016-08-25,SN1701,123900.0,-0.001774050945082698,0,0,0
2016-08-26,SN1701,124200.0,0.0024183808642816527,0,0,0
2016-08-29,SN1701,125200.0,0.008019289166619797,0,0,0
2016-08-30,SN1701,124750.0,-0.0036007240343700823,0,0,0
2016-08-31,SN1701,123750.0,-0.008048333182828372,0,0,0
2016-09-01,SN1701,125220.0,0.011808788868364643,0,0,0
2016-09-02,SN1701,128200.0,0.02351935416940518,0,1,1
2016-09-05,SN1701,128200.0,0.0,0,0,0
2016-09-06,SN1701,127520.0,-0.005318329444664772,0,0,0
2016-09-07,SN1701,128050.0,0.004147597603629343,0,0,0
2016-09-08,SN1701,127280.0,-0.00603142861600279,0,0,0
2016-09-09,SN1701,127110.0,-0.0013365307229539125,0,0,0
2016-09-12,SN1701,122470.0,-0.03718675127338162,1,0,-1
2016-09-13,SN1701,122690.0,0.0017947467698954844,0,0,0
2016-09-14,SN1701,122750.0,0.0004889178715384902,0,0,0
2016-09-19,SN1701,123780.0,0.008356029636585606,0,0,0
2016-09-20,SN1701,124530.0,0.006040854421841533,0,0,0
2016-09-21,SN1701,124380.0,-0.0012052550573138391,0,0,0
2016-09-22,SN1701,126220.0,0.014685020480350282,0,1,1
2016-09-23,SN1701,127060.0,0.00663299968229372,0,0,0
2016-09-26,SN1701,127010.0,-0.0003935923221590883,0,0,0
2016-09-27,SN1701,127330.0,0.0025163180691160723,0,0,0
2016-09-28,SN1701,127500.0,0.0013342230131366622,0,0,0
2016-09-29,SN1701,128160.0,0.005163118721568298,0,0,0
2016-09-30,SN1701,128700.0,0.00420463128203187,0,0,0
2016-10-10,SN1701,129370.0,0.005192401327729612,0,0,0
2016-10-11,SN1701,129890.0,0.0040114224893819765,0,0,0
2016-10-12,SN1701,129000.0,-0.00687553405752045,0,0,0
2016-10-13,SN1701,128100.0,-0.007001195458983588,0,0,0
2016-10-14,SN1701,126900.0,-0.009411834182346595,0,0,0
2016-10-17,SN1701,128210.0,0.010270169844267383,0,0,0
2016-10-18,SN1701,128740.0,0.004125322059860477,0,0,0
2016-10-19,SN1701,128760.0,0.0001553398061376706,0,0,0
2016-10-20,SN1701,129570.0,0.006271069210112091,0,0,0
2016-10-21,SN1701,131980.0,0.01842912031455606,0,1,1
2016-10-24,SN1701,132350.0,0.0027995327178346146,0,0,0
2016-10-25,SN1701,134190.0,0.013806777439756172,0,1,1
2016-10-26,SN1701,133350.0,-0.006279455484843136,0,0,0
2016-10-27,SN1701,133100.0,-0.0018765252269573457,0,0,0
2016-10-28,SN1701,135670.0,0.019124741096151286,0,1,1
2016-10-31,SN1701,135360.0,-0.002287570639304073,0,0,0
2016-11-01,SN1701,137600.0,0.01641302964133005,0,1,1
2016-11-02,SN1701,135680.0,-0.014051753455650302,1,0,-1
2016-11-03,SN1701,137970.0,0.016737098176349184,0,1,1
2016-11-04,SN1701,142710.0,0.03377832889235777,0,1,1
2016-11-07,SN1701,147400.0,0.03233538064293645,0,1,1
2016-11-08,SN1701,150240.0,0.019084035704716614,0,1,1
2016-11-09,SN1701,149890.0,-0.002332323717448398,0,0,0
2016-11-10,SN1701,153700.0,0.025100958802045836,0,1,1
2016-11-11,SN1701,152980.0,-0.004695456650830226,0,0,0
2016-11-14,SN1701,146410.0,-0.0438962886883292,1,0,-1
2016-11-15,SN1701,143950.0,-0.01694488814720588,1,0,-1
2016-11-16,SN1701,145030.0,0.007474600513973776,0,0,0
2016-11-17,SN1701,141520.0,-0.024499567720628813,1,0,-1
2016-11-18,SN1701,140380.0,-0.008088018549254401,0,0,0
2016-11-21,SN1701,143390.0,0.021215159424672503,0,1,1
2016-11-22,SN1701,147450.0,0.027920944534337463,0,1,1
2016-11-23,SN1701,146970.0,-0.00326065094269213,0,0,0
2016-11-24,SN1701,146700.0,-0.001838799169657135,0,0,0
2016-11-25,SN1701,145820.0,-0.006016700770651814,0,0,0
2016-11-28,SN1701,149050.0,0.021908835745796156,0,1,1
2016-11-29,SN1701,142650.0,-0.04388774246457146,1,0,-1
2016-11-30,SN1701,140110.0,-0.017966249276368893,1,0,-1
2016-12-01,SN1701,145740.0,0.039396383858996124,0,1,1
2016-12-02,SN1701,143900.0,-0.012705598348814023,1,0,-1
2016-12-05,SN1701,144160.0,0.001805179966705592,0,0,0
2016-12-06,SN1701,145000.0,0.005809948560546684,0,0,0
2016-12-07,SN1701,146060.0,0.007283753771389284,0,0,0
2016-12-08,SN1701,144590.0,-0.010115345151928723,0,0,0
2016-12-09,SN1701,144050.0,-0.003741689509497452,0,0,0
2016-12-12,SN1701,143280.0,-0.005359703778081118,0,0,0
2016-12-13,SN1701,148090.0,0.033019439296955604,0,1,1
2016-12-14,SN1701,148390.0,0.002023745968623027,0,0,0
2016-12-15,SN1701,150720.0,0.015579867810017968,0,1,1
2016-12-16,SN1701,148720.0,-0.013358467414864406,1,0,-1
2016-12-19,SN1701,144210.0,-0.030794772839209516,1,0,-1
2016-12-20,SN1701,144150.0,-0.0004161464895677968,0,0,0
2016-12-21,SN1701,144430.0,0.00194053702866414,0,0,0
2016-12-22,SN1701,143150.0,-0.00890192956895133,0,0,0
2016-12-23,SN1701,143790.0,0.004460870295525612,0,0,0
2016-12-26,SN1701,140520.0,-0.02300407444202327,1,0,-1
2016-12-27,SN1701,144950.0,0.031039027970038227,0,1,1
2016-12-28,SN1705,146980.0,0.013907667733060717,0,1,1
2016-12-29,SN1705,147810.0,0.005631142123256213,0,0,0
2016-12-30,SN1705,146820.0,-0.006720318541346061,0,0,0
2017-01-03,SN1705,150270.0,0.023226329354999825,0,1,1
2017-01-04,SN1705,150720.0,0.002990134790417879,0,0,0
2017-01-05,SN1705,154930.0,0.027549591180147534,0,1,1
2017-01-06,SN1705,152900.0,-0.013189289073183784,1,0,-1
2017-01-09,SN1705,153260.0,0.0023517126072417223,0,0,0
2017-01-10,SN1705,154800.0,0.009998135613368387,0,0,0
2017-01-11,SN1705,153180.0,-0.010520260674179278,0,0,0
2017-01-12,SN1705,149590.0,-0.023715482095077883,1,0,-1
2017-01-13,SN1705,149200.0,-0.0026105306167090517,0,0,0
2017-01-16,SN1705,150280.0,0.007212532936107654,0,0,0
2017-01-17,SN1705,146840.0,-0.02315666207713456,1,0,-1
2017-01-18,SN1705,147710.0,0.0059073334238748535,0,0,0
2017-01-19,SN1705,148200.0,0.0033118208094780346,0,0,0
2017-01-20,SN1705,144080.0,-0.02819401199428589,1,0,-1
2017-01-23,SN1705,144820.0,0.0051228910929740565,0,0,0
2017-01-24,SN1705,145560.0,0.005096780783284279,0,0,0
2017-01-25,SN1705,148220.0,0.018109283779253735,0,1,1
2017-01-26,SN1705,149030.0,0.0054499714374885815,0,0,0
2017-02-03,SN1705,146100.0,-0.019856309204047646,1,0,-1
2017-02-06,SN1705,145510.0,-0.0040465059844664785,0,0,0
2017-02-07,SN1705,144600.0,-0.0062735030475230096,0,0,0
2017-02-08,SN1705,143960.0,-0.004435826513834346,0,0,0
2017-02-09,SN1705,145730.0,0.012220111334775397,0,0,0
2017-02-10,SN1705,146040.0,0.002124962241830783,0,0,0
2017-02-13,SN1705,150350.0,0.029085352647102,0,1,1
2017-02-14,SN1705,150750.0,0.0026569261727566896,0,0,0
2017-02-15,SN1705,148500.0,-0.015037877364540559,1,0,-1
2017-02-16,SN1705,148510.0,6.733780009955361e-05,0,0,0
2017-02-17,SN1705,146690.0,-0.012330779543182367,1,0,-1
2017-02-20,SN1705,147970.0,0.008688034014771332,0,0,0
2017-02-21,SN1705,149000.0,0.006936755431016235,0,0,0
2017-02-22,SN1705,148150.0,-0.005721031925884846,0,0,0
2017-02-23,SN1705,145200.0,-0.02011317162887859,1,0,-1
2017-02-24,SN1705,145530.0,0.0022701485345390775,0,0,0
2017-02-27,SN1705,147020.0,0.010186381020706634,0,0,0
2017-02-28,SN1705,145750.0,-0.008675806715339858,0,0,0
2017-03-01,SN1705,145980.0,0.0015768007928844293,0,0,0
2017-03-02,SN1705,147650.0,0.011374982166445322,0,0,0
2017-03-03,SN1705,145900.0,-0.011923152661191703,1,0,-1
2017-03-06,SN1705,145090.0,-0.005567216001146242,0,0,0
2017-03-07,SN1705,144390.0,-0.004836267544466136,0,0,0
2017-03-08,SN1705,142880.0,-0.010512854854938782,0,0,0
2017-03-09,SN1705,140930.0,-0.013741803924769187,1,0,-1
2017-03-10,SN1705,142890.0,0.013811790277459077,0,1,1
2017-03-13,SN1705,145180.0,0.015899248375815935,0,1,1
2017-03-14,SN1705,144110.0,-0.0073974550064244094,0,0,0
2017-03-15,SN1705,145880.0,0.012207469090209262,0,0,0
2017-03-16,SN1705,147250.0,0.009347456591216548,0,0,0
2017-03-17,SN1705,146750.0,-0.00340136382349029,0,0,0
2017-03-20,SN1705,146950.0,0.0013619341567205755,0,0,0
2017-03-21,SN1705,146580.0,-0.00252103836722225,0,0,0
2017-03-22,SN1705,145790.0,-0.005404124380973505,0,0,0
2017-03-23,SN1705,146550.0,0.0051994370401709225,0,0,0
2017-03-24,SN1705,146330.0,-0.0015023220525663347,0,0,0
2017-03-27,SN1705,142470.0,-0.026732893875195018,1,0,-1
2017-03-28,SN1705,142650.0,0.0012626264303687892,0,0,0
2017-03-29,SN1705,143660.0,0.007055318987146603,0,0,0
2017-03-30,SN1705,143000.0,-0.00460476638674829,0,0,0
2017-03-31,SN1705,142680.0,-0.0022402697692165555,0,0,0
2017-04-05,SN1705,143350.0,0.004684831838688025,0,0,0
2017-04-06,SN1705,146730.0,0.023304970889996616,0,1,1
2017-04-07,SN1705,145970.0,-0.0051930420768888765,0,0,0
2017-04-10,SN1705,145220.0,-0.005151287190386011,0,0,0
2017-04-11,SN1705,141630.0,-0.025031810725795627,1,0,-1
2017-04-12,SN1705,140800.0,-0.005877579502363013,0,0,0
2017-04-13,SN1705,142360.0,0.011018616918049817,0,0,0
2017-04-14,SN1705,140970.0,-0.009811958859157905,0,0,0
2017-04-17,SN1705,142880.0,0.013458015345354915,0,1,1
2017-04-18,SN1705,142300.0,-0.004067612032382226,0,0,0
2017-04-19,SN1705,140580.0,-0.012160783348047346,1,0,-1
2017-04-20,SN1705,140960.0,0.0026994404401100873,0,0,0
2017-04-21,SN1705,139720.0,-0.00883574224923815,0,0,0
2017-04-24,SN1705,137220.0,-0.01805494267588649,1,0,-1
2017-04-25,SN1705,137610.0,0.00283812001444562,0,0,0
2017-04-26,SN1705,137610.0,0.0,0,0,0
2017-04-27,SN1709,141050.0,0.024690840170815076,0,1,1
2017-04-28,SN1709,142420.0,0.009666001105973394,0,0,0
2017-05-02,SN1709,144660.0,0.015605722867155909,0,1,1
2017-05-03,SN1709,142960.0,-0.01182129056996204,1,0,-1
2017-05-04,SN1709,141580.0,-0.009699942505129452,0,0,0
2017-05-05,SN1709,140700.0,-0.006234964225699817,0,0,0
2017-05-08,SN1709,139610.0,-0.007777143119786801,0,0,0
2017-05-09,SN1709,141870.0,0.01605832432333754,0,1,1
2017-05-10,SN1709,141230.0,-0.004521378242921605,0,0,0
2017-05-11,SN1709,142250.0,0.007196305925467871,0,0,0
2017-05-12,SN1709,142050.0,-0.0014069647062433055,0,0,0
2017-05-15,SN1709,141600.0,-0.003172927040577609,0,0,0
2017-05-16,SN1709,141000.0,-0.004246290881451097,0,0,0
2017-05-17,SN1709,143190.0,0.015412529307746631,0,1,1
2017-05-18,SN1709,143960.0,0.005363063524914985,0,0,0
2017-05-19,SN1709,144050.0,0.000624978319707607,0,0,0
2017-05-22,SN1709,145150.0,0.007607228940101426,0,0,0
2017-05-23,SN1709,144990.0,-0.0011029159455365472,0,0,0
2017-05-24,SN1709,144290.0,-0.004839611215938041,0,0,0
2017-05-25,SN1709,146000.0,0.011781458399172053,0,0,0
2017-05-26,SN1709,144820.0,-0.008115029747661744,0,0,0
2017-05-31,SN1709,143240.0,-0.01097004683044279,0,0,0
2017-06-01,SN1709,143660.0,0.002927851516423508,0,0,0
2017-06-02,SN1709,142710.0,-0.006634797534355709,0,0,0
2017-06-05,SN1709,142500.0,-0.0014725994035946406,0,0,0
2017-06-06,SN1709,143300.0,0.005598335125421055,0,0,0
2017-06-07,SN1709,141700.0,-0.011228188137491466,1,0,-1
2017-06-08,SN1709,141810.0,0.00077598677661996,0,0,0
2017-06-09,SN1709,142040.0,0.0016205746016323716,0,0,0
2017-06-12,SN1709,142190.0,0.0010554833333960318,0,0,0
2017-06-13,SN1709,144860.0,0.0186035673588969,0,1,1
2017-06-14,SN1709,146260.0,0.009618101075625043,0,0,0
2017-06-15,SN1709,144790.0,-0.010101443049474856,0,0,0
2017-06-16,SN1709,145600.0,0.0055787189692552966,0,0,0
2017-06-19,SN1709,144440.0,-0.007998939353328568,0,0,0
2017-06-20,SN1709,143230.0,-0.008412466617483263,0,0,0
2017-06-21,SN1709,142950.0,-0.0019568110234529745,0,0,0
2017-06-22,SN1709,144700.0,0.01216771486911726,0,0,0
2017-06-23,SN1709,144440.0,-0.001798437228181224,0,0,0
2017-06-26,SN1709,142880.0,-0.010859079281068046,0,0,0
2017-06-27,SN1709,142970.0,0.0006297009128837594,0,0,0
2017-06-28,SN1709,144450.0,0.010298608871171398,0,0,0
2017-06-29,SN1709,145190.0,0.00510980258335216,0,0,0
2017-06-30,SN1709,145650.0,0.0031632539098473272,0,0,0
2017-07-03,SN1709,145610.0,-0.00027466868263052236,0,0,0
2017-07-04,SN1709,144760.0,-0.005854616027271435,0,0,0
2017-07-05,SN1709,145530.0,0.005305052229693098,0,0,0
2017-07-06,SN1709,143830.0,-0.011750204309436936,1,0,-1
2017-07-07,SN1709,144340.0,0.0035395810283292933,0,0,0
2017-07-10,SN1709,143420.0,-0.0063942391896983425,0,0,0
2017-07-11,SN1709,144750.0,0.009230727998675714,0,0,0
2017-07-12,SN1709,145420.0,0.004617990768806228,0,0,0
2017-07-13,SN1709,145900.0,0.0032953483068292834,0,0,0
2017-07-14,SN1709,143400.0,-0.01728352736321994,1,0,-1
2017-07-17,SN1709,145450.0,0.01419445677569065,0,1,1
2017-07-18,SN1709,145600.0,0.0010307508213748854,0,0,0
2017-07-19,SN1709,147400.0,0.01228684399265059,0,0,0
2017-07-20,SN1709,146260.0,-0.007764119912431049,0,0,0
2017-07-21,SN1709,145500.0,-0.005209773231257968,0,0,0
2017-07-24,SN1709,146540.0,0.007122342120270712,0,0,0
2017-07-25,SN1709,147050.0,0.0034742362681862726,0,0,0
2017-07-26,SN1709,146840.0,-0.0014291063713704599,0,0,0
2017-07-27,SN1709,150320.0,0.023422796476576264,0,1,1
2017-07-28,SN1709,149080.0,-0.008283280494152232,0,0,0
2017-07-31,SN1709,149910.0,0.005552039413165664,0,0,0
2017-08-01,SN1709,147290.0,-0.017631681522771687,1,0,-1
2017-08-02,SN1709,146300.0,-0.0067441244753730974,0,0,0
2017-08-03,SN1709,147360.0,0.007219264480918086,0,0,0
2017-08-04,SN1709,148410.0,0.007100141400730178,0,0,0
2017-08-07,SN1709,147990.0,-0.0028340099939703337,0,0,0
2017-08-08,SN1709,146860.0,-0.007664951890292122,0,0,0
2017-08-09,SN1709,147470.0,0.004145013239385084,0,0,0
2017-08-10,SN1709,147400.0,-0.0004747855076132842,0,0,0
2017-08-11,SN1709,145550.0,-0.012630309563603968,1,0,-1
2017-08-14,SN1709,144200.0,-0.009318445340783568,0,0,0
2017-08-15,SN1709,144700.0,0.0034614087865894746,0,0,0
2017-08-16,SN1709,143410.0,-0.008954972896317224,0,0,0
2017-08-17,SN1709,145540.0,0.01474330217781941,0,1,1
2017-08-18,SN1709,144700.0,-0.0057883292815021845,0,0,0
2017-08-21,SN1709,144700.0,0.0,0,0,0
2017-08-22,SN1709,144510.0,-0.0013139243271990497,0,0,0
2017-08-23,SN1709,142340.0,-0.015130147439114042,1,0,-1
2017-08-24,SN1709,143660.0,0.009230834775530522,0,0,0
2017-08-25,SN1709,143700.0,0.00027839643832359615,0,0,0
2017-08-28,SN1709,144110.0,0.0028491037652908814,0,0,0
2017-08-29,SN1709,144330.0,0.0015254475292017873,0,0,0
2017-08-30,SN1801,146270.0,0.01335188451952496,0,1,1
2017-08-31,SN1801,147970.0,0.011555321615445958,0,0,0
2017-09-01,SN1801,147650.0,-0.0021649423245112074,0,0,0
2017-09-04,SN1801,147540.0,-0.0007452827337754745,0,0,0
2017-09-05,SN1801,146630.0,-0.006186918467168408,0,0,0
2017-09-06,SN1801,145500.0,-0.007736320377440632,0,0,0
2017-09-07,SN1801,144920.0,-0.003994220584670752,0,0,0
2017-09-08,SN1801,144700.0,-0.0015192323894383367,0,0,0
2017-09-11,SN1801,144650.0,-0.0003456022152940544,0,0,0
2017-09-12,SN1801,145060.0,0.002830418513122221,0,0,0
2017-09-13,SN1801,145150.0,0.000620240535372526,0,0,0
2017-09-14,SN1801,144370.0,-0.0053882418289156585,0,0,0
2017-09-15,SN1801,142900.0,-0.010234363705901523,0,0,0
2017-09-18,SN1801,144300.0,0.009749380844003473,0,0,0
2017-09-19,SN1801,145270.0,0.00669961410496707,0,0,0
2017-09-20,SN1801,146220.0,0.006518256980377613,0,0,0
2017-09-21,SN1801,144770.0,-0.009966060699217646,0,0,0
2017-09-22,SN1801,144200.0,-0.0039450513151035324,0,0,0
2017-09-25,SN1801,145350.0,0.007943402154036334,0,0,0
2017-09-26,SN1801,147200.0,0.012647579289890982,0,1,1
2017-09-27,SN1801,147260.0,0.0004075256457948947,0,0,0
2017-09-28,SN1801,146320.0,-0.006403727857960525,0,0,0
2017-09-29,SN1801,146840.0,0.0035475545460232276,0,0,0
2017-10-09,SN1801,148300.0,0.009893690515252825,0,0,0
2017-10-10,SN1801,146750.0,-0.010506790435680596,0,0,0
2017-10-11,SN1801,145760.0,-0.0067690251965576535,0,0,0
2017-10-12,SN1801,146320.0,0.0038345705709621272,0,0,0
2017-10-13,SN1801,146920.0,0.004092216868856372,0,0,0
2017-10-16,SN1801,147880.0,0.006512913116964592,0,0,0
2017-10-17,SN1801,147090.0,-0.005356489737179565,0,0,0
2017-10-18,SN1801,145480.0,-0.011006024212463278,1,0,-1
2017-10-19,SN1801,144740.0,-0.005099590680806695,0,0,0
2017-10-20,SN1801,144600.0,-0.0009677197133172757,0,0,0
2017-10-23,SN1801,144750.0,0.0010368067284403084,0,0,0
2017-10-24,SN1801,145020.0,0.0018635474903419735,0,0,0
2017-10-25,SN1801,145010.0,-6.895838364284065e-05,0,0,0
2017-10-26,SN1801,145210.0,0.0013782649828423133,0,0,0
2017-10-27,SN1801,143710.0,-0.010383590456490602,0,0,0
2017-10-30,SN1801,143700.0,-6.95870011762204e-05,0,0,0
2017-10-31,SN1801,143680.0,-0.00013918853108980608,0,0,0
2017-11-01,SN1801,144410.0,0.005067871584584309,0,0,0
2017-11-02,SN1801,144160.0,-0.0017326822784459338,0,0,0
2017-11-03,SN1801,143920.0,-0.0016662042177501397,0,0,0
2017-11-06,SN1801,144220.0,0.0020823218463357942,0,0,0
2017-11-07,SN1801,142720.0,-0.010455242656914172,0,0,0
2017-11-08,SN1801,141750.0,-0.006819726223837749,0,0,0
2017-11-09,SN1801,142080.0,0.002325336635998444,0,0,0
2017-11-10,SN1801,143900.0,0.012728334649462091,0,1,1
2017-11-13,SN1801,143820.0,-0.000556096218974149,0,0,0
2017-11-14,SN1801,144010.0,0.001320223934943306,0,0,0
2017-11-15,SN1801,143010.0,-0.006968183724447269,0,0,0
2017-11-16,SN1801,143110.0,0.0006990074379403556,0,0,0
2017-11-17,SN1801,142480.0,-0.004411926341378192,0,0,0
2017-11-20,SN1801,142650.0,0.0011924386781027084,0,0,0
2017-11-21,SN1801,142940.0,0.0020308841323237563,0,0,0
2017-11-22,SN1801,142750.0,-0.0013301132557131552,0,0,0
2017-11-23,SN1801,141700.0,-0.007382701839484869,0,0,0
2017-11-24,SN1801,143280.0,0.01108861105582164,0,0,0
2017-11-27,SN1801,143120.0,-0.001117318551992648,0,0,0
2017-11-28,SN1801,142960.0,-0.0011185683492910988,0,0,0
2017-11-29,SN1801,142420.0,-0.00378443229719394,0,0,0
2017-11-30,SN1801,141590.0,-0.005844881257099192,0,0,0
2017-12-01,SN1801,140670.0,-0.006518835527274842,0,0,0
2017-12-04,SN1801,141700.0,0.007295424927030232,0,0,0
2017-12-05,SN1801,140350.0,-0.009572843888743283,0,0,0
2017-12-06,SN1801,140750.0,0.002845964211908342,0,0,0
2017-12-07,SN1801,139700.0,-0.007488000756883614,0,0,0
2017-12-08,SN1801,139230.0,-0.003370024341721995,0,0,0
2017-12-11,SN1801,137600.0,-0.011776316421950808,1,0,-1
2017-12-12,SN1801,137340.0,-0.001891322306712927,0,0,0
2017-12-13,SN1801,134120.0,-0.023724681594502535,1,0,-1
2017-12-14,SN1801,134600.0,0.003572495612599705,0,0,0
2017-12-15,SN1801,134390.0,-0.0015613966516546253,0,0,0
2017-12-18,SN1801,137420.0,0.02229590904395704,0,1,1
2017-12-19,SN1801,137150.0,-0.001966712219317625,0,0,0
2017-12-20,SN1801,137990.0,0.006106001379850904,0,0,0
2017-12-21,SN1801,137980.0,-7.247164550046687e-05,0,0,0
2017-12-22,SN1801,137680.0,-0.002176595214678692,0,0,0
2017-12-25,SN1801,138200.0,0.003769759430285467,0,0,0
2017-12-26,SN1801,141020.0,0.020199812957325095,0,1,1
2017-12-27,SN1805,142890.0,0.013173379189984118,0,1,1
2017-12-28,SN1805,144390.0,0.01044286850224891,0,0,0
2017-12-29,SN1805,144840.0,0.003111712914312681,0,0,0
2018-01-02,SN1805,145940.0,0.007565893440033589,0,0,0
2018-01-03,SN1805,145050.0,-0.006117067770061043,0,0,0
2018-01-04,SN1805,145310.0,0.0017908807651915327,0,0,0
2018-01-05,SN1805,145600.0,0.001993744429981016,0,0,0
2018-01-08,SN1805,144610.0,-0.006822672135884778,0,0,0
2018-01-09,SN1805,144620.0,6.914912010502732e-05,0,0,0
2018-01-10,SN1805,145300.0,0.004690957829431367,0,0,0
2018-01-11,SN1805,145150.0,-0.0010328801055982954,0,0,0
2018-01-12,SN1805,145400.0,0.0017208746287800613,0,0,0
2018-01-15,SN1805,144840.0,-0.003858880201978523,0,0,0
2018-01-16,SN1805,144970.0,0.0008971395653657287,0,0,0
2018-01-17,SN1805,144730.0,-0.0016568868132928953,0,0,0
2018-01-18,SN1805,143770.0,-0.006655137215012097,0,0,0
2018-01-19,SN1805,146050.0,0.015734228399248814,0,1,1
2018-01-22,SN1805,146690.0,0.004372487665921478,0,0,0
2018-01-23,SN1805,146900.0,0.0014305666801601531,0,0,0
2018-01-24,SN1805,146600.0,-0.002044293727280523,0,0,0
2018-01-25,SN1805,146890.0,0.001976217890772414,0,0,0
2018-01-26,SN1805,147090.0,0.001360636987928152,0,0,0
2018-01-29,SN1805,150950.0,0.025904011821596327,0,1,1
2018-01-30,SN1805,150020.0,-0.0061800376113575715,0,0,0
2018-01-31,SN1805,150150.0,0.000866175887849037,0,0,0
2018-02-01,SN1805,149270.0,-0.005878047784190945,0,0,0
2018-02-02,SN1805,148690.0,-0.0038931449360164786,0,0,0
2018-02-05,SN1805,150110.0,0.009504756962952794,0,0,0
2018-02-06,SN1805,150000.0,-0.0007330645758289757,0,0,0
2018-02-07,SN1805,151250.0,0.008298802814695064,0,0,0
2018-02-08,SN1805,149360.0,-0.012574597677483642,1,0,-1
2018-02-09,SN1805,147200.0,-0.014567292938691306,1,0,-1
2018-02-12,SN1805,146340.0,-0.005859524838891949,0,0,0
2018-02-13,SN1805,146800.0,0.003138434724531248,0,0,0
2018-02-14,SN1805,148880.0,0.014069496153580099,0,1,1
2018-02-22,SN1805,147180.0,-0.011484284835542365,1,0,-1
2018-02-23,SN1805,147310.0,0.0008828823283940606,0,0,0
2018-02-26,SN1805,147480.0,0.001153363539096716,0,0,0
2018-02-27,SN1805,148250.0,0.005207464511891092,0,0,0
2018-02-28,SN1805,148070.0,-0.0012149029572073756,0,0,0
2018-03-01,SN1805,147330.0,-0.005010166201364617,0,0,0
2018-03-02,SN1805,147380.0,0.0003393166195903663,0,0,0
2018-03-05,SN1805,147610.0,0.0015593752100520573,0,0,0
2018-03-06,SN1805,146590.0,-0.006934086246965724,0,0,0
2018-03-07,SN1805,146580.0,-6.821980423559762e-05,0,0,0
2018-03-08,SN1805,145610.0,-0.006639539774890918,0,0,0
2018-03-09,SN1805,146460.0,0.005820538910110558,0,0,0
2018-03-12,SN1805,146970.0,0.0034761306856695034,0,0,0
2018-03-13,SN1805,146160.0,-0.005526572248841863,0,0,0
2018-03-14,SN1805,145170.0,-0.006796442596414432,0,0,0
2018-03-15,SN1805,144870.0,-0.0020686809197766583,0,0,0
2018-03-16,SN1805,144720.0,-0.0010359474665204717,0,0,0
2018-03-19,SN1805,144850.0,0.0008978831283197767,0,0,0
2018-03-20,SN1805,143750.0,-0.007623044537899589,0,0,0
2018-03-21,SN1805,143320.0,-0.002995787240706801,0,0,0
2018-03-22,SN1805,144820.0,0.010411699523921543,0,0,0
2018-03-23,SN1805,141480.0,-0.0233332276233948,1,0,-1
2018-03-26,SN1805,142260.0,0.00549800496808932,0,0,0
2018-03-27,SN1805,141920.0,-0.0023928507440997985,0,0,0
2018-03-28,SN1805,140690.0,-0.008704630172147464,0,0,0
2018-03-29,SN1805,141780.0,0.007717672037749564,0,0,0
2018-03-30,SN1805,144680.0,0.020247846657025757,0,1,1
2018-04-02,SN1805,146100.0,0.009766911672756694,0,0,0
2018-04-03,SN1805,145400.0,-0.004802753657234859,0,0,0
2018-04-04,SN1805,145250.0,-0.0010321693673983512,0,0,0
2018-04-09,SN1805,144750.0,-0.0034482792789159327,0,0,0
2018-04-10,SN1805,144650.0,-0.0006910850309605548,0,0,0
2018-04-11,SN1805,144280.0,-0.0025611753868058774,0,0,0
2018-04-12,SN1805,143160.0,-0.007792970137513136,0,0,0
2018-04-13,SN1805,143130.0,-0.00020957770169974794,0,0,0
2018-04-16,SN1805,144080.0,0.006615392671575261,0,0,0
2018-04-17,SN1805,144950.0,0.006020154499963968,0,0,0
2018-04-18,SN1805,145690.0,0.005092221298239991,0,0,0
2018-04-19,SN1805,145780.0,0.0006175592881624697,0,0,0
2018-04-20,SN1809,148480.0,0.01835163308382345,0,1,1
2018-04-23,SN1809,148150.0,-0.0022249950183161464,0,0,0
2018-04-24,SN1809,146290.0,-0.012634321029579464,1,0,-1
2018-04-25,SN1809,146100.0,-0.0012996342333408983,0,0,0
2018-04-26,SN1809,146760.0,0.0045072807304275325,0,0,0
2018-04-27,SN1809,147700.0,0.006384590050252848,0,0,0
2018-05-02,SN1809,147400.0,-0.002033209782097845,0,0,0
2018-05-03,SN1809,147290.0,-0.0007465472537845817,0,0,0
2018-05-04,SN1809,147800.0,0.0034565760126496333,0,0,0
2018-05-07,SN1809,147440.0,-0.0024386951525335876,0,0,0
2018-05-08,SN1809,146190.0,-0.008514167838043353,0,0,0
2018-05-09,SN1809,145400.0,-0.005418580424105494,0,0,0
2018-05-10,SN1809,146480.0,0.007400335266836328,0,0,0
2018-05-11,SN1809,145590.0,-0.006094448281020773,0,0,0
2018-05-14,SN1809,146130.0,0.003702184401326416,0,0,0
2018-05-15,SN1809,146290.0,0.0010943165034338264,0,0,0
2018-05-16,SN1809,145710.0,-0.003972607964231555,0,0,0
2018-05-17,SN1809,145940.0,0.001577233311711012,0,0,0
2018-05-18,SN1809,144980.0,-0.006599776464742375,0,0,0
2018-05-21,SN1809,146220.0,0.008516534992438223,0,0,0
2018-05-22,SN1809,145800.0,-0.00287651729061212,0,0,0
2018-05-23,SN1809,147260.0,0.009963912366012958,0,0,0
2018-05-24,SN1809,148220.0,0.006497924582642106,0,0,0
2018-05-25,SN1809,146540.0,-0.011399227791395027,1,0,-1
2018-05-28,SN1809,150490.0,0.02659820806680947,0,1,1
2018-05-29,SN1809,154670.0,0.02739717825142122,0,1,1
2018-05-30,SN1809,153300.0,-0.008897029172279958,0,0,0
2018-05-31,SN1809,154990.0,0.010963812831190847,0,0,0
2018-06-01,SN1809,154830.0,-0.0010328578802139055,0,0,0
2018-06-04,SN1809,151780.0,-0.01989563685297867,1,0,-1
2018-06-05,SN1809,151710.0,-0.00046130021576535225,0,0,0
2018-06-06,SN1809,152630.0,0.006045888167029275,0,0,0
2018-06-07,SN1809,153450.0,0.005358089138714476,0,0,0
2018-06-08,SN1809,152050.0,-0.00916536694237148,0,0,0
2018-06-11,SN1809,152140.0,0.0005917354457813678,0,0,0
2018-06-12,SN1809,151870.0,-0.0017762578269765305,0,0,0
2018-06-13,SN1809,147500.0,-0.02919671596230405,1,0,-1
2018-06-14,SN1809,147430.0,-0.0004746889181461235,0,0,0
2018-06-15,SN1809,147340.0,-0.0006106456070607825,0,0,0
2018-06-19,SN1809,144840.0,-0.01711315635722711,1,0,-1
2018-06-20,SN1809,146020.0,0.00811391373049923,0,0,0
2018-06-21,SN1809,145740.0,-0.0019193863858035913,0,0,0
2018-06-22,SN1809,146100.0,0.002467106514517743,0,0,0
2018-06-25,SN1809,145220.0,-0.0060414848045530775,0,0,0
2018-06-26,SN1809,145450.0,0.0015825509891099388,0,0,0
2018-06-27,SN1809,144960.0,-0.003374542646541409,0,0,0
2018-06-28,SN1809,144160.0,-0.005534048434641443,0,0,0
2018-06-29,SN1809,144210.0,0.0003467767139511827,0,0,0
2018-07-02,SN1809,145080.0,0.0060147438407225275,0,0,0
2018-07-03,SN1809,145640.0,0.0038525088925311164,0,0,0
2018-07-04,SN1809,144660.0,-0.006751661886097982,0,0,0
2018-07-05,SN1809,142600.0,-0.014342653440939147,1,0,-1
2018-07-06,SN1809,143350.0,0.0052456843491832175,0,0,0
2018-07-09,SN1809,143960.0,0.004246290881451004,0,0,0
2018-07-10,SN1809,144100.0,0.0009720197946465096,0,0,0
2018-07-11,SN1809,142590.0,-0.010534123711448618,0,0,0
2018-07-12,SN1809,144090.0,0.010464725050815034,0,0,0
2018-07-13,SN1809,145100.0,0.006985055545299387,0,0,0
2018-07-16,SN1809,144950.0,-0.0010343045224776757,0,0,0
2018-07-17,SN1809,144050.0,-0.006228393837127012,0,0,0
2018-07-18,SN1809,144640.0,0.004087435113328767,0,0,0
2018-07-19,SN1809,144480.0,-0.0011068069751911064,0,0,0
2018-07-20,SN1809,145360.0,0.006072334419240403,0,0,0
2018-07-23,SN1809,144820.0,-0.003721832127241017,0,0,0
2018-07-24,SN1809,144380.0,-0.003042879249659726,0,0,0
2018-07-25,SN1809,145520.0,0.007864821498851829,0,0,0
2018-07-26,SN1809,145520.0,0.0,0,0,0
2018-07-27,SN1809,146700.0,0.008076150939069283,0,0,0
2018-07-30,SN1809,147730.0,0.006996598184580776,0,0,0
2018-07-31,SN1809,148100.0,0.002501437940236425,0,0,0
2018-08-01,SN1809,147090.0,-0.0068430769425015,0,0,0
2018-08-02,SN1809,147150.0,0.0004078303482300998,0,0,0
2018-08-03,SN1809,145300.0,-0.012651904103244576,1,0,-1
2018-08-06,SN1809,146010.0,0.004874541937235301,0,0,0
2018-08-07,SN1809,146950.0,0.006417280351453838,0,0,0
2018-08-08,SN1809,147130.0,0.0012241568449292911,0,0,0
2018-08-09,SN1809,147010.0,-0.0008159380339806949,0,0,0
2018-08-10,SN1809,145250.0,-0.012044215943854292,1,0,-1
2018-08-13,SN1809,145590.0,0.0023380563532139974,0,0,0
2018-08-14,SN1809,145080.0,-0.003509137670532926,0,0,0
2018-08-15,SN1809,143470.0,-0.011159360304403036,1,0,-1
2018-08-16,SN1809,142730.0,-0.005171220468621483,0,0,0
2018-08-17,SN1809,142500.0,-0.0016127339329718444,0,0,0
2018-08-20,SN1809,142990.0,0.0034326980360506053,0,0,0
2018-08-21,SN1901,144940.0,0.013545165936379553,0,1,1
2018-08-22,SN1901,145390.0,0.003099923262198823,0,0,0
2018-08-23,SN1901,144980.0,-0.002823985070602559,0,0,0
2018-08-24,SN1901,145790.0,0.005571428243998907,0,0,0
2018-08-27,SN1901,145980.0,0.0013023959067557057,0,0,0
2018-08-28,SN1901,146600.0,0.004238163429064898,0,0,0
2018-08-29,SN1901,145950.0,-0.0044436921524273094,0,0,0
2018-08-30,SN1901,145660.0,-0.001988958510354699,0,0,0
2018-08-31,SN1901,146380.0,0.004930841383312028,0,0,0
2018-09-03,SN1901,145400.0,-0.006717415073662096,0,0,0
2018-09-04,SN1901,143700.0,-0.011760772014439739,1,0,-1
2018-09-05,SN1901,145410.0,0.011829545440414976,0,0,0
2018-09-06,SN1901,144490.0,-0.006347037519874408,0,0,0
2018-09-07,SN1901,143510.0,-0.006805581822679403,0,0,0
2018-09-10,SN1901,144990.0,0.010260055342261865,0,0,0
2018-09-11,SN1901,145470.0,0.0033051052602682774,0,0,0
2018-09-12,SN1901,144120.0,-0.009323593905478166,0,0,0
2018-09-13,SN1901,144390.0,0.0018716861032351464,0,0,0
2018-09-14,SN1901,143920.0,-0.003260382340850039,0,0,0
2018-09-17,SN1901,144360.0,0.003052590132310145,0,0,0
2018-09-18,SN1901,144500.0,0.0009693277778989652,0,0,0
2018-09-19,SN1901,144670.0,0.0011757790890120365,0,0,0
2018-09-20,SN1901,146070.0,0.009630672221220344,0,0,0
2018-09-21,SN1901,147400.0,0.00906402089251706,0,0,0
2018-09-25,SN1901,146870.0,-0.003602137989465165,0,0,0
2018-09-26,SN1901,145790.0,-0.00738061164904051,0,0,0
2018-09-27,SN1901,147950.0,0.014707148729488187,0,1,1
2018-09-28,SN1901,147970.0,0.00013517166822414167,0,0,0
2018-10-08,SN1901,147210.0,-0.005149411744521133,0,0,0
2018-10-09,SN1901,147210.0,0.0,0,0,0
2018-10-10,SN1901,147070.0,-0.0009514748576993841,0,0,0
2018-10-11,SN1901,147000.0,-0.00047607713348607814,0,0,0
2018-10-12,SN1901,147710.0,0.0048183052737721345,0,0,0
2018-10-15,SN1901,146890.0,-0.005566884709184893,0,0,0
2018-10-16,SN1901,147720.0,0.005634582641039061,0,0,0
2018-10-17,SN1901,148600.0,0.00593954229929642,0,0,0
2018-10-18,SN1901,147530.0,-0.007226587354183204,0,0,0
2018-10-19,SN1901,146850.0,-0.004619887284846422,0,0,0
2018-10-22,SN1901,147370.0,0.0035347735805424684,0,0,0
2018-10-23,SN1901,147670.0,0.0020336232605110815,0,0,0
2018-10-24,SN1901,147800.0,0.0008799540284188718,0,0,0
2018-10-25,SN1901,147720.0,-0.0005414185297389167,0,0,0
2018-10-26,SN1901,147480.0,-0.0016260166184186714,0,0,0
2018-10-29,SN1901,146690.0,-0.005371056866272316,0,0,0
2018-10-30,SN1901,146680.0,-6.817329654613857e-05,0,0,0
2018-10-31,SN1901,145700.0,-0.006703630001966132,0,0,0
2018-11-01,SN1901,145850.0,0.001028983112571219,0,0,0
2018-11-02,SN1901,146640.0,0.005401907217719237,0,0,0
2018-11-05,SN1901,145270.0,-0.00938652364665737,0,0,0
2018-11-06,SN1901,145950.0,0.004670017415331706,0,0,0
2018-11-07,SN1901,146490.0,0.0036930694415547604,0,0,0
2018-11-08,SN1901,147660.0,0.007955166889340922,0,0,0
2018-11-09,SN1901,149660.0,0.013453721021193025,0,1,1
2018-11-12,SN1901,151700.0,0.013538831702273988,0,1,1
2018-11-13,SN1901,151520.0,-0.0011872569167184275,0,0,0
2018-11-14,SN1901,152040.0,0.0034260146832799103,0,0,0
2018-11-15,SN1901,153740.0,0.011119219799938037,0,0,0
2018-11-16,SN1901,153220.0,-0.0033880668323110893,0,0,0
2018-11-19,SN1901,153750.0,0.0034531095979522843,0,0,0
2018-11-20,SN1901,152450.0,-0.008491233252363433,0,0,0
2018-11-21,SN1901,150480.0,-0.013006488441488837,1,0,-1
2018-11-22,SN1901,148860.0,-0.01082391806101028,0,0,0
2018-11-23,SN1901,146210.0,-0.01796232250241803,1,0,-1
2018-11-26,SN1901,144980.0,-0.008448142556614866,0,0,0
2018-11-27,SN1901,144570.0,-0.0028319825523806658,0,0,0
2018-11-28,SN1901,144000.0,-0.003950519744350443,0,0,0
2018-11-29,SN1901,143680.0,-0.0022246950221111624,0,0,0
2018-11-30,SN1901,143580.0,-0.000696233405552504,0,0,0
2018-12-03,SN1901,144700.0,0.007770262489101236,0,0,0
2018-12-04,SN1901,145370.0,0.004619582800795262,0,0,0
2018-12-05,SN1901,145520.0,0.0010313177716331898,0,0,0
2018-12-06,SN1901,144500.0,-0.007034026657379936,0,0,0
2018-12-07,SN1901,145300.0,0.005521063023750453,0,0,0
2018-12-10,SN1901,144720.0,-0.003999729489197546,0,0,0
2018-12-11,SN1905,146070.0,0.009285117775679478,0,0,0
2018-12-12,SN1905,145900.0,-0.0011645033339792146,0,0,0
2018-12-13,SN1905,146670.0,0.0052637097299239564,0,0,0
2018-12-14,SN1905,146420.0,-0.0017059610401673035,0,0,0
2018-12-17,SN1905,146820.0,0.002728142464138742,0,0,0
2018-12-18,SN1905,146210.0,-0.004163402253288692,0,0,0
2018-12-19,SN1905,146630.0,0.002868462559641179,0,0,0
2018-12-20,SN1905,145850.0,-0.00533371067525747,0,0,0
2018-12-21,SN1905,146850.0,0.006832961330898548,0,0,0
2018-12-24,SN1905,146430.0,-0.0028641590774632253,0,0,0
2018-12-25,SN1905,145440.0,-0.006783868137997072,0,0,0
2018-12-26,SN1905,144370.0,-0.0073841817874455585,0,0,0
2018-12-27,SN1905,144480.0,0.0007616410269520902,0,0,0
2018-12-28,SN1905,143450.0,-0.007154547241301539,0,0,0
2019-01-02,SN1905,143870.0,0.0029235716215679462,0,0,0
2019-01-03,SN1905,144200.0,0.0022911108019069647,0,0,0
2019-01-04,SN1905,144310.0,0.0007625385971377517,0,0,0
2019-01-07,SN1905,145050.0,0.00511474711942663,0,0,0
2019-01-08,SN1905,145220.0,0.001171323384687639,0,0,0
2019-01-09,SN1905,146900.0,0.011502249227730825,0,0,0
2019-01-10,SN1905,146350.0,-0.003751070041936728,0,0,0
2019-01-11,SN1905,147290.0,0.006402419363556753,0,0,0
2019-01-14,SN1905,147670.0,0.0025766219842309184,0,0,0
2019-01-15,SN1905,148950.0,0.008630624673608823,0,0,0
2019-01-16,SN1905,148790.0,-0.0010747633196852748,0,0,0
2019-01-17,SN1905,147990.0,-0.005391211925849403,0,0,0
2019-01-18,SN1905,148000.0,6.756985035839059e-05,0,0,0
2019-01-21,SN1905,147970.0,-0.00020272324967223428,0,0,0
2019-01-22,SN1905,147930.0,-0.00027036161029843803,0,0,0
2019-01-23,SN1905,147350.0,-0.003928479720440709,0,0,0
2019-01-24,SN1905,148250.0,0.006089328694131188,0,0,0
2019-01-25,SN1905,148960.0,0.004777775650922031,0,0,0
2019-01-28,SN1905,147700.0,-0.008494623991422857,0,0,0
2019-01-29,SN1905,147630.0,-0.00047404599133753336,0,0,0
2019-01-30,SN1905,148620.0,0.006683569183326551,0,0,0
2019-01-31,SN1905,148240.0,-0.002560130752218835,0,0,0
2019-02-01,SN1905,148950.0,0.004778097182186857,0,0,0
2019-02-11,SN1905,150500.0,0.010352405029639203,0,0,0
2019-02-12,SN1905,149880.0,-0.0041281102634438014,0,0,0
2019-02-13,SN1905,147940.0,-0.013028187765765049,1,0,-1
2019-02-14,SN1905,148600.0,0.004451346123937168,0,0,0
2019-02-15,SN1905,148300.0,-0.002020883139772357,0,0,0
2019-02-18,SN1905,149090.0,0.005312901296421278,0,0,0
2019-02-19,SN1905,150750.0,0.011072685166986986,0,0,0
2019-02-20,SN1905,150480.0,-0.0017926506145198283,0,0,0
2019-02-21,SN1905,150550.0,0.00046506993496790293,0,0,0
2019-02-22,SN1905,149610.0,-0.006263346701601963,0,0,0
2019-02-25,SN1905,152650.0,0.020115810954746037,0,1,1
2019-02-26,SN1905,151550.0,-0.007232115677074741,0,0,0
2019-02-27,SN1905,150350.0,-0.007949694069274114,0,0,0
2019-02-28,SN1905,150600.0,0.0016614059312552297,0,0,0
2019-03-01,SN1905,151070.0,0.003115990189840268,0,0,0
2019-03-04,SN1905,150300.0,-0.005110008796704771,0,0,0
2019-03-05,SN1905,149590.0,-0.004735078372559263,0,0,0
2019-03-06,SN1905,148480.0,-0.007447949348479064,0,0,0
2019-03-07,SN1905,148540.0,0.00040401320326002946,0,0,0
2019-03-08,SN1905,147140.0,-0.009469767737031962,0,0,0
2019-03-11,SN1905,146900.0,-0.0016324313242867328,0,0,0
2019-03-12,SN1905,147040.0,0.0009525754275452932,0,0,0
2019-03-13,SN1905,147100.0,0.0004079690000149054,0,0,0
2019-03-14,SN1905,147610.0,0.003461032941513554,0,0,0
2019-03-15,SN1905,147360.0,-0.0016950880419086551,0,0,0
2019-03-18,SN1905,146420.0,-0.006399368288500042,0,0,0
2019-03-19,SN1905,146900.0,0.0032728789613350804,0,0,0
2019-03-20,SN1905,147980.0,0.007325046317573156,0,0,0
2019-03-21,SN1905,148050.0,0.00047292505019538747,0,0,0
2019-03-22,SN1905,147810.0,-0.0016223893236188445,0,0,0
2019-03-25,SN1905,146900.0,-0.006175582044149763,0,0,0
2019-03-26,SN1905,146940.0,0.00027225701229981414,0,0,0
2019-03-27,SN1905,146710.0,-0.0015664910405786673,0,0,0
2019-03-28,SN1905,146580.0,-0.00088649465384858,0,0,0
2019-03-29,SN1905,148090.0,0.01024884255170781,0,0,0
2019-04-01,SN1905,148480.0,0.002630071988478439,0,0,0
2019-04-02,SN1905,148700.0,0.0014805844282188383,0,0,0
2019-04-03,SN1905,148870.0,0.0011425884228565015,0,0,0
2019-04-04,SN1905,148160.0,-0.004780670991096623,0,0,0
2019-04-08,SN1905,148690.0,0.003570830811262691,0,0,0
2019-04-09,SN1905,148160.0,-0.003570830811262691,0,0,0
2019-04-10,SN1905,147820.0,-0.0022974535411286073,0,0,0
2019-04-11,SN1905,146870.0,-0.0064474755909696485,0,0,0
2019-04-12,SN1905,147100.0,0.0015647858416207895,0,0,0
2019-04-15,SN1905,147760.0,0.0044767082835925915,0,0,0
2019-04-16,SN1909,148690.0,0.00627426581814742,0,0,0
2019-04-17,SN1909,148490.0,-0.001345985801161834,0,0,0
2019-04-18,SN1909,148090.0,-0.0026974188585581907,0,0,0
2019-04-19,SN1909,148590.0,0.003370638218844026,0,0,0
2019-04-22,SN1909,147560.0,-0.006955962539781128,0,0,0
2019-04-23,SN1909,148100.0,0.003652848545278282,0,0,0
2019-04-24,SN1909,147820.0,-0.001892403917012435,0,0,0
2019-04-25,SN1909,147050.0,-0.00522265235673668,0,0,0
2019-04-26,SN1909,146480.0,-0.0038837646337487436,0,0,0
2019-04-29,SN1909,148020.0,0.010458499403064968,0,0,0
2019-04-30,SN1909,148590.0,0.0038434354989356017,0,0,0
2019-05-06,SN1909,147350.0,-0.008380126084552336,0,0,0
2019-05-07,SN1909,147400.0,0.0003392705715324059,0,0,0
2019-05-08,SN1909,147200.0,-0.0013577734604603596,0,0,0
2019-05-09,SN1909,146070.0,-0.007706247432056643,0,0,0
2019-05-10,SN1909,146290.0,0.001504994127275487,0,0,0
2019-05-13,SN1909,145680.0,-0.00417851757064217,0,0,0
2019-05-14,SN1909,145400.0,-0.0019238703199335266,0,0,0
2019-05-15,SN1909,145950.0,0.0037755322007046585,0,0,0
2019-05-16,SN1909,146590.0,0.0043754770018158634,0,0,0
2019-05-17,SN1909,145340.0,-0.008563749113449926,0,0,0
2019-05-20,SN1909,145540.0,0.0013751377304505976,0,0,0
2019-05-21,SN1909,145150.0,-0.0026832724483015265,0,0,0
2019-05-22,SN1909,144670.0,-0.0033124038291400663,0,0,0
2019-05-23,SN1909,144420.0,-0.0017295656184632096,0,0,0
2019-05-24,SN1909,144430.0,6.924009003984164e-05,0,0,0
2019-05-27,SN1909,145550.0,0.0077247090785569315,0,0,0
2019-05-28,SN1909,146150.0,0.004113821365622729,0,0,0
2019-05-29,SN1909,145500.0,-0.004457404945707783,0,0,0
2019-05-30,SN1909,143140.0,-0.016352914301095797,1,0,-1
2019-05-31,SN1909,143380.0,0.001675276114274845,0,0,0
2019-06-03,SN1909,143080.0,-0.002094534033909186,0,0,0
2019-06-04,SN1909,143330.0,0.0017457495443073809,0,0,0
2019-06-05,SN1909,143300.0,-0.00020932910099815503,0,0,0
2019-06-06,SN1909,143300.0,0.0,0,0,0
2019-06-10,SN1909,144300.0,0.006954130945699081,0,0,0
2019-06-11,SN1909,145490.0,0.008212889947472034,0,0,0
2019-06-12,SN1909,145320.0,-0.0011691483742960983,0,0,0
2019-06-13,SN1909,145530.0,0.0014440435722336239,0,0,0
2019-06-14,SN1909,144880.0,-0.004476437350076959,0,0,0
2019-06-17,SN1909,144410.0,-0.0032493374366841603,0,0,0
2019-06-18,SN1909,143640.0,-0.005346306780591615,0,0,0
2019-06-19,SN1909,144050.0,0.0028502921726553856,0,0,0
2019-06-20,SN1909,144100.0,0.0003470414749389052,0,0,0
2019-06-21,SN1909,144300.0,0.001386962774348806,0,0,0
2019-06-24,SN1909,143380.0,-0.006396017355099051,0,0,0
2019-06-25,SN1909,144090.0,0.004939655920116612,0,0,0
2019-06-26,SN1909,143480.0,-0.004242451680760916,0,0,0
2019-06-27,SN1909,143690.0,0.001462548577033385,0,0,0
2019-06-28,SN1909,143110.0,-0.004044635918330832,0,0,0
2019-07-01,SN1909,142300.0,-0.005676060226977786,0,0,0
2019-07-02,SN1909,135310.0,-0.050369062820253836,1,0,-1
2019-07-03,SN1909,132500.0,-0.02098579684927594,1,0,-1
2019-07-04,SN1909,133580.0,0.00811790387121295,0,0,0
2019-07-05,SN1909,134000.0,0.0031392506534213497,0,0,0
2019-07-08,SN1909,136580.0,0.01907072358203192,0,1,1
2019-07-09,SN1909,135850.0,-0.005359187660586444,0,0,0
2019-07-10,SN1909,136560.0,0.005212742613828332,0,0,0
2019-07-11,SN1909,133680.0,-0.021315194199046858,1,0,-1
2019-07-12,SN1909,134660.0,0.007304198829996616,0,0,0
2019-07-15,SN1909,133220.0,-0.010751186132101418,0,0,0
2019-07-16,SN1909,134890.0,0.012457734496555057,0,1,1
2019-07-17,SN1909,134160.0,-0.00542651396663492,0,0,0
2019-07-18,SN1909,134700.0,0.004016965901364999,0,0,0
2019-07-19,SN1909,134950.0,0.0018542560476952534,0,0,0
2019-07-22,SN1909,134210.0,-0.005498602054299064,0,0,0
2019-07-23,SN1909,134660.0,0.0033473457074202156,0,0,0
2019-07-24,SN1909,133730.0,-0.006930241232429579,0,0,0
2019-07-25,SN1909,134800.0,0.007969356593501498,0,0,0
2019-07-26,SN1909,135300.0,0.0037023366985357406,0,0,0
2019-07-29,SN1909,134400.0,-0.006674107087693132,0,0,0
2019-07-30,SN1909,134400.0,0.0,0,0,0
2019-07-31,SN1909,133840.0,-0.0041753714104806215,0,0,0
2019-08-01,SN1909,134330.0,0.0036544023963532768,0,0,0
2019-08-02,SN1909,134950.0,0.00460488038909182,0,0,0
2019-08-05,SN1909,133290.0,-0.012377133848086887,1,0,-1
2019-08-06,SN1909,134530.0,0.009260016881524778,0,0,0
2019-08-07,SN1909,134440.0,-0.0006692196405465978,0,0,0
2019-08-08,SN1909,135300.0,0.006376532319837528,0,0,0
2019-08-09,SN1909,135150.0,-0.0011092624542857338,0,0,0
2019-08-12,SN1909,133250.0,-0.014158209676502668,1,0,-1
2019-08-13,SN1909,133520.0,0.002024216307625666,0,0,0
2019-08-14,SN1909,134460.0,0.007015477687310935,0,0,0
2019-08-15,SN1909,133890.0,-0.004248189731602378,0,0,0
2019-08-16,SN1909,133010.0,-0.0065942539440834195,0,0,0
2019-08-19,SN2001,130520.0,-0.01889784164008497,1,0,-1
2019-08-20,SN2001,131260.0,0.005653617320456865,0,0,0
2019-08-21,SN2001,131660.0,0.0030427529941539013,0,0,0
2019-08-22,SN2001,131340.0,-0.0024334612769041056,0,0,0
2019-08-23,SN2001,129730.0,-0.012334013179905503,1,0,-1
2019-08-26,SN2001,128800.0,-0.007194553912667797,0,0,0
2019-08-27,SN2001,128020.0,-0.006074311956395944,0,0,0
2019-08-28,SN2001,129000.0,0.0076259026478147085,0,0,0
2019-08-29,SN2001,128700.0,-0.0023282897595911845,0,0,0
2019-08-30,SN2001,129480.0,0.006042314455962662,0,0,0
2019-09-02,SN2001,135540.0,0.04574037064992332,0,1,1
2019-09-03,SN2001,135290.0,-0.0018461770926979859,0,0,0
2019-09-04,SN2001,140110.0,0.03500720576787112,0,1,1
2019-09-05,SN2001,142890.0,0.019647275097738604,0,1,1
2019-09-06,SN2001,140520.0,-0.01672527608325241,1,0,-1
2019-09-09,SN2001,139280.0,-0.008863531937692678,0,0,0
2019-09-10,SN2001,140770.0,0.010641057379940321,0,0,0
2019-09-11,SN2001,139850.0,-0.0065569331919052756,0,0,0
2019-09-12,SN2001,141650.0,0.012788806628556845,0,1,1
2019-09-16,SN2001,137210.0,-0.03184662734344175,1,0,-1
2019-09-17,SN2001,137040.0,-0.0012397449172193153,0,0,0
2019-09-18,SN2001,137280.0,0.0017497817237877723,0,0,0
2019-09-19,SN2001,137360.0,0.0005825808495678378,0,0,0
2019-09-20,SN2001,136890.0,-0.003427532981799205,0,0,0
2019-09-23,SN2001,137320.0,0.003136284982070371,0,0,0
2019-09-24,SN2001,136550.0,-0.005623120669777334,0,0,0
2019-09-25,SN2001,136280.0,-0.0019792551269481986,0,0,0
2019-09-26,SN2001,136110.0,-0.0012482104487836103,0,0,0
2019-09-27,SN2001,135590.0,-0.003827755869764438,0,0,0
2019-09-30,SN2001,134800.0,-0.005843427996011209,0,0,0
2019-10-08,SN2001,135260.0,0.0034066536685872554,0,0,0
2019-10-09,SN2001,136930.0,0.012270994197348496,0,0,0
2019-10-10,SN2001,136670.0,-0.0019005853674332529,0,0,0
2019-10-11,SN2001,136150.0,-0.0038120418569405003,0,0,0
2019-10-14,SN2001,137220.0,0.00782825814297611,0,0,0
2019-10-15,SN2001,136850.0,-0.0027000417760566853,0,0,0
2019-10-16,SN2001,138790.0,0.014076563881060251,0,1,1
2019-10-17,SN2001,139620.0,0.005962447174506916,0,0,0
2019-10-18,SN2001,140530.0,0.0064965425703981915,0,0,0
2019-10-21,SN2001,137980.0,-0.018312241994691007,1,0,-1
2019-10-22,SN2001,137800.0,-0.0013053885384044152,0,0,0
2019-10-23,SN2001,138380.0,0.004200165491106737,0,0,0
2019-10-24,SN2001,138110.0,-0.0019530549808276956,0,0,0
2019-10-25,SN2001,138200.0,0.0006514422437322413,0,0,0
2019-10-28,SN2001,139020.0,0.005915896338770409,0,0,0
2019-10-29,SN2001,138540.0,-0.0034587150778808834,0,0,0
2019-10-30,SN2001,138750.0,0.0015146600320849596,0,0,0
2019-10-31,SN2001,138340.0,-0.002959329454105179,0,0,0
2019-11-01,SN2001,137220.0,-0.008128945909693928,0,0,0
2019-11-04,SN2001,136640.0,-0.004235747222485051,0,0,0
2019-11-05,SN2001,136970.0,0.002412193706470003,0,0,0
2019-11-06,SN2001,136600.0,-0.0027049766100401716,0,0,0
2019-11-07,SN2001,136940.0,0.0024859265562272442,0,0,0
2019-11-08,SN2001,137180.0,0.0017510583782584664,0,0,0
2019-11-11,SN2001,137450.0,0.0019662825400794783,0,0,0
2019-11-12,SN2001,136330.0,-0.008181797413216362,0,0,0
2019-11-13,SN2001,134600.0,-0.012770999987410825,1,0,-1
2019-11-14,SN2001,134700.0,0.000742666205690868,0,0,0
2019-11-15,SN2001,134490.0,-0.0015602365808604986,0,0,0
2019-11-18,SN2001,135550.0,0.007850729109216754,0,0,0
2019-11-19,SN2001,134850.0,-0.005177526358935601,0,0,0
2019-11-20,SN2001,135000.0,0.0011117288526904154,0,0,0
2019-11-21,SN2001,137740.0,0.020093071678122697,0,1,1
2019-11-22,SN2001,139050.0,0.009465730563421686,0,0,0
2019-11-25,SN2001,138880.0,-0.0012233297679337728,0,0,0
2019-11-26,SN2001,138640.0,-0.0017296055046893502,0,0,0
2019-11-27,SN2001,138180.0,-0.003323462346701775,0,0,0
2019-11-28,SN2001,138530.0,0.00252972560913883,0,0,0
2019-11-29,SN2001,138410.0,-0.0008666137611771243,0,0,0
2019-12-02,SN2001,139360.0,0.006840218195582095,0,0,0
2019-12-03,SN2001,138600.0,-0.005468426348389785,0,0,0
2019-12-04,SN2001,138940.0,0.0024500985089320262,0,0,0
2019-12-05,SN2001,139080.0,0.0010071218749258498,0,0,0
2019-12-06,SN2001,139210.0,0.0009342772608152434,0,0,0
2019-12-09,SN2001,140230.0,0.007300347338083563,0,0,0
2019-12-10,SN2001,141350.0,0.007955152401040002,0,0,0
2019-12-11,SN2001,141610.0,0.001837716095368007,0,0,0
2019-12-12,SN2001,140710.0,-0.0063757654348030515,0,0,0
2019-12-13,SN2001,139800.0,-0.006488205000454488,0,0,0
2019-12-16,SN2005,139170.0,-0.004516622367947875,0,0,0
2019-12-17,SN2005,138850.0,-0.002301993678953476,0,0,0
2019-12-18,SN2005,139710.0,0.006174631909586881,0,0,0
2019-12-19,SN2005,140100.0,0.002787607680565847,0,0,0
2019-12-20,SN2005,139520.0,-0.004148493182291778,0,0,0
2019-12-23,SN2005,139920.0,0.002862870549677156,0,0,0
2019-12-24,SN2005,138700.0,-0.008757503389560738,0,0,0
2019-12-25,SN2005,138000.0,-0.005059642163581269,0,0,0
2019-12-26,SN2005,138490.0,0.003544435697421627,0,0,0
2019-12-27,SN2006,137530.0,-0.0069560457280099,0,0,0
2019-12-30,SN2006,134800.0,-0.020049876648409775,1,0,-1
2019-12-31,SN2006,134810.0,7.418122476593202e-05,0,0,0
2020-01-02,SN2006,135200.0,0.0028887839058909185,0,0,0
2020-01-03,SN2006,135020.0,-0.0013322479951393064,0,0,0
2020-01-06,SN2006,134570.0,-0.003338405860274425,0,0,0
2020-01-07,SN2006,135120.0,0.004078762746094492,0,0,0
2020-01-08,SN2006,135560.0,0.0032510742393059623,0,0,0
2020-01-09,SN2006,137720.0,0.01580829173147241,0,1,1
2020-01-10,SN2006,137550.0,-0.0012351510997395184,0,0,0
2020-01-13,SN2006,138090.0,0.003918159126676295,0,0,0
2020-01-14,SN2006,138240.0,0.0010856585584857828,0,0,0
2020-01-15,SN2006,139660.0,0.010219592362143703,0,0,0
2020-01-16,SN2006,139730.0,0.0005010916744671917,0,0,0
2020-01-17,SN2006,140690.0,0.006846899296765327,0,0,0
2020-01-20,SN2006,139920.0,-0.00548805767877518,0,0,0
2020-01-21,SN2006,139000.0,-0.006596897579654821,0,0,0
2020-01-22,SN2006,140050.0,0.007525568575425815,0,0,0
2020-01-23,SN2006,137340.0,-0.019539898513587166,1,0,-1
2020-02-03,SN2006,130790.0,-0.04886661969146931,1,0,-1
2020-02-04,SN2006,131750.0,0.0073132039204107544,0,0,0
2020-02-05,SN2006,131690.0,-0.00045551169934298876,0,0,0
2020-02-06,SN2006,133380.0,0.012751521482031423,0,1,1
2020-02-07,SN2006,133980.0,0.00448833787596134,0,0,0
2020-02-10,SN2006,133910.0,-0.0005226025726466809,0,0,0
2020-02-11,SN2006,134800.0,0.006624265970731862,0,0,0
2020-02-12,SN2006,134100.0,-0.0052064081905738606,0,0,0
2020-02-13,SN2006,134550.0,0.003350086885282027,0,0,0
2020-02-14,SN2006,134600.0,0.0003715400377125642,0,0,0
2020-02-17,SN2006,135530.0,0.006885600817297123,0,0,0
2020-02-18,SN2006,135470.0,-0.00044280443527951863,0,0,0
2020-02-19,SN2006,135700.0,0.0016963532481783338,0,0,0
2020-02-20,SN2006,135860.0,0.0011783769223324147,0,0,0
2020-02-21,SN2006,136100.0,0.0017649658942644863,0,0,0
2020-02-24,SN2006,137080.0,0.0071747873489875855,0,0,0
2020-02-25,SN2006,136670.0,-0.0029954360296990065,0,0,0
2020-02-26,SN2006,135900.0,-0.005649939819611089,0,0,0
2020-02-27,SN2006,136230.0,0.002425312620871369,0,0,0
2020-02-28,SN2006,131770.0,-0.033286655220808634,1,0,-1
2020-03-02,SN2006,134500.0,0.020506220484732916,0,1,1
2020-03-03,SN2006,135640.0,0.008440118215544037,0,0,0
2020-03-04,SN2006,136420.0,0.005734044969135327,0,0,0
2020-03-05,SN2006,136760.0,0.002489202544527296,0,0,0
2020-03-06,SN2006,135620.0,-0.008370707515404476,0,0,0
2020-03-09,SN2006,133240.0,-0.017704843930217165,1,0,-1
2020-03-10,SN2006,135400.0,0.01608134715269561,0,1,1
2020-03-11,SN2006,135660.0,0.0019183950397587942,0,0,0
2020-03-12,SN2006,133990.0,-0.012386585217416856,1,0,-1
2020-03-13,SN2006,129800.0,-0.03177036603052705,1,0,-1
2020-03-16,SN2006,127140.0,-0.020705962761726867,1,0,-1
2020-03-17,SN2006,123510.0,-0.028966717058339655,1,0,-1
2020-03-18,SN2006,117390.0,-0.05082039955949221,1,0,-1
2020-03-19,SN2006,108190.0,-0.08161278419094874,1,0,-1
2020-03-20,SN2006,114450.0,0.056249105699093735,0,1,1
2020-03-23,SN2006,107360.0,-0.06395037317520408,1,0,-1
2020-03-24,SN2006,113990.0,0.0599230520253156,0,1,1
2020-03-25,SN2006,116760.0,0.02400982073722671,0,1,1
2020-03-26,SN2006,115440.0,-0.011369631520298533,1,0,-1
2020-03-27,SN2006,119400.0,0.033728286492886256,0,1,1
2020-03-30,SN2006,118800.0,-0.005037794029957181,0,0,0
2020-03-31,SN2006,120650.0,0.015452385142496186,0,1,1
2020-04-01,SN2006,121290.0,0.005290580249748547,0,0,0
2020-04-02,SN2006,119970.0,-0.010942660793952477,0,0,0
2020-04-03,SN2006,120580.0,0.005071721534422735,0,0,0
2020-04-07,SN2006,121240.0,0.005458619128342868,0,0,0
2020-04-08,SN2006,122100.0,0.007068328927056628,0,0,0
2020-04-09,SN2006,122700.0,0.004901970600206688,0,0,0
2020-04-10,SN2006,126410.0,0.02978824079060056,0,1,1
2020-04-13,SN2006,126990.0,0.004577750693475743,0,0,0
2020-04-14,SN2006,126370.0,-0.004894231430352612,0,0,0
2020-04-15,SN2006,126920.0,0.004342854944405429,0,0,0
2020-04-16,SN2006,126180.0,-0.005847507772331376,0,0,0
2020-04-17,SN2006,128140.0,0.015413957268212108,0,1,1
2020-04-20,SN2006,128270.0,0.0010140011008838757,0,0,0
2020-04-21,SN2006,125530.0,-0.021592643481642373,1,0,-1
2020-04-22,SN2006,123250.0,-0.0183299609073176,1,0,-1
2020-04-23,SN2006,129050.0,0.04598511324182344,0,1,1
2020-04-24,SN2006,128870.0,-0.001395781864323099,0,0,0
2020-04-27,SN2006,132710.0,0.02936215214885814,0,1,1
2020-04-28,SN2007,128090.0,-0.03543315460611322,1,0,-1
2020-04-29,SN2007,128070.0,-0.00015615240506431773,0,0,0
2020-04-30,SN2007,127390.0,-0.005323742316284942,0,0,0
2020-05-06,SN2007,128680.0,0.010075455249130123,0,0,0
2020-05-07,SN2007,128850.0,0.0013202347275483646,0,0,0
2020-05-08,SN2007,130180.0,0.01026917104586712,0,0,0
2020-05-11,SN2007,131130.0,0.00727108939909168,0,0,0
2020-05-12,SN2007,130290.0,-0.006426462328492699,0,0,0
2020-05-13,SN2007,130250.0,-0.00030705458136386603,0,0,0
2020-05-14,SN2007,129600.0,-0.005002896715301985,0,0,0
2020-05-15,SN2007,129240.0,-0.0027816429618768026,0,0,0
2020-05-18,SN2007,130750.0,0.011615961988734796,0,0,0
2020-05-19,SN2007,130610.0,-0.0010713193556024687,0,0,0
2020-05-20,SN2007,134920.0,0.03246622660401962,0,1,1
2020-05-21,SN2007,134770.0,-0.0011123884123816052,0,0,0
2020-05-22,SN2007,131710.0,-0.022967085770112722,1,0,-1
2020-05-25,SN2007,133360.0,0.012449702431583356,0,1,1
2020-05-26,SN2007,134080.0,0.005384398291234321,0,0,0
2020-05-27,SN2007,134100.0,0.00014915355385987033,0,0,0
2020-05-28,SN2008,133670.0,-0.0032117143042511335,0,0,0
2020-05-29,SN2008,134420.0,0.005595150558438027,0,0,0
2020-06-01,SN2008,135140.0,0.005342051582208743,0,0,0
2020-06-02,SN2008,134500.0,-0.004747079082134726,0,0,0
2020-06-03,SN2008,136630.0,0.01571234330850271,0,1,1
2020-06-04,SN2008,133650.0,-0.02205209976546843,1,0,-1
2020-06-05,SN2008,134700.0,0.007825640831390368,0,0,0
2020-06-08,SN2008,136980.0,0.016784846353440915,0,1,1
2020-06-09,SN2008,138240.0,0.009156375285986241,0,0,0
2020-06-10,SN2008,138260.0,0.00014466546137334815,0,0,0
2020-06-11,SN2008,137220.0,-0.007550493254374214,0,0,0
2020-06-12,SN2008,137040.0,-0.0013126232468802538,0,0,0
2020-06-15,SN2008,134730.0,-0.017000078248108078,1,0,-1
2020-06-16,SN2008,137970.0,0.023763494452185792,0,1,1
2020-06-17,SN2008,138420.0,0.0032562711937752136,0,0,0
2020-06-18,SN2008,138490.0,0.0005055794409090784,0,0,0
2020-06-19,SN2008,137410.0,-0.00782896351094335,0,0,0
2020-06-22,SN2008,137010.0,-0.0029152414786656647,0,0,0
2020-06-23,SN2008,138260.0,0.009082054652101679,0,0,0
2020-06-24,SN2008,138220.0,-0.0002893518538706689,0,0,0
2020-06-29,SN2008,137420.0,-0.005804689060318365,0,0,0
2020-06-30,SN2008,138830.0,0.010208233443781163,0,0,0
2020-07-01,SN2009,138430.0,-0.0028853803470674463,0,0,0
2020-07-02,SN2009,138350.0,-0.0005780764667086622,0,0,0
2020-07-03,SN2009,139790.0,0.010354590250102148,0,0,0
2020-07-06,SN2009,142380.0,0.01835824319269002,0,1,1
2020-07-07,SN2009,141130.0,-0.008818088249811562,0,0,0
2020-07-08,SN2009,141150.0,0.00014170327358272293,0,0,0
2020-07-09,SN2009,140880.0,-0.0019146905115475794,0,0,0
2020-07-10,SN2009,138900.0,-0.0141542144276526,1,0,-1
2020-07-13,SN2009,143900.0,0.03536436413302397,0,1,1
2020-07-14,SN2009,142740.0,-0.008093820350400875,0,0,0
2020-07-15,SN2009,142140.0,-0.004212306144172185,0,0,0
2020-07-16,SN2009,139920.0,-0.015741656688402505,1,0,-1
2020-07-17,SN2009,141200.0,0.00910649434879501,0,0,0
2020-07-20,SN2009,140280.0,-0.00653689978716434,0,0,0
2020-07-21,SN2009,141460.0,0.008376566335866439,0,0,0
2020-07-22,SN2009,142790.0,0.009358027834360102,0,0,0
2020-07-23,SN2009,141240.0,-0.010914448382018169,0,0,0
2020-07-24,SN2009,141840.0,0.00423909070576672,0,0,0
2020-07-27,SN2010,146790.0,0.034303332203189416,0,1,1
2020-07-28,SN2010,148170.0,0.009357269251501201,0,0,0
2020-07-29,SN2010,147570.0,-0.004057623745285046,0,0,0
2020-07-30,SN2010,147280.0,-0.0019671025505357547,0,0,0
2020-07-31,SN2010,146620.0,-0.004491331129381856,0,0,0
2020-08-03,SN2010,146600.0,-0.00013641634288939455,0,0,0
2020-08-04,SN2010,146070.0,-0.0036218305898319094,0,0,0
2020-08-05,SN2010,145900.0,-0.0011645033339792146,0,0,0
2020-08-06,SN2010,145980.0,0.0005481704947463106,0,0,0
2020-08-07,SN2010,146530.0,0.0037605596264476114,0,0,0
2020-08-10,SN2010,144860.0,-0.011462426882753805,1,0,-1
2020-08-11,SN2010,142860.0,-0.013902629040353585,1,0,-1
2020-08-12,SN2010,143540.0,0.004748612275099482,0,0,0
2020-08-13,SN2010,141660.0,-0.013183921676449243,1,0,-1
2020-08-14,SN2010,141820.0,0.00112882755037411,0,0,0
2020-08-17,SN2010,142860.0,0.0073064818509757015,0,0,0
2020-08-18,SN2010,142860.0,0.0,0,0,0
2020-08-19,SN2010,142460.0,-0.0028038711766186193,0,0,0
2020-08-20,SN2010,141820.0,-0.004502610674357075,0,0,0
2020-08-21,SN2010,143870.0,0.014351466173090981,0,1,1
2020-08-24,SN2010,141190.0,-0.01880361302750798,1,0,-1
2020-08-25,SN2010,141050.0,-0.0009920635734283643,0,0,0
2020-08-26,SN2011,141580.0,0.003750490898038002,0,0,0
2020-08-27,SN2011,143830.0,0.015767118269754715,0,1,1
2020-08-28,SN2011,144450.0,0.004301380296446408,0,0,0
2020-08-31,SN2011,145250.0,0.005522968819776455,0,0,0
2020-09-01,SN2011,145800.0,0.003779423842537217,0,0,0
2020-09-02,SN2011,146530.0,0.0049943660753760605,0,0,0
2020-09-03,SN2011,147290.0,0.005173246851517984,0,0,0
2020-09-04,SN2011,146070.0,-0.00831747363873246,0,0,0
2020-09-07,SN2011,145630.0,-0.0030168003682302063,0,0,0
2020-09-08,SN2011,147220.0,0.010858908136070934,0,0,0
2020-09-09,SN2011,144460.0,-0.018925414007859145,1,0,-1
2020-09-10,SN2011,143310.0,-0.007992536552720541,0,0,0
2020-09-11,SN2011,141980.0,-0.009323913458740342,0,0,0
2020-09-14,SN2011,144820.0,0.01980538934943481,0,1,1
2020-09-15,SN2011,143750.0,-0.007415912283214908,0,0,0
2020-09-16,SN2011,143820.0,0.0004868379968881744,0,0,0
2020-09-17,SN2011,141690.0,-0.0149209450982126,1,0,-1
2020-09-18,SN2011,143750.0,0.014434107101324348,0,1,1
2020-09-21,SN2011,145050.0,0.009002830889953125,0,0,0
2020-09-22,SN2011,143900.0,-0.007959896674090864,0,0,0
2020-09-23,SN2011,144880.0,0.006787199681835706,0,0,0
2020-09-24,SN2011,141270.0,-0.025232860651585046,1,0,-1
2020-09-25,SN2011,141100.0,-0.0012040940648045638,0,0,0
2020-09-28,SN2011,141720.0,0.004384421138503011,0,0,0
2020-09-29,SN2012,143300.0,0.011087054836854906,0,0,0
2020-09-30,SN2012,145500.0,0.01523575177742108,0,1,1
2020-10-09,SN2012,147290.0,0.012227345889904567,0,0,0
2020-10-12,SN2012,146360.0,-0.006334092350445632,0,0,0
2020-10-13,SN2012,146420.0,0.0004098640674905174,0,0,0
2020-10-14,SN2012,146010.0,-0.0028040917050239766,0,0,0
2020-10-15,SN2012,146150.0,0.000958379043782268,0,0,0
2020-10-16,SN2012,146300.0,0.0010258164688236556,0,0,0
2020-10-19,SN2012,146990.0,0.00470524922781757,0,0,0
2020-10-20,SN2012,147300.0,0.0021067662146882927,0,0,0
2020-10-21,SN2012,147130.0,-0.0011547737587289982,0,0,0
2020-10-22,SN2012,145640.0,-0.01017872640262292,0,0,0
2020-10-23,SN2012,146110.0,0.0032219393767604623,0,0,0
2020-10-26,SN2012,143270.0,-0.019628800778712166,1,0,-1
2020-10-27,SN2101,144110.0,0.005845934944989397,0,0,0
2020-10-28,SN2101,144230.0,0.0008323507451486764,0,0,0
2020-10-29,SN2101,143680.0,-0.003820643041529395,0,0,0
2020-10-30,SN2101,142720.0,-0.006703935722190218,0,0,0
2020-11-02,SN2101,144080.0,0.009484032036001335,0,0,0
2020-11-03,SN2101,145820.0,0.012004283510583597,0,0,0
2020-11-04,SN2101,145270.0,-0.003778904493492071,0,0,0
2020-11-05,SN2101,146220.0,0.006518256980377613,0,0,0
2020-11-06,SN2101,146740.0,0.003549976420678243,0,0,0
2020-11-09,SN2101,146470.0,-0.0018416839556324714,0,0,0
2020-11-10,SN2101,145970.0,-0.003419508187729131,0,0,0
2020-11-11,SN2101,145520.0,-0.0030875869326198366,0,0,0
2020-11-12,SN2101,145470.0,-0.0003436544244962139,0,0,0
2020-11-13,SN2101,146440.0,0.006645908466664838,0,0,0
2020-11-16,SN2101,148870.0,0.01645765363693045,0,1,1
2020-11-17,SN2101,148500.0,-0.0024884836462115032,0,0,0
2020-11-18,SN2101,151600.0,0.020660514965517032,0,1,1
2020-11-19,SN2101,147000.0,-0.03081288642953502,1,0,-1
2020-11-20,SN2101,146750.0,-0.0017021280705304183,0,0,0
2020-11-23,SN2101,146840.0,0.0006130999204277458,0,0,0
2020-11-24,SN2101,146410.0,-0.00293265342324277,0,0,0
2020-11-25,SN2101,145190.0,-0.008367675709794409,0,0,0
2020-11-26,SN2101,146410.0,0.008367675709794457,0,0,0
2020-11-27,SN2101,148300.0,0.012826343938495589,0,1,1
2020-11-30,SN2101,149220.0,0.0061844778994819575,0,0,0
2020-12-01,SN2102,146000.0,-0.02181510533503181,1,0,-1
2020-12-02,SN2102,146380.0,0.0025993584647445384,0,0,0
2020-12-03,SN2102,145900.0,-0.003284524644341066,0,0,0
2020-12-04,SN2102,147940.0,0.013885330630981666,0,1,1
2020-12-07,SN2102,148820.0,0.0059307358093936184,0,0,0
2020-12-08,SN2102,149400.0,0.0038897507296017037,0,0,0
2020-12-09,SN2102,149540.0,0.0009366428730525197,0,0,0
2020-12-10,SN2102,151330.0,0.0118989671271654,0,0,0
2020-12-11,SN2102,149980.0,-0.008960930825691448,0,0,0
2020-12-14,SN2102,150670.0,0.004590062939953703,0,0,0
2020-12-15,SN2102,151560.0,0.005889571337202977,0,0,0
2020-12-16,SN2102,153490.0,0.012653832174916562,0,1,1
2020-12-17,SN2102,154610.0,0.007270398789186618,0,0,0
2020-12-18,SN2102,154750.0,0.0009050944502023277,0,0,0
2020-12-21,SN2102,152090.0,-0.017338460680428144,1,0,-1
2020-12-22,SN2102,150740.0,-0.008915952468953584,0,0,0
2020-12-23,SN2102,150380.0,-0.0023910744654429866,0,0,0
2020-12-24,SN2102,151400.0,0.00675991705346766,0,0,0
2020-12-25,SN2102,153170.0,0.011623074673114152,0,0,0
2020-12-28,SN2103,153490.0,0.0020870026488540713,0,0,0
2020-12-29,SN2103,153380.0,-0.0007169159886034658,0,0,0
2020-12-30,SN2103,151800.0,-0.010354637375183618,0,0,0
2020-12-31,SN2103,151170.0,-0.0041588336009131125,0,0,0
2021-01-04,SN2103,154350.0,0.02081771958755195,0,1,1
2021-01-05,SN2103,159050.0,0.029995867246984803,0,1,1
2021-01-06,SN2103,158690.0,-0.0022660046204022034,0,0,0
2021-01-07,SN2103,158650.0,-0.00025209554554638853,0,0,0
2021-01-08,SN2103,158650.0,0.0,0,0,0
2021-01-11,SN2103,153770.0,-0.03124253850160309,1,0,-1
2021-01-12,SN2103,153240.0,-0.0034526596951532152,0,0,0
2021-01-13,SN2103,153240.0,0.0,0,0,0
2021-01-14,SN2103,153470.0,0.0014997883545552215,0,0,0
2021-01-15,SN2103,153680.0,0.0013674102732976364,0,0,0
2021-01-18,SN2103,156760.0,0.01984345487112959,0,1,1
2021-01-19,SN2103,157920.0,0.007372602353740824,0,0,0
2021-01-20,SN2103,157870.0,-0.0003166661415360017,0,0,0
2021-01-21,SN2103,161720.0,0.024094535228934663,0,1,1
2021-01-22,SN2103,162830.0,0.006840267003558714,0,0,0
2021-01-25,SN2103,169760.0,0.041678963089544135,0,1,1
2021-01-26,SN2103,170490.0,0.004290969111466832,0,0,0
2021-01-27,SN2103,171090.0,0.0035130898594172974,0,0,0
2021-01-28,SN2103,170920.0,-0.0009941230607330236,0,0,0
2021-01-29,SN2103,172110.0,0.006938196506065203,0,0,0
2021-02-01,SN2103,169450.0,-0.015575909228829064,1,0,-1
2021-02-02,SN2103,166720.0,-0.016242139488058274,1,0,-1
2021-02-03,SN2103,164180.0,-0.015352371644882044,1,0,-1
2021-02-04,SN2103,163720.0,-0.002805735295917848,0,0,0
2021-02-05,SN2104,163660.0,-0.0003665465249665996,0,0,0
2021-02-08,SN2104,166260.0,0.01576172300370634,0,1,1
2021-02-09,SN2104,163460.0,-0.016984516014958352,1,0,-1
2021-02-10,SN2104,163760.0,0.0018336292650503992,0,0,0
2021-02-18,SN2104,174370.0,0.06277753697636836,0,1,1
2021-02-19,SN2104,181660.0,0.040957329744665205,0,1,1
2021-02-22,SN2104,192770.0,0.059360960335432526,0,1,1
2021-02-23,SN2104,190660.0,-0.011006031344067864,1,0,-1
2021-02-24,SN2104,188520.0,-0.011287635009902045,1,0,-1
2021-02-25,SN2104,191790.0,0.01719692139121508,0,1,1
2021-02-26,SN2104,184400.0,-0.03929371232425165,1,0,-1
2021-03-01,SN2104,182310.0,-0.011398776307119907,1,0,-1
2021-03-02,SN2104,177110.0,-0.02893752634683267,1,0,-1
2021-03-03,SN2104,178030.0,0.005181066948230354,0,0,0
2021-03-04,SN2104,173200.0,-0.027505079288436443,1,0,-1
2021-03-05,SN2104,173200.0,0.0,0,0,0
2021-03-08,SN2105,170850.0,-0.013661017567033988,1,0,-1
2021-03-09,SN2105,170810.0,-0.00023415091133143385,0,0,0
2021-03-10,SN2105,174080.0,0.01896313601760848,0,1,1
2021-03-11,SN2105,180050.0,0.03371962642730633,0,1,1
2021-03-12,SN2105,180370.0,0.0017757065872236642,0,0,0
2021-03-15,SN2105,176390.0,-0.02231284405872207,1,0,-1
2021-03-16,SN2105,174690.0,-0.009684478106247556,0,0,0
2021-03-17,SN2105,176040.0,0.007698267425752336,0,0,0
2021-03-18,SN2105,176480.0,0.0024963135623016094,0,0,0
2021-03-19,SN2105,174870.0,-0.009164714779624241,0,0,0
2021-03-22,SN2105,177860.0,0.016953883245925873,0,1,1
2021-03-23,SN2105,176550.0,-0.007392601597098635,0,0,0
2021-03-24,SN2105,173320.0,-0.01846452550268681,1,0,-1
2021-03-25,SN2105,171370.0,-0.011314635198950894,1,0,-1
2021-03-26,SN2105,174660.0,0.01901626531282912,0,1,1
2021-03-29,SN2105,175300.0,0.00365756494160202,0,0,0
2021-03-30,SN2105,175510.0,0.001197229412409996,0,0,0
2021-03-31,SN2105,173800.0,-0.009790808508307157,0,0,0
2021-04-01,SN2106,176550.0,0.015698909543103833,0,1,1
2021-04-02,SN2106,182650.0,0.033967630866896,0,1,1
2021-04-06,SN2106,184300.0,0.008993111434486053,0,0,0
2021-04-07,SN2106,184820.0,0.002817513784116784,0,0,0
2021-04-08,SN2106,183100.0,-0.009349926779429397,0,0,0
2021-04-09,SN2106,181560.0,-0.008446274092200159,0,0,0
2021-04-12,SN2106,178190.0,-0.01873578084894148,1,0,-1
2021-04-13,SN2106,177970.0,-0.001235399977429129,0,0,0
2021-04-14,SN2106,177680.0,-0.0016308171757222825,0,0,0
2021-04-15,SN2106,179960.0,0.012750424386799474,0,1,1
2021-04-16,SN2106,183460.0,0.019262056108537862,0,1,1
2021-04-19,SN2106,185200.0,0.00943966213056954,0,0,0
2021-04-20,SN2106,185300.0,0.0005398110792350076,0,0,0
2021-04-21,SN2106,183910.0,-0.007529625780424453,0,0,0
2021-04-22,SN2106,183240.0,-0.003649738492348245,0,0,0
2021-04-23,SN2106,183730.0,0.002670519613102101,0,0,0
2021-04-26,SN2106,186520.0,0.01507118330847677,0,1,1
2021-04-27,SN2106,186140.0,-0.002039393182555737,0,0,0
2021-04-28,SN2106,185070.0,-0.005764946867907471,0,0,0
2021-04-29,SN2106,192150.0,0.03754218512119596,0,1,1
2021-04-30,SN2106,193780.0,0.008447177946005162,0,0,0
2021-05-06,SN2106,197240.0,0.017697766399067366,0,1,1
2021-05-07,SN2107,198160.0,0.004653523825178848,0,0,0
2021-05-10,SN2107,195710.0,-0.012440813464226385,1,0,-1
2021-05-11,SN2107,194800.0,-0.0046605805084430525,0,0,0
2021-05-12,SN2107,196710.0,0.009757171735202935,0,0,0
2021-05-13,SN2107,192230.0,-0.023037991178868737,1,0,-1
2021-05-14,SN2107,192920.0,0.0035830234360021886,0,0,0
2021-05-17,SN2107,197420.0,0.02305784378897079,0,1,1
2021-05-18,SN2107,198690.0,0.006412382175255938,0,0,0
2021-05-19,SN2107,198830.0,0.0007043671049921054,0,0,0
2021-05-20,SN2107,195290.0,-0.017964554975298773,1,0,-1
2021-05-21,SN2107,197290.0,0.010189094212187026,0,0,0
2021-05-24,SN2107,192930.0,-0.02234729869199666,1,0,-1
2021-05-25,SN2107,196950.0,0.02062246060203348,0,1,1
2021-05-26,SN2107,197420.0,0.0023835495728270427,0,0,0
2021-05-27,SN2107,198850.0,0.007217332663957776,0,0,0
2021-05-28,SN2107,207900.0,0.04450642321026771,0,1,1
2021-05-31,SN2107,209000.0,0.005277057100843819,0,0,0
2021-06-01,SN2107,206000.0,-0.014458083175229888,1,0,-1
2021-06-02,SN2107,207280.0,0.006194367464273511,0,0,0
2021-06-03,SN2107,204920.0,-0.011450877182852995,1,0,-1
2021-06-04,SN2107,204050.0,-0.004254597219186836,0,0,0
2021-06-07,SN2107,203420.0,-0.003092254654364549,0,0,0
2021-06-08,SN2107,204360.0,0.004610337265147074,0,0,0
2021-06-09,SN2107,207600.0,0.01573000682913642,0,1,1
2021-06-10,SN2107,207150.0,-0.0021699827683228042,0,0,0
2021-06-11,SN2107,212260.0,0.02436876981026572,0,1,1
2021-06-15,SN2107,205930.0,-0.030275633116419738,1,0,-1
2021-06-16,SN2107,205000.0,-0.004526326078848536,0,0,0
2021-06-17,SN2108,205630.0,0.0030684581950188587,0,0,0
2021-06-18,SN2108,201230.0,-0.021629904855150085,1,0,-1
2021-06-21,SN2108,199510.0,-0.008584172091307036,0,0,0
2021-06-22,SN2108,202350.0,0.014134510934904716,0,1,1
2021-06-23,SN2108,207830.0,0.02672156650910716,0,1,1
2021-06-24,SN2108,208340.0,0.002450922725320917,0,0,0
2021-06-25,SN2108,209900.0,0.0074598662702845394,0,0,0
2021-06-28,SN2108,209090.0,-0.0038664455432556137,0,0,0
2021-06-29,SN2108,210720.0,0.007765456711639127,0,0,0
2021-06-30,SN2108,214620.0,0.01833878450401043,0,1,1
2021-07-01,SN2108,211790.0,-0.013273804799471253,1,0,-1
2021-07-02,SN2108,211550.0,-0.0011338405334335641,0,0,0
2021-07-05,SN2108,215670.0,0.019288084497813458,0,1,1
2021-07-06,SN2108,219220.0,0.016326330123687463,0,1,1
2021-07-07,SN2108,216340.0,-0.013224547585433812,1,0,-1
2021-07-08,SN2108,216850.0,0.0023546260792318293,0,0,0
2021-07-09,SN2108,219300.0,0.011234785142467348,0,0,0
2021-07-12,SN2108,216860.0,-0.01118867137980666,1,0,-1
2021-07-13,SN2108,221070.0,0.019227409402981697,0,1,1
2021-07-14,SN2108,220670.0,-0.0018110205520284297,0,0,0
2021-07-15,SN2108,222590.0,0.008663141307529437,0,0,0
2021-07-16,SN2108,228260.0,0.025153815922935207,0,1,1
2021-07-19,SN2108,233000.0,0.020553123440246564,0,1,1
2021-07-20,SN2108,228210.0,-0.020772195888381084,1,0,-1
2021-07-21,SN2108,225500.0,-0.01194609873458649,1,0,-1
2021-07-22,SN2108,226230.0,0.0032320219399322478,0,0,0
2021-07-23,SN2109,233530.0,0.03175836763086994,0,1,1
2021-07-26,SN2109,231100.0,-0.010460031233200212,0,0,0
2021-07-27,SN2109,231900.0,0.0034557269811509046,0,0,0
2021-07-28,SN2109,231310.0,-0.0025474420632764657,0,0,0
2021-07-29,SN2109,233160.0,0.007966110979139586,0,0,0
2021-07-30,SN2109,233550.0,0.0016712737707680972,0,0,0
2021-08-02,SN2109,234100.0,0.0023521875487481246,0,0,0
2021-08-03,SN2109,229290.0,-0.02076079657396271,1,0,-1
2021-08-04,SN2109,229580.0,0.0012639747144483255,0,0,0
2021-08-05,SN2109,229030.0,-0.002398553296621474,0,0,0
2021-08-06,SN2109,229950.0,0.004008894645203648,0,0,0
2021-08-09,SN2109,229020.0,-0.004052558000739443,0,0,0
2021-08-10,SN2109,236720.0,0.03306867210676084,0,1,1
2021-08-11,SN2109,238400.0,0.007071927099240537,0,0,0
2021-08-12,SN2109,242070.0,0.015277005337330186,0,1,1
2021-08-13,SN2109,238440.0,-0.015109234176799142,1,0,-1
2021-08-16,SN2109,237670.0,-0.003234549458450544,0,0,0
2021-08-17,SN2109,243410.0,0.02386410745054779,0,1,1
2021-08-18,SN2109,241850.0,-0.006429565074830912,0,0,0
2021-08-19,SN2109,240760.0,-0.004517112589422152,0,0,0
2021-08-20,SN2109,231990.0,-0.03710631939051625,1,0,-1
2021-08-23,SN2109,233280.0,0.005545181531239563,0,0,0
2021-08-24,SN2109,236800.0,0.014976454189557259,0,1,1
2021-08-25,SN2109,240440.0,0.015254675161110592,0,1,1
2021-08-26,SN2109,240600.0,0.0006652253696172311,0,0,0
2021-08-27,SN2110,240810.0,0.000872437271016748,0,0,0
2021-08-30,SN2110,244850.0,0.01663753733673127,0,1,1
2021-08-31,SN2110,246910.0,0.008378119610236786,0,0,0
2021-09-01,SN2110,245620.0,-0.0052382715763252445,0,0,0
2021-09-02,SN2110,248990.0,0.013627108833439193,0,1,1
2021-09-03,SN2110,244530.0,-0.018074734241201384,1,0,-1
2021-09-06,SN2110,244460.0,-0.0002863044253590272,0,0,0
2021-09-07,SN2110,244070.0,-0.0015966269537164986,0,0,0
2021-09-08,SN2110,244000.0,-0.00028684410219827466,0,0,0
2021-09-09,SN2110,250740.0,0.02724832039467717,0,1,1
2021-09-10,SN2110,254770.0,0.015944631674847897,0,1,1
2021-09-13,SN2110,255470.0,0.002743808557391112,0,0,0
2021-09-14,SN2110,253720.0,-0.006873689154421502,0,0,0
2021-09-15,SN2110,256360.0,0.010351409870329684,0,0,0
2021-09-16,SN2110,259110.0,0.010669975324277724,0,0,0
2021-09-17,SN2110,260300.0,0.00458213004021586,0,0,0
2021-09-22,SN2110,277000.0,0.06218269418681873,0,1,1
2021-09-23,SN2110,277520.0,0.0018754964741556637,0,0,0
2021-09-24,SN2110,282400.0,0.01743150295759264,0,1,1
2021-09-27,SN2111,268810.0,-0.049319695281131594,1,0,-1
2021-09-28,SN2111,269800.0,0.0036761334357001095,0,0,0
2021-09-29,SN2111,272820.0,0.011131293291318763,0,0,0
2021-09-30,SN2111,269460.0,-0.012392280737272528,1,0,-1
2021-10-08,SN2111,279680.0,0.03722613613946895,0,1,1
2021-10-11,SN2111,283760.0,0.014482717998195857,0,1,1
2021-10-12,SN2111,277510.0,-0.022271841892123525,1,0,-1
2021-10-13,SN2111,275880.0,-0.005890980010152379,0,0,0
2021-10-14,SN2111,278360.0,0.008949251413558706,0,0,0
2021-10-15,SN2111,280920.0,0.009154691314170328,0,0,0
2021-10-18,SN2111,294300.0,0.046529723948607354,0,1,1
2021-10-19,SN2111,293220.0,-0.003676474729308637,0,0,0
2021-10-20,SN2111,283520.0,-0.03364051309340238,1,0,-1
2021-10-21,SN2111,285960.0,0.00856927348193488,0,0,0
2021-10-22,SN2111,283660.0,-0.008075603032189602,0,0,0
2021-10-25,SN2112,280280.0,-0.01198723436412833,1,0,-1
2021-10-26,SN2112,279860.0,-0.0014996253747658359,0,0,0
2021-10-27,SN2112,278290.0,-0.005625742688307701,0,0,0
2021-10-28,SN2112,258370.0,-0.07427106934203906,1,0,-1
2021-10-29,SN2112,266050.0,0.02929159494515769,0,1,1
2021-11-01,SN2112,274050.0,0.029626310449747083,0,1,1
2021-11-02,SN2112,272600.0,-0.005305052229693229,0,0,0
2021-11-03,SN2112,278250.0,0.020514470893221923,0,1,1
2021-11-04,SN2112,277700.0,-0.0019785958429003156,0,0,0
2021-11-05,SN2112,275290.0,-0.008716306834095805,0,0,0
2021-11-08,SN2112,275710.0,0.0015245012026991354,0,0,0
2021-11-09,SN2112,276470.0,0.0027527272987386323,0,0,0
2021-11-10,SN2112,275690.0,-0.0028252699175589677,0,0,0
2021-11-11,SN2112,288520.0,0.045487361572934995,0,1,1
2021-11-12,SN2112,287940.0,-0.002012282537262687,0,0,0
2021-11-15,SN2112,281940.0,-0.021057842755429833,1,0,-1
2021-11-16,SN2112,283120.0,0.004176553694428497,0,0,0
2021-11-17,SN2112,282240.0,-0.003113063218781509,0,0,0
2021-11-18,SN2112,284800.0,0.009029406719394157,0,0,0
2021-11-19,SN2112,288320.0,0.012283794882152355,0,0,0
2021-11-22,SN2112,291170.0,0.009836314617407327,0,0,0
2021-11-23,SN2112,287820.0,-0.011572004295352942,1,0,-1
2021-11-24,SN2201,285260.0,-0.008934239646751394,0,0,0
2021-11-25,SN2201,289340.0,0.014201422106167948,0,1,1
2021-11-26,SN2201,284980.0,-0.01518346483380146,1,0,-1
2021-11-29,SN2201,285920.0,0.0032930490434751685,0,0,0
2021-11-30,SN2201,286260.0,0.0011884373449527628,0,0,0
2021-12-01,SN2201,287800.0,0.0053653056971968895,0,0,0
2021-12-02,SN2201,286320.0,-0.005155727995497062,0,0,0
2021-12-03,SN2201,286960.0,0.0022327667662568754,0,0,0
2021-12-06,SN2201,276410.0,-0.03745756253490044,1,0,-1
2021-12-07,SN2201,284010.0,0.02712417811978286,0,1,1
2021-12-08,SN2201,283090.0,-0.0032445805222819945,0,0,0
2021-12-09,SN2201,284330.0,0.0043706671387976044,0,0,0
2021-12-10,SN2201,286320.0,0.006974531032345344,0,0,0
2021-12-13,SN2201,284950.0,-0.004796340176761819,0,0,0
2021-12-14,SN2201,287790.0,0.009917321216957401,0,0,0
2021-12-15,SN2201,281030.0,-0.023769622296994225,1,0,-1
2021-12-16,SN2201,281400.0,0.0013157194793169808,0,0,0
2021-12-17,SN2201,285080.0,0.01299269795338138,0,1,1
2021-12-20,SN2201,282180.0,-0.010224677448658348,0,0,0
2021-12-21,SN2201,284800.0,0.009242014352809132,0,0,0
2021-12-22,SN2202,282480.0,-0.008179427917689714,0,0,0
2021-12-23,SN2202,284030.0,0.005472114765034644,0,0,0
2021-12-24,SN2202,289200.0,0.018038623899443884,0,1,1
2021-12-27,SN2202,288120.0,-0.0037414302634474457,0,0,0
2021-12-28,SN2202,290200.0,0.007193280428925331,0,0,0
2021-12-29,SN2202,290010.0,-0.0006549353054637232,0,0,0
2021-12-30,SN2202,294370.0,0.014922074343805162,0,1,1
2021-12-31,SN2202,296110.0,0.005893527423040812,0,0,0
2022-01-04,SN2202,289950.0,-0.021022512589020124,1,0,-1
2022-01-05,SN2202,295520.0,0.019028022128480298,0,1,1
2022-01-06,SN2202,295350.0,-0.0005754226976856118,0,0,0
2022-01-07,SN2202,298100.0,0.009267906930781456,0,0,0
2022-01-10,SN2202,298750.0,0.002178102561694623,0,0,0
2022-01-11,SN2202,299590.0,0.0028077700031754263,0,0,0
2022-01-12,SN2202,310520.0,0.035833438288583805,0,1,1
2022-01-13,SN2202,308310.0,-0.007142541232388123,0,0,0
2022-01-14,SN2202,309340.0,0.0033352253049022396,0,0,0
2022-01-17,SN2202,308080.0,-0.004081506103340325,0,0,0
2022-01-18,SN2202,317600.0,0.03043323986632711,0,1,1
2022-01-19,SN2202,318500.0,0.00282974563923744,0,0,0
2022-01-20,SN2203,325090.0,0.02047959205832454,0,1,1
2022-01-21,SN2203,327500.0,0.007385988004764072,0,0,0
2022-01-24,SN2203,328310.0,0.0024702289135177,0,0,0
2022-01-25,SN2203,316900.0,-0.035372017291949366,1,0,-1
2022-01-26,SN2203,320380.0,0.010921524576462371,0,0,0
2022-01-27,SN2203,326760.0,0.01971816520033106,0,1,1
2022-01-28,SN2203,329600.0,0.008653841561648048,0,0,0
2022-02-07,SN2203,332000.0,0.007255170881172016,0,0,0
2022-02-08,SN2203,333300.0,0.003908016397205553,0,0,0
2022-02-09,SN2203,330700.0,-0.007831365325946877,0,0,0
2022-02-10,SN2203,338380.0,0.022957904342903252,0,1,1
2022-02-11,SN2203,335120.0,-0.009680847691870812,0,0,0
2022-02-14,SN2203,331960.0,-0.009474196908532174,0,0,0
2022-02-15,SN2203,333870.0,0.005737215923196185,0,0,0
2022-02-16,SN2203,333500.0,-0.0011088302977650434,0,0,0
2022-02-17,SN2203,332890.0,-0.001830760276646442,0,0,0
2022-02-18,SN2203,340010.0,0.021162923863363575,0,1,1
2022-02-21,SN2203,338500.0,-0.004450936590065752,0,0,0
2022-02-22,SN2203,338870.0,0.0010924606545865054,0,0,0
2022-02-23,SN2205,332490.0,-0.01900676855124495,1,0,-1
2022-02-24,SN2205,338500.0,0.017914307896658238,0,1,1
2022-02-25,SN2205,335880.0,-0.007770139036967251,0,0,0
2022-02-28,SN2205,337950.0,0.0061440022310007055,0,0,0
2022-03-01,SN2205,341460.0,0.01033258629672436,0,0,0
2022-03-02,SN2205,340490.0,-0.002844785260409561,0,0,0
2022-03-03,SN2205,342410.0,0.005623092865910226,0,0,0
2022-03-04,SN2205,342330.0,-0.00023366533389021957,0,0,0
2022-03-07,SN2205,358500.0,0.046153475924976976,0,1,1
2022-03-08,SN2205,391400.0,0.08780139492230075,0,1,1
2022-03-09,SN2205,356880.0,-0.09233046414196652,1,0,-1
2022-03-10,SN2205,337500.0,-0.05583408050742487,1,0,-1
2022-03-11,SN2205,343500.0,0.01762160134981941,0,1,1
2022-03-14,SN2205,332280.0,-0.033209124691533254,1,0,-1
2022-03-15,SN2205,322840.0,-0.028821142514699236,1,0,-1
2022-03-16,SN2205,333520.0,0.03254598911636978,0,1,1
2022-03-17,SN2205,327890.0,-0.017024647289760234,1,0,-1
2022-03-18,SN2205,339900.0,0.03597327041928915,0,1,1
2022-03-21,SN2205,337000.0,-0.008568526349708607,0,0,0
2022-03-22,SN2205,337060.0,0.0001780256955122689,0,0,0
2022-03-23,SN2205,339430.0,0.007006784124700288,0,0,0
2022-03-24,SN2205,350380.0,0.031750539635101806,0,1,1
2022-03-25,SN2205,345980.0,-0.012637309888844605,1,0,-1
2022-03-28,SN2205,342750.0,-0.009379651476407581,0,0,0
2022-03-29,SN2205,347010.0,0.012352279532996177,0,0,0
2022-03-30,SN2205,346400.0,-0.0017594212871397763,0,0,0
2022-03-31,SN2205,344840.0,-0.004513635346555795,0,0,0
2022-04-01,SN2205,340950.0,-0.011344702375062393,1,0,-1
2022-04-06,SN2205,346020.0,0.014760737888714398,0,1,1
2022-04-07,SN2205,340490.0,-0.01611082027269837,1,0,-1
2022-04-08,SN2205,340770.0,0.0008220063287620741,0,0,0
2022-04-11,SN2205,337360.0,-0.010057153473135527,0,0,0
2022-04-12,SN2205,339830.0,0.00729488313022025,0,0,0
2022-04-13,SN2205,333180.0,-0.019762608086953997,1,0,-1
2022-04-14,SN2205,339240.0,0.018024937011928487,0,1,1
2022-04-15,SN2205,338220.0,-0.0030112501719605942,0,0,0
2022-04-18,SN2205,336200.0,-0.005990350347023356,0,0,0
2022-04-19,SN2205,339010.0,0.008323384495935771,0,0,0
2022-04-20,SN2205,337940.0,-0.003161240537947435,0,0,0
2022-04-21,SN2205,336870.0,-0.0031712656799467317,0,0,0
2022-04-22,SN2205,336300.0,-0.0016934805063330315,0,0,0
2022-04-25,SN2205,326330.0,-0.030094479440588157,1,0,-1
2022-04-26,SN2206,327040.0,0.002173348269649269,0,0,0
2022-04-27,SN2206,331100.0,0.012337956977915756,0,0,0
2022-04-28,SN2206,324410.0,-0.02041229664649121,1,0,-1
2022-04-29,SN2206,330080.0,0.01732690141623228,0,1,1
2022-05-05,SN2206,327080.0,-0.009130260029165152,0,0,0
2022-05-06,SN2206,323920.0,-0.009708217569870807,0,0,0
2022-05-09,SN2206,311510.0,-0.03906513128294751,1,0,-1
2022-05-10,SN2206,303680.0,-0.025456925019395123,1,0,-1
2022-05-11,SN2206,291960.0,-0.03935770883813143,1,0,-1
2022-05-12,SN2206,279290.0,-0.04436613806847398,1,0,-1
2022-05-13,SN2206,285540.0,0.022131455846116452,0,1,1
2022-05-16,SN2206,286220.0,0.0023786215216556653,0,0,0
2022-05-17,SN2206,279340.0,-0.024331068005104543,1,0,-1
2022-05-18,SN2206,271160.0,-0.029720625314860437,1,0,-1
2022-05-19,SN2206,283190.0,0.043408997898897836,0,1,1
2022-05-20,SN2206,284190.0,0.0035249780938901476,0,0,0
2022-05-23,SN2206,283460.0,-0.0025720088167935085,0,0,0
2022-05-24,SN2206,277310.0,-0.02193500574056038,1,0,-1
2022-05-25,SN2206,271760.0,-0.020216690145870513,1,0,-1
2022-05-26,SN2206,256260.0,-0.0587267697708983,1,0,-1
2022-05-27,SN2206,260710.0,0.01721612438857275,0,1,1
2022-05-30,SN2207,271080.0,0.03900530179790934,0,1,1
2022-05-31,SN2207,268530.0,-0.009451340716954889,0,0,0
2022-06-01,SN2207,267820.0,-0.0026475264835371,0,0,0
2022-06-02,SN2207,268820.0,0.0037268975755821053,0,0,0
2022-06-06,SN2207,258980.0,-0.03729117200230822,1,0,-1
2022-06-07,SN2207,256320.0,-0.010324174760699592,0,0,0
2022-06-08,SN2207,264150.0,0.030090459730330477,0,1,1
2022-06-09,SN2207,263900.0,-0.000946880101046417,0,0,0
2022-06-10,SN2207,263150.0,-0.0028460317094904613,0,0,0
2022-06-13,SN2207,254100.0,-0.034996321473669566,1,0,-1
2022-06-14,SN2207,242800.0,-0.04548983114077516,1,0,-1
2022-06-15,SN2207,246560.0,0.015367312386462426,0,1,1
2022-06-16,SN2207,256930.0,0.04119830268214839,0,1,1
2022-06-17,SN2207,245510.0,-0.0454659946513969,1,0,-1
2022-06-20,SN2207,238160.0,-0.030394962895036116,1,0,-1
2022-06-21,SN2207,236500.0,-0.006994508775533305,0,0,0
2022-06-22,SN2207,228390.0,-0.03489351394575678,1,0,-1
2022-06-23,SN2207,229000.0,0.0026673095680086745,0,0,0
2022-06-24,SN2207,204860.0,-0.11139518454585105,1,0,-1
2022-06-27,SN2207,214630.0,0.04658879638518479,0,1,1
2022-06-28,SN2208,218840.0,0.01942525380205174,0,1,1
2022-06-29,SN2208,200010.0,-0.08997350389754688,1,0,-1
2022-06-30,SN2208,202600.0,0.012866226516504674,0,1,1
2022-07-01,SN2208,192000.0,-0.05373821978680142,1,0,-1
2022-07-04,SN2208,197300.0,0.0272300410007881,0,1,1
2022-07-05,SN2208,191810.0,-0.028220114294972936,1,0,-1
2022-07-06,SN2208,187310.0,-0.02374030042579575,1,0,-1
2022-07-07,SN2208,189110.0,0.009563858031380726,0,0,0
2022-07-08,SN2208,182250.0,-0.03694948545041401,1,0,-1
2022-07-11,SN2208,192690.0,0.055703309049043304,0,1,1
2022-07-12,SN2208,192460.0,-0.0011943400095560592,0,0,0
2022-07-13,SN2208,196770.0,0.022147194045498964,0,1,1
2022-07-14,SN2208,191600.0,-0.02662566843699361,1,0,-1
2022-07-15,SN2208,181190.0,-0.05586366108874404,1,0,-1
2022-07-18,SN2208,194890.0,0.07288909238591668,0,1,1
2022-07-19,SN2208,187010.0,-0.04127320547330422,1,0,-1
2022-07-20,SN2208,189820.0,0.014914163341717574,0,1,1
2022-07-21,SN2208,193560.0,0.019511287222771612,0,1,1
2022-07-22,SN2208,191850.0,-0.00887372523215647,0,0,0
2022-07-25,SN2208,190100.0,-0.00916356719857793,0,0,0
2022-07-26,SN2209,197590.0,0.038643927251342684,0,1,1
2022-07-27,SN2209,191770.0,-0.029897439460301878,1,0,-1
2022-07-28,SN2209,195230.0,0.017881613409286724,0,1,1
2022-07-29,SN2209,194000.0,-0.006320191631382723,0,0,0
2022-08-01,SN2209,200460.0,0.032756566533392095,0,1,1
2022-08-02,SN2209,194540.0,-0.029976928155425894,1,0,-1
2022-08-03,SN2209,192390.0,-0.011113235612413053,1,0,-1
2022-08-04,SN2209,191410.0,-0.005106837570862859,0,0,0
2022-08-05,SN2209,197500.0,0.031320860083158174,0,1,1
2022-08-08,SN2209,196380.0,-0.005687026600032393,0,0,0
2022-08-09,SN2209,194850.0,-0.00782152595642588,0,0,0
2022-08-10,SN2209,194220.0,-0.0032384946185102068,0,0,0
2022-08-11,SN2209,201000.0,0.034313370892867776,0,1,1
2022-08-12,SN2209,204380.0,0.016676098124987354,0,1,1
2022-08-15,SN2209,198040.0,-0.03151197569084075,1,0,-1
2022-08-16,SN2209,198760.0,0.003629036240897488,0,0,0
2022-08-17,SN2209,198440.0,-0.0016112793012717037,0,0,0
2022-08-18,SN2210,196050.0,-0.012117058694507464,1,0,-1
2022-08-19,SN2210,196940.0,0.004529385081315274,0,0,0
2022-08-22,SN2210,199420.0,0.012514039580990798,0,1,1
2022-08-23,SN2210,199110.0,-0.0015557175747036296,0,0,0
2022-08-24,SN2210,199390.0,0.001405269992864638,0,0,0
2022-08-25,SN2210,200120.0,0.003654480801196396,0,0,0
2022-08-26,SN2210,197380.0,-0.013786381876143148,1,0,-1
2022-08-29,SN2210,193260.0,-0.021094372172698654,1,0,-1
2022-08-30,SN2210,193950.0,0.0035639613148137177,0,0,0
2022-08-31,SN2210,191080.0,-0.014908205364215136,1,0,-1
2022-09-01,SN2210,178840.0,-0.06620063715598123,1,0,-1
2022-09-02,SN2210,171600.0,-0.041325364311917995,1,0,-1
2022-09-05,SN2210,177330.0,0.03284621645052589,0,1,1
2022-09-06,SN2210,179750.0,0.013554593096768333,0,1,1
2022-09-07,SN2210,174720.0,-0.028382304044615857,1,0,-1
2022-09-08,SN2210,177520.0,0.015898586067798204,0,1,1
2022-09-09,SN2210,178680.0,0.006513217859579502,0,0,0
2022-09-13,SN2210,181270.0,0.014391135990909755,0,1,1
2022-09-14,SN2210,173490.0,-0.04386767163659114,1,0,-1
2022-09-15,SN2210,176830.0,0.019068858228649403,0,1,1
2022-09-16,SN2210,176250.0,-0.0032853773745079025,0,0,0
2022-09-19,SN2210,176710.0,0.0026065291275861667,0,0,0
2022-09-20,SN2210,177180.0,0.0026561941639220033,0,0,0
2022-09-21,SN2210,182400.0,0.029035912656344656,0,1,1
2022-09-22,SN2210,184400.0,0.010905233482262527,0,0,0
2022-09-23,SN2210,183100.0,-0.0070748594420284115,0,0,0
2022-09-26,SN2211,174180.0,-0.04994320441587147,1,0,-1
2022-09-27,SN2211,179950.0,0.032589787260446236,0,1,1
2022-09-28,SN2211,177450.0,-0.0139901554325342,1,0,-1
2022-09-29,SN2211,179610.0,0.012098954512864819,0,0,0
2022-09-30,SN2211,177210.0,-0.013452363618116796,1,0,-1
2022-10-10,SN2211,175160.0,-0.011635628054056003,1,0,-1
2022-10-11,SN2211,176670.0,0.008583743691391435,0,0,0
2022-10-12,SN2211,176020.0,-0.0036859606789233904,0,0,0
2022-10-13,SN2212,169440.0,-0.038098743092569325,1,0,-1
2022-10-14,SN2212,172900.0,0.020214510836148464,0,1,1
2022-10-17,SN2212,168700.0,-0.024591403137322207,1,0,-1
2022-10-18,SN2212,166820.0,-0.011206602738456825,1,0,-1
2022-10-19,SN2212,168890.0,0.01233222861636417,0,0,0
2022-10-20,SN2212,169080.0,0.0011243602687592128,0,0,0
2022-10-21,SN2212,164100.0,-0.029895977602543915,1,0,-1
2022-10-24,SN2212,165010.0,0.005530080028668393,0,0,0
2022-10-25,SN2212,165800.0,0.004776164576481005,0,0,0
2022-10-26,SN2212,166250.0,0.0027104368347688817,0,0,0
2022-10-27,SN2212,165520.0,-0.004400646098675964,0,0,0
2022-10-28,SN2212,158930.0,-0.040628179728559366,1,0,-1
2022-10-31,SN2212,157800.0,-0.007135445296954405,0,0,0
2022-11-01,SN2212,159170.0,0.008644405029989076,0,0,0
2022-11-02,SN2212,159600.0,0.0026978715739453506,0,0,0
2022-11-03,SN2212,156760.0,-0.01795471168427764,1,0,-1
2022-11-04,SN2212,159410.0,0.01676352631412454,0,1,1
2022-11-07,SN2212,166250.0,0.04201317989040822,0,1,1
2022-11-08,SN2212,167700.0,0.008683989293199692,0,0,0
2022-11-09,SN2212,170760.0,0.018082393060598067,0,1,1
2022-11-10,SN2212,169090.0,-0.009827944339423512,0,0,0
2022-11-11,SN2212,181050.0,0.0683421186613124,0,1,1
2022-11-14,SN2212,177070.0,-0.02222810159352471,1,0,-1
2022-11-15,SN2212,184000.0,0.03839062299086005,0,1,1
2022-11-16,SN2212,187700.0,0.019909185983477483,0,1,1
2022-11-17,SN2212,186000.0,-0.00909826987926191,0,0,0
2022-11-18,SN2212,185080.0,-0.004958509674402458,0,0,0
2022-11-21,SN2212,177650.0,-0.040972841571762765,1,0,-1
2022-11-22,SN2212,178450.0,0.004493127469133234,0,0,0
2022-11-23,SN2212,182000.0,0.019698237140625897,0,1,1
2022-11-24,SN2212,183150.0,0.006298802148028005,0,0,0
2022-11-25,SN2212,184270.0,0.00609658412194614,0,0,0
2022-11-28,SN2301,181400.0,-0.01569753566573335,1,0,-1
2022-11-29,SN2301,184750.0,0.01829902214727483,0,1,1
2022-11-30,SN2301,184320.0,-0.0023301823207847734,0,0,0
2022-12-01,SN2301,186760.0,0.013150992595209953,0,1,1
2022-12-02,SN2301,187180.0,0.002246350626374237,0,0,0
2022-12-05,SN2301,194530.0,0.03851567208061519,0,1,1
2022-12-06,SN2301,195010.0,0.002464446490423782,0,0,0
2022-12-07,SN2301,193580.0,-0.007359975579206932,0,0,0
2022-12-08,SN2301,196430.0,0.014615270025242377,0,1,1
2022-12-09,SN2301,198650.0,0.01123834851442298,0,0,0
2022-12-12,SN2301,190400.0,-0.04241735990334296,1,0,-1
2022-12-13,SN2301,194870.0,0.02320554721877816,0,1,1
2022-12-14,SN2301,195020.0,0.0007694478309297895,0,0,0
2022-12-15,SN2301,194000.0,-0.005243958343644831,0,0,0
2022-12-16,SN2301,191110.0,-0.015008980562438245,1,0,-1
2022-12-19,SN2301,187500.0,-0.019070333090424343,1,0,-1
2022-12-20,SN2301,191480.0,0.021004519113842834,0,1,1
2022-12-21,SN2301,194650.0,0.016419709532156372,0,1,1
2022-12-22,SN2301,195110.0,0.0023604280253426615,0,0,0
2022-12-23,SN2302,196990.0,0.009589463946456881,0,0,0
2022-12-26,SN2302,197940.0,0.004810988440280998,0,0,0
2022-12-27,SN2302,205050.0,0.03528989736952318,0,1,1
2022-12-28,SN2302,209270.0,0.02037143241450992,0,1,1
2022-12-29,SN2302,207690.0,-0.007578700894534455,0,0,0
2022-12-30,SN2302,211890.0,0.020020688730896772,0,1,1
2023-01-03,SN2302,209060.0,-0.013445979984379528,1,0,-1
2023-01-04,SN2302,207610.0,-0.006959972416103333,0,0,0
2023-01-05,SN2302,207380.0,-0.0011084605583256872,0,0,0
2023-01-06,SN2302,206470.0,-0.004397735733344069,0,0,0
2023-01-09,SN2302,205020.0,-0.0070475880415324845,0,0,0
2023-01-10,SN2302,203480.0,-0.007539815400691212,0,0,0
2023-01-11,SN2302,213380.0,0.04750689380875092,0,1,1
2023-01-12,SN2302,215620.0,0.01044298534765663,0,0,0
2023-01-13,SN2302,221880.0,0.02861909607606197,0,1,1
2023-01-16,SN2303,226160.0,0.019106018198301072,0,1,1
2023-01-17,SN2303,224610.0,-0.006877148474631322,0,0,0
2023-01-18,SN2303,227510.0,0.01282862855821907,0,1,1
2023-01-19,SN2303,228630.0,0.004910782877213214,0,0,0
2023-01-20,SN2303,238960.0,0.04419119756171868,0,1,1
2023-01-30,SN2303,236870.0,-0.008784706473363825,0,0,0
2023-01-31,SN2303,233940.0,-0.012446795211929578,1,0,-1
2023-02-01,SN2303,236550.0,0.011094929854596104,0,0,0
2023-02-02,SN2303,230220.0,-0.027124228590241016,1,0,-1
2023-02-03,SN2303,228800.0,-0.006187113981273197,0,0,0
2023-02-06,SN2303,219760.0,-0.04031221771862442,1,0,-1
2023-02-07,SN2303,216900.0,-0.013099623954189728,1,0,-1
2023-02-08,SN2303,222920.0,0.027376544868506818,0,1,1
2023-02-09,SN2303,218690.0,-0.019157760801103926,1,0,-1
2023-02-10,SN2303,217460.0,-0.005640276330628339,0,0,0
2023-02-13,SN2303,216420.0,-0.00479396142610083,0,0,0
2023-02-14,SN2303,215480.0,-0.004352866331169636,0,0,0
2023-02-15,SN2303,210350.0,-0.02409528777580314,1,0,-1
2023-02-16,SN2303,213430.0,0.014536100018946903,0,1,1
2023-02-17,SN2303,212320.0,-0.005214339471579348,0,0,0
2023-02-20,SN2303,211820.0,-0.0023577131683742585,0,0,0
2023-02-21,SN2303,217750.0,0.02761075831708899,0,1,1
2023-02-22,SN2303,219000.0,0.005724114083888643,0,0,0
2023-02-23,SN2303,216750.0,-0.010327114155849628,0,0,0
2023-02-24,SN2303,212430.0,-0.02013209332885891,1,0,-1
2023-02-27,SN2304,206990.0,-0.02594203941209317,1,0,-1
2023-02-28,SN2304,209230.0,0.010763642431460689,0,0,0
2023-03-01,SN2304,209820.0,0.0028158949521796504,0,0,0
2023-03-02,SN2304,204810.0,-0.02416730020504088,1,0,-1
2023-03-03,SN2304,199500.0,-0.02626848376838046,1,0,-1
2023-03-06,SN2304,199650.0,0.000751597179312122,0,0,0
2023-03-07,SN2304,199030.0,-0.0031102663781011545,0,0,0
2023-03-08,SN2304,197140.0,-0.009541430893836224,0,0,0
2023-03-09,SN2304,192910.0,-0.021690377337494918,1,0,-1
2023-03-10,SN2304,186950.0,-0.03138255747667528,1,0,-1
2023-03-13,SN2304,188880.0,0.010270691354134833,0,0,0
2023-03-14,SN2304,184000.0,-0.02617613516827187,1,0,-1
2023-03-15,SN2304,186300.0,0.01242251999855711,0,0,0
2023-03-16,SN2304,178140.0,-0.044788519603819375,1,0,-1
2023-03-17,SN2304,183520.0,0.029753895377337164,0,1,1
2023-03-20,SN2304,183900.0,0.0020684782292148063,0,0,0
2023-03-21,SN2304,184890.0,0.0053689220319860405,0,0,0
2023-03-22,SN2304,189130.0,0.022673555658101457,0,1,1
2023-03-23,SN2304,187700.0,-0.007589665707899934,0,0,0
2023-03-24,SN2304,199600.0,0.0614704202849004,0,1,1
2023-03-27,SN2304,201660.0,0.010267747087705722,0,0,0
2023-03-28,SN2304,204920.0,0.016036548105932264,0,1,1
2023-03-29,SN2305,205990.0,0.005207964850976096,0,0,0
2023-03-30,SN2305,207050.0,0.00513268606959867,0,0,0
2023-03-31,SN2305,208520.0,0.007074649908328918,0,0,0
2023-04-03,SN2305,205040.0,-0.016829877844089507,1,0,-1
2023-04-04,SN2305,203880.0,-0.005673496583974738,0,0,0
2023-04-06,SN2305,194860.0,-0.045250233474645844,1,0,-1
2023-04-07,SN2305,196700.0,0.009398373397818145,0,0,0
2023-04-10,SN2305,191260.0,-0.02804596647361676,1,0,-1
2023-04-11,SN2305,190730.0,-0.00277494353306132,0,0,0
2023-04-12,SN2305,190770.0,0.0002096985590907764,0,0,0
2023-04-13,SN2305,192260.0,0.007780108690244073,0,0,0
2023-04-14,SN2305,197880.0,0.02881216372183776,0,1,1
2023-04-17,SN2305,218700.0,0.10004014132321437,0,1,1
2023-04-18,SN2305,222700.0,0.0181246465805998,0,1,1
2023-04-19,SN2305,219030.0,-0.016616867527217853,1,0,-1
2023-04-20,SN2306,219520.0,0.0022346378014163628,0,0,0
2023-04-21,SN2306,212550.0,-0.03226608973272131,1,0,-1
2023-04-24,SN2306,211670.0,-0.004148796672720099,0,0,0
2023-04-25,SN2306,212490.0,0.0038664703015617937,0,0,0
2023-04-26,SN2306,208090.0,-0.020924250008952754,1,0,-1
2023-04-27,SN2306,206050.0,-0.009851820639861834,0,0,0
2023-04-28,SN2306,212380.0,0.030258265190873143,0,1,1
2023-05-04,SN2306,211000.0,-0.006518989499633027,0,0,0
2023-05-05,SN2306,208830.0,-0.010337609627381701,0,0,0
2023-05-08,SN2306,209730.0,0.004300465343318794,0,0,0
2023-05-09,SN2306,208040.0,-0.008090620287131757,0,0,0
2023-05-10,SN2306,207530.0,-0.0024544613713027423,0,0,0
2023-05-11,SN2306,206600.0,-0.004491350848030733,0,0,0
2023-05-12,SN2306,197130.0,-0.04692114710765203,1,0,-1
2023-05-15,SN2306,199560.0,0.012251533414950364,0,0,0
2023-05-16,SN2306,198110.0,-0.007292511006601358,0,0,0
2023-05-17,SN2306,199370.0,0.006339962868500225,0,0,0
2023-05-18,SN2306,200860.0,0.007445753110457437,0,0,0
2023-05-19,SN2306,200570.0,-0.001444834967237464,0,0,0
2023-05-22,SN2306,197450.0,-0.01567792526529697,1,0,-1
2023-05-23,SN2306,192940.0,-0.02310612799025091,1,0,-1
2023-05-24,SN2306,197200.0,0.02183918242612751,0,1,1
2023-05-25,SN2306,199050.0,0.009337607277791208,0,0,0
2023-05-26,SN2307,201540.0,0.012431823405930147,0,1,1
2023-05-29,SN2307,208210.0,0.03255931291484643,0,1,1
2023-05-30,SN2307,208900.0,0.003308482795417234,0,0,0
2023-05-31,SN2307,206450.0,-0.011797416230420877,1,0,-1
2023-06-01,SN2307,209200.0,0.01323247985866851,0,1,1
2023-06-02,SN2307,210520.0,0.006289928294810408,0,0,0
2023-06-05,SN2307,207050.0,-0.016620350494001956,1,0,-1
2023-06-06,SN2307,207840.0,0.0038082429307131497,0,0,0
2023-06-07,SN2307,208500.0,0.003170488316566756,0,0,0
2023-06-08,SN2307,206410.0,-0.010074559192689932,0,0,0
2023-06-09,SN2307,214860.0,0.04012217119223011,0,1,1
2023-06-12,SN2307,209310.0,-0.026170246619141403,1,0,-1
2023-06-13,SN2307,210700.0,0.0066189141908884214,0,0,0
2023-06-14,SN2307,211570.0,0.004120592185082665,0,0,0
2023-06-15,SN2307,214120.0,0.01198069252995448,0,0,0
2023-06-16,SN2307,220240.0,0.02818125530917134,0,1,1
2023-06-19,SN2307,215450.0,-0.021988996772504894,1,0,-1
2023-06-20,SN2307,217770.0,0.010710595903012004,0,0,0
2023-06-21,SN2308,218840.0,0.004901409230766326,0,0,0
2023-06-26,SN2308,213330.0,-0.02550060663208894,1,0,-1
2023-06-27,SN2308,212680.0,-0.0030515739273985275,0,0,0
2023-06-28,SN2308,213530.0,0.003988649383684703,0,0,0
2023-06-29,SN2308,213770.0,0.0011233326713667926,0,0,0
2023-06-30,SN2308,219700.0,0.027362308699375185,0,1,1
2023-07-03,SN2308,223720.0,0.01813229056282272,0,1,1
2023-07-04,SN2308,224710.0,0.004415412030453858,0,0,0
2023-07-05,SN2308,224510.0,-0.0008904323637170864,0,0,0
2023-07-06,SN2308,233490.0,0.03921900001928257,0,1,1
2023-07-07,SN2308,232740.0,-0.003217298959475703,0,0,0
2023-07-10,SN2308,229970.0,-0.011973085046700147,1,0,-1
2023-07-11,SN2308,231490.0,0.006587810415784162,0,0,0
2023-07-12,SN2308,231750.0,0.0011225283969499256,0,0,0
2023-07-13,SN2308,233900.0,0.00923446914416888,0,0,0
2023-07-14,SN2308,232010.0,-0.008113199404474502,0,0,0
2023-07-17,SN2308,230290.0,-0.007441089925734107,0,0,0
2023-07-18,SN2308,232250.0,0.008474993434023215,0,0,0
2023-07-19,SN2308,232420.0,0.0007317021007796811,0,0,0
2023-07-20,SN2308,235360.0,0.012570177058399823,0,1,1
2023-07-21,SN2308,234090.0,-0.00541060005634779,0,0,0
2023-07-24,SN2308,231050.0,-0.01307151948050418,1,0,-1
2023-07-25,SN2308,234080.0,0.01302879995553873,0,1,1
2023-07-26,SN2309,233730.0,-0.0014963342609377623,0,0,0
2023-07-27,SN2309,235810.0,0.008859793014200175,0,0,0
2023-07-28,SN2309,233660.0,-0.0091593287360744,0,0,0
2023-07-31,SN2309,233200.0,-0.0019706128126649944,0,0,0
2023-08-01,SN2309,227510.0,-0.024702261007414773,1,0,-1
2023-08-02,SN2309,227800.0,0.0012738575441591435,0,0,0
2023-08-03,SN2309,229920.0,0.009263371317633119,0,0,0
2023-08-04,SN2309,228400.0,-0.006632944548859629,0,0,0
2023-08-07,SN2309,228320.0,-0.00035032405332886086,0,0,0
2023-08-08,SN2309,226560.0,-0.007738343223171292,0,0,0
2023-08-09,SN2309,226080.0,-0.0021208915691376244,0,0,0
2023-08-10,SN2309,222830.0,-0.014479770037340417,1,0,-1
2023-08-11,SN2309,221710.0,-0.005038927294758195,0,0,0
2023-08-14,SN2309,215200.0,-0.029802393316489317,1,0,-1
2023-08-15,SN2309,214240.0,-0.004470946344767011,0,0,0
2023-08-16,SN2309,210470.0,-0.01775375679178184,1,0,-1
2023-08-17,SN2310,211490.0,0.00483459089357807,0,0,0
2023-08-18,SN2310,211680.0,0.0008979843219869355,0,0,0
2023-08-21,SN2310,215120.0,0.01612031159396361,0,1,1
2023-08-22,SN2310,219280.0,0.019153440033921096,0,1,1
2023-08-23,SN2310,217370.0,-0.008748481309756416,0,0,0
2023-08-24,SN2310,216500.0,-0.0040104232422294595,0,0,0
2023-08-25,SN2310,215450.0,-0.004861683380697515,0,0,0
2023-08-28,SN2310,213010.0,-0.011389751097653979,1,0,-1
2023-08-29,SN2310,211690.0,-0.006216172594704277,0,0,0
2023-08-30,SN2310,213900.0,0.010385675718871161,0,0,0
2023-08-31,SN2310,216420.0,0.011712348055142693,0,0,0
2023-09-01,SN2310,216910.0,0.0022615568220420404,0,0,0
2023-09-04,SN2310,217420.0,0.002348445810309689,0,0,0
2023-09-05,SN2310,222090.0,0.02125173834726241,0,1,1
2023-09-06,SN2310,223060.0,0.004358088443274082,0,0,0
2023-09-07,SN2310,221200.0,-0.008373523918211135,0,0,0
2023-09-08,SN2310,218600.0,-0.011823693905741596,1,0,-1
2023-09-11,SN2310,217750.0,-0.0038959600098260414,0,0,0
2023-09-12,SN2310,215600.0,-0.009922776697770096,0,0,0
2023-09-13,SN2310,213890.0,-0.007962974857474991,0,0,0
2023-09-14,SN2310,218210.0,0.019996037685670508,0,1,1
2023-09-15,SN2310,218970.0,0.0034768322686130437,0,0,0
2023-09-18,SN2310,222540.0,0.01617212659790387,0,1,1
2023-09-19,SN2310,218540.0,-0.01813779658695513,1,0,-1
2023-09-20,SN2310,221470.0,0.013318075989154661,0,1,1
2023-09-21,SN2310,221300.0,-0.0007678930747499224,0,0,0
2023-09-22,SN2311,218870.0,-0.011041300801010177,1,0,-1
2023-09-25,SN2311,222690.0,0.017302723541571495,0,1,1
2023-09-26,SN2311,220410.0,-0.01029122149726957,0,0,0
2023-09-27,SN2311,217860.0,-0.01163679364599636,1,0,-1
2023-09-28,SN2311,217200.0,-0.003034066594518997,0,0,0
2023-10-09,SN2311,214180.0,-0.014001805087051407,1,0,-1
2023-10-10,SN2311,209720.0,-0.021043475268396967,1,0,-1
2023-10-11,SN2311,211790.0,0.009821909995178039,0,0,0
2023-10-12,SN2311,213490.0,0.007994775464722659,0,0,0
2023-10-13,SN2311,213840.0,0.0016380786664308737,0,0,0
2023-10-16,SN2311,218360.0,0.020917005082893254,0,1,1
2023-10-17,SN2311,217880.0,-0.0022006243980831203,0,0,0
2023-10-18,SN2311,218060.0,0.0008258017627620753,0,0,0
2023-10-19,SN2311,217540.0,-0.0023875126125315308,0,0,0
2023-10-20,SN2311,215470.0,-0.009561052949562391,0,0,0
2023-10-23,SN2311,214550.0,-0.004278877278608123,0,0,0
2023-10-24,SN2312,214480.0,-0.00032631750982988145,0,0,0
2023-10-25,SN2312,215550.0,0.0049764072654396975,0,0,0
2023-10-26,SN2312,214160.0,-0.006469501981046591,0,0,0
2023-10-27,SN2312,212720.0,-0.006746652277332667,0,0,0
2023-10-30,SN2312,215390.0,0.012473591454499488,0,1,1
2023-10-31,SN2312,210980.0,-0.020686996135601012,1,0,-1
2023-11-01,SN2312,203920.0,-0.034035582185802736,1,0,-1
2023-11-02,SN2312,205650.0,0.008447934608573088,0,0,0
2023-11-03,SN2312,207670.0,0.009774586678454525,0,0,0
2023-11-06,SN2312,207000.0,-0.0032314880895185946,0,0,0
2023-11-07,SN2312,208270.0,0.006116521585555856,0,0,0
2023-11-08,SN2312,210490.0,0.010602831204826186,0,0,0
2023-11-09,SN2312,210440.0,-0.00023756919314449454,0,0,0
2023-11-10,SN2312,209240.0,-0.005718658360196155,0,0,0
2023-11-13,SN2312,215500.0,0.029478991041392094,0,1,1
2023-11-14,SN2312,212800.0,-0.012608152076313156,1,0,-1
2023-11-15,SN2312,213750.0,0.004454350349380375,0,0,0
2023-11-16,SN2312,214000.0,0.0011689072049819618,0,0,0
2023-11-17,SN2312,213820.0,-0.0008414754364976658,0,0,0
2023-11-20,SN2312,208810.0,-0.023709792003383415,1,0,-1
2023-11-21,SN2312,207320.0,-0.007161254260464652,0,0,0
2023-11-22,SN2312,206150.0,-0.0056594341685968184,0,0,0
2023-11-23,SN2401,201630.0,-0.022169724502924794,1,0,-1
2023-11-24,SN2401,199630.0,-0.009968681465421842,0,0,0
2023-11-27,SN2401,198790.0,-0.004216662038132338,0,0,0
2023-11-28,SN2401,195730.0,-0.015512832631997509,1,0,-1
2023-11-29,SN2401,195680.0,-0.0002554865755701845,0,0,0
2023-11-30,SN2401,195550.0,-0.0006645707373390789,0,0,0
2023-12-01,SN2401,198200.0,0.01346052069436448,0,1,1
2023-12-04,SN2401,199470.0,0.0063872271865856615,0,0,0
2023-12-05,SN2401,198660.0,-0.004069028295263408,0,0,0
2023-12-06,SN2401,206150.0,0.03700923836569906,0,1,1
2023-12-07,SN2401,208660.0,0.012102073886914326,0,0,0
2023-12-08,SN2401,207050.0,-0.007745823048246989,0,0,0
2023-12-11,SN2401,206510.0,-0.0026114726128759064,0,0,0
2023-12-12,SN2401,206980.0,0.0022733328613265707,0,0,0
2023-12-13,SN2401,206630.0,-0.0016924159645137396,0,0,0
2023-12-14,SN2401,209100.0,0.011882852159074583,0,0,0
2023-12-15,SN2401,207770.0,-0.006380907777893202,0,0,0
2023-12-18,SN2401,208580.0,0.003890962036372074,0,0,0
2023-12-19,SN2401,210000.0,0.006784870024401841,0,0,0
2023-12-20,SN2402,207870.0,-0.010194646410069058,0,0,0
2023-12-21,SN2402,209240.0,0.006569034195010674,0,0,0
2023-12-22,SN2402,210090.0,0.00405409183312563,0,0,0
2023-12-25,SN2402,209440.0,-0.0030987081739462753,0,0,0
2023-12-26,SN2402,208780.0,-0.0031562361814374373,0,0,0
2023-12-27,SN2402,213910.0,0.024274299833561483,0,1,1
2023-12-28,SN2402,212980.0,-0.004357101226476113,0,0,0
2023-12-29,SN2402,212100.0,-0.004140403016600972,0,0,0
2024-01-02,SN2402,210700.0,-0.006622540760493382,0,0,0
2024-01-03,SN2402,210820.0,0.0005693680168998363,0,0,0
2024-01-04,SN2402,211490.0,0.0031730272176154497,0,0,0
2024-01-05,SN2402,207210.0,-0.020444944275667367,1,0,-1
2024-01-08,SN2402,204900.0,-0.011210716524137137,1,0,-1
2024-01-09,SN2402,203820.0,-0.005284803844306554,0,0,0
2024-01-10,SN2402,204020.0,0.000980776853825348,0,0,0
2024-01-11,SN2402,207250.0,0.015707765761031573,0,1,1
2024-01-12,SN2402,206750.0,-0.002415460111603662,0,0,0
2024-01-15,SN2402,209460.0,0.013022456441198968,0,1,1
2024-01-16,SN2402,210100.0,0.0030508175059551705,0,0,0
2024-01-17,SN2402,212980.0,0.013614656736282916,0,1,1
2024-01-18,SN2402,213060.0,0.0003755515958138129,0,0,0
2024-01-19,SN2402,214230.0,0.005476388046076727,0,0,0
2024-01-22,SN2402,213310.0,-0.004303697525401961,0,0,0
2024-01-23,SN2403,218300.0,0.0231237568521718,0,1,1
2024-01-24,SN2403,219230.0,0.004251143467175746,0,0,0
2024-01-25,SN2403,220590.0,0.006184367853166645,0,0,0
2024-01-26,SN2403,221700.0,0.00501934174602517,0,0,0
2024-01-29,SN2403,221680.0,-9.021606754285753e-05,0,0,0
2024-01-30,SN2403,219060.0,-0.011889235659122447,1,0,-1
2024-01-31,SN2403,218490.0,-0.0026054179976670094,0,0,0
2024-02-01,SN2403,216530.0,-0.009011140925735127,0,0,0
2024-02-02,SN2403,214010.0,-0.011706363070148624,1,0,-1
2024-02-05,SN2403,210310.0,-0.017440110206462852,1,0,-1
2024-02-06,SN2403,208470.0,-0.008787486701241182,0,0,0
2024-02-07,SN2403,210090.0,0.0077408643411903295,0,0,0
2024-02-08,SN2403,217430.0,0.03434094931143145,0,1,1
2024-02-19,SN2403,217490.0,0.00027591281330199103,0,0,0
2024-02-20,SN2403,216960.0,-0.0024398677082385876,0,0,0
2024-02-21,SN2403,218540.0,0.0072560593905685155,0,0,0
2024-02-22,SN2403,217920.0,-0.002841041181451723,0,0,0
2024-02-23,SN2403,216640.0,-0.005891033237237419,0,0,0
2024-02-26,SN2404,215740.0,-0.004163010776627203,0,0,0
2024-02-27,SN2404,216610.0,0.004024522605603791,0,0,0
2024-02-28,SN2404,216070.0,-0.0024960722953080074,0,0,0
2024-02-29,SN2404,218890.0,0.012966891267484359,0,1,1
2024-03-01,SN2404,217990.0,-0.004120130347739399,0,0,0
2024-03-04,SN2404,218880.0,0.004074444256861906,0,0,0
2024-03-05,SN2404,218980.0,0.00045676701109321257,0,0,0
2024-03-06,SN2404,219910.0,0.00423797029747755,0,0,0
2024-03-07,SN2404,221330.0,0.006436428711197222,0,0,0
2024-03-08,SN2404,222640.0,0.005901316763681616,0,0,0
2024-03-11,SN2404,219790.0,-0.012883572188452912,1,0,-1
2024-03-12,SN2404,219490.0,-0.0013658716383177945,0,0,0
2024-03-13,SN2404,219980.0,0.0022299597381060113,0,0,0
2024-03-14,SN2404,224160.0,0.018823449459726194,0,1,1
2024-03-15,SN2404,225700.0,0.006846601234793059,0,0,0
2024-03-18,SN2404,228330.0,0.011585267123919921,0,0,0
2024-03-19,SN2404,228060.0,-0.0011831987181974734,0,0,0
2024-03-20,SN2405,225080.0,-0.013152857664134142,1,0,-1
2024-03-21,SN2405,229460.0,0.019272827805918602,0,1,1
2024-03-22,SN2405,226940.0,-0.011043057008153606,1,0,-1
2024-03-25,SN2405,226100.0,-0.003708286078919209,0,0,0
2024-03-26,SN2405,222100.0,-0.017849648383542367,1,0,-1
2024-03-27,SN2405,223940.0,0.008250427931669097,0,0,0
2024-03-28,SN2405,223400.0,-0.0024142721969505764,0,0,0
2024-03-29,SN2405,228100.0,0.020820242655242054,0,1,1
2024-04-01,SN2405,226540.0,-0.006862599517774877,0,0,0
2024-04-02,SN2405,227850.0,0.005765987937323977,0,0,0
2024-04-03,SN2405,227900.0,0.00021941854174705556,0,0,0
2024-04-08,SN2405,234610.0,0.029017624805235807,0,1,1
2024-04-09,SN2405,237820.0,0.013589523952558387,0,1,1
2024-04-10,SN2405,252210.0,0.05874798880588237,0,1,1
2024-04-11,SN2405,248080.0,-0.016510799023121688,1,0,-1
2024-04-12,SN2405,254410.0,0.025195864077328007,0,1,1
2024-04-15,SN2405,258940.0,0.017649235760979674,0,1,1
2024-04-16,SN2405,253620.0,-0.02075929082374765,1,0,-1
2024-04-17,SN2405,254680.0,0.004170771342070953,0,0,0
2024-04-18,SN2406,264340.0,0.037228298180836124,0,1,1
2024-04-19,SN2406,272560.0,0.03062262002305056,0,1,1
2024-04-22,SN2406,276010.0,0.012578323592137886,0,1,1
2024-04-23,SN2406,254040.0,-0.08294536201007496,1,0,-1
2024-04-24,SN2406,256940.0,0.01135085966868948,0,0,0
2024-04-25,SN2406,260010.0,0.011877497210899597,0,0,0
2024-04-26,SN2406,263170.0,0.01208011937746607,0,0,0
2024-04-29,SN2406,259100.0,-0.015586123623765153,1,0,-1
2024-04-30,SN2406,260010.0,0.003506004246298879,0,0,0
2024-05-06,SN2406,261900.0,0.0072426596993029144,0,0,0
2024-05-07,SN2406,260480.0,-0.00543666869949079,0,0,0
2024-05-08,SN2406,257260.0,-0.01243883616360604,1,0,-1
2024-05-09,SN2406,259320.0,0.00797557365622544,0,0,0
2024-05-10,SN2406,268050.0,0.033110709966751826,0,1,1
2024-05-13,SN2406,263260.0,-0.01803139327628511,1,0,-1
2024-05-14,SN2406,273030.0,0.03643954226011226,0,1,1
2024-05-15,SN2406,277200.0,0.015157588058374236,0,1,1
2024-05-16,SN2406,273520.0,-0.013364521984702374,1,0,-1
2024-05-17,SN2406,276990.0,0.012606659121600444,0,1,1
2024-05-20,SN2406,277020.0,0.00010830129430636627,0,0,0
2024-05-21,SN2406,279640.0,0.009413355896831866,0,0,0
2024-05-22,SN2406,277530.0,-0.0075740261924475165,0,0,0
2024-05-23,SN2406,270300.0,-0.02639658216893495,1,0,-1
2024-05-24,SN2407,274170.0,0.014215898669817942,0,1,1
2024-05-27,SN2407,272900.0,-0.00464292423792716,0,0,0
2024-05-28,SN2407,277310.0,0.016030586283906214,0,1,1
2024-05-29,SN2407,282060.0,0.016983800265895185,0,1,1
2024-05-30,SN2407,275190.0,-0.024658046074420282,1,0,-1
2024-05-31,SN2407,274950.0,-0.000872505235850229,0,0,0
2024-06-03,SN2407,266850.0,-0.029902560173869854,1,0,-1
2024-06-04,SN2407,267790.0,0.0035163884804373714,0,0,0
2024-06-05,SN2407,258440.0,-0.03553953257042646,1,0,-1
2024-06-06,SN2407,262900.0,0.01711017304587087,0,1,1
2024-06-07,SN2407,267580.0,0.017644855309637622,0,1,1
2024-06-11,SN2407,264050.0,-0.01328010789253104,1,0,-1
2024-06-12,SN2407,272990.0,0.03329668532449139,0,1,1
2024-06-13,SN2407,273910.0,0.0033644208002008387,0,0,0
2024-06-14,SN2407,271300.0,-0.009574365612748293,0,0,0
2024-06-17,SN2407,264900.0,-0.02387282338686206,1,0,-1
2024-06-18,SN2407,265780.0,0.003316502625337614,0,0,0
2024-06-19,SN2407,269080.0,0.012339834254043435,0,0,0
2024-06-20,SN2407,273400.0,0.015927191132444174,0,1,1
2024-06-21,SN2408,271800.0,-0.0058694225728058436,0,0,0
2024-06-24,SN2408,273780.0,0.007258362450322901,0,0,0
2024-06-25,SN2408,273140.0,-0.0023403799170876797,0,0,0
2024-06-26,SN2408,267200.0,-0.021987042587787848,1,0,-1
2024-06-27,SN2408,267030.0,-0.0006364300235408781,0,0,0
2024-06-28,SN2408,274340.0,0.027007201411311018,0,1,1
2024-07-01,SN2408,274030.0,-0.0011306236045845498,0,0,0
2024-07-02,SN2408,274080.0,0.00018244513013333878,0,0,0
2024-07-03,SN2408,274620.0,0.0019682893177960423,0,0,0
2024-07-04,SN2408,274260.0,-0.0013117623218977495,0,0,0
2024-07-05,SN2408,275340.0,0.003930136063089156,0,0,0
2024-07-08,SN2408,274760.0,-0.0021087082891162578,0,0,0
2024-07-09,SN2408,279980.0,0.01882018270099833,0,1,1
2024-07-10,SN2408,277240.0,-0.009834614996895173,0,0,0
2024-07-11,SN2408,282910.0,0.02024526881257404,0,1,1
2024-07-12,SN2408,273820.0,-0.03265786965674818,1,0,-1
2024-07-15,SN2408,274140.0,0.0011679685976252847,0,0,0
2024-07-16,SN2408,273500.0,-0.002337302941199237,0,0,0
2024-07-17,SN2408,273650.0,0.0005482957278912275,0,0,0
2024-07-18,SN2408,267080.0,-0.024301678600259047,1,0,-1
2024-07-19,SN2408,258690.0,-0.03191780535732533,1,0,-1
2024-07-22,SN2408,254950.0,-0.014562986131178035,1,0,-1
2024-07-23,SN2408,247600.0,-0.029252906690723713,1,0,-1
2024-07-24,SN2408,252690.0,0.020348900184941055,0,1,1
2024-07-25,SN2409,241300.0,-0.04612246836439603,1,0,-1
2024-07-26,SN2409,247560.0,0.02561200424017477,0,1,1
2024-07-29,SN2409,247320.0,-0.0009699321807927414,0,0,0
2024-07-30,SN2409,244170.0,-0.012818340683308178,1,0,-1
2024-07-31,SN2409,249320.0,0.020872507933590023,0,1,1
2024-08-01,SN2409,249900.0,0.0023236259002569547,0,0,0
2024-08-02,SN2409,249970.0,0.0002800728207636825,0,0,0
2024-08-05,SN2409,244730.0,-0.021185348626760078,1,0,-1
2024-08-06,SN2409,240630.0,-0.01689507798796739,1,0,-1
2024-08-07,SN2409,245250.0,0.01901761439852967,0,1,1
2024-08-08,SN2409,245360.0,0.00044842136052367565,0,0,0
2024-08-09,SN2409,257300.0,0.047516199481702354,0,1,1
2024-08-12,SN2409,258470.0,0.004536913767372941,0,0,0
2024-08-13,SN2409,255050.0,-0.013320028686135922,1,0,-1
2024-08-14,SN2409,256310.0,0.004928045017169408,0,0,0
2024-08-15,SN2409,260260.0,0.015293481962506393,0,1,1
2024-08-16,SN2409,262470.0,0.008455658437671591,0,0,0
2024-08-19,SN2409,263810.0,0.005092357284146131,0,0,0
2024-08-20,SN2409,264200.0,0.0014772450177960202,0,0,0
2024-08-21,SN2409,265330.0,0.004267942195065284,0,0,0
2024-08-22,SN2409,267170.0,0.006910825626738614,0,0,0
2024-08-23,SN2410,268120.0,0.003549481579728223,0,0,0
2024-08-26,SN2410,266290.0,-0.006848701008446671,0,0,0
2024-08-27,SN2410,267200.0,0.003411501181180516,0,0,0
2024-08-28,SN2410,266180.0,-0.003824670004080589,0,0,0
2024-08-29,SN2410,264210.0,-0.007428530172932218,0,0,0
2024-08-30,SN2410,264110.0,-0.0003785584539454693,0,0,0
2024-09-02,SN2410,256460.0,-0.029392976000562655,1,0,-1
2024-09-03,SN2410,254640.0,-0.0071219240571323795,0,0,0
2024-09-04,SN2410,247780.0,-0.02730952728624465,1,0,-1
2024-09-05,SN2410,246420.0,-0.005503858491070627,0,0,0
2024-09-06,SN2410,253780.0,0.029430352772246218,0,1,1
2024-09-09,SN2410,251340.0,-0.00966114578177002,0,0,0
2024-09-10,SN2410,252210.0,0.0034554696283165777,0,0,0
2024-09-11,SN2410,255320.0,0.01225558657254136,0,0,0
2024-09-12,SN2410,255300.0,-7.83361404183773e-05,0,0,0
2024-09-13,SN2410,257470.0,0.008463884214766133,0,0,0
2024-09-18,SN2410,254630.0,-0.01109169738736454,1,0,-1
2024-09-19,SN2410,259710.0,0.019754112820952383,0,1,1
2024-09-20,SN2410,261870.0,0.008282573519576055,0,0,0
2024-09-23,SN2410,257710.0,-0.01601327569813922,1,0,-1
2024-09-24,SN2410,261260.0,0.013681158341188503,0,1,1
2024-09-25,SN2411,256830.0,-0.017101692635913192,1,0,-1
2024-09-26,SN2411,257410.0,0.0022557570237291247,0,0,0
2024-09-27,SN2411,257780.0,0.0014363635304004238,0,0,0
2024-09-30,SN2411,265160.0,0.028226909396557313,0,1,1
2024-10-08,SN2411,265830.0,0.0025235893541298814,0,0,0
2024-10-09,SN2411,264280.0,-0.0058478595656357765,0,0,0
2024-10-10,SN2411,264500.0,0.0008321041366690466,0,0,0
2024-10-11,SN2411,267670.0,0.011913627202880651,0,0,0
2024-10-14,SN2411,265850.0,-0.006822638550887357,0,0,0
2024-10-15,SN2411,264110.0,-0.006566556918815112,0,0,0
2024-10-16,SN2411,266850.0,0.010321019748421513,0,0,0
2024-10-17,SN2411,258930.0,-0.03012894788027786,1,0,-1
2024-10-18,SN2411,258160.0,-0.002978207155969527,0,0,0
2024-10-21,SN2411,256780.0,-0.0053598605807687735,0,0,0
2024-10-22,SN2411,252400.0,-0.01720455649587947,1,0,-1
2024-10-23,SN2411,254480.0,0.008207116773830653,0,0,0
2024-10-24,SN2411,255960.0,0.005798934830370947,0,0,0
2024-10-25,SN2412,254480.0,-0.005798934830370853,0,0,0
2024-10-28,SN2412,257750.0,0.012767875456180704,0,1,1
2024-10-29,SN2412,253770.0,-0.015561777913036444,1,0,-1
2024-10-30,SN2412,255320.0,0.006089315403823798,0,0,0
2024-10-31,SN2412,255460.0,0.0005481812267742183,0,0,0
2024-11-01,SN2412,255870.0,0.001603661384497092,0,0,0
2024-11-04,SN2412,262950.0,0.02729439703622542,0,1,1
2024-11-05,SN2412,262150.0,-0.0030470410168114397,0,0,0
2024-11-06,SN2412,260610.0,-0.005891822078602911,0,0,0
2024-11-07,SN2412,260800.0,0.0007287931125589683,0,0,0
2024-11-08,SN2412,260760.0,-0.00015338599615936213,0,0,0
2024-11-11,SN2412,261400.0,0.0024513571337829057,0,0,0
2024-11-12,SN2412,255310.0,-0.02357330810540533,1,0,-1
2024-11-13,SN2412,246420.0,-0.035441095888194024,1,0,-1
2024-11-14,SN2412,242240.0,-0.017108426947438297,1,0,-1
2024-11-15,SN2412,243530.0,0.005311167970080037,0,0,0
2024-11-18,SN2412,241690.0,-0.007584224969278651,0,0,0
2024-11-19,SN2412,243970.0,0.009389353664572758,0,0,0
2024-11-20,SN2412,243700.0,-0.0011073062832976015,0,0,0
2024-11-21,SN2412,243390.0,-0.001272865556077242,0,0,0
2024-11-22,SN2412,240800.0,-0.010698381640417311,0,0,0
2024-11-25,SN2501,242290.0,0.006168642384671559,0,0,0
2024-11-26,SN2501,241790.0,-0.0020657749868179987,0,0,0
2024-11-27,SN2501,235670.0,-0.025637059432515753,1,0,-1
2024-11-28,SN2501,233210.0,-0.010493186196402743,0,0,0
2024-11-29,SN2501,239430.0,0.026321763352426107,0,1,1
2024-12-02,SN2501,241400.0,0.008194210107403904,0,0,0
2024-12-03,SN2501,243540.0,0.008825891415430276,0,0,0
2024-12-04,SN2501,243640.0,0.000410525889422408,0,0,0
2024-12-05,SN2501,243440.0,-0.0008212203795682631,0,0,0
2024-12-06,SN2501,243920.0,0.001969797091283605,0,0,0
2024-12-09,SN2501,244450.0,0.0021704863446551253,0,0,0
2024-12-10,SN2501,248240.0,0.015385231115470173,0,1,1
2024-12-11,SN2501,248550.0,0.0012480124005568736,0,0,0
2024-12-12,SN2501,251680.0,0.012514406769286187,0,1,1
2024-12-13,SN2501,248900.0,-0.01110722993642134,1,0,-1
2024-12-16,SN2501,245490.0,-0.013794996166146233,1,0,-1
2024-12-17,SN2501,246570.0,0.004389715621118325,0,0,0
2024-12-18,SN2501,245620.0,-0.003860302646280313,0,0,0
2024-12-19,SN2501,240650.0,-0.020442030433119696,1,0,-1
2024-12-20,SN2501,242620.0,0.008152837593654884,0,0,0
2024-12-23,SN2501,245290.0,0.01094475068221836,0,0,0
2024-12-24,SN2501,243690.0,-0.006544258294019439,0,0,0
2024-12-25,SN2501,244920.0,0.0050347008787815705,0,0,0
2024-12-26,SN2502,244660.0,-0.001062134990983423,0,0,0
2024-12-27,SN2502,242930.0,-0.00709615562077814,0,0,0
2024-12-30,SN2502,246850.0,0.01600752870687985,0,1,1
2024-12-31,SN2502,244860.0,-0.008094246059102535,0,0,0
2025-01-02,SN2502,244640.0,-0.0008988764650171609,0,0,0
2025-01-03,SN2502,244180.0,-0.0018820839400428134,0,0,0
2025-01-06,SN2502,246660.0,0.010105211897132623,0,0,0
2025-01-07,SN2502,248320.0,0.006707366857011909,0,0,0
2025-01-08,SN2502,251600.0,0.013122287831431594,0,1,1
2025-01-09,SN2502,252070.0,0.0018663018898117368,0,0,0
2025-01-10,SN2502,252280.0,0.0008327550793533944,0,0,0
2025-01-13,SN2502,251980.0,-0.0011898625129667974,0,0,0
2025-01-14,SN2502,249290.0,-0.010732841871972413,0,0,0
2025-01-15,SN2502,244290.0,-0.020260833263361654,1,0,-1
2025-01-16,SN2502,248010.0,0.015113023785544239,0,1,1
2025-01-17,SN2502,249900.0,0.007591769908212663,0,0,0
2025-01-20,SN2502,248300.0,-0.006423145326785734,0,0,0
2025-01-21,SN2502,252450.0,0.01657551679080375,0,1,1
2025-01-22,SN2503,249230.0,-0.012837044404602494,1,0,-1
2025-01-23,SN2503,248020.0,-0.004866776825695962,0,0,0
2025-01-24,SN2503,247850.0,-0.0006856636080433948,0,0,0
2025-01-27,SN2503,248810.0,0.0038658285167724807,0,0,0
2025-02-05,SN2503,254960.0,0.024417117125725578,0,1,1
2025-02-06,SN2503,258050.0,0.012046694485655086,0,0,0
2025-02-07,SN2503,259290.0,0.0047937618379204445,0,0,0
2025-02-10,SN2503,259000.0,-0.0011190647331187924,0,0,0
2025-02-11,SN2503,257710.0,-0.004993139982308937,0,0,0
2025-02-12,SN2503,256980.0,-0.0028366608618941606,0,0,0
2025-02-13,SN2503,257990.0,0.003922563625184203,0,0,0
2025-02-14,SN2503,263020.0,0.019309250433300028,0,1,1
2025-02-17,SN2503,260980.0,-0.0077862988797180515,0,0,0
2025-02-18,SN2503,261060.0,0.0003064899265430032,0,0,0
2025-02-19,SN2503,261550.0,0.0018752038559762295,0,0,0
2025-02-20,SN2503,264120.0,0.009778075509750428,0,0,0
2025-02-21,SN2503,263580.0,-0.0020466181106274174,0,0,0
2025-02-24,SN2503,263730.0,0.0005689253154537083,0,0,0
2025-02-25,SN2504,264140.0,0.001553413084461274,0,0,0
2025-02-26,SN2504,262240.0,-0.007219150620138727,0,0,0
2025-02-27,SN2504,254010.0,-0.03188647867322403,1,0,-1
2025-02-28,SN2504,256110.0,0.00823340336802919,0,0,0
2025-03-03,SN2504,255910.0,-0.0007812195233457429,0,0,0
2025-03-04,SN2504,256800.0,0.0034717516488271824,0,0,0
2025-03-05,SN2504,256990.0,0.0007396018165437616,0,0,0
2025-03-06,SN2504,257980.0,0.0038448889046402562,0,0,0
2025-03-07,SN2504,262900.0,0.0188916691988454,0,1,1
2025-03-10,SN2504,262810.0,-0.0003423940989490921,0,0,0
2025-03-11,SN2504,263030.0,0.0008367564766328003,0,0,0
2025-03-12,SN2504,263480.0,0.001709369658972836,0,0,0
2025-03-13,SN2504,264640.0,0.004392948062834269,0,0,0
2025-03-14,SN2504,287800.0,0.08389538261794098,0,1,1
2025-03-17,SN2504,283520.0,-0.014983127036551263,1,0,-1
2025-03-18,SN2504,280030.0,-0.012385927129709628,1,0,-1
2025-03-19,SN2504,281780.0,0.006229884338124153,0,0,0
2025-03-20,SN2504,280360.0,-0.005052132993006573,0,0,0
2025-03-21,SN2504,276150.0,-0.01513029528492741,1,0,-1
2025-03-24,SN2504,276620.0,0.0017005268493652588,0,0,0
2025-03-25,SN2504,274870.0,-0.006346464573481182,0,0,0
2025-03-26,SN2505,278140.0,0.01182632542738406,0,0,0
2025-03-27,SN2505,281390.0,0.011617023395683056,0,0,0
2025-03-28,SN2505,282290.0,0.0031933038773385896,0,0,0
2025-03-31,SN2505,282350.0,0.0002125247953593393,0,0,0
2025-04-01,SN2505,287480.0,0.018005856481396125,0,1,1
2025-04-02,SN2505,297590.0,0.03456340764359231,0,1,1
2025-04-03,SN2505,287790.0,-0.03348565274586831,1,0,-1
2025-04-07,SN2505,267800.0,-0.0719906142408938,1,0,-1
2025-04-08,SN2505,266260.0,-0.005767158253301016,0,0,0
2025-04-09,SN2505,254100.0,-0.04674538467765273,1,0,-1
2025-04-10,SN2505,257200.0,0.012126102037345902,0,0,0
2025-04-11,SN2505,257450.0,0.0009715341286860473,0,0,0
2025-04-14,SN2505,261850.0,0.016946294233346416,0,1,1
2025-04-15,SN2505,258990.0,-0.010982369809955756,1,0,-1
2025-04-16,SN2505,255150.0,-0.01493784340556055,1,0,-1
2025-04-17,SN2505,257770.0,0.010216106945166335,0,0,0
2025-04-18,SN2505,256250.0,-0.005914184002528761,0,0,0
2025-04-21,SN2505,263140.0,0.026532679485074196,0,1,1
2025-04-22,SN2505,257860.0,-0.020269407955000613,1,0,-1
2025-04-23,SN2505,259320.0,0.005646018324103469,0,0,0
2025-04-24,SN2505,259520.0,0.0007709506202530886,0,0,0
2025-04-25,SN2505,262840.0,0.012711711102619126,0,1,1
2025-04-28,SN2506,260590.0,-0.008597191060602435,0,0,0
2025-04-29,SN2506,261560.0,0.003715411724010603,0,0,0
2025-04-30,SN2506,260300.0,-0.0048288906925555,0,0,0
2025-05-06,SN2506,260970.0,0.0025706461870394254,0,0,0
2025-05-07,SN2506,261230.0,0.000995787137052733,0,0,0
2025-05-08,SN2506,261480.0,0.0009565534199169289,0,0,0
2025-05-09,SN2506,259540.0,-0.007446965435444332,0,0,0
2025-05-12,SN2506,263200.0,0.014003366142077641,0,1,1
2025-05-13,SN2506,262070.0,-0.004302555802583453,0,0,0
2025-05-14,SN2506,265770.0,0.014019629443471989,0,1,1
2025-05-15,SN2506,265210.0,-0.0021093081006004462,0,0,0
2025-05-16,SN2506,264760.0,-0.0016982097407281657,0,0,0
2025-05-19,SN2506,264860.0,0.00037762924809629816,0,0,0
2025-05-20,SN2506,264760.0,-0.00037762924809628265,0,0,0
2025-05-21,SN2506,267730.0,0.011155254741925351,0,0,0
2025-05-22,SN2506,264780.0,-0.011079717483136606,1,0,-1
2025-05-23,SN2506,264600.0,-0.0006800408286555144,0,0,0
2025-05-26,SN2506,264050.0,-0.002080772527913189,0,0,0
2025-05-27,SN2507,264790.0,0.0027985798463666797,0,0,0
2025-05-28,SN2507,257000.0,-0.029860974104089194,1,0,-1
2025-05-29,SN2507,257870.0,0.0033794970692500345,0,0,0
2025-05-30,SN2507,250300.0,-0.029795383526741263,1,0,-1
2025-06-03,SN2507,249800.0,-0.0019996007462512416,0,0,0
2025-06-04,SN2507,257940.0,0.03206640204476789,0,1,1
2025-06-05,SN2507,258900.0,0.003714887021246722,0,0,0
2025-06-06,SN2507,263600.0,0.017990915870860262,0,1,1
2025-06-09,SN2507,263740.0,0.0005309667512008348,0,0,0
2025-06-10,SN2507,263420.0,-0.0012140528086526255,0,0,0
2025-06-11,SN2507,265530.0,0.007978112077994917,0,0,0
2025-06-12,SN2507,265150.0,-0.0014321250657562848,0,0,0
2025-06-13,SN2507,263690.0,-0.005521532823876019,0,0,0
2025-06-16,SN2507,264500.0,0.0030670805390909752,0,0,0
2025-06-17,SN2507,263730.0,-0.002915398767157154,0,0,0
2025-06-18,SN2507,265010.0,0.004841708592102628,0,0,0
2025-06-19,SN2507,263300.0,-0.006473494621035872,0,0,0
2025-06-20,SN2507,260560.0,-0.010460905534285702,0,0,0
2025-06-23,SN2507,261880.0,0.005053222604912533,0,0,0
2025-06-24,SN2507,263800.0,0.0073048567103236265,0,0,0
2025-06-25,SN2507,263000.0,-0.003037208105449671,0,0,0
2025-06-26,SN2508,267260.0,0.016067935175150403,0,1,1
2025-06-27,SN2508,268870.0,0.006006024060211949,0,0,0
2025-06-30,SN2508,268110.0,-0.0028306473517164315,0,0,0
2025-07-01,SN2508,269840.0,0.006431846691984541,0,0,0
2025-07-02,SN2508,268520.0,-0.004903791682844056,0,0,0
2025-07-03,SN2508,268420.0,-0.0003724811008908779,0,0,0
2025-07-04,SN2508,267250.0,-0.004368368064505218,0,0,0
2025-07-07,SN2508,263520.0,-0.014055283475824435,1,0,-1
2025-07-08,SN2508,265480.0,0.0074102418483939165,0,0,0
2025-07-09,SN2508,262890.0,-0.009803814541855218,0,0,0
2025-07-10,SN2508,266740.0,0.014538707458379594,0,1,1
2025-07-11,SN2508,263940.0,-0.010552596605565057,0,0,0
2025-07-14,SN2508,266720.0,0.01047761441380059,0,0,0
2025-07-15,SN2508,263240.0,-0.013133255414565507,1,0,-1
2025-07-16,SN2508,263960.0,0.002731412927302394,0,0,0
2025-07-17,SN2508,261920.0,-0.007758462892396141,0,0,0
2025-07-18,SN2508,264540.0,0.009953354975076456,0,0,0
2025-07-21,SN2508,267250.0,0.01019208130725326,0,0,0
2025-07-22,SN2508,268520.0,0.004740849165396217,0,0,0
2025-07-23,SN2508,268540.0,7.447957401136931e-05,0,0,0
2025-07-24,SN2508,273950.0,0.019945729339862748,0,1,1
2025-07-25,SN2509,272120.0,-0.006702462507564709,0,0,0
2025-07-28,SN2509,267880.0,-0.015704026435010603,1,0,-1
2025-07-29,SN2509,266660.0,-0.0045646803545370445,0,0,0
2025-07-30,SN2509,267870.0,0.004527349509922439,0,0,0
2025-07-31,SN2509,265290.0,-0.009678220941481321,0,0,0
2025-08-01,SN2509,264950.0,-0.001282438316982341,0,0,0
2025-08-04,SN2509,266490.0,0.005795590510948139,0,0,0
2025-08-05,SN2509,267490.0,0.003745463010003411,0,0,0
2025-08-06,SN2509,266940.0,-0.002058268413717324,0,0,0
2025-08-07,SN2509,267940.0,0.003739160802834347,0,0,0
2025-08-08,SN2509,267780.0,-0.0005973269796062322,0,0,0
2025-08-11,SN2509,268380.0,0.0022381388035782276,0,0,0
2025-08-12,SN2509,270200.0,0.006758538853286764,0,0,0
2025-08-13,SN2509,269820.0,-0.001407355515427488,0,0,0
2025-08-14,SN2509,267420.0,-0.00893461382415161,0,0,0
2025-08-15,SN2509,266820.0,-0.002246182435859419,0,0,0
2025-08-18,SN2509,267020.0,0.0007492882112888767,0,0,0
2025-08-19,SN2509,268090.0,0.003999183069214182,0,0,0
2025-08-20,SN2509,267840.0,-0.0009329577300525899,0,0,0
2025-08-21,SN2509,266480.0,-0.005090593415686269,0,0,0
2025-08-22,SN2509,265930.0,-0.0020660776305767526,0,0,0
2025-08-25,SN2509,269570.0,0.013594980627283424,0,1,1
2025-08-26,SN2510,269760.0,0.0007045779313599132,0,0,0
2025-08-27,SN2510,271790.0,0.00749703446807336,0,0,0
2025-08-28,SN2510,272680.0,0.0032692372130205824,0,0,0
2025-08-29,SN2510,278650.0,0.021657567520960812,0,1,1
2025-09-01,SN2510,273240.0,-0.019605984151896752,1,0,-1
2025-09-02,SN2510,273980.0,0.002704581159594869,0,0,0
2025-09-03,SN2510,273120.0,-0.003143851977112947,0,0,0
2025-09-04,SN2510,272020.0,-0.004035666041523189,0,0,0
2025-09-05,SN2510,272460.0,0.0016162213333073218,0,0,0
2025-09-08,SN2510,270700.0,-0.006480617717659237,0,0,0
2025-09-09,SN2510,269620.0,-0.00399763635733752,0,0,0
2025-09-10,SN2510,270430.0,0.0029997244973182483,0,0,0
2025-09-11,SN2510,271260.0,0.0030644857743325963,0,0,0
2025-09-12,SN2510,273950.0,0.009867837449855865,0,0,0
2025-09-15,SN2510,273960.0,3.6502345279667254e-05,0,0,0
2025-09-16,SN2510,272730.0,-0.004499815527827989,0,0,0
2025-09-17,SN2510,272540.0,-0.000696902480201868,0,0,0
2025-09-18,SN2510,269100.0,-0.012702334588814618,1,0,-1
2025-09-19,SN2510,268770.0,-0.0012270624552633432,0,0,0
2025-09-22,SN2510,272510.0,0.013819315400080936,0,1,1
2025-09-23,SN2510,269880.0,-0.009697894918453078,0,0,0
2025-09-24,SN2510,271650.0,0.0065370572383075184,0,0,0
2025-09-25,SN2511,274100.0,0.008978530311207997,0,0,0
2025-09-26,SN2511,274070.0,-0.00010945509615610582,0,0,0
2025-09-29,SN2511,272410.0,-0.006075263891518595,0,0,0
2025-09-30,SN2511,275070.0,0.009717326408853576,0,0,0
2025-10-09,SN2511,287090.0,0.04277014472116958,0,1,1
2025-10-10,SN2511,286350.0,-0.002580916611222301,0,0,0
2025-10-13,SN2511,282110.0,-0.014917773037650952,1,0,-1
2025-10-14,SN2511,280430.0,-0.005972926350538302,0,0,0
2025-10-15,SN2511,281710.0,0.004554033558127379,0,0,0
2025-10-16,SN2511,281350.0,-0.0012787271305164482,0,0,0
2025-10-17,SN2511,280750.0,-0.0021348522607354406,0,0,0
2025-10-20,SN2511,279340.0,-0.005034915740927262,0,0,0
2025-10-21,SN2511,280870.0,0.005462250956290538,0,0,0
2025-10-22,SN2511,281680.0,0.002879746012881262,0,0,0
2025-10-23,SN2512,281650.0,-0.00010650950607408503,0,0,0
2025-10-24,SN2512,284300.0,0.009364853316231153,0,0,0
2025-10-27,SN2512,286720.0,0.008476111129611533,0,0,0
2025-10-28,SN2512,283170.0,-0.012458705781602934,1,0,-1
2025-10-29,SN2512,286720.0,0.0124587057816029,0,1,1
2025-10-30,SN2512,283600.0,-0.010941335128593185,0,0,0
2025-10-31,SN2512,283910.0,0.0010924918709205448,0,0,0
2025-11-03,SN2512,285760.0,0.006495011159241153,0,0,0
2025-11-04,SN2512,283730.0,-0.0071292159581744004,0,0,0
2025-11-05,SN2512,282090.0,-0.005796912772864598,0,0,0
2025-11-06,SN2512,283420.0,0.004703727439629214,0,0,0
2025-11-07,SN2512,283510.0,0.0003174995175983689,0,0,0
2025-11-10,SN2512,286560.0,0.010700542398078765,0,0,0
2025-11-11,SN2512,288180.0,0.005637346592386263,0,0,0
2025-11-12,SN2512,292440.0,0.014674232520327112,0,1,1
2025-11-13,SN2512,298140.0,0.019303657417168957,0,1,1
2025-11-14,SN2512,291450.0,-0.022694710350725462,1,0,-1
2025-11-17,SN2512,290360.0,-0.0037469320749189414,0,0,0
2025-11-18,SN2512,288890.0,-0.00507553959683612,0,0,0
2025-11-19,SN2512,293370.0,0.015388618172489694,0,1,1
2025-11-20,SN2512,292030.0,-0.004578074275348473,0,0,0
2025-11-21,SN2512,290740.0,-0.004427139718766069,0,0,0
2025-11-24,SN2601,293510.0,0.009482313239805773,0,0,0
2025-11-25,SN2601,295290.0,0.006046214071245023,0,0,0
2025-11-26,SN2601,295880.0,0.0019960424104372883,0,0,0
2025-11-27,SN2601,302200.0,0.021135083118972386,0,1,1
2025-11-28,SN2601,305040.0,0.009353865710669004,0,0,0
2025-12-01,SN2601,306580.0,0.005035817188653108,0,0,0
2025-12-02,SN2601,306980.0,0.0013038661473007054,0,0,0
2025-12-03,SN2601,312370.0,0.017405783739189683,0,1,1
2025-12-04,SN2601,316230.0,0.012281414310755811,0,0,0
2025-12-05,SN2601,317500.0,0.004008021397538868,0,0,0
2025-12-08,SN2601,319200.0,0.005340047242907371,0,0,0
2025-12-09,SN2601,312320.0,-0.021789562350926023,1,0,-1
2025-12-10,SN2601,322630.0,0.0324778525630026,0,1,1
2025-12-11,SN2601,320600.0,-0.006311915612277643,0,0,0
2025-12-12,SN2601,333000.0,0.037948249804991306,0,1,1
2025-12-15,SN2601,327390.0,-0.01699036918733573,1,0,-1
2025-12-16,SN2601,320620.0,-0.020895499531580607,1,0,-1
2025-12-17,SN2601,328600.0,0.024584584341640098,0,1,1
2025-12-18,SN2601,334380.0,0.01743686520633232,0,1,1
2025-12-19,SN2601,343040.0,0.02556898763288259,0,1,1
2025-12-22,SN2602,341260.0,-0.005202408343263632,0,0,0
2025-12-23,SN2602,344750.0,0.01017486657429227,0,0,0
2025-12-24,SN2602,341800.0,-0.00859374599192063,0,0,0
2025-12-25,SN2602,335880.0,-0.017471817366128014,1,0,-1
2025-12-26,SN2602,338550.0,0.007917838616291993,0,0,0
2025-12-29,SN2602,334590.0,-0.011765890257099192,1,0,-1
2025-12-30,SN2602,326330.0,-0.024996762368919477,1,0,-1
2025-12-31,SN2602,322920.0,-0.010504524778821052,0,0,0
