index,symbol,date,open,high,low,close,volume,open_interest,turnover,settle,pre_settle,variety
2,CU1506,2015-03-27,44050.0,44340.0,43360.0,43770.0,560376,361418,,43870.0,43820.0,CU
2,CU1506,2015-03-30,43690.0,43990.0,43410.0,43830.0,431488,370238,,43620.0,43870.0,CU
2,CU1506,2015-03-31,43820.0,44070.0,43330.0,43350.0,421054,383528,,43770.0,43620.0,CU
2,CU1506,2015-04-01,43430.0,43670.0,43080.0,43260.0,407462,387568,,43380.0,43770.0,CU
2,CU1506,2015-04-02,43120.0,43630.0,43030.0,43520.0,435988,378180,,43350.0,43380.0,CU
2,CU1506,2015-04-03,43310.0,43450.0,43160.0,43280.0,273380,371554,,43330.0,43350.0,CU
2,CU1506,2015-04-07,43300.0,43560.0,43300.0,43480.0,116826,375402,,43450.0,43330.0,CU
2,CU1506,2015-04-08,43550.0,43820.0,43360.0,43460.0,272338,372156,,43580.0,43450.0,CU
2,CU1506,2015-04-09,43380.0,43540.0,43050.0,43310.0,238872,379268,,43280.0,43580.0,CU
2,CU1506,2015-04-10,43380.0,43600.0,43150.0,43530.0,235236,375940,,43380.0,43280.0,CU
2,CU1506,2015-04-13,43510.0,44000.0,43430.0,43680.0,317282,377226,,43670.0,43380.0,CU
2,CU1506,2015-04-14,43650.0,43710.0,42580.0,42860.0,361446,387860,,43160.0,43670.0,CU
2,CU1506,2015-04-15,42760.0,43180.0,42570.0,43000.0,330834,381474,,42890.0,43160.0,CU
1,CU1506,2015-04-16,42830.0,43510.0,42720.0,43340.0,274218,361406,,43140.0,42890.0,CU
1,CU1506,2015-04-17,43780.0,43950.0,43590.0,43690.0,295034,336706,,43750.0,43140.0,CU
1,CU1506,2015-04-20,43590.0,44200.0,43510.0,43870.0,245716,325646,,43800.0,43750.0,CU
1,CU1506,2015-04-21,43380.0,43500.0,43170.0,43370.0,248810,307216,,43360.0,43800.0,CU
1,CU1506,2015-04-22,43180.0,43430.0,43080.0,43310.0,184900,296946,,43250.0,43360.0,CU
1,CU1506,2015-04-23,43210.0,43390.0,42670.0,42990.0,273026,282348,,43080.0,43250.0,CU
1,CU1506,2015-04-24,43130.0,43440.0,43110.0,43310.0,202648,256692,,43270.0,43080.0,CU
2,CU1507,2015-04-27,43610.0,43970.0,43390.0,43730.0,318420,284454,,43670.0,43150.0,CU
2,CU1507,2015-04-28,43740.0,44140.0,43570.0,43740.0,312606,311234,,43850.0,43670.0,CU
2,CU1507,2015-04-29,43800.0,44050.0,43640.0,43730.0,306368,345074,,43830.0,43850.0,CU
2,CU1507,2015-04-30,43770.0,44300.0,43750.0,44240.0,316342,351078,,44070.0,43830.0,CU
2,CU1507,2015-05-04,45330.0,45800.0,45130.0,45710.0,267168,342084,,45470.0,44070.0,CU
2,CU1507,2015-05-05,45830.0,45930.0,45530.0,45730.0,233228,324728,,45700.0,45470.0,CU
2,CU1507,2015-05-06,45850.0,46360.0,45830.0,46130.0,414292,306694,,46090.0,45700.0,CU
2,CU1507,2015-05-07,46170.0,46170.0,45650.0,45860.0,302190,289710,,45880.0,46090.0,CU
2,CU1507,2015-05-08,45910.0,46050.0,45780.0,45970.0,249800,294960,,45890.0,45880.0,CU
2,CU1507,2015-05-11,45860.0,46030.0,45570.0,45790.0,273964,289446,,45780.0,45890.0,CU
2,CU1507,2015-05-12,45690.0,45930.0,45600.0,45830.0,188694,285424,,45740.0,45780.0,CU
2,CU1507,2015-05-13,46070.0,46390.0,45900.0,46260.0,241570,291246,,46080.0,45740.0,CU
2,CU1507,2015-05-14,46180.0,46280.0,45770.0,46070.0,254606,285044,,46000.0,46080.0,CU
2,CU1507,2015-05-15,46060.0,46130.0,45770.0,46040.0,195046,287092,,45930.0,46000.0,CU
1,CU1507,2015-05-18,45850.0,46190.0,45750.0,46110.0,202992,287370,,45970.0,45930.0,CU
1,CU1507,2015-05-19,45960.0,45990.0,45680.0,45710.0,216182,278098,,45810.0,45970.0,CU
1,CU1507,2015-05-20,45320.0,45390.0,44610.0,44760.0,366894,265216,,44950.0,45810.0,CU
1,CU1507,2015-05-21,44820.0,45220.0,44700.0,45120.0,203548,245194,,44980.0,44950.0,CU
1,CU1507,2015-05-22,45100.0,45280.0,45030.0,45110.0,153804,229260,,45160.0,44980.0,CU
1,CU1507,2015-05-25,44600.0,44750.0,44520.0,44710.0,163400,215614,,44630.0,45160.0,CU
1,CU1507,2015-05-26,44760.0,45170.0,44480.0,44520.0,201400,189810,,44870.0,44630.0,CU
2,CU1508,2015-05-27,44300.0,44350.0,42030.0,44300.0,236238,249528,,44190.0,44720.0,CU
2,CU1508,2015-05-28,44080.0,44360.0,43950.0,44250.0,281792,253868,,44130.0,44190.0,CU
2,CU1508,2015-05-29,44130.0,44320.0,43970.0,44300.0,208388,256104,,44160.0,44130.0,CU
2,CU1508,2015-06-01,44010.0,44140.0,43570.0,43650.0,271036,268494,,43810.0,44160.0,CU
2,CU1508,2015-06-02,43550.0,43820.0,43410.0,43690.0,236858,269474,,43610.0,43810.0,CU
2,CU1508,2015-06-03,43730.0,43870.0,43490.0,43530.0,228746,270146,,43740.0,43610.0,CU
2,CU1508,2015-06-04,43600.0,43660.0,43330.0,43400.0,240492,269388,,43490.0,43740.0,CU
2,CU1508,2015-06-05,43310.0,43440.0,42740.0,42810.0,328872,274048,,43040.0,43490.0,CU
2,CU1508,2015-06-08,42930.0,43250.0,42790.0,43160.0,242348,265440,,43080.0,43040.0,CU
2,CU1508,2015-06-09,43100.0,43350.0,43090.0,43250.0,162420,255718,,43200.0,43080.0,CU
2,CU1508,2015-06-10,43320.0,43520.0,43190.0,43370.0,169556,256578,,43370.0,43200.0,CU
2,CU1508,2015-06-11,43630.0,43760.0,43160.0,43230.0,200008,252002,,43560.0,43370.0,CU
2,CU1508,2015-06-12,42990.0,43060.0,42480.0,42490.0,312702,268302,,42720.0,43560.0,CU
2,CU1508,2015-06-15,42590.0,42820.0,42140.0,42210.0,217688,271054,,42520.0,42720.0,CU
1,CU1508,2015-06-16,42120.0,42380.0,42000.0,42150.0,225950,267800,,42170.0,42520.0,CU
1,CU1508,2015-06-17,42050.0,42080.0,41730.0,41810.0,205258,261768,,41860.0,42170.0,CU
1,CU1508,2015-06-18,41940.0,42240.0,41620.0,42080.0,213452,251110,,41920.0,41860.0,CU
1,CU1508,2015-06-19,41950.0,42080.0,41780.0,41820.0,231946,241718,,41900.0,41920.0,CU
1,CU1508,2015-06-23,41610.0,41990.0,41580.0,41910.0,110098,237256,,41860.0,41900.0,CU
1,CU1508,2015-06-24,41890.0,42290.0,41770.0,42190.0,233332,225792,,42030.0,41860.0,CU
1,CU1508,2015-06-25,42290.0,42360.0,41000.0,41920.0,312490,209464,,41970.0,42030.0,CU
1,CU1508,2015-06-26,41900.0,42590.0,41670.0,42300.0,259030,186054,,42010.0,41970.0,CU
1,CU1508,2015-06-29,42150.0,42770.0,42020.0,42680.0,349244,148378,,42290.0,42010.0,CU
2,CU1509,2015-06-30,42340.0,42470.0,41990.0,42090.0,257752,231696,,42210.0,42180.0,CU
2,CU1509,2015-07-01,41950.0,42300.0,41560.0,41970.0,323088,223404,,41950.0,42210.0,CU
2,CU1509,2015-07-02,41980.0,42490.0,41890.0,42200.0,218806,219912,,42190.0,41950.0,CU
2,CU1509,2015-07-03,42290.0,42470.0,42120.0,42380.0,225938,221676,,42310.0,42190.0,CU
2,CU1509,2015-07-06,42300.0,42320.0,40100.0,40730.0,490330,257318,,41220.0,42310.0,CU
2,CU1509,2015-07-07,40730.0,40860.0,39690.0,39780.0,518564,271380,,40390.0,41220.0,CU
2,CU1509,2015-07-08,39510.0,39600.0,37960.0,38070.0,1262028,285910,,38550.0,40390.0,CU
2,CU1509,2015-07-09,38650.0,40800.0,38620.0,40470.0,894496,232758,,40060.0,38550.0,CU
2,CU1509,2015-07-10,40870.0,41220.0,40260.0,40360.0,650284,235950,,40720.0,40060.0,CU
2,CU1509,2015-07-13,40410.0,40630.0,39740.0,40130.0,379240,240758,,40180.0,40720.0,CU
2,CU1509,2015-07-14,40480.0,40610.0,40250.0,40280.0,296534,233130,,40430.0,40180.0,CU
2,CU1509,2015-07-15,40310.0,40750.0,40130.0,40750.0,289106,228616,,40460.0,40430.0,CU
1,CU1509,2015-07-16,40670.0,40740.0,40150.0,40680.0,374544,224794,,40430.0,40460.0,CU
1,CU1509,2015-07-17,40430.0,40650.0,40360.0,40480.0,217696,222354,,40470.0,40430.0,CU
1,CU1509,2015-07-20,40070.0,40290.0,39590.0,39800.0,375168,230994,,39940.0,40470.0,CU
1,CU1509,2015-07-21,39800.0,40230.0,39640.0,40080.0,268612,223900,,39980.0,39940.0,CU
1,CU1509,2015-07-22,39850.0,40110.0,39070.0,39150.0,338470,235744,,39650.0,39980.0,CU
1,CU1509,2015-07-23,39150.0,39490.0,38710.0,39180.0,380740,239418,,39110.0,39650.0,CU
1,CU1509,2015-07-24,39070.0,39230.0,37870.0,38050.0,484414,235550,,38470.0,39110.0,CU
1,CU1509,2015-07-27,38350.0,38800.0,38080.0,38310.0,362436,210644,,38450.0,38470.0,CU
1,CU1509,2015-07-28,38030.0,38420.0,37790.0,38330.0,322726,195954,,38140.0,38450.0,CU
2,CU1510,2015-07-29,38190.0,39400.0,38110.0,38810.0,394434,292350,,38770.0,37850.0,CU
2,CU1510,2015-07-30,38820.0,39030.0,38450.0,38560.0,300354,297504,,38680.0,38770.0,CU
2,CU1510,2015-07-31,38290.0,38640.0,38190.0,38250.0,283054,310310,,38380.0,38680.0,CU
2,CU1510,2015-08-03,38350.0,38680.0,37810.0,37870.0,436930,342842,,38200.0,38380.0,CU
2,CU1510,2015-08-04,37840.0,38290.0,37650.0,38190.0,405154,316140,,37970.0,38200.0,CU
2,CU1510,2015-08-05,38330.0,38430.0,37860.0,38120.0,269210,325206,,38130.0,37970.0,CU
2,CU1510,2015-08-06,38170.0,38200.0,37830.0,38050.0,261494,326764,,38020.0,38130.0,CU
2,CU1510,2015-08-07,37880.0,38100.0,37310.0,37970.0,443168,326344,,37750.0,38020.0,CU
2,CU1510,2015-08-10,37750.0,38100.0,37540.0,37990.0,355558,319414,,37850.0,37750.0,CU
2,CU1510,2015-08-11,38010.0,39820.0,37980.0,39060.0,703446,279492,,38880.0,37850.0,CU
2,CU1510,2015-08-12,38670.0,39500.0,38530.0,39350.0,671490,269288,,38920.0,38880.0,CU
2,CU1510,2015-08-13,39500.0,39970.0,39190.0,39580.0,472860,242844,,39620.0,38920.0,CU
2,CU1510,2015-08-14,39470.0,39580.0,39220.0,39250.0,301880,236384,,39420.0,39620.0,CU
2,CU1510,2015-08-17,39270.0,39510.0,38930.0,39150.0,301984,218366,,39200.0,39420.0,CU
1,CU1510,2015-08-18,38900.0,39110.0,38760.0,38790.0,272436,221814,,38970.0,39200.0,CU
1,CU1510,2015-08-19,38700.0,38780.0,38140.0,38750.0,423328,216376,,38460.0,38970.0,CU
1,CU1510,2015-08-20,38480.0,38830.0,38330.0,38620.0,339404,212376,,38560.0,38460.0,CU
1,CU1510,2015-08-21,39020.0,39220.0,38860.0,38940.0,324494,204458,,39020.0,38560.0,CU
1,CU1510,2015-08-24,38810.0,38950.0,37650.0,38280.0,660558,216254,,38330.0,39020.0,CU
1,CU1510,2015-08-25,37980.0,39090.0,37870.0,38820.0,663922,195670,,38550.0,38330.0,CU
1,CU1510,2015-08-26,39320.0,39600.0,38840.0,38840.0,421568,177890,,39240.0,38550.0,CU
1,CU1510,2015-08-27,38670.0,39030.0,38240.0,38890.0,365458,169534,,38680.0,39240.0,CU
1,CU1510,2015-08-28,38900.0,39860.0,38860.0,39390.0,365790,157522,,39390.0,38680.0,CU
2,CU1511,2015-08-31,39350.0,39580.0,39010.0,39200.0,242440,209628,,39280.0,39250.0,CU
2,CU1511,2015-09-01,39020.0,39540.0,38880.0,39150.0,270324,211882,,39210.0,39280.0,CU
2,CU1511,2015-09-02,39020.0,39230.0,38900.0,39010.0,218336,204348,,39060.0,39210.0,CU
2,CU1511,2015-09-07,39080.0,39430.0,38980.0,39370.0,165810,213878,,39260.0,39060.0,CU
2,CU1511,2015-09-08,39520.0,39550.0,39210.0,39530.0,300004,221486,,39390.0,39260.0,CU
2,CU1511,2015-09-09,40000.0,41550.0,39970.0,41140.0,852324,233214,,40820.0,39390.0,CU
2,CU1511,2015-09-10,41220.0,41290.0,40690.0,41060.0,594110,230840,,40950.0,40820.0,CU
2,CU1511,2015-09-11,40990.0,41280.0,40960.0,41160.0,503240,221390,,41130.0,40950.0,CU
2,CU1511,2015-09-14,40850.0,41200.0,40570.0,40620.0,499764,205204,,40870.0,41130.0,CU
2,CU1511,2015-09-15,40510.0,40690.0,40290.0,40320.0,476206,201000,,40510.0,40870.0,CU
1,CU1511,2015-09-16,40390.0,40980.0,40390.0,40950.0,548102,200040,,40640.0,40510.0,CU
1,CU1511,2015-09-17,40940.0,41380.0,40780.0,40990.0,668968,195616,,41060.0,40640.0,CU
1,CU1511,2015-09-18,40940.0,41200.0,40670.0,40710.0,491870,195032,,40920.0,41060.0,CU
1,CU1511,2015-09-21,40370.0,40530.0,39850.0,40340.0,652662,184728,,40150.0,40920.0,CU
1,CU1511,2015-09-22,40430.0,40480.0,39900.0,39920.0,435788,190326,,40180.0,40150.0,CU
1,CU1511,2015-09-23,39310.0,39350.0,38250.0,38930.0,841592,190554,,38660.0,40180.0,CU
1,CU1511,2015-09-24,38950.0,39180.0,38620.0,38850.0,561310,186212,,38850.0,38660.0,CU
1,CU1511,2015-09-25,38650.0,39170.0,38520.0,39000.0,635386,162114,,38900.0,38850.0,CU
1,CU1511,2015-09-28,38810.0,39050.0,38310.0,38310.0,248798,159354,,38720.0,38900.0,CU
1,CU1511,2015-09-29,37930.0,38200.0,37680.0,37760.0,468338,155006,,37920.0,38720.0,CU
1,CU1511,2015-09-30,38140.0,38700.0,37940.0,38600.0,294520,143588,,38210.0,37920.0,CU
2,CU1512,2015-10-08,39340.0,39450.0,38880.0,38920.0,196074,247616,,39160.0,38080.0,CU
2,CU1512,2015-10-09,38890.0,40270.0,38630.0,40090.0,602558,218306,,39580.0,39160.0,CU
2,CU1512,2015-10-12,40380.0,40420.0,39900.0,40150.0,480018,226810,,40080.0,39580.0,CU
2,CU1512,2015-10-13,40180.0,40190.0,39510.0,39750.0,409576,231756,,39770.0,40080.0,CU
2,CU1512,2015-10-14,39700.0,39930.0,39540.0,39630.0,394322,230740,,39710.0,39770.0,CU
2,CU1512,2015-10-15,39750.0,40200.0,39720.0,40020.0,454346,234164,,39990.0,39710.0,CU
1,CU1512,2015-10-16,39990.0,40120.0,39460.0,39540.0,448574,245236,,39850.0,39990.0,CU
1,CU1512,2015-10-19,39560.0,39730.0,39250.0,39380.0,454318,248280,,39500.0,39850.0,CU
1,CU1512,2015-10-20,39110.0,39290.0,38910.0,39200.0,425676,250018,,39100.0,39500.0,CU
1,CU1512,2015-10-21,39220.0,39370.0,38830.0,38910.0,470650,246484,,39070.0,39100.0,CU
1,CU1512,2015-10-22,38890.0,39420.0,38710.0,39270.0,499932,238430,,39060.0,39070.0,CU
1,CU1512,2015-10-23,39510.0,39780.0,39260.0,39700.0,621258,233798,,39490.0,39060.0,CU
1,CU1512,2015-10-26,39600.0,39670.0,38800.0,39060.0,662198,221716,,39120.0,39490.0,CU
1,CU1512,2015-10-27,39120.0,39410.0,38800.0,39310.0,510268,221250,,39090.0,39120.0,CU
1,CU1512,2015-10-28,39300.0,39340.0,38840.0,38930.0,441918,208944,,39090.0,39090.0,CU
1,CU1512,2015-10-29,38830.0,39330.0,38620.0,39030.0,525966,181812,,39060.0,39090.0,CU
1,CU1512,2015-10-30,38920.0,38980.0,38600.0,38850.0,417498,170810,,38770.0,39060.0,CU
1,CU1512,2015-11-02,38680.0,38820.0,38440.0,38590.0,269008,164530,,38610.0,38770.0,CU
2,CU1601,2015-11-03,38520.0,38650.0,38360.0,38420.0,191210,260126,,38500.0,38500.0,CU
2,CU1601,2015-11-04,38480.0,38830.0,38240.0,38830.0,331122,268036,,38530.0,38500.0,CU
2,CU1601,2015-11-05,38680.0,39110.0,38180.0,38220.0,515196,296380,,38610.0,38530.0,CU
2,CU1601,2015-11-06,37970.0,38280.0,37800.0,38030.0,616296,281018,,37980.0,38610.0,CU
2,CU1601,2015-11-09,37940.0,38080.0,37580.0,37620.0,558072,321632,,37850.0,37980.0,CU
2,CU1601,2015-11-10,37650.0,37880.0,37090.0,37570.0,636506,312346,,37460.0,37850.0,CU
2,CU1601,2015-11-11,37500.0,37580.0,37050.0,37100.0,613418,327070,,37330.0,37460.0,CU
2,CU1601,2015-11-12,37170.0,37500.0,37170.0,37310.0,432018,312976,,37320.0,37330.0,CU
2,CU1601,2015-11-13,36860.0,36860.0,36170.0,36230.0,840792,334960,,36480.0,37320.0,CU
2,CU1601,2015-11-16,36490.0,36500.0,35960.0,36030.0,537316,336568,,36250.0,36480.0,CU
1,CU1601,2015-11-17,36090.0,36190.0,34470.0,34970.0,1162190,328468,,35180.0,36250.0,CU
1,CU1601,2015-11-18,35300.0,35370.0,34420.0,34880.0,886530,328344,,34920.0,35180.0,CU
1,CU1601,2015-11-19,34840.0,35030.0,34210.0,34770.0,841008,323048,,34680.0,34920.0,CU
1,CU1601,2015-11-20,34600.0,35170.0,34410.0,34910.0,904142,291650,,34770.0,34680.0,CU
1,CU1601,2015-11-23,35100.0,35110.0,33260.0,33510.0,1070446,305014,,34040.0,34770.0,CU
1,CU1601,2015-11-24,33590.0,34080.0,33220.0,33850.0,958020,279830,,33570.0,34040.0,CU
1,CU1601,2015-11-25,33770.0,34980.0,33700.0,34620.0,1128628,255662,,34470.0,33570.0,CU
1,CU1601,2015-11-26,34290.0,36140.0,34180.0,35210.0,1111640,215440,,35020.0,34470.0,CU
1,CU1601,2015-11-27,35220.0,35680.0,34860.0,35380.0,794122,197594,,35230.0,35020.0,CU
1,CU1601,2015-11-30,35180.0,35380.0,34380.0,34850.0,771586,174024,,34880.0,35230.0,CU
1,CU1601,2015-12-01,34990.0,35380.0,34620.0,35150.0,551706,157888,,35020.0,34880.0,CU
2,CU1602,2015-12-02,35120.0,35400.0,34880.0,34890.0,534154,309404,,35120.0,34930.0,CU
2,CU1602,2015-12-03,34770.0,35270.0,34360.0,34390.0,692398,338476,,34800.0,35120.0,CU
2,CU1602,2015-12-04,34530.0,34930.0,34330.0,34610.0,728126,331702,,34580.0,34800.0,CU
2,CU1602,2015-12-07,35000.0,35390.0,34600.0,35330.0,609902,307554,,35020.0,34580.0,CU
2,CU1602,2015-12-08,35070.0,35180.0,34580.0,34710.0,536504,332100,,34830.0,35020.0,CU
2,CU1602,2015-12-09,34670.0,35060.0,34480.0,35010.0,540318,333564,,34850.0,34830.0,CU
2,CU1602,2015-12-10,35090.0,35410.0,34870.0,34920.0,552150,333258,,35130.0,34850.0,CU
2,CU1602,2015-12-11,34900.0,36030.0,34880.0,35960.0,587970,331234,,35400.0,35130.0,CU
2,CU1602,2015-12-14,35870.0,36350.0,35730.0,36130.0,717754,311488,,36060.0,35400.0,CU
2,CU1602,2015-12-15,35900.0,36260.0,35580.0,35620.0,574874,306770,,35970.0,36060.0,CU
1,CU1602,2015-12-16,35450.0,35650.0,35280.0,35450.0,559646,322650,,35450.0,35970.0,CU
1,CU1602,2015-12-17,35460.0,35740.0,35110.0,35140.0,618334,327020,,35450.0,35450.0,CU
1,CU1602,2015-12-18,35160.0,35840.0,35070.0,35810.0,567628,304074,,35400.0,35450.0,CU
1,CU1602,2015-12-21,35980.0,36300.0,35770.0,36240.0,581138,299518,,36020.0,35400.0,CU
1,CU1602,2015-12-22,36200.0,36590.0,36110.0,36350.0,531710,291976,,36350.0,36020.0,CU
1,CU1602,2015-12-23,36310.0,36440.0,35920.0,36380.0,484456,277498,,36200.0,36350.0,CU
1,CU1602,2015-12-24,36290.0,36490.0,36130.0,36170.0,466118,265638,,36300.0,36200.0,CU
1,CU1602,2015-12-25,36090.0,36400.0,36060.0,36340.0,254420,261964,,36260.0,36300.0,CU
1,CU1602,2015-12-28,36330.0,36450.0,35680.0,35740.0,328006,245652,,36100.0,36260.0,CU
1,CU1602,2015-12-29,35700.0,36320.0,35680.0,36290.0,319264,229670,,35940.0,36100.0,CU
1,CU1602,2015-12-30,36310.0,36780.0,36230.0,36470.0,482604,207492,,36530.0,35940.0,CU
1,CU1602,2015-12-31,36530.0,36720.0,36460.0,36650.0,298638,194608,,36610.0,36530.0,CU
1,CU1602,2016-01-04,36540.0,36680.0,35930.0,36100.0,234824,175346,,36160.0,36610.0,CU
2,CU1603,2016-01-05,36000.0,36550.0,35820.0,36510.0,411016,291660,,36120.0,36050.0,CU
2,CU1603,2016-01-06,36410.0,36530.0,36140.0,36240.0,476828,299874,,36320.0,36120.0,CU
2,CU1603,2016-01-07,36140.0,36580.0,35910.0,36090.0,646922,305238,,36240.0,36320.0,CU
2,CU1603,2016-01-08,35810.0,36090.0,35230.0,35680.0,974450,318464,,35690.0,36240.0,CU
2,CU1603,2016-01-11,35630.0,35790.0,34760.0,34770.0,647856,356500,,35320.0,35690.0,CU
2,CU1603,2016-01-12,34900.0,35140.0,34610.0,34630.0,668706,354662,,34890.0,35320.0,CU
2,CU1603,2016-01-13,34740.0,35070.0,34660.0,34810.0,611038,351896,,34830.0,34890.0,CU
2,CU1603,2016-01-14,34760.0,35030.0,34350.0,34930.0,713142,333742,,34750.0,34830.0,CU
2,CU1603,2016-01-15,34840.0,35330.0,34730.0,34800.0,598056,317570,,35010.0,34750.0,CU
1,CU1603,2016-01-18,34480.0,35200.0,34450.0,34990.0,672146,315402,,34870.0,35010.0,CU
1,CU1603,2016-01-19,34970.0,35600.0,34840.0,35360.0,636590,307608,,35170.0,34870.0,CU
1,CU1603,2016-01-20,35400.0,35470.0,34970.0,35080.0,495406,305510,,35210.0,35170.0,CU
1,CU1603,2016-01-21,35000.0,35280.0,34810.0,34850.0,556644,310518,,35030.0,35210.0,CU
1,CU1603,2016-01-22,35000.0,35410.0,34910.0,35190.0,549800,294652,,35170.0,35030.0,CU
1,CU1603,2016-01-25,35350.0,35400.0,34920.0,35020.0,406458,294056,,35140.0,35170.0,CU
1,CU1603,2016-01-26,35050.0,35190.0,34840.0,35100.0,414594,278786,,35010.0,35140.0,CU
1,CU1603,2016-01-27,35480.0,35840.0,35280.0,35780.0,551904,265050,,35540.0,35010.0,CU
1,CU1603,2016-01-28,35670.0,35980.0,35570.0,35600.0,418618,247240,,35740.0,35540.0,CU
1,CU1603,2016-01-29,35640.0,35800.0,35470.0,35680.0,447376,224774,,35630.0,35740.0,CU
1,CU1603,2016-02-01,35630.0,35820.0,35350.0,35450.0,316184,211646,,35600.0,35630.0,CU
1,CU1603,2016-02-02,35510.0,35710.0,35380.0,35640.0,219372,206848,,35550.0,35600.0,CU
1,CU1603,2016-02-03,35750.0,35800.0,35380.0,35650.0,249588,200044,,35550.0,35550.0,CU
1,CU1603,2016-02-04,35650.0,36440.0,35640.0,36330.0,259658,187024,,36020.0,35550.0,CU
1,CU1603,2016-02-05,36250.0,36530.0,36120.0,36350.0,184432,174498,,36320.0,36020.0,CU
2,CU1604,2016-02-15,35800.0,35940.0,35510.0,35750.0,190342,232728,,35770.0,36440.0,CU
1,CU1604,2016-02-16,35670.0,36010.0,35650.0,35750.0,274046,251394,,35790.0,35770.0,CU
1,CU1604,2016-02-17,35760.0,35910.0,35470.0,35480.0,343700,251098,,35650.0,35790.0,CU
1,CU1604,2016-02-18,35590.0,35820.0,35550.0,35700.0,251418,254242,,35690.0,35650.0,CU
1,CU1604,2016-02-19,35700.0,36030.0,35510.0,35920.0,379600,270716,,35750.0,35690.0,CU
1,CU1604,2016-02-22,35780.0,36380.0,35700.0,36350.0,398280,268738,,36050.0,35750.0,CU
1,CU1604,2016-02-23,36450.0,36560.0,36090.0,36200.0,313264,259186,,36330.0,36050.0,CU
1,CU1604,2016-02-24,36280.0,36280.0,35700.0,35810.0,332556,260900,,35990.0,36330.0,CU
1,CU1604,2016-02-25,35780.0,36290.0,35680.0,35920.0,408926,245666,,36010.0,35990.0,CU
1,CU1604,2016-02-26,36020.0,36060.0,35550.0,35840.0,399770,226834,,35790.0,36010.0,CU
1,CU1604,2016-02-29,36190.0,36570.0,35660.0,35840.0,693032,199640,,36090.0,35790.0,CU
1,CU1604,2016-03-01,36050.0,36110.0,35530.0,35960.0,420474,182716,,35870.0,36090.0,CU
2,CU1605,2016-03-02,36160.0,36960.0,36020.0,36940.0,529086,325702,,36430.0,35890.0,CU
2,CU1605,2016-03-03,36830.0,37150.0,36800.0,37000.0,490662,310200,,36970.0,36430.0,CU
2,CU1605,2016-03-04,37110.0,38010.0,37020.0,37950.0,712994,311400,,37520.0,36970.0,CU
2,CU1605,2016-03-07,37910.0,39400.0,37640.0,38090.0,1078126,276290,,38210.0,37520.0,CU
2,CU1605,2016-03-08,38250.0,38620.0,37460.0,37750.0,910538,261796,,38000.0,38210.0,CU
2,CU1605,2016-03-09,37920.0,37920.0,36800.0,37320.0,852456,257800,,37190.0,38000.0,CU
2,CU1605,2016-03-10,37440.0,37670.0,37250.0,37300.0,521714,258828,,37420.0,37190.0,CU
2,CU1605,2016-03-11,37350.0,37740.0,37040.0,37710.0,506820,276460,,37370.0,37420.0,CU
2,CU1605,2016-03-14,37540.0,38150.0,37490.0,37750.0,527542,276344,,37770.0,37370.0,CU
2,CU1605,2016-03-15,37700.0,37710.0,37130.0,37250.0,484084,280502,,37350.0,37770.0,CU
1,CU1605,2016-03-16,37200.0,37620.0,37080.0,37570.0,448986,279816,,37360.0,37350.0,CU
1,CU1605,2016-03-17,37450.0,37970.0,37370.0,37940.0,467704,286684,,37720.0,37360.0,CU
1,CU1605,2016-03-18,37870.0,38690.0,37830.0,38380.0,800538,300858,,38280.0,37720.0,CU
1,CU1605,2016-03-21,38300.0,38440.0,37930.0,38160.0,493144,298568,,38190.0,38280.0,CU
1,CU1605,2016-03-22,38180.0,38430.0,38060.0,38150.0,418080,295066,,38250.0,38190.0,CU
1,CU1605,2016-03-23,38200.0,38420.0,38040.0,38160.0,341424,282902,,38230.0,38250.0,CU
1,CU1605,2016-03-24,38110.0,38120.0,37430.0,37630.0,532272,229948,,37650.0,38230.0,CU
1,CU1605,2016-03-25,37490.0,37800.0,37400.0,37750.0,212472,223332,,37620.0,37650.0,CU
1,CU1605,2016-03-28,37750.0,37870.0,37500.0,37510.0,171106,216036,,37720.0,37620.0,CU
1,CU1605,2016-03-29,37600.0,38040.0,37470.0,37570.0,293616,201452,,37710.0,37720.0,CU
1,CU1605,2016-03-30,37580.0,37640.0,36920.0,37040.0,376980,191042,,37320.0,37710.0,CU
2,CU1606,2016-03-31,37040.0,37290.0,36640.0,36860.0,335052,335806,,36890.0,37260.0,CU
2,CU1606,2016-04-01,36780.0,37150.0,36730.0,37120.0,323898,329404,,37000.0,36890.0,CU
2,CU1606,2016-04-05,36660.0,36850.0,36500.0,36730.0,204600,314184,,36700.0,37000.0,CU
2,CU1606,2016-04-06,36600.0,36810.0,36550.0,36730.0,237194,319632,,36710.0,36700.0,CU
2,CU1606,2016-04-07,36560.0,36880.0,36560.0,36650.0,260044,329786,,36730.0,36710.0,CU
2,CU1606,2016-04-08,36400.0,36400.0,35610.0,35760.0,506212,349294,,35870.0,36730.0,CU
2,CU1606,2016-04-11,35760.0,36150.0,35730.0,35830.0,442994,340792,,35920.0,35870.0,CU
2,CU1606,2016-04-12,35800.0,36060.0,35600.0,35980.0,384698,322328,,35880.0,35920.0,CU
2,CU1606,2016-04-13,36110.0,37360.0,36040.0,36830.0,786206,286356,,36700.0,35880.0,CU
2,CU1606,2016-04-14,36930.0,37150.0,36780.0,36850.0,366646,294134,,36960.0,36700.0,CU
2,CU1606,2016-04-15,37030.0,37130.0,36740.0,36780.0,357608,295658,,36990.0,36960.0,CU
1,CU1606,2016-04-18,36690.0,37080.0,36560.0,36610.0,421168,293264,,36820.0,36990.0,CU
1,CU1606,2016-04-19,36770.0,37170.0,36730.0,36940.0,430730,286746,,36910.0,36820.0,CU
1,CU1606,2016-04-20,37010.0,37740.0,36950.0,37360.0,669188,268236,,37400.0,36910.0,CU
1,CU1606,2016-04-21,37520.0,38220.0,37350.0,38100.0,595434,242330,,37750.0,37400.0,CU
1,CU1606,2016-04-22,38400.0,38570.0,37460.0,37970.0,560744,201826,,37950.0,37750.0,CU
1,CU1606,2016-04-25,38110.0,39010.0,37880.0,38120.0,539090,196302,,38320.0,37950.0,CU
1,CU1606,2016-04-26,38150.0,38180.0,37490.0,37700.0,353214,177638,,37830.0,38320.0,CU
1,CU1606,2016-04-27,37650.0,37920.0,37490.0,37630.0,245034,168264,,37710.0,37830.0,CU
1,CU1606,2016-04-28,37690.0,37710.0,37000.0,37250.0,326618,171264,,37260.0,37710.0,CU
1,CU1606,2016-04-29,37250.0,37750.0,37160.0,37620.0,230256,156058,,37460.0,37260.0,CU
2,CU1607,2016-05-03,37780.0,37970.0,37420.0,37910.0,199440,273536,,37680.0,37520.0,CU
2,CU1607,2016-05-04,37680.0,37780.0,37140.0,37230.0,325310,297920,,37350.0,37680.0,CU
2,CU1607,2016-05-05,37220.0,37340.0,36820.0,36840.0,380366,315360,,37060.0,37350.0,CU
2,CU1607,2016-05-06,36810.0,36920.0,36330.0,36620.0,371676,308860,,36580.0,37060.0,CU
2,CU1607,2016-05-09,36540.0,36970.0,35780.0,35840.0,574206,339126,,36270.0,36580.0,CU
2,CU1607,2016-05-10,35780.0,36080.0,35670.0,35950.0,384000,324560,,35870.0,36270.0,CU
2,CU1607,2016-05-11,35880.0,36080.0,35690.0,35960.0,328504,334466,,35920.0,35870.0,CU
2,CU1607,2016-05-12,36080.0,36520.0,35820.0,36240.0,456792,320998,,36150.0,35920.0,CU
2,CU1607,2016-05-13,36240.0,36380.0,35030.0,35480.0,644522,330664,,35560.0,36150.0,CU
2,CU1607,2016-05-16,35390.0,35770.0,35120.0,35610.0,384188,328590,,35440.0,35560.0,CU
1,CU1607,2016-05-17,35500.0,35960.0,35500.0,35900.0,332574,316784,,35770.0,35440.0,CU
1,CU1607,2016-05-18,35700.0,35940.0,35290.0,35380.0,469084,320878,,35590.0,35770.0,CU
1,CU1607,2016-05-19,35210.0,35640.0,35110.0,35200.0,402516,307112,,35360.0,35590.0,CU
1,CU1607,2016-05-20,35160.0,35440.0,34820.0,35320.0,391992,300324,,35200.0,35360.0,CU
1,CU1607,2016-05-23,35480.0,35570.0,34880.0,35170.0,433462,292744,,35150.0,35200.0,CU
1,CU1607,2016-05-24,35200.0,35370.0,35030.0,35190.0,304944,277556,,35210.0,35150.0,CU
1,CU1607,2016-05-25,35460.0,35700.0,35280.0,35490.0,350164,259468,,35500.0,35210.0,CU
1,CU1607,2016-05-26,35750.0,36080.0,35640.0,36060.0,302290,248398,,35840.0,35500.0,CU
1,CU1607,2016-05-27,36090.0,36210.0,35620.0,35910.0,305036,232554,,35880.0,35840.0,CU
1,CU1607,2016-05-30,36040.0,36090.0,35650.0,35700.0,220828,216442,,35790.0,35880.0,CU
2,CU1608,2016-05-31,35780.0,35990.0,35640.0,35750.0,173512,321466,,35800.0,35770.0,CU
2,CU1608,2016-06-01,35810.0,35890.0,35120.0,35190.0,323974,360438,,35480.0,35800.0,CU
2,CU1608,2016-06-02,35180.0,35460.0,35070.0,35280.0,273418,362532,,35280.0,35480.0,CU
2,CU1608,2016-06-03,35250.0,35760.0,35170.0,35720.0,296102,351546,,35420.0,35280.0,CU
2,CU1608,2016-06-06,36110.0,36300.0,35800.0,36260.0,318566,346128,,36080.0,35420.0,CU
2,CU1608,2016-06-07,36150.0,36300.0,35800.0,35840.0,267268,335334,,36040.0,36080.0,CU
2,CU1608,2016-06-08,35340.0,35390.0,35100.0,35230.0,331978,356466,,35270.0,36040.0,CU
2,CU1608,2016-06-13,34880.0,35540.0,34850.0,35250.0,272286,322280,,35280.0,35270.0,CU
2,CU1608,2016-06-14,35200.0,35540.0,35080.0,35110.0,286756,323586,,35320.0,35280.0,CU
2,CU1608,2016-06-15,35100.0,35370.0,34980.0,35320.0,257364,309524,,35170.0,35320.0,CU
1,CU1608,2016-06-16,35890.0,36000.0,35330.0,35410.0,313520,284714,,35690.0,35170.0,CU
1,CU1608,2016-06-17,35210.0,35600.0,35160.0,35560.0,259350,268414,,35330.0,35690.0,CU
1,CU1608,2016-06-20,35410.0,35630.0,35320.0,35460.0,226642,264384,,35470.0,35330.0,CU
1,CU1608,2016-06-21,35610.0,35880.0,35480.0,35570.0,252478,255898,,35680.0,35470.0,CU
1,CU1608,2016-06-22,35650.0,36270.0,35530.0,36260.0,345406,252888,,35890.0,35680.0,CU
1,CU1608,2016-06-23,36280.0,36390.0,36060.0,36270.0,251632,249130,,36200.0,35890.0,CU
1,CU1608,2016-06-24,36550.0,36760.0,35850.0,35970.0,472024,218592,,36280.0,36200.0,CU
1,CU1608,2016-06-27,36120.0,36730.0,36020.0,36720.0,337584,204394,,36400.0,36280.0,CU
1,CU1608,2016-06-28,36520.0,37250.0,36430.0,37190.0,344604,191484,,36820.0,36400.0,CU
1,CU1608,2016-06-29,37310.0,37480.0,36980.0,37150.0,238522,185242,,37220.0,36820.0,CU
2,CU1609,2016-06-30,37250.0,37690.0,37080.0,37530.0,261792,248882,,37470.0,37260.0,CU
2,CU1609,2016-07-01,37440.0,37630.0,37140.0,37300.0,320148,250822,,37380.0,37470.0,CU
2,CU1609,2016-07-04,37290.0,38510.0,37220.0,38410.0,682034,293484,,38040.0,37380.0,CU
2,CU1609,2016-07-05,38440.0,38540.0,37470.0,37790.0,492320,281800,,37880.0,38040.0,CU
2,CU1609,2016-07-06,37760.0,37850.0,36950.0,37380.0,485598,262294,,37390.0,37880.0,CU
2,CU1609,2016-07-07,36880.0,37290.0,36820.0,36910.0,371704,253368,,37050.0,37390.0,CU
2,CU1609,2016-07-08,36960.0,37100.0,36450.0,36620.0,381592,259412,,36680.0,37050.0,CU
2,CU1609,2016-07-11,36800.0,37130.0,36540.0,37020.0,302506,260408,,36800.0,36680.0,CU
2,CU1609,2016-07-12,37140.0,37260.0,36900.0,37180.0,253784,263540,,37060.0,36800.0,CU
2,CU1609,2016-07-13,37500.0,39210.0,37260.0,38580.0,876672,295230,,38350.0,37060.0,CU
2,CU1609,2016-07-14,38660.0,38820.0,38190.0,38640.0,448580,306792,,38470.0,38350.0,CU
2,CU1609,2016-07-15,38530.0,38710.0,38230.0,38500.0,361670,309744,,38420.0,38470.0,CU
1,CU1609,2016-07-18,38700.0,38930.0,37800.0,37850.0,497462,298892,,38230.0,38420.0,CU
1,CU1609,2016-07-19,37790.0,38550.0,37790.0,38300.0,415374,283666,,38240.0,38230.0,CU
1,CU1609,2016-07-20,38380.0,38800.0,38110.0,38280.0,463442,276684,,38460.0,38240.0,CU
1,CU1609,2016-07-21,38020.0,38690.0,37870.0,38650.0,351616,270376,,38400.0,38460.0,CU
1,CU1609,2016-07-22,38570.0,38840.0,38160.0,38180.0,336090,260900,,38460.0,38400.0,CU
1,CU1609,2016-07-25,38350.0,38650.0,37830.0,38160.0,420530,249108,,38180.0,38460.0,CU
1,CU1609,2016-07-26,38170.0,38250.0,37600.0,37810.0,322706,236284,,37810.0,38180.0,CU
1,CU1609,2016-07-27,37770.0,38090.0,37620.0,37740.0,308300,225788,,37890.0,37810.0,CU
1,CU1609,2016-07-28,37700.0,37890.0,37430.0,37820.0,307786,207992,,37700.0,37890.0,CU
1,CU1609,2016-07-29,37880.0,38060.0,37430.0,37470.0,297570,189826,,37810.0,37700.0,CU
1,CU1609,2016-08-01,37580.0,38250.0,37460.0,38170.0,313708,175052,,37880.0,37810.0,CU
2,CU1610,2016-08-02,38140.0,38160.0,37680.0,38020.0,245842,225696,,37940.0,37980.0,CU
2,CU1610,2016-08-03,38120.0,38450.0,37680.0,37790.0,341054,234238,,38050.0,37940.0,CU
2,CU1610,2016-08-04,37710.0,37910.0,37430.0,37620.0,350780,234164,,37650.0,38050.0,CU
2,CU1610,2016-08-05,37300.0,37770.0,37280.0,37620.0,307212,225438,,37540.0,37650.0,CU
2,CU1610,2016-08-08,37510.0,37680.0,37370.0,37540.0,257108,231414,,37510.0,37540.0,CU
2,CU1610,2016-08-09,37560.0,37760.0,37180.0,37220.0,290706,250054,,37470.0,37510.0,CU
2,CU1610,2016-08-10,37160.0,37530.0,37100.0,37470.0,236298,245182,,37350.0,37470.0,CU
2,CU1610,2016-08-11,37790.0,37800.0,37450.0,37530.0,248324,238242,,37600.0,37350.0,CU
2,CU1610,2016-08-12,37550.0,37690.0,37450.0,37560.0,175934,236262,,37570.0,37600.0,CU
2,CU1610,2016-08-15,37230.0,37350.0,37000.0,37070.0,244612,241304,,37210.0,37570.0,CU
1,CU1610,2016-08-16,37070.0,37290.0,37020.0,37220.0,212270,238790,,37160.0,37210.0,CU
1,CU1610,2016-08-17,37330.0,37390.0,37180.0,37220.0,177690,230482,,37280.0,37160.0,CU
1,CU1610,2016-08-18,37180.0,37400.0,37090.0,37370.0,180484,238920,,37230.0,37280.0,CU
1,CU1610,2016-08-19,37480.0,37490.0,37230.0,37390.0,159022,234600,,37330.0,37230.0,CU
1,CU1610,2016-08-22,37290.0,37390.0,37080.0,37140.0,176644,236770,,37250.0,37330.0,CU
1,CU1610,2016-08-23,37020.0,37180.0,36910.0,37120.0,146416,236976,,37090.0,37250.0,CU
1,CU1610,2016-08-24,36970.0,37040.0,36640.0,36650.0,248346,255570,,36830.0,37090.0,CU
1,CU1610,2016-08-25,36530.0,36640.0,36050.0,36370.0,308008,232444,,36330.0,36830.0,CU
1,CU1610,2016-08-26,36290.0,36530.0,36180.0,36430.0,167726,226274,,36350.0,36330.0,CU
1,CU1610,2016-08-29,36380.0,36620.0,36210.0,36420.0,184566,216386,,36370.0,36350.0,CU
1,CU1610,2016-08-30,36350.0,36520.0,36240.0,36260.0,119618,210696,,36390.0,36370.0,CU
1,CU1610,2016-08-31,36250.0,36390.0,36140.0,36270.0,142170,196118,,36280.0,36390.0,CU
1,CU1610,2016-09-01,36260.0,36670.0,36230.0,36530.0,139762,179154,,36450.0,36280.0,CU
2,CU1611,2016-09-02,36490.0,36690.0,36400.0,36670.0,139928,197610,,36530.0,36480.0,CU
2,CU1611,2016-09-05,36640.0,36660.0,36440.0,36510.0,147262,210070,,36550.0,36530.0,CU
2,CU1611,2016-09-06,36460.0,36620.0,36390.0,36570.0,136530,215374,,36520.0,36550.0,CU
2,CU1611,2016-09-07,36600.0,36870.0,36460.0,36750.0,205396,219446,,36660.0,36520.0,CU
2,CU1611,2016-09-08,36750.0,36850.0,36530.0,36570.0,176616,219166,,36660.0,36660.0,CU
2,CU1611,2016-09-09,36560.0,36730.0,36460.0,36620.0,149500,215504,,36620.0,36660.0,CU
2,CU1611,2016-09-12,36560.0,36630.0,36130.0,36170.0,256900,243058,,36360.0,36620.0,CU
2,CU1611,2016-09-13,36250.0,36620.0,36250.0,36600.0,192602,216048,,36480.0,36360.0,CU
2,CU1611,2016-09-14,36630.0,36800.0,36470.0,36730.0,189584,199982,,36640.0,36480.0,CU
2,CU1611,2016-09-19,37100.0,37240.0,36930.0,37230.0,158336,187816,,37110.0,36640.0,CU
1,CU1611,2016-09-20,37260.0,37350.0,37160.0,37280.0,129424,180818,,37240.0,37110.0,CU
1,CU1611,2016-09-21,37300.0,37500.0,37190.0,37300.0,172558,178240,,37330.0,37240.0,CU
1,CU1611,2016-09-22,37310.0,37680.0,37240.0,37650.0,202334,172190,,37490.0,37330.0,CU
1,CU1611,2016-09-23,37770.0,37900.0,37650.0,37860.0,172102,168930,,37770.0,37490.0,CU
1,CU1611,2016-09-26,37820.0,37900.0,37690.0,37760.0,132548,161124,,37770.0,37770.0,CU
1,CU1611,2016-09-27,37750.0,37830.0,37470.0,37680.0,178872,157098,,37640.0,37770.0,CU
1,CU1611,2016-09-28,37560.0,37580.0,37250.0,37500.0,149364,144808,,37430.0,37640.0,CU
1,CU1611,2016-09-29,37580.0,37960.0,37520.0,37660.0,150794,138420,,37750.0,37430.0,CU
1,CU1611,2016-09-30,37650.0,37870.0,37540.0,37720.0,106890,125222,,37690.0,37750.0,CU
2,CU1612,2016-10-10,37660.0,37670.0,37430.0,37650.0,69828,174958,,37550.0,37690.0,CU
2,CU1612,2016-10-11,37670.0,38180.0,37660.0,38160.0,197110,201536,,38000.0,37550.0,CU
2,CU1612,2016-10-12,38060.0,38080.0,37760.0,37950.0,160384,202450,,37920.0,38000.0,CU
2,CU1612,2016-10-13,37990.0,38150.0,37580.0,37630.0,197824,205370,,37860.0,37920.0,CU
2,CU1612,2016-10-14,37210.0,37460.0,37110.0,37370.0,226982,195040,,37300.0,37860.0,CU
2,CU1612,2016-10-17,37210.0,37400.0,37160.0,37320.0,183592,202110,,37260.0,37300.0,CU
1,CU1612,2016-10-18,37250.0,37410.0,37200.0,37400.0,108748,195810,,37290.0,37260.0,CU
1,CU1612,2016-10-19,37310.0,37410.0,37150.0,37190.0,168580,197272,,37270.0,37290.0,CU
1,CU1612,2016-10-20,37200.0,37440.0,36970.0,37310.0,198066,193992,,37240.0,37270.0,CU
1,CU1612,2016-10-21,37240.0,37270.0,37000.0,37180.0,147892,191816,,37130.0,37240.0,CU
1,CU1612,2016-10-24,37110.0,37430.0,37100.0,37350.0,147972,191262,,37270.0,37130.0,CU
1,CU1612,2016-10-25,37300.0,38170.0,37250.0,38010.0,354232,184244,,37780.0,37270.0,CU
1,CU1612,2016-10-26,38110.0,38250.0,37700.0,37760.0,228692,165254,,37930.0,37780.0,CU
1,CU1612,2016-10-27,37790.0,37960.0,37720.0,37820.0,139948,160052,,37820.0,37930.0,CU
1,CU1612,2016-10-28,38020.0,38340.0,37950.0,38270.0,183386,153130,,38130.0,37820.0,CU
1,CU1612,2016-10-31,38390.0,38630.0,38280.0,38390.0,175810,141922,,38420.0,38130.0,CU
2,CU1701,2016-11-01,38500.0,38890.0,38390.0,38740.0,149396,175362,,38660.0,38430.0,CU
2,CU1701,2016-11-02,38780.0,39180.0,38540.0,38580.0,281808,175478,,38820.0,38660.0,CU
2,CU1701,2016-11-03,38730.0,39020.0,38620.0,38990.0,153686,192668,,38800.0,38820.0,CU
2,CU1701,2016-11-04,39100.0,39390.0,39000.0,39130.0,268470,201496,,39190.0,38800.0,CU
2,CU1701,2016-11-07,39230.0,40770.0,39150.0,40380.0,505096,240376,,39880.0,39190.0,CU
2,CU1701,2016-11-08,40180.0,40730.0,40070.0,40450.0,422864,251404,,40370.0,39880.0,CU
2,CU1701,2016-11-09,40400.0,42030.0,40340.0,41600.0,825362,258136,,41430.0,40370.0,CU
2,CU1701,2016-11-10,42320.0,43910.0,42230.0,43910.0,515896,253884,,42970.0,41430.0,CU
2,CU1701,2016-11-11,45000.0,46830.0,44430.0,46700.0,988810,262712,,45330.0,42970.0,CU
2,CU1701,2016-11-14,47200.0,48040.0,43700.0,45520.0,1319384,249310,,45630.0,45330.0,CU
2,CU1701,2016-11-15,45500.0,46160.0,43060.0,43670.0,827514,242572,,44940.0,45630.0,CU
1,CU1701,2016-11-16,43670.0,44650.0,43560.0,44580.0,534122,248372,,44170.0,44940.0,CU
1,CU1701,2016-11-17,44270.0,44410.0,43400.0,43670.0,371964,231320,,43890.0,44170.0,CU
1,CU1701,2016-11-18,43830.0,44580.0,43720.0,44210.0,412470,228852,,44180.0,43890.0,CU
1,CU1701,2016-11-21,44430.0,45410.0,43610.0,45120.0,536360,238170,,44500.0,44180.0,CU
1,CU1701,2016-11-22,45190.0,46320.0,44710.0,46210.0,405740,228864,,45610.0,44500.0,CU
1,CU1701,2016-11-23,45900.0,46120.0,45400.0,45760.0,315082,221660,,45760.0,45610.0,CU
1,CU1701,2016-11-24,45560.0,48500.0,45460.0,48210.0,622346,198930,,47310.0,45760.0,CU
1,CU1701,2016-11-25,47930.0,48900.0,47400.0,48100.0,474172,185342,,48260.0,47310.0,CU
1,CU1701,2016-11-28,48020.0,49660.0,47760.0,49380.0,424094,178930,,48600.0,48260.0,CU
1,CU1701,2016-11-29,49130.0,49240.0,46490.0,46610.0,405738,138700,,47890.0,48600.0,CU
2,CU1702,2016-11-30,47030.0,47240.0,45110.0,46100.0,505638,228600,,46220.0,47950.0,CU
2,CU1702,2016-12-01,46390.0,47570.0,46140.0,47060.0,464488,235960,,46990.0,46220.0,CU
2,CU1702,2016-12-02,46930.0,47180.0,46150.0,46630.0,330356,230370,,46650.0,46990.0,CU
2,CU1702,2016-12-05,46420.0,47630.0,46200.0,47360.0,364274,251632,,46910.0,46650.0,CU
2,CU1702,2016-12-06,47420.0,48480.0,47400.0,47690.0,365538,254760,,47950.0,46910.0,CU
2,CU1702,2016-12-07,47460.0,48500.0,47330.0,48350.0,358714,281024,,47930.0,47950.0,CU
2,CU1702,2016-12-08,48260.0,48470.0,46910.0,47210.0,385546,259338,,47530.0,47930.0,CU
2,CU1702,2016-12-09,47360.0,47770.0,46480.0,47390.0,373262,245848,,47100.0,47530.0,CU
2,CU1702,2016-12-12,47530.0,48270.0,47150.0,47230.0,332482,244348,,47700.0,47100.0,CU
2,CU1702,2016-12-13,47060.0,47300.0,46620.0,46920.0,292322,235676,,46930.0,47700.0,CU
2,CU1702,2016-12-14,47270.0,47300.0,46000.0,46490.0,288536,228348,,46540.0,46930.0,CU
2,CU1702,2016-12-15,46780.0,47130.0,46140.0,46790.0,269802,223872,,46680.0,46540.0,CU
1,CU1702,2016-12-16,46400.0,47160.0,46220.0,46460.0,233462,216844,,46640.0,46680.0,CU
1,CU1702,2016-12-19,46180.0,46590.0,45580.0,45630.0,244460,215100,,46090.0,46640.0,CU
1,CU1702,2016-12-20,45580.0,45580.0,44480.0,44890.0,297386,203366,,44970.0,46090.0,CU
1,CU1702,2016-12-21,44950.0,45420.0,44800.0,45330.0,158184,199436,,45140.0,44970.0,CU
1,CU1702,2016-12-22,45180.0,45330.0,44370.0,44430.0,171752,204652,,44810.0,45140.0,CU
1,CU1702,2016-12-23,44410.0,45200.0,44130.0,45070.0,236000,199536,,44800.0,44810.0,CU
1,CU1702,2016-12-26,44900.0,45100.0,43370.0,44070.0,249022,181694,,44210.0,44800.0,CU
1,CU1702,2016-12-27,44050.0,44770.0,43880.0,44600.0,137474,167124,,44340.0,44210.0,CU
2,CU1703,2016-12-28,44640.0,46020.0,44640.0,45620.0,208248,179558,,45530.0,44440.0,CU
2,CU1703,2016-12-29,45450.0,45970.0,45160.0,45810.0,213126,192142,,45570.0,45530.0,CU
2,CU1703,2016-12-30,45650.0,45760.0,45070.0,45500.0,199464,187358,,45430.0,45570.0,CU
2,CU1703,2017-01-03,45630.0,46290.0,45630.0,45760.0,183888,193636,,46040.0,45430.0,CU
2,CU1703,2017-01-04,45910.0,45980.0,44810.0,45520.0,290606,197220,,45360.0,46040.0,CU
2,CU1703,2017-01-05,45400.0,46170.0,45360.0,45760.0,318430,206010,,45850.0,45360.0,CU
2,CU1703,2017-01-06,45720.0,45770.0,45090.0,45350.0,252160,202332,,45430.0,45850.0,CU
2,CU1703,2017-01-09,45260.0,45770.0,45090.0,45730.0,201880,204444,,45470.0,45430.0,CU
2,CU1703,2017-01-10,45530.0,46270.0,45350.0,46110.0,310498,218778,,45780.0,45470.0,CU
2,CU1703,2017-01-11,46340.0,47260.0,46340.0,47160.0,371356,225868,,46950.0,45780.0,CU
2,CU1703,2017-01-12,46950.0,47200.0,46750.0,46980.0,289596,220550,,46990.0,46950.0,CU
2,CU1703,2017-01-13,47110.0,47810.0,47110.0,47400.0,362068,215618,,47500.0,46990.0,CU
2,CU1703,2017-01-16,47420.0,48390.0,47230.0,47950.0,355334,222522,,47900.0,47500.0,CU
1,CU1703,2017-01-17,47880.0,48060.0,46540.0,46780.0,303912,204580,,47320.0,47900.0,CU
1,CU1703,2017-01-18,46850.0,47060.0,45930.0,46600.0,308372,197432,,46550.0,47320.0,CU
1,CU1703,2017-01-19,46500.0,46880.0,46290.0,46730.0,208420,193114,,46610.0,46550.0,CU
1,CU1703,2017-01-20,46570.0,46730.0,46000.0,46080.0,236030,180960,,46420.0,46610.0,CU
1,CU1703,2017-01-23,46270.0,47280.0,46140.0,46850.0,240234,178494,,46790.0,46420.0,CU
1,CU1703,2017-01-24,46810.0,47210.0,46500.0,47070.0,187382,175182,,46870.0,46790.0,CU
1,CU1703,2017-01-25,47480.0,47880.0,47370.0,47650.0,197238,165856,,47610.0,46870.0,CU
1,CU1703,2017-01-26,47460.0,48210.0,47450.0,48040.0,188630,159580,,47820.0,47610.0,CU
1,CU1703,2017-02-03,47700.0,47710.0,46520.0,46780.0,119846,153148,,46920.0,47820.0,CU
1,CU1703,2017-02-06,46810.0,46980.0,46300.0,46600.0,145150,150708,,46600.0,46920.0,CU
1,CU1703,2017-02-07,46620.0,47060.0,46560.0,46850.0,129254,149890,,46810.0,46600.0,CU
1,CU1703,2017-02-08,46800.0,47690.0,46530.0,47660.0,185624,152378,,47170.0,46810.0,CU
1,CU1703,2017-02-09,47580.0,47790.0,47210.0,47410.0,153138,150610,,47530.0,47170.0,CU
2,CU1704,2017-02-10,47620.0,48050.0,47120.0,47820.0,213852,177982,,47570.0,47680.0,CU
2,CU1704,2017-02-13,47800.0,50620.0,47780.0,50120.0,616476,245852,,49550.0,47570.0,CU
2,CU1704,2017-02-14,49820.0,50250.0,49660.0,50110.0,347374,265978,,49940.0,49550.0,CU
2,CU1704,2017-02-15,50090.0,50290.0,48290.0,48740.0,512812,229176,,49120.0,49940.0,CU
1,CU1704,2017-02-16,48740.0,49380.0,48510.0,48680.0,376604,228912,,48970.0,49120.0,CU
1,CU1704,2017-02-17,48600.0,48960.0,48170.0,48360.0,375026,227192,,48600.0,48970.0,CU
1,CU1704,2017-02-20,48280.0,48850.0,47950.0,48770.0,321866,230668,,48420.0,48600.0,CU
1,CU1704,2017-02-21,48870.0,49350.0,48750.0,48920.0,295714,227126,,49050.0,48420.0,CU
1,CU1704,2017-02-22,48990.0,49210.0,48500.0,48660.0,269764,221726,,48900.0,49050.0,CU
1,CU1704,2017-02-23,48530.0,48990.0,48160.0,48390.0,287134,218162,,48570.0,48900.0,CU
1,CU1704,2017-02-24,48640.0,48700.0,47100.0,47760.0,410140,200836,,47760.0,48570.0,CU
1,CU1704,2017-02-27,47700.0,48310.0,47400.0,47730.0,324820,191912,,47870.0,47760.0,CU
1,CU1704,2017-02-28,47910.0,48090.0,47440.0,47740.0,282636,188590,,47830.0,47870.0,CU
1,CU1704,2017-03-01,47880.0,48800.0,47690.0,48650.0,339392,191314,,48310.0,47830.0,CU
1,CU1704,2017-03-02,48780.0,49100.0,48330.0,48690.0,261336,189942,,48710.0,48310.0,CU
1,CU1704,2017-03-03,48450.0,48470.0,47860.0,48280.0,254492,184934,,48150.0,48710.0,CU
1,CU1704,2017-03-06,48130.0,48440.0,47710.0,47890.0,241164,186286,,48150.0,48150.0,CU
1,CU1704,2017-03-07,47750.0,47790.0,47380.0,47720.0,184672,182642,,47640.0,48150.0,CU
1,CU1704,2017-03-08,47420.0,47620.0,46910.0,47140.0,261772,176410,,47220.0,47640.0,CU
1,CU1704,2017-03-09,47220.0,47420.0,46310.0,46400.0,238774,165164,,46830.0,47220.0,CU
2,CU1705,2017-03-10,46300.0,46830.0,46140.0,46650.0,207214,199260,,46560.0,46970.0,CU
2,CU1705,2017-03-13,46800.0,47560.0,46530.0,47560.0,328654,202870,,47020.0,46560.0,CU
2,CU1705,2017-03-14,47500.0,47580.0,47190.0,47360.0,211346,207094,,47360.0,47020.0,CU
2,CU1705,2017-03-15,47150.0,47800.0,46820.0,47670.0,307966,215478,,47440.0,47360.0,CU
1,CU1705,2017-03-16,47900.0,48250.0,47710.0,48160.0,291370,218718,,47980.0,47440.0,CU
1,CU1705,2017-03-17,48270.0,48300.0,47660.0,47740.0,220262,217374,,47940.0,47980.0,CU
1,CU1705,2017-03-20,47960.0,48280.0,47840.0,47980.0,228262,219224,,48060.0,47940.0,CU
1,CU1705,2017-03-21,47980.0,48400.0,47030.0,47290.0,347368,220782,,47660.0,48060.0,CU
1,CU1705,2017-03-22,47150.0,47500.0,46420.0,46660.0,321040,225738,,46880.0,47660.0,CU
1,CU1705,2017-03-23,46730.0,47340.0,46450.0,47120.0,248072,221334,,46960.0,46880.0,CU
1,CU1705,2017-03-24,47120.0,47330.0,46710.0,47100.0,259020,220374,,47010.0,46960.0,CU
1,CU1705,2017-03-27,47040.0,47240.0,46050.0,46260.0,331254,228898,,46540.0,47010.0,CU
1,CU1705,2017-03-28,46100.0,47020.0,45600.0,46740.0,401114,213026,,46330.0,46540.0,CU
1,CU1705,2017-03-29,46860.0,47690.0,46670.0,47530.0,318226,211298,,47260.0,46330.0,CU
1,CU1705,2017-03-30,47500.0,47810.0,47200.0,47460.0,263782,203454,,47480.0,47260.0,CU
1,CU1705,2017-03-31,47510.0,48390.0,47440.0,47750.0,393114,194190,,47830.0,47480.0,CU
1,CU1705,2017-04-05,47090.0,47650.0,46980.0,47420.0,148642,189136,,47320.0,47830.0,CU
1,CU1705,2017-04-06,47810.0,48300.0,47680.0,47810.0,247964,191346,,47940.0,47320.0,CU
1,CU1705,2017-04-07,47900.0,48160.0,46930.0,47130.0,318632,187952,,47640.0,47940.0,CU
1,CU1705,2017-04-10,46820.0,47570.0,46650.0,47050.0,223444,181914,,47130.0,47640.0,CU
2,CU1706,2017-04-11,47170.0,47240.0,46650.0,46670.0,251984,196172,,46860.0,47290.0,CU
2,CU1706,2017-04-12,46800.0,47090.0,46150.0,46230.0,447660,225448,,46630.0,46860.0,CU
2,CU1706,2017-04-13,46070.0,46550.0,45520.0,46480.0,511384,229730,,46040.0,46630.0,CU
2,CU1706,2017-04-14,46150.0,46520.0,45800.0,46110.0,315686,238902,,46160.0,46040.0,CU
2,CU1706,2017-04-17,46150.0,47940.0,45960.0,46480.0,450362,229598,,46610.0,46160.0,CU
1,CU1706,2017-04-18,46690.0,46920.0,45740.0,45850.0,356194,259004,,46290.0,46610.0,CU
1,CU1706,2017-04-19,45850.0,46100.0,45110.0,45840.0,501250,256132,,45630.0,46290.0,CU
1,CU1706,2017-04-20,45760.0,46140.0,44800.0,45560.0,596204,253888,,45430.0,45630.0,CU
1,CU1706,2017-04-21,45750.0,46120.0,45460.0,46030.0,391290,248048,,45770.0,45430.0,CU
1,CU1706,2017-04-24,45840.0,46060.0,45480.0,45910.0,352930,236896,,45760.0,45770.0,CU
1,CU1706,2017-04-25,45780.0,46360.0,45570.0,46030.0,329762,226570,,45880.0,45760.0,CU
1,CU1706,2017-04-26,46220.0,46450.0,45880.0,46230.0,262080,218586,,46230.0,45880.0,CU
1,CU1706,2017-04-27,46340.0,46510.0,46170.0,46290.0,219242,214012,,46310.0,46230.0,CU
1,CU1706,2017-04-28,46330.0,46470.0,45840.0,46330.0,313460,196602,,46230.0,46310.0,CU
1,CU1706,2017-05-02,46950.0,47100.0,46690.0,46790.0,141624,186738,,46870.0,46230.0,CU
1,CU1706,2017-05-03,46860.0,46940.0,46480.0,46580.0,130726,185484,,46690.0,46870.0,CU
1,CU1706,2017-05-04,45870.0,45970.0,45010.0,45180.0,309126,182530,,45550.0,46690.0,CU
1,CU1706,2017-05-05,45000.0,45280.0,44680.0,44980.0,244258,187830,,45010.0,45550.0,CU
1,CU1706,2017-05-08,45000.0,45550.0,44650.0,44670.0,267810,183304,,45080.0,45010.0,CU
2,CU1707,2017-05-09,44620.0,44890.0,44420.0,44730.0,179390,195048,,44700.0,45050.0,CU
2,CU1707,2017-05-10,44840.0,45240.0,44730.0,44860.0,184178,197138,,44950.0,44700.0,CU
2,CU1707,2017-05-11,44980.0,45330.0,44660.0,45270.0,259366,200902,,44940.0,44950.0,CU
2,CU1707,2017-05-12,45510.0,45580.0,44830.0,44930.0,265148,216568,,45030.0,44940.0,CU
2,CU1707,2017-05-15,45080.0,45560.0,44900.0,45430.0,204988,214120,,45200.0,45030.0,CU
1,CU1707,2017-05-16,45540.0,45570.0,45030.0,45170.0,196142,220114,,45290.0,45200.0,CU
1,CU1707,2017-05-17,45290.0,45650.0,45270.0,45390.0,226698,211564,,45410.0,45290.0,CU
1,CU1707,2017-05-18,45240.0,45480.0,44920.0,44960.0,251502,224554,,45130.0,45410.0,CU
1,CU1707,2017-05-19,44650.0,45400.0,44610.0,45300.0,279650,215514,,45130.0,45130.0,CU
1,CU1707,2017-05-22,45570.0,46030.0,45470.0,45800.0,316766,204386,,45810.0,45130.0,CU
1,CU1707,2017-05-23,45980.0,46130.0,45760.0,45770.0,199768,205984,,45950.0,45810.0,CU
1,CU1707,2017-05-24,45920.0,46160.0,45510.0,45780.0,231488,201670,,45860.0,45950.0,CU
1,CU1707,2017-05-25,45900.0,46070.0,45730.0,45970.0,202522,199120,,45910.0,45860.0,CU
1,CU1707,2017-05-26,45910.0,46350.0,45850.0,46000.0,269820,191230,,46050.0,45910.0,CU
1,CU1707,2017-05-31,45690.0,45850.0,45170.0,45230.0,211210,174426,,45540.0,46050.0,CU
1,CU1707,2017-06-01,45330.0,45540.0,45080.0,45340.0,186044,159794,,45310.0,45540.0,CU
1,CU1707,2017-06-02,45450.0,45580.0,45250.0,45330.0,145734,157424,,45380.0,45310.0,CU
1,CU1707,2017-06-05,44920.0,45460.0,44860.0,45240.0,157696,153784,,45230.0,45380.0,CU
2,CU1708,2017-06-06,45160.0,45350.0,44900.0,44920.0,158238,219982,,45150.0,45250.0,CU
2,CU1708,2017-06-07,44850.0,45300.0,44680.0,44880.0,277966,223644,,45020.0,45150.0,CU
2,CU1708,2017-06-08,44980.0,45360.0,44820.0,45260.0,209292,218882,,45070.0,45020.0,CU
2,CU1708,2017-06-09,45530.0,46000.0,45490.0,45930.0,281390,220604,,45750.0,45070.0,CU
2,CU1708,2017-06-12,46220.0,46600.0,46110.0,46370.0,246512,224214,,46340.0,45750.0,CU
2,CU1708,2017-06-13,46290.0,46340.0,45810.0,45830.0,197490,223494,,46070.0,46340.0,CU
2,CU1708,2017-06-14,45650.0,46020.0,45630.0,45960.0,224422,214510,,45800.0,46070.0,CU
2,CU1708,2017-06-15,45850.0,45920.0,45380.0,45600.0,220290,208066,,45650.0,45800.0,CU
1,CU1708,2017-06-16,45550.0,45800.0,45360.0,45490.0,201860,203636,,45570.0,45650.0,CU
1,CU1708,2017-06-19,45590.0,45770.0,45430.0,45680.0,163648,198308,,45600.0,45570.0,CU
1,CU1708,2017-06-20,45830.0,46100.0,45750.0,45840.0,174480,204040,,45910.0,45600.0,CU
1,CU1708,2017-06-21,45590.0,45660.0,45360.0,45520.0,193626,205846,,45500.0,45910.0,CU
1,CU1708,2017-06-22,45880.0,46250.0,45750.0,45810.0,232072,197882,,45980.0,45500.0,CU
1,CU1708,2017-06-23,46070.0,46720.0,45900.0,46690.0,229244,209268,,46210.0,45980.0,CU
1,CU1708,2017-06-26,46640.0,46840.0,46350.0,46820.0,192652,205720,,46540.0,46210.0,CU
1,CU1708,2017-06-27,46680.0,46750.0,46430.0,46720.0,165084,193436,,46570.0,46540.0,CU
1,CU1708,2017-06-28,46690.0,47000.0,46610.0,46920.0,190654,195242,,46820.0,46570.0,CU
1,CU1708,2017-06-29,46860.0,47520.0,46770.0,47430.0,274182,188688,,47220.0,46820.0,CU
1,CU1708,2017-06-30,47430.0,47670.0,47230.0,47460.0,197134,171202,,47440.0,47220.0,CU
1,CU1708,2017-07-03,47410.0,47540.0,47250.0,47500.0,137202,160750,,47380.0,47440.0,CU
2,CU1709,2017-07-04,47490.0,47550.0,46930.0,47030.0,148008,192256,,47230.0,47500.0,CU
2,CU1709,2017-07-05,47110.0,47360.0,47080.0,47140.0,121620,197038,,47210.0,47230.0,CU
2,CU1709,2017-07-06,46870.0,46980.0,46680.0,46960.0,146812,197406,,46830.0,47210.0,CU
2,CU1709,2017-07-07,46860.0,47150.0,46800.0,47130.0,123504,202196,,46920.0,46830.0,CU
2,CU1709,2017-07-10,46910.0,47040.0,46730.0,46770.0,165672,197104,,46860.0,46920.0,CU
2,CU1709,2017-07-11,46680.0,47170.0,46580.0,47050.0,179100,199104,,46840.0,46860.0,CU
2,CU1709,2017-07-12,46920.0,47480.0,46850.0,47250.0,223482,201592,,47210.0,46840.0,CU
2,CU1709,2017-07-13,47360.0,47520.0,47120.0,47400.0,149728,203072,,47320.0,47210.0,CU
2,CU1709,2017-07-14,47440.0,47440.0,46930.0,47160.0,165950,202554,,47150.0,47320.0,CU
2,CU1709,2017-07-17,47140.0,47930.0,47120.0,47810.0,274074,220578,,47520.0,47150.0,CU
1,CU1709,2017-07-18,47950.0,48050.0,47560.0,47690.0,204886,212040,,47840.0,47520.0,CU
1,CU1709,2017-07-19,47690.0,47980.0,47660.0,47960.0,155696,216360,,47790.0,47840.0,CU
1,CU1709,2017-07-20,47860.0,47910.0,47540.0,47790.0,199886,213556,,47750.0,47790.0,CU
1,CU1709,2017-07-21,47810.0,48110.0,47410.0,48000.0,242490,216742,,47800.0,47750.0,CU
1,CU1709,2017-07-24,48200.0,48220.0,47720.0,47760.0,174398,205308,,47890.0,47800.0,CU
1,CU1709,2017-07-25,47890.0,48690.0,47790.0,48560.0,277318,210168,,48240.0,47890.0,CU
1,CU1709,2017-07-26,49000.0,50730.0,48960.0,50050.0,513720,213502,,49840.0,48240.0,CU
1,CU1709,2017-07-27,49980.0,50420.0,49910.0,50040.0,267478,207324,,50150.0,49840.0,CU
1,CU1709,2017-07-28,50210.0,50410.0,49550.0,49940.0,257912,197566,,50010.0,50150.0,CU
1,CU1709,2017-07-31,50060.0,50860.0,49920.0,50710.0,285858,183196,,50340.0,50010.0,CU
1,CU1709,2017-08-01,50330.0,50460.0,50100.0,50180.0,156298,168870,,50320.0,50340.0,CU
1,CU1709,2017-08-02,50160.0,50350.0,49820.0,50030.0,164890,161664,,50070.0,50320.0,CU
2,CU1710,2017-08-03,50200.0,50590.0,49980.0,49980.0,186936,214520,,50330.0,50220.0,CU
2,CU1710,2017-08-04,50220.0,50650.0,50110.0,50420.0,215792,229040,,50380.0,50330.0,CU
2,CU1710,2017-08-07,50400.0,51060.0,50160.0,50440.0,313780,230156,,50430.0,50380.0,CU
2,CU1710,2017-08-08,50460.0,51160.0,50350.0,50450.0,321062,237376,,50760.0,50430.0,CU
2,CU1710,2017-08-09,50450.0,51460.0,50450.0,51310.0,412874,257988,,51110.0,50760.0,CU
2,CU1710,2017-08-10,51210.0,51370.0,50640.0,50790.0,287458,237758,,50940.0,51110.0,CU
2,CU1710,2017-08-11,50690.0,50730.0,49760.0,49970.0,376090,221268,,50160.0,50940.0,CU
2,CU1710,2017-08-14,50210.0,50480.0,49980.0,50060.0,225496,224246,,50280.0,50160.0,CU
2,CU1710,2017-08-15,50200.0,50400.0,50060.0,50330.0,168522,226518,,50240.0,50280.0,CU
1,CU1710,2017-08-16,50330.0,50400.0,49880.0,50170.0,221076,227794,,50090.0,50240.0,CU
1,CU1710,2017-08-17,50540.0,51680.0,50530.0,51470.0,425214,234874,,51250.0,50090.0,CU
1,CU1710,2017-08-18,51090.0,51230.0,50620.0,51060.0,259318,223958,,50910.0,51250.0,CU
1,CU1710,2017-08-21,51100.0,51920.0,50650.0,51650.0,403734,232220,,51200.0,50910.0,CU
1,CU1710,2017-08-22,51640.0,52210.0,51370.0,52190.0,385120,233630,,51750.0,51200.0,CU
1,CU1710,2017-08-23,52270.0,52330.0,51300.0,51560.0,330686,217544,,51640.0,51750.0,CU
1,CU1710,2017-08-24,51510.0,52150.0,51360.0,51890.0,291158,220732,,51760.0,51640.0,CU
1,CU1710,2017-08-25,51860.0,52840.0,51780.0,52770.0,376636,221250,,52440.0,51760.0,CU
1,CU1710,2017-08-28,52770.0,52970.0,52030.0,52920.0,343244,210336,,52510.0,52440.0,CU
1,CU1710,2017-08-29,52960.0,53050.0,52430.0,52670.0,246030,195532,,52710.0,52510.0,CU
1,CU1710,2017-08-30,52880.0,52980.0,52510.0,52700.0,235602,189436,,52730.0,52710.0,CU
1,CU1710,2017-08-31,52530.0,52880.0,52360.0,52820.0,212712,183476,,52650.0,52730.0,CU
1,CU1710,2017-09-01,52960.0,52960.0,52560.0,52800.0,176536,170188,,52720.0,52650.0,CU
1,CU1710,2017-09-04,52530.0,53400.0,52500.0,53150.0,215214,165340,,53010.0,52720.0,CU
1,CU1710,2017-09-05,53080.0,53700.0,53020.0,53610.0,159896,164734,,53350.0,53010.0,CU
1,CU1710,2017-09-06,53400.0,53480.0,52650.0,53160.0,178124,146292,,53110.0,53350.0,CU
2,CU1711,2017-09-07,53130.0,53400.0,52720.0,52790.0,200062,179950,,53050.0,53220.0,CU
2,CU1711,2017-09-08,52780.0,52910.0,51650.0,51740.0,323194,178582,,52380.0,53050.0,CU
2,CU1711,2017-09-11,51700.0,51830.0,50910.0,51530.0,290212,180608,,51340.0,52380.0,CU
2,CU1711,2017-09-12,51760.0,51950.0,51420.0,51700.0,219924,185900,,51680.0,51340.0,CU
2,CU1711,2017-09-13,51120.0,51510.0,50980.0,51000.0,231800,192222,,51270.0,51680.0,CU
2,CU1711,2017-09-14,50640.0,50850.0,50370.0,50380.0,285450,189556,,50580.0,51270.0,CU
2,CU1711,2017-09-15,50380.0,50620.0,50170.0,50380.0,229932,190910,,50400.0,50580.0,CU
1,CU1711,2017-09-18,50240.0,50790.0,49860.0,50700.0,284904,189400,,50350.0,50400.0,CU
1,CU1711,2017-09-19,50650.0,50910.0,50460.0,50730.0,177744,187630,,50730.0,50350.0,CU
1,CU1711,2017-09-20,50710.0,50990.0,50550.0,50810.0,180602,187284,,50770.0,50730.0,CU
1,CU1711,2017-09-21,50770.0,50850.0,49940.0,50160.0,257624,189334,,50380.0,50770.0,CU
1,CU1711,2017-09-22,50260.0,50470.0,49340.0,49630.0,351468,187612,,49850.0,50380.0,CU
1,CU1711,2017-09-25,49840.0,50510.0,49820.0,50260.0,247008,179006,,50160.0,49850.0,CU
1,CU1711,2017-09-26,50210.0,50820.0,50170.0,50640.0,173940,176102,,50500.0,50160.0,CU
1,CU1711,2017-09-27,50460.0,50680.0,50080.0,50540.0,201670,169582,,50370.0,50500.0,CU
1,CU1711,2017-09-28,50590.0,50700.0,50060.0,50620.0,247942,161250,,50410.0,50370.0,CU
1,CU1711,2017-09-29,50770.0,51850.0,50620.0,51840.0,292024,139202,,51250.0,50410.0,CU
1,CU1711,2017-10-09,52100.0,52400.0,51920.0,52110.0,111732,136710,,52120.0,51250.0,CU
1,CU1711,2017-10-10,52020.0,52310.0,51800.0,51900.0,148916,139108,,52070.0,52120.0,CU
2,CU1712,2017-10-11,51890.0,52500.0,51710.0,52440.0,205294,192556,,52200.0,52070.0,CU
2,CU1712,2017-10-12,52400.0,53350.0,52210.0,53210.0,351494,204596,,52890.0,52200.0,CU
2,CU1712,2017-10-13,53370.0,53670.0,53150.0,53410.0,224032,208236,,53420.0,52890.0,CU
2,CU1712,2017-10-16,53420.0,55320.0,53100.0,55090.0,459982,212304,,54080.0,53420.0,CU
1,CU1712,2017-10-17,55280.0,55910.0,54980.0,55120.0,374224,206908,,55410.0,54080.0,CU
1,CU1712,2017-10-18,55220.0,55340.0,54450.0,54890.0,298918,209684,,54910.0,55410.0,CU
1,CU1712,2017-10-19,54850.0,55240.0,54470.0,54620.0,267536,205172,,54780.0,54910.0,CU
1,CU1712,2017-10-20,54400.0,55410.0,54140.0,55100.0,283334,209192,,54700.0,54780.0,CU
1,CU1712,2017-10-23,55030.0,55140.0,54070.0,54390.0,297772,196648,,54580.0,54700.0,CU
1,CU1712,2017-10-24,54650.0,55840.0,54570.0,55480.0,303102,209484,,55300.0,54580.0,CU
1,CU1712,2017-10-25,55580.0,55590.0,54240.0,54590.0,311784,193512,,54890.0,55300.0,CU
1,CU1712,2017-10-26,54900.0,55160.0,54670.0,54780.0,253628,186634,,54870.0,54890.0,CU
1,CU1712,2017-10-27,54690.0,54880.0,53840.0,53990.0,272016,183546,,54370.0,54870.0,CU
1,CU1712,2017-10-30,53600.0,53770.0,53250.0,53570.0,246596,166680,,53510.0,54370.0,CU
1,CU1712,2017-10-31,53650.0,54170.0,53350.0,53820.0,183950,161186,,53690.0,53510.0,CU
1,CU1712,2017-11-01,53560.0,54950.0,53430.0,54460.0,260556,153944,,54210.0,53690.0,CU
1,CU1712,2017-11-02,54330.0,54420.0,53820.0,54050.0,188854,150202,,54140.0,54210.0,CU
2,CU1801,2017-11-03,53880.0,54820.0,53880.0,54390.0,203122,150980,,54430.0,54160.0,CU
2,CU1801,2017-11-06,54400.0,54780.0,53830.0,54670.0,232864,159914,,54290.0,54430.0,CU
2,CU1801,2017-11-07,54610.0,55060.0,54390.0,54600.0,182902,163296,,54670.0,54290.0,CU
2,CU1801,2017-11-08,54300.0,54420.0,53370.0,53420.0,305714,169932,,53770.0,54670.0,CU
2,CU1801,2017-11-09,53620.0,53990.0,53060.0,53230.0,275702,170550,,53540.0,53770.0,CU
2,CU1801,2017-11-10,53230.0,53780.0,53160.0,53580.0,197726,170070,,53480.0,53540.0,CU
2,CU1801,2017-11-13,53600.0,53720.0,53320.0,53650.0,162226,172618,,53530.0,53480.0,CU
2,CU1801,2017-11-14,53480.0,54570.0,53230.0,54030.0,358232,172700,,54060.0,53530.0,CU
2,CU1801,2017-11-15,53980.0,54110.0,52630.0,52850.0,409694,171708,,53190.0,54060.0,CU
1,CU1801,2017-11-16,53000.0,53110.0,52540.0,52810.0,212728,172834,,52880.0,53190.0,CU
1,CU1801,2017-11-17,53060.0,53220.0,52660.0,52910.0,212498,178982,,52930.0,52880.0,CU
1,CU1801,2017-11-20,52850.0,53480.0,52620.0,52950.0,193784,178796,,52980.0,52930.0,CU
1,CU1801,2017-11-21,53040.0,53700.0,52910.0,53430.0,224184,174780,,53280.0,52980.0,CU
1,CU1801,2017-11-22,53600.0,54260.0,53530.0,54110.0,241988,177316,,53970.0,53280.0,CU
1,CU1801,2017-11-23,53970.0,54290.0,53800.0,53850.0,171736,170162,,54050.0,53970.0,CU
1,CU1801,2017-11-24,53840.0,54430.0,53800.0,54340.0,168346,169830,,54150.0,54050.0,CU
1,CU1801,2017-11-27,54440.0,54700.0,53720.0,53770.0,220270,164258,,54230.0,54150.0,CU
1,CU1801,2017-11-28,53840.0,53990.0,53170.0,53410.0,199140,153502,,53620.0,54230.0,CU
1,CU1801,2017-11-29,53180.0,53400.0,52940.0,53150.0,184640,149500,,53180.0,53620.0,CU
1,CU1801,2017-11-30,52970.0,53050.0,52390.0,52840.0,264586,156818,,52760.0,53180.0,CU
1,CU1801,2017-12-01,52990.0,53240.0,52620.0,52900.0,150266,153326,,52850.0,52760.0,CU
1,CU1801,2017-12-04,52820.0,53690.0,52690.0,53550.0,212682,144672,,53270.0,52850.0,CU
1,CU1801,2017-12-05,53480.0,53520.0,52450.0,52560.0,169374,147612,,53060.0,53270.0,CU
1,CU1801,2017-12-06,52200.0,52270.0,51060.0,51410.0,271462,149500,,51570.0,53060.0,CU
2,CU1802,2017-12-07,51480.0,51740.0,51170.0,51210.0,166140,198682,,51440.0,51590.0,CU
2,CU1802,2017-12-08,51350.0,51900.0,51230.0,51700.0,225810,205392,,51520.0,51440.0,CU
2,CU1802,2017-12-11,51590.0,51900.0,51240.0,51320.0,247112,213576,,51560.0,51520.0,CU
2,CU1802,2017-12-12,51500.0,52280.0,51410.0,52070.0,272406,187698,,51910.0,51560.0,CU
2,CU1802,2017-12-13,52150.0,52440.0,51850.0,52350.0,183984,185552,,52170.0,51910.0,CU
2,CU1802,2017-12-14,52560.0,52730.0,52150.0,52290.0,213452,189688,,52470.0,52170.0,CU
2,CU1802,2017-12-15,52600.0,53040.0,52520.0,52920.0,220234,185326,,52790.0,52470.0,CU
1,CU1802,2017-12-18,52870.0,53860.0,52780.0,53560.0,256442,174016,,53470.0,52790.0,CU
1,CU1802,2017-12-19,53550.0,53840.0,53280.0,53390.0,188764,175622,,53550.0,53470.0,CU
1,CU1802,2017-12-20,53480.0,53930.0,53380.0,53680.0,152574,180464,,53660.0,53550.0,CU
1,CU1802,2017-12-21,53870.0,54640.0,53810.0,54230.0,247502,181622,,54270.0,53660.0,CU
1,CU1802,2017-12-22,54270.0,54550.0,54020.0,54500.0,180564,186666,,54320.0,54270.0,CU
1,CU1802,2017-12-25,54400.0,55280.0,54380.0,54700.0,226428,189366,,54810.0,54320.0,CU
1,CU1802,2017-12-26,54730.0,55310.0,54450.0,55240.0,182436,191628,,54860.0,54810.0,CU
1,CU1802,2017-12-27,55380.0,55430.0,54810.0,54960.0,182146,183662,,55110.0,54860.0,CU
1,CU1802,2017-12-28,55060.0,55840.0,55030.0,55770.0,257758,182368,,55420.0,55110.0,CU
1,CU1802,2017-12-29,55580.0,55860.0,55260.0,55470.0,210324,164604,,55600.0,55420.0,CU
1,CU1802,2018-01-02,55400.0,55640.0,54840.0,55250.0,130716,157116,,55140.0,55600.0,CU
1,CU1802,2018-01-03,55090.0,55230.0,54700.0,54850.0,130204,149810,,54940.0,55140.0,CU
1,CU1802,2018-01-04,54740.0,55280.0,54560.0,55180.0,154148,148736,,54870.0,54940.0,CU
1,CU1802,2018-01-05,55280.0,55340.0,54660.0,54860.0,121402,138126,,54930.0,54870.0,CU
2,CU1803,2018-01-08,54710.0,54840.0,54420.0,54690.0,158260,226206,,54600.0,55070.0,CU
2,CU1803,2018-01-09,54600.0,55100.0,54530.0,55010.0,176372,235202,,54800.0,54600.0,CU
2,CU1803,2018-01-10,55000.0,55180.0,54680.0,54800.0,161198,229634,,54890.0,54800.0,CU
2,CU1803,2018-01-11,55210.0,55310.0,54900.0,55110.0,158968,232216,,55080.0,54890.0,CU
2,CU1803,2018-01-12,55050.0,55130.0,54260.0,54800.0,214000,228728,,54680.0,55080.0,CU
2,CU1803,2018-01-15,54440.0,55120.0,54350.0,54990.0,223716,235100,,54670.0,54680.0,CU
1,CU1803,2018-01-16,54970.0,55010.0,54180.0,54300.0,205918,221526,,54600.0,54670.0,CU
1,CU1803,2018-01-17,53900.0,54050.0,53570.0,53580.0,231424,214052,,53800.0,54600.0,CU
1,CU1803,2018-01-18,53720.0,53950.0,53450.0,53670.0,204204,211606,,53680.0,53800.0,CU
1,CU1803,2018-01-19,53790.0,53890.0,53550.0,53710.0,180656,211296,,53710.0,53680.0,CU
1,CU1803,2018-01-22,53760.0,53980.0,53310.0,53900.0,249866,214884,,53600.0,53710.0,CU
1,CU1803,2018-01-23,53870.0,53880.0,53430.0,53720.0,200602,215576,,53640.0,53600.0,CU
1,CU1803,2018-01-24,52930.0,52990.0,52530.0,52730.0,280792,234906,,52760.0,53640.0,CU
1,CU1803,2018-01-25,52890.0,54130.0,52790.0,53840.0,391388,214644,,53560.0,52760.0,CU
1,CU1803,2018-01-26,53650.0,53860.0,53180.0,53430.0,225190,217010,,53550.0,53560.0,CU
1,CU1803,2018-01-29,53400.0,53810.0,53120.0,53600.0,219076,213290,,53470.0,53550.0,CU
1,CU1803,2018-01-30,53480.0,53600.0,52820.0,52970.0,238906,203528,,53260.0,53470.0,CU
1,CU1803,2018-01-31,53140.0,53310.0,52890.0,53220.0,219558,190878,,53100.0,53260.0,CU
1,CU1803,2018-02-01,53300.0,53380.0,52920.0,52980.0,165548,180580,,53140.0,53100.0,CU
1,CU1803,2018-02-02,52960.0,53670.0,52820.0,53520.0,191514,181386,,53180.0,53140.0,CU
1,CU1803,2018-02-05,53250.0,53320.0,52720.0,53040.0,200242,183216,,53020.0,53180.0,CU
1,CU1803,2018-02-06,53060.0,53820.0,52580.0,52750.0,265798,177728,,53130.0,53020.0,CU
1,CU1803,2018-02-07,52890.0,53150.0,52470.0,52710.0,187330,176266,,52890.0,53130.0,CU
2,CU1804,2018-02-08,52700.0,52820.0,51780.0,52120.0,302370,227236,,52160.0,53070.0,CU
2,CU1804,2018-02-09,52120.0,52210.0,51440.0,51560.0,258852,234710,,51800.0,52160.0,CU
1,CU1804,2018-02-12,51330.0,51900.0,50920.0,51710.0,268694,236352,,51360.0,51800.0,CU
1,CU1804,2018-02-13,51710.0,52300.0,51520.0,52140.0,179328,240142,,51880.0,51360.0,CU
1,CU1804,2018-02-14,52380.0,52850.0,52230.0,52790.0,172660,230544,,52560.0,51880.0,CU
1,CU1804,2018-02-22,53080.0,53090.0,52560.0,52750.0,96064,224352,,52770.0,52560.0,CU
1,CU1804,2018-02-23,52880.0,53840.0,52840.0,53590.0,261144,226444,,53570.0,52770.0,CU
1,CU1804,2018-02-26,53390.0,53750.0,53200.0,53600.0,220706,226424,,53430.0,53570.0,CU
1,CU1804,2018-02-27,53490.0,53580.0,53100.0,53370.0,174578,224336,,53330.0,53430.0,CU
1,CU1804,2018-02-28,53100.0,53160.0,52490.0,52590.0,238954,220582,,52740.0,53330.0,CU
1,CU1804,2018-03-01,52600.0,52680.0,52120.0,52290.0,178432,217728,,52380.0,52740.0,CU
1,CU1804,2018-03-02,52010.0,52500.0,51900.0,52320.0,189950,211270,,52240.0,52380.0,CU
1,CU1804,2018-03-05,52200.0,52410.0,51850.0,51950.0,154444,209918,,52110.0,52240.0,CU
2,CU1805,2018-03-06,52060.0,52740.0,51850.0,52620.0,191752,280698,,52320.0,52280.0,CU
2,CU1805,2018-03-07,52850.0,52940.0,52420.0,52480.0,190386,286536,,52680.0,52320.0,CU
2,CU1805,2018-03-08,52230.0,52450.0,51950.0,52020.0,197866,288444,,52220.0,52680.0,CU
2,CU1805,2018-03-09,51820.0,51970.0,51080.0,51190.0,289024,290898,,51540.0,52220.0,CU
2,CU1805,2018-03-12,51410.0,52560.0,51410.0,51960.0,308666,291074,,52040.0,51540.0,CU
2,CU1805,2018-03-13,51950.0,52200.0,51710.0,51740.0,210318,295518,,51930.0,52040.0,CU
2,CU1805,2018-03-14,52090.0,52480.0,51890.0,52330.0,223704,289222,,52150.0,51930.0,CU
2,CU1805,2018-03-15,52600.0,52740.0,51980.0,52120.0,248478,288960,,52390.0,52150.0,CU
1,CU1805,2018-03-16,51820.0,52300.0,51730.0,52120.0,205452,285674,,51950.0,52390.0,CU
1,CU1805,2018-03-19,52110.0,52160.0,51160.0,51420.0,267984,296332,,51590.0,51950.0,CU
1,CU1805,2018-03-20,51280.0,51650.0,51120.0,51440.0,222650,295736,,51360.0,51590.0,CU
1,CU1805,2018-03-21,51280.0,51350.0,50470.0,50580.0,300280,307212,,50840.0,51360.0,CU
1,CU1805,2018-03-22,50450.0,51440.0,50380.0,51240.0,311050,300526,,50990.0,50840.0,CU
1,CU1805,2018-03-23,50970.0,51050.0,49660.0,50110.0,447988,285658,,50260.0,50990.0,CU
1,CU1805,2018-03-26,50180.0,50260.0,48720.0,49000.0,418866,280656,,49550.0,50260.0,CU
1,CU1805,2018-03-27,48780.0,49890.0,48780.0,49620.0,327668,271856,,49460.0,49550.0,CU
1,CU1805,2018-03-28,49510.0,49730.0,49220.0,49260.0,260964,264978,,49480.0,49460.0,CU
1,CU1805,2018-03-29,49640.0,50100.0,49300.0,49880.0,391054,279364,,49660.0,49480.0,CU
1,CU1805,2018-03-30,49930.0,50280.0,49780.0,50180.0,228412,268974,,50000.0,49660.0,CU
1,CU1805,2018-04-02,50150.0,50600.0,50080.0,50390.0,177164,261460,,50280.0,50000.0,CU
1,CU1805,2018-04-03,50400.0,50640.0,50150.0,50370.0,202750,257290,,50390.0,50280.0,CU
1,CU1805,2018-04-04,50420.0,50580.0,50210.0,50280.0,161216,248708,,50360.0,50390.0,CU
1,CU1805,2018-04-09,50340.0,50650.0,50060.0,50610.0,148164,252812,,50330.0,50360.0,CU
1,CU1805,2018-04-10,50580.0,51160.0,50360.0,50950.0,192228,245512,,50780.0,50330.0,CU
2,CU1806,2018-04-11,51400.0,51550.0,50900.0,51100.0,186814,229850,,51270.0,50980.0,CU
2,CU1806,2018-04-12,51360.0,51370.0,50300.0,50620.0,260970,236052,,50860.0,51270.0,CU
2,CU1806,2018-04-13,50320.0,50680.0,50140.0,50520.0,225766,240746,,50420.0,50860.0,CU
2,CU1806,2018-04-16,50700.0,50740.0,50070.0,50490.0,249156,242684,,50400.0,50420.0,CU
1,CU1806,2018-04-17,50550.0,51050.0,50530.0,50820.0,248942,241290,,50850.0,50400.0,CU
1,CU1806,2018-04-18,50590.0,51360.0,50450.0,51170.0,276956,240394,,50830.0,50850.0,CU
1,CU1806,2018-04-19,51700.0,52260.0,51620.0,51940.0,345872,230584,,51890.0,50830.0,CU
1,CU1806,2018-04-20,51480.0,51670.0,51160.0,51400.0,254906,227188,,51430.0,51890.0,CU
1,CU1806,2018-04-23,51580.0,52050.0,51420.0,51860.0,236978,227082,,51720.0,51430.0,CU
1,CU1806,2018-04-24,51000.0,51840.0,50830.0,51530.0,277464,217922,,51430.0,51720.0,CU
1,CU1806,2018-04-25,52050.0,52080.0,51490.0,51550.0,241754,208710,,51760.0,51430.0,CU
1,CU1806,2018-04-26,51830.0,51920.0,51380.0,51590.0,254250,202400,,51700.0,51760.0,CU
1,CU1806,2018-04-27,51400.0,51790.0,51390.0,51560.0,225284,196638,,51610.0,51700.0,CU
1,CU1806,2018-05-02,50750.0,51210.0,50700.0,51190.0,129718,194974,,50990.0,51610.0,CU
1,CU1806,2018-05-03,51000.0,51120.0,50860.0,51060.0,151522,190032,,51000.0,50990.0,CU
1,CU1806,2018-05-04,51260.0,51370.0,50830.0,51290.0,165814,185122,,51150.0,51000.0,CU
1,CU1806,2018-05-07,50970.0,51260.0,50960.0,51150.0,135288,183706,,51100.0,51150.0,CU
2,CU1807,2018-05-08,51630.0,51680.0,51220.0,51370.0,123160,203032,,51400.0,51280.0,CU
2,CU1807,2018-05-09,50800.0,51130.0,50450.0,50870.0,246322,213992,,50900.0,51400.0,CU
2,CU1807,2018-05-10,51000.0,51320.0,50920.0,51070.0,197810,221634,,51110.0,50900.0,CU
2,CU1807,2018-05-11,51700.0,51700.0,51350.0,51440.0,212786,222190,,51480.0,51110.0,CU
2,CU1807,2018-05-14,51500.0,51760.0,51460.0,51560.0,205314,218296,,51570.0,51480.0,CU
2,CU1807,2018-05-15,51290.0,51470.0,51060.0,51210.0,187332,216072,,51270.0,51570.0,CU
1,CU1807,2018-05-16,51000.0,51200.0,50690.0,51020.0,218378,215988,,50940.0,51270.0,CU
1,CU1807,2018-05-17,50960.0,51270.0,50880.0,51050.0,157436,211238,,51070.0,50940.0,CU
1,CU1807,2018-05-18,51160.0,51370.0,51060.0,51290.0,141748,206310,,51240.0,51070.0,CU
1,CU1807,2018-05-21,51090.0,51520.0,50920.0,51370.0,256254,212512,,51290.0,51240.0,CU
1,CU1807,2018-05-22,51650.0,51660.0,51390.0,51440.0,154338,208812,,51480.0,51290.0,CU
1,CU1807,2018-05-23,51880.0,52180.0,51620.0,51770.0,246000,205482,,51880.0,51480.0,CU
1,CU1807,2018-05-24,51380.0,51460.0,51250.0,51430.0,174960,195564,,51350.0,51880.0,CU
1,CU1807,2018-05-25,51450.0,51640.0,51310.0,51490.0,161524,190732,,51490.0,51350.0,CU
1,CU1807,2018-05-28,51460.0,51630.0,51270.0,51610.0,137284,186630,,51450.0,51490.0,CU
1,CU1807,2018-05-29,51290.0,51810.0,51270.0,51710.0,179284,187898,,51540.0,51450.0,CU
1,CU1807,2018-05-30,51780.0,51960.0,50780.0,50780.0,302378,196688,,51330.0,51540.0,CU
1,CU1807,2018-05-31,50930.0,51480.0,50900.0,51380.0,208730,175082,,51230.0,51330.0,CU
1,CU1807,2018-06-01,51230.0,51570.0,51020.0,51480.0,170982,167792,,51340.0,51230.0,CU
1,CU1807,2018-06-04,51640.0,52340.0,51490.0,51760.0,204274,165942,,51870.0,51340.0,CU
1,CU1807,2018-06-05,52030.0,52300.0,51880.0,52290.0,171962,177180,,52070.0,51870.0,CU
1,CU1807,2018-06-06,52370.0,53170.0,52330.0,53090.0,240740,173498,,52780.0,52070.0,CU
2,CU1808,2018-06-07,53490.0,54360.0,53470.0,54160.0,287162,207070,,53940.0,53000.0,CU
2,CU1808,2018-06-08,54400.0,54580.0,53690.0,53780.0,314034,219914,,54130.0,53940.0,CU
2,CU1808,2018-06-11,54050.0,54480.0,54000.0,54160.0,272404,224274,,54250.0,54130.0,CU
2,CU1808,2018-06-12,54000.0,54190.0,53730.0,53970.0,200354,221862,,53970.0,54250.0,CU
2,CU1808,2018-06-13,54010.0,54030.0,53430.0,53530.0,205028,214972,,53710.0,53970.0,CU
2,CU1808,2018-06-14,53690.0,54080.0,53520.0,53630.0,219358,214938,,53800.0,53710.0,CU
2,CU1808,2018-06-15,53550.0,53720.0,53230.0,53660.0,207270,209572,,53510.0,53800.0,CU
1,CU1808,2018-06-19,52660.0,52950.0,51590.0,51680.0,287526,190712,,52310.0,53510.0,CU
1,CU1808,2018-06-20,51560.0,52050.0,51490.0,51980.0,216472,190536,,51840.0,52310.0,CU
1,CU1808,2018-06-21,51720.0,51980.0,51430.0,51780.0,202184,190684,,51730.0,51840.0,CU
1,CU1808,2018-06-22,51750.0,51880.0,51570.0,51870.0,188590,188954,,51730.0,51730.0,CU
1,CU1808,2018-06-25,51800.0,52130.0,51650.0,51680.0,193704,182872,,51860.0,51730.0,CU
1,CU1808,2018-06-26,51790.0,51810.0,51330.0,51630.0,197446,183102,,51560.0,51860.0,CU
1,CU1808,2018-06-27,51600.0,51780.0,51440.0,51480.0,182396,178962,,51590.0,51560.0,CU
1,CU1808,2018-06-28,51450.0,52050.0,51430.0,51640.0,206312,172620,,51770.0,51590.0,CU
1,CU1808,2018-06-29,51350.0,51780.0,51080.0,51660.0,250034,171598,,51430.0,51770.0,CU
1,CU1808,2018-07-02,51490.0,51520.0,50950.0,51210.0,166102,170186,,51340.0,51430.0,CU
1,CU1808,2018-07-03,51370.0,51570.0,51020.0,51430.0,144068,164914,,51330.0,51340.0,CU
1,CU1808,2018-07-04,51230.0,51340.0,50000.0,50100.0,244920,175948,,50770.0,51330.0,CU
1,CU1808,2018-07-05,50040.0,50190.0,49180.0,49330.0,284764,170360,,49600.0,50770.0,CU
2,CU1809,2018-07-06,49550.0,49770.0,48640.0,49160.0,313860,175300,,49270.0,49710.0,CU
2,CU1809,2018-07-09,49100.0,50080.0,48830.0,49990.0,285956,182134,,49540.0,49270.0,CU
2,CU1809,2018-07-10,49700.0,50000.0,49580.0,49760.0,209834,188898,,49800.0,49540.0,CU
2,CU1809,2018-07-11,49570.0,49750.0,47520.0,48120.0,541382,203752,,48390.0,49800.0,CU
2,CU1809,2018-07-12,48250.0,49170.0,47780.0,49000.0,450502,207346,,48490.0,48390.0,CU
2,CU1809,2018-07-13,48770.0,49010.0,48580.0,48720.0,275076,210156,,48820.0,48490.0,CU
2,CU1809,2018-07-16,48850.0,49300.0,48720.0,48720.0,296012,212320,,48990.0,48820.0,CU
1,CU1809,2018-07-17,48700.0,49160.0,48510.0,48810.0,295984,214454,,48820.0,48990.0,CU
1,CU1809,2018-07-18,48660.0,48800.0,48130.0,48260.0,330832,225282,,48490.0,48820.0,CU
1,CU1809,2018-07-19,48180.0,49150.0,48170.0,48670.0,398280,203752,,48690.0,48490.0,CU
1,CU1809,2018-07-20,48150.0,48740.0,48010.0,48590.0,396008,214158,,48340.0,48690.0,CU
1,CU1809,2018-07-23,48650.0,49170.0,48600.0,49020.0,358224,212686,,48870.0,48340.0,CU
1,CU1809,2018-07-24,49190.0,49500.0,48940.0,49310.0,280694,206958,,49200.0,48870.0,CU
1,CU1809,2018-07-25,49690.0,50270.0,49670.0,49910.0,380778,199500,,50020.0,49200.0,CU
1,CU1809,2018-07-26,49910.0,50290.0,49750.0,50140.0,281736,196458,,50000.0,50020.0,CU
1,CU1809,2018-07-27,49980.0,50240.0,49840.0,50090.0,234256,194188,,50040.0,50000.0,CU
1,CU1809,2018-07-30,50130.0,50400.0,49320.0,49360.0,296308,184308,,49940.0,50040.0,CU
1,CU1809,2018-07-31,49730.0,50010.0,49540.0,49830.0,230464,172196,,49780.0,49940.0,CU
1,CU1809,2018-08-01,49800.0,50200.0,49590.0,49820.0,242416,165578,,49930.0,49780.0,CU
1,CU1809,2018-08-02,49390.0,49530.0,48740.0,49340.0,253890,163048,,49210.0,49930.0,CU
1,CU1809,2018-08-03,49290.0,49370.0,49050.0,49230.0,158676,161328,,49210.0,49210.0,CU
1,CU1809,2018-08-06,49450.0,49820.0,49100.0,49300.0,208600,158640,,49380.0,49210.0,CU
2,CU1810,2018-08-07,49140.0,49670.0,49020.0,49550.0,184942,157422,,49380.0,49430.0,CU
2,CU1810,2018-08-08,49490.0,49760.0,49430.0,49530.0,172390,167246,,49580.0,49380.0,CU
2,CU1810,2018-08-09,49440.0,50090.0,49370.0,49950.0,267388,183282,,49710.0,49580.0,CU
2,CU1810,2018-08-10,50020.0,50170.0,49460.0,49600.0,238180,181576,,49830.0,49710.0,CU
2,CU1810,2018-08-13,49640.0,49860.0,49530.0,49730.0,180398,186286,,49680.0,49830.0,CU
2,CU1810,2018-08-14,49820.0,49980.0,49370.0,49520.0,237192,182444,,49670.0,49680.0,CU
2,CU1810,2018-08-15,49450.0,49560.0,48240.0,48550.0,365084,198238,,48840.0,49670.0,CU
1,CU1810,2018-08-16,48240.0,48350.0,47210.0,47580.0,474398,211834,,47710.0,48840.0,CU
1,CU1810,2018-08-17,47700.0,48150.0,47490.0,47700.0,336290,212302,,47850.0,47710.0,CU
1,CU1810,2018-08-20,47810.0,48380.0,47770.0,48250.0,260152,196788,,48080.0,47850.0,CU
1,CU1810,2018-08-21,48290.0,48740.0,48270.0,48700.0,207460,188020,,48460.0,48080.0,CU
1,CU1810,2018-08-22,48710.0,48920.0,48120.0,48290.0,199122,181128,,48570.0,48460.0,CU
1,CU1810,2018-08-23,48450.0,48550.0,47960.0,47990.0,208790,181142,,48260.0,48570.0,CU
1,CU1810,2018-08-24,48120.0,48760.0,48060.0,48510.0,216926,176128,,48440.0,48260.0,CU
1,CU1810,2018-08-27,48560.0,48880.0,48540.0,48790.0,186508,171670,,48750.0,48440.0,CU
1,CU1810,2018-08-28,48850.0,48920.0,48410.0,48650.0,178046,167228,,48630.0,48750.0,CU
1,CU1810,2018-08-29,48850.0,49120.0,48750.0,48830.0,195804,163434,,48950.0,48630.0,CU
1,CU1810,2018-08-30,48860.0,48920.0,48570.0,48800.0,152284,161908,,48740.0,48950.0,CU
1,CU1810,2018-08-31,48770.0,48860.0,48310.0,48580.0,228032,159152,,48580.0,48740.0,CU
1,CU1810,2018-09-03,48530.0,48620.0,47880.0,48170.0,222402,158974,,48190.0,48580.0,CU
1,CU1810,2018-09-04,48190.0,48220.0,47720.0,47780.0,134980,164664,,47980.0,48190.0,CU
1,CU1810,2018-09-05,47480.0,47520.0,47040.0,47510.0,201768,171582,,47270.0,47980.0,CU
1,CU1810,2018-09-06,47480.0,47760.0,47430.0,47560.0,132318,168522,,47600.0,47270.0,CU
2,CU1811,2018-09-07,47720.0,47960.0,47400.0,47560.0,139198,198092,,47680.0,47500.0,CU
2,CU1811,2018-09-10,47700.0,47900.0,47430.0,47460.0,178970,199828,,47660.0,47680.0,CU
2,CU1811,2018-09-11,47660.0,47940.0,47570.0,47910.0,163546,199998,,47750.0,47660.0,CU
2,CU1811,2018-09-12,47310.0,47870.0,47200.0,47730.0,214224,204256,,47560.0,47750.0,CU
2,CU1811,2018-09-13,47810.0,48660.0,47680.0,48620.0,280520,197002,,48240.0,47560.0,CU
2,CU1811,2018-09-14,48660.0,48830.0,48420.0,48420.0,201026,189986,,48600.0,48240.0,CU
2,CU1811,2018-09-17,48360.0,48530.0,47820.0,47930.0,222616,193732,,48140.0,48600.0,CU
1,CU1811,2018-09-18,48010.0,48790.0,47980.0,48680.0,276876,207594,,48400.0,48140.0,CU
1,CU1811,2018-09-19,49290.0,49730.0,49210.0,49640.0,301162,199090,,49480.0,48400.0,CU
1,CU1811,2018-09-20,49500.0,49600.0,49230.0,49340.0,189550,199366,,49440.0,49480.0,CU
1,CU1811,2018-09-21,49330.0,50020.0,49110.0,49740.0,254236,205456,,49600.0,49440.0,CU
1,CU1811,2018-09-25,50400.0,50460.0,50010.0,50360.0,165238,201426,,50180.0,49600.0,CU
1,CU1811,2018-09-26,50710.0,50820.0,50390.0,50530.0,234234,196772,,50580.0,50180.0,CU
1,CU1811,2018-09-27,50580.0,50680.0,50070.0,50130.0,189856,182654,,50390.0,50580.0,CU
1,CU1811,2018-09-28,50040.0,50240.0,49710.0,50170.0,196936,170146,,49970.0,50390.0,CU
1,CU1811,2018-10-08,50120.0,50250.0,49820.0,50010.0,87740,172576,,50020.0,49970.0,CU
1,CU1811,2018-10-09,50050.0,50500.0,50010.0,50500.0,166260,175162,,50300.0,50020.0,CU
1,CU1811,2018-10-10,50270.0,51140.0,50160.0,50770.0,212766,180836,,50700.0,50300.0,CU
1,CU1811,2018-10-11,50730.0,50930.0,49760.0,49980.0,226062,175978,,50210.0,50700.0,CU
1,CU1811,2018-10-12,50230.0,50850.0,50080.0,50800.0,196994,182814,,50490.0,50210.0,CU
1,CU1811,2018-10-15,50740.0,51090.0,50450.0,50570.0,152142,178316,,50780.0,50490.0,CU
0,CU1811,2018-10-16,50780.0,50960.0,50130.0,50190.0,149838,168606,,50510.0,50780.0,CU
1,CU1812,2018-10-17,50210.0,50250.0,49840.0,50160.0,133192,143552,,50080.0,50400.0,CU
1,CU1812,2018-10-18,50270.0,50440.0,49870.0,49980.0,184436,146562,,50150.0,50080.0,CU
1,CU1812,2018-10-19,49890.0,50210.0,49720.0,50160.0,182122,147862,,49970.0,50150.0,CU
1,CU1812,2018-10-22,50420.0,50580.0,50180.0,50510.0,178626,158946,,50370.0,49970.0,CU
1,CU1812,2018-10-23,50730.0,50760.0,50000.0,50060.0,153150,160004,,50330.0,50370.0,CU
1,CU1812,2018-10-24,49860.0,50400.0,49820.0,50330.0,191940,165736,,50120.0,50330.0,CU
1,CU1812,2018-10-25,50140.0,50270.0,49360.0,49760.0,246018,162382,,49770.0,50120.0,CU
1,CU1812,2018-10-26,50030.0,50390.0,49710.0,49750.0,182982,160114,,50040.0,49770.0,CU
1,CU1812,2018-10-29,49770.0,50210.0,49610.0,49770.0,198698,162850,,49900.0,50040.0,CU
1,CU1812,2018-10-30,50080.0,50170.0,49620.0,49700.0,177650,164092,,49840.0,49900.0,CU
1,CU1812,2018-10-31,49400.0,49440.0,48950.0,49060.0,219696,163934,,49160.0,49840.0,CU
1,CU1812,2018-11-01,49050.0,49290.0,48510.0,48730.0,172014,155050,,48860.0,49160.0,CU
1,CU1812,2018-11-02,48840.0,50020.0,48770.0,49890.0,244722,155168,,49360.0,48860.0,CU
1,CU1812,2018-11-05,49970.0,50390.0,49790.0,49870.0,199656,158274,,50070.0,49360.0,CU
2,CU1901,2018-11-06,49710.0,49900.0,49480.0,49660.0,144330,175406,,49660.0,50000.0,CU
2,CU1901,2018-11-07,49660.0,49890.0,49210.0,49470.0,187242,181924,,49500.0,49660.0,CU
2,CU1901,2018-11-08,49630.0,49690.0,49310.0,49370.0,159576,182450,,49450.0,49500.0,CU
2,CU1901,2018-11-09,49220.0,49560.0,49070.0,49180.0,170890,189842,,49280.0,49450.0,CU
2,CU1901,2018-11-12,49070.0,49160.0,48770.0,48920.0,221910,197952,,49000.0,49280.0,CU
2,CU1901,2018-11-13,48930.0,49130.0,48670.0,49100.0,195234,197062,,48900.0,49000.0,CU
2,CU1901,2018-11-14,49090.0,49350.0,48720.0,48820.0,223268,199918,,48980.0,48900.0,CU
2,CU1901,2018-11-15,48970.0,49580.0,48920.0,49520.0,238130,193510,,49190.0,48980.0,CU
1,CU1901,2018-11-16,49560.0,49770.0,49410.0,49580.0,198160,189794,,49580.0,49190.0,CU
1,CU1901,2018-11-19,49470.0,49920.0,49400.0,49780.0,200744,186514,,49660.0,49580.0,CU
1,CU1901,2018-11-20,49850.0,50030.0,49540.0,49580.0,200582,185346,,49800.0,49660.0,CU
1,CU1901,2018-11-21,49750.0,50000.0,48740.0,49410.0,346060,186594,,49390.0,49800.0,CU
1,CU1901,2018-11-22,49600.0,49710.0,49260.0,49570.0,180800,181814,,49500.0,49390.0,CU
1,CU1901,2018-11-23,49550.0,49830.0,49330.0,49400.0,174734,180168,,49590.0,49500.0,CU
1,CU1901,2018-11-26,49300.0,49450.0,49050.0,49300.0,247316,177950,,49270.0,49590.0,CU
1,CU1901,2018-11-27,49420.0,49440.0,48650.0,48880.0,318768,169944,,49070.0,49270.0,CU
1,CU1901,2018-11-28,48900.0,49300.0,48620.0,49280.0,241950,159892,,48960.0,49070.0,CU
1,CU1901,2018-11-29,49250.0,49820.0,49110.0,49560.0,202904,151244,,49500.0,48960.0,CU
1,CU1901,2018-11-30,49590.0,49720.0,49450.0,49720.0,162606,141134,,49590.0,49500.0,CU
1,CU1901,2018-12-03,49610.0,50790.0,49380.0,50250.0,218250,134430,,50020.0,49590.0,CU
2,CU1902,2018-12-04,50180.0,50370.0,49600.0,49660.0,157134,175974,,49950.0,49990.0,CU
2,CU1902,2018-12-05,49640.0,49730.0,49100.0,49350.0,197696,172174,,49420.0,49950.0,CU
2,CU1902,2018-12-06,49260.0,49370.0,48960.0,48980.0,167154,177826,,49150.0,49420.0,CU
2,CU1902,2018-12-07,48760.0,49300.0,48720.0,49180.0,195508,173268,,49000.0,49150.0,CU
2,CU1902,2018-12-10,49230.0,49260.0,48870.0,48930.0,149254,180656,,49060.0,49000.0,CU
2,CU1902,2018-12-11,48930.0,49180.0,48800.0,49090.0,172762,180618,,49010.0,49060.0,CU
2,CU1902,2018-12-12,49150.0,49450.0,49050.0,49080.0,168062,178712,,49240.0,49010.0,CU
2,CU1902,2018-12-13,49040.0,49400.0,49010.0,49340.0,156686,179344,,49190.0,49240.0,CU
2,CU1902,2018-12-14,49310.0,49440.0,48870.0,48890.0,186434,185996,,49150.0,49190.0,CU
2,CU1902,2018-12-17,48800.0,49300.0,48740.0,49230.0,155804,174684,,49100.0,49150.0,CU
1,CU1902,2018-12-18,49040.0,49180.0,48860.0,48930.0,176828,179086,,49000.0,49100.0,CU
1,CU1902,2018-12-19,48730.0,48800.0,48010.0,48090.0,311126,206050,,48400.0,49000.0,CU
1,CU1902,2018-12-20,48130.0,48470.0,47760.0,48220.0,267864,199886,,48180.0,48400.0,CU
1,CU1902,2018-12-21,48360.0,48600.0,48200.0,48410.0,170110,190934,,48350.0,48180.0,CU
1,CU1902,2018-12-24,48300.0,48510.0,48030.0,48100.0,188998,192340,,48220.0,48350.0,CU
1,CU1902,2018-12-25,48010.0,48190.0,47470.0,48010.0,248624,183828,,47910.0,48220.0,CU
1,CU1902,2018-12-26,48000.0,48090.0,47820.0,48040.0,119494,174102,,47970.0,47910.0,CU
1,CU1902,2018-12-27,48400.0,48640.0,48160.0,48280.0,189466,160842,,48400.0,47970.0,CU
1,CU1902,2018-12-28,48200.0,48390.0,47970.0,48340.0,191960,150454,,48170.0,48400.0,CU
1,CU1902,2019-01-02,47980.0,48170.0,47670.0,47680.0,112020,142204,,47900.0,48170.0,CU
2,CU1903,2019-01-03,47180.0,47460.0,46960.0,47310.0,225040,183262,,47210.0,47860.0,CU
2,CU1903,2019-01-04,47200.0,47370.0,46210.0,47140.0,348086,201274,,46760.0,47210.0,CU
2,CU1903,2019-01-07,47140.0,47680.0,46810.0,47430.0,301244,195338,,47290.0,46760.0,CU
2,CU1903,2019-01-08,47380.0,47510.0,47230.0,47340.0,167112,190932,,47360.0,47290.0,CU
2,CU1903,2019-01-09,47420.0,47820.0,47260.0,47680.0,233952,182080,,47540.0,47360.0,CU
2,CU1903,2019-01-10,47730.0,47740.0,47380.0,47510.0,185460,182636,,47540.0,47540.0,CU
2,CU1903,2019-01-11,47340.0,47350.0,46970.0,47320.0,224400,193152,,47180.0,47540.0,CU
2,CU1903,2019-01-14,47150.0,47270.0,46730.0,46890.0,233818,211898,,47030.0,47180.0,CU
2,CU1903,2019-01-15,46830.0,47080.0,46690.0,47000.0,172170,207730,,46880.0,47030.0,CU
1,CU1903,2019-01-16,46920.0,47430.0,46890.0,47380.0,225524,208056,,47160.0,46880.0,CU
1,CU1903,2019-01-17,47340.0,47490.0,47220.0,47380.0,158182,204508,,47360.0,47160.0,CU
1,CU1903,2019-01-18,47350.0,47930.0,47230.0,47860.0,213558,198828,,47630.0,47360.0,CU
1,CU1903,2019-01-21,47930.0,48300.0,47690.0,47800.0,223964,194574,,47950.0,47630.0,CU
1,CU1903,2019-01-22,47660.0,47850.0,47500.0,47530.0,129522,191478,,47650.0,47950.0,CU
1,CU1903,2019-01-23,47610.0,47690.0,47320.0,47540.0,118250,192730,,47500.0,47650.0,CU
1,CU1903,2019-01-24,47430.0,47610.0,47260.0,47320.0,133490,191876,,47390.0,47500.0,CU
1,CU1903,2019-01-25,47260.0,47490.0,47090.0,47380.0,146234,190720,,47300.0,47390.0,CU
1,CU1903,2019-01-28,47210.0,47950.0,47140.0,47540.0,215208,180062,,47620.0,47300.0,CU
1,CU1903,2019-01-29,47620.0,47670.0,47350.0,47580.0,121536,177368,,47510.0,47620.0,CU
1,CU1903,2019-01-30,47610.0,47920.0,47600.0,47700.0,135976,178878,,47750.0,47510.0,CU
1,CU1903,2019-01-31,47830.0,48220.0,47770.0,48090.0,164962,172048,,48040.0,47750.0,CU
1,CU1903,2019-02-01,48210.0,48360.0,47970.0,48270.0,113982,166284,,48170.0,48040.0,CU
1,CU1903,2019-02-11,48600.0,48600.0,48170.0,48190.0,91592,167466,,48360.0,48170.0,CU
1,CU1903,2019-02-12,48310.0,48450.0,48060.0,48110.0,106656,166960,,48290.0,48360.0,CU
2,CU1904,2019-02-13,48150.0,48320.0,47960.0,48280.0,97550,166362,,48160.0,48420.0,CU
2,CU1904,2019-02-14,48190.0,48550.0,48150.0,48490.0,107088,179308,,48330.0,48160.0,CU
2,CU1904,2019-02-15,48640.0,48650.0,48150.0,48200.0,130306,184008,,48350.0,48330.0,CU
1,CU1904,2019-02-18,48500.0,49260.0,48440.0,49230.0,221478,222040,,48810.0,48350.0,CU
1,CU1904,2019-02-19,49290.0,49480.0,49160.0,49360.0,170316,232708,,49330.0,48810.0,CU
1,CU1904,2019-02-20,49280.0,49790.0,49230.0,49710.0,196492,240388,,49590.0,49330.0,CU
1,CU1904,2019-02-21,49690.0,50040.0,49530.0,49670.0,220484,248714,,49780.0,49590.0,CU
1,CU1904,2019-02-22,49750.0,49920.0,49550.0,49920.0,169764,250936,,49710.0,49780.0,CU
1,CU1904,2019-02-25,50310.0,50620.0,50100.0,50520.0,275480,257880,,50300.0,49710.0,CU
1,CU1904,2019-02-26,50370.0,50410.0,49970.0,50190.0,229798,251196,,50150.0,50300.0,CU
1,CU1904,2019-02-27,50160.0,50280.0,49970.0,50080.0,182712,241558,,50130.0,50150.0,CU
1,CU1904,2019-02-28,50220.0,50440.0,50110.0,50160.0,172546,232392,,50260.0,50130.0,CU
1,CU1904,2019-03-01,50260.0,50560.0,50100.0,50500.0,163088,224932,,50270.0,50260.0,CU
1,CU1904,2019-03-04,50530.0,50810.0,49980.0,50010.0,196842,217350,,50340.0,50270.0,CU
2,CU1905,2019-03-05,49650.0,49710.0,49360.0,49500.0,271172,223868,,49550.0,50300.0,CU
2,CU1905,2019-03-06,49620.0,49670.0,49340.0,49400.0,132836,235600,,49460.0,49550.0,CU
2,CU1905,2019-03-07,49450.0,49650.0,49110.0,49210.0,174430,228928,,49390.0,49460.0,CU
2,CU1905,2019-03-08,49220.0,49300.0,48990.0,49040.0,152736,231054,,49150.0,49390.0,CU
2,CU1905,2019-03-11,48820.0,49220.0,48810.0,49190.0,140418,234632,,49030.0,49150.0,CU
2,CU1905,2019-03-12,49170.0,49490.0,49010.0,49450.0,155542,242998,,49260.0,49030.0,CU
2,CU1905,2019-03-13,49630.0,49720.0,49220.0,49340.0,165036,234442,,49420.0,49260.0,CU
2,CU1905,2019-03-14,49440.0,49440.0,49060.0,49110.0,149960,238354,,49260.0,49420.0,CU
2,CU1905,2019-03-15,48870.0,49410.0,48670.0,49320.0,326806,235392,,48960.0,49260.0,CU
1,CU1905,2019-03-18,49120.0,49460.0,48950.0,49350.0,190904,227840,,49180.0,48960.0,CU
1,CU1905,2019-03-19,49390.0,49430.0,49130.0,49330.0,132344,229810,,49250.0,49180.0,CU
1,CU1905,2019-03-20,49390.0,49500.0,49160.0,49190.0,111362,229844,,49290.0,49250.0,CU
1,CU1905,2019-03-21,49190.0,49480.0,49120.0,49420.0,141296,237030,,49320.0,49290.0,CU
1,CU1905,2019-03-22,49270.0,49310.0,48920.0,48940.0,163772,231162,,49080.0,49320.0,CU
1,CU1905,2019-03-25,48580.0,48740.0,48100.0,48120.0,229440,230270,,48410.0,49080.0,CU
1,CU1905,2019-03-26,48210.0,48380.0,48140.0,48230.0,133948,220808,,48260.0,48410.0,CU
1,CU1905,2019-03-27,48270.0,48520.0,48230.0,48390.0,135012,211444,,48380.0,48260.0,CU
1,CU1905,2019-03-28,48430.0,48480.0,48140.0,48360.0,127904,210982,,48350.0,48380.0,CU
1,CU1905,2019-03-29,48540.0,48910.0,48420.0,48800.0,154770,206552,,48640.0,48350.0,CU
1,CU1905,2019-04-01,49200.0,49480.0,49100.0,49460.0,166218,188712,,49290.0,48640.0,CU
1,CU1905,2019-04-02,49420.0,49460.0,49040.0,49270.0,119910,178728,,49260.0,49290.0,CU
1,CU1905,2019-04-03,49150.0,49540.0,49000.0,49510.0,124934,180792,,49230.0,49260.0,CU
1,CU1905,2019-04-04,49360.0,49660.0,49250.0,49520.0,125892,182670,,49480.0,49230.0,CU
2,CU1906,2019-04-08,49240.0,49470.0,49210.0,49310.0,85490,156336,,49350.0,49560.0,CU
2,CU1906,2019-04-09,49470.0,49990.0,49380.0,49880.0,173234,181694,,49620.0,49350.0,CU
2,CU1906,2019-04-10,49860.0,49990.0,49500.0,49570.0,161230,181458,,49660.0,49620.0,CU
2,CU1906,2019-04-11,49380.0,49530.0,49190.0,49270.0,141244,186588,,49380.0,49660.0,CU
2,CU1906,2019-04-12,49230.0,49380.0,48990.0,49280.0,145190,185604,,49210.0,49380.0,CU
2,CU1906,2019-04-15,49720.0,49750.0,49400.0,49400.0,142518,182346,,49540.0,49210.0,CU
1,CU1906,2019-04-16,49400.0,49660.0,49220.0,49480.0,136854,184444,,49420.0,49540.0,CU
1,CU1906,2019-04-17,49480.0,49710.0,49390.0,49510.0,163344,191592,,49540.0,49420.0,CU
1,CU1906,2019-04-18,49840.0,50080.0,49470.0,49500.0,256234,190496,,49740.0,49540.0,CU
1,CU1906,2019-04-19,49290.0,49550.0,49230.0,49530.0,100934,188138,,49390.0,49740.0,CU
1,CU1906,2019-04-22,49540.0,49590.0,49110.0,49250.0,123388,188474,,49380.0,49390.0,CU
1,CU1906,2019-04-23,49070.0,49280.0,49050.0,49160.0,119046,187480,,49150.0,49380.0,CU
1,CU1906,2019-04-24,49050.0,49130.0,48830.0,48960.0,149314,190466,,48980.0,49150.0,CU
1,CU1906,2019-04-25,49100.0,49360.0,49080.0,49180.0,145222,188890,,49200.0,48980.0,CU
1,CU1906,2019-04-26,48960.0,48980.0,48720.0,48970.0,146458,183910,,48860.0,49200.0,CU
1,CU1906,2019-04-29,48950.0,49020.0,48790.0,48850.0,100624,187340,,48880.0,48860.0,CU
1,CU1906,2019-04-30,48810.0,49070.0,48770.0,48930.0,115752,178288,,48920.0,48880.0,CU
2,CU1907,2019-05-06,47690.0,48130.0,47420.0,47990.0,130924,159314,,47830.0,48950.0,CU
2,CU1907,2019-05-07,48070.0,48430.0,47960.0,48280.0,112210,156400,,48280.0,47830.0,CU
2,CU1907,2019-05-08,47890.0,48050.0,47770.0,47840.0,128518,166930,,47910.0,48280.0,CU
2,CU1907,2019-05-09,47620.0,47790.0,47540.0,47560.0,154188,182688,,47630.0,47910.0,CU
2,CU1907,2019-05-10,47540.0,48060.0,47370.0,47760.0,194156,191556,,47760.0,47630.0,CU
2,CU1907,2019-05-13,47760.0,47950.0,47600.0,47660.0,124112,191766,,47720.0,47760.0,CU
2,CU1907,2019-05-14,47550.0,47640.0,47350.0,47490.0,156302,198132,,47510.0,47720.0,CU
2,CU1907,2019-05-15,47490.0,47820.0,47390.0,47730.0,159226,215614,,47600.0,47510.0,CU
1,CU1907,2019-05-16,47550.0,47920.0,47550.0,47790.0,126132,214246,,47750.0,47600.0,CU
1,CU1907,2019-05-17,48100.0,48150.0,47500.0,47630.0,157594,210038,,47880.0,47750.0,CU
1,CU1907,2019-05-20,47710.0,47880.0,47600.0,47620.0,117452,208752,,47740.0,47880.0,CU
1,CU1907,2019-05-21,47580.0,47820.0,47550.0,47700.0,122918,213022,,47710.0,47740.0,CU
1,CU1907,2019-05-22,47590.0,47670.0,47100.0,47160.0,224660,224124,,47400.0,47710.0,CU
1,CU1907,2019-05-23,47000.0,47090.0,46550.0,46680.0,173938,236656,,46800.0,47400.0,CU
1,CU1907,2019-05-24,46620.0,47210.0,46530.0,47170.0,164438,234148,,46900.0,46800.0,CU
1,CU1907,2019-05-27,47080.0,47330.0,47030.0,47280.0,133378,232158,,47150.0,46900.0,CU
1,CU1907,2019-05-28,47210.0,47340.0,47100.0,47130.0,83480,228318,,47230.0,47150.0,CU
1,CU1907,2019-05-29,47160.0,47230.0,46780.0,46810.0,112976,226488,,46990.0,47230.0,CU
1,CU1907,2019-05-30,46670.0,46800.0,46440.0,46550.0,159450,239870,,46620.0,46990.0,CU
1,CU1907,2019-05-31,46370.0,46520.0,46120.0,46180.0,183872,236888,,46360.0,46620.0,CU
1,CU1907,2019-06-03,46150.0,46390.0,46060.0,46130.0,117262,224764,,46180.0,46360.0,CU
1,CU1907,2019-06-04,46300.0,46420.0,46190.0,46270.0,83460,218826,,46290.0,46180.0,CU
2,CU1908,2019-06-05,46250.0,46660.0,46220.0,46550.0,93144,189080,,46480.0,46330.0,CU
2,CU1908,2019-06-06,46380.0,46390.0,45860.0,46020.0,147732,200218,,46080.0,46480.0,CU
2,CU1908,2019-06-10,46110.0,46390.0,46050.0,46260.0,73470,207944,,46230.0,46080.0,CU
2,CU1908,2019-06-11,46230.0,46940.0,46230.0,46900.0,163332,222788,,46660.0,46230.0,CU
2,CU1908,2019-06-12,47020.0,47050.0,46420.0,46480.0,154314,232238,,46700.0,46660.0,CU
2,CU1908,2019-06-13,46430.0,46620.0,46200.0,46270.0,140080,245120,,46380.0,46700.0,CU
2,CU1908,2019-06-14,46270.0,46630.0,46240.0,46340.0,130014,240504,,46460.0,46380.0,CU
2,CU1908,2019-06-17,46310.0,46350.0,46040.0,46150.0,122456,249026,,46160.0,46460.0,CU
1,CU1908,2019-06-18,46050.0,46440.0,45990.0,46330.0,120452,249106,,46280.0,46160.0,CU
1,CU1908,2019-06-19,46640.0,47040.0,46520.0,46840.0,240284,243916,,46830.0,46280.0,CU
1,CU1908,2019-06-20,46780.0,46990.0,46660.0,46930.0,136528,244852,,46840.0,46830.0,CU
1,CU1908,2019-06-21,46980.0,47170.0,46700.0,46850.0,165026,245690,,46890.0,46840.0,CU
1,CU1908,2019-06-24,46720.0,47020.0,46660.0,46750.0,138246,245078,,46830.0,46890.0,CU
1,CU1908,2019-06-25,46820.0,47130.0,46730.0,47090.0,151490,245042,,46910.0,46830.0,CU
1,CU1908,2019-06-26,47150.0,47530.0,47150.0,47210.0,190358,241890,,47320.0,46910.0,CU
1,CU1908,2019-06-27,47170.0,47260.0,46850.0,47090.0,136614,229534,,47100.0,47320.0,CU
1,CU1908,2019-06-28,46920.0,47210.0,46840.0,47010.0,157210,222140,,47000.0,47100.0,CU
1,CU1908,2019-07-01,46970.0,47450.0,46960.0,47360.0,124124,219918,,47260.0,47000.0,CU
1,CU1908,2019-07-02,47110.0,47120.0,46540.0,46610.0,157822,218618,,46730.0,47260.0,CU
1,CU1908,2019-07-03,46520.0,46520.0,46220.0,46250.0,117758,217632,,46330.0,46730.0,CU
1,CU1908,2019-07-04,46390.0,46620.0,46320.0,46350.0,95224,209324,,46450.0,46330.0,CU
1,CU1908,2019-07-05,46400.0,46520.0,46220.0,46280.0,70522,210286,,46380.0,46450.0,CU
2,CU1909,2019-07-08,46270.0,46520.0,46170.0,46390.0,96240,221000,,46390.0,46420.0,CU
2,CU1909,2019-07-09,46560.0,46570.0,46110.0,46190.0,133840,229856,,46290.0,46390.0,CU
2,CU1909,2019-07-10,46000.0,46160.0,45640.0,46080.0,220588,247738,,45900.0,46290.0,CU
2,CU1909,2019-07-11,46510.0,46690.0,46420.0,46590.0,171810,234434,,46540.0,45900.0,CU
2,CU1909,2019-07-12,46620.0,46790.0,46500.0,46670.0,115792,235920,,46660.0,46540.0,CU
2,CU1909,2019-07-15,46540.0,47020.0,46530.0,46910.0,153976,250068,,46780.0,46660.0,CU
1,CU1909,2019-07-16,47020.0,47100.0,46790.0,46910.0,121524,244872,,46950.0,46780.0,CU
1,CU1909,2019-07-17,46960.0,47280.0,46760.0,46860.0,174862,245778,,46990.0,46950.0,CU
1,CU1909,2019-07-18,46760.0,46960.0,46620.0,46780.0,140190,243382,,46790.0,46990.0,CU
1,CU1909,2019-07-19,46860.0,48040.0,46800.0,47970.0,375166,298182,,47510.0,46790.0,CU
1,CU1909,2019-07-22,48330.0,48390.0,47360.0,47410.0,321630,256854,,47800.0,47510.0,CU
1,CU1909,2019-07-23,47350.0,47510.0,47220.0,47300.0,133428,254056,,47340.0,47800.0,CU
1,CU1909,2019-07-24,47190.0,47200.0,46750.0,47090.0,163518,250514,,46990.0,47340.0,CU
1,CU1909,2019-07-25,47090.0,47160.0,46960.0,47020.0,98330,245950,,47060.0,46990.0,CU
1,CU1909,2019-07-26,47200.0,47220.0,46910.0,47050.0,107252,242812,,47060.0,47060.0,CU
1,CU1909,2019-07-29,46950.0,46980.0,46780.0,46900.0,119400,239976,,46890.0,47060.0,CU
1,CU1909,2019-07-30,47030.0,47370.0,47000.0,47240.0,136426,231052,,47220.0,46890.0,CU
1,CU1909,2019-07-31,46960.0,46980.0,46710.0,46720.0,137616,229580,,46850.0,47220.0,CU
1,CU1909,2019-08-01,46720.0,46850.0,46520.0,46620.0,99920,222802,,46660.0,46850.0,CU
1,CU1909,2019-08-02,46680.0,46740.0,46210.0,46440.0,132772,217660,,46440.0,46660.0,CU
1,CU1909,2019-08-05,46080.0,46200.0,45760.0,46060.0,208996,224880,,45950.0,46440.0,CU
2,CU1910,2019-08-06,46040.0,46380.0,45940.0,46190.0,130116,219268,,46130.0,46000.0,CU
2,CU1910,2019-08-07,46080.0,46320.0,45940.0,45960.0,120076,226718,,46090.0,46130.0,CU
2,CU1910,2019-08-08,46030.0,46720.0,45970.0,46510.0,218684,228864,,46370.0,46090.0,CU
2,CU1910,2019-08-09,46670.0,46830.0,46460.0,46680.0,144142,223756,,46640.0,46370.0,CU
2,CU1910,2019-08-12,46830.0,46940.0,46540.0,46750.0,151240,226266,,46700.0,46640.0,CU
2,CU1910,2019-08-13,46700.0,46730.0,46530.0,46560.0,95910,228412,,46610.0,46700.0,CU
2,CU1910,2019-08-14,46530.0,46960.0,46480.0,46580.0,203334,237278,,46750.0,46610.0,CU
2,CU1910,2019-08-15,46400.0,46520.0,46320.0,46440.0,126988,239928,,46420.0,46750.0,CU
1,CU1910,2019-08-16,46420.0,46550.0,46320.0,46550.0,101474,240352,,46430.0,46420.0,CU
1,CU1910,2019-08-19,46390.0,46660.0,46340.0,46610.0,109274,244508,,46470.0,46430.0,CU
1,CU1910,2019-08-20,46750.0,46780.0,46530.0,46620.0,92614,237416,,46640.0,46470.0,CU
1,CU1910,2019-08-21,46490.0,46580.0,46260.0,46430.0,132222,238622,,46390.0,46640.0,CU
1,CU1910,2019-08-22,46390.0,46520.0,46230.0,46310.0,103506,244300,,46370.0,46390.0,CU
1,CU1910,2019-08-23,46410.0,46470.0,46160.0,46400.0,118304,241618,,46310.0,46370.0,CU
1,CU1910,2019-08-26,46150.0,46330.0,45830.0,46020.0,186190,254512,,46080.0,46310.0,CU
1,CU1910,2019-08-27,46260.0,46520.0,46180.0,46380.0,142254,235554,,46340.0,46080.0,CU
1,CU1910,2019-08-28,46660.0,46700.0,46480.0,46560.0,112506,226328,,46580.0,46340.0,CU
1,CU1910,2019-08-29,46500.0,46710.0,46480.0,46550.0,97492,216476,,46580.0,46580.0,CU
1,CU1910,2019-08-30,46680.0,46870.0,46630.0,46690.0,126328,208136,,46740.0,46580.0,CU
1,CU1910,2019-09-02,46710.0,46920.0,46510.0,46640.0,123850,203240,,46680.0,46740.0,CU
1,CU1910,2019-09-03,46500.0,46500.0,46310.0,46370.0,87998,207882,,46420.0,46680.0,CU
1,CU1910,2019-09-04,45940.0,46620.0,45730.0,46620.0,161926,213358,,46170.0,46420.0,CU
1,CU1910,2019-09-05,46730.0,47280.0,46660.0,46970.0,192548,200536,,46950.0,46170.0,CU
2,CU1911,2019-09-06,47520.0,47780.0,47330.0,47450.0,172470,203696,,47540.0,46990.0,CU
2,CU1911,2019-09-09,47420.0,47560.0,47290.0,47420.0,127682,209738,,47400.0,47540.0,CU
2,CU1911,2019-09-10,47290.0,47500.0,47240.0,47430.0,103648,212954,,47390.0,47400.0,CU
2,CU1911,2019-09-11,47100.0,47410.0,47060.0,47290.0,128232,216244,,47230.0,47390.0,CU
2,CU1911,2019-09-12,47240.0,47500.0,47010.0,47490.0,134652,220198,,47250.0,47230.0,CU
2,CU1911,2019-09-16,47960.0,47970.0,47530.0,47560.0,94932,218820,,47690.0,47250.0,CU
1,CU1911,2019-09-17,47580.0,47620.0,47230.0,47340.0,124252,219502,,47380.0,47690.0,CU
1,CU1911,2019-09-18,47150.0,47440.0,47030.0,47310.0,127248,222872,,47250.0,47380.0,CU
1,CU1911,2019-09-19,47100.0,47220.0,47030.0,47070.0,110658,223754,,47130.0,47250.0,CU
1,CU1911,2019-09-20,47160.0,47220.0,47050.0,47130.0,85916,224280,,47130.0,47130.0,CU
1,CU1911,2019-09-23,47140.0,47180.0,46850.0,46870.0,112904,217316,,47030.0,47130.0,CU
1,CU1911,2019-09-24,46880.0,47260.0,46850.0,47120.0,111640,209636,,47110.0,47030.0,CU
1,CU1911,2019-09-25,47160.0,47190.0,46950.0,47000.0,108694,209024,,47050.0,47110.0,CU
1,CU1911,2019-09-26,46950.0,47320.0,46940.0,47120.0,119034,201414,,47120.0,47050.0,CU
1,CU1911,2019-09-27,47100.0,47120.0,46650.0,46920.0,130866,195524,,46830.0,47120.0,CU
1,CU1911,2019-09-30,46960.0,47340.0,46830.0,47250.0,130862,189614,,47110.0,46830.0,CU
1,CU1911,2019-10-08,46830.0,46970.0,46750.0,46770.0,81262,191516,,46880.0,47110.0,CU
1,CU1911,2019-10-09,46650.0,46750.0,46520.0,46600.0,99126,192544,,46650.0,46880.0,CU
2,CU1912,2019-10-10,46560.0,46720.0,46500.0,46700.0,89330,210806,,46600.0,46670.0,CU
2,CU1912,2019-10-11,46830.0,47070.0,46700.0,46910.0,137142,211746,,46920.0,46600.0,CU
2,CU1912,2019-10-14,47000.0,47210.0,46920.0,46970.0,154220,223988,,47050.0,46920.0,CU
2,CU1912,2019-10-15,46800.0,47060.0,46730.0,46960.0,118430,227710,,46940.0,47050.0,CU
1,CU1912,2019-10-16,46950.0,46980.0,46750.0,46750.0,101484,230542,,46880.0,46940.0,CU
1,CU1912,2019-10-17,46540.0,46720.0,46530.0,46650.0,105468,236596,,46630.0,46880.0,CU
1,CU1912,2019-10-18,46750.0,46950.0,46570.0,46570.0,120310,236360,,46710.0,46630.0,CU
1,CU1912,2019-10-21,47060.0,47180.0,46960.0,47020.0,171512,224038,,47070.0,46710.0,CU
1,CU1912,2019-10-22,47200.0,47220.0,47060.0,47120.0,104472,223820,,47140.0,47070.0,CU
1,CU1912,2019-10-23,47080.0,47210.0,46910.0,46930.0,109752,224948,,47040.0,47140.0,CU
1,CU1912,2019-10-24,47020.0,47490.0,47010.0,47360.0,205300,227330,,47310.0,47040.0,CU
1,CU1912,2019-10-25,47480.0,47570.0,47260.0,47390.0,127902,223990,,47360.0,47310.0,CU
1,CU1912,2019-10-28,47440.0,47670.0,47330.0,47430.0,136876,228020,,47480.0,47360.0,CU
1,CU1912,2019-10-29,47510.0,47590.0,47320.0,47340.0,90468,225278,,47440.0,47480.0,CU
1,CU1912,2019-10-30,47440.0,47610.0,47390.0,47510.0,108792,227878,,47510.0,47440.0,CU
1,CU1912,2019-10-31,47460.0,47580.0,47250.0,47330.0,120708,214220,,47370.0,47510.0,CU
1,CU1912,2019-11-01,47130.0,47210.0,46780.0,47120.0,164794,198560,,47010.0,47370.0,CU
1,CU1912,2019-11-04,47030.0,47120.0,46940.0,47040.0,73194,197072,,47020.0,47010.0,CU
1,CU1912,2019-11-05,47060.0,47270.0,47020.0,47250.0,79978,194910,,47160.0,47020.0,CU
1,CU1912,2019-11-06,47300.0,47630.0,47160.0,47190.0,118704,191240,,47370.0,47160.0,CU
2,CU2001,2019-11-07,47380.0,47420.0,47160.0,47250.0,78404,177474,,47270.0,47460.0,CU
2,CU2001,2019-11-08,47450.0,47620.0,47330.0,47340.0,123526,177384,,47450.0,47270.0,CU
2,CU2001,2019-11-11,47440.0,47450.0,47150.0,47170.0,107900,173284,,47260.0,47450.0,CU
2,CU2001,2019-11-12,47120.0,47330.0,47120.0,47270.0,103628,181034,,47210.0,47260.0,CU
2,CU2001,2019-11-13,47060.0,47120.0,46970.0,47030.0,117050,194458,,47040.0,47210.0,CU
2,CU2001,2019-11-14,46980.0,47080.0,46850.0,47030.0,118708,202024,,46980.0,47040.0,CU
2,CU2001,2019-11-15,47050.0,47060.0,46700.0,46930.0,122646,207336,,46870.0,46980.0,CU
1,CU2001,2019-11-18,46890.0,47030.0,46750.0,46980.0,91148,210710,,46900.0,46870.0,CU
1,CU2001,2019-11-19,46940.0,46980.0,46790.0,46890.0,95720,215004,,46860.0,46900.0,CU
1,CU2001,2019-11-20,46940.0,47240.0,46900.0,47050.0,143922,213068,,47120.0,46860.0,CU
1,CU2001,2019-11-21,47180.0,47240.0,46980.0,47110.0,99816,209436,,47100.0,47120.0,CU
1,CU2001,2019-11-22,46940.0,47010.0,46840.0,46870.0,113266,219294,,46900.0,47100.0,CU
1,CU2001,2019-11-25,47010.0,47180.0,46950.0,47100.0,116940,215450,,47070.0,46900.0,CU
1,CU2001,2019-11-26,47180.0,47220.0,47010.0,47070.0,83032,212682,,47090.0,47070.0,CU
1,CU2001,2019-11-27,47140.0,47410.0,47100.0,47380.0,165848,222726,,47270.0,47090.0,CU
1,CU2001,2019-11-28,47480.0,47520.0,47290.0,47350.0,107478,222580,,47390.0,47270.0,CU
1,CU2001,2019-11-29,47290.0,47370.0,47200.0,47320.0,84278,210438,,47280.0,47390.0,CU
1,CU2001,2019-12-02,47260.0,47380.0,47060.0,47300.0,99282,203326,,47230.0,47280.0,CU
1,CU2001,2019-12-03,47250.0,47250.0,47040.0,47080.0,93878,197074,,47100.0,47230.0,CU
1,CU2001,2019-12-04,46980.0,47120.0,46910.0,46980.0,91244,196966,,46980.0,47100.0,CU
1,CU2001,2019-12-05,47030.0,47290.0,47030.0,47200.0,76992,192648,,47160.0,46980.0,CU
1,CU2001,2019-12-06,47250.0,47370.0,47180.0,47320.0,67804,188640,,47280.0,47160.0,CU
2,CU2002,2019-12-09,47360.0,48470.0,47340.0,48440.0,291252,225912,,48030.0,47370.0,CU
2,CU2002,2019-12-10,48350.0,48800.0,48290.0,48690.0,256536,266810,,48580.0,48030.0,CU
2,CU2002,2019-12-11,48750.0,49060.0,48590.0,49000.0,220182,284916,,48800.0,48580.0,CU
2,CU2002,2019-12-12,48980.0,49360.0,48950.0,49030.0,221996,281032,,49160.0,48800.0,CU
2,CU2002,2019-12-13,49000.0,49380.0,48800.0,49010.0,270158,280192,,49040.0,49160.0,CU
2,CU2002,2019-12-16,49040.0,49210.0,48690.0,49100.0,273326,279680,,48950.0,49040.0,CU
1,CU2002,2019-12-17,49180.0,49460.0,49100.0,49260.0,191946,286022,,49250.0,48950.0,CU
1,CU2002,2019-12-18,49250.0,49300.0,49000.0,49070.0,114340,281014,,49120.0,49250.0,CU
1,CU2002,2019-12-19,49200.0,49200.0,48860.0,49110.0,119846,282734,,49040.0,49120.0,CU
1,CU2002,2019-12-20,49150.0,49560.0,48940.0,49030.0,216248,271088,,49230.0,49040.0,CU
1,CU2002,2019-12-23,49070.0,49140.0,48870.0,49050.0,128768,266254,,49020.0,49230.0,CU
1,CU2002,2019-12-24,49110.0,49640.0,48970.0,49590.0,200750,281894,,49290.0,49020.0,CU
1,CU2002,2019-12-25,49500.0,49710.0,49390.0,49600.0,133218,284464,,49530.0,49290.0,CU
1,CU2002,2019-12-26,49640.0,49940.0,49450.0,49650.0,154242,284310,,49640.0,49530.0,CU
1,CU2002,2019-12-27,49660.0,49820.0,49590.0,49730.0,125240,284388,,49690.0,49640.0,CU
1,CU2002,2019-12-30,49590.0,49610.0,49230.0,49510.0,185304,265760,,49440.0,49690.0,CU
1,CU2002,2019-12-31,49420.0,49490.0,49110.0,49150.0,144680,239454,,49280.0,49440.0,CU
1,CU2002,2020-01-02,49120.0,49340.0,49120.0,49230.0,42747,110353,,49240.0,49280.0,CU
2,CU2003,2020-01-03,49220.0,49250.0,48870.0,48900.0,81773,107465,,49070.0,49390.0,CU
2,CU2003,2020-01-06,48580.0,49010.0,48560.0,48760.0,85974,112759,,48810.0,49070.0,CU
2,CU2003,2020-01-07,48710.0,49020.0,48710.0,49010.0,57599,119226,,48880.0,48810.0,CU
2,CU2003,2020-01-08,48860.0,48980.0,48640.0,48860.0,82785,122405,,48810.0,48880.0,CU
2,CU2003,2020-01-09,48910.0,49170.0,48830.0,48960.0,78060,128312,,48980.0,48810.0,CU
2,CU2003,2020-01-10,48910.0,49050.0,48850.0,49010.0,48262,134555,,48940.0,48980.0,CU
2,CU2003,2020-01-13,48890.0,49230.0,48710.0,48940.0,84452,135429,,48920.0,48940.0,CU
2,CU2003,2020-01-14,48850.0,49380.0,48820.0,49310.0,99744,142706,,49180.0,48920.0,CU
2,CU2003,2020-01-15,49300.0,49610.0,49180.0,49260.0,78508,141576,,49370.0,49180.0,CU
1,CU2003,2020-01-16,49260.0,49400.0,49160.0,49200.0,52450,141900,,49270.0,49370.0,CU
1,CU2003,2020-01-17,49450.0,49550.0,49130.0,49250.0,77143,140603,,49330.0,49270.0,CU
1,CU2003,2020-01-20,49300.0,49330.0,48970.0,49100.0,65995,138502,,49120.0,49330.0,CU
1,CU2003,2020-01-21,49080.0,49080.0,48300.0,48420.0,97077,127620,,48630.0,49120.0,CU
1,CU2003,2020-01-22,48450.0,48650.0,48280.0,48540.0,56978,121551,,48480.0,48630.0,CU
1,CU2003,2020-01-23,48340.0,48380.0,47960.0,48020.0,58176,114727,,48160.0,48480.0,CU
1,CU2003,2020-02-03,44780.0,45250.0,44780.0,45040.0,89818,107064,,45010.0,48160.0,CU
1,CU2003,2020-02-04,44750.0,45290.0,44680.0,45260.0,53234,107815,,45060.0,45010.0,CU
2,CU2004,2020-02-05,45200.0,45780.0,45140.0,45690.0,49349,77415,,45540.0,45210.0,CU
2,CU2004,2020-02-06,45750.0,46330.0,45750.0,46160.0,47408,82249,,46070.0,45540.0,CU
2,CU2004,2020-02-07,45960.0,46050.0,45720.0,45830.0,41451,83992,,45850.0,46070.0,CU
2,CU2004,2020-02-10,45420.0,45720.0,45390.0,45560.0,47469,91642,,45610.0,45850.0,CU
2,CU2004,2020-02-11,45610.0,45850.0,45610.0,45720.0,52156,94708,,45740.0,45610.0,CU
2,CU2004,2020-02-12,45740.0,45880.0,45640.0,45710.0,37885,95866,,45770.0,45740.0,CU
2,CU2004,2020-02-13,45740.0,46020.0,45740.0,45890.0,50093,103717,,45880.0,45770.0,CU
2,CU2004,2020-02-14,46080.0,46130.0,46000.0,46120.0,33360,104843,,46050.0,45880.0,CU
2,CU2004,2020-02-17,46030.0,46500.0,46010.0,46490.0,55996,110751,,46240.0,46050.0,CU
1,CU2004,2020-02-18,46420.0,46440.0,46240.0,46270.0,43655,110530,,46310.0,46240.0,CU
1,CU2004,2020-02-19,46300.0,46540.0,46220.0,46400.0,39541,112056,,46380.0,46310.0,CU
1,CU2004,2020-02-20,46380.0,46570.0,46230.0,46430.0,63893,113171,,46390.0,46380.0,CU
1,CU2004,2020-02-21,46250.0,46330.0,45980.0,45990.0,62210,115952,,46200.0,46390.0,CU
1,CU2004,2020-02-24,45920.0,46040.0,45710.0,46000.0,75484,117756,,45880.0,46200.0,CU
1,CU2004,2020-02-25,46040.0,46040.0,45670.0,45950.0,62341,121748,,45870.0,45880.0,CU
1,CU2004,2020-02-26,45680.0,45770.0,45570.0,45630.0,55268,122461,,45670.0,45870.0,CU
1,CU2004,2020-02-27,45620.0,45650.0,45430.0,45440.0,54248,126637,,45530.0,45670.0,CU
1,CU2004,2020-02-28,45350.0,45350.0,44240.0,44390.0,119804,128432,,44810.0,45530.0,CU
1,CU2004,2020-03-02,44530.0,45300.0,44370.0,45230.0,80877,123662,,45010.0,44810.0,CU
1,CU2004,2020-03-03,45610.0,45990.0,45480.0,45620.0,53516,123145,,45640.0,45010.0,CU
2,CU2005,2020-03-04,45460.0,45530.0,45330.0,45420.0,49286,103130,,45410.0,45780.0,CU
2,CU2005,2020-03-05,45400.0,45550.0,45350.0,45460.0,39600,107169,,45480.0,45410.0,CU
2,CU2005,2020-03-06,45150.0,45200.0,44970.0,45010.0,49938,109222,,45080.0,45480.0,CU
2,CU2005,2020-03-09,44050.0,44110.0,43500.0,43890.0,96985,112389,,43880.0,45080.0,CU
2,CU2005,2020-03-10,44370.0,44920.0,44310.0,44710.0,73394,115259,,44570.0,43880.0,CU
2,CU2005,2020-03-11,44570.0,44750.0,44260.0,44290.0,52990,120719,,44550.0,44570.0,CU
2,CU2005,2020-03-12,43640.0,43820.0,43180.0,43450.0,99279,123190,,43520.0,44550.0,CU
2,CU2005,2020-03-13,43250.0,43760.0,42740.0,43650.0,131506,121115,,43300.0,43520.0,CU
2,CU2005,2020-03-16,43340.0,43600.0,42600.0,42630.0,98132,123968,,43240.0,43300.0,CU
1,CU2005,2020-03-17,42800.0,43020.0,42130.0,42630.0,120081,119309,,42520.0,43240.0,CU
1,CU2005,2020-03-18,41570.0,41770.0,39960.0,39960.0,116615,123679,,41290.0,42520.0,CU
1,CU2005,2020-03-19,38770.0,38770.0,37570.0,37570.0,20498,119128,,37980.0,41290.0,CU
1,CU2005,2020-03-20,37980.0,39250.0,37560.0,38910.0,220388,110284,,38380.0,37980.0,CU
1,CU2005,2020-03-23,37000.0,37250.0,35300.0,37200.0,206648,110033,,36630.0,38380.0,CU
1,CU2005,2020-03-24,38370.0,38900.0,37520.0,38200.0,157665,109290,,38150.0,36630.0,CU
1,CU2005,2020-03-25,38960.0,39390.0,38540.0,39360.0,149743,109809,,38910.0,38150.0,CU
1,CU2005,2020-03-26,39300.0,39320.0,38800.0,38870.0,97500,110243,,39080.0,38910.0,CU
1,CU2005,2020-03-27,39080.0,39320.0,38700.0,39180.0,113036,112966,,39040.0,39080.0,CU
1,CU2005,2020-03-30,38680.0,38930.0,38310.0,38720.0,98872,112746,,38600.0,39040.0,CU
1,CU2005,2020-03-31,39160.0,39600.0,39120.0,39150.0,75492,110825,,39300.0,38600.0,CU
1,CU2005,2020-04-01,39490.0,39680.0,38820.0,39000.0,78286,110620,,39250.0,39300.0,CU
1,CU2005,2020-04-02,38960.0,39800.0,38570.0,39650.0,101287,108853,,39120.0,39250.0,CU
1,CU2005,2020-04-03,39720.0,40120.0,39440.0,39930.0,76583,104726,,39730.0,39120.0,CU
1,CU2005,2020-04-07,40330.0,40940.0,40210.0,40600.0,74012,105435,,40650.0,39730.0,CU
1,CU2005,2020-04-08,40310.0,41020.0,40140.0,40810.0,76448,104076,,40620.0,40650.0,CU
1,CU2005,2020-04-09,40980.0,41180.0,40690.0,40800.0,49848,103626,,40840.0,40620.0,CU
2,CU2006,2020-04-10,40580.0,41820.0,40580.0,41720.0,76795,104654,,41180.0,40770.0,CU
2,CU2006,2020-04-13,41280.0,41930.0,41250.0,41780.0,86194,108078,,41710.0,41180.0,CU
2,CU2006,2020-04-14,41920.0,41970.0,41570.0,41750.0,73802,111560,,41790.0,41710.0,CU
2,CU2006,2020-04-15,41790.0,41820.0,41330.0,41560.0,73988,114666,,41590.0,41790.0,CU
1,CU2006,2020-04-16,41390.0,41670.0,41320.0,41560.0,56614,113717,,41490.0,41590.0,CU
1,CU2006,2020-04-17,41800.0,44800.0,41790.0,42280.0,87288,114066,,42200.0,41490.0,CU
1,CU2006,2020-04-20,42020.0,42630.0,42010.0,42330.0,77119,114997,,42400.0,42200.0,CU
1,CU2006,2020-04-21,41860.0,42160.0,41400.0,41440.0,118355,115157,,41710.0,42400.0,CU
1,CU2006,2020-04-22,41200.0,41370.0,40350.0,41090.0,140104,121864,,40830.0,41710.0,CU
1,CU2006,2020-04-23,41300.0,42020.0,41250.0,41950.0,118615,114554,,41710.0,40830.0,CU
1,CU2006,2020-04-24,41910.0,41980.0,41620.0,41780.0,76597,112585,,41810.0,41710.0,CU
1,CU2006,2020-04-27,42420.0,42880.0,42240.0,42490.0,98382,114703,,42560.0,41810.0,CU
1,CU2006,2020-04-28,42300.0,42470.0,42130.0,42300.0,71273,113090,,42300.0,42560.0,CU
1,CU2006,2020-04-29,42410.0,42720.0,42380.0,42510.0,66506,112964,,42570.0,42300.0,CU
1,CU2006,2020-04-30,42780.0,42980.0,42650.0,42940.0,61853,112411,,42830.0,42570.0,CU
1,CU2006,2020-05-06,42320.0,42780.0,42310.0,42720.0,60410,111746,,42560.0,42830.0,CU
1,CU2006,2020-05-07,42790.0,43120.0,42610.0,43110.0,73904,113530,,42790.0,42560.0,CU
1,CU2006,2020-05-08,43290.0,43610.0,43000.0,43510.0,79567,113445,,43330.0,42790.0,CU
1,CU2006,2020-05-11,43650.0,43950.0,43420.0,43500.0,73466,116449,,43660.0,43330.0,CU
1,CU2006,2020-05-12,43250.0,43450.0,43040.0,43040.0,80202,115191,,43280.0,43660.0,CU
1,CU2006,2020-05-13,43200.0,43430.0,42680.0,43060.0,77990,115183,,42980.0,43280.0,CU
1,CU2006,2020-05-14,43160.0,43250.0,42800.0,42910.0,60819,112825,,43010.0,42980.0,CU
2,CU2007,2020-05-15,42450.0,43170.0,42320.0,42940.0,85454,100406,,42810.0,42820.0,CU
1,CU2007,2020-05-18,42750.0,43220.0,42580.0,43120.0,79596,102419,,42910.0,42810.0,CU
1,CU2007,2020-05-19,43480.0,44030.0,43390.0,43690.0,92635,105560,,43620.0,42910.0,CU
1,CU2007,2020-05-20,43650.0,43920.0,43490.0,43730.0,81689,109400,,43700.0,43620.0,CU
1,CU2007,2020-05-21,43890.0,44500.0,43750.0,44150.0,107082,112770,,44200.0,43700.0,CU
1,CU2007,2020-05-22,44270.0,44410.0,43240.0,43260.0,146826,108507,,43730.0,44200.0,CU
1,CU2007,2020-05-25,43330.0,43680.0,43210.0,43650.0,89226,103260,,43450.0,43730.0,CU
1,CU2007,2020-05-26,43780.0,43940.0,43660.0,43860.0,70689,105051,,43800.0,43450.0,CU
1,CU2007,2020-05-27,44060.0,44110.0,43500.0,43640.0,99314,104192,,43850.0,43800.0,CU
1,CU2007,2020-05-28,43600.0,43850.0,43320.0,43700.0,105554,103120,,43620.0,43850.0,CU
1,CU2007,2020-05-29,43760.0,44050.0,43580.0,43940.0,92379,102888,,43810.0,43620.0,CU
1,CU2007,2020-06-01,44080.0,44650.0,43900.0,44600.0,106250,106381,,44250.0,43810.0,CU
1,CU2007,2020-06-02,44360.0,44800.0,44210.0,44560.0,98301,103316,,44550.0,44250.0,CU
1,CU2007,2020-06-03,44790.0,45100.0,44720.0,44830.0,91520,101740,,44900.0,44550.0,CU
1,CU2007,2020-06-04,45020.0,45050.0,44570.0,44720.0,84873,101361,,44790.0,44900.0,CU
1,CU2007,2020-06-05,44770.0,45260.0,44760.0,45220.0,90561,104252,,45000.0,44790.0,CU
1,CU2007,2020-06-08,45520.0,45960.0,45430.0,45800.0,118155,102272,,45710.0,45000.0,CU
1,CU2007,2020-06-09,45960.0,46490.0,45750.0,46250.0,110149,103054,,46130.0,45710.0,CU
1,CU2007,2020-06-10,46250.0,46980.0,45970.0,46830.0,116064,104194,,46600.0,46130.0,CU
1,CU2007,2020-06-11,47270.0,47600.0,46640.0,46950.0,171994,101585,,47220.0,46600.0,CU
1,CU2007,2020-06-12,46800.0,47150.0,46070.0,46840.0,152083,100770,,46690.0,47220.0,CU
1,CU2007,2020-06-15,46860.0,47330.0,46240.0,46280.0,184390,102014,,46730.0,46690.0,CU
0,CU2007,2020-06-16,46290.0,47270.0,46190.0,47150.0,134519,102162,,46770.0,46730.0,CU
0,CU2007,2020-06-17,47250.0,47250.0,46450.0,46770.0,135891,97130,,46780.0,46770.0,CU
0,CU2007,2020-06-18,46870.0,47020.0,46780.0,46920.0,85735,92343,,46900.0,46780.0,CU
1,CU2008,2020-06-19,46920.0,47680.0,46750.0,47680.0,108941,104821,,47190.0,46760.0,CU
1,CU2008,2020-06-22,47900.0,47930.0,47150.0,47470.0,134352,107189,,47540.0,47190.0,CU
1,CU2008,2020-06-23,47630.0,47870.0,47330.0,47850.0,140596,112170,,47640.0,47540.0,CU
1,CU2008,2020-06-24,47900.0,47940.0,47540.0,47860.0,97971,112639,,47760.0,47640.0,CU
1,CU2008,2020-06-29,48050.0,48590.0,48030.0,48380.0,101302,120364,,48350.0,47760.0,CU
1,CU2008,2020-06-30,48350.0,48800.0,48270.0,48790.0,105873,124357,,48560.0,48350.0,CU
1,CU2008,2020-07-01,48950.0,49380.0,48770.0,49350.0,152479,129245,,49100.0,48560.0,CU
1,CU2008,2020-07-02,48980.0,49570.0,48910.0,49410.0,146548,127983,,49250.0,49100.0,CU
1,CU2008,2020-07-03,49300.0,49390.0,48840.0,48900.0,146952,121533,,49140.0,49250.0,CU
1,CU2008,2020-07-06,48900.0,49220.0,48480.0,49040.0,129453,117013,,48890.0,49140.0,CU
1,CU2008,2020-07-07,49300.0,49620.0,49140.0,49360.0,118738,114318,,49390.0,48890.0,CU
1,CU2008,2020-07-08,49300.0,49970.0,49200.0,49800.0,120235,118032,,49660.0,49390.0,CU
1,CU2008,2020-07-09,49920.0,50800.0,49890.0,50700.0,144126,120798,,50370.0,49660.0,CU
1,CU2008,2020-07-10,50750.0,50800.0,50200.0,50500.0,153202,115579,,50500.0,50370.0,CU
1,CU2008,2020-07-13,50860.0,53520.0,50760.0,52880.0,271916,114671,,52360.0,50500.0,CU
1,CU2008,2020-07-14,52560.0,53100.0,51820.0,52210.0,189892,107843,,52400.0,52360.0,CU
1,CU2008,2020-07-15,52420.0,52730.0,52110.0,52210.0,147028,108354,,52410.0,52400.0,CU
0,CU2008,2020-07-16,52280.0,52360.0,50640.0,50710.0,234458,97493,,51280.0,52410.0,CU
0,CU2008,2020-07-17,51080.0,51770.0,51050.0,51430.0,140235,92440,,51430.0,51280.0,CU
0,CU2008,2020-07-20,51540.0,51700.0,51160.0,51300.0,108579,88237,,51400.0,51430.0,CU
1,CU2009,2020-07-21,51320.0,52310.0,51190.0,51870.0,142309,113045,,51860.0,51370.0,CU
1,CU2009,2020-07-22,52060.0,52830.0,52000.0,52410.0,149303,119828,,52430.0,51860.0,CU
1,CU2009,2020-07-23,52100.0,52100.0,51360.0,51970.0,172219,117638,,51740.0,52430.0,CU
1,CU2009,2020-07-24,51830.0,52470.0,51060.0,51220.0,198590,113180,,51800.0,51740.0,CU
1,CU2009,2020-07-27,51420.0,52040.0,51360.0,51600.0,152381,113016,,51670.0,51800.0,CU
1,CU2009,2020-07-28,51400.0,52250.0,51280.0,51520.0,167004,114804,,51700.0,51670.0,CU
1,CU2009,2020-07-29,51400.0,51990.0,51380.0,51880.0,126507,120216,,51770.0,51700.0,CU
1,CU2009,2020-07-30,51760.0,52170.0,51560.0,51690.0,142028,122527,,51830.0,51770.0,CU
1,CU2009,2020-07-31,51590.0,51950.0,51190.0,51820.0,176783,118759,,51640.0,51830.0,CU
1,CU2009,2020-08-03,51500.0,51570.0,50210.0,51050.0,178441,125420,,51060.0,51640.0,CU
1,CU2009,2020-08-04,51500.0,51970.0,51380.0,51540.0,125658,119893,,51690.0,51060.0,CU
1,CU2009,2020-08-05,51380.0,51640.0,51240.0,51350.0,108968,119304,,51410.0,51690.0,CU
1,CU2009,2020-08-06,51280.0,51890.0,51200.0,51400.0,138596,119621,,51550.0,51410.0,CU
1,CU2009,2020-08-07,51470.0,51720.0,51020.0,51300.0,116790,119571,,51430.0,51550.0,CU
1,CU2009,2020-08-10,51230.0,51290.0,49580.0,50230.0,215542,118878,,50310.0,51430.0,CU
1,CU2009,2020-08-11,50980.0,51100.0,50310.0,50340.0,126403,114343,,50750.0,50310.0,CU
1,CU2009,2020-08-12,50340.0,50690.0,49500.0,49870.0,172915,110288,,50060.0,50750.0,CU
1,CU2009,2020-08-13,50310.0,50920.0,50020.0,50410.0,120343,106166,,50480.0,50060.0,CU
1,CU2009,2020-08-14,50210.0,50220.0,49460.0,50100.0,142788,106431,,49890.0,50480.0,CU
1,CU2009,2020-08-17,50410.0,50750.0,50040.0,50730.0,94851,103680,,50390.0,49890.0,CU
0,CU2009,2020-08-18,50770.0,51370.0,50740.0,50830.0,101530,99376,,51030.0,50390.0,CU
1,CU2010,2020-08-19,51400.0,52580.0,51300.0,52260.0,172377,115644,,51990.0,51060.0,CU
1,CU2010,2020-08-20,52610.0,52740.0,51800.0,52040.0,152702,117780,,52310.0,51990.0,CU
1,CU2010,2020-08-21,52160.0,52280.0,51570.0,51800.0,126839,115980,,51970.0,52310.0,CU
1,CU2010,2020-08-24,51200.0,51560.0,51020.0,51540.0,115553,111617,,51260.0,51970.0,CU
1,CU2010,2020-08-25,51450.0,51540.0,51030.0,51130.0,88666,109686,,51280.0,51260.0,CU
1,CU2010,2020-08-26,51240.0,51490.0,51020.0,51440.0,87542,110009,,51300.0,51280.0,CU
1,CU2010,2020-08-27,51650.0,51730.0,51380.0,51490.0,73013,110986,,51520.0,51300.0,CU
1,CU2010,2020-08-28,51600.0,52030.0,51170.0,51990.0,140507,114822,,51720.0,51520.0,CU
1,CU2010,2020-08-31,52000.0,52230.0,51810.0,51980.0,96530,117479,,51990.0,51720.0,CU
1,CU2010,2020-09-01,52030.0,53050.0,52010.0,52990.0,127094,129744,,52450.0,51990.0,CU
1,CU2010,2020-09-02,52700.0,52820.0,51700.0,52070.0,159982,119423,,52190.0,52450.0,CU
1,CU2010,2020-09-03,51960.0,52170.0,51640.0,51760.0,110112,117414,,51910.0,52190.0,CU
1,CU2010,2020-09-04,51620.0,51800.0,50850.0,51650.0,153286,114769,,51400.0,51910.0,CU
1,CU2010,2020-09-07,51880.0,52840.0,51730.0,52240.0,168908,113928,,52260.0,51400.0,CU
1,CU2010,2020-09-08,52530.0,52700.0,52320.0,52590.0,92327,114648,,52520.0,52260.0,CU
1,CU2010,2020-09-09,52060.0,52300.0,51520.0,51830.0,150155,110683,,51890.0,52520.0,CU
1,CU2010,2020-09-10,52100.0,52320.0,51630.0,51700.0,93311,110935,,52060.0,51890.0,CU
1,CU2010,2020-09-11,51900.0,52190.0,51200.0,51680.0,141949,109388,,51620.0,52060.0,CU
1,CU2010,2020-09-14,51890.0,52530.0,51700.0,52120.0,134813,110284,,52070.0,51620.0,CU
1,CU2010,2020-09-15,52160.0,52320.0,51950.0,52160.0,82244,109979,,52140.0,52070.0,CU
0,CU2010,2020-09-16,52200.0,52240.0,51570.0,51710.0,112254,103611,,51810.0,52140.0,CU
0,CU2010,2020-09-17,51670.0,51840.0,51300.0,51330.0,102712,100420,,51490.0,51810.0,CU
0,CU2010,2020-09-18,51500.0,52350.0,51330.0,52320.0,121266,92983,,51990.0,51490.0,CU
0,CU2010,2020-09-21,52010.0,52780.0,51870.0,52160.0,100777,86276,,52260.0,51990.0,CU
1,CU2011,2020-09-22,52310.0,52310.0,51100.0,51810.0,146539,93779,,51750.0,52300.0,CU
1,CU2011,2020-09-23,52200.0,52240.0,50960.0,51460.0,167233,105089,,51570.0,51750.0,CU
1,CU2011,2020-09-24,51020.0,51390.0,50430.0,50640.0,237913,112206,,50840.0,51570.0,CU
1,CU2011,2020-09-25,50370.0,51170.0,49980.0,51040.0,211416,112046,,50560.0,50840.0,CU
1,CU2011,2020-09-28,50800.0,51350.0,50470.0,51220.0,157535,108147,,50890.0,50560.0,CU
1,CU2011,2020-09-29,51180.0,51450.0,50840.0,50940.0,131521,106448,,51050.0,50890.0,CU
1,CU2011,2020-09-30,50670.0,51300.0,50600.0,50930.0,143178,103500,,50940.0,51050.0,CU
1,CU2011,2020-10-09,51470.0,51680.0,51260.0,51440.0,63402,103548,,51430.0,50940.0,CU
1,CU2011,2020-10-12,51630.0,51640.0,50820.0,51520.0,138772,108202,,51320.0,51430.0,CU
1,CU2011,2020-10-13,51680.0,51870.0,51340.0,51360.0,92311,107861,,51510.0,51320.0,CU
1,CU2011,2020-10-14,51300.0,51560.0,51140.0,51540.0,122598,108756,,51310.0,51510.0,CU
1,CU2011,2020-10-15,51390.0,51430.0,51080.0,51260.0,120308,107577,,51240.0,51310.0,CU
0,CU2011,2020-10-16,51140.0,51800.0,51010.0,51470.0,123975,105515,,51480.0,51240.0,CU
0,CU2011,2020-10-19,51390.0,51580.0,51140.0,51170.0,113757,102002,,51290.0,51480.0,CU
0,CU2011,2020-10-20,51600.0,51600.0,51220.0,51380.0,83251,96084,,51390.0,51290.0,CU
0,CU2011,2020-10-21,51800.0,52500.0,51700.0,52150.0,144748,93846,,52050.0,51390.0,CU
1,CU2012,2020-10-22,52470.0,52850.0,52240.0,52340.0,118518,112072,,52440.0,52090.0,CU
1,CU2012,2020-10-23,52080.0,52370.0,51830.0,51950.0,115988,112595,,52110.0,52440.0,CU
1,CU2012,2020-10-26,52110.0,52130.0,51780.0,51810.0,83535,115180,,51930.0,52110.0,CU
1,CU2012,2020-10-27,51480.0,51710.0,51380.0,51650.0,102907,114309,,51530.0,51930.0,CU
1,CU2012,2020-10-28,51670.0,51880.0,51450.0,51840.0,92563,113231,,51680.0,51530.0,CU
1,CU2012,2020-10-29,51240.0,51600.0,51150.0,51470.0,128203,112572,,51370.0,51680.0,CU
1,CU2012,2020-10-30,51150.0,51480.0,50830.0,50940.0,146943,116208,,51180.0,51370.0,CU
1,CU2012,2020-11-02,51050.0,51300.0,50720.0,51070.0,114844,114199,,51030.0,51180.0,CU
1,CU2012,2020-11-03,51150.0,51810.0,51150.0,51800.0,111175,112583,,51530.0,51030.0,CU
1,CU2012,2020-11-04,51810.0,51960.0,51420.0,51610.0,122141,109820,,51690.0,51530.0,CU
1,CU2012,2020-11-05,51450.0,51750.0,51320.0,51420.0,96483,108580,,51540.0,51690.0,CU
1,CU2012,2020-11-06,51450.0,51680.0,51340.0,51430.0,78755,107751,,51480.0,51540.0,CU
1,CU2012,2020-11-09,51890.0,52240.0,51780.0,51840.0,126705,108510,,52030.0,51480.0,CU
1,CU2012,2020-11-10,52380.0,52610.0,51570.0,51590.0,127885,105402,,52140.0,52030.0,CU
1,CU2012,2020-11-11,51510.0,52030.0,51410.0,51960.0,91032,104027,,51730.0,52140.0,CU
1,CU2012,2020-11-12,51910.0,51930.0,51560.0,51800.0,79940,102657,,51750.0,51730.0,CU
1,CU2012,2020-11-13,51910.0,52220.0,51810.0,52180.0,88755,105742,,52000.0,51750.0,CU
1,CU2012,2020-11-16,52110.0,53800.0,52110.0,53640.0,190833,116133,,53070.0,52000.0,CU
0,CU2012,2020-11-17,53520.0,53580.0,52670.0,52850.0,130810,100987,,53100.0,53070.0,CU
1,CU2101,2020-11-18,52810.0,53060.0,52300.0,53000.0,107073,117060,,52650.0,53160.0,CU
1,CU2101,2020-11-19,52850.0,53140.0,52580.0,52730.0,98152,119349,,52800.0,52650.0,CU
1,CU2101,2020-11-20,52700.0,53540.0,52530.0,53520.0,134821,138831,,53080.0,52800.0,CU
1,CU2101,2020-11-23,53850.0,54540.0,53700.0,53970.0,218768,147408,,54090.0,53080.0,CU
1,CU2101,2020-11-24,53800.0,54850.0,53620.0,54770.0,185525,161627,,54190.0,54090.0,CU
1,CU2101,2020-11-25,54880.0,55100.0,54410.0,54550.0,171496,157016,,54730.0,54190.0,CU
1,CU2101,2020-11-26,54410.0,55390.0,54390.0,55310.0,154194,166139,,54960.0,54730.0,CU
1,CU2101,2020-11-27,55160.0,56180.0,55090.0,56120.0,172868,167810,,55610.0,54960.0,CU
1,CU2101,2020-11-30,56150.0,57790.0,56060.0,57680.0,276208,156167,,56920.0,55610.0,CU
1,CU2101,2020-12-01,57620.0,57980.0,56620.0,57040.0,271479,138485,,57320.0,56920.0,CU
1,CU2101,2020-12-02,57190.0,57810.0,56850.0,57200.0,202365,136378,,57370.0,57320.0,CU
1,CU2101,2020-12-03,56850.0,57330.0,56500.0,56870.0,193370,130455,,56920.0,57370.0,CU
1,CU2101,2020-12-04,57150.0,57620.0,56710.0,57450.0,223643,128637,,57180.0,56920.0,CU
1,CU2101,2020-12-07,57250.0,57850.0,56960.0,57030.0,185716,121197,,57340.0,57180.0,CU
1,CU2101,2020-12-08,56980.0,57310.0,56800.0,56930.0,113818,115123,,57030.0,57340.0,CU
1,CU2101,2020-12-09,56760.0,57480.0,56670.0,57250.0,126621,114105,,57100.0,57030.0,CU
1,CU2101,2020-12-10,57160.0,57470.0,56790.0,57450.0,122092,108389,,57130.0,57100.0,CU
1,CU2101,2020-12-11,57410.0,59210.0,57110.0,57830.0,280050,102568,,58150.0,57130.0,CU
1,CU2101,2020-12-14,57650.0,58050.0,57220.0,57850.0,149246,98380,,57700.0,58150.0,CU
1,CU2101,2020-12-15,57770.0,57870.0,57350.0,57700.0,94628,93028,,57580.0,57700.0,CU
0,CU2101,2020-12-16,57730.0,58190.0,57510.0,57850.0,109766,88776,,57850.0,57580.0,CU
0,CU2101,2020-12-17,58020.0,58680.0,57860.0,58620.0,96247,87961,,58240.0,57850.0,CU
1,CU2102,2020-12-18,58800.0,59620.0,58650.0,59360.0,146134,117818,,59120.0,58340.0,CU
1,CU2102,2020-12-21,59280.0,59640.0,58800.0,59280.0,163715,125794,,59250.0,59120.0,CU
1,CU2102,2020-12-22,58640.0,58970.0,57880.0,57900.0,184763,114467,,58500.0,59250.0,CU
1,CU2102,2020-12-23,58000.0,58080.0,57140.0,57850.0,167233,114908,,57700.0,58500.0,CU
1,CU2102,2020-12-24,57960.0,58480.0,57930.0,58130.0,111868,116005,,58180.0,57700.0,CU
1,CU2102,2020-12-25,58040.0,58660.0,57770.0,58560.0,84668,117317,,58250.0,58180.0,CU
1,CU2102,2020-12-28,58500.0,59210.0,58300.0,58770.0,117109,121597,,58740.0,58250.0,CU
1,CU2102,2020-12-29,58790.0,59000.0,58020.0,58180.0,130352,117052,,58580.0,58740.0,CU
1,CU2102,2020-12-30,58300.0,58680.0,58060.0,58480.0,123639,113719,,58330.0,58580.0,CU
1,CU2102,2020-12-31,58180.0,58340.0,57630.0,57750.0,136664,105758,,57970.0,58330.0,CU
1,CU2102,2021-01-04,57750.0,58300.0,57680.0,58160.0,82919,96881,,58050.0,57970.0,CU
1,CU2102,2021-01-05,58220.0,58550.0,57710.0,58110.0,103527,96490,,58090.0,58050.0,CU
1,CU2102,2021-01-06,58160.0,59280.0,58090.0,59030.0,120470,97891,,58770.0,58090.0,CU
1,CU2102,2021-01-07,59330.0,59550.0,58720.0,59380.0,114651,95867,,59180.0,58770.0,CU
1,CU2102,2021-01-08,59190.0,60680.0,59000.0,60310.0,145940,95088,,60050.0,59180.0,CU
2,CU2103,2021-01-11,60150.0,60350.0,58630.0,58670.0,178913,103183,,59460.0,60150.0,CU
2,CU2103,2021-01-12,58620.0,58870.0,57960.0,58710.0,155293,110137,,58360.0,59460.0,CU
2,CU2103,2021-01-13,58780.0,59100.0,58580.0,58780.0,122271,114010,,58840.0,58360.0,CU
2,CU2103,2021-01-14,58650.0,58970.0,58450.0,58740.0,106241,115412,,58740.0,58840.0,CU
2,CU2103,2021-01-15,58910.0,59750.0,58650.0,58690.0,164481,121920,,59230.0,58740.0,CU
1,CU2103,2021-01-18,58730.0,59430.0,58320.0,59280.0,169802,125225,,58730.0,59230.0,CU
1,CU2103,2021-01-19,59130.0,59190.0,58670.0,58890.0,101309,124070,,58920.0,58730.0,CU
1,CU2103,2021-01-20,59060.0,59460.0,58710.0,59120.0,134630,124606,,59100.0,58920.0,CU
1,CU2103,2021-01-21,59000.0,59490.0,58720.0,59340.0,129082,128152,,59170.0,59100.0,CU
1,CU2103,2021-01-22,59340.0,59630.0,58640.0,58810.0,143519,123912,,59050.0,59170.0,CU
1,CU2103,2021-01-25,58300.0,59250.0,58170.0,59090.0,156396,123697,,58830.0,59050.0,CU
1,CU2103,2021-01-26,58940.0,59090.0,58400.0,58470.0,113778,122937,,58810.0,58830.0,CU
1,CU2103,2021-01-27,58760.0,59140.0,58570.0,58720.0,94848,122378,,58820.0,58810.0,CU
1,CU2103,2021-01-28,58320.0,58580.0,57620.0,57760.0,229939,126308,,58000.0,58820.0,CU
1,CU2103,2021-01-29,57690.0,58460.0,57410.0,57550.0,177119,122149,,57950.0,58000.0,CU
1,CU2103,2021-02-01,57870.0,58350.0,57280.0,57910.0,163881,117638,,57900.0,57950.0,CU
1,CU2103,2021-02-02,57790.0,57910.0,57260.0,57300.0,114326,117673,,57610.0,57900.0,CU
1,CU2103,2021-02-03,57170.0,57480.0,56860.0,57000.0,136494,113563,,57130.0,57610.0,CU
1,CU2103,2021-02-04,57400.0,57950.0,57230.0,57820.0,118813,105705,,57630.0,57130.0,CU
1,CU2103,2021-02-05,57720.0,58240.0,57540.0,58210.0,97200,100615,,57900.0,57630.0,CU
0,CU2103,2021-02-08,58430.0,59030.0,58120.0,58790.0,102902,93985,,58590.0,57900.0,CU
0,CU2103,2021-02-09,58790.0,59720.0,58780.0,59570.0,91536,90464,,59280.0,58590.0,CU
0,CU2103,2021-02-10,59610.0,60830.0,59420.0,60800.0,117134,83408,,60050.0,59280.0,CU
1,CU2104,2021-02-18,61770.0,63390.0,61730.0,63340.0,92849,127851,,62730.0,60240.0,CU
1,CU2104,2021-02-19,63390.0,64470.0,63000.0,64320.0,199534,147830,,63560.0,62730.0,CU
1,CU2104,2021-02-22,64460.0,67370.0,64370.0,67370.0,296364,151769,,66080.0,63560.0,CU
1,CU2104,2021-02-23,66750.0,68790.0,66420.0,67950.0,467269,153964,,67550.0,66080.0,CU
1,CU2104,2021-02-24,67550.0,68880.0,66560.0,67910.0,454424,153444,,67690.0,67550.0,CU
1,CU2104,2021-02-25,68390.0,70740.0,67900.0,70150.0,403093,154200,,69380.0,67690.0,CU
1,CU2104,2021-02-26,70080.0,70440.0,67940.0,67950.0,422027,140997,,69150.0,69380.0,CU
1,CU2104,2021-03-01,67420.0,68110.0,66860.0,67450.0,334847,127886,,67550.0,69150.0,CU
1,CU2104,2021-03-02,67410.0,67610.0,65730.0,66780.0,242399,120945,,66690.0,67550.0,CU
1,CU2104,2021-03-03,67650.0,68400.0,67250.0,67810.0,195794,118873,,67780.0,66690.0,CU
1,CU2104,2021-03-04,67630.0,67630.0,66430.0,66460.0,168654,115913,,67100.0,67780.0,CU
1,CU2104,2021-03-05,65130.0,66400.0,64210.0,65920.0,295735,109217,,65460.0,67100.0,CU
1,CU2104,2021-03-08,66330.0,67330.0,65660.0,65770.0,185050,105830,,66440.0,65460.0,CU
2,CU2105,2021-03-09,66300.0,67490.0,65810.0,66120.0,188885,130245,,66700.0,66570.0,CU
2,CU2105,2021-03-10,66130.0,66280.0,65070.0,65400.0,194750,131006,,65690.0,66700.0,CU
2,CU2105,2021-03-11,65960.0,67770.0,65410.0,67360.0,225414,150597,,66430.0,65690.0,CU
2,CU2105,2021-03-12,67260.0,67470.0,66590.0,66920.0,190335,147954,,67060.0,66430.0,CU
2,CU2105,2021-03-15,66920.0,68230.0,66860.0,67520.0,204178,157495,,67510.0,67060.0,CU
1,CU2105,2021-03-16,67680.0,67780.0,66690.0,66740.0,137751,154268,,67420.0,67510.0,CU
1,CU2105,2021-03-17,66490.0,67110.0,66180.0,66940.0,146956,149899,,66590.0,67420.0,CU
1,CU2105,2021-03-18,66920.0,67700.0,66660.0,66920.0,146886,149439,,67120.0,66590.0,CU
1,CU2105,2021-03-19,66980.0,67390.0,65510.0,66020.0,217722,148049,,66650.0,67120.0,CU
1,CU2105,2021-03-22,66510.0,67440.0,66220.0,66800.0,181394,146542,,66820.0,66650.0,CU
1,CU2105,2021-03-23,67020.0,67720.0,66380.0,67040.0,193756,149707,,67070.0,66820.0,CU
1,CU2105,2021-03-24,66750.0,66910.0,66080.0,66480.0,153428,150834,,66480.0,67070.0,CU
1,CU2105,2021-03-25,66690.0,66980.0,65480.0,65560.0,191090,154325,,66170.0,66480.0,CU
1,CU2105,2021-03-26,65210.0,66390.0,64930.0,66170.0,204962,146801,,65580.0,66170.0,CU
1,CU2105,2021-03-29,66280.0,66900.0,66070.0,66340.0,145770,145045,,66460.0,65580.0,CU
1,CU2105,2021-03-30,66420.0,66620.0,65860.0,65880.0,128138,143696,,66330.0,66460.0,CU
1,CU2105,2021-03-31,65860.0,65930.0,65190.0,65600.0,161047,142081,,65610.0,66330.0,CU
1,CU2105,2021-04-01,65750.0,65890.0,65030.0,65090.0,134908,141971,,65530.0,65610.0,CU
1,CU2105,2021-04-02,65390.0,67260.0,65340.0,67090.0,192731,128627,,66150.0,65530.0,CU
1,CU2105,2021-04-06,67480.0,67670.0,66850.0,67010.0,89025,126446,,67230.0,66150.0,CU
1,CU2105,2021-04-07,67010.0,67410.0,66750.0,66900.0,94176,123324,,67100.0,67230.0,CU
1,CU2105,2021-04-08,66590.0,67210.0,66310.0,66850.0,120227,117460,,66640.0,67100.0,CU
1,CU2105,2021-04-09,66860.0,67290.0,66550.0,66720.0,96815,112311,,66870.0,66640.0,CU
1,CU2105,2021-04-12,66870.0,66940.0,65650.0,65690.0,130994,106706,,66060.0,66870.0,CU
1,CU2105,2021-04-13,65900.0,66160.0,65620.0,65870.0,83519,104549,,65880.0,66060.0,CU
2,CU2106,2021-04-14,66390.0,66490.0,66100.0,66330.0,68527,132259,,66290.0,65970.0,CU
2,CU2106,2021-04-15,66840.0,68180.0,66680.0,68040.0,190130,161029,,67400.0,66290.0,CU
1,CU2106,2021-04-16,68130.0,69500.0,68060.0,68540.0,249767,175967,,68820.0,67400.0,CU
1,CU2106,2021-04-19,69000.0,69820.0,67880.0,69660.0,222256,182656,,68720.0,68820.0,CU
1,CU2106,2021-04-20,69660.0,69750.0,69000.0,69450.0,161140,182260,,69370.0,68720.0,CU
1,CU2106,2021-04-21,69270.0,69590.0,68450.0,68720.0,181631,170267,,68940.0,69370.0,CU
1,CU2106,2021-04-22,68830.0,69720.0,68740.0,69150.0,165812,175681,,69200.0,68940.0,CU
1,CU2106,2021-04-23,69320.0,69740.0,68850.0,69440.0,162777,177926,,69330.0,69200.0,CU
1,CU2106,2021-04-26,69750.0,71130.0,69550.0,70980.0,247686,189060,,70360.0,69330.0,CU
1,CU2106,2021-04-27,71150.0,72820.0,71030.0,72480.0,261866,189078,,71960.0,70360.0,CU
1,CU2106,2021-04-28,72150.0,72380.0,71060.0,71340.0,232329,175636,,71670.0,71960.0,CU
1,CU2106,2021-04-29,71820.0,72960.0,71510.0,72380.0,197631,175392,,72330.0,71670.0,CU
1,CU2106,2021-04-30,72600.0,73060.0,71250.0,71890.0,209068,162470,,72010.0,72330.0,CU
1,CU2106,2021-05-06,72210.0,73320.0,72180.0,73240.0,102105,160057,,72980.0,72010.0,CU
1,CU2106,2021-05-07,73580.0,74950.0,73430.0,74900.0,179927,160182,,74150.0,72980.0,CU
1,CU2106,2021-05-10,75300.0,78270.0,75080.0,77720.0,281019,151845,,76740.0,74150.0,CU
1,CU2106,2021-05-11,77400.0,77430.0,74800.0,76000.0,313147,139280,,75860.0,76740.0,CU
1,CU2106,2021-05-12,76000.0,77150.0,75670.0,77090.0,199333,138657,,76370.0,75860.0,CU
1,CU2106,2021-05-13,76240.0,76720.0,75390.0,75970.0,244411,132077,,76020.0,76370.0,CU
1,CU2106,2021-05-14,75420.0,75740.0,73530.0,74560.0,237464,125491,,74800.0,76020.0,CU
1,CU2106,2021-05-17,74360.0,75290.0,74200.0,74750.0,175719,121419,,74680.0,74800.0,CU
0,CU2106,2021-05-18,74680.0,76210.0,74560.0,76100.0,137132,119141,,75610.0,74680.0,CU
0,CU2106,2021-05-19,75740.0,75900.0,74070.0,74090.0,131138,108020,,75010.0,75610.0,CU
1,CU2107,2021-05-20,73610.0,74070.0,72310.0,73690.0,223298,118576,,73070.0,75210.0,CU
1,CU2107,2021-05-21,73600.0,73720.0,71760.0,72160.0,214013,126737,,72630.0,73070.0,CU
1,CU2107,2021-05-24,72800.0,72950.0,71010.0,71640.0,246429,131903,,71740.0,72630.0,CU
1,CU2107,2021-05-25,71780.0,72960.0,71710.0,72230.0,167541,129763,,72340.0,71740.0,CU
1,CU2107,2021-05-26,71850.0,72240.0,71510.0,71780.0,152038,129398,,71860.0,72340.0,CU
1,CU2107,2021-05-27,71860.0,72350.0,71280.0,71940.0,157811,133250,,71760.0,71860.0,CU
1,CU2107,2021-05-28,71970.0,74480.0,71970.0,73350.0,245750,138997,,73330.0,71760.0,CU
1,CU2107,2021-05-31,73040.0,74550.0,72770.0,73950.0,193071,140188,,73740.0,73330.0,CU
1,CU2107,2021-06-01,73980.0,74350.0,73590.0,74160.0,124527,143265,,73990.0,73740.0,CU
1,CU2107,2021-06-02,73700.0,74750.0,73520.0,73680.0,155274,142144,,73970.0,73990.0,CU
1,CU2107,2021-06-03,73380.0,73500.0,72610.0,73020.0,159440,137885,,73060.0,73970.0,CU
1,CU2107,2021-06-04,71500.0,71750.0,70470.0,70910.0,241633,138875,,71120.0,73060.0,CU
1,CU2107,2021-06-07,71920.0,72130.0,71190.0,71390.0,124171,135289,,71680.0,71120.0,CU
1,CU2107,2021-06-08,71270.0,71830.0,71100.0,71420.0,108151,129667,,71390.0,71680.0,CU
1,CU2107,2021-06-09,70990.0,72380.0,70870.0,71510.0,138564,130944,,71610.0,71390.0,CU
1,CU2107,2021-06-10,71400.0,71880.0,71050.0,71290.0,102273,132479,,71490.0,71610.0,CU
1,CU2107,2021-06-11,71070.0,71830.0,70610.0,71770.0,143036,132425,,71140.0,71490.0,CU
1,CU2107,2021-06-15,71520.0,71560.0,69500.0,70230.0,117291,130566,,70320.0,71140.0,CU
0,CU2107,2021-06-16,69110.0,69490.0,68380.0,68450.0,151836,126238,,69020.0,70320.0,CU
0,CU2107,2021-06-17,68950.0,69830.0,68450.0,68800.0,133905,111678,,69080.0,69020.0,CU
0,CU2107,2021-06-18,68620.0,68960.0,66960.0,67260.0,159616,106284,,67830.0,69080.0,CU
0,CU2107,2021-06-21,67150.0,67370.0,66350.0,66350.0,131010,98793,,66780.0,67830.0,CU
0,CU2107,2021-06-22,66420.0,67620.0,66390.0,67350.0,110174,87899,,67120.0,66780.0,CU
1,CU2108,2021-06-23,67450.0,68650.0,67370.0,68590.0,101248,109276,,68240.0,67230.0,CU
1,CU2108,2021-06-24,68860.0,69660.0,68300.0,68480.0,133511,114698,,69020.0,68240.0,CU
1,CU2108,2021-06-25,68700.0,69340.0,68580.0,68700.0,108388,117410,,68930.0,69020.0,CU
1,CU2108,2021-06-28,68580.0,68930.0,68150.0,68630.0,109883,119630,,68490.0,68930.0,CU
1,CU2108,2021-06-29,68650.0,68820.0,67720.0,68150.0,98558,122235,,68260.0,68490.0,CU
1,CU2108,2021-06-30,67940.0,68610.0,67840.0,68390.0,88641,121002,,68250.0,68260.0,CU
1,CU2108,2021-07-01,68630.0,69310.0,68140.0,68260.0,122153,121003,,68720.0,68250.0,CU
1,CU2108,2021-07-02,68630.0,68940.0,67810.0,68260.0,107885,121278,,68340.0,68720.0,CU
1,CU2108,2021-07-05,68430.0,69780.0,68210.0,69520.0,137175,121704,,68830.0,68340.0,CU
1,CU2108,2021-07-06,69260.0,70230.0,69200.0,70100.0,115739,124166,,69710.0,68830.0,CU
1,CU2108,2021-07-07,69720.0,69810.0,67900.0,69110.0,172828,115546,,68690.0,69710.0,CU
1,CU2108,2021-07-08,69280.0,69550.0,68590.0,68740.0,127762,114518,,69020.0,68690.0,CU
1,CU2108,2021-07-09,68360.0,69240.0,68170.0,68920.0,118800,115392,,68630.0,69020.0,CU
1,CU2108,2021-07-12,69600.0,69980.0,68850.0,68980.0,127097,114819,,69440.0,68630.0,CU
1,CU2108,2021-07-13,68790.0,69460.0,68750.0,69200.0,82563,115900,,69120.0,69440.0,CU
1,CU2108,2021-07-14,68490.0,69030.0,68280.0,68870.0,98394,115354,,68670.0,69120.0,CU
1,CU2108,2021-07-15,68730.0,69100.0,68060.0,68800.0,108007,114958,,68580.0,68670.0,CU
0,CU2108,2021-07-16,68780.0,69550.0,68670.0,69340.0,97287,108984,,69210.0,68580.0,CU
0,CU2108,2021-07-19,69300.0,69480.0,68620.0,68740.0,90167,103887,,68950.0,69210.0,CU
0,CU2108,2021-07-20,67450.0,68370.0,67400.0,68130.0,111283,102737,,67910.0,68950.0,CU
0,CU2108,2021-07-21,67880.0,68690.0,67810.0,68020.0,80128,96552,,68190.0,67910.0,CU
0,CU2108,2021-07-22,68300.0,69050.0,68210.0,68960.0,74370,87749,,68620.0,68190.0,CU
1,CU2109,2021-07-23,69030.0,70060.0,68980.0,69760.0,98785,110926,,69580.0,68650.0,CU
1,CU2109,2021-07-26,70040.0,71150.0,69630.0,70770.0,139600,128828,,70540.0,69580.0,CU
1,CU2109,2021-07-27,71030.0,72740.0,70990.0,71770.0,167268,137479,,72010.0,70540.0,CU
1,CU2109,2021-07-28,72110.0,72410.0,71690.0,71850.0,132217,138433,4766641.23,72100.0,72010.0,CU
1,CU2109,2021-07-29,71750.0,71910.0,71110.0,71610.0,121943,136632,4360460.07,71510.0,72100.0,CU
1,CU2109,2021-07-30,71700.0,72120.0,71290.0,71820.0,113946,136097,4083855.53,71680.0,71510.0,CU
1,CU2109,2021-08-02,71960.0,72460.0,70830.0,71480.0,169156,134609,6052421.405,71560.0,71680.0,CU
1,CU2109,2021-08-03,71680.0,71690.0,70440.0,70450.0,110158,127089,3906129.025,70910.0,71560.0,CU
1,CU2109,2021-08-04,69860.0,70350.0,69500.0,70120.0,113943,122670,3987115.175,69980.0,70910.0,CU
1,CU2109,2021-08-05,69520.0,69860.0,69220.0,69220.0,117226,120705,4077481.49,69560.0,69980.0,CU
1,CU2109,2021-08-06,69250.0,70430.0,69250.0,70330.0,102313,120451,3569547.305,69770.0,69560.0,CU
1,CU2109,2021-08-09,70160.0,70490.0,69140.0,69470.0,119524,117123,4165783.07,69700.0,69770.0,CU
1,CU2109,2021-08-10,68540.0,69770.0,68500.0,69550.0,105758,121441,3663158.505,69270.0,69700.0,CU
1,CU2109,2021-08-11,69500.0,70420.0,69370.0,69770.0,101880,120291,3562202.415,69920.0,69270.0,CU
1,CU2109,2021-08-12,69870.0,70660.0,69850.0,70410.0,93337,119708,3278776.585,70250.0,69920.0,CU
1,CU2109,2021-08-13,70180.0,70220.0,69540.0,69970.0,88041,118113,3076111.29,69870.0,70250.0,CU
1,CU2109,2021-08-16,70060.0,70910.0,69660.0,69660.0,107705,120238,3783458.38,70250.0,69870.0,CU
0,CU2109,2021-08-17,69820.0,70050.0,69500.0,69710.0,79978,114642,2791212.415,69790.0,70250.0,CU
0,CU2109,2021-08-18,68910.0,69270.0,68550.0,68720.0,121695,113219,4193319.755,68910.0,69790.0,CU
0,CU2109,2021-08-19,68320.0,68500.0,66710.0,66790.0,157665,108568,5324003.145,67530.0,68910.0,CU
1,CU2110,2021-08-20,66060.0,67450.0,65770.0,67050.0,158510,129045,5278030.815,66590.0,67370.0,CU
1,CU2110,2021-08-23,66820.0,68130.0,66820.0,67620.0,131415,129201,4440983.92,67580.0,66590.0,CU
1,CU2110,2021-08-24,68550.0,68760.0,68210.0,68560.0,118099,125422,4045443.795,68500.0,67580.0,CU
1,CU2110,2021-08-25,69080.0,69590.0,68900.0,69100.0,111872,129032,3874920.145,69270.0,68500.0,CU
1,CU2110,2021-08-26,69500.0,69600.0,68560.0,68590.0,101725,130837,3514994.25,69100.0,69270.0,CU
1,CU2110,2021-08-27,68910.0,69190.0,68620.0,69130.0,99494,126661,3426339.975,68870.0,69100.0,CU
1,CU2110,2021-08-30,69200.0,70280.0,69190.0,70130.0,133885,129293,4666490.005,69700.0,68870.0,CU
1,CU2110,2021-08-31,70450.0,70600.0,69750.0,70100.0,100739,132113,3534439.43,70170.0,69700.0,CU
1,CU2110,2021-09-01,70200.0,70290.0,68860.0,68900.0,117263,130405,4080445.78,69590.0,70170.0,CU
1,CU2110,2021-09-02,68860.0,69230.0,68510.0,69020.0,100627,126108,3463803.16,68840.0,69590.0,CU
1,CU2110,2021-09-03,68720.0,69560.0,68660.0,69090.0,106220,126037,3671678.83,69130.0,68840.0,CU
1,CU2110,2021-09-06,69250.0,69770.0,69050.0,69510.0,102658,123399,3561357.125,69380.0,69130.0,CU
1,CU2110,2021-09-07,69550.0,69710.0,68870.0,69070.0,77174,122433,2675298.77,69330.0,69380.0,CU
1,CU2110,2021-09-08,69060.0,69220.0,68680.0,68680.0,95765,120538,3302380.835,68960.0,69330.0,CU
1,CU2110,2021-09-09,68680.0,69610.0,68270.0,69300.0,146092,123131,5024128.345,68780.0,68960.0,CU
1,CU2110,2021-09-10,69210.0,70240.0,69160.0,70080.0,126974,127535,4426593.63,69720.0,68780.0,CU
1,CU2110,2021-09-13,70500.0,71900.0,70380.0,71480.0,192823,136463,6872477.445,71280.0,69720.0,CU
1,CU2110,2021-09-14,71480.0,71480.0,69800.0,69840.0,149579,124842,5259805.47,70320.0,71280.0,CU
1,CU2110,2021-09-15,69810.0,70230.0,69360.0,69810.0,125769,120669,4388619.695,69780.0,70320.0,CU
0,CU2110,2021-09-16,69970.0,70860.0,69530.0,69650.0,119956,114680,4211332.725,70210.0,69780.0,CU
0,CU2110,2021-09-17,69450.0,69730.0,69080.0,69270.0,123464,106260,4284574.22,69400.0,70210.0,CU
0,CU2110,2021-09-22,67650.0,69110.0,67550.0,68780.0,99418,102428,3411901.055,68630.0,69400.0,CU
0,CU2110,2021-09-23,69160.0,69300.0,68510.0,68660.0,93358,91993,3212792.18,68820.0,68630.0,CU
0,CU2110,2021-09-24,68780.0,69500.0,68540.0,69250.0,109561,80946,3780773.06,69010.0,68820.0,CU
1,CU2111,2021-09-27,68890.0,69800.0,68800.0,69270.0,112061,114108,3884959.45,69330.0,68880.0,CU
1,CU2111,2021-09-28,69090.0,69550.0,69050.0,69230.0,77495,117870,2682883.79,69240.0,69330.0,CU
1,CU2111,2021-09-29,69110.0,69210.0,68290.0,68360.0,121933,117320,4185157.225,68640.0,69240.0,CU
1,CU2111,2021-09-30,68490.0,68700.0,67890.0,67950.0,99026,119551,3375321.36,68170.0,68640.0,CU
1,CU2111,2021-10-08,68970.0,69700.0,68820.0,68840.0,84488,119513,2926571.26,69270.0,68170.0,CU
1,CU2111,2021-10-11,68950.0,70350.0,68930.0,70260.0,143162,139746,4979636.555,69560.0,69270.0,CU
1,CU2111,2021-10-12,70280.0,71140.0,69400.0,69680.0,144814,141275,5091017.485,70310.0,69560.0,CU
1,CU2111,2021-10-13,70310.0,70740.0,69480.0,70100.0,144545,141888,5070453.61,70150.0,70310.0,CU
1,CU2111,2021-10-14,70680.0,73630.0,70480.0,72480.0,238778,160785,8573639.715,71810.0,70150.0,CU
1,CU2111,2021-10-15,72620.0,74340.0,72620.0,73820.0,183489,162564,6753590.075,73610.0,71810.0,CU
0,CU2111,2021-10-18,75010.0,76700.0,74480.0,76270.0,221067,158195,8360481.41,75630.0,73610.0,CU
0,CU2111,2021-10-19,75510.0,76170.0,74510.0,75810.0,147924,149675,5568910.38,75290.0,75630.0,CU
0,CU2111,2021-10-20,75490.0,75490.0,72480.0,73380.0,197841,131489,7285049.745,73640.0,75290.0,CU
1,CU2112,2021-10-21,73500.0,74880.0,72350.0,72600.0,152176,147991,5626606.505,73940.0,73500.0,CU
1,CU2112,2021-10-22,72580.0,72940.0,71370.0,72390.0,233307,155196,8418381.18,72160.0,73940.0,CU
1,CU2112,2021-10-25,71900.0,72460.0,70820.0,72110.0,193102,157245,6927393.29,71740.0,72160.0,CU
1,CU2112,2021-10-26,71900.0,72500.0,71580.0,72000.0,139144,159882,5010468.96,72010.0,71740.0,CU
1,CU2112,2021-10-27,71990.0,72290.0,70560.0,70560.0,194977,150037,6965820.045,71450.0,72010.0,CU
1,CU2112,2021-10-28,70300.0,71530.0,69660.0,71110.0,213682,153377,7519095.825,70370.0,71450.0,CU
1,CU2112,2021-10-29,70800.0,71300.0,70150.0,70540.0,132432,150947,4688526.075,70800.0,70370.0,CU
1,CU2112,2021-11-01,70200.0,70770.0,69720.0,70140.0,122502,150554,4302612.18,70240.0,70800.0,CU
1,CU2112,2021-11-02,70140.0,70990.0,69380.0,69660.0,142807,149521,4997510.29,69980.0,70240.0,CU
1,CU2112,2021-11-03,70200.0,71470.0,69750.0,71350.0,128403,160201,4520363.08,70400.0,69980.0,CU
1,CU2112,2021-11-04,71000.0,71100.0,69610.0,70150.0,138708,155384,4874163.98,70270.0,70400.0,CU
1,CU2112,2021-11-05,70630.0,70680.0,68770.0,69590.0,166446,157158,5784369.61,69500.0,70270.0,CU
1,CU2112,2021-11-08,69400.0,70650.0,69340.0,70000.0,121313,152708,4248257.14,70030.0,69500.0,CU
1,CU2112,2021-11-09,70220.0,70880.0,70030.0,70550.0,95172,153566,3355861.235,70520.0,70030.0,CU
1,CU2112,2021-11-10,70950.0,70960.0,69720.0,70330.0,108019,151805,3790463.035,70180.0,70520.0,CU
1,CU2112,2021-11-11,70210.0,70720.0,69580.0,70420.0,129162,148807,4536810.915,70240.0,70180.0,CU
1,CU2112,2021-11-12,70650.0,71170.0,70430.0,70570.0,122058,144542,4318103.725,70750.0,70240.0,CU
1,CU2112,2021-11-15,70570.0,71500.0,70400.0,70830.0,108729,145210,3856636.855,70940.0,70750.0,CU
0,CU2112,2021-11-16,71030.0,71220.0,70210.0,70360.0,108271,133480,3833970.55,70820.0,70940.0,CU
0,CU2112,2021-11-17,70640.0,70700.0,69800.0,70140.0,115483,128600,4052731.565,70180.0,70820.0,CU
0,CU2112,2021-11-18,69720.0,70060.0,68800.0,68910.0,145132,123222,5025780.44,69250.0,70180.0,CU
1,CU2201,2021-11-19,68720.0,70580.0,68200.0,70510.0,161202,149907,5604544.51,69530.0,68850.0,CU
1,CU2201,2021-11-22,70050.0,70960.0,69950.0,70180.0,127728,158184,4498938.26,70440.0,69530.0,CU
1,CU2201,2021-11-23,70370.0,71620.0,70150.0,70740.0,143163,172977,5080790.35,70970.0,70440.0,CU
1,CU2201,2021-11-24,71060.0,71580.0,70770.0,71220.0,92335,176086,3284015.24,71130.0,70970.0,CU
1,CU2201,2021-11-25,71620.0,72260.0,71580.0,71970.0,120822,188075,4344386.615,71910.0,71130.0,CU
1,CU2201,2021-11-26,72140.0,72140.0,70410.0,70560.0,126260,171059,4486257.3,71060.0,71910.0,CU
1,CU2201,2021-11-29,69800.0,70460.0,69330.0,70230.0,159820,162149,5583012.755,69860.0,71060.0,CU
1,CU2201,2021-11-30,70410.0,70530.0,69170.0,69450.0,121960,155294,4260058.21,69850.0,69860.0,CU
1,CU2201,2021-12-01,69710.0,69860.0,69020.0,69650.0,110032,154776,3824589.31,69510.0,69850.0,CU
1,CU2201,2021-12-02,69500.0,69600.0,68620.0,68650.0,132747,155980,4586720.935,69100.0,69510.0,CU
1,CU2201,2021-12-03,68830.0,69850.0,68650.0,69460.0,122548,152611,4242282.5,69230.0,69100.0,CU
1,CU2201,2021-12-06,69390.0,69790.0,68910.0,69080.0,111405,149335,3862037.425,69330.0,69230.0,CU
1,CU2201,2021-12-07,69460.0,69770.0,69320.0,69420.0,90812,144887,3156802.275,69520.0,69330.0,CU
1,CU2201,2021-12-08,70160.0,70240.0,69390.0,69570.0,92258,139268,3215924.025,69710.0,69520.0,CU
1,CU2201,2021-12-09,69510.0,70130.0,69290.0,69710.0,97714,139423,3405392.115,69700.0,69710.0,CU
1,CU2201,2021-12-10,69360.0,69570.0,69180.0,69530.0,79270,135694,2751337.65,69410.0,69700.0,CU
1,CU2201,2021-12-13,69560.0,69660.0,69230.0,69570.0,78333,136367,2719106.075,69420.0,69410.0,CU
1,CU2201,2021-12-14,69270.0,69350.0,68510.0,68910.0,99921,133844,3442845.87,68910.0,69420.0,CU
1,CU2201,2021-12-15,69100.0,69150.0,68000.0,68000.0,95585,135574,3281452.475,68660.0,68910.0,CU
0,CU2201,2021-12-16,67860.0,68760.0,67040.0,68590.0,132546,125813,4503120.01,67940.0,68660.0,CU
0,CU2201,2021-12-17,69160.0,69560.0,69010.0,69370.0,92896,106771,3218182.86,69280.0,67940.0,CU
1,CU2202,2021-12-20,69260.0,69350.0,68380.0,68500.0,71980,132955,2479172.305,68880.0,69150.0,CU
1,CU2202,2021-12-21,68690.0,69300.0,68610.0,69230.0,83762,136634,2890048.125,69000.0,68880.0,CU
1,CU2202,2021-12-22,69340.0,69800.0,69170.0,69690.0,74042,138605,2573015.765,69500.0,69000.0,CU
1,CU2202,2021-12-23,69940.0,70200.0,69790.0,70180.0,81994,144770,2868556.805,69960.0,69500.0,CU
1,CU2202,2021-12-24,69800.0,70200.0,69470.0,69750.0,83911,142606,2928176.94,69790.0,69960.0,CU
1,CU2202,2021-12-27,69770.0,69970.0,69490.0,69530.0,60360,140027,2104664.47,69730.0,69790.0,CU
1,CU2202,2021-12-28,69810.0,70870.0,69700.0,70450.0,91362,148144,3212815.865,70330.0,69730.0,CU
1,CU2202,2021-12-29,70650.0,70780.0,69770.0,70200.0,73868,141209,2594254.745,70240.0,70330.0,CU
1,CU2202,2021-12-30,69940.0,70240.0,69830.0,70010.0,65370,138956,2288704.81,70020.0,70240.0,CU
1,CU2202,2021-12-31,70200.0,70550.0,69770.0,70380.0,76394,133670,2678675.205,70120.0,70020.0,CU
1,CU2202,2022-01-04,70510.0,70550.0,69580.0,69730.0,57689,127675,2013482.86,69800.0,70120.0,CU
1,CU2202,2022-01-05,69740.0,70770.0,69690.0,70110.0,79815,128210,2803754.215,70250.0,69800.0,CU
1,CU2202,2022-01-06,70310.0,70390.0,69440.0,69490.0,83117,122511,2904549.625,69890.0,70250.0,CU
1,CU2202,2022-01-07,69400.0,69800.0,69000.0,69520.0,81771,115000,2835087.3,69340.0,69890.0,CU
1,CU2202,2022-01-10,69470.0,69980.0,69410.0,69780.0,59048,111072,2058900.83,69730.0,69340.0,CU
1,CU2202,2022-01-11,69780.0,69950.0,69100.0,69720.0,72730,109625,2530008.375,69570.0,69730.0,CU
1,CU2202,2022-01-12,69910.0,71330.0,69610.0,71170.0,99650,120293,3514421.8,70530.0,69570.0,CU
1,CU2202,2022-01-13,71860.0,72500.0,71260.0,71440.0,110022,117648,3955885.825,71910.0,70530.0,CU
1,CU2202,2022-01-14,71900.0,72040.0,71000.0,71460.0,87675,108319,3132662.91,71460.0,71910.0,CU
2,CU2203,2022-01-17,71200.0,71240.0,69890.0,70190.0,98660,132164,3464679.38,70230.0,71550.0,CU
1,CU2203,2022-01-18,69820.0,70270.0,69730.0,70100.0,59145,135164,2070510.835,70010.0,70230.0,CU
1,CU2203,2022-01-19,69880.0,70230.0,69670.0,70020.0,74996,136183,2625082.165,70000.0,70010.0,CU
1,CU2203,2022-01-20,70490.0,71360.0,70380.0,71180.0,104527,150151,3702723.3,70840.0,70000.0,CU
1,CU2203,2022-01-21,71190.0,71880.0,70790.0,71290.0,94910,154349,3383477.98,71290.0,70840.0,CU
1,CU2203,2022-01-24,71280.0,71990.0,70410.0,70480.0,116128,145535,4130473.09,71130.0,71290.0,CU
1,CU2203,2022-01-25,70020.0,70140.0,69520.0,69570.0,116496,139370,4067367.67,69820.0,71130.0,CU
1,CU2203,2022-01-26,69570.0,70780.0,69360.0,70730.0,95307,138315,3340965.145,70100.0,69820.0,CU
1,CU2203,2022-01-27,70910.0,71230.0,69770.0,69780.0,85803,129985,3025381.11,70510.0,70100.0,CU
1,CU2203,2022-01-28,70500.0,70970.0,70030.0,70290.0,79210,129300,2790946.98,70460.0,70510.0,CU
1,CU2203,2022-02-07,71000.0,71180.0,70290.0,70430.0,49911,126890,1766930.215,70800.0,70460.0,CU
1,CU2203,2022-02-08,70630.0,70780.0,70200.0,70590.0,56593,128164,1997423.115,70580.0,70800.0,CU
1,CU2203,2022-02-09,70060.0,70590.0,69770.0,70450.0,70633,129062,2480928.475,70240.0,70580.0,CU
1,CU2203,2022-02-10,70840.0,73040.0,70760.0,73030.0,142439,157385,5126352.365,71970.0,70240.0,CU
1,CU2203,2022-02-11,73320.0,73650.0,71140.0,71480.0,152263,146828,5520890.18,72510.0,71970.0,CU
1,CU2203,2022-02-14,71650.0,71860.0,70580.0,71360.0,106807,133716,3805336.525,71250.0,72510.0,CU
1,CU2203,2022-02-15,71070.0,71300.0,70540.0,71060.0,82171,125982,2912111.91,70870.0,71250.0,CU
0,CU2203,2022-02-16,71410.0,71630.0,70970.0,71510.0,60175,124783,2147307.19,71360.0,70870.0,CU
0,CU2203,2022-02-17,71550.0,71660.0,71030.0,71160.0,52066,118893,1857744.505,71360.0,71360.0,CU
0,CU2203,2022-02-18,71250.0,72070.0,71110.0,71890.0,62479,117671,2234094.895,71510.0,71360.0,CU
0,CU2203,2022-02-21,71510.0,71980.0,71230.0,71460.0,72498,104457,2591645.965,71490.0,71510.0,CU
0,CU2203,2022-02-22,71150.0,71320.0,70960.0,71030.0,65454,89642,2327387.18,71110.0,71490.0,CU
1,CU2204,2022-02-23,71450.0,71550.0,71100.0,71380.0,61340,128828,2188014.06,71340.0,71160.0,CU
1,CU2204,2022-02-24,71320.0,71380.0,70520.0,70970.0,111204,131418,3940718.57,70870.0,71340.0,CU
1,CU2204,2022-02-25,71360.0,71640.0,70550.0,70690.0,113707,132993,4038774.815,71030.0,70870.0,CU
1,CU2204,2022-02-28,70660.0,71110.0,70530.0,70990.0,72209,133553,2557661.095,70840.0,71030.0,CU
1,CU2204,2022-03-01,70920.0,71150.0,70660.0,71050.0,59799,133338,2120584.925,70920.0,70840.0,CU
1,CU2204,2022-03-02,71150.0,71790.0,71120.0,71520.0,92002,140196,3288697.185,71490.0,70920.0,CU
1,CU2204,2022-03-03,73000.0,73120.0,71820.0,73010.0,135552,150786,4920023.005,72590.0,71490.0,CU
1,CU2204,2022-03-04,73000.0,73240.0,72240.0,72890.0,122656,149833,4461110.165,72740.0,72590.0,CU
1,CU2204,2022-03-07,72800.0,75610.0,72660.0,74980.0,164131,156329,6101747.28,74350.0,72740.0,CU
1,CU2204,2022-03-08,74900.0,77270.0,70560.0,74000.0,242689,139982,8921288.17,73520.0,74350.0,CU
1,CU2204,2022-03-09,71880.0,73250.0,71880.0,72720.0,118144,126949,4297578.03,72750.0,73520.0,CU
1,CU2204,2022-03-10,72000.0,72460.0,71440.0,71940.0,98015,116352,3521202.81,71850.0,72750.0,CU
1,CU2204,2022-03-11,72300.0,72460.0,71830.0,72150.0,58980,111552,2127282.73,72130.0,71850.0,CU
1,CU2204,2022-03-14,72390.0,72410.0,71750.0,71780.0,56960,111596,2051125.77,72010.0,72130.0,CU
1,CU2204,2022-03-15,71260.0,71800.0,71260.0,71360.0,68140,110054,2435474.45,71480.0,72010.0,CU
0,CU2204,2022-03-16,71200.0,72260.0,71150.0,72090.0,69098,105440,2476100.41,71660.0,71480.0,CU
0,CU2204,2022-03-17,72120.0,72570.0,72000.0,72250.0,52124,102561,1883723.52,72270.0,71660.0,CU
1,CU2205,2022-03-18,72550.0,73260.0,72380.0,72780.0,64847,122760,2360172.65,72790.0,72200.0,CU
1,CU2205,2022-03-21,72800.0,73780.0,72630.0,72880.0,83482,136789,3053459.165,73150.0,72790.0,CU
1,CU2205,2022-03-22,73010.0,73320.0,72880.0,73120.0,46312,144291,1693612.94,73130.0,73150.0,CU
1,CU2205,2022-03-23,73660.0,73670.0,72820.0,73180.0,52581,146263,1923211.445,73150.0,73130.0,CU
1,CU2205,2022-03-24,73500.0,73950.0,73380.0,73580.0,65180,153880,2400234.645,73640.0,73150.0,CU
1,CU2205,2022-03-25,73600.0,73920.0,73300.0,73560.0,56602,153934,2082199.25,73570.0,73640.0,CU
1,CU2205,2022-03-28,73500.0,73500.0,72700.0,72940.0,72433,152869,2645598.685,73040.0,73570.0,CU
1,CU2205,2022-03-29,73250.0,73830.0,73130.0,73570.0,66283,159874,2437347.1,73540.0,73040.0,CU
1,CU2205,2022-03-30,73270.0,74310.0,73120.0,74210.0,82724,166961,3047423.845,73670.0,73540.0,CU
1,CU2205,2022-03-31,73710.0,73870.0,73280.0,73320.0,71439,155903,2626974.415,73540.0,73670.0,CU
1,CU2205,2022-04-01,73540.0,73700.0,73030.0,73160.0,58868,152682,2159683.52,73370.0,73540.0,CU
1,CU2205,2022-04-06,73980.0,73990.0,73510.0,73720.0,39492,155196,1455500.675,73710.0,73370.0,CU
1,CU2205,2022-04-07,73720.0,73950.0,73350.0,73410.0,55126,154531,2027719.295,73560.0,73710.0,CU
1,CU2205,2022-04-08,73280.0,73930.0,73180.0,73760.0,55949,158724,2056835.04,73520.0,73560.0,CU
1,CU2205,2022-04-11,73690.0,73760.0,73160.0,73230.0,60836,153639,2232919.675,73400.0,73520.0,CU
1,CU2205,2022-04-12,73200.0,73450.0,72930.0,73350.0,70395,151281,2577619.775,73230.0,73400.0,CU
1,CU2205,2022-04-13,73300.0,74450.0,73240.0,74030.0,86744,157434,3206284.175,73920.0,73230.0,CU
1,CU2205,2022-04-14,73790.0,74270.0,73620.0,74180.0,53307,157429,1970791.775,73940.0,73920.0,CU
1,CU2205,2022-04-15,73820.0,75100.0,73780.0,74970.0,67161,164995,2503692.985,74550.0,73940.0,CU
0,CU2205,2022-04-18,74890.0,75320.0,74650.0,74760.0,52462,156720,1965516.175,74930.0,74550.0,CU
0,CU2205,2022-04-19,74910.0,75500.0,74800.0,75040.0,63367,149391,2381425.86,75160.0,74930.0,CU
0,CU2205,2022-04-20,74760.0,74770.0,74320.0,74480.0,60056,135362,2237591.53,74510.0,75160.0,CU
0,CU2205,2022-04-21,74140.0,74750.0,74140.0,74480.0,48008,126276,1787678.005,74470.0,74510.0,CU
0,CU2205,2022-04-22,74800.0,75200.0,74690.0,75010.0,58874,122400,2205632.84,74920.0,74470.0,CU
1,CU2206,2022-04-25,74980.0,75150.0,73310.0,73340.0,131505,143815,4868857.355,74040.0,74840.0,CU
1,CU2206,2022-04-26,73170.0,73750.0,72500.0,73260.0,113019,148859,4130930.61,73100.0,74040.0,CU
1,CU2206,2022-04-27,72990.0,73560.0,72910.0,73320.0,81889,148335,2999082.14,73240.0,73100.0,CU
1,CU2206,2022-04-28,73100.0,73540.0,72870.0,73320.0,71044,150234,2600823.995,73210.0,73240.0,CU
1,CU2206,2022-04-29,73320.0,73960.0,72940.0,73600.0,73894,149754,2709499.245,73330.0,73210.0,CU
1,CU2206,2022-05-05,72940.0,73440.0,72710.0,72760.0,61604,150524,2250258.7,73050.0,73330.0,CU
1,CU2206,2022-05-06,72380.0,72560.0,71820.0,72050.0,109319,155058,3945237.57,72170.0,73050.0,CU
1,CU2206,2022-05-09,71900.0,72040.0,71430.0,71440.0,93092,155923,3336440.885,71680.0,72170.0,CU
1,CU2206,2022-05-10,70920.0,71950.0,70870.0,71720.0,110712,155273,3950833.34,71370.0,71680.0,CU
1,CU2206,2022-05-11,71660.0,71830.0,70810.0,71580.0,88796,152143,3173547.825,71470.0,71370.0,CU
1,CU2206,2022-05-12,71470.0,71940.0,70850.0,70880.0,84662,156541,3022691.81,71400.0,71470.0,CU
1,CU2206,2022-05-13,70300.0,71130.0,70060.0,71060.0,100302,155842,3540898.87,70600.0,71400.0,CU
1,CU2206,2022-05-16,70580.0,71780.0,70360.0,71270.0,89343,148860,3176608.965,71110.0,70600.0,CU
0,CU2206,2022-05-17,71750.0,71880.0,71320.0,71790.0,63091,140404,2260228.18,71640.0,71110.0,CU
0,CU2206,2022-05-18,72060.0,72120.0,71310.0,71340.0,56167,133805,2014700.29,71730.0,71640.0,CU
0,CU2206,2022-05-19,71400.0,71620.0,71000.0,71530.0,70782,125911,2525015.47,71340.0,71730.0,CU
0,CU2206,2022-05-20,71540.0,72020.0,71540.0,71900.0,65352,116011,2345415.585,71770.0,71340.0,CU
0,CU2206,2022-05-23,71960.0,72260.0,71670.0,72050.0,55949,107212,2014834.625,72020.0,71770.0,CU
0,CU2206,2022-05-24,72260.0,72260.0,71670.0,71770.0,52383,98178,1886901.35,72040.0,72020.0,CU
1,CU2207,2022-05-25,71310.0,71670.0,71260.0,71530.0,52878,121761,1888642.375,71430.0,71760.0,CU
1,CU2207,2022-05-26,71150.0,71410.0,70960.0,71080.0,63239,131511,2250767.075,71180.0,71430.0,CU
1,CU2207,2022-05-27,71380.0,72150.0,71300.0,71900.0,77992,135427,2799422.425,71780.0,71180.0,CU
1,CU2207,2022-05-30,71790.0,72230.0,71750.0,71950.0,57004,138162,2051505.04,71970.0,71780.0,CU
1,CU2207,2022-05-31,72010.0,72290.0,71870.0,72120.0,50706,140486,1828053.325,72100.0,71970.0,CU
1,CU2207,2022-06-01,71970.0,72000.0,71400.0,71600.0,62601,139921,2242255.07,71630.0,72100.0,CU
1,CU2207,2022-06-02,72020.0,72200.0,71760.0,72130.0,55476,141637,1997665.59,72010.0,71630.0,CU
1,CU2207,2022-06-06,73020.0,73120.0,72510.0,72680.0,62085,148193,2258278.075,72740.0,72010.0,CU
1,CU2207,2022-06-07,72930.0,72930.0,72410.0,72460.0,44634,149533,1622253.075,72690.0,72740.0,CU
1,CU2207,2022-06-08,72350.0,72920.0,72320.0,72790.0,58408,154356,2123171.075,72700.0,72690.0,CU
1,CU2207,2022-06-09,72800.0,73050.0,72700.0,72810.0,49609,154944,1806675.195,72830.0,72700.0,CU
1,CU2207,2022-06-10,72650.0,72700.0,72380.0,72650.0,56491,153019,2048844.925,72530.0,72830.0,CU
1,CU2207,2022-06-13,72300.0,72470.0,71610.0,71720.0,92405,144037,3324582.79,71950.0,72530.0,CU
1,CU2207,2022-06-14,71320.0,71680.0,71110.0,71570.0,77694,141043,2773419.12,71390.0,71950.0,CU
1,CU2207,2022-06-15,71270.0,71350.0,70660.0,70670.0,87721,140983,3114559.72,71010.0,71390.0,CU
0,CU2207,2022-06-16,70870.0,71180.0,70530.0,70540.0,74004,134901,2619285.31,70780.0,71010.0,CU
0,CU2207,2022-06-17,69820.0,69940.0,69150.0,69740.0,105680,128917,3678454.375,69610.0,70780.0,CU
0,CU2207,2022-06-20,69450.0,69450.0,68000.0,68000.0,116285,125733,3993137.38,68670.0,69610.0,CU
0,CU2207,2022-06-21,67990.0,68700.0,67680.0,68030.0,84035,113914,2865024.35,68180.0,68670.0,CU
0,CU2207,2022-06-22,68400.0,68980.0,67030.0,67060.0,85059,107154,2892171.185,68000.0,68180.0,CU
1,CU2208,2022-06-23,66450.0,67120.0,65340.0,66190.0,125537,126060,4155187.355,66190.0,67770.0,CU
1,CU2208,2022-06-24,65390.0,65690.0,63350.0,63440.0,173900,143339,5602258.89,64430.0,66190.0,CU
1,CU2208,2022-06-27,63300.0,64680.0,61620.0,63750.0,230142,146507,7300166.435,63440.0,64430.0,CU
1,CU2208,2022-06-28,63760.0,64910.0,63470.0,64890.0,126386,135020,4048435.445,64060.0,63440.0,CU
1,CU2208,2022-06-29,64800.0,64880.0,62960.0,63470.0,155790,141986,4981811.53,63950.0,64060.0,CU
1,CU2208,2022-06-30,64440.0,64680.0,63690.0,63850.0,111692,139765,3585515.085,64200.0,63950.0,CU
1,CU2208,2022-07-01,63150.0,63380.0,61420.0,61630.0,177406,151502,5552309.59,62590.0,64200.0,CU
1,CU2208,2022-07-04,61400.0,61880.0,60630.0,60660.0,152453,154283,4668755.645,61240.0,62590.0,CU
1,CU2208,2022-07-05,61090.0,61480.0,60070.0,60110.0,147521,155659,4492231.42,60900.0,61240.0,CU
1,CU2208,2022-07-06,59490.0,59500.0,55510.0,57620.0,268494,164552,7767836.125,57860.0,60900.0,CU
1,CU2208,2022-07-07,58000.0,59550.0,57160.0,58640.0,226074,152780,6582304.325,58230.0,57860.0,CU
1,CU2208,2022-07-08,59850.0,60540.0,58750.0,58960.0,179906,146409,5369619.74,59690.0,58230.0,CU
1,CU2208,2022-07-11,59050.0,59780.0,57870.0,58480.0,152066,146028,4466043.26,58730.0,59690.0,CU
1,CU2208,2022-07-12,58550.0,58630.0,57250.0,57320.0,145196,146644,4206826.11,57940.0,58730.0,CU
1,CU2208,2022-07-13,56960.0,56980.0,55350.0,56030.0,196041,153759,5502380.48,56130.0,57940.0,CU
1,CU2208,2022-07-14,55530.0,56690.0,54750.0,55450.0,237122,148648,6608725.905,55740.0,56130.0,CU
1,CU2208,2022-07-15,55400.0,55400.0,53400.0,53480.0,206134,143350,5627726.8,54600.0,55740.0,CU
0,CU2208,2022-07-18,54200.0,56460.0,54020.0,56390.0,227369,131640,6288797.82,55310.0,54600.0,CU
0,CU2208,2022-07-19,56430.0,57430.0,55710.0,56030.0,135345,122993,3823493.0,56490.0,55310.0,CU
0,CU2208,2022-07-20,56100.0,57340.0,55360.0,56840.0,134354,116095,3786229.61,56360.0,56490.0,CU
0,CU2208,2022-07-21,56850.0,57300.0,55940.0,56180.0,117577,111861,3321536.955,56490.0,56360.0,CU
0,CU2208,2022-07-22,56180.0,57080.0,55740.0,56930.0,118965,107507,3357901.855,56450.0,56490.0,CU
1,CU2209,2022-07-25,56660.0,57850.0,56570.0,57010.0,143169,134548,4091936.64,57160.0,56260.0,CU
1,CU2209,2022-07-26,57290.0,59040.0,57290.0,58890.0,160993,152178,4673585.8,58050.0,57160.0,CU
1,CU2209,2022-07-27,58730.0,58840.0,57720.0,58390.0,145415,153367,4235647.915,58250.0,58050.0,CU
1,CU2209,2022-07-28,58280.0,60060.0,57960.0,59990.0,161288,155978,4768437.375,59120.0,58250.0,CU
1,CU2209,2022-07-29,59610.0,60170.0,59230.0,60100.0,147588,157641,4403988.525,59670.0,59120.0,CU
1,CU2209,2022-08-01,60180.0,61260.0,59920.0,60840.0,174005,159606,5280838.315,60690.0,59670.0,CU
1,CU2209,2022-08-02,61020.0,61250.0,59120.0,60250.0,182051,155093,5466971.515,60050.0,60690.0,CU
1,CU2209,2022-08-03,60450.0,60700.0,59510.0,59780.0,179147,157522,5379341.86,60050.0,60050.0,CU
1,CU2209,2022-08-04,60050.0,60170.0,58730.0,58750.0,137931,160822,4098551.175,59420.0,60050.0,CU
1,CU2209,2022-08-05,59100.0,60560.0,58540.0,60310.0,182012,164183,5434150.34,59710.0,59420.0,CU
1,CU2209,2022-08-08,60080.0,61200.0,59710.0,60930.0,160061,162318,4847999.7,60570.0,59710.0,CU
1,CU2209,2022-08-09,60880.0,61700.0,60680.0,61220.0,134470,160967,4114952.525,61200.0,60570.0,CU
1,CU2209,2022-08-10,61390.0,61890.0,60760.0,61040.0,133240,160500,4087190.22,61350.0,61200.0,CU
1,CU2209,2022-08-11,61960.0,62790.0,61600.0,62690.0,154253,160597,4789925.935,62100.0,61350.0,CU
1,CU2209,2022-08-12,62800.0,63010.0,62420.0,62930.0,115720,162236,3629328.085,62720.0,62100.0,CU
1,CU2209,2022-08-15,62390.0,62440.0,61240.0,61480.0,139942,159259,4334254.05,61940.0,62720.0,CU
0,CU2209,2022-08-16,61040.0,62460.0,60830.0,62040.0,126975,155892,3921260.235,61760.0,61940.0,CU
0,CU2209,2022-08-17,62110.0,62410.0,61770.0,61960.0,100558,151242,3121695.99,62080.0,61760.0,CU
0,CU2209,2022-08-18,61770.0,61900.0,61150.0,61170.0,116574,151030,3586991.25,61540.0,62080.0,CU
0,CU2209,2022-08-19,62100.0,62610.0,61890.0,61980.0,110989,148840,3455050.9,62250.0,61540.0,CU
0,CU2209,2022-08-22,62500.0,63400.0,62350.0,62770.0,109392,143995,3439780.26,62880.0,62250.0,CU
0,CU2209,2022-08-23,62560.0,63270.0,62340.0,63040.0,81774,134350,2568588.975,62820.0,62880.0,CU
1,CU2210,2022-08-24,62880.0,63330.0,62630.0,63060.0,92868,136655,2922607.23,62940.0,62400.0,CU
1,CU2210,2022-08-25,62720.0,62850.0,62400.0,62780.0,113853,149094,3564937.7,62620.0,62940.0,CU
1,CU2210,2022-08-26,63030.0,63730.0,62910.0,63690.0,113042,164183,3580328.22,63340.0,62620.0,CU
1,CU2210,2022-08-29,64210.0,64560.0,62280.0,62550.0,185856,166219,5889875.25,63380.0,63340.0,CU
1,CU2210,2022-08-30,62700.0,62840.0,61990.0,62200.0,117080,163034,3651415.775,62370.0,63380.0,CU
1,CU2210,2022-08-31,61840.0,62340.0,61580.0,62060.0,127826,159941,3959142.205,61940.0,62370.0,CU
1,CU2210,2022-09-01,60900.0,61520.0,60350.0,60680.0,167919,162153,5114931.605,60920.0,61940.0,CU
1,CU2210,2022-09-02,60530.0,60530.0,59300.0,59540.0,161035,167757,4818448.88,59840.0,60920.0,CU
1,CU2210,2022-09-05,59700.0,60670.0,59450.0,60580.0,158964,167403,4774073.845,60060.0,59840.0,CU
1,CU2210,2022-09-06,60380.0,61650.0,60360.0,61630.0,123553,161288,3765272.97,60940.0,60060.0,CU
1,CU2210,2022-09-07,61380.0,61500.0,60390.0,60550.0,123977,163704,3779516.8,60970.0,60940.0,CU
1,CU2210,2022-09-08,60890.0,61360.0,60490.0,61150.0,123027,161574,3750069.805,60960.0,60970.0,CU
1,CU2210,2022-09-09,61450.0,63100.0,61290.0,63070.0,158026,162113,4921658.475,62280.0,60960.0,CU
1,CU2210,2022-09-13,63170.0,63560.0,62880.0,63190.0,73290,159448,2314562.43,63160.0,62280.0,CU
1,CU2210,2022-09-14,62920.0,63050.0,62120.0,62280.0,123846,157446,3869945.62,62490.0,63160.0,CU
1,CU2210,2022-09-15,62280.0,62790.0,61870.0,62220.0,118765,152790,3699419.46,62290.0,62490.0,CU
0,CU2210,2022-09-16,62010.0,62320.0,61810.0,61950.0,105047,145499,3257487.84,62010.0,62290.0,CU
0,CU2210,2022-09-19,62110.0,63200.0,62050.0,62280.0,112402,140415,3517057.435,62570.0,62010.0,CU
0,CU2210,2022-09-20,62020.0,62930.0,61960.0,62600.0,89148,133173,2785416.4,62480.0,62570.0,CU
0,CU2210,2022-09-21,62400.0,62970.0,62260.0,62760.0,77123,131777,2412168.485,62550.0,62480.0,CU
0,CU2210,2022-09-22,62290.0,62850.0,61890.0,62430.0,118153,123593,3686112.44,62390.0,62550.0,CU
0,CU2210,2022-09-23,62990.0,63000.0,62090.0,62180.0,78763,116679,2462834.825,62530.0,62390.0,CU
0,CU2210,2022-09-26,61180.0,61510.0,60620.0,60700.0,141617,102539,4325292.115,61080.0,62530.0,CU
1,CU2211,2022-09-27,60100.0,60850.0,59850.0,60470.0,113406,142293,3422987.32,60360.0,60320.0,CU
1,CU2211,2022-09-28,60700.0,60770.0,59860.0,60020.0,101191,148030,3046339.43,60200.0,60360.0,CU
1,CU2211,2022-09-29,60540.0,61210.0,60340.0,60870.0,111097,148758,3376485.505,60780.0,60200.0,CU
1,CU2211,2022-09-30,61280.0,61410.0,60630.0,61320.0,101617,142520,3103112.23,61070.0,60780.0,CU
1,CU2211,2022-10-10,61070.0,61630.0,61050.0,61260.0,72287,143498,2215797.345,61300.0,61070.0,CU
1,CU2211,2022-10-11,62000.0,62730.0,61870.0,62360.0,112508,155384,3504776.425,62300.0,61300.0,CU
1,CU2211,2022-10-12,62510.0,62820.0,62020.0,62720.0,96511,159833,3009084.295,62350.0,62300.0,CU
1,CU2211,2022-10-13,62530.0,62630.0,62160.0,62340.0,84695,160522,2644210.49,62440.0,62350.0,CU
1,CU2211,2022-10-14,62050.0,63740.0,61880.0,63700.0,141755,172003,4461577.655,62940.0,62440.0,CU
1,CU2211,2022-10-17,63700.0,63760.0,62840.0,63080.0,107335,163256,3391947.66,63200.0,62940.0,CU
0,CU2211,2022-10-18,63340.0,63450.0,62600.0,62650.0,96499,152146,3031927.115,62830.0,63200.0,CU
0,CU2211,2022-10-19,62460.0,62540.0,61950.0,62120.0,93539,144949,2909798.255,62210.0,62830.0,CU
0,CU2211,2022-10-20,62230.0,62490.0,61980.0,62270.0,82732,137094,2571918.53,62170.0,62210.0,CU
0,CU2211,2022-10-21,62750.0,63400.0,62590.0,62820.0,96569,132547,3045505.195,63070.0,62170.0,CU
1,CU2212,2022-10-24,61680.0,63440.0,61680.0,62840.0,115396,171345,3621125.595,62750.0,62030.0,CU
1,CU2212,2022-10-25,62980.0,63190.0,62700.0,63060.0,77210,180053,2431000.715,62970.0,62750.0,CU
1,CU2212,2022-10-26,62510.0,63110.0,62510.0,62750.0,89367,185041,2805279.165,62780.0,62970.0,CU
1,CU2212,2022-10-27,63200.0,63730.0,63140.0,63450.0,100565,195630,3191549.015,63470.0,62780.0,CU
1,CU2212,2022-10-28,63630.0,64160.0,62740.0,62830.0,133310,195128,4230851.145,63470.0,63470.0,CU
1,CU2212,2022-10-31,62730.0,62960.0,61850.0,62060.0,149926,190869,4676077.395,62370.0,63470.0,CU
1,CU2212,2022-11-01,61800.0,63510.0,61760.0,63350.0,143225,189728,4491287.44,62710.0,62370.0,CU
1,CU2212,2022-11-02,63660.0,63950.0,63120.0,63570.0,95485,191357,3035014.65,63570.0,62710.0,CU
1,CU2212,2022-11-03,63400.0,63630.0,63150.0,63350.0,72791,190708,2307649.96,63400.0,63570.0,CU
1,CU2212,2022-11-04,62810.0,64520.0,62720.0,64250.0,132397,192238,4207953.13,63560.0,63400.0,CU
1,CU2212,2022-11-07,65500.0,66420.0,64970.0,65730.0,187038,201771,6133814.29,65580.0,63560.0,CU
1,CU2212,2022-11-08,65330.0,65850.0,64950.0,65780.0,108697,200587,3551088.545,65330.0,65580.0,CU
1,CU2212,2022-11-09,65900.0,66740.0,65820.0,66580.0,133221,204380,4409015.665,66190.0,65330.0,CU
1,CU2212,2022-11-10,66200.0,67230.0,66130.0,66750.0,147374,199754,4910794.975,66640.0,66190.0,CU
1,CU2212,2022-11-11,66550.0,68420.0,66460.0,67630.0,209808,197600,7091692.385,67600.0,66640.0,CU
1,CU2212,2022-11-14,67670.0,68330.0,66660.0,67010.0,190728,185487,6436131.8,67490.0,67600.0,CU
1,CU2212,2022-11-15,66670.0,67240.0,66440.0,67190.0,113258,177232,3787594.28,66880.0,67490.0,CU
0,CU2212,2022-11-16,66870.0,67120.0,66340.0,66710.0,104038,167024,3469650.835,66690.0,66880.0,CU
0,CU2212,2022-11-17,66710.0,66750.0,66000.0,66510.0,90982,158047,3017126.8,66320.0,66690.0,CU
0,CU2212,2022-11-18,66210.0,66290.0,65650.0,65740.0,92310,148056,3040167.33,65860.0,66320.0,CU
0,CU2212,2022-11-21,65510.0,65580.0,64730.0,65030.0,97528,132814,3175161.78,65110.0,65860.0,CU
0,CU2212,2022-11-22,64640.0,64820.0,64260.0,64410.0,81536,121664,2634571.715,64620.0,65110.0,CU
0,CU2212,2022-11-23,65020.0,65350.0,64590.0,64890.0,73475,109897,2386161.9,64950.0,64620.0,CU
1,CU2301,2022-11-24,64630.0,65200.0,64460.0,64990.0,68152,144893,2209939.92,64850.0,64710.0,CU
1,CU2301,2022-11-25,64850.0,65280.0,64730.0,65170.0,64166,148708,2086095.91,65020.0,64850.0,CU
1,CU2301,2022-11-28,65360.0,65620.0,64000.0,64130.0,118987,147823,3841142.785,64560.0,65020.0,CU
1,CU2301,2022-11-29,64650.0,65360.0,64470.0,65080.0,98472,147420,3193577.515,64860.0,64560.0,CU
1,CU2301,2022-11-30,65080.0,65200.0,64550.0,64680.0,66304,147320,2148190.18,64790.0,64860.0,CU
1,CU2301,2022-12-01,65620.0,66050.0,65150.0,65890.0,102607,151706,3366628.71,65620.0,64790.0,CU
1,CU2301,2022-12-02,65520.0,66300.0,65520.0,66240.0,72762,147143,2395201.53,65830.0,65620.0,CU
1,CU2301,2022-12-05,65950.0,66860.0,65590.0,66260.0,89722,145004,2970834.165,66220.0,65830.0,CU
1,CU2301,2022-12-06,66190.0,66280.0,65550.0,65770.0,57736,143257,1902666.6,65900.0,66220.0,CU
1,CU2301,2022-12-07,65890.0,66570.0,65300.0,65440.0,89484,146578,2947128.395,65860.0,65900.0,CU
1,CU2301,2022-12-08,65670.0,66520.0,65500.0,66360.0,68350,144893,2256306.235,66020.0,65860.0,CU
1,CU2301,2022-12-09,66660.0,67160.0,66350.0,67120.0,72302,148592,2415004.1,66800.0,66020.0,CU
1,CU2301,2022-12-12,66590.0,66730.0,65890.0,66030.0,77966,142968,2583905.78,66280.0,66800.0,CU
1,CU2301,2022-12-13,66030.0,66210.0,65530.0,66070.0,59251,140829,1952704.805,65910.0,66280.0,CU
1,CU2301,2022-12-14,66340.0,67000.0,66180.0,66510.0,75527,142834,2512336.55,66520.0,65910.0,CU
1,CU2301,2022-12-15,66160.0,66340.0,65830.0,65980.0,66557,138262,2197001.46,66010.0,66520.0,CU
0,CU2301,2022-12-16,66040.0,66060.0,65060.0,65260.0,88099,130399,2883661.905,65460.0,66010.0,CU
0,CU2301,2022-12-19,65050.0,65950.0,64910.0,65110.0,76102,123414,2485467.555,65310.0,65460.0,CU
0,CU2301,2022-12-20,65410.0,65650.0,64600.0,65060.0,71870,114226,2341697.085,65160.0,65310.0,CU
0,CU2301,2022-12-21,65160.0,65920.0,65140.0,65760.0,65815,104044,2160331.1,65640.0,65160.0,CU
0,CU2301,2022-12-22,65760.0,66300.0,65640.0,65820.0,48898,96957,1613615.49,65990.0,65640.0,CU
0,CU2301,2022-12-23,65710.0,65790.0,65330.0,65450.0,45082,90762,1476496.565,65500.0,65990.0,CU
0,CU2301,2022-12-26,65450.0,66120.0,65330.0,66040.0,48638,80204,1600987.065,65830.0,65500.0,CU
1,CU2302,2022-12-27,65850.0,66660.0,65850.0,66420.0,44544,101894,1477458.315,66330.0,65780.0,CU
1,CU2302,2022-12-28,66810.0,66820.0,66190.0,66440.0,50067,103242,1665250.37,66520.0,66330.0,CU
1,CU2302,2022-12-29,66440.0,66500.0,66170.0,66430.0,37986,104321,1259700.59,66320.0,66520.0,CU
1,CU2302,2022-12-30,66180.0,66320.0,65970.0,66260.0,44425,99641,1468706.885,66120.0,66320.0,CU
1,CU2302,2023-01-03,66160.0,66250.0,65310.0,65790.0,49935,96846,1639657.265,65670.0,66120.0,CU
1,CU2302,2023-01-04,65580.0,65780.0,64520.0,64560.0,64526,99483,2098419.695,65040.0,65670.0,CU
1,CU2302,2023-01-05,63940.0,64460.0,63850.0,64290.0,64355,98356,2063038.94,64110.0,65040.0,CU
2,CU2303,2023-01-06,65040.0,65320.0,64860.0,65190.0,68792,146174,2238945.405,65090.0,64030.0,CU
2,CU2303,2023-01-09,64860.0,66260.0,64650.0,66090.0,100818,159235,3309193.125,65640.0,65090.0,CU
2,CU2303,2023-01-10,66370.0,66860.0,66290.0,66590.0,75072,169752,2497726.39,66540.0,65640.0,CU
2,CU2303,2023-01-11,66860.0,68020.0,66700.0,68000.0,95788,189204,3229181.495,67420.0,66540.0,CU
2,CU2303,2023-01-12,68020.0,69040.0,68020.0,68660.0,103292,198167,3546211.175,68660.0,67420.0,CU
2,CU2303,2023-01-13,68680.0,69390.0,68430.0,68630.0,102399,201290,3524598.02,68840.0,68660.0,CU
2,CU2303,2023-01-16,68530.0,68950.0,68070.0,68640.0,64322,197618,2206541.27,68600.0,68840.0,CU
1,CU2303,2023-01-17,68740.0,68840.0,68320.0,68400.0,51649,193550,1770593.58,68560.0,68600.0,CU
1,CU2303,2023-01-18,68900.0,70450.0,68780.0,70300.0,91193,198229,3178209.8,69700.0,68560.0,CU
1,CU2303,2023-01-19,70910.0,71500.0,69280.0,69680.0,101438,188881,3567649.25,70340.0,69700.0,CU
1,CU2303,2023-01-20,69550.0,70650.0,69430.0,70420.0,73528,185326,2579279.4,70150.0,70340.0,CU
1,CU2303,2023-01-30,70290.0,70300.0,69180.0,69330.0,57386,177532,1999856.505,69690.0,70150.0,CU
1,CU2303,2023-01-31,69470.0,69790.0,69170.0,69240.0,68468,175820,2377632.485,69450.0,69690.0,CU
1,CU2303,2023-02-01,69030.0,70000.0,68930.0,69700.0,58753,176168,2043447.545,69560.0,69450.0,CU
1,CU2303,2023-02-02,69490.0,69540.0,68700.0,69060.0,74163,173518,2565659.4,69180.0,69560.0,CU
1,CU2303,2023-02-03,68930.0,69440.0,68350.0,68890.0,83202,166505,2864993.855,68860.0,69180.0,CU
1,CU2303,2023-02-06,68870.0,68980.0,68140.0,68340.0,89845,165143,3077079.285,68490.0,68860.0,CU
1,CU2303,2023-02-07,68250.0,68360.0,67570.0,68260.0,76281,162437,2594098.575,68010.0,68490.0,CU
1,CU2303,2023-02-08,67920.0,68750.0,67660.0,68640.0,68125,160063,2323388.605,68200.0,68010.0,CU
1,CU2303,2023-02-09,68920.0,68980.0,68000.0,68640.0,66473,154927,2276302.965,68480.0,68200.0,CU
1,CU2303,2023-02-10,68640.0,68940.0,68160.0,68420.0,65780,152323,2252517.085,68480.0,68480.0,CU
1,CU2303,2023-02-13,68490.0,68560.0,67800.0,68150.0,63680,146260,2170200.405,68150.0,68480.0,CU
1,CU2303,2023-02-14,68380.0,68780.0,68130.0,68680.0,53050,146151,1817500.565,68520.0,68150.0,CU
1,CU2303,2023-02-15,68630.0,69260.0,68370.0,68640.0,94661,145118,3259106.305,68850.0,68520.0,CU
0,CU2303,2023-02-16,68290.0,68660.0,67820.0,68510.0,73566,136161,2510933.035,68260.0,68850.0,CU
0,CU2303,2023-02-17,68810.0,69380.0,68560.0,68880.0,65567,131996,2261719.455,68980.0,68260.0,CU
0,CU2303,2023-02-20,68800.0,69400.0,68580.0,69400.0,56876,127317,1963434.32,69040.0,68980.0,CU
0,CU2303,2023-02-21,69770.0,70130.0,69640.0,70100.0,56137,116997,1960083.895,69830.0,69040.0,CU
1,CU2304,2023-02-22,70360.0,70800.0,70180.0,70200.0,71344,160122,2514508.09,70480.0,69940.0,CU
1,CU2304,2023-02-23,70240.0,70480.0,69920.0,70010.0,58252,163849,2045315.49,70220.0,70480.0,CU
1,CU2304,2023-02-24,70210.0,70280.0,69060.0,69610.0,87917,163360,3057540.39,69550.0,70220.0,CU
1,CU2304,2023-02-27,69120.0,69350.0,68290.0,68300.0,121453,159665,4172983.7,68710.0,69550.0,CU
1,CU2304,2023-02-28,68460.0,69080.0,68460.0,69050.0,85168,150661,2926908.94,68730.0,68710.0,CU
1,CU2304,2023-03-01,69260.0,70170.0,69110.0,70080.0,87608,154787,3052062.845,69670.0,68730.0,CU
1,CU2304,2023-03-02,70160.0,70260.0,69730.0,69780.0,62414,154676,2183626.0,69970.0,69670.0,CU
1,CU2304,2023-03-03,69100.0,69910.0,69000.0,69820.0,80001,152202,2775649.04,69390.0,69970.0,CU
1,CU2304,2023-03-06,69820.0,69900.0,69300.0,69310.0,55739,145748,1937561.075,69520.0,69390.0,CU
1,CU2304,2023-03-07,69110.0,69800.0,69050.0,69590.0,51218,147482,1781446.38,69560.0,69520.0,CU
1,CU2304,2023-03-08,69250.0,69320.0,68680.0,68880.0,82682,145772,2850498.735,68950.0,69560.0,CU
1,CU2304,2023-03-09,69160.0,69700.0,68910.0,69290.0,76750,144010,2659740.64,69300.0,68950.0,CU
1,CU2304,2023-03-10,69380.0,69700.0,68800.0,68810.0,70261,143690,2429098.95,69140.0,69300.0,CU
1,CU2304,2023-03-13,68860.0,69410.0,68540.0,69270.0,110572,145271,3813618.715,68970.0,69140.0,CU
1,CU2304,2023-03-14,67780.0,68960.0,67500.0,68550.0,119029,141833,4063355.715,68270.0,68970.0,CU
1,CU2304,2023-03-15,68970.0,69100.0,68550.0,68660.0,62871,139125,2162688.395,68790.0,68270.0,CU
0,CU2304,2023-03-16,67130.0,67650.0,66360.0,66420.0,166168,132233,5574814.405,67090.0,68790.0,CU
0,CU2304,2023-03-17,66620.0,67440.0,66160.0,67220.0,103162,115381,3450254.345,66890.0,67090.0,CU
1,CU2305,2023-03-20,66980.0,67560.0,66540.0,66620.0,83497,148840,2797624.815,67010.0,66690.0,CU
1,CU2305,2023-03-21,67390.0,67650.0,67170.0,67530.0,76058,153584,2563038.145,67390.0,67010.0,CU
1,CU2305,2023-03-22,68280.0,68390.0,67740.0,68080.0,91995,157789,3130456.74,68050.0,67390.0,CU
1,CU2305,2023-03-23,68530.0,68750.0,68250.0,68350.0,89492,161802,3065195.19,68500.0,68050.0,CU
1,CU2305,2023-03-24,68420.0,69820.0,68330.0,69760.0,120251,173603,4156293.08,69120.0,68500.0,CU
1,CU2305,2023-03-27,69120.0,69380.0,68830.0,69250.0,96208,171085,3327566.535,69170.0,69120.0,CU
1,CU2305,2023-03-28,69150.0,69730.0,69050.0,69320.0,68650,171323,2383232.07,69430.0,69170.0,CU
1,CU2305,2023-03-29,69180.0,69680.0,69150.0,69280.0,59116,172322,2051288.27,69390.0,69430.0,CU
1,CU2305,2023-03-30,69900.0,69990.0,69410.0,69660.0,73914,173919,2575932.18,69700.0,69390.0,CU
1,CU2305,2023-03-31,69670.0,69790.0,69130.0,69200.0,77154,172624,2679019.885,69440.0,69700.0,CU
1,CU2305,2023-04-03,69100.0,69800.0,69040.0,69150.0,73815,172900,2560596.2,69370.0,69440.0,CU
1,CU2305,2023-04-04,69480.0,69600.0,68890.0,69080.0,70666,170012,2444175.15,69170.0,69370.0,CU
1,CU2305,2023-04-06,68500.0,68760.0,68430.0,68520.0,63458,165003,2176965.05,68610.0,69170.0,CU
1,CU2305,2023-04-07,68400.0,69090.0,68120.0,69040.0,71798,165833,2462538.125,68590.0,68610.0,CU
1,CU2305,2023-04-10,68810.0,69050.0,68620.0,68740.0,45388,162497,1560725.96,68770.0,68590.0,CU
1,CU2305,2023-04-11,68280.0,69040.0,68260.0,68880.0,71434,168974,2448748.29,68550.0,68770.0,CU
1,CU2305,2023-04-12,68880.0,69310.0,68740.0,68860.0,71602,167373,2469441.895,68970.0,68550.0,CU
1,CU2305,2023-04-13,68950.0,69470.0,68830.0,69170.0,73713,170762,2548845.875,69150.0,68970.0,CU
1,CU2305,2023-04-14,69870.0,70330.0,69790.0,70050.0,92074,184910,3225372.34,70060.0,69150.0,CU
1,CU2305,2023-04-17,70360.0,70630.0,69600.0,70170.0,91210,178995,3194476.86,70040.0,70060.0,CU
0,CU2305,2023-04-18,69850.0,69940.0,69420.0,69780.0,71199,164693,2479482.865,69640.0,70040.0,CU
0,CU2305,2023-04-19,69670.0,69940.0,69350.0,69470.0,57686,155142,2007580.85,69600.0,69640.0,CU
0,CU2305,2023-04-20,69290.0,69670.0,69270.0,69350.0,59872,141821,2079956.28,69480.0,69600.0,CU
0,CU2305,2023-04-21,69210.0,69350.0,68640.0,68660.0,87135,121019,3002463.53,68910.0,69480.0,CU
1,CU2306,2023-04-24,68620.0,68790.0,68200.0,68250.0,79006,164638,2702075.915,68400.0,68830.0,CU
1,CU2306,2023-04-25,68200.0,68620.0,67940.0,68080.0,100278,172143,3418110.875,68170.0,68400.0,CU
1,CU2306,2023-04-26,66850.0,67500.0,66660.0,67430.0,155671,183099,5223141.83,67100.0,68170.0,CU
1,CU2306,2023-04-27,67050.0,67270.0,66210.0,66560.0,143086,187019,4777066.405,66770.0,67100.0,CU
1,CU2306,2023-04-28,66400.0,67540.0,66120.0,67410.0,109486,176110,3662591.555,66900.0,66770.0,CU
1,CU2306,2023-05-04,66850.0,67320.0,66690.0,66920.0,69291,178647,2321161.315,66990.0,66900.0,CU
1,CU2306,2023-05-05,66810.0,67090.0,66220.0,66810.0,111863,183407,3724893.46,66590.0,66990.0,CU
1,CU2306,2023-05-08,66590.0,67500.0,66470.0,67470.0,100568,184240,3370850.8,67030.0,66590.0,CU
1,CU2306,2023-05-09,67570.0,67760.0,67040.0,67070.0,68922,179775,2322831.43,67400.0,67030.0,CU
1,CU2306,2023-05-10,67190.0,67510.0,67050.0,67240.0,63972,180997,2150954.605,67240.0,67400.0,CU
1,CU2306,2023-05-11,67000.0,67070.0,65240.0,65310.0,166462,199613,5521563.44,66340.0,67240.0,CU
1,CU2306,2023-05-12,64860.0,64890.0,63910.0,64610.0,201152,200649,6475903.875,64380.0,66340.0,CU
1,CU2306,2023-05-15,64880.0,65250.0,64390.0,64980.0,137408,188681,4454759.865,64830.0,64380.0,CU
0,CU2306,2023-05-16,65280.0,65360.0,64210.0,64360.0,110036,182484,3565269.145,64800.0,64830.0,CU
0,CU2306,2023-05-17,63990.0,64660.0,63990.0,64550.0,107444,170735,3456762.12,64340.0,64800.0,CU
0,CU2306,2023-05-18,65020.0,65970.0,65020.0,65760.0,115845,159314,3799866.985,65600.0,64340.0,CU
1,CU2307,2023-05-19,65130.0,65560.0,64860.0,65550.0,93035,166331,3032046.38,65180.0,65470.0,CU
1,CU2307,2023-05-22,65850.0,65980.0,64520.0,64860.0,127097,184574,4137959.72,65110.0,65180.0,CU
1,CU2307,2023-05-23,64950.0,65210.0,64160.0,64220.0,112878,193455,3651264.875,64690.0,65110.0,CU
1,CU2307,2023-05-24,64150.0,64480.0,63570.0,63850.0,152324,205909,4870684.085,63950.0,64690.0,CU
1,CU2307,2023-05-25,63720.0,63820.0,62690.0,63460.0,188009,214592,5947496.305,63260.0,63950.0,CU
1,CU2307,2023-05-26,63770.0,64630.0,63390.0,64630.0,168729,207582,5391245.095,63900.0,63260.0,CU
1,CU2307,2023-05-29,64730.0,65350.0,64520.0,65210.0,130619,198837,4241114.83,64930.0,63900.0,CU
1,CU2307,2023-05-30,65200.0,65380.0,64440.0,64800.0,110677,197547,3593353.75,64930.0,64930.0,CU
1,CU2307,2023-05-31,65100.0,65130.0,64550.0,64920.0,115592,196697,3745994.08,64810.0,64930.0,CU
1,CU2307,2023-06-01,64710.0,65830.0,64600.0,65720.0,136907,187263,4468348.135,65270.0,64810.0,CU
1,CU2307,2023-06-02,65520.0,66440.0,65470.0,66250.0,118310,186135,3899394.565,65910.0,65270.0,CU
1,CU2307,2023-06-05,66620.0,66670.0,65620.0,65770.0,96166,184023,3174898.225,66020.0,65910.0,CU
1,CU2307,2023-06-06,66270.0,66870.0,66080.0,66450.0,110022,188316,3658390.04,66500.0,66020.0,CU
1,CU2307,2023-06-07,66550.0,66990.0,66430.0,66540.0,75251,187635,2509310.395,66690.0,66500.0,CU
1,CU2307,2023-06-08,66840.0,67180.0,66420.0,66660.0,96463,186766,3220485.635,66770.0,66690.0,CU
1,CU2307,2023-06-09,66650.0,67110.0,66630.0,67080.0,79701,185269,2665498.23,66880.0,66770.0,CU
1,CU2307,2023-06-12,67410.0,67600.0,66750.0,66830.0,96021,184102,3221829.165,67100.0,66880.0,CU
1,CU2307,2023-06-13,66830.0,67460.0,66620.0,67340.0,83194,184708,2787594.0,67010.0,67100.0,CU
1,CU2307,2023-06-14,67870.0,68040.0,67600.0,67730.0,96678,188021,3280605.48,67860.0,67010.0,CU
1,CU2307,2023-06-15,68080.0,68200.0,67750.0,67850.0,72890,187863,2476339.305,67940.0,67860.0,CU
0,CU2307,2023-06-16,68250.0,68740.0,68140.0,68630.0,82419,187507,2819820.18,68420.0,67940.0,CU
0,CU2307,2023-06-19,68630.0,68800.0,68270.0,68450.0,75705,179713,2592968.77,68500.0,68420.0,CU
0,CU2307,2023-06-20,68660.0,68780.0,68350.0,68570.0,57764,173110,1979831.335,68540.0,68500.0,CU
0,CU2307,2023-06-21,68880.0,69370.0,68680.0,68930.0,86581,168139,2987605.405,69010.0,68540.0,CU
0,CU2307,2023-06-26,68430.0,68770.0,68230.0,68490.0,75110,152864,2572747.625,68500.0,69010.0,CU
1,CU2308,2023-06-27,68150.0,68380.0,67720.0,68150.0,68650,184629,2337543.68,68100.0,68150.0,CU
1,CU2308,2023-06-28,67820.0,67970.0,67600.0,67680.0,71765,189604,2431950.385,67770.0,68100.0,CU
1,CU2308,2023-06-29,67310.0,67460.0,67160.0,67230.0,78026,186515,2625334.96,67290.0,67770.0,CU
1,CU2308,2023-06-30,66800.0,67540.0,66720.0,67300.0,101176,184924,3395036.63,67110.0,67290.0,CU
1,CU2308,2023-07-03,67450.0,68470.0,67440.0,68260.0,84305,191113,2868338.18,68040.0,67110.0,CU
1,CU2308,2023-07-04,68290.0,68420.0,67960.0,68110.0,55895,192325,1905913.785,68190.0,68040.0,CU
1,CU2308,2023-07-05,67920.0,68070.0,67750.0,67760.0,46243,190735,1570080.215,67900.0,68190.0,CU
1,CU2308,2023-07-06,67650.0,68170.0,67620.0,67800.0,63372,191141,2151001.745,67880.0,67900.0,CU
1,CU2308,2023-07-07,67770.0,67970.0,67530.0,67610.0,64936,189293,2198955.055,67720.0,67880.0,CU
1,CU2308,2023-07-10,67790.0,68150.0,67660.0,67750.0,70296,194794,2385350.68,67860.0,67720.0,CU
1,CU2308,2023-07-11,67710.0,68340.0,67680.0,68130.0,78453,197410,2670344.68,68070.0,67860.0,CU
1,CU2308,2023-07-12,67780.0,67910.0,67520.0,67750.0,77684,189842,2630981.925,67730.0,68070.0,CU
1,CU2308,2023-07-13,68040.0,68710.0,68020.0,68610.0,93774,199600,3209757.6,68450.0,67730.0,CU
1,CU2308,2023-07-14,68970.0,69740.0,68880.0,69290.0,103035,206098,3577891.035,69450.0,68450.0,CU
1,CU2308,2023-07-17,69480.0,69540.0,68710.0,68740.0,80541,200090,2785520.955,69170.0,69450.0,CU
0,CU2308,2023-07-18,68270.0,68690.0,68130.0,68510.0,77733,183455,2659946.535,68430.0,69170.0,CU
0,CU2308,2023-07-19,68270.0,68790.0,68260.0,68760.0,54529,173891,1866957.965,68470.0,68430.0,CU
0,CU2308,2023-07-20,68450.0,68730.0,68340.0,68500.0,62899,167531,2155103.945,68520.0,68470.0,CU
0,CU2308,2023-07-21,68960.0,68970.0,68370.0,68720.0,60712,158739,2083467.67,68630.0,68520.0,CU
0,CU2308,2023-07-24,68410.0,68530.0,68250.0,68290.0,65924,146739,2253802.885,68370.0,68630.0,CU
1,CU2309,2023-07-25,68100.0,69000.0,68080.0,68940.0,86423,174376,2967440.13,68670.0,68210.0,CU
1,CU2309,2023-07-26,69260.0,69380.0,68940.0,69120.0,81761,187555,2828229.47,69180.0,68670.0,CU
1,CU2309,2023-07-27,68930.0,69470.0,68810.0,69000.0,82185,190916,2842481.375,69170.0,69180.0,CU
1,CU2309,2023-07-28,68880.0,69110.0,68700.0,69100.0,79752,184963,2745735.615,68850.0,69170.0,CU
1,CU2309,2023-07-31,69200.0,69790.0,69190.0,69530.0,111745,197823,3881279.625,69460.0,68850.0,CU
1,CU2309,2023-08-01,70200.0,70940.0,70050.0,70600.0,131810,211385,4646098.885,70490.0,69460.0,CU
1,CU2309,2023-08-02,70160.0,70260.0,69380.0,69420.0,123013,195163,4292653.275,69790.0,70490.0,CU
1,CU2309,2023-08-03,69100.0,69220.0,68770.0,68860.0,93550,185489,3227213.875,68990.0,69790.0,CU
1,CU2309,2023-08-04,68800.0,69660.0,68800.0,69350.0,83325,186799,2886969.275,69290.0,68990.0,CU
1,CU2309,2023-08-07,69020.0,69180.0,68800.0,69030.0,73848,183274,2545997.625,68950.0,69290.0,CU
1,CU2309,2023-08-08,69120.0,69230.0,68700.0,68730.0,76022,178702,2619070.745,68900.0,68950.0,CU
1,CU2309,2023-08-09,67800.0,68690.0,67740.0,68600.0,113385,171560,3866383.475,68190.0,68900.0,CU
1,CU2309,2023-08-10,68410.0,68730.0,68320.0,68590.0,64570,169306,2210844.93,68470.0,68190.0,CU
1,CU2309,2023-08-11,68750.0,68850.0,68180.0,68200.0,88030,167514,3013542.795,68460.0,68470.0,CU
1,CU2309,2023-08-14,67810.0,68180.0,67810.0,67940.0,87228,167073,2964896.37,67980.0,68460.0,CU
1,CU2309,2023-08-15,67960.0,68680.0,67950.0,68520.0,69397,165362,2369137.01,68270.0,67980.0,CU
0,CU2309,2023-08-16,68020.0,68190.0,67550.0,67550.0,101573,161395,3447087.085,67870.0,68270.0,CU
0,CU2309,2023-08-17,67560.0,68100.0,67560.0,67980.0,73127,153744,2479465.97,67810.0,67870.0,CU
0,CU2309,2023-08-18,68320.0,68550.0,67970.0,68000.0,62392,149439,2130990.395,68300.0,67810.0,CU
0,CU2309,2023-08-21,68120.0,68670.0,68010.0,68500.0,60816,143633,2081091.58,68430.0,68300.0,CU
0,CU2309,2023-08-22,68530.0,68850.0,68350.0,68670.0,54165,139300,1856380.125,68540.0,68430.0,CU
1,CU2310,2023-08-23,68710.0,69100.0,68650.0,68960.0,61185,137943,2106996.365,68870.0,68360.0,CU
1,CU2310,2023-08-24,69070.0,69320.0,68830.0,68870.0,77882,144637,2690557.015,69090.0,68870.0,CU
1,CU2310,2023-08-25,68740.0,69010.0,68650.0,68930.0,56301,146733,1937776.81,68830.0,69090.0,CU
1,CU2310,2023-08-28,69010.0,69390.0,68600.0,68900.0,93971,150010,3239433.39,68940.0,68830.0,CU
1,CU2310,2023-08-29,68940.0,69310.0,68870.0,69190.0,60273,153663,2082279.015,69090.0,68940.0,CU
1,CU2310,2023-08-30,69100.0,69510.0,68980.0,69380.0,73499,156770,2546765.93,69300.0,69090.0,CU
1,CU2310,2023-08-31,69570.0,69650.0,69280.0,69430.0,71401,159215,2480679.315,69480.0,69300.0,CU
1,CU2310,2023-09-01,69380.0,69730.0,69110.0,69730.0,78171,163818,2715622.385,69470.0,69480.0,CU
1,CU2310,2023-09-04,70150.0,70210.0,69270.0,69340.0,93696,164206,3266353.615,69720.0,69470.0,CU
1,CU2310,2023-09-05,69210.0,69490.0,69010.0,69050.0,58182,159579,2014351.82,69240.0,69720.0,CU
1,CU2310,2023-09-06,69410.0,69740.0,69320.0,69490.0,69558,159284,2418073.315,69520.0,69240.0,CU
1,CU2310,2023-09-07,69260.0,69360.0,68950.0,69220.0,69974,153952,2419194.17,69140.0,69520.0,CU
1,CU2310,2023-09-08,68890.0,68980.0,68700.0,68750.0,67197,151406,2312955.72,68840.0,69140.0,CU
1,CU2310,2023-09-11,68600.0,69100.0,68410.0,69080.0,73547,150046,2526963.03,68710.0,68840.0,CU
1,CU2310,2023-09-12,69230.0,69510.0,69180.0,69250.0,60132,153821,2084735.975,69330.0,68710.0,CU
1,CU2310,2023-09-13,69250.0,69290.0,69000.0,69130.0,54913,155341,1897565.025,69110.0,69330.0,CU
1,CU2310,2023-09-14,69160.0,69510.0,69020.0,69470.0,75177,161461,2602820.875,69240.0,69110.0,CU
1,CU2310,2023-09-15,69570.0,69920.0,69370.0,69780.0,73293,164105,2552732.665,69650.0,69240.0,CU
0,CU2310,2023-09-18,69490.0,69520.0,69210.0,69450.0,67113,154807,2327702.21,69360.0,69650.0,CU
0,CU2310,2023-09-19,69300.0,69350.0,68750.0,68790.0,81353,142679,2806016.38,68980.0,69360.0,CU
0,CU2310,2023-09-20,68660.0,68900.0,68600.0,68740.0,61681,129493,2120785.48,68760.0,68980.0,CU
0,CU2310,2023-09-21,68890.0,69110.0,68510.0,68510.0,64936,118676,2230634.985,68700.0,68760.0,CU
1,CU2311,2023-09-22,67330.0,68100.0,67300.0,68020.0,100417,137995,3403222.485,67780.0,68550.0,CU
1,CU2311,2023-09-25,68140.0,68170.0,67580.0,67670.0,66780,144076,2266266.345,67870.0,67780.0,CU
1,CU2311,2023-09-26,67800.0,67880.0,67170.0,67190.0,79275,153243,2676018.86,67510.0,67870.0,CU
1,CU2311,2023-09-27,67190.0,67440.0,66980.0,67000.0,69492,153555,2334516.275,67180.0,67510.0,CU
1,CU2311,2023-09-28,67110.0,67380.0,67000.0,67240.0,64133,152183,2155395.805,67210.0,67180.0,CU
1,CU2311,2023-10-09,67130.0,67480.0,67060.0,67400.0,56913,152143,1916506.43,67340.0,67210.0,CU
1,CU2311,2023-10-10,67200.0,67300.0,66400.0,66460.0,101575,159994,3398124.485,66900.0,67340.0,CU
1,CU2311,2023-10-11,66270.0,66950.0,66190.0,66930.0,83168,157542,2770936.48,66630.0,66900.0,CU
1,CU2311,2023-10-12,66680.0,66980.0,66510.0,66940.0,69661,157890,2323517.34,66700.0,66630.0,CU
1,CU2311,2023-10-13,66610.0,66750.0,66070.0,66470.0,76393,159870,2537603.73,66430.0,66700.0,CU
1,CU2311,2023-10-16,66420.0,66650.0,65890.0,66630.0,72639,157410,2408645.535,66310.0,66430.0,CU
0,CU2311,2023-10-17,66560.0,66580.0,65850.0,65880.0,74591,153845,2467962.85,66170.0,66310.0,CU
0,CU2311,2023-10-18,65880.0,66900.0,65880.0,66700.0,71210,140576,2367441.875,66490.0,66170.0,CU
0,CU2311,2023-10-19,66620.0,66780.0,66220.0,66470.0,53266,132399,1770877.8,66490.0,66490.0,CU
1,CU2312,2023-10-20,66630.0,66680.0,65970.0,66060.0,60077,142285,1993581.075,66360.0,66420.0,CU
1,CU2312,2023-10-23,66200.0,66350.0,65610.0,65640.0,72629,158801,2393923.14,65920.0,66360.0,CU
1,CU2312,2023-10-24,65920.0,66540.0,65820.0,66490.0,90268,154382,2988115.215,66200.0,65920.0,CU
1,CU2312,2023-10-25,66530.0,67100.0,66390.0,66920.0,94212,152260,3148304.635,66830.0,66200.0,CU
1,CU2312,2023-10-26,66800.0,66840.0,66370.0,66550.0,61403,152146,2044914.155,66600.0,66830.0,CU
1,CU2312,2023-10-27,66680.0,66910.0,66390.0,66880.0,68039,159279,2266613.635,66620.0,66600.0,CU
1,CU2312,2023-10-30,67120.0,67430.0,67100.0,67320.0,76609,157196,2577469.28,67280.0,66620.0,CU
1,CU2312,2023-10-31,67810.0,67840.0,67120.0,67310.0,75648,157294,2550579.165,67430.0,67280.0,CU
1,CU2312,2023-11-01,67330.0,67450.0,67080.0,67280.0,54200,153306,1822882.185,67260.0,67430.0,CU
1,CU2312,2023-11-02,67380.0,67700.0,67310.0,67410.0,57858,152858,1952575.12,67490.0,67260.0,CU
1,CU2312,2023-11-03,67530.0,67880.0,67440.0,67740.0,63980,154273,2165214.185,67680.0,67490.0,CU
1,CU2312,2023-11-06,67640.0,67650.0,67250.0,67590.0,66469,147938,2241910.18,67450.0,67680.0,CU
1,CU2312,2023-11-07,67680.0,67830.0,67380.0,67410.0,48628,146797,1643927.275,67610.0,67450.0,CU
1,CU2312,2023-11-08,67190.0,67530.0,67100.0,67500.0,59231,145931,1994012.325,67330.0,67610.0,CU
1,CU2312,2023-11-09,67400.0,67550.0,66980.0,67130.0,64158,144446,2154811.19,67170.0,67330.0,CU
1,CU2312,2023-11-10,67140.0,67450.0,67060.0,67230.0,55877,144325,1878070.705,67220.0,67170.0,CU
1,CU2312,2023-11-13,67030.0,67240.0,66720.0,67210.0,76929,144195,2576361.595,66980.0,67220.0,CU
1,CU2312,2023-11-14,67390.0,67580.0,67270.0,67480.0,55242,143730,1862852.915,67440.0,66980.0,CU
1,CU2312,2023-11-15,67550.0,67910.0,67530.0,67770.0,62835,143282,2127594.085,67720.0,67440.0,CU
0,CU2312,2023-11-16,67940.0,67990.0,67700.0,67850.0,53799,138761,1824363.755,67820.0,67720.0,CU
0,CU2312,2023-11-17,67870.0,68020.0,67500.0,67920.0,63363,135362,2148160.84,67800.0,67820.0,CU
0,CU2312,2023-11-20,67820.0,68070.0,67690.0,67920.0,54061,127797,1835466.345,67900.0,67800.0,CU
1,CU2401,2023-11-21,67820.0,68350.0,67640.0,68100.0,70689,145135,2405850.835,68060.0,67630.0,CU
1,CU2401,2023-11-22,68040.0,68250.0,67790.0,67930.0,65227,156407,2218444.72,68020.0,68060.0,CU
1,CU2401,2023-11-23,67840.0,67970.0,67540.0,67800.0,60802,154652,2059904.275,67750.0,68020.0,CU
1,CU2401,2023-11-24,67900.0,68140.0,67830.0,68050.0,47860,159674,1626951.8,67980.0,67750.0,CU
1,CU2401,2023-11-27,67990.0,68200.0,67730.0,68100.0,56665,163757,1927153.485,68010.0,67980.0,CU
1,CU2401,2023-11-28,68010.0,68010.0,67650.0,67700.0,58263,158996,1975188.245,67800.0,68010.0,CU
1,CU2401,2023-11-29,67890.0,68390.0,67870.0,68090.0,86512,166067,2948023.57,68150.0,67800.0,CU
1,CU2401,2023-11-30,68200.0,68330.0,67900.0,68220.0,67925,162935,2314558.98,68150.0,68150.0,CU
1,CU2401,2023-12-01,68000.0,68580.0,67960.0,68360.0,72800,166714,2487286.685,68330.0,68150.0,CU
1,CU2401,2023-12-04,68660.0,69150.0,68570.0,68580.0,76654,172379,2637417.465,68810.0,68330.0,CU
1,CU2401,2023-12-05,68380.0,68560.0,67760.0,67900.0,73962,160371,2522415.64,68200.0,68810.0,CU
1,CU2401,2023-12-06,67600.0,68070.0,67480.0,68050.0,68900,150052,2333297.895,67720.0,68200.0,CU
1,CU2401,2023-12-07,68050.0,68190.0,67200.0,67480.0,72090,149898,2436229.905,67580.0,67720.0,CU
1,CU2401,2023-12-08,67530.0,68100.0,67460.0,68000.0,49527,147364,1678913.715,67790.0,67580.0,CU
1,CU2401,2023-12-11,68260.0,68810.0,68180.0,68350.0,77178,153363,2640583.555,68420.0,67790.0,CU
1,CU2401,2023-12-12,67990.0,68190.0,67800.0,68170.0,54487,146253,1852847.365,68010.0,68420.0,CU
1,CU2401,2023-12-13,68050.0,68090.0,67730.0,67810.0,55157,144329,1872334.835,67890.0,68010.0,CU
1,CU2401,2023-12-14,67700.0,68290.0,67690.0,68200.0,56097,144764,1908262.835,68030.0,67890.0,CU
1,CU2401,2023-12-15,68800.0,68870.0,68500.0,68630.0,73647,146946,2529473.205,68690.0,68030.0,CU
0,CU2401,2023-12-18,68610.0,68750.0,68330.0,68650.0,50633,141267,1736411.175,68580.0,68690.0,CU
0,CU2401,2023-12-19,68520.0,68600.0,68350.0,68480.0,40688,131778,1393338.615,68480.0,68580.0,CU
1,CU2402,2023-12-20,68580.0,69180.0,68550.0,68900.0,78203,135836,2692157.88,68850.0,68360.0,CU
1,CU2402,2023-12-21,68820.0,68990.0,68600.0,68970.0,57960,145429,1994204.825,68810.0,68850.0,CU
1,CU2402,2023-12-22,68810.0,69290.0,68790.0,69040.0,73250,153500,2529098.725,69050.0,68810.0,CU
1,CU2402,2023-12-25,68960.0,69230.0,68900.0,69080.0,46120,154819,1592544.905,69060.0,69050.0,CU
1,CU2402,2023-12-26,69130.0,69380.0,69020.0,69330.0,45960,156087,1590061.335,69190.0,69060.0,CU
1,CU2402,2023-12-27,69230.0,69410.0,68960.0,69260.0,57255,155297,1980843.815,69190.0,69190.0,CU
1,CU2402,2023-12-28,69260.0,69870.0,69230.0,69340.0,73416,155933,2551276.83,69500.0,69190.0,CU
1,CU2402,2023-12-29,68970.0,69150.0,68810.0,68920.0,57435,144501,1980875.205,68970.0,69500.0,CU
1,CU2402,2024-01-02,68750.0,69050.0,68630.0,68960.0,31322,141057,1077825.195,68820.0,68970.0,CU
1,CU2402,2024-01-03,68670.0,68850.0,68500.0,68610.0,48693,135896,1670805.135,68620.0,68820.0,CU
1,CU2402,2024-01-04,68350.0,68690.0,68220.0,68390.0,55387,131273,1894912.265,68420.0,68620.0,CU
1,CU2402,2024-01-05,68200.0,68570.0,68120.0,68390.0,45301,126435,1548172.695,68350.0,68420.0,CU
1,CU2402,2024-01-08,68190.0,68550.0,68080.0,68280.0,54382,123663,1855715.565,68240.0,68350.0,CU
1,CU2402,2024-01-09,68090.0,68430.0,67930.0,68220.0,47529,125217,1620260.08,68170.0,68240.0,CU
1,CU2402,2024-01-10,67980.0,68180.0,67770.0,67810.0,59701,125294,2027926.775,67930.0,68170.0,CU
1,CU2402,2024-01-11,68010.0,68230.0,67670.0,68190.0,45167,118216,1536507.11,68030.0,67930.0,CU
1,CU2402,2024-01-12,68160.0,68300.0,67820.0,68200.0,41754,112517,1421565.505,68090.0,68030.0,CU
2,CU2403,2024-01-15,68000.0,68140.0,67600.0,67670.0,52818,144333,1791503.295,67830.0,68070.0,CU
1,CU2403,2024-01-16,67700.0,68010.0,67670.0,67810.0,40748,147095,1381699.195,67810.0,67830.0,CU
1,CU2403,2024-01-17,68020.0,68160.0,67690.0,67720.0,44842,148567,1523112.185,67930.0,67810.0,CU
1,CU2403,2024-01-18,67820.0,67890.0,67500.0,67870.0,52281,150362,1770169.3,67710.0,67930.0,CU
1,CU2403,2024-01-19,67580.0,67900.0,67380.0,67770.0,56108,150724,1897424.44,67630.0,67710.0,CU
1,CU2403,2024-01-22,68000.0,68160.0,67810.0,67910.0,52809,148520,1795593.14,68000.0,67630.0,CU
1,CU2403,2024-01-23,67880.0,68150.0,67720.0,68110.0,50812,149622,1725191.505,67900.0,68000.0,CU
1,CU2403,2024-01-24,68010.0,68400.0,68000.0,68380.0,51770,151823,1765350.655,68190.0,67900.0,CU
1,CU2403,2024-01-25,68900.0,69000.0,68760.0,68880.0,77862,153366,2681303.74,68870.0,68190.0,CU
1,CU2403,2024-01-26,69050.0,69130.0,68830.0,68870.0,53962,153260,1862163.515,69010.0,68870.0,CU
1,CU2403,2024-01-29,68910.0,69280.0,68740.0,68780.0,53617,151027,1849208.39,68970.0,69010.0,CU
1,CU2403,2024-01-30,68900.0,69210.0,68870.0,68980.0,43685,150596,1507788.765,69030.0,68970.0,CU
1,CU2403,2024-01-31,69110.0,69470.0,68960.0,69350.0,67178,153179,2326603.015,69260.0,69030.0,CU
1,CU2403,2024-02-01,69440.0,70000.0,68930.0,69000.0,77569,149376,2692741.915,69420.0,69260.0,CU
1,CU2403,2024-02-02,69030.0,69190.0,68520.0,68630.0,57395,139662,1975299.225,68830.0,69420.0,CU
1,CU2403,2024-02-05,68800.0,68850.0,68500.0,68540.0,44055,137295,1512088.665,68640.0,68830.0,CU
1,CU2403,2024-02-06,68360.0,68390.0,68000.0,68060.0,60918,131099,2075344.885,68130.0,68640.0,CU
1,CU2403,2024-02-07,68020.0,68240.0,67800.0,68140.0,44124,127953,1501891.905,68070.0,68130.0,CU
1,CU2403,2024-02-08,68140.0,68140.0,67630.0,67960.0,49203,124143,1669479.87,67860.0,68070.0,CU
1,CU2403,2024-02-19,68620.0,68670.0,68280.0,68340.0,37293,116043,1276137.72,68430.0,67860.0,CU
0,CU2403,2024-02-20,68500.0,68600.0,68220.0,68320.0,38156,108667,1304395.78,68370.0,68430.0,CU
1,CU2404,2024-02-21,68550.0,69100.0,68450.0,69060.0,54164,139775,1864944.325,68860.0,68450.0,CU
1,CU2404,2024-02-22,69230.0,69530.0,69060.0,69260.0,58000,150574,2008243.44,69240.0,68860.0,CU
1,CU2404,2024-02-23,69260.0,69550.0,69100.0,69370.0,54330,159131,1884492.635,69370.0,69240.0,CU
1,CU2404,2024-02-26,69060.0,69360.0,69010.0,69050.0,54817,156548,1895091.775,69140.0,69370.0,CU
1,CU2404,2024-02-27,68800.0,69030.0,68690.0,69000.0,50115,152274,1725014.415,68840.0,69140.0,CU
1,CU2404,2024-02-28,69070.0,69070.0,68740.0,68760.0,43556,151537,1499863.355,68870.0,68840.0,CU
1,CU2404,2024-02-29,68630.0,69010.0,68580.0,68990.0,50867,150865,1749573.59,68790.0,68870.0,CU
1,CU2404,2024-03-01,68870.0,69140.0,68860.0,68920.0,36563,146972,1260834.08,68960.0,68790.0,CU
1,CU2404,2024-03-04,68760.0,69240.0,68750.0,69170.0,48152,150559,1661110.205,68990.0,68960.0,CU
1,CU2404,2024-03-05,69300.0,69350.0,69010.0,69050.0,37019,148098,1280333.345,69170.0,68990.0,CU
1,CU2404,2024-03-06,69090.0,69200.0,68930.0,69080.0,30781,148420,1062689.73,69040.0,69170.0,CU
2,CU2405,2024-03-07,69210.0,69590.0,69120.0,69540.0,56914,134950,1975803.805,69430.0,69050.0,CU
2,CU2405,2024-03-08,69930.0,70230.0,69690.0,69990.0,85515,152099,2990563.775,69940.0,69430.0,CU
2,CU2405,2024-03-11,69580.0,69960.0,69310.0,69490.0,63684,147835,2214939.535,69560.0,69940.0,CU
2,CU2405,2024-03-12,69560.0,69920.0,69560.0,69900.0,50348,160203,1755105.345,69710.0,69560.0,CU
2,CU2405,2024-03-13,69960.0,70460.0,69580.0,70420.0,108688,182645,3806062.31,70030.0,69710.0,CU
2,CU2405,2024-03-14,71200.0,72470.0,71080.0,71570.0,208137,214126,7459969.83,71680.0,70030.0,CU
2,CU2405,2024-03-15,71600.0,73270.0,71550.0,73130.0,180312,230421,6527514.325,72400.0,71680.0,CU
1,CU2405,2024-03-18,72930.0,73440.0,72700.0,72830.0,168557,231671,6158906.35,73070.0,72400.0,CU
1,CU2405,2024-03-19,73130.0,73900.0,72510.0,72920.0,197326,225160,7229562.75,73270.0,73070.0,CU
1,CU2405,2024-03-20,72420.0,72890.0,72350.0,72620.0,101716,218643,3693744.53,72620.0,73270.0,CU
1,CU2405,2024-03-21,72230.0,73530.0,72080.0,73240.0,127576,221854,4648794.575,72870.0,72620.0,CU
1,CU2405,2024-03-22,72920.0,73060.0,72130.0,72290.0,117396,205498,4257054.14,72520.0,72870.0,CU
1,CU2405,2024-03-25,72180.0,72690.0,72150.0,72300.0,88788,200899,3215602.795,72430.0,72520.0,CU
1,CU2405,2024-03-26,72180.0,72570.0,71720.0,72000.0,101264,190762,3653041.68,72140.0,72430.0,CU
1,CU2405,2024-03-27,72250.0,72300.0,71860.0,72090.0,68992,189240,2486144.675,72070.0,72140.0,CU
1,CU2405,2024-03-28,71840.0,72660.0,71640.0,72500.0,101206,187803,3652757.045,72180.0,72070.0,CU
1,CU2405,2024-03-29,72310.0,72620.0,72060.0,72530.0,83310,178865,3013145.95,72330.0,72180.0,CU
1,CU2405,2024-04-01,72600.0,73190.0,72500.0,73100.0,75189,176465,2737679.535,72820.0,72330.0,CU
1,CU2405,2024-04-02,72880.0,73370.0,72840.0,73230.0,65009,177128,2376242.64,73100.0,72820.0,CU
1,CU2405,2024-04-03,73500.0,74050.0,73230.0,73980.0,85725,175205,3155825.67,73620.0,73100.0,CU
2,CU2406,2024-04-08,75040.0,76310.0,74520.0,75630.0,104222,180147,3929930.25,75410.0,73760.0,CU
2,CU2406,2024-04-09,76100.0,76850.0,75850.0,76130.0,139653,195142,5328170.385,76300.0,75410.0,CU
2,CU2406,2024-04-10,76720.0,77040.0,76060.0,76800.0,142517,204867,5454795.04,76540.0,76300.0,CU
2,CU2406,2024-04-11,76500.0,76650.0,75700.0,76270.0,164346,201063,6264225.31,76230.0,76540.0,CU
2,CU2406,2024-04-12,76280.0,76920.0,75830.0,76910.0,130576,202356,4984433.74,76340.0,76230.0,CU
2,CU2406,2024-04-15,77410.0,77940.0,76220.0,76970.0,209089,202183,8058452.095,77080.0,76340.0,CU
1,CU2406,2024-04-16,77290.0,77570.0,76520.0,76730.0,164951,201471,6359028.015,77100.0,77080.0,CU
1,CU2406,2024-04-17,76460.0,77010.0,76300.0,76920.0,103629,197905,3971141.1,76640.0,77100.0,CU
1,CU2406,2024-04-18,77290.0,78920.0,76840.0,78780.0,180564,211744,7012805.33,77670.0,76640.0,CU
1,CU2406,2024-04-19,78900.0,79840.0,78200.0,79370.0,219687,212648,8675698.045,78980.0,77670.0,CU
1,CU2406,2024-04-22,79700.0,81050.0,79430.0,79550.0,237308,209205,9502172.655,80080.0,78980.0,CU
1,CU2406,2024-04-23,79710.0,79730.0,77830.0,78020.0,213113,198099,8403462.84,78860.0,80080.0,CU
1,CU2406,2024-04-24,77930.0,79500.0,77650.0,79380.0,170770,200132,6715945.61,78650.0,78860.0,CU
1,CU2406,2024-04-25,79250.0,80200.0,78830.0,80160.0,163701,200833,6492672.99,79320.0,78650.0,CU
1,CU2406,2024-04-26,80660.0,81180.0,79810.0,81100.0,189872,199981,7633583.345,80400.0,79320.0,CU
1,CU2406,2024-04-29,80810.0,81110.0,80080.0,80940.0,165979,198041,6700097.59,80730.0,80400.0,CU
1,CU2406,2024-04-30,81130.0,82460.0,81100.0,82180.0,169405,198340,6926705.55,81770.0,80730.0,CU
1,CU2406,2024-05-06,80220.0,81340.0,80140.0,81300.0,72324,189633,2925779.42,80900.0,81770.0,CU
1,CU2406,2024-05-07,81300.0,81680.0,80490.0,80500.0,110143,187279,4465160.515,81070.0,80900.0,CU
1,CU2406,2024-05-08,80520.0,80890.0,79410.0,79540.0,116500,181336,4669929.265,80170.0,81070.0,CU
1,CU2406,2024-05-09,79470.0,80040.0,79420.0,79630.0,85005,179763,3390059.57,79760.0,80170.0,CU
1,CU2406,2024-05-10,79760.0,81040.0,79600.0,80970.0,105672,181496,4240324.785,80250.0,79760.0,CU
1,CU2406,2024-05-13,80640.0,81310.0,80210.0,81150.0,115925,180741,4677383.3,80690.0,80250.0,CU
1,CU2406,2024-05-14,81540.0,82440.0,81350.0,82280.0,105578,176468,4321633.665,81860.0,80690.0,CU
2,CU2407,2024-05-15,82300.0,82590.0,81220.0,82080.0,123052,196934,5040998.7,81930.0,82140.0,CU
1,CU2407,2024-05-16,82370.0,83000.0,81260.0,82600.0,174265,210670,7173927.885,82330.0,81930.0,CU
1,CU2407,2024-05-17,82720.0,84500.0,82410.0,84250.0,156518,228150,6518356.515,83290.0,82330.0,CU
1,CU2407,2024-05-20,84530.0,88940.0,84420.0,87670.0,308625,231481,13385211.54,86740.0,83290.0,CU
1,CU2407,2024-05-21,86670.0,88630.0,85860.0,87090.0,260153,223409,11337106.125,87150.0,86740.0,CU
1,CU2407,2024-05-22,87680.0,87960.0,85610.0,86220.0,216962,221296,9403489.23,86680.0,87150.0,CU
1,CU2407,2024-05-23,84500.0,85140.0,82760.0,83080.0,262270,213543,11009408.56,83950.0,86680.0,CU
1,CU2407,2024-05-24,83610.0,84400.0,83200.0,84050.0,180540,211017,7570849.795,83860.0,83950.0,CU
1,CU2407,2024-05-27,83750.0,84170.0,83450.0,83530.0,109092,207941,4572165.92,83820.0,83860.0,CU
1,CU2407,2024-05-28,83900.0,85400.0,83860.0,84600.0,155282,207025,6580821.825,84750.0,83820.0,CU
1,CU2407,2024-05-29,84870.0,85880.0,84130.0,85470.0,154485,208944,6558951.995,84910.0,84750.0,CU
1,CU2407,2024-05-30,84180.0,84870.0,82440.0,82860.0,214119,202769,8973961.01,83820.0,84910.0,CU
1,CU2407,2024-05-31,82000.0,82620.0,81650.0,82500.0,170470,191999,7008022.66,82220.0,83820.0,CU
1,CU2407,2024-06-03,82290.0,82680.0,81130.0,81510.0,170336,186521,6961330.61,81730.0,82220.0,CU
1,CU2407,2024-06-04,81960.0,82460.0,81600.0,81970.0,127696,182136,5239829.015,82060.0,81730.0,CU
1,CU2407,2024-06-05,80960.0,81060.0,80040.0,80060.0,148969,181823,6000691.98,80560.0,82060.0,CU
1,CU2407,2024-06-06,80330.0,81720.0,80090.0,81250.0,135385,177224,5477717.2,80920.0,80560.0,CU
1,CU2407,2024-06-07,81510.0,82440.0,81300.0,81530.0,115954,176830,4739711.355,81750.0,80920.0,CU
1,CU2407,2024-06-11,80620.0,80680.0,79600.0,79870.0,91327,173378,3657570.66,80090.0,81750.0,CU
1,CU2407,2024-06-12,79390.0,80260.0,79130.0,79880.0,99752,176586,3974673.095,79690.0,80090.0,CU
1,CU2407,2024-06-13,80650.0,81050.0,79210.0,80000.0,115253,176197,4612121.045,80030.0,79690.0,CU
1,CU2407,2024-06-14,80070.0,80200.0,79060.0,79550.0,84959,175529,3384979.25,79680.0,80030.0,CU
1,CU2407,2024-06-17,79410.0,79530.0,78110.0,78110.0,108656,170545,4285566.57,78880.0,79680.0,CU
0,CU2407,2024-06-18,78030.0,79060.0,77890.0,78370.0,92440,159905,3630821.55,78550.0,78880.0,CU
0,CU2407,2024-06-19,77800.0,79050.0,77760.0,79040.0,78388,151715,3075772.86,78470.0,78550.0,CU
1,CU2408,2024-06-20,79500.0,80190.0,79100.0,79600.0,93884,161072,3739612.045,79660.0,78630.0,CU
1,CU2408,2024-06-21,79670.0,80530.0,79300.0,79310.0,124040,167515,4960069.66,79970.0,79660.0,CU
1,CU2408,2024-06-24,78740.0,79180.0,78430.0,78670.0,110617,171438,4357154.855,78770.0,79970.0,CU
1,CU2408,2024-06-25,78740.0,79130.0,78540.0,78670.0,81705,172951,3220398.705,78820.0,78770.0,CU
1,CU2408,2024-06-26,78320.0,78560.0,77540.0,78480.0,141238,182545,5510019.855,78020.0,78820.0,CU
1,CU2408,2024-06-27,78420.0,78420.0,77420.0,77550.0,112718,181853,4391365.75,77910.0,78020.0,CU
1,CU2408,2024-06-28,78080.0,78530.0,77630.0,78370.0,136876,195709,5345514.57,78100.0,77910.0,CU
1,CU2408,2024-07-01,78690.0,79020.0,77880.0,78060.0,97636,193071,3825988.195,78370.0,78100.0,CU
1,CU2408,2024-07-02,78760.0,78960.0,78500.0,78690.0,82800,197638,3259304.84,78720.0,78370.0,CU
1,CU2408,2024-07-03,79140.0,79650.0,78660.0,79630.0,104322,201354,4125778.725,79090.0,78720.0,CU
1,CU2408,2024-07-04,79990.0,80520.0,79690.0,79870.0,101262,201865,4054997.63,80080.0,79090.0,CU
1,CU2408,2024-07-05,80360.0,80570.0,79830.0,80370.0,88754,200254,3558100.365,80170.0,80080.0,CU
1,CU2408,2024-07-08,80650.0,80800.0,79750.0,79930.0,100425,201766,4035186.91,80360.0,80170.0,CU
1,CU2408,2024-07-09,80470.0,80650.0,80020.0,80480.0,83784,200268,3365820.0,80340.0,80360.0,CU
1,CU2408,2024-07-10,80260.0,80340.0,79460.0,79580.0,96617,198504,3858789.39,79870.0,80340.0,CU
1,CU2408,2024-07-11,79970.0,80300.0,79780.0,79920.0,76401,195148,3056466.285,80010.0,79870.0,CU
1,CU2408,2024-07-12,79780.0,79900.0,78850.0,78950.0,102725,195298,4068426.75,79210.0,80010.0,CU
1,CU2408,2024-07-15,79600.0,80210.0,79260.0,79490.0,90689,190508,3611913.095,79650.0,79210.0,CU
0,CU2408,2024-07-16,79330.0,79740.0,79120.0,79280.0,63751,184424,2529919.165,79360.0,79650.0,CU
0,CU2408,2024-07-17,78730.0,78890.0,78280.0,78500.0,89546,173509,3518955.415,78590.0,79360.0,CU
0,CU2408,2024-07-18,78390.0,78500.0,77970.0,78380.0,76130,167635,2976254.465,78180.0,78590.0,CU
1,CU2409,2024-07-19,77310.0,77460.0,76430.0,76740.0,140717,178819,5412696.175,76930.0,78370.0,CU
1,CU2409,2024-07-22,76120.0,76610.0,75680.0,75760.0,127785,184074,4869896.895,76220.0,76930.0,CU
1,CU2409,2024-07-23,75390.0,75990.0,74710.0,74710.0,137159,183487,5165695.705,75320.0,76220.0,CU
1,CU2409,2024-07-24,74840.0,75210.0,74520.0,75000.0,116069,180574,4343344.94,74840.0,75320.0,CU
1,CU2409,2024-07-25,74800.0,74890.0,72800.0,73030.0,175351,180626,6463914.275,73720.0,74840.0,CU
1,CU2409,2024-07-26,73550.0,74670.0,73380.0,74150.0,163163,178280,6045452.655,74100.0,73720.0,CU
1,CU2409,2024-07-29,74250.0,74840.0,74030.0,74040.0,99233,176894,3689036.485,74350.0,74100.0,CU
1,CU2409,2024-07-30,73700.0,74010.0,73040.0,73420.0,133840,183525,4917879.66,73480.0,74350.0,CU
1,CU2409,2024-07-31,73040.0,74520.0,72740.0,74470.0,145941,182993,5371016.42,73600.0,73480.0,CU
1,CU2409,2024-08-01,74690.0,75490.0,74540.0,74780.0,127099,180951,4763458.02,74950.0,73600.0,CU
1,CU2409,2024-08-02,74510.0,74840.0,73240.0,73700.0,153809,182728,5686410.985,73940.0,74950.0,CU
1,CU2409,2024-08-05,73680.0,73980.0,72180.0,72210.0,191875,182230,7009477.275,73060.0,73940.0,CU
1,CU2409,2024-08-06,70800.0,72240.0,70590.0,70850.0,202075,176117,7191792.975,71170.0,73060.0,CU
1,CU2409,2024-08-07,70850.0,71970.0,70850.0,71390.0,141396,170926,5054580.715,71490.0,71170.0,CU
1,CU2409,2024-08-08,71400.0,71420.0,70630.0,70680.0,112696,174122,3997879.67,70940.0,71490.0,CU
1,CU2409,2024-08-09,70700.0,72150.0,70630.0,71670.0,131333,170228,4689910.835,71420.0,70940.0,CU
1,CU2409,2024-08-12,71750.0,72240.0,71310.0,72190.0,102243,169503,3664808.525,71680.0,71420.0,CU
1,CU2409,2024-08-13,72400.0,73220.0,72020.0,72280.0,124283,167635,4508195.065,72540.0,71680.0,CU
1,CU2409,2024-08-14,72200.0,72650.0,71650.0,72010.0,106507,164682,3842707.105,72150.0,72540.0,CU
1,CU2409,2024-08-15,72320.0,72860.0,71900.0,72830.0,100195,161453,3625370.04,72360.0,72150.0,CU
0,CU2409,2024-08-16,73340.0,74080.0,73090.0,73930.0,110707,154810,4075063.95,73610.0,72360.0,CU
0,CU2409,2024-08-19,73410.0,74230.0,72970.0,73900.0,103534,147707,3812072.87,73630.0,73610.0,CU
0,CU2409,2024-08-20,74050.0,74280.0,73630.0,73770.0,66518,137399,2458879.795,73930.0,73630.0,CU
1,CU2410,2024-08-21,74090.0,74180.0,73270.0,73950.0,82879,148728,3056863.385,73760.0,73980.0,CU
1,CU2410,2024-08-22,74000.0,74360.0,73580.0,73930.0,91359,153594,3379868.075,73990.0,73760.0,CU
1,CU2410,2024-08-23,73680.0,73820.0,73360.0,73500.0,85591,152504,3149017.255,73580.0,73990.0,CU
1,CU2410,2024-08-26,73650.0,75180.0,73470.0,75170.0,133984,163614,4980568.335,74340.0,73580.0,CU
1,CU2410,2024-08-27,74850.0,75230.0,74660.0,75010.0,87707,161333,3286294.53,74930.0,74340.0,CU
1,CU2410,2024-08-28,75240.0,75580.0,74560.0,74590.0,101876,165120,3822941.805,75050.0,74930.0,CU
1,CU2410,2024-08-29,74250.0,74530.0,73750.0,74200.0,98457,163501,3652236.29,74180.0,75050.0,CU
1,CU2410,2024-08-30,73820.0,74480.0,73550.0,74220.0,107316,168272,3971315.655,74010.0,74180.0,CU
1,CU2410,2024-09-02,74220.0,74220.0,73460.0,73610.0,93045,165620,3433631.465,73800.0,74010.0,CU
1,CU2410,2024-09-03,73500.0,73870.0,72860.0,72890.0,95694,169511,3514791.99,73450.0,73800.0,CU
1,CU2410,2024-09-04,72400.0,72520.0,71600.0,71700.0,132630,170412,4774642.76,71990.0,73450.0,CU
1,CU2410,2024-09-05,71960.0,72360.0,71520.0,71520.0,98107,166581,3529584.08,71950.0,71990.0,CU
1,CU2410,2024-09-06,72310.0,73080.0,72170.0,73050.0,125400,163661,4551575.78,72590.0,71950.0,CU
1,CU2410,2024-09-09,73000.0,73050.0,71660.0,72410.0,124644,158925,4495130.195,72120.0,72590.0,CU
1,CU2410,2024-09-10,72860.0,73370.0,72460.0,73110.0,101937,158833,3713356.695,72850.0,72120.0,CU
1,CU2410,2024-09-11,72870.0,73320.0,72240.0,73270.0,100197,157520,3643864.065,72730.0,72850.0,CU
1,CU2410,2024-09-12,73330.0,74010.0,72710.0,73830.0,99420,153761,3650007.325,73420.0,72730.0,CU
1,CU2410,2024-09-13,74030.0,74450.0,73720.0,73960.0,90773,148604,3363241.975,74100.0,73420.0,CU
1,CU2410,2024-09-18,74610.0,74770.0,74170.0,74510.0,60964,145207,2269155.425,74440.0,74100.0,CU
0,CU2410,2024-09-19,74810.0,75670.0,74350.0,75640.0,106573,139946,3990789.64,74890.0,74440.0,CU
0,CU2410,2024-09-20,75910.0,76110.0,75430.0,75840.0,94888,129143,3595142.56,75770.0,74890.0,CU
0,CU2410,2024-09-23,75790.0,75900.0,75130.0,75310.0,82342,117946,3104976.63,75410.0,75770.0,CU
1,CU2411,2024-09-24,75390.0,76760.0,75390.0,76740.0,110911,159755,4221167.385,76110.0,75410.0,CU
1,CU2411,2024-09-25,77150.0,78130.0,77010.0,77110.0,142620,170540,5521599.86,77430.0,76110.0,CU
1,CU2411,2024-09-26,77210.0,77820.0,76900.0,77740.0,121743,173541,4711631.015,77400.0,77430.0,CU
1,CU2411,2024-09-27,78470.0,79200.0,77880.0,78780.0,170764,179167,6711576.835,78600.0,77400.0,CU
1,CU2411,2024-09-30,78350.0,79460.0,78190.0,78830.0,152326,170549,6003025.305,78810.0,78600.0,CU
1,CU2411,2024-10-08,78980.0,79130.0,77280.0,77310.0,120683,165351,4720094.015,78220.0,78810.0,CU
1,CU2411,2024-10-09,77520.0,77970.0,77230.0,77560.0,103336,166052,4010375.195,77610.0,78220.0,CU
1,CU2411,2024-10-10,76880.0,77470.0,76460.0,76870.0,106236,162402,4090819.29,77010.0,77610.0,CU
1,CU2411,2024-10-11,76850.0,77620.0,76850.0,77220.0,85482,162123,3303235.425,77280.0,77010.0,CU
1,CU2411,2024-10-14,77370.0,78050.0,77160.0,77570.0,104973,162771,4068938.445,77520.0,77280.0,CU
1,CU2411,2024-10-15,77010.0,77340.0,76460.0,76520.0,105458,155968,4054422.9,76890.0,77520.0,CU
0,CU2411,2024-10-16,76340.0,76750.0,76220.0,76720.0,72722,146171,2784472.93,76570.0,76890.0,CU
0,CU2411,2024-10-17,76920.0,77370.0,75980.0,76020.0,83530,140156,3204288.185,76720.0,76570.0,CU
0,CU2411,2024-10-18,76300.0,77250.0,76110.0,76980.0,68575,130676,2627138.435,76620.0,76720.0,CU
1,CU2412,2024-10-21,77240.0,77830.0,76830.0,77730.0,76190,158485,2949308.715,77410.0,76630.0,CU
1,CU2412,2024-10-22,77650.0,77770.0,76620.0,77200.0,87118,161490,3357799.97,77080.0,77410.0,CU
1,CU2412,2024-10-23,77210.0,77280.0,76660.0,76720.0,64668,159876,2487590.325,76930.0,77080.0,CU
1,CU2412,2024-10-24,76230.0,77060.0,76100.0,77000.0,75854,157075,2902622.695,76530.0,76930.0,CU
1,CU2412,2024-10-25,76700.0,76800.0,76130.0,76390.0,94558,151858,3615602.71,76470.0,76530.0,CU
1,CU2412,2024-10-28,76520.0,76890.0,76430.0,76870.0,75308,152572,2885961.5,76640.0,76470.0,CU
1,CU2412,2024-10-29,76620.0,76780.0,76360.0,76500.0,71229,153839,2725520.515,76520.0,76640.0,CU
1,CU2412,2024-10-30,76660.0,77030.0,76320.0,76670.0,90567,155012,3472181.985,76670.0,76520.0,CU
1,CU2412,2024-10-31,76270.0,76770.0,76230.0,76540.0,79052,158178,3023673.535,76490.0,76670.0,CU
1,CU2412,2024-11-01,76670.0,76710.0,76100.0,76520.0,83212,159259,3182535.95,76490.0,76490.0,CU
1,CU2412,2024-11-04,76680.0,77670.0,76350.0,77430.0,123122,169211,4739725.565,76990.0,76490.0,CU
1,CU2412,2024-11-05,77060.0,77870.0,76960.0,77630.0,87306,169461,3380510.11,77440.0,76990.0,CU
1,CU2412,2024-11-06,77600.0,78170.0,76600.0,76770.0,123249,165392,4774548.66,77470.0,77440.0,CU
1,CU2412,2024-11-07,76060.0,76680.0,75520.0,76480.0,130402,155120,4954083.645,75980.0,77470.0,CU
1,CU2412,2024-11-08,76950.0,77730.0,76850.0,77100.0,101806,150641,3933655.335,77270.0,75980.0,CU
1,CU2412,2024-11-11,76480.0,76820.0,76360.0,76560.0,76313,148173,2920902.555,76550.0,77270.0,CU
1,CU2412,2024-11-12,76160.0,76240.0,75250.0,75310.0,92561,150056,3507915.195,75790.0,76550.0,CU
1,CU2412,2024-11-13,74820.0,75210.0,74180.0,74210.0,101916,153457,3806495.31,74690.0,75790.0,CU
1,CU2412,2024-11-14,74080.0,74430.0,73080.0,73170.0,109243,151192,4020997.23,73610.0,74690.0,CU
1,CU2412,2024-11-15,73150.0,74210.0,73050.0,73860.0,94382,143787,3480076.825,73740.0,73610.0,CU
0,CU2412,2024-11-18,74600.0,74630.0,73290.0,73760.0,91785,135574,3388336.55,73830.0,73740.0,CU
0,CU2412,2024-11-19,73550.0,74490.0,73510.0,74330.0,61065,127023,2260522.545,74030.0,73830.0,CU
0,CU2412,2024-11-20,73950.0,74720.0,73910.0,74550.0,58519,118831,2177083.805,74400.0,74030.0,CU
1,CU2501,2024-11-21,74670.0,74770.0,74310.0,74450.0,42833,138639,1595681.925,74500.0,74410.0,CU
1,CU2501,2024-11-22,74110.0,74250.0,73540.0,73760.0,74480,147722,2752911.34,73920.0,74500.0,CU
1,CU2501,2024-11-25,73400.0,74400.0,73390.0,74160.0,81223,147545,3004052.425,73970.0,73920.0,CU
1,CU2501,2024-11-26,74160.0,74210.0,73520.0,73740.0,69227,152473,2556809.765,73860.0,73970.0,CU
1,CU2501,2024-11-27,74020.0,74310.0,73620.0,74130.0,65568,153788,2424403.255,73950.0,73860.0,CU
1,CU2501,2024-11-28,74040.0,74080.0,73670.0,73770.0,68378,158998,2525000.29,73850.0,73950.0,CU
1,CU2501,2024-11-29,73550.0,74020.0,73510.0,73830.0,72269,161189,2665985.66,73770.0,73850.0,CU
1,CU2501,2024-12-02,73720.0,73920.0,73460.0,73720.0,73251,164177,2699712.9,73710.0,73770.0,CU
1,CU2501,2024-12-03,73810.0,74340.0,73800.0,74340.0,79944,164201,2960536.56,74060.0,73710.0,CU
1,CU2501,2024-12-04,74490.0,75150.0,74310.0,74750.0,94855,161589,3546358.95,74770.0,74060.0,CU
1,CU2501,2024-12-05,74490.0,74730.0,74230.0,74530.0,54168,155824,2017834.635,74500.0,74770.0,CU
1,CU2501,2024-12-06,74630.0,74900.0,74280.0,74730.0,55991,155452,2087012.21,74540.0,74500.0,CU
1,CU2501,2024-12-09,74850.0,75020.0,74580.0,74740.0,57710,154305,2158145.87,74790.0,74540.0,CU
1,CU2501,2024-12-10,75430.0,75740.0,75040.0,75130.0,83150,152182,3135199.015,75410.0,74790.0,CU
1,CU2501,2024-12-11,75160.0,75860.0,75120.0,75490.0,67849,151225,2561263.575,75490.0,75410.0,CU
1,CU2501,2024-12-12,75250.0,75550.0,75240.0,75440.0,58108,147370,2191203.55,75410.0,75490.0,CU
1,CU2501,2024-12-13,74990.0,75050.0,74520.0,74790.0,81978,143932,3063208.57,74730.0,75410.0,CU
1,CU2501,2024-12-16,74680.0,74870.0,74310.0,74390.0,58844,140223,2191067.39,74470.0,74730.0,CU
0,CU2501,2024-12-17,74440.0,74860.0,74280.0,74350.0,50511,134670,1883098.145,74560.0,74470.0,CU
0,CU2501,2024-12-18,74020.0,74230.0,73870.0,73930.0,55625,130292,2059138.955,74030.0,74560.0,CU
0,CU2501,2024-12-19,74250.0,74540.0,73610.0,73850.0,63451,123385,2347188.605,73980.0,74030.0,CU
0,CU2501,2024-12-20,73700.0,73920.0,73560.0,73820.0,53856,111596,1985465.465,73730.0,73980.0,CU
0,CU2501,2024-12-23,73650.0,74320.0,73580.0,74170.0,50698,103928,1876757.325,74030.0,73730.0,CU
0,CU2501,2024-12-24,73980.0,74100.0,73730.0,74040.0,36829,96274,1361512.65,73930.0,74030.0,CU
0,CU2501,2024-12-25,73920.0,74180.0,73920.0,74140.0,34693,90623,1284711.715,74060.0,73930.0,CU
1,CU2502,2024-12-26,74180.0,74300.0,74000.0,74040.0,31455,142789,1166448.315,74160.0,74060.0,CU
1,CU2502,2024-12-27,74580.0,74690.0,74070.0,74090.0,50919,148975,1893092.175,74350.0,74160.0,CU
1,CU2502,2024-12-30,73930.0,74360.0,73930.0,74270.0,46017,148358,1706645.76,74170.0,74350.0,CU
1,CU2502,2024-12-31,73960.0,74010.0,73640.0,73770.0,60003,153747,2214352.965,73800.0,74170.0,CU
1,CU2502,2025-01-02,73310.0,73440.0,73030.0,73280.0,48466,156644,1776482.87,73300.0,73800.0,CU
1,CU2502,2025-01-03,73130.0,73360.0,72780.0,72920.0,78919,160879,2881594.96,73020.0,73300.0,CU
1,CU2502,2025-01-06,73230.0,74130.0,73130.0,73600.0,75363,151603,2775875.83,73660.0,73020.0,CU
1,CU2502,2025-01-07,74530.0,74680.0,74110.0,74470.0,86622,145731,3223548.845,74420.0,73660.0,CU
1,CU2502,2025-01-08,74500.0,74580.0,74260.0,74480.0,44922,140801,1672010.95,74440.0,74420.0,CU
1,CU2502,2025-01-09,74300.0,74980.0,74220.0,74920.0,55128,141689,2058944.81,74690.0,74440.0,CU
1,CU2502,2025-01-10,75020.0,75370.0,74980.0,75270.0,54781,134594,2060304.775,75210.0,74690.0,CU
1,CU2502,2025-01-13,75160.0,75570.0,74880.0,75550.0,66098,133972,2489212.385,75310.0,75210.0,CU
1,CU2502,2025-01-14,75390.0,75490.0,75020.0,75430.0,45701,129750,1720736.195,75300.0,75310.0,CU
2,CU2503,2025-01-15,75500.0,75750.0,75030.0,75250.0,47252,149896,1780958.52,75380.0,75420.0,CU
1,CU2503,2025-01-16,75450.0,76320.0,75320.0,76260.0,87297,166512,3313542.805,75910.0,75380.0,CU
1,CU2503,2025-01-17,76300.0,76650.0,76070.0,76540.0,62606,170790,2391054.635,76380.0,75910.0,CU
1,CU2503,2025-01-20,76340.0,76380.0,75320.0,75400.0,83330,159849,3153184.35,75670.0,76380.0,CU
1,CU2503,2025-01-21,75350.0,75900.0,75150.0,75630.0,68085,161321,2575171.38,75640.0,75670.0,CU
1,CU2503,2025-01-22,75380.0,75760.0,75330.0,75520.0,48932,161921,1848457.785,75550.0,75640.0,CU
1,CU2503,2025-01-23,75580.0,75650.0,74920.0,74960.0,57058,162408,2145400.99,75200.0,75550.0,CU
1,CU2503,2025-01-24,75200.0,75870.0,75110.0,75870.0,58597,158934,2210340.73,75440.0,75200.0,CU
1,CU2503,2025-01-27,75950.0,76100.0,75200.0,75540.0,49721,153002,1878225.0,75550.0,75440.0,CU
1,CU2503,2025-02-05,75350.0,75530.0,75130.0,75290.0,38931,155433,1466098.57,75310.0,75550.0,CU
1,CU2503,2025-02-06,75080.0,76560.0,74840.0,76480.0,90598,166236,3438995.09,75910.0,75310.0,CU
1,CU2503,2025-02-07,76250.0,77360.0,76020.0,77250.0,81782,175031,3137568.985,76730.0,75910.0,CU
1,CU2503,2025-02-10,77360.0,77950.0,76950.0,77370.0,105264,183382,4074172.075,77400.0,76730.0,CU
1,CU2503,2025-02-11,77410.0,77650.0,76920.0,77150.0,68267,180966,2638161.84,77280.0,77400.0,CU
1,CU2503,2025-02-12,76750.0,77060.0,76530.0,77000.0,68535,181212,2631679.755,76790.0,77280.0,CU
1,CU2503,2025-02-13,77100.0,77730.0,76930.0,77560.0,74628,182747,2888209.195,77400.0,76790.0,CU
1,CU2503,2025-02-14,77500.0,78330.0,77120.0,78090.0,84565,183412,3290150.51,77810.0,77400.0,CU
1,CU2503,2025-02-17,78440.0,78580.0,76880.0,77030.0,102918,172458,3987677.77,77490.0,77810.0,CU
0,CU2503,2025-02-18,76740.0,77030.0,76620.0,76850.0,67057,161151,2574925.83,76790.0,77490.0,CU
0,CU2503,2025-02-19,76720.0,77370.0,76670.0,77080.0,55466,153266,2135561.26,77000.0,76790.0,CU
0,CU2503,2025-02-20,77510.0,77740.0,77100.0,77620.0,62578,144926,2421211.36,77380.0,77000.0,CU
0,CU2503,2025-02-21,77730.0,77750.0,76910.0,77020.0,61733,133909,2387499.88,77340.0,77380.0,CU
0,CU2503,2025-02-24,77290.0,77540.0,77040.0,77140.0,60456,120466,2335249.225,77250.0,77340.0,CU
1,CU2504,2025-02-25,77360.0,77580.0,76920.0,76950.0,69687,166938,2690422.46,77210.0,77420.0,CU
1,CU2504,2025-02-26,77200.0,77590.0,76530.0,77130.0,102769,168493,3966096.68,77180.0,77210.0,CU
1,CU2504,2025-02-27,77310.0,77350.0,76840.0,77070.0,65163,164799,2509946.465,77030.0,77180.0,CU
1,CU2504,2025-02-28,77140.0,77330.0,76720.0,76840.0,69905,163990,2691793.625,77010.0,77030.0,CU
1,CU2504,2025-03-03,76850.0,77380.0,76630.0,77050.0,68590,161179,2641714.82,77020.0,77010.0,CU
1,CU2504,2025-03-04,77190.0,77430.0,76900.0,76940.0,58842,161390,2269967.235,77150.0,77020.0,CU
1,CU2504,2025-03-05,76980.0,77550.0,76660.0,77510.0,91058,167221,3510912.045,77110.0,77150.0,CU
1,CU2504,2025-03-06,77980.0,78540.0,77640.0,78260.0,97453,173009,3806330.15,78110.0,77110.0,CU
1,CU2504,2025-03-07,78500.0,79280.0,78290.0,78320.0,98590,173475,3879723.105,78700.0,78110.0,CU
1,CU2504,2025-03-10,78440.0,78910.0,78150.0,78270.0,76513,166564,3001098.415,78440.0,78700.0,CU
1,CU2504,2025-03-11,78140.0,78320.0,77240.0,78030.0,81172,157269,3157556.775,77790.0,78440.0,CU
1,CU2504,2025-03-12,78420.0,79470.0,78270.0,79410.0,88757,168626,3499665.53,78850.0,77790.0,CU
2,CU2505,2025-03-13,79890.0,79970.0,79340.0,79450.0,88057,204102,3508206.79,79680.0,78980.0,CU
2,CU2505,2025-03-14,79480.0,80530.0,79340.0,80500.0,116997,230088,4681585.01,80020.0,79680.0,CU
2,CU2505,2025-03-17,80300.0,80570.0,79820.0,80520.0,86128,233226,3449926.27,80110.0,80020.0,CU
1,CU2505,2025-03-18,80270.0,80700.0,79970.0,80260.0,86854,233171,3489453.065,80350.0,80110.0,CU
1,CU2505,2025-03-19,80560.0,81070.0,80220.0,80890.0,89493,241712,3609146.94,80650.0,80350.0,CU
1,CU2505,2025-03-20,81060.0,81720.0,80850.0,81670.0,108947,251500,4431554.925,81350.0,80650.0,CU
1,CU2505,2025-03-21,81310.0,81810.0,80530.0,80610.0,135433,241118,5494320.26,81130.0,81350.0,CU
1,CU2505,2025-03-24,80530.0,81950.0,80190.0,81840.0,135447,250501,5483499.445,80960.0,81130.0,CU
1,CU2505,2025-03-25,82010.0,82110.0,81420.0,81910.0,116243,249339,4750083.575,81720.0,80960.0,CU
1,CU2505,2025-03-26,81960.0,83320.0,81660.0,82000.0,205774,247777,8478938.255,82410.0,81720.0,CU
1,CU2505,2025-03-27,81670.0,81970.0,81130.0,81560.0,145937,231989,5952663.895,81570.0,82410.0,CU
1,CU2505,2025-03-28,80930.0,81170.0,80370.0,80450.0,157849,213557,6369008.54,80690.0,81570.0,CU
1,CU2505,2025-03-31,80660.0,81190.0,79760.0,79950.0,154163,203731,6191704.465,80320.0,80690.0,CU
1,CU2505,2025-04-01,79860.0,80460.0,79430.0,80430.0,107658,198319,4301223.42,79900.0,80320.0,CU
1,CU2505,2025-04-02,79910.0,80220.0,79580.0,79890.0,97844,196044,3908285.79,79880.0,79900.0,CU
1,CU2505,2025-04-03,79840.0,79950.0,78660.0,78860.0,114839,187164,4547446.205,79190.0,79880.0,CU
1,CU2505,2025-04-07,73640.0,75500.0,73640.0,73640.0,173467,168034,6446347.84,74320.0,79190.0,CU
1,CU2505,2025-04-08,72580.0,74640.0,72580.0,73360.0,215027,160954,7896526.475,73440.0,74320.0,CU
1,CU2505,2025-04-09,73410.0,74010.0,71320.0,72130.0,197360,155202,7155177.315,72500.0,73440.0,CU
1,CU2505,2025-04-10,71790.0,75680.0,71690.0,75300.0,208660,150227,7712008.75,73910.0,72500.0,CU
1,CU2505,2025-04-11,74770.0,75340.0,74160.0,75230.0,142864,139941,5341317.46,74770.0,73910.0,CU
1,CU2505,2025-04-14,75570.0,76420.0,75150.0,76310.0,115148,136741,4367242.005,75850.0,74770.0,CU
2,CU2506,2025-04-15,76350.0,76490.0,75560.0,75870.0,87809,150069,3334988.84,75960.0,75760.0,CU
1,CU2506,2025-04-16,75500.0,76130.0,74900.0,75260.0,126227,160697,4768382.405,75550.0,75960.0,CU
1,CU2506,2025-04-17,75450.0,76190.0,75340.0,75780.0,112214,162109,4255331.585,75840.0,75550.0,CU
1,CU2506,2025-04-18,75800.0,76280.0,75550.0,76140.0,92413,163483,3511389.36,75990.0,75840.0,CU
1,CU2506,2025-04-21,76110.0,77360.0,75820.0,77290.0,122521,169596,4683465.235,76450.0,75990.0,CU
1,CU2506,2025-04-22,77400.0,77490.0,76550.0,77120.0,117256,166073,4511746.585,76950.0,76450.0,CU
1,CU2506,2025-04-23,77290.0,78520.0,77150.0,77890.0,137622,171055,5351369.955,77760.0,76950.0,CU
1,CU2506,2025-04-24,77960.0,78090.0,77330.0,77410.0,111572,166136,4332594.095,77660.0,77760.0,CU
1,CU2506,2025-04-25,77500.0,77980.0,77270.0,77440.0,110001,165933,4270762.305,77640.0,77660.0,CU
1,CU2506,2025-04-28,77510.0,77730.0,77010.0,77580.0,114074,165067,4413512.555,77370.0,77640.0,CU
1,CU2506,2025-04-29,77740.0,77760.0,77300.0,77600.0,79140,164818,3070271.72,77590.0,77370.0,CU
1,CU2506,2025-04-30,77950.0,77990.0,77180.0,77220.0,89554,168554,3472786.44,77550.0,77590.0,CU
1,CU2506,2025-05-06,77160.0,77970.0,77030.0,77600.0,83514,172625,3243674.28,77670.0,77550.0,CU
1,CU2506,2025-05-07,77830.0,78560.0,77610.0,77790.0,132768,179103,5180174.515,78030.0,77670.0,CU
1,CU2506,2025-05-08,77620.0,77980.0,77280.0,77330.0,116718,179692,4527574.15,77580.0,78030.0,CU
1,CU2506,2025-05-09,77540.0,78170.0,77370.0,77450.0,111450,181319,4327968.825,77660.0,77580.0,CU
1,CU2506,2025-05-12,77950.0,78280.0,77710.0,78260.0,125097,187730,4880732.24,78030.0,77660.0,CU
1,CU2506,2025-05-13,78080.0,78190.0,77620.0,78090.0,90876,181940,3538766.36,77880.0,78030.0,CU
1,CU2506,2025-05-14,77930.0,79050.0,77830.0,78940.0,112380,193911,4411460.755,78500.0,77880.0,CU
1,CU2506,2025-05-15,78900.0,79090.0,77860.0,77870.0,110176,186574,4318731.03,78390.0,78500.0,CU
0,CU2506,2025-05-16,78160.0,78610.0,78010.0,78140.0,72311,180490,2831369.48,78310.0,78390.0,CU
0,CU2506,2025-05-19,77920.0,78090.0,77540.0,77820.0,82415,171235,3203826.36,77740.0,78310.0,CU
0,CU2506,2025-05-20,77980.0,78180.0,77510.0,77540.0,66697,166088,2596611.53,77860.0,77740.0,CU
0,CU2506,2025-05-21,77880.0,78320.0,77720.0,78100.0,71129,163320,2777507.25,78090.0,77860.0,CU
0,CU2506,2025-05-22,78010.0,78060.0,77730.0,77920.0,61455,153061,2394085.46,77910.0,78090.0,CU
0,CU2506,2025-05-23,77730.0,78040.0,77600.0,77790.0,64240,152405,2499933.695,77830.0,77910.0,CU
0,CU2506,2025-05-26,77680.0,78480.0,77680.0,78270.0,77521,144941,3033903.215,78270.0,77830.0,CU
1,CU2507,2025-05-27,77740.0,78340.0,77710.0,77900.0,76542,161007,2985029.51,77990.0,77910.0,CU
1,CU2507,2025-05-28,78160.0,78240.0,77820.0,77870.0,73407,169462,2864783.665,78050.0,77990.0,CU
1,CU2507,2025-05-29,78010.0,78190.0,77700.0,78130.0,80153,174757,3125706.88,77990.0,78050.0,CU
1,CU2507,2025-05-30,78080.0,78100.0,77530.0,77600.0,87403,172994,3398226.265,77750.0,77990.0,CU
1,CU2507,2025-06-03,77920.0,78250.0,77390.0,77650.0,81917,182260,3186550.715,77790.0,77750.0,CU
1,CU2507,2025-06-04,77910.0,78400.0,77890.0,78200.0,111382,195214,4355342.88,78200.0,77790.0,CU
1,CU2507,2025-06-05,78050.0,78260.0,77960.0,78170.0,64095,193023,2503778.95,78120.0,78200.0,CU
1,CU2507,2025-06-06,78960.0,79180.0,78410.0,78930.0,128281,204118,5054963.65,78810.0,78120.0,CU
1,CU2507,2025-06-09,78580.0,78920.0,78480.0,78910.0,75321,202306,2962782.01,78670.0,78810.0,CU
1,CU2507,2025-06-10,78920.0,79470.0,78880.0,78880.0,86101,208685,3406681.615,79130.0,78670.0,CU
1,CU2507,2025-06-11,79150.0,79340.0,79030.0,79290.0,64136,209523,2539327.92,79180.0,79130.0,CU
1,CU2507,2025-06-12,78740.0,78880.0,78510.0,78610.0,85090,203273,3347512.675,78680.0,79180.0,CU
1,CU2507,2025-06-13,78600.0,78760.0,77800.0,78010.0,98873,193847,3876096.57,78400.0,78680.0,CU
1,CU2507,2025-06-16,77910.0,78650.0,77810.0,78550.0,76515,192243,2995881.26,78300.0,78400.0,CU
0,CU2507,2025-06-17,78640.0,78730.0,78420.0,78570.0,58318,184424,2289955.035,78530.0,78300.0,CU
0,CU2507,2025-06-18,78600.0,78870.0,78360.0,78860.0,58013,184366,2280651.8,78620.0,78530.0,CU
0,CU2507,2025-06-19,78640.0,78700.0,78230.0,78310.0,63400,175704,2488321.53,78490.0,78620.0,CU
0,CU2507,2025-06-20,78160.0,78480.0,77920.0,77990.0,65822,166882,2573279.44,78180.0,78490.0,CU
0,CU2507,2025-06-23,78480.0,78580.0,78170.0,78290.0,62987,157429,2466928.645,78330.0,78180.0,CU
0,CU2507,2025-06-24,78340.0,78690.0,78200.0,78640.0,63060,150365,2473377.455,78440.0,78330.0,CU
1,CU2508,2025-06-25,78330.0,78750.0,78130.0,78680.0,70559,172146,2767356.41,78440.0,78270.0,CU
1,CU2508,2025-06-26,78600.0,78930.0,78510.0,78890.0,77300,191140,3043657.73,78740.0,78440.0,CU
1,CU2508,2025-06-27,79360.0,80060.0,79320.0,79920.0,131756,215705,5253769.995,79740.0,78740.0,CU
1,CU2508,2025-06-30,79520.0,79990.0,79500.0,79870.0,100945,212911,4026648.835,79770.0,79740.0,CU
1,CU2508,2025-07-01,79630.0,80760.0,79560.0,80640.0,113449,223983,4539449.775,80020.0,79770.0,CU
1,CU2508,2025-07-02,80620.0,80930.0,80320.0,80540.0,101958,223122,4110311.89,80620.0,80020.0,CU
1,CU2508,2025-07-03,80560.0,80990.0,80530.0,80560.0,83386,224672,3367175.405,80760.0,80620.0,CU
1,CU2508,2025-07-04,80460.0,80760.0,79620.0,79730.0,100562,215738,4031526.42,80170.0,80760.0,CU
1,CU2508,2025-07-07,79810.0,79950.0,79120.0,79270.0,75314,204506,2994196.22,79510.0,80170.0,CU
1,CU2508,2025-07-08,79370.0,79690.0,79300.0,79620.0,61263,207382,2434791.84,79480.0,79510.0,CU
1,CU2508,2025-07-09,79590.0,80170.0,78270.0,78400.0,162594,193999,6415674.95,78910.0,79480.0,CU
1,CU2508,2025-07-10,78340.0,78680.0,78160.0,78600.0,99231,181068,3889713.575,78390.0,78910.0,CU
1,CU2508,2025-07-11,78700.0,78810.0,78370.0,78430.0,81666,178682,3206713.685,78530.0,78390.0,CU
1,CU2508,2025-07-14,78040.0,78520.0,78010.0,78400.0,79136,172204,3098105.02,78290.0,78530.0,CU
1,CU2508,2025-07-15,77900.0,78160.0,77700.0,78090.0,81666,169930,3182324.865,77930.0,78290.0,CU
0,CU2508,2025-07-16,77960.0,78160.0,77810.0,77980.0,60926,160457,2375144.03,77960.0,77930.0,CU
0,CU2508,2025-07-17,77810.0,78090.0,77760.0,77840.0,54262,153791,2113579.005,77900.0,77960.0,CU
0,CU2508,2025-07-18,77800.0,78590.0,77800.0,78410.0,63394,145430,2482435.98,78310.0,77900.0,CU
1,CU2509,2025-07-21,78560.0,79800.0,78530.0,79770.0,87500,156946,3467853.89,79260.0,78330.0,CU
1,CU2509,2025-07-22,79720.0,79880.0,79450.0,79740.0,73257,166726,2917516.53,79650.0,79260.0,CU
1,CU2509,2025-07-23,79830.0,80140.0,79510.0,79590.0,85686,172895,3419443.295,79810.0,79650.0,CU
1,CU2509,2025-07-24,79880.0,80020.0,79660.0,79890.0,73919,181496,2951179.86,79840.0,79810.0,CU
1,CU2509,2025-07-25,79520.0,79550.0,79140.0,79250.0,88147,180830,3496574.625,79330.0,79840.0,CU
1,CU2509,2025-07-28,79180.0,79300.0,78730.0,79000.0,75630,176092,2986907.895,78980.0,79330.0,CU
1,CU2509,2025-07-29,79130.0,79250.0,78810.0,78840.0,65404,173744,2582813.915,78980.0,78980.0,CU
1,CU2509,2025-07-30,78910.0,79240.0,78870.0,78930.0,55888,171689,2209574.075,79070.0,78980.0,CU
1,CU2509,2025-07-31,78640.0,78850.0,77950.0,78040.0,109011,176193,4275627.65,78440.0,79070.0,CU
1,CU2509,2025-08-01,78180.0,78800.0,77960.0,78400.0,80943,167671,3168064.81,78270.0,78440.0,CU
1,CU2509,2025-08-04,78380.0,78500.0,78030.0,78330.0,62389,163558,2440154.87,78220.0,78270.0,CU
1,CU2509,2025-08-05,78460.0,78590.0,78330.0,78580.0,42792,159866,1679301.625,78480.0,78220.0,CU
1,CU2509,2025-08-06,78170.0,78320.0,78050.0,78280.0,56389,158574,2203827.41,78160.0,78480.0,CU
1,CU2509,2025-08-07,78380.0,78490.0,78230.0,78460.0,42710,157601,1673919.625,78380.0,78160.0,CU
1,CU2509,2025-08-08,78420.0,78610.0,78320.0,78490.0,42906,156892,1682929.315,78440.0,78380.0,CU
1,CU2509,2025-08-11,78500.0,79170.0,78410.0,79020.0,70041,160884,2764032.835,78920.0,78440.0,CU
1,CU2509,2025-08-12,78750.0,79120.0,78750.0,79020.0,48485,156044,1913807.43,78940.0,78920.0,CU
1,CU2509,2025-08-13,79220.0,79510.0,79170.0,79380.0,52049,158877,2064830.99,79340.0,78940.0,CU
1,CU2509,2025-08-14,79290.0,79350.0,78880.0,78950.0,51734,152341,2046613.75,79120.0,79340.0,CU
1,CU2509,2025-08-15,78760.0,79210.0,78740.0,79060.0,50116,152557,1978717.825,78960.0,79120.0,CU
0,CU2509,2025-08-18,79060.0,79290.0,78860.0,78950.0,44818,147433,1770952.01,79020.0,78960.0,CU
0,CU2509,2025-08-19,78840.0,78980.0,78760.0,78890.0,39153,140367,1544207.635,78880.0,79020.0,CU
0,CU2509,2025-08-20,78690.0,78770.0,78500.0,78640.0,56138,135865,2205941.31,78580.0,78880.0,CU
0,CU2509,2025-08-21,78560.0,78800.0,78480.0,78540.0,43058,128034,1692390.355,78600.0,78580.0,CU
0,CU2509,2025-08-22,78680.0,78890.0,78600.0,78690.0,37910,120902,1492016.13,78710.0,78600.0,CU
1,CU2510,2025-08-25,78680.0,79860.0,78670.0,79690.0,87895,169761,3485011.975,79290.0,78700.0,CU
1,CU2510,2025-08-26,79600.0,79810.0,79040.0,79190.0,68825,175488,2734439.85,79460.0,79290.0,CU
1,CU2510,2025-08-27,79290.0,79580.0,79160.0,79190.0,57818,174997,2294177.74,79350.0,79460.0,CU
1,CU2510,2025-08-28,78820.0,79010.0,78650.0,78930.0,73403,168997,2893016.58,78820.0,79350.0,CU
1,CU2510,2025-08-29,78920.0,79630.0,78830.0,79410.0,71061,173826,2814891.425,79220.0,78820.0,CU
1,CU2510,2025-09-01,79670.0,79980.0,79460.0,79780.0,78481,180644,3128173.625,79710.0,79220.0,CU
1,CU2510,2025-09-02,79640.0,80020.0,79540.0,79660.0,61677,180065,2460489.11,79780.0,79710.0,CU
1,CU2510,2025-09-03,79500.0,80700.0,79470.0,80110.0,98971,192109,3967848.775,80180.0,79780.0,CU
1,CU2510,2025-09-04,80000.0,80430.0,79550.0,79770.0,77199,184021,3087229.115,79980.0,80180.0,CU
1,CU2510,2025-09-05,79680.0,80280.0,79620.0,80140.0,55387,187152,2214009.865,79940.0,79980.0,CU
1,CU2510,2025-09-08,80290.0,80410.0,79400.0,79650.0,90850,178303,3621793.35,79730.0,79940.0,CU
1,CU2510,2025-09-09,79690.0,79910.0,79530.0,79650.0,50662,174886,2019180.535,79710.0,79730.0,CU
1,CU2510,2025-09-10,79590.0,79930.0,79480.0,79790.0,55158,171912,2197700.66,79680.0,79710.0,CU
1,CU2510,2025-09-11,79950.0,80280.0,79870.0,80130.0,64849,174453,2596852.055,80080.0,79680.0,CU
1,CU2510,2025-09-12,80160.0,81190.0,80080.0,81060.0,91556,186876,3692475.89,80660.0,80080.0,CU
1,CU2510,2025-09-15,80750.0,81100.0,80570.0,80940.0,68871,179256,2783764.82,80830.0,80660.0,CU
0,CU2510,2025-09-16,80890.0,81530.0,80670.0,80880.0,88548,165216,3590274.345,81090.0,80830.0,CU
0,CU2510,2025-09-17,81010.0,81200.0,80380.0,80560.0,70112,147464,2829923.845,80720.0,81090.0,CU
0,CU2510,2025-09-18,79950.0,80000.0,79500.0,79620.0,90514,127860,3611771.19,79800.0,80720.0,CU
1,CU2511,2025-09-19,79680.0,80080.0,79510.0,79850.0,54113,173028,2159730.52,79820.0,79780.0,CU
1,CU2511,2025-09-22,79950.0,80350.0,79910.0,80160.0,63400,176962,2539964.58,80120.0,79820.0,CU
1,CU2511,2025-09-23,80080.0,80200.0,79820.0,79920.0,63199,173294,2526189.855,79940.0,80120.0,CU
1,CU2511,2025-09-24,79980.0,80130.0,79860.0,79960.0,51727,172444,2068874.925,79990.0,79940.0,CU
1,CU2511,2025-09-25,81000.0,82980.0,80750.0,82710.0,334893,238523,13757667.415,82160.0,79990.0,CU
1,CU2511,2025-09-26,82290.0,83090.0,82260.0,82470.0,174625,229050,7207582.555,82540.0,82160.0,CU
1,CU2511,2025-09-29,82270.0,82450.0,81640.0,82370.0,138460,213792,5682335.1,82070.0,82540.0,CU
1,CU2511,2025-09-30,82400.0,83820.0,82380.0,83110.0,156069,213859,6497547.945,83260.0,82070.0,CU
1,CU2511,2025-10-09,84610.0,87000.0,84610.0,86750.0,137816,221715,5920227.61,85910.0,83260.0,CU
1,CU2511,2025-10-10,87400.0,88090.0,85720.0,85910.0,212468,216115,9233425.175,86910.0,85910.0,CU
1,CU2511,2025-10-13,86600.0,86780.0,82630.0,85120.0,291422,201831,12358154.64,84810.0,86910.0,CU
1,CU2511,2025-10-14,85800.0,86790.0,84070.0,84410.0,210984,187566,9042719.975,85710.0,84810.0,CU
1,CU2511,2025-10-15,84180.0,85990.0,83820.0,85800.0,125819,175899,5344956.49,84960.0,85710.0,CU
1,CU2512,2025-10-16,85360.0,85450.0,84460.0,85070.0,108052,214147,4595575.87,85060.0,85000.0,CU
1,CU2512,2025-10-17,84530.0,85440.0,84220.0,84390.0,121050,215573,5130278.07,84760.0,85060.0,CU
1,CU2512,2025-10-20,84660.0,85980.0,84410.0,85380.0,158661,226910,6764437.415,85260.0,84760.0,CU
1,CU2512,2025-10-21,85220.0,85880.0,85220.0,85400.0,104758,231226,4480196.4,85530.0,85260.0,CU
1,CU2512,2025-10-22,85300.0,85420.0,84500.0,85420.0,112173,233361,4767025.48,84990.0,85530.0,CU
1,CU2512,2025-10-23,85280.0,86260.0,85100.0,86070.0,114909,248626,4917128.665,85580.0,84990.0,CU
1,CU2512,2025-10-24,86450.0,87860.0,86230.0,87720.0,174100,275672,7562834.505,86870.0,85580.0,CU
1,CU2512,2025-10-27,87050.0,88700.0,86940.0,88370.0,222986,293384,9805709.99,87940.0,86870.0,CU
1,CU2512,2025-10-28,88160.0,88400.0,86700.0,86980.0,235196,281306,10312794.83,87690.0,87940.0,CU
1,CU2512,2025-10-29,87220.0,88970.0,87210.0,88710.0,197692,290209,8704028.265,88050.0,87690.0,CU
1,CU2512,2025-10-30,88780.0,89270.0,87640.0,87960.0,254501,281460,11260472.095,88490.0,88050.0,CU
1,CU2512,2025-10-31,87380.0,87830.0,86530.0,87010.0,244428,258319,10658999.3,87210.0,88490.0,CU
1,CU2512,2025-11-03,87210.0,87450.0,86700.0,87300.0,150597,248762,6557114.9,87080.0,87210.0,CU
1,CU2512,2025-11-04,87430.0,87440.0,85480.0,85740.0,166742,227549,7206067.595,86430.0,87080.0,CU
1,CU2512,2025-11-05,85000.0,85960.0,84900.0,85670.0,142332,217024,6080280.415,85430.0,86430.0,CU
1,CU2512,2025-11-06,85550.0,86550.0,85400.0,86320.0,101243,211098,4352205.105,85970.0,85430.0,CU
1,CU2512,2025-11-07,86320.0,86450.0,85600.0,85940.0,91276,207136,3922756.575,85950.0,85970.0,CU
1,CU2512,2025-11-10,86110.0,86790.0,85750.0,86480.0,98089,204127,4234123.275,86330.0,85950.0,CU
1,CU2512,2025-11-11,86790.0,87050.0,86310.0,86630.0,74639,202371,3235690.47,86700.0,86330.0,CU
1,CU2512,2025-11-12,86590.0,87050.0,86350.0,86840.0,76287,200769,3308421.135,86730.0,86700.0,CU
1,CU2512,2025-11-13,87100.0,87700.0,86840.0,87550.0,102298,201007,4467164.93,87330.0,86730.0,CU
1,CU2512,2025-11-14,87650.0,87920.0,86710.0,86900.0,103656,192293,4521578.14,87240.0,87330.0,CU
1,CU2512,2025-11-17,86640.0,86900.0,85900.0,86450.0,101029,179927,4365154.94,86410.0,87240.0,CU
0,CU2512,2025-11-18,86440.0,86530.0,85540.0,85650.0,86217,164396,3704612.005,85930.0,86410.0,CU
1,CU2601,2025-11-19,85540.0,86250.0,85510.0,86110.0,73550,180544,3161790.93,85970.0,85920.0,CU
1,CU2601,2025-11-20,86540.0,86640.0,86100.0,86130.0,84357,187778,3643620.02,86380.0,85970.0,CU
1,CU2601,2025-11-21,86380.0,86630.0,85600.0,85660.0,98905,190218,4253393.615,86000.0,86380.0,CU
1,CU2601,2025-11-24,85750.0,86350.0,85670.0,86080.0,96239,192392,4140609.365,86040.0,86000.0,CU
1,CU2601,2025-11-25,86080.0,86840.0,85940.0,86600.0,86982,199582,3758524.355,86420.0,86040.0,CU
1,CU2601,2025-11-26,86750.0,87200.0,86250.0,86590.0,107213,204728,4647168.4,86690.0,86420.0,CU
1,CU2601,2025-11-27,87200.0,87300.0,86820.0,86990.0,95318,210684,4149743.695,87070.0,86690.0,CU
1,CU2601,2025-11-28,86800.0,87550.0,86580.0,87430.0,94508,218257,4121219.18,87210.0,87070.0,CU
1,CU2601,2025-12-01,87630.0,89650.0,87520.0,89280.0,189675,232702,8424421.795,88830.0,87210.0,CU
1,CU2601,2025-12-02,89410.0,89920.0,88330.0,88920.0,143313,225606,6384206.11,89090.0,88830.0,CU
1,CU2601,2025-12-03,89100.0,89450.0,88550.0,89210.0,125982,223984,5604848.025,88970.0,89090.0,CU
1,CU2601,2025-12-04,90070.0,91450.0,90050.0,90980.0,225331,234570,10229603.665,90790.0,88970.0,CU
1,CU2601,2025-12-05,90600.0,92910.0,90400.0,92780.0,188062,236494,8609587.69,91560.0,90790.0,CU
1,CU2601,2025-12-08,92520.0,93300.0,91690.0,92970.0,194929,230045,9010274.43,92440.0,91560.0,CU
1,CU2601,2025-12-09,92820.0,93050.0,90880.0,91090.0,190409,210572,8765094.795,92060.0,92440.0,CU
1,CU2601,2025-12-10,91400.0,92370.0,90710.0,91850.0,146066,200373,6681123.575,91480.0,92060.0,CU
1,CU2601,2025-12-11,92250.0,93000.0,91450.0,92210.0,138584,190380,6394331.605,92280.0,91480.0,CU
1,CU2601,2025-12-12,92700.0,94570.0,92550.0,94080.0,157560,188649,7369587.74,93540.0,92280.0,CU
2,CU2602,2025-12-15,93470.0,94500.0,90840.0,92490.0,228665,219831,10594027.275,92650.0,93640.0,CU
1,CU2602,2025-12-16,93500.0,93820.0,91340.0,91920.0,186991,217374,8644456.61,92450.0,92650.0,CU
1,CU2602,2025-12-17,92210.0,93270.0,91610.0,92820.0,149583,223974,6910270.595,92390.0,92450.0,CU
1,CU2602,2025-12-18,92830.0,93500.0,92110.0,92600.0,160058,231253,7422808.885,92750.0,92390.0,CU
1,CU2602,2025-12-19,92600.0,93400.0,91950.0,93180.0,172714,237652,8007182.715,92720.0,92750.0,CU
1,CU2602,2025-12-22,93540.0,94730.0,93400.0,94320.0,210010,246790,9862973.86,93920.0,92720.0,CU
1,CU2602,2025-12-23,94030.0,94290.0,93620.0,93930.0,138848,241093,6519798.26,93910.0,93920.0,CU
1,CU2602,2025-12-24,94850.0,96750.0,93820.0,96100.0,307142,258304,14629805.225,95260.0,93910.0,CU
1,CU2602,2025-12-25,95910.0,96530.0,94180.0,96210.0,248003,247747,11816143.57,95290.0,95260.0,CU
1,CU2602,2025-12-26,96410.0,99730.0,96280.0,98720.0,286978,252097,14078745.07,98110.0,95290.0,CU
1,CU2602,2025-12-29,98310.0,102660.0,98020.0,98860.0,517777,235507,26009459.52,100460.0,98110.0,CU
1,CU2602,2025-12-30,97020.0,99240.0,96010.0,98090.0,408708,219725,19908883.865,97420.0,100460.0,CU
1,CU2602,2025-12-31,98520.0,99800.0,97750.0,98240.0,293789,208246,14499651.755,98700.0,97420.0,CU
