index,symbol,date,open,high,low,close,volume,open_interest,turnover,settle,pre_settle,variety
14,AL1506,2015-03-27,13380.0,13380.0,13300.0,13330.0,29912,120896,,13325.0,13280.0,AL
14,AL1506,2015-03-30,13300.0,13340.0,13285.0,13310.0,26856,120146,,13315.0,13325.0,AL
14,AL1506,2015-03-31,13315.0,13420.0,13310.0,13370.0,58312,126646,,13375.0,13315.0,AL
14,AL1506,2015-04-01,13360.0,13405.0,13330.0,13370.0,25522,125400,,13370.0,13375.0,AL
14,AL1506,2015-04-02,13350.0,13400.0,13330.0,13370.0,27312,128402,,13370.0,13370.0,AL
14,AL1506,2015-04-03,13365.0,13385.0,13355.0,13375.0,17410,125408,,13365.0,13370.0,AL
14,AL1506,2015-04-07,13380.0,13445.0,13365.0,13410.0,16288,125520,,13405.0,13365.0,AL
14,AL1506,2015-04-08,13405.0,13435.0,13370.0,13385.0,18402,123756,,13390.0,13405.0,AL
14,AL1506,2015-04-09,13315.0,13365.0,13050.0,13255.0,97334,120416,,13200.0,13390.0,AL
14,AL1506,2015-04-10,13245.0,13275.0,13180.0,13265.0,31024,114990,,13230.0,13200.0,AL
14,AL1506,2015-04-13,13250.0,13265.0,13100.0,13105.0,41976,117146,,13160.0,13230.0,AL
14,AL1506,2015-04-14,13155.0,13155.0,13000.0,13020.0,67982,119072,,13050.0,13160.0,AL
14,AL1506,2015-04-15,13040.0,13105.0,13005.0,13060.0,27882,121674,,13060.0,13050.0,AL
13,AL1506,2015-04-16,13060.0,13195.0,13050.0,13180.0,31486,122168,,13120.0,13060.0,AL
13,AL1506,2015-04-17,13235.0,13250.0,13160.0,13190.0,36348,113880,,13210.0,13120.0,AL
13,AL1506,2015-04-20,13205.0,13215.0,13075.0,13110.0,31388,115256,,13125.0,13210.0,AL
14,AL1507,2015-04-21,13100.0,13150.0,13090.0,13110.0,17636,111556,,13105.0,13150.0,AL
14,AL1507,2015-04-22,13100.0,13165.0,13040.0,13155.0,25344,117800,,13125.0,13105.0,AL
14,AL1507,2015-04-23,13130.0,13280.0,13105.0,13210.0,58130,119028,,13185.0,13125.0,AL
14,AL1507,2015-04-24,13180.0,13240.0,13170.0,13230.0,28630,123644,,13210.0,13185.0,AL
14,AL1507,2015-04-27,13275.0,13400.0,13265.0,13360.0,70880,133392,,13335.0,13210.0,AL
14,AL1507,2015-04-28,13360.0,13420.0,13280.0,13320.0,52922,137144,,13345.0,13335.0,AL
14,AL1507,2015-04-29,13385.0,13420.0,13290.0,13305.0,66102,141968,,13360.0,13345.0,AL
14,AL1507,2015-04-30,13340.0,13380.0,13315.0,13345.0,47484,145898,,13350.0,13360.0,AL
14,AL1507,2015-05-04,13400.0,13465.0,13380.0,13420.0,44714,147352,,13415.0,13350.0,AL
14,AL1507,2015-05-05,13440.0,13450.0,13350.0,13370.0,35878,144926,,13390.0,13415.0,AL
14,AL1507,2015-05-06,13420.0,13620.0,13400.0,13580.0,133430,162078,,13535.0,13390.0,AL
14,AL1507,2015-05-07,13540.0,13555.0,13425.0,13460.0,72870,150382,,13475.0,13535.0,AL
14,AL1507,2015-05-08,13470.0,13520.0,13440.0,13455.0,59728,136138,,13460.0,13475.0,AL
14,AL1507,2015-05-11,13455.0,13515.0,13405.0,13480.0,42292,134282,,13450.0,13460.0,AL
14,AL1507,2015-05-12,13450.0,13460.0,13315.0,13315.0,39718,131570,,13380.0,13450.0,AL
14,AL1507,2015-05-13,13365.0,13395.0,13325.0,13380.0,26398,133478,,13360.0,13380.0,AL
14,AL1507,2015-05-14,13380.0,13410.0,13270.0,13330.0,30664,131988,,13335.0,13360.0,AL
14,AL1507,2015-05-15,13295.0,13360.0,13280.0,13335.0,25600,132026,,13315.0,13335.0,AL
13,AL1507,2015-05-18,13280.0,13330.0,13275.0,13285.0,20192,129200,,13295.0,13315.0,AL
13,AL1507,2015-05-19,13270.0,13270.0,13220.0,13235.0,28858,123172,,13235.0,13295.0,AL
13,AL1507,2015-05-20,13195.0,13220.0,13150.0,13170.0,30172,116398,,13195.0,13235.0,AL
14,AL1508,2015-05-21,13215.0,13320.0,13215.0,13280.0,17352,96632,,13275.0,13245.0,AL
14,AL1508,2015-05-22,13250.0,13310.0,13250.0,13265.0,23138,100920,,13280.0,13275.0,AL
13,AL1507,2015-05-25,13190.0,13200.0,13160.0,13180.0,18972,103968,,13185.0,13235.0,AL
13,AL1507,2015-05-26,13195.0,13255.0,13175.0,13200.0,21340,99678,,13210.0,13185.0,AL
14,AL1508,2015-05-27,13230.0,13250.0,13185.0,13195.0,23774,115126,,13220.0,13265.0,AL
14,AL1508,2015-05-28,13150.0,13195.0,13145.0,13175.0,33002,123802,,13170.0,13220.0,AL
14,AL1508,2015-05-29,13200.0,13225.0,13175.0,13225.0,24516,127372,,13205.0,13170.0,AL
14,AL1508,2015-06-01,13175.0,13200.0,13125.0,13175.0,38608,125170,,13170.0,13205.0,AL
14,AL1508,2015-06-02,13170.0,13200.0,13155.0,13155.0,27010,132758,,13175.0,13170.0,AL
14,AL1508,2015-06-03,13180.0,13190.0,13130.0,13140.0,26250,135252,,13155.0,13175.0,AL
14,AL1508,2015-06-04,13165.0,13175.0,13080.0,13105.0,29702,132794,,13120.0,13155.0,AL
14,AL1508,2015-06-05,13090.0,13160.0,12905.0,13010.0,36360,133402,,13055.0,13120.0,AL
14,AL1508,2015-06-08,12985.0,13020.0,12950.0,12950.0,31406,132024,,12975.0,13055.0,AL
14,AL1508,2015-06-09,12950.0,12990.0,12930.0,12950.0,23802,135144,,12950.0,12975.0,AL
14,AL1508,2015-06-10,12980.0,12985.0,12930.0,12930.0,19994,134944,,12950.0,12950.0,AL
14,AL1508,2015-06-11,12950.0,12975.0,12830.0,12835.0,42472,133236,,12895.0,12950.0,AL
14,AL1508,2015-06-12,12825.0,12840.0,12705.0,12755.0,55882,129630,,12750.0,12895.0,AL
14,AL1508,2015-06-15,12775.0,12790.0,12655.0,12675.0,25236,128062,,12725.0,12750.0,AL
13,AL1508,2015-06-16,12655.0,12750.0,12630.0,12705.0,31858,123400,,12685.0,12725.0,AL
13,AL1508,2015-06-17,12680.0,12715.0,12665.0,12675.0,20752,122972,,12690.0,12685.0,AL
13,AL1508,2015-06-18,12705.0,12735.0,12580.0,12675.0,22242,120800,,12650.0,12690.0,AL
14,AL1509,2015-06-19,12715.0,12750.0,12695.0,12720.0,20542,103748,,12715.0,12695.0,AL
14,AL1509,2015-06-23,12745.0,12795.0,12740.0,12795.0,23042,102484,,12770.0,12715.0,AL
14,AL1509,2015-06-24,12815.0,12820.0,12775.0,12810.0,24346,103636,,12795.0,12770.0,AL
14,AL1509,2015-06-25,12775.0,12830.0,12700.0,12755.0,31384,108422,,12755.0,12795.0,AL
14,AL1509,2015-06-26,12755.0,12780.0,12700.0,12760.0,26572,110602,,12750.0,12755.0,AL
14,AL1509,2015-06-29,12740.0,12760.0,12695.0,12735.0,28260,119202,,12730.0,12750.0,AL
14,AL1509,2015-06-30,12700.0,12715.0,12560.0,12625.0,49992,124950,,12620.0,12730.0,AL
14,AL1509,2015-07-01,12620.0,12620.0,12470.0,12500.0,39706,131554,,12535.0,12620.0,AL
14,AL1509,2015-07-02,12555.0,13030.0,12550.0,12670.0,48928,127104,,12710.0,12535.0,AL
14,AL1509,2015-07-03,12720.0,12740.0,12650.0,12675.0,21954,128006,,12685.0,12710.0,AL
14,AL1509,2015-07-06,12655.0,12685.0,12440.0,12500.0,47018,132748,,12540.0,12685.0,AL
14,AL1509,2015-07-07,12405.0,12545.0,12405.0,12430.0,32074,134944,,12475.0,12540.0,AL
14,AL1509,2015-07-08,12405.0,12450.0,11975.0,12045.0,178144,133002,,12145.0,12475.0,AL
14,AL1509,2015-07-09,12155.0,12435.0,12145.0,12390.0,88724,122998,,12290.0,12145.0,AL
14,AL1509,2015-07-10,12460.0,12535.0,12385.0,12410.0,42236,124748,,12450.0,12290.0,AL
14,AL1509,2015-07-13,12375.0,12470.0,12365.0,12395.0,18256,124234,,12400.0,12450.0,AL
14,AL1509,2015-07-14,12450.0,12495.0,12400.0,12405.0,20162,123012,,12445.0,12400.0,AL
14,AL1509,2015-07-15,12390.0,12460.0,12385.0,12435.0,15312,123222,,12420.0,12445.0,AL
13,AL1509,2015-07-16,12440.0,12655.0,12350.0,12545.0,54318,117958,,12505.0,12420.0,AL
13,AL1509,2015-07-17,12500.0,12560.0,12470.0,12520.0,19016,118134,,12510.0,12505.0,AL
13,AL1509,2015-07-20,12510.0,12510.0,12420.0,12460.0,17286,116100,,12450.0,12510.0,AL
13,AL1509,2015-07-21,12405.0,12450.0,12400.0,12445.0,15832,114612,,12430.0,12450.0,AL
14,AL1510,2015-07-22,12450.0,12450.0,12355.0,12355.0,34332,134002,,12390.0,12465.0,AL
14,AL1510,2015-07-23,12345.0,12370.0,12270.0,12355.0,34006,141560,,12320.0,12390.0,AL
14,AL1510,2015-07-24,12310.0,12310.0,12255.0,12270.0,29574,146544,,12280.0,12320.0,AL
14,AL1510,2015-07-27,12270.0,12345.0,12240.0,12245.0,22660,145880,,12295.0,12280.0,AL
14,AL1510,2015-07-28,12230.0,12315.0,12145.0,12295.0,25984,145968,,12245.0,12295.0,AL
14,AL1510,2015-07-29,12270.0,12430.0,12270.0,12345.0,38462,137704,,12360.0,12245.0,AL
14,AL1510,2015-07-30,12315.0,12340.0,12265.0,12275.0,23968,137668,,12295.0,12360.0,AL
14,AL1510,2015-07-31,12195.0,12280.0,12195.0,12255.0,27614,140186,,12260.0,12295.0,AL
14,AL1510,2015-08-03,12245.0,12310.0,12000.0,12095.0,45728,147740,,12170.0,12260.0,AL
14,AL1510,2015-08-04,12080.0,12170.0,12025.0,12145.0,31710,144964,,12110.0,12170.0,AL
14,AL1510,2015-08-05,12165.0,12280.0,12080.0,12120.0,18196,145990,,12125.0,12110.0,AL
14,AL1510,2015-08-06,12115.0,12120.0,12010.0,12025.0,25772,148932,,12065.0,12125.0,AL
14,AL1510,2015-08-07,11990.0,12005.0,11910.0,11960.0,37040,150482,,11965.0,12065.0,AL
14,AL1510,2015-08-10,11965.0,12055.0,11935.0,11965.0,27690,153038,,11975.0,11965.0,AL
14,AL1510,2015-08-11,11955.0,12120.0,11955.0,12040.0,50750,146868,,12055.0,11975.0,AL
14,AL1510,2015-08-12,12040.0,12165.0,12000.0,12135.0,49638,144384,,12085.0,12055.0,AL
14,AL1510,2015-08-13,12170.0,12270.0,12100.0,12140.0,52368,140668,,12180.0,12085.0,AL
14,AL1510,2015-08-14,12120.0,12145.0,12085.0,12110.0,21436,140010,,12110.0,12180.0,AL
14,AL1510,2015-08-17,12120.0,12140.0,12020.0,12070.0,24268,139546,,12080.0,12110.0,AL
13,AL1510,2015-08-18,12040.0,12070.0,11975.0,11995.0,16198,138896,,12020.0,12080.0,AL
13,AL1510,2015-08-19,11980.0,12020.0,11890.0,11965.0,25354,136282,,11940.0,12020.0,AL
13,AL1510,2015-08-20,11945.0,12045.0,11935.0,12035.0,26696,133364,,11990.0,11940.0,AL
13,AL1510,2015-08-21,12105.0,12120.0,11980.0,11990.0,25474,131196,,12040.0,11990.0,AL
13,AL1510,2015-08-24,11970.0,11995.0,11805.0,11830.0,55470,126524,,11885.0,12040.0,AL
13,AL1510,2015-08-25,11800.0,11910.0,11765.0,11870.0,41970,121184,,11865.0,11885.0,AL
13,AL1510,2015-08-26,11945.0,12050.0,11840.0,11855.0,40152,117724,,11900.0,11865.0,AL
13,AL1510,2015-08-27,11810.0,11900.0,11810.0,11885.0,26522,115082,,11865.0,11900.0,AL
14,AL1511,2015-08-28,11885.0,11980.0,11865.0,11935.0,31564,119536,,11920.0,11860.0,AL
14,AL1511,2015-08-31,11950.0,12020.0,11875.0,11890.0,33894,120760,,11945.0,11920.0,AL
14,AL1511,2015-09-01,11900.0,11900.0,11775.0,11825.0,50776,121534,,11825.0,11945.0,AL
14,AL1511,2015-09-02,11825.0,11885.0,11780.0,11850.0,19480,120628,,11840.0,11825.0,AL
14,AL1511,2015-09-07,11840.0,11915.0,11825.0,11885.0,18490,119704,,11865.0,11840.0,AL
14,AL1511,2015-09-08,11875.0,11915.0,11870.0,11915.0,24578,115746,,11885.0,11865.0,AL
14,AL1511,2015-09-09,11970.0,12065.0,11950.0,12060.0,54768,118280,,12010.0,11885.0,AL
14,AL1511,2015-09-10,12085.0,12195.0,11950.0,12010.0,37326,117682,,12015.0,12010.0,AL
14,AL1511,2015-09-11,12000.0,12060.0,11970.0,12045.0,24738,117746,,12025.0,12015.0,AL
14,AL1511,2015-09-14,12000.0,12055.0,11980.0,12010.0,25476,116386,,12015.0,12025.0,AL
14,AL1511,2015-09-15,11955.0,11995.0,11860.0,11900.0,27780,114696,,11930.0,12015.0,AL
13,AL1511,2015-09-16,11905.0,11950.0,11875.0,11935.0,18628,114092,,11915.0,11930.0,AL
13,AL1511,2015-09-17,11935.0,11965.0,11905.0,11955.0,19422,112724,,11935.0,11915.0,AL
13,AL1511,2015-09-18,11950.0,12045.0,11920.0,12005.0,23438,110774,,11985.0,11935.0,AL
13,AL1511,2015-09-21,11955.0,12030.0,11865.0,11890.0,44598,110024,,11950.0,11985.0,AL
13,AL1511,2015-09-22,11905.0,11925.0,11800.0,11870.0,35154,109444,,11855.0,11950.0,AL
14,AL1512,2015-09-23,11840.0,11840.0,11755.0,11805.0,46148,135920,,11805.0,11885.0,AL
14,AL1512,2015-09-24,11780.0,11840.0,11745.0,11800.0,35156,141582,,11790.0,11805.0,AL
14,AL1512,2015-09-25,11765.0,11900.0,11760.0,11825.0,33610,141518,,11825.0,11790.0,AL
14,AL1512,2015-09-28,11810.0,11825.0,11730.0,11750.0,19054,147980,,11770.0,11825.0,AL
14,AL1512,2015-09-29,11720.0,11745.0,11610.0,11660.0,42198,149716,,11660.0,11770.0,AL
14,AL1512,2015-09-30,11700.0,11750.0,11585.0,11680.0,31818,151322,,11645.0,11660.0,AL
14,AL1512,2015-10-08,11695.0,11695.0,11475.0,11490.0,39416,161154,,11555.0,11645.0,AL
14,AL1512,2015-10-09,11465.0,11635.0,11380.0,11600.0,93630,159706,,11500.0,11555.0,AL
14,AL1512,2015-10-12,11670.0,11725.0,11545.0,11615.0,69212,171046,,11610.0,11500.0,AL
14,AL1512,2015-10-13,11615.0,11615.0,11450.0,11500.0,52728,174826,,11510.0,11610.0,AL
14,AL1512,2015-10-14,11470.0,11590.0,11310.0,11335.0,76170,183428,,11415.0,11510.0,AL
14,AL1512,2015-10-15,11345.0,11400.0,11220.0,11295.0,60556,183856,,11330.0,11415.0,AL
13,AL1512,2015-10-16,11250.0,11305.0,11180.0,11195.0,51974,179100,,11235.0,11330.0,AL
13,AL1512,2015-10-19,11195.0,11280.0,11085.0,11090.0,78744,163602,,11195.0,11235.0,AL
14,AL1601,2015-10-20,11060.0,11145.0,10990.0,11015.0,68166,137410,,11055.0,11195.0,AL
14,AL1601,2015-10-21,10980.0,11040.0,10765.0,10825.0,108672,148248,,10875.0,11055.0,AL
14,AL1601,2015-10-22,10790.0,10860.0,10700.0,10720.0,114886,162658,,10780.0,10875.0,AL
14,AL1601,2015-10-23,10760.0,10830.0,10345.0,10620.0,360684,189574,,10550.0,10780.0,AL
14,AL1601,2015-10-26,10600.0,10660.0,10380.0,10465.0,357282,210262,,10465.0,10550.0,AL
14,AL1601,2015-10-27,10480.0,10580.0,10410.0,10525.0,294012,215270,,10505.0,10465.0,AL
14,AL1601,2015-10-28,10530.0,10645.0,10275.0,10290.0,333248,270278,,10430.0,10505.0,AL
14,AL1601,2015-10-29,10260.0,10425.0,10250.0,10345.0,343486,260258,,10340.0,10430.0,AL
14,AL1601,2015-10-30,10310.0,10395.0,10295.0,10350.0,190944,264788,,10340.0,10340.0,AL
14,AL1601,2015-11-02,10340.0,10390.0,10280.0,10315.0,155648,272842,,10330.0,10340.0,AL
14,AL1601,2015-11-03,10340.0,10440.0,10315.0,10375.0,171460,281060,,10370.0,10330.0,AL
14,AL1601,2015-11-04,10360.0,10520.0,10335.0,10510.0,188926,262388,,10410.0,10370.0,AL
14,AL1601,2015-11-05,10485.0,10650.0,10460.0,10560.0,307456,240998,,10560.0,10410.0,AL
14,AL1601,2015-11-06,10560.0,10625.0,10490.0,10545.0,204850,237162,,10550.0,10560.0,AL
14,AL1601,2015-11-09,10550.0,10635.0,10475.0,10550.0,227252,253638,,10565.0,10550.0,AL
14,AL1601,2015-11-10,10540.0,10575.0,10215.0,10270.0,367240,294214,,10360.0,10565.0,AL
14,AL1601,2015-11-11,10245.0,10280.0,10010.0,10035.0,449120,289988,,10100.0,10360.0,AL
14,AL1601,2015-11-12,10070.0,10180.0,10040.0,10130.0,207274,273732,,10100.0,10100.0,AL
14,AL1601,2015-11-13,10020.0,10195.0,9910.0,10150.0,266094,260302,,10100.0,10100.0,AL
14,AL1601,2015-11-16,10130.0,10245.0,10070.0,10105.0,197318,249748,,10170.0,10100.0,AL
13,AL1601,2015-11-17,10085.0,10145.0,9985.0,10070.0,288058,236438,,10045.0,10170.0,AL
13,AL1601,2015-11-18,10095.0,10155.0,9930.0,10025.0,246388,237860,,10030.0,10045.0,AL
13,AL1601,2015-11-19,10020.0,10020.0,9780.0,9820.0,300096,245892,,9895.0,10030.0,AL
13,AL1601,2015-11-20,9820.0,10090.0,9640.0,9935.0,486316,221828,,9820.0,9895.0,AL
13,AL1601,2015-11-23,9970.0,10065.0,9750.0,9870.0,398088,208330,,9875.0,9820.0,AL
13,AL1601,2015-11-24,9845.0,9875.0,9620.0,9770.0,397298,199496,,9735.0,9875.0,AL
13,AL1601,2015-11-25,9720.0,9955.0,9665.0,9865.0,418088,195096,,9825.0,9735.0,AL
13,AL1601,2015-11-26,9800.0,10215.0,9735.0,10215.0,478748,169674,,10060.0,9825.0,AL
13,AL1601,2015-11-27,10215.0,10460.0,10195.0,10425.0,574658,151540,,10365.0,10060.0,AL
13,AL1601,2015-11-30,10400.0,10470.0,10080.0,10145.0,531086,142358,,10275.0,10365.0,AL
13,AL1601,2015-12-01,10150.0,10265.0,10060.0,10200.0,264148,129032,,10180.0,10275.0,AL
14,AL1602,2015-12-02,10070.0,10395.0,10055.0,10190.0,338730,243070,,10215.0,10080.0,AL
14,AL1602,2015-12-03,10150.0,10285.0,10135.0,10180.0,273672,252782,,10200.0,10215.0,AL
14,AL1602,2015-12-04,10195.0,10305.0,10085.0,10270.0,415368,256716,,10200.0,10200.0,AL
14,AL1602,2015-12-07,10390.0,10430.0,10205.0,10290.0,390364,273396,,10295.0,10200.0,AL
14,AL1602,2015-12-08,10255.0,10385.0,10195.0,10330.0,428454,255950,,10290.0,10295.0,AL
14,AL1602,2015-12-09,10260.0,10510.0,10210.0,10455.0,444832,265412,,10360.0,10290.0,AL
14,AL1602,2015-12-10,10470.0,10600.0,10275.0,10375.0,697722,252590,,10440.0,10360.0,AL
14,AL1602,2015-12-11,10355.0,10680.0,10325.0,10665.0,497982,243200,,10485.0,10440.0,AL
14,AL1602,2015-12-14,10620.0,10705.0,10535.0,10590.0,441046,239512,,10595.0,10485.0,AL
14,AL1602,2015-12-15,10520.0,10650.0,10490.0,10500.0,366546,238500,,10580.0,10595.0,AL
13,AL1602,2015-12-16,10495.0,10550.0,10435.0,10485.0,275786,226276,,10500.0,10580.0,AL
13,AL1602,2015-12-17,10485.0,10625.0,10460.0,10540.0,354130,219392,,10545.0,10500.0,AL
13,AL1602,2015-12-18,10525.0,10720.0,10500.0,10690.0,300216,214006,,10610.0,10545.0,AL
13,AL1602,2015-12-21,10720.0,10865.0,10640.0,10830.0,259334,207170,,10735.0,10610.0,AL
13,AL1602,2015-12-22,10800.0,10890.0,10745.0,10805.0,196796,202514,,10815.0,10735.0,AL
13,AL1602,2015-12-23,10800.0,10900.0,10735.0,10865.0,199562,199996,,10815.0,10815.0,AL
13,AL1602,2015-12-24,10880.0,10960.0,10860.0,10905.0,190964,197406,,10900.0,10815.0,AL
13,AL1602,2015-12-25,10905.0,10935.0,10865.0,10915.0,121884,189958,,10900.0,10900.0,AL
14,AL1603,2015-12-28,10895.0,10900.0,10535.0,10555.0,253944,261872,,10670.0,10875.0,AL
14,AL1603,2015-12-29,10530.0,10720.0,10530.0,10705.0,237756,248000,,10625.0,10670.0,AL
14,AL1603,2015-12-30,10745.0,10875.0,10715.0,10785.0,230546,247594,,10785.0,10625.0,AL
14,AL1603,2015-12-31,10740.0,10880.0,10730.0,10820.0,171442,242690,,10810.0,10785.0,AL
14,AL1603,2016-01-04,10850.0,10850.0,10605.0,10630.0,218568,252556,,10680.0,10810.0,AL
14,AL1603,2016-01-05,10600.0,10780.0,10565.0,10770.0,262764,245448,,10665.0,10680.0,AL
14,AL1603,2016-01-06,10720.0,10745.0,10640.0,10685.0,203524,244508,,10690.0,10665.0,AL
14,AL1603,2016-01-07,10665.0,10725.0,10610.0,10675.0,233816,247252,,10665.0,10690.0,AL
14,AL1603,2016-01-08,10660.0,10765.0,10590.0,10745.0,293130,253098,,10690.0,10665.0,AL
14,AL1603,2016-01-11,10745.0,10890.0,10740.0,10815.0,354386,249752,,10815.0,10690.0,AL
14,AL1603,2016-01-12,10805.0,10860.0,10565.0,10580.0,455630,270492,,10735.0,10815.0,AL
14,AL1603,2016-01-13,10605.0,10660.0,10500.0,10595.0,425636,280248,,10575.0,10735.0,AL
14,AL1603,2016-01-14,10565.0,10770.0,10555.0,10700.0,279564,264572,,10660.0,10575.0,AL
14,AL1603,2016-01-15,10695.0,10750.0,10645.0,10650.0,194338,261244,,10700.0,10660.0,AL
13,AL1603,2016-01-18,10630.0,10795.0,10625.0,10725.0,179042,239268,,10715.0,10700.0,AL
13,AL1603,2016-01-19,10715.0,10815.0,10700.0,10810.0,154372,229454,,10745.0,10715.0,AL
13,AL1603,2016-01-20,10810.0,10820.0,10650.0,10690.0,176180,221784,,10710.0,10745.0,AL
13,AL1603,2016-01-21,10685.0,10695.0,10615.0,10655.0,121300,223790,,10655.0,10710.0,AL
13,AL1603,2016-01-22,10675.0,10815.0,10650.0,10815.0,198820,227416,,10735.0,10655.0,AL
13,AL1603,2016-01-25,10835.0,10950.0,10680.0,10710.0,191878,211656,,10785.0,10735.0,AL
13,AL1603,2016-01-26,10725.0,10750.0,10685.0,10725.0,84460,203108,,10720.0,10785.0,AL
13,AL1603,2016-01-27,10750.0,10835.0,10720.0,10785.0,111832,187974,,10775.0,10720.0,AL
13,AL1603,2016-01-28,10790.0,10850.0,10735.0,10745.0,145400,169980,,10800.0,10775.0,AL
13,AL1603,2016-01-29,10750.0,10790.0,10690.0,10725.0,83596,159002,,10735.0,10800.0,AL
14,AL1604,2016-02-01,10760.0,10830.0,10590.0,10645.0,116952,230270,,10690.0,10760.0,AL
14,AL1604,2016-02-02,10640.0,10705.0,10620.0,10675.0,64828,230296,,10665.0,10690.0,AL
14,AL1604,2016-02-03,10700.0,10745.0,10635.0,10710.0,105984,219654,,10680.0,10665.0,AL
14,AL1604,2016-02-04,10710.0,10930.0,10705.0,10900.0,157238,219032,,10805.0,10680.0,AL
14,AL1604,2016-02-05,10890.0,10900.0,10785.0,10800.0,114566,211336,,10835.0,10805.0,AL
14,AL1604,2016-02-15,10750.0,10880.0,10715.0,10875.0,76200,221772,,10815.0,10835.0,AL
13,AL1604,2016-02-16,10880.0,11070.0,10830.0,11045.0,282232,257796,,10970.0,10815.0,AL
13,AL1604,2016-02-17,11050.0,11120.0,10930.0,10980.0,230950,245582,,11035.0,10970.0,AL
13,AL1604,2016-02-18,10990.0,11055.0,10945.0,10965.0,122812,247736,,10985.0,11035.0,AL
13,AL1604,2016-02-19,10970.0,11085.0,10925.0,11060.0,139926,247286,,11015.0,10985.0,AL
13,AL1604,2016-02-22,11090.0,11275.0,11055.0,11210.0,220932,250208,,11165.0,11015.0,AL
13,AL1604,2016-02-23,11240.0,11285.0,11155.0,11225.0,161226,235416,,11210.0,11165.0,AL
13,AL1604,2016-02-24,11205.0,11210.0,11085.0,11150.0,140616,221226,,11145.0,11210.0,AL
13,AL1604,2016-02-25,11130.0,11325.0,11130.0,11230.0,190750,217282,,11245.0,11145.0,AL
13,AL1604,2016-02-26,11290.0,11340.0,11170.0,11265.0,218430,209664,,11265.0,11245.0,AL
13,AL1604,2016-02-29,11275.0,11400.0,11255.0,11265.0,214978,174414,,11310.0,11265.0,AL
14,AL1605,2016-03-01,11360.0,11375.0,11120.0,11225.0,170132,236644,,11245.0,11350.0,AL
14,AL1605,2016-03-02,11260.0,11340.0,11155.0,11325.0,181264,251728,,11255.0,11245.0,AL
14,AL1605,2016-03-03,11305.0,11370.0,11280.0,11365.0,126498,250702,,11330.0,11255.0,AL
14,AL1605,2016-03-04,11365.0,11485.0,11330.0,11435.0,227818,249040,,11410.0,11330.0,AL
14,AL1605,2016-03-07,11430.0,11645.0,11365.0,11455.0,353800,258844,,11475.0,11410.0,AL
14,AL1605,2016-03-08,11475.0,11595.0,11410.0,11535.0,324148,251428,,11500.0,11475.0,AL
14,AL1605,2016-03-09,11535.0,11545.0,11055.0,11370.0,296444,241844,,11335.0,11500.0,AL
14,AL1605,2016-03-10,11355.0,11415.0,11265.0,11315.0,168332,235698,,11335.0,11335.0,AL
14,AL1605,2016-03-11,11300.0,11375.0,11245.0,11375.0,145504,230998,,11315.0,11335.0,AL
14,AL1605,2016-03-14,11335.0,11455.0,11320.0,11335.0,141928,232508,,11375.0,11315.0,AL
14,AL1605,2016-03-15,11310.0,11355.0,11270.0,11300.0,125840,231462,,11315.0,11375.0,AL
13,AL1605,2016-03-16,11245.0,11305.0,11200.0,11275.0,110250,229948,,11265.0,11315.0,AL
13,AL1605,2016-03-17,11230.0,11365.0,11230.0,11340.0,94516,223070,,11305.0,11265.0,AL
13,AL1605,2016-03-18,11325.0,11500.0,11320.0,11455.0,158696,224098,,11435.0,11305.0,AL
13,AL1605,2016-03-21,11425.0,11580.0,11400.0,11485.0,154720,223520,,11485.0,11435.0,AL
13,AL1605,2016-03-22,11530.0,11550.0,11470.0,11515.0,94936,224414,,11515.0,11485.0,AL
13,AL1605,2016-03-23,11495.0,11545.0,11460.0,11500.0,95008,210446,,11505.0,11515.0,AL
13,AL1605,2016-03-24,11495.0,11640.0,11465.0,11525.0,241820,190994,,11540.0,11505.0,AL
13,AL1605,2016-03-25,11520.0,11715.0,11510.0,11700.0,174076,211914,,11640.0,11540.0,AL
13,AL1605,2016-03-28,11720.0,11830.0,11680.0,11740.0,164850,211640,,11760.0,11640.0,AL
13,AL1605,2016-03-29,11750.0,11880.0,11700.0,11755.0,183126,211004,,11810.0,11760.0,AL
13,AL1605,2016-03-30,11775.0,11780.0,11690.0,11740.0,107466,199590,,11735.0,11810.0,AL
13,AL1605,2016-03-31,11720.0,11810.0,11700.0,11775.0,115298,182842,,11755.0,11735.0,AL
13,AL1605,2016-04-01,11770.0,11920.0,11770.0,11890.0,106450,167150,,11850.0,11755.0,AL
14,AL1606,2016-04-05,11870.0,11940.0,11830.0,11850.0,83516,245412,,11875.0,11830.0,AL
14,AL1606,2016-04-06,11825.0,11910.0,11750.0,11765.0,149362,251514,,11830.0,11875.0,AL
14,AL1606,2016-04-07,11765.0,11815.0,11745.0,11780.0,121118,256784,,11770.0,11830.0,AL
14,AL1606,2016-04-08,11750.0,11755.0,11520.0,11635.0,162978,260446,,11665.0,11770.0,AL
14,AL1606,2016-04-11,11670.0,11820.0,11665.0,11775.0,143912,272308,,11755.0,11665.0,AL
14,AL1606,2016-04-12,11750.0,11820.0,11750.0,11785.0,87924,277386,,11790.0,11755.0,AL
14,AL1606,2016-04-13,11835.0,12075.0,11825.0,11945.0,274114,281384,,11960.0,11790.0,AL
14,AL1606,2016-04-14,12000.0,12070.0,11915.0,11960.0,168504,281402,,11995.0,11960.0,AL
14,AL1606,2016-04-15,11995.0,12020.0,11925.0,11960.0,131570,278472,,11960.0,11995.0,AL
13,AL1606,2016-04-18,11950.0,12010.0,11830.0,11955.0,140130,276302,,11950.0,11960.0,AL
13,AL1606,2016-04-19,12000.0,12045.0,11955.0,12035.0,126866,268162,,11995.0,11950.0,AL
13,AL1606,2016-04-20,12055.0,12120.0,12025.0,12075.0,149904,249360,,12065.0,11995.0,AL
13,AL1606,2016-04-21,12115.0,12540.0,12115.0,12400.0,339418,247488,,12315.0,12065.0,AL
13,AL1606,2016-04-22,12450.0,12805.0,12260.0,12805.0,548556,271754,,12575.0,12315.0,AL
13,AL1606,2016-04-25,12850.0,13075.0,12700.0,12885.0,525606,255694,,12900.0,12575.0,AL
13,AL1606,2016-04-26,12900.0,12955.0,12740.0,12790.0,258076,252650,,12840.0,12900.0,AL
13,AL1606,2016-04-27,12810.0,12980.0,12765.0,12820.0,225278,236148,,12850.0,12840.0,AL
13,AL1606,2016-04-28,12865.0,12940.0,12445.0,12485.0,482322,181802,,12650.0,12850.0,AL
13,AL1606,2016-04-29,12555.0,12730.0,12480.0,12705.0,188466,161704,,12620.0,12650.0,AL
14,AL1607,2016-05-03,12660.0,12820.0,12660.0,12755.0,111152,285618,,12735.0,12605.0,AL
14,AL1607,2016-05-04,12715.0,12740.0,12455.0,12475.0,207928,283696,,12570.0,12735.0,AL
14,AL1607,2016-05-05,12505.0,12570.0,12400.0,12455.0,161326,280228,,12495.0,12570.0,AL
14,AL1607,2016-05-06,12490.0,12535.0,12200.0,12340.0,274898,270046,,12340.0,12495.0,AL
14,AL1607,2016-05-09,12315.0,12490.0,11980.0,12055.0,254028,264462,,12215.0,12340.0,AL
14,AL1607,2016-05-10,12080.0,12080.0,11770.0,11910.0,240472,249230,,11905.0,12215.0,AL
14,AL1607,2016-05-11,11875.0,12130.0,11875.0,12120.0,189674,252526,,12000.0,11905.0,AL
14,AL1607,2016-05-12,12145.0,12245.0,12050.0,12170.0,190054,253558,,12145.0,12000.0,AL
14,AL1607,2016-05-13,12080.0,12165.0,11855.0,12070.0,252344,256480,,12015.0,12145.0,AL
14,AL1607,2016-05-16,12070.0,12290.0,12015.0,12225.0,211712,270528,,12160.0,12015.0,AL
13,AL1607,2016-05-17,12220.0,12440.0,12195.0,12435.0,219754,278820,,12360.0,12160.0,AL
13,AL1607,2016-05-18,12365.0,12460.0,12260.0,12270.0,191306,273490,,12360.0,12360.0,AL
13,AL1607,2016-05-19,12305.0,12400.0,12220.0,12325.0,181804,266412,,12330.0,12360.0,AL
13,AL1607,2016-05-20,12285.0,12445.0,12265.0,12435.0,154288,266834,,12360.0,12330.0,AL
13,AL1607,2016-05-23,12485.0,12560.0,12225.0,12275.0,229128,258762,,12370.0,12360.0,AL
13,AL1607,2016-05-24,12310.0,12350.0,12135.0,12270.0,171758,253582,,12285.0,12370.0,AL
13,AL1607,2016-05-25,12355.0,12380.0,11995.0,12065.0,302810,233592,,12145.0,12285.0,AL
13,AL1607,2016-05-26,12095.0,12195.0,11900.0,12185.0,292252,218172,,12040.0,12145.0,AL
13,AL1607,2016-05-27,12210.0,12265.0,12005.0,12220.0,271156,211172,,12145.0,12040.0,AL
13,AL1607,2016-05-30,12200.0,12345.0,12170.0,12295.0,180440,210776,,12255.0,12145.0,AL
13,AL1607,2016-05-31,12325.0,12370.0,12225.0,12260.0,148640,197334,,12305.0,12255.0,AL
13,AL1607,2016-06-01,12290.0,12300.0,12065.0,12090.0,138866,179966,,12180.0,12305.0,AL
14,AL1608,2016-06-02,11930.0,12165.0,11875.0,12145.0,178172,191924,,12065.0,11985.0,AL
14,AL1608,2016-06-03,12100.0,12130.0,11850.0,11905.0,234004,214978,,11960.0,12065.0,AL
14,AL1608,2016-06-06,11990.0,12000.0,11720.0,11780.0,309120,245704,,11865.0,11960.0,AL
14,AL1608,2016-06-07,11805.0,11840.0,11610.0,11655.0,298698,265440,,11715.0,11865.0,AL
14,AL1608,2016-06-08,11640.0,11895.0,11590.0,11870.0,241406,242234,,11755.0,11715.0,AL
14,AL1608,2016-06-13,11805.0,11960.0,11740.0,11850.0,136040,230756,,11830.0,11755.0,AL
14,AL1608,2016-06-14,11890.0,12030.0,11780.0,11855.0,255184,206970,,11910.0,11830.0,AL
14,AL1608,2016-06-15,11850.0,11880.0,11765.0,11870.0,118516,208330,,11825.0,11910.0,AL
13,AL1608,2016-06-16,11920.0,11970.0,11875.0,11915.0,148418,205754,,11910.0,11825.0,AL
13,AL1608,2016-06-17,11870.0,11990.0,11830.0,11985.0,128992,201532,,11920.0,11910.0,AL
13,AL1608,2016-06-20,11965.0,12125.0,11910.0,12100.0,192464,203438,,12020.0,11920.0,AL
13,AL1608,2016-06-21,12165.0,12215.0,12095.0,12205.0,217738,201490,,12150.0,12020.0,AL
13,AL1608,2016-06-22,12180.0,12360.0,12165.0,12345.0,238118,195192,,12280.0,12150.0,AL
13,AL1608,2016-06-23,12370.0,12385.0,12250.0,12335.0,154820,195992,,12315.0,12280.0,AL
13,AL1608,2016-06-24,12350.0,12405.0,12140.0,12170.0,192334,186774,,12280.0,12315.0,AL
13,AL1608,2016-06-27,12155.0,12460.0,12130.0,12375.0,170286,181716,,12310.0,12280.0,AL
13,AL1608,2016-06-28,12340.0,12480.0,12305.0,12385.0,116112,179588,,12375.0,12310.0,AL
13,AL1608,2016-06-29,12425.0,12475.0,12340.0,12365.0,131212,169034,,12400.0,12375.0,AL
13,AL1608,2016-06-30,12360.0,12575.0,12320.0,12530.0,170332,164724,,12460.0,12400.0,AL
14,AL1609,2016-07-01,12360.0,12605.0,12320.0,12590.0,153556,167108,,12480.0,12300.0,AL
14,AL1609,2016-07-04,12600.0,12785.0,12505.0,12535.0,265260,192366,,12640.0,12480.0,AL
14,AL1609,2016-07-05,12530.0,12590.0,12270.0,12480.0,243116,184638,,12400.0,12640.0,AL
14,AL1609,2016-07-06,12480.0,12550.0,12310.0,12480.0,268018,190086,,12435.0,12400.0,AL
14,AL1609,2016-07-07,12410.0,12630.0,12390.0,12460.0,279126,196612,,12535.0,12435.0,AL
14,AL1609,2016-07-08,12450.0,12615.0,12420.0,12565.0,190794,207458,,12500.0,12535.0,AL
14,AL1609,2016-07-11,12605.0,12665.0,12555.0,12650.0,182850,219986,,12615.0,12500.0,AL
14,AL1609,2016-07-12,12640.0,12660.0,12465.0,12500.0,186242,217100,,12565.0,12615.0,AL
14,AL1609,2016-07-13,12555.0,12725.0,12515.0,12655.0,257226,221860,,12625.0,12565.0,AL
14,AL1609,2016-07-14,12645.0,12705.0,12570.0,12700.0,148452,215568,,12640.0,12625.0,AL
14,AL1609,2016-07-15,12720.0,12735.0,12625.0,12685.0,121236,215694,,12670.0,12640.0,AL
13,AL1609,2016-07-18,12725.0,12745.0,12500.0,12515.0,142020,206718,,12600.0,12670.0,AL
13,AL1609,2016-07-19,12505.0,12520.0,12205.0,12280.0,211724,201854,,12385.0,12600.0,AL
13,AL1609,2016-07-20,12275.0,12370.0,12215.0,12330.0,149712,187574,,12315.0,12385.0,AL
13,AL1609,2016-07-21,12300.0,12405.0,12215.0,12390.0,152210,183340,,12335.0,12315.0,AL
13,AL1609,2016-07-22,12365.0,12430.0,12150.0,12160.0,151792,185732,,12290.0,12335.0,AL
13,AL1609,2016-07-25,12190.0,12240.0,12070.0,12190.0,144064,182574,,12165.0,12290.0,AL
13,AL1609,2016-07-26,12175.0,12210.0,12115.0,12120.0,86604,181170,,12150.0,12165.0,AL
13,AL1609,2016-07-27,12115.0,12160.0,12020.0,12070.0,141782,178604,,12090.0,12150.0,AL
13,AL1609,2016-07-28,12095.0,12345.0,12040.0,12345.0,153174,160690,,12205.0,12090.0,AL
13,AL1609,2016-07-29,12360.0,12390.0,12180.0,12260.0,110912,150804,,12280.0,12205.0,AL
13,AL1609,2016-08-01,12290.0,12360.0,12240.0,12325.0,81400,139518,,12310.0,12280.0,AL
14,AL1610,2016-08-02,12235.0,12245.0,12100.0,12205.0,79720,158440,,12175.0,12215.0,AL
14,AL1610,2016-08-03,12240.0,12260.0,12010.0,12050.0,108294,180308,,12120.0,12175.0,AL
14,AL1610,2016-08-04,12100.0,12135.0,12030.0,12065.0,100416,183016,,12065.0,12120.0,AL
14,AL1610,2016-08-05,12065.0,12235.0,12000.0,12220.0,136198,178134,,12125.0,12065.0,AL
14,AL1610,2016-08-08,12235.0,12395.0,12190.0,12385.0,171128,195008,,12310.0,12125.0,AL
14,AL1610,2016-08-09,12380.0,12400.0,12270.0,12310.0,128862,199820,,12330.0,12310.0,AL
14,AL1610,2016-08-10,12310.0,12480.0,12295.0,12465.0,123252,211156,,12385.0,12330.0,AL
14,AL1610,2016-08-11,12485.0,12495.0,12355.0,12390.0,103748,202964,,12405.0,12385.0,AL
14,AL1610,2016-08-12,12395.0,12395.0,12300.0,12350.0,75136,202034,,12345.0,12405.0,AL
14,AL1610,2016-08-15,12270.0,12380.0,12225.0,12295.0,119434,198428,,12310.0,12345.0,AL
13,AL1610,2016-08-16,12335.0,12470.0,12310.0,12430.0,115670,211308,,12395.0,12310.0,AL
13,AL1610,2016-08-17,12465.0,12465.0,12385.0,12450.0,106126,202854,,12430.0,12395.0,AL
13,AL1610,2016-08-18,12455.0,12795.0,12435.0,12780.0,235560,252598,,12595.0,12430.0,AL
13,AL1610,2016-08-19,12780.0,12780.0,12605.0,12685.0,168504,244700,,12675.0,12595.0,AL
13,AL1610,2016-08-22,12600.0,12625.0,12360.0,12375.0,195852,206244,,12495.0,12675.0,AL
13,AL1610,2016-08-23,12380.0,12450.0,12230.0,12440.0,95362,196388,,12385.0,12495.0,AL
13,AL1610,2016-08-24,12425.0,12495.0,12385.0,12420.0,71036,190990,,12435.0,12385.0,AL
13,AL1610,2016-08-25,12440.0,12440.0,12280.0,12340.0,114524,184048,,12335.0,12435.0,AL
13,AL1610,2016-08-26,12300.0,12450.0,12295.0,12370.0,111038,174710,,12365.0,12335.0,AL
13,AL1610,2016-08-29,12330.0,12450.0,12310.0,12345.0,102356,171010,,12390.0,12365.0,AL
13,AL1610,2016-08-30,12360.0,12410.0,12300.0,12320.0,72000,165894,,12340.0,12390.0,AL
13,AL1610,2016-08-31,12310.0,12375.0,12205.0,12215.0,111132,160826,,12300.0,12340.0,AL
13,AL1610,2016-09-01,12195.0,12255.0,12150.0,12230.0,84856,154718,,12210.0,12300.0,AL
14,AL1611,2016-09-02,12075.0,12245.0,12070.0,12205.0,107270,164336,,12180.0,12110.0,AL
14,AL1611,2016-09-05,12210.0,12220.0,11885.0,11965.0,221590,224970,,12040.0,12180.0,AL
14,AL1611,2016-09-06,11935.0,12030.0,11850.0,11995.0,172430,242198,,11925.0,12040.0,AL
14,AL1611,2016-09-07,11965.0,12050.0,11940.0,12010.0,124304,235340,,12010.0,11925.0,AL
14,AL1611,2016-09-08,12025.0,12055.0,11915.0,11990.0,114328,237304,,11985.0,12010.0,AL
14,AL1611,2016-09-09,11960.0,12100.0,11960.0,12050.0,97082,230914,,12035.0,11985.0,AL
14,AL1611,2016-09-12,12030.0,12045.0,11910.0,11960.0,113940,233992,,11975.0,12035.0,AL
14,AL1611,2016-09-13,11955.0,12070.0,11955.0,12025.0,101988,215834,,12025.0,11975.0,AL
14,AL1611,2016-09-14,12025.0,12035.0,11835.0,11875.0,149656,226064,,11925.0,12025.0,AL
14,AL1611,2016-09-19,11925.0,11975.0,11875.0,11915.0,76484,227986,,11915.0,11925.0,AL
13,AL1611,2016-09-20,11915.0,12115.0,11910.0,12065.0,132564,211084,,12035.0,11915.0,AL
13,AL1611,2016-09-21,12050.0,12190.0,12035.0,12145.0,134810,201986,,12115.0,12035.0,AL
13,AL1611,2016-09-22,12175.0,12355.0,12120.0,12310.0,151512,193246,,12250.0,12115.0,AL
13,AL1611,2016-09-23,12375.0,12530.0,12335.0,12495.0,186206,183554,,12430.0,12250.0,AL
13,AL1611,2016-09-26,12495.0,12510.0,12320.0,12420.0,161124,168408,,12415.0,12430.0,AL
13,AL1611,2016-09-27,12440.0,12555.0,12370.0,12495.0,149292,171774,,12480.0,12415.0,AL
13,AL1611,2016-09-28,12515.0,12520.0,12355.0,12445.0,115466,163228,,12430.0,12480.0,AL
13,AL1611,2016-09-29,12440.0,12690.0,12440.0,12590.0,149908,153602,,12560.0,12430.0,AL
13,AL1611,2016-09-30,12580.0,12620.0,12455.0,12465.0,94502,140562,,12520.0,12560.0,AL
13,AL1611,2016-10-10,12490.0,12910.0,12490.0,12865.0,117772,146942,,12745.0,12520.0,AL
14,AL1612,2016-10-11,12600.0,12725.0,12575.0,12710.0,130360,196636,,12650.0,12480.0,AL
14,AL1612,2016-10-12,12685.0,12710.0,12540.0,12665.0,170886,204136,,12635.0,12650.0,AL
14,AL1612,2016-10-13,12695.0,12815.0,12660.0,12765.0,164466,225132,,12750.0,12635.0,AL
14,AL1612,2016-10-14,12765.0,12960.0,12725.0,12865.0,192156,244610,,12860.0,12750.0,AL
14,AL1612,2016-10-17,12875.0,12895.0,12655.0,12720.0,188756,239878,,12740.0,12860.0,AL
13,AL1612,2016-10-18,12660.0,12790.0,12625.0,12785.0,126208,244694,,12700.0,12740.0,AL
13,AL1612,2016-10-19,12735.0,12815.0,12560.0,12590.0,189492,236698,,12680.0,12700.0,AL
13,AL1612,2016-10-20,12560.0,12670.0,12555.0,12575.0,127564,237874,,12610.0,12680.0,AL
13,AL1612,2016-10-21,12545.0,12695.0,12465.0,12630.0,143252,230600,,12605.0,12610.0,AL
13,AL1612,2016-10-24,12625.0,12945.0,12580.0,12930.0,200718,227772,,12790.0,12605.0,AL
13,AL1612,2016-10-25,12920.0,13300.0,12900.0,13300.0,196192,224526,,13090.0,12790.0,AL
13,AL1612,2016-10-26,13390.0,13995.0,13350.0,13620.0,543864,207904,,13700.0,13090.0,AL
13,AL1612,2016-10-27,13660.0,13715.0,13390.0,13530.0,309382,214614,,13540.0,13700.0,AL
13,AL1612,2016-10-28,13585.0,13960.0,13540.0,13860.0,332560,214640,,13795.0,13540.0,AL
13,AL1612,2016-10-31,13885.0,14285.0,13830.0,14100.0,359262,204846,,14060.0,13795.0,AL
13,AL1612,2016-11-01,14145.0,14255.0,13970.0,14115.0,224166,188092,,14120.0,14060.0,AL
14,AL1701,2016-11-02,13740.0,13750.0,13200.0,13200.0,294782,187476,,13445.0,13755.0,AL
14,AL1701,2016-11-03,13230.0,13475.0,13180.0,13410.0,260894,192384,,13305.0,13445.0,AL
14,AL1701,2016-11-04,13490.0,13540.0,13185.0,13245.0,287006,203836,,13385.0,13305.0,AL
14,AL1701,2016-11-07,13285.0,13580.0,13215.0,13340.0,338492,204920,,13395.0,13385.0,AL
14,AL1701,2016-11-08,13340.0,13520.0,13270.0,13355.0,302074,211964,,13375.0,13395.0,AL
14,AL1701,2016-11-09,13345.0,13695.0,13300.0,13490.0,468358,216636,,13520.0,13375.0,AL
14,AL1701,2016-11-10,13560.0,14060.0,13550.0,14060.0,536290,241474,,13880.0,13520.0,AL
14,AL1701,2016-11-11,14165.0,14255.0,13925.0,14105.0,442056,228928,,14090.0,13880.0,AL
14,AL1701,2016-11-14,14210.0,14850.0,13610.0,14330.0,793962,222388,,14220.0,14090.0,AL
14,AL1701,2016-11-15,14280.0,14445.0,13725.0,13800.0,597190,218096,,14145.0,14220.0,AL
13,AL1701,2016-11-16,13805.0,13930.0,13485.0,13600.0,431322,217268,,13720.0,14145.0,AL
13,AL1701,2016-11-17,13565.0,13615.0,13275.0,13430.0,359502,212194,,13445.0,13720.0,AL
13,AL1701,2016-11-18,13400.0,13665.0,13385.0,13635.0,360164,201068,,13545.0,13445.0,AL
13,AL1701,2016-11-21,13655.0,14140.0,13480.0,14090.0,409674,203440,,13800.0,13545.0,AL
13,AL1701,2016-11-22,14120.0,14315.0,14020.0,14210.0,374006,191742,,14150.0,13800.0,AL
13,AL1701,2016-11-23,14190.0,14370.0,14050.0,14100.0,352842,193646,,14210.0,14150.0,AL
13,AL1701,2016-11-24,14110.0,14350.0,13820.0,14075.0,560262,193644,,14135.0,14210.0,AL
13,AL1701,2016-11-25,14075.0,14120.0,13850.0,13960.0,348334,184852,,13990.0,14135.0,AL
13,AL1701,2016-11-28,13940.0,14185.0,13880.0,14085.0,352976,168458,,14020.0,13990.0,AL
13,AL1701,2016-11-29,14035.0,14065.0,13530.0,13570.0,374286,160500,,13725.0,14020.0,AL
13,AL1701,2016-11-30,13560.0,13615.0,13075.0,13270.0,316108,158568,,13375.0,13725.0,AL
13,AL1701,2016-12-01,13295.0,13630.0,13290.0,13520.0,223204,150198,,13470.0,13375.0,AL
14,AL1702,2016-12-02,13290.0,13530.0,13195.0,13325.0,244004,242520,,13340.0,13350.0,AL
14,AL1702,2016-12-05,13290.0,13415.0,13165.0,13185.0,285818,271380,,13275.0,13340.0,AL
14,AL1702,2016-12-06,13210.0,13375.0,13100.0,13165.0,295638,283794,,13225.0,13275.0,AL
14,AL1702,2016-12-07,13150.0,13175.0,12920.0,13120.0,376068,287240,,13055.0,13225.0,AL
14,AL1702,2016-12-08,13160.0,13325.0,12960.0,13110.0,364188,289490,,13110.0,13055.0,AL
14,AL1702,2016-12-09,13140.0,13395.0,13015.0,13320.0,412274,276480,,13220.0,13110.0,AL
14,AL1702,2016-12-12,13335.0,13595.0,13250.0,13445.0,356510,260944,,13450.0,13220.0,AL
14,AL1702,2016-12-13,13400.0,13450.0,13280.0,13300.0,225086,258702,,13360.0,13450.0,AL
14,AL1702,2016-12-14,13345.0,13360.0,13010.0,13040.0,320318,271064,,13125.0,13360.0,AL
14,AL1702,2016-12-15,13095.0,13100.0,12820.0,13005.0,363828,291456,,12930.0,13125.0,AL
13,AL1702,2016-12-16,12915.0,13075.0,12880.0,12915.0,232046,297952,,12980.0,12930.0,AL
13,AL1702,2016-12-19,12865.0,12920.0,12620.0,12630.0,277128,304270,,12740.0,12980.0,AL
13,AL1702,2016-12-20,12630.0,12715.0,12530.0,12665.0,243730,296030,,12635.0,12740.0,AL
13,AL1702,2016-12-21,12705.0,12890.0,12670.0,12880.0,232076,272976,,12775.0,12635.0,AL
13,AL1702,2016-12-22,12875.0,12925.0,12770.0,12800.0,212028,251370,,12855.0,12775.0,AL
13,AL1702,2016-12-23,12800.0,12930.0,12635.0,12700.0,237702,255262,,12770.0,12855.0,AL
13,AL1702,2016-12-26,12700.0,12820.0,12450.0,12640.0,249754,246292,,12600.0,12770.0,AL
13,AL1702,2016-12-27,12630.0,12815.0,12565.0,12790.0,181280,238486,,12710.0,12600.0,AL
13,AL1702,2016-12-28,12790.0,12950.0,12635.0,12650.0,223894,234496,,12805.0,12710.0,AL
13,AL1702,2016-12-29,12580.0,12740.0,12550.0,12720.0,185226,224934,,12645.0,12805.0,AL
13,AL1702,2016-12-30,12630.0,12875.0,12605.0,12795.0,214938,200226,,12755.0,12645.0,AL
13,AL1702,2017-01-03,12850.0,12850.0,12560.0,12590.0,85758,200210,,12680.0,12755.0,AL
14,AL1703,2017-01-04,12645.0,12690.0,12505.0,12680.0,128864,234466,,12610.0,12715.0,AL
14,AL1703,2017-01-05,12665.0,12735.0,12555.0,12595.0,138436,256458,,12650.0,12610.0,AL
14,AL1703,2017-01-06,12625.0,12660.0,12505.0,12510.0,125592,271096,,12590.0,12650.0,AL
14,AL1703,2017-01-09,12555.0,12710.0,12535.0,12580.0,196060,282886,,12625.0,12590.0,AL
14,AL1703,2017-01-10,12565.0,12870.0,12545.0,12870.0,299154,290586,,12695.0,12625.0,AL
14,AL1703,2017-01-11,12925.0,13050.0,12855.0,13040.0,297438,285908,,12960.0,12695.0,AL
14,AL1703,2017-01-12,13015.0,13280.0,12955.0,13280.0,296242,293964,,13070.0,12960.0,AL
14,AL1703,2017-01-13,13390.0,13545.0,13210.0,13395.0,432108,306090,,13405.0,13070.0,AL
14,AL1703,2017-01-16,13390.0,13500.0,13275.0,13390.0,293590,310520,,13395.0,13405.0,AL
13,AL1703,2017-01-17,13410.0,13525.0,13215.0,13320.0,332966,307736,,13375.0,13395.0,AL
13,AL1703,2017-01-18,13390.0,13445.0,13235.0,13335.0,222246,310268,,13350.0,13375.0,AL
13,AL1703,2017-01-19,13355.0,13465.0,13270.0,13355.0,215184,305642,,13355.0,13350.0,AL
13,AL1703,2017-01-20,13375.0,13455.0,13325.0,13335.0,230820,296878,,13380.0,13355.0,AL
13,AL1703,2017-01-23,13435.0,13890.0,13380.0,13690.0,476428,294896,,13700.0,13380.0,AL
13,AL1703,2017-01-24,13720.0,13820.0,13660.0,13725.0,224188,272582,,13740.0,13700.0,AL
13,AL1703,2017-01-25,13825.0,14140.0,13820.0,14050.0,365258,257794,,14020.0,13740.0,AL
13,AL1703,2017-01-26,13965.0,14015.0,13630.0,13835.0,280242,233714,,13815.0,14020.0,AL
13,AL1703,2017-02-03,13880.0,13880.0,13640.0,13760.0,115482,228000,,13750.0,13815.0,AL
13,AL1703,2017-02-06,13740.0,13925.0,13520.0,13630.0,220494,228002,,13760.0,13750.0,AL
13,AL1703,2017-02-07,13625.0,13735.0,13525.0,13600.0,156072,225024,,13620.0,13760.0,AL
13,AL1703,2017-02-08,13600.0,13740.0,13540.0,13695.0,153854,213580,,13650.0,13620.0,AL
13,AL1703,2017-02-09,13660.0,13850.0,13660.0,13735.0,153572,204732,,13785.0,13650.0,AL
13,AL1703,2017-02-10,13770.0,13855.0,13620.0,13760.0,152686,192266,,13750.0,13785.0,AL
14,AL1704,2017-02-13,13870.0,14140.0,13850.0,14035.0,260788,271986,,14005.0,13820.0,AL
14,AL1704,2017-02-14,14045.0,14435.0,14010.0,14415.0,426604,323084,,14210.0,14005.0,AL
14,AL1704,2017-02-15,14390.0,14500.0,14205.0,14345.0,443094,322038,,14355.0,14210.0,AL
13,AL1704,2017-02-16,14300.0,14580.0,14220.0,14365.0,407896,319268,,14420.0,14355.0,AL
13,AL1704,2017-02-17,14275.0,14415.0,14030.0,14065.0,364188,316864,,14240.0,14420.0,AL
13,AL1704,2017-02-20,14065.0,14195.0,13920.0,14145.0,323658,310782,,14050.0,14240.0,AL
13,AL1704,2017-02-21,14130.0,14375.0,14130.0,14225.0,295984,314080,,14265.0,14050.0,AL
13,AL1704,2017-02-22,14230.0,14305.0,13925.0,13955.0,342076,306374,,14120.0,14265.0,AL
13,AL1704,2017-02-23,13980.0,14100.0,13805.0,13840.0,310220,290140,,13945.0,14120.0,AL
13,AL1704,2017-02-24,13920.0,13940.0,13505.0,13715.0,350992,273230,,13740.0,13945.0,AL
13,AL1704,2017-02-27,13780.0,13910.0,13710.0,13755.0,305876,261174,,13805.0,13740.0,AL
13,AL1704,2017-02-28,13875.0,14030.0,13745.0,13770.0,297368,249886,,13825.0,13805.0,AL
13,AL1704,2017-03-01,13800.0,14250.0,13780.0,14180.0,345876,247298,,14030.0,13825.0,AL
13,AL1704,2017-03-02,14220.0,14295.0,14080.0,14145.0,248184,243264,,14195.0,14030.0,AL
13,AL1704,2017-03-03,14130.0,14180.0,13850.0,14165.0,256302,228312,,14025.0,14195.0,AL
13,AL1704,2017-03-06,14120.0,14160.0,13725.0,13730.0,266128,220852,,13945.0,14025.0,AL
13,AL1704,2017-03-07,13735.0,13825.0,13665.0,13750.0,171484,213644,,13755.0,13945.0,AL
13,AL1704,2017-03-08,13720.0,13865.0,13665.0,13690.0,226390,205618,,13760.0,13755.0,AL
14,AL1705,2017-03-09,13870.0,13890.0,13655.0,13675.0,241154,284362,,13740.0,13865.0,AL
14,AL1705,2017-03-10,13605.0,13970.0,13550.0,13930.0,269530,292230,,13780.0,13740.0,AL
14,AL1705,2017-03-13,13980.0,14050.0,13705.0,13880.0,346136,300436,,13855.0,13780.0,AL
14,AL1705,2017-03-14,13900.0,13950.0,13590.0,13655.0,338292,301798,,13760.0,13855.0,AL
14,AL1705,2017-03-15,13620.0,13780.0,13580.0,13750.0,283110,293878,,13705.0,13760.0,AL
13,AL1705,2017-03-16,13765.0,13985.0,13695.0,13960.0,374822,301200,,13845.0,13705.0,AL
13,AL1705,2017-03-17,14000.0,14025.0,13715.0,13760.0,253426,303128,,13850.0,13845.0,AL
13,AL1705,2017-03-20,13830.0,13910.0,13710.0,13770.0,226636,306562,,13810.0,13850.0,AL
13,AL1705,2017-03-21,13830.0,13900.0,13700.0,13880.0,287178,308716,,13805.0,13810.0,AL
13,AL1705,2017-03-22,13895.0,13980.0,13720.0,13805.0,366470,296214,,13845.0,13805.0,AL
13,AL1705,2017-03-23,13805.0,13910.0,13650.0,13835.0,363300,294422,,13795.0,13845.0,AL
13,AL1705,2017-03-24,13815.0,13845.0,13685.0,13695.0,301262,304162,,13760.0,13795.0,AL
13,AL1705,2017-03-27,13725.0,13805.0,13545.0,13715.0,328544,305358,,13680.0,13760.0,AL
13,AL1705,2017-03-28,13705.0,13750.0,13540.0,13650.0,327854,287524,,13640.0,13680.0,AL
13,AL1705,2017-03-29,13670.0,13895.0,13620.0,13835.0,305598,276548,,13780.0,13640.0,AL
13,AL1705,2017-03-30,13840.0,13910.0,13760.0,13820.0,227440,269194,,13835.0,13780.0,AL
13,AL1705,2017-03-31,13845.0,14000.0,13790.0,13995.0,345774,268522,,13895.0,13835.0,AL
13,AL1705,2017-04-05,13930.0,14185.0,13880.0,14160.0,227174,269514,,14085.0,13895.0,AL
13,AL1705,2017-04-06,14200.0,14270.0,14020.0,14095.0,186456,267862,,14120.0,14085.0,AL
13,AL1705,2017-04-07,14100.0,14145.0,13905.0,14005.0,241162,252924,,14020.0,14120.0,AL
13,AL1705,2017-04-10,13950.0,14180.0,13925.0,14070.0,232078,250024,,14060.0,14020.0,AL
14,AL1706,2017-04-11,14115.0,14150.0,13935.0,13980.0,240616,237286,,14030.0,14150.0,AL
14,AL1706,2017-04-12,14000.0,14110.0,13915.0,13970.0,384342,257978,,14025.0,14030.0,AL
14,AL1706,2017-04-13,13940.0,14180.0,13875.0,14125.0,407398,282878,,14010.0,14025.0,AL
14,AL1706,2017-04-14,14105.0,14265.0,14075.0,14225.0,304552,305912,,14165.0,14010.0,AL
14,AL1706,2017-04-17,14215.0,14995.0,14190.0,14485.0,564666,335724,,14535.0,14165.0,AL
13,AL1706,2017-04-18,14545.0,14615.0,14420.0,14495.0,346366,338208,,14495.0,14535.0,AL
13,AL1706,2017-04-19,14455.0,14530.0,14130.0,14255.0,491608,318802,,14290.0,14495.0,AL
13,AL1706,2017-04-20,14255.0,14360.0,14085.0,14350.0,438790,322064,,14210.0,14290.0,AL
13,AL1706,2017-04-21,14385.0,14480.0,14310.0,14355.0,326252,323996,,14380.0,14210.0,AL
13,AL1706,2017-04-24,14280.0,14380.0,14175.0,14330.0,310140,311426,,14265.0,14380.0,AL
13,AL1706,2017-04-25,14320.0,14460.0,14215.0,14375.0,350822,318970,,14330.0,14265.0,AL
13,AL1706,2017-04-26,14420.0,14500.0,14365.0,14375.0,363414,309530,,14435.0,14330.0,AL
13,AL1706,2017-04-27,14400.0,14450.0,14335.0,14375.0,237528,305070,,14385.0,14435.0,AL
13,AL1706,2017-04-28,14390.0,14395.0,13990.0,14015.0,386486,281130,,14230.0,14385.0,AL
13,AL1706,2017-05-02,14060.0,14155.0,13830.0,13855.0,251818,258798,,14005.0,14230.0,AL
13,AL1706,2017-05-03,13880.0,13985.0,13865.0,13960.0,203724,245578,,13925.0,14005.0,AL
13,AL1706,2017-05-04,13915.0,13975.0,13750.0,13890.0,281382,241482,,13885.0,13925.0,AL
13,AL1706,2017-05-05,13880.0,14015.0,13815.0,13950.0,263886,228848,,13925.0,13885.0,AL
13,AL1706,2017-05-08,13935.0,14025.0,13650.0,13695.0,313692,223864,,13820.0,13925.0,AL
13,AL1706,2017-05-09,13625.0,13825.0,13570.0,13790.0,189126,207824,,13725.0,13820.0,AL
14,AL1707,2017-05-10,13850.0,13870.0,13795.0,13845.0,154126,249576,,13835.0,13795.0,AL
14,AL1707,2017-05-11,13870.0,13940.0,13685.0,13845.0,229888,261936,,13805.0,13835.0,AL
14,AL1707,2017-05-12,13900.0,13935.0,13745.0,13855.0,241470,258870,,13830.0,13805.0,AL
14,AL1707,2017-05-15,13890.0,14025.0,13815.0,13985.0,191484,255472,,13920.0,13830.0,AL
13,AL1707,2017-05-16,13990.0,14060.0,13890.0,13965.0,184580,262936,,13975.0,13920.0,AL
13,AL1707,2017-05-17,14005.0,14080.0,13980.0,14055.0,172428,264724,,14030.0,13975.0,AL
13,AL1707,2017-05-18,14065.0,14120.0,13905.0,13930.0,162400,266386,,13985.0,14030.0,AL
13,AL1707,2017-05-19,13920.0,14090.0,13860.0,14030.0,191010,265264,,13995.0,13985.0,AL
13,AL1707,2017-05-22,14105.0,14170.0,13950.0,13990.0,243462,254118,,14060.0,13995.0,AL
13,AL1707,2017-05-23,14010.0,14030.0,13900.0,13910.0,186490,256148,,13955.0,14060.0,AL
13,AL1707,2017-05-24,13915.0,14065.0,13910.0,13985.0,164190,242952,,13985.0,13955.0,AL
13,AL1707,2017-05-25,14020.0,14130.0,13920.0,14090.0,275396,219800,,14020.0,13985.0,AL
13,AL1707,2017-05-26,14080.0,14140.0,14040.0,14085.0,152124,212262,,14080.0,14020.0,AL
13,AL1707,2017-05-31,14000.0,14025.0,13710.0,13715.0,219094,221712,,13885.0,14080.0,AL
13,AL1707,2017-06-01,13695.0,13890.0,13680.0,13805.0,174396,202546,,13785.0,13885.0,AL
13,AL1707,2017-06-02,13845.0,13875.0,13780.0,13790.0,111136,198792,,13820.0,13785.0,AL
13,AL1707,2017-06-05,13770.0,13880.0,13655.0,13745.0,159644,200260,,13765.0,13820.0,AL
13,AL1707,2017-06-06,13680.0,13775.0,13625.0,13675.0,157218,190834,,13700.0,13765.0,AL
13,AL1707,2017-06-07,13660.0,13750.0,13650.0,13690.0,121322,180708,,13695.0,13700.0,AL
14,AL1708,2017-06-08,13745.0,13870.0,13725.0,13825.0,115812,204954,,13795.0,13755.0,AL
14,AL1708,2017-06-09,13800.0,13865.0,13630.0,13645.0,222832,245680,,13735.0,13795.0,AL
14,AL1708,2017-06-12,13725.0,13870.0,13700.0,13745.0,205244,232400,,13765.0,13735.0,AL
14,AL1708,2017-06-13,13725.0,13795.0,13700.0,13705.0,142566,239534,,13740.0,13765.0,AL
14,AL1708,2017-06-14,13705.0,13770.0,13665.0,13680.0,165218,241036,,13720.0,13740.0,AL
14,AL1708,2017-06-15,13700.0,13710.0,13485.0,13555.0,292708,252988,,13585.0,13720.0,AL
13,AL1708,2017-06-16,13530.0,13640.0,13505.0,13595.0,138752,246020,,13575.0,13585.0,AL
13,AL1708,2017-06-19,13595.0,13820.0,13565.0,13815.0,189314,222502,,13705.0,13575.0,AL
13,AL1708,2017-06-20,13805.0,14030.0,13740.0,13995.0,281798,227922,,13890.0,13705.0,AL
13,AL1708,2017-06-21,13960.0,13995.0,13870.0,13905.0,162624,210962,,13925.0,13890.0,AL
13,AL1708,2017-06-22,13900.0,13985.0,13755.0,13765.0,172830,202744,,13870.0,13925.0,AL
13,AL1708,2017-06-23,13805.0,13950.0,13790.0,13935.0,104596,201086,,13835.0,13870.0,AL
13,AL1708,2017-06-26,13935.0,13935.0,13840.0,13895.0,84652,200280,,13875.0,13835.0,AL
13,AL1708,2017-06-27,13875.0,13940.0,13725.0,13930.0,161318,192866,,13810.0,13875.0,AL
13,AL1708,2017-06-28,13930.0,13980.0,13875.0,13955.0,147040,197882,,13930.0,13810.0,AL
13,AL1708,2017-06-29,13945.0,14035.0,13910.0,13985.0,169806,196518,,13970.0,13930.0,AL
13,AL1708,2017-06-30,13985.0,14020.0,13815.0,13945.0,154014,189936,,13915.0,13970.0,AL
13,AL1708,2017-07-03,13950.0,14145.0,13945.0,14130.0,163580,193422,,14050.0,13915.0,AL
13,AL1708,2017-07-04,14130.0,14160.0,14005.0,14040.0,119962,185448,,14060.0,14050.0,AL
13,AL1708,2017-07-05,14030.0,14220.0,14020.0,14170.0,152764,188084,,14150.0,14060.0,AL
14,AL1709,2017-07-06,14230.0,14285.0,14170.0,14210.0,93814,227450,,14230.0,14230.0,AL
14,AL1709,2017-07-07,14240.0,14260.0,14150.0,14225.0,130090,244286,,14205.0,14230.0,AL
14,AL1709,2017-07-10,14200.0,14255.0,14140.0,14175.0,131094,251602,,14200.0,14205.0,AL
14,AL1709,2017-07-11,14150.0,14195.0,14005.0,14185.0,177644,259470,,14105.0,14200.0,AL
14,AL1709,2017-07-12,14150.0,14285.0,14140.0,14215.0,165746,280912,,14225.0,14105.0,AL
14,AL1709,2017-07-13,14200.0,14355.0,14200.0,14320.0,152768,299940,,14285.0,14225.0,AL
14,AL1709,2017-07-14,14425.0,14535.0,14340.0,14375.0,256834,307672,,14425.0,14285.0,AL
14,AL1709,2017-07-17,14360.0,14550.0,14355.0,14500.0,232712,334106,,14465.0,14425.0,AL
13,AL1709,2017-07-18,14490.0,14500.0,14285.0,14350.0,175180,311274,,14395.0,14465.0,AL
13,AL1709,2017-07-19,14350.0,14500.0,14345.0,14480.0,156520,313062,,14420.0,14395.0,AL
13,AL1709,2017-07-20,14465.0,14555.0,14400.0,14420.0,194078,312238,,14475.0,14420.0,AL
13,AL1709,2017-07-21,14425.0,14490.0,14355.0,14445.0,153132,299182,,14430.0,14475.0,AL
13,AL1709,2017-07-24,14460.0,14510.0,14375.0,14455.0,154976,290504,,14435.0,14430.0,AL
13,AL1709,2017-07-25,14430.0,14590.0,14390.0,14570.0,198124,303680,,14510.0,14435.0,AL
13,AL1709,2017-07-26,14565.0,14645.0,14485.0,14510.0,251852,282886,,14560.0,14510.0,AL
13,AL1709,2017-07-27,14490.0,14540.0,14400.0,14435.0,162626,268390,,14465.0,14560.0,AL
13,AL1709,2017-07-28,14470.0,14530.0,14300.0,14380.0,202250,249946,,14415.0,14465.0,AL
13,AL1709,2017-07-31,14350.0,14550.0,14310.0,14545.0,199496,238398,,14390.0,14415.0,AL
13,AL1709,2017-08-01,14545.0,14560.0,14390.0,14425.0,146254,222484,,14460.0,14390.0,AL
13,AL1709,2017-08-02,14400.0,14840.0,14390.0,14765.0,267824,230790,,14640.0,14460.0,AL
14,AL1710,2017-08-03,14850.0,14930.0,14660.0,14685.0,248328,256496,,14800.0,14745.0,AL
14,AL1710,2017-08-04,14720.0,14850.0,14665.0,14765.0,195978,281964,,14755.0,14800.0,AL
14,AL1710,2017-08-07,14780.0,15315.0,14720.0,15140.0,511238,343358,,15040.0,14755.0,AL
14,AL1710,2017-08-08,15195.0,15620.0,15175.0,15435.0,628248,382520,,15440.0,15040.0,AL
14,AL1710,2017-08-09,15545.0,16330.0,15460.0,16215.0,1115798,446478,,16040.0,15440.0,AL
14,AL1710,2017-08-10,16195.0,16460.0,15925.0,16085.0,946258,444046,,16180.0,16040.0,AL
14,AL1710,2017-08-11,16165.0,16275.0,15930.0,16090.0,880432,446204,,16085.0,16180.0,AL
14,AL1710,2017-08-14,16180.0,16235.0,15680.0,15780.0,773738,409544,,15970.0,16085.0,AL
14,AL1710,2017-08-15,15815.0,15890.0,15590.0,15810.0,471046,399048,,15770.0,15970.0,AL
13,AL1710,2017-08-16,15895.0,16215.0,15825.0,16100.0,581182,399856,,16045.0,15770.0,AL
13,AL1710,2017-08-17,16175.0,16660.0,16145.0,16520.0,832690,387990,,16450.0,16045.0,AL
13,AL1710,2017-08-18,16400.0,16440.0,16090.0,16350.0,543324,368612,,16285.0,16450.0,AL
13,AL1710,2017-08-21,16435.0,16585.0,16185.0,16430.0,631432,368102,,16375.0,16285.0,AL
13,AL1710,2017-08-22,16420.0,16530.0,16250.0,16385.0,418884,354912,,16385.0,16375.0,AL
13,AL1710,2017-08-23,16405.0,16485.0,16090.0,16210.0,457530,338614,,16255.0,16385.0,AL
13,AL1710,2017-08-24,16290.0,16755.0,16265.0,16465.0,707396,329272,,16555.0,16255.0,AL
13,AL1710,2017-08-25,16475.0,16655.0,16420.0,16620.0,393254,317742,,16555.0,16555.0,AL
13,AL1710,2017-08-28,16580.0,16620.0,16210.0,16365.0,449102,294050,,16390.0,16555.0,AL
13,AL1710,2017-08-29,16340.0,16450.0,16180.0,16245.0,299046,279616,,16300.0,16390.0,AL
13,AL1710,2017-08-30,16360.0,16420.0,16205.0,16380.0,357756,258878,,16310.0,16300.0,AL
13,AL1710,2017-08-31,16310.0,16490.0,16220.0,16465.0,340632,234044,,16370.0,16310.0,AL
14,AL1711,2017-09-01,16795.0,16820.0,16605.0,16770.0,341804,440952,,16705.0,16475.0,AL
14,AL1711,2017-09-04,16705.0,16935.0,16565.0,16585.0,570088,442318,,16750.0,16705.0,AL
14,AL1711,2017-09-05,16540.0,16665.0,16510.0,16565.0,345510,445378,,16590.0,16750.0,AL
14,AL1711,2017-09-06,16535.0,16605.0,16315.0,16385.0,415376,436660,,16445.0,16590.0,AL
14,AL1711,2017-09-07,16435.0,16475.0,16150.0,16150.0,459624,411738,,16325.0,16445.0,AL
14,AL1711,2017-09-08,16225.0,16300.0,15785.0,15870.0,500004,392292,,16100.0,16325.0,AL
14,AL1711,2017-09-11,15945.0,16550.0,15805.0,16530.0,614164,396534,,16100.0,16100.0,AL
14,AL1711,2017-09-12,16530.0,16645.0,16485.0,16610.0,519582,413206,,16575.0,16100.0,AL
14,AL1711,2017-09-13,16505.0,16780.0,16505.0,16560.0,468312,415856,,16655.0,16575.0,AL
14,AL1711,2017-09-14,16465.0,16670.0,16365.0,16590.0,532280,425678,,16540.0,16655.0,AL
14,AL1711,2017-09-15,16575.0,16615.0,16220.0,16250.0,515924,407888,,16415.0,16540.0,AL
13,AL1711,2017-09-18,16265.0,16465.0,16080.0,16370.0,531816,409402,,16275.0,16415.0,AL
13,AL1711,2017-09-19,16380.0,16640.0,16305.0,16490.0,517316,421014,,16500.0,16275.0,AL
13,AL1711,2017-09-20,16605.0,17145.0,16410.0,17055.0,806514,481690,,16775.0,16500.0,AL
13,AL1711,2017-09-21,17130.0,17250.0,16705.0,16790.0,791492,451692,,16960.0,16775.0,AL
13,AL1711,2017-09-22,16865.0,17125.0,16205.0,16410.0,1008974,392016,,16605.0,16960.0,AL
13,AL1711,2017-09-25,16550.0,16680.0,16335.0,16420.0,718406,371886,,16470.0,16605.0,AL
13,AL1711,2017-09-26,16485.0,16620.0,16410.0,16510.0,458578,336078,,16515.0,16470.0,AL
13,AL1711,2017-09-27,16400.0,16550.0,16320.0,16490.0,419272,306690,,16435.0,16515.0,AL
13,AL1711,2017-09-28,16520.0,16530.0,16240.0,16310.0,452568,271854,,16380.0,16435.0,AL
13,AL1711,2017-09-29,16340.0,16405.0,16180.0,16345.0,386486,231372,,16305.0,16380.0,AL
14,AL1712,2017-10-09,16525.0,16705.0,16470.0,16685.0,228044,426470,,16615.0,16410.0,AL
14,AL1712,2017-10-10,16685.0,16820.0,16450.0,16460.0,420482,449328,,16660.0,16615.0,AL
14,AL1712,2017-10-11,16380.0,16560.0,16245.0,16330.0,420896,460506,,16410.0,16660.0,AL
14,AL1712,2017-10-12,16310.0,16520.0,16230.0,16450.0,385382,448520,,16365.0,16410.0,AL
14,AL1712,2017-10-13,16460.0,16680.0,16415.0,16670.0,413884,462360,,16570.0,16365.0,AL
14,AL1712,2017-10-16,16650.0,16700.0,16395.0,16470.0,427222,448776,,16540.0,16570.0,AL
13,AL1712,2017-10-17,16525.0,16605.0,16290.0,16350.0,410098,458984,,16425.0,16540.0,AL
13,AL1712,2017-10-18,16410.0,16415.0,16060.0,16080.0,444652,458912,,16220.0,16425.0,AL
13,AL1712,2017-10-19,16100.0,16255.0,15910.0,16150.0,411678,442524,,16080.0,16220.0,AL
13,AL1712,2017-10-20,16180.0,16395.0,16085.0,16325.0,325658,435452,,16255.0,16080.0,AL
13,AL1712,2017-10-23,16310.0,16330.0,16145.0,16240.0,307272,411570,,16250.0,16255.0,AL
13,AL1712,2017-10-24,16215.0,16370.0,16190.0,16260.0,232518,408380,,16275.0,16250.0,AL
13,AL1712,2017-10-25,16305.0,16420.0,16225.0,16270.0,300890,383892,,16320.0,16275.0,AL
13,AL1712,2017-10-26,16320.0,16555.0,16275.0,16490.0,352640,345850,,16445.0,16320.0,AL
13,AL1712,2017-10-27,16450.0,16485.0,16245.0,16265.0,293630,312454,,16370.0,16445.0,AL
13,AL1712,2017-10-30,16230.0,16355.0,16190.0,16275.0,289986,289886,,16275.0,16370.0,AL
13,AL1712,2017-10-31,16260.0,16315.0,16205.0,16265.0,285346,259314,,16265.0,16275.0,AL
14,AL1801,2017-11-01,16290.0,16575.0,16225.0,16235.0,339560,426182,,16385.0,16370.0,AL
14,AL1801,2017-11-02,16350.0,16350.0,16165.0,16245.0,319504,426952,,16250.0,16385.0,AL
14,AL1801,2017-11-03,16220.0,16285.0,16165.0,16240.0,213104,425602,,16230.0,16250.0,AL
14,AL1801,2017-11-06,16245.0,16335.0,16040.0,16160.0,337210,423690,,16175.0,16230.0,AL
14,AL1801,2017-11-07,16155.0,16185.0,15960.0,16035.0,370610,431896,,16085.0,16175.0,AL
14,AL1801,2017-11-08,15985.0,16030.0,15800.0,15850.0,337870,440134,,15900.0,16085.0,AL
14,AL1801,2017-11-09,15790.0,15845.0,15320.0,15475.0,560384,432582,,15560.0,15900.0,AL
14,AL1801,2017-11-10,15435.0,15600.0,15435.0,15520.0,284122,423772,,15530.0,15560.0,AL
14,AL1801,2017-11-13,15545.0,15630.0,15495.0,15560.0,191246,417556,,15565.0,15530.0,AL
14,AL1801,2017-11-14,15565.0,15645.0,15425.0,15470.0,241748,412846,,15530.0,15565.0,AL
14,AL1801,2017-11-15,15485.0,15665.0,15340.0,15475.0,390944,402278,,15480.0,15530.0,AL
13,AL1801,2017-11-16,15510.0,15635.0,15455.0,15480.0,248360,401224,,15525.0,15480.0,AL
13,AL1801,2017-11-17,15550.0,15565.0,15345.0,15400.0,199234,403368,,15455.0,15525.0,AL
13,AL1801,2017-11-20,15365.0,15495.0,15070.0,15130.0,415180,394446,,15285.0,15455.0,AL
13,AL1801,2017-11-21,15130.0,15165.0,14865.0,14910.0,329146,375822,,15005.0,15285.0,AL
13,AL1801,2017-11-22,14915.0,15000.0,14815.0,14995.0,291388,358030,,14915.0,15005.0,AL
13,AL1801,2017-11-23,14935.0,15165.0,14935.0,15005.0,314264,342968,,15065.0,14915.0,AL
13,AL1801,2017-11-24,15020.0,15100.0,14945.0,15045.0,208550,339806,,15025.0,15065.0,AL
13,AL1801,2017-11-27,15050.0,15150.0,14885.0,14930.0,261926,329012,,15035.0,15025.0,AL
13,AL1801,2017-11-28,14985.0,15025.0,14730.0,14765.0,249122,325132,,14870.0,15035.0,AL
13,AL1801,2017-11-29,14750.0,14840.0,14575.0,14615.0,246776,310592,,14670.0,14870.0,AL
13,AL1801,2017-11-30,14580.0,14745.0,14340.0,14565.0,434636,266654,,14530.0,14670.0,AL
13,AL1801,2017-12-01,14660.0,14700.0,14530.0,14600.0,199288,255404,,14595.0,14530.0,AL
13,AL1801,2017-12-04,14575.0,14890.0,14415.0,14540.0,348302,243896,,14645.0,14595.0,AL
14,AL1802,2017-12-05,14645.0,14785.0,14590.0,14620.0,217386,323846,,14690.0,14730.0,AL
14,AL1802,2017-12-06,14620.0,14660.0,14290.0,14395.0,303836,341350,,14470.0,14690.0,AL
14,AL1802,2017-12-07,14395.0,14410.0,14150.0,14205.0,267120,352590,,14265.0,14470.0,AL
14,AL1802,2017-12-08,14200.0,14375.0,14175.0,14320.0,242676,358090,,14265.0,14265.0,AL
14,AL1802,2017-12-11,14295.0,14380.0,14200.0,14240.0,213830,357908,,14295.0,14265.0,AL
14,AL1802,2017-12-12,14245.0,14415.0,14190.0,14250.0,275322,367276,,14300.0,14295.0,AL
14,AL1802,2017-12-13,14290.0,14310.0,14110.0,14250.0,254932,374992,,14230.0,14300.0,AL
14,AL1802,2017-12-14,14275.0,14340.0,14215.0,14275.0,220954,373404,,14270.0,14230.0,AL
14,AL1802,2017-12-15,14320.0,14485.0,14295.0,14450.0,323022,377712,,14405.0,14270.0,AL
13,AL1802,2017-12-18,14500.0,14630.0,14415.0,14515.0,339260,377414,,14505.0,14405.0,AL
13,AL1802,2017-12-19,14535.0,14555.0,14430.0,14480.0,248350,364852,,14485.0,14505.0,AL
13,AL1802,2017-12-20,14520.0,14720.0,14450.0,14685.0,345940,369418,,14615.0,14485.0,AL
13,AL1802,2017-12-21,14725.0,14770.0,14615.0,14665.0,294916,355400,,14685.0,14615.0,AL
13,AL1802,2017-12-22,14685.0,14745.0,14555.0,14630.0,282534,353526,,14650.0,14685.0,AL
13,AL1802,2017-12-25,14685.0,14895.0,14620.0,14715.0,383298,351542,,14770.0,14650.0,AL
13,AL1802,2017-12-26,14720.0,14755.0,14505.0,14610.0,268318,350670,,14585.0,14770.0,AL
13,AL1802,2017-12-27,14665.0,14875.0,14610.0,14745.0,357560,335746,,14730.0,14585.0,AL
13,AL1802,2017-12-28,14880.0,15145.0,14790.0,15125.0,397660,331990,,14925.0,14730.0,AL
13,AL1802,2017-12-29,15120.0,15250.0,15020.0,15225.0,342742,308960,,15125.0,14925.0,AL
13,AL1802,2018-01-02,15255.0,15450.0,15010.0,15075.0,250552,296254,,15165.0,15125.0,AL
13,AL1802,2018-01-03,15060.0,15155.0,15030.0,15065.0,190698,283696,,15085.0,15165.0,AL
13,AL1802,2018-01-04,15060.0,15145.0,14905.0,15050.0,224166,275750,,15015.0,15085.0,AL
13,AL1802,2018-01-05,15060.0,15130.0,14990.0,15105.0,196028,261340,,15060.0,15015.0,AL
13,AL1802,2018-01-08,15060.0,15125.0,14825.0,14935.0,236334,245526,,14985.0,15060.0,AL
13,AL1802,2018-01-09,14935.0,15030.0,14895.0,14980.0,163828,231658,,14950.0,14985.0,AL
14,AL1803,2018-01-10,15040.0,15100.0,14970.0,15060.0,174670,340496,,15030.0,15045.0,AL
14,AL1803,2018-01-11,15100.0,15260.0,15085.0,15210.0,236926,360746,,15165.0,15030.0,AL
14,AL1803,2018-01-12,15215.0,15235.0,15020.0,15090.0,220870,346842,,15110.0,15165.0,AL
14,AL1803,2018-01-15,15125.0,15265.0,15110.0,15130.0,240762,352818,,15190.0,15110.0,AL
13,AL1803,2018-01-16,15140.0,15145.0,14725.0,14745.0,382636,345144,,14895.0,15190.0,AL
13,AL1803,2018-01-17,14695.0,14735.0,14560.0,14630.0,252142,339448,,14635.0,14895.0,AL
13,AL1803,2018-01-18,14635.0,14700.0,14505.0,14620.0,228818,341062,,14620.0,14635.0,AL
13,AL1803,2018-01-19,14685.0,14835.0,14625.0,14765.0,268758,339218,,14730.0,14620.0,AL
13,AL1803,2018-01-22,14760.0,14785.0,14610.0,14660.0,221918,334574,,14675.0,14730.0,AL
13,AL1803,2018-01-23,14705.0,14750.0,14595.0,14650.0,217202,333070,,14665.0,14675.0,AL
13,AL1803,2018-01-24,14560.0,14725.0,14530.0,14640.0,176038,322908,,14635.0,14665.0,AL
13,AL1803,2018-01-25,14660.0,14855.0,14585.0,14790.0,280592,314356,,14735.0,14635.0,AL
13,AL1803,2018-01-26,14760.0,14820.0,14610.0,14625.0,246972,316304,,14700.0,14735.0,AL
13,AL1803,2018-01-29,14655.0,14770.0,14610.0,14670.0,218110,303330,,14690.0,14700.0,AL
13,AL1803,2018-01-30,14685.0,14730.0,14415.0,14470.0,295754,299862,,14555.0,14690.0,AL
13,AL1803,2018-01-31,14500.0,14600.0,14410.0,14440.0,272330,270498,,14490.0,14555.0,AL
13,AL1803,2018-02-01,14445.0,14500.0,14290.0,14335.0,225536,267360,,14370.0,14490.0,AL
13,AL1803,2018-02-02,14340.0,14460.0,14310.0,14390.0,182842,260134,,14395.0,14370.0,AL
13,AL1803,2018-02-05,14360.0,14475.0,14260.0,14320.0,200166,253212,,14355.0,14395.0,AL
13,AL1803,2018-02-06,14340.0,14410.0,14135.0,14140.0,262584,244858,,14270.0,14355.0,AL
13,AL1803,2018-02-07,14175.0,14275.0,14095.0,14205.0,191958,228374,,14175.0,14270.0,AL
13,AL1803,2018-02-08,14210.0,14380.0,14180.0,14215.0,263628,216154,,14250.0,14175.0,AL
13,AL1803,2018-02-09,14250.0,14290.0,14160.0,14185.0,190656,208548,,14215.0,14250.0,AL
12,AL1803,2018-02-12,14150.0,14470.0,14010.0,14320.0,274744,191618,,14175.0,14215.0,AL
13,AL1804,2018-02-13,14365.0,14495.0,14315.0,14380.0,155522,291270,,14385.0,14285.0,AL
13,AL1804,2018-02-14,14370.0,14440.0,14075.0,14105.0,227750,286808,,14270.0,14385.0,AL
13,AL1804,2018-02-22,14275.0,14280.0,14030.0,14125.0,131508,298964,,14150.0,14270.0,AL
13,AL1804,2018-02-23,14140.0,14390.0,14130.0,14365.0,253138,292158,,14280.0,14150.0,AL
13,AL1804,2018-02-26,14305.0,14375.0,14195.0,14295.0,311842,277328,,14290.0,14280.0,AL
13,AL1804,2018-02-27,14315.0,14320.0,14160.0,14285.0,268224,280028,,14245.0,14290.0,AL
13,AL1804,2018-02-28,14285.0,14350.0,14190.0,14325.0,267174,270558,,14275.0,14245.0,AL
13,AL1804,2018-03-01,14290.0,14425.0,14280.0,14390.0,203116,258756,,14355.0,14275.0,AL
13,AL1804,2018-03-02,14375.0,14480.0,14250.0,14340.0,230946,243220,,14390.0,14355.0,AL
14,AL1805,2018-03-05,14450.0,14465.0,14270.0,14295.0,198008,322718,,14350.0,14470.0,AL
14,AL1805,2018-03-06,14300.0,14515.0,14290.0,14440.0,289496,330344,,14385.0,14350.0,AL
14,AL1805,2018-03-07,14430.0,14470.0,14220.0,14260.0,273082,344758,,14350.0,14385.0,AL
14,AL1805,2018-03-08,14250.0,14305.0,14130.0,14230.0,272192,350552,,14220.0,14350.0,AL
14,AL1805,2018-03-09,14245.0,14300.0,14020.0,14075.0,300048,352570,,14205.0,14220.0,AL
14,AL1805,2018-03-12,14115.0,14275.0,14035.0,14065.0,319510,373102,,14125.0,14205.0,AL
14,AL1805,2018-03-13,14075.0,14110.0,13820.0,13860.0,406170,405582,,13940.0,14125.0,AL
14,AL1805,2018-03-14,13910.0,13985.0,13860.0,13960.0,259884,377468,,13925.0,13940.0,AL
14,AL1805,2018-03-15,13985.0,14040.0,13870.0,13995.0,231630,361556,,13975.0,13925.0,AL
13,AL1805,2018-03-16,13970.0,14050.0,13915.0,13995.0,202046,351672,,13960.0,13975.0,AL
13,AL1805,2018-03-19,14000.0,14130.0,13910.0,13960.0,223990,349560,,14000.0,13960.0,AL
13,AL1805,2018-03-20,13995.0,14050.0,13930.0,13990.0,207628,347634,,13995.0,14000.0,AL
13,AL1805,2018-03-21,14030.0,14030.0,13855.0,13935.0,244258,352532,,13920.0,13995.0,AL
13,AL1805,2018-03-22,13935.0,14010.0,13850.0,13970.0,225712,339604,,13930.0,13920.0,AL
13,AL1805,2018-03-23,13940.0,13965.0,13640.0,13765.0,386966,329000,,13790.0,13930.0,AL
13,AL1805,2018-03-26,13785.0,13790.0,13660.0,13715.0,209934,321348,,13725.0,13790.0,AL
13,AL1805,2018-03-27,13720.0,13890.0,13665.0,13825.0,239416,305916,,13800.0,13725.0,AL
13,AL1805,2018-03-28,13800.0,13865.0,13730.0,13740.0,173258,305304,,13790.0,13800.0,AL
13,AL1805,2018-03-29,13730.0,13925.0,13675.0,13820.0,388314,322712,,13795.0,13790.0,AL
13,AL1805,2018-03-30,13785.0,13830.0,13630.0,13770.0,289794,315660,,13730.0,13795.0,AL
13,AL1805,2018-04-02,13765.0,13995.0,13705.0,13990.0,311646,292588,,13860.0,13730.0,AL
13,AL1805,2018-04-03,13980.0,14125.0,13960.0,14080.0,221062,275974,,14050.0,13860.0,AL
13,AL1805,2018-04-04,14115.0,14125.0,13935.0,14010.0,213588,260994,,14005.0,14050.0,AL
13,AL1805,2018-04-09,14290.0,14310.0,14085.0,14200.0,188792,252668,,14140.0,14005.0,AL
14,AL1806,2018-04-10,14320.0,14425.0,14285.0,14350.0,238282,293540,,14340.0,14205.0,AL
14,AL1806,2018-04-11,14410.0,14475.0,14300.0,14375.0,311348,306450,,14385.0,14340.0,AL
14,AL1806,2018-04-12,14405.0,14410.0,14240.0,14325.0,305376,319446,,14315.0,14385.0,AL
14,AL1806,2018-04-13,14325.0,14630.0,14260.0,14580.0,537110,337846,,14495.0,14315.0,AL
14,AL1806,2018-04-16,14650.0,14670.0,14490.0,14625.0,341368,330740,,14570.0,14495.0,AL
13,AL1806,2018-04-17,14750.0,14985.0,14730.0,14920.0,473996,346770,,14860.0,14570.0,AL
13,AL1806,2018-04-18,14830.0,14965.0,14810.0,14930.0,293138,338666,,14880.0,14860.0,AL
13,AL1806,2018-04-19,15210.0,15565.0,15145.0,15380.0,550294,344210,,15285.0,14880.0,AL
13,AL1806,2018-04-20,15280.0,15285.0,14870.0,14955.0,547780,312812,,15030.0,15285.0,AL
13,AL1806,2018-04-23,14960.0,15055.0,14825.0,15035.0,324100,301518,,14935.0,15030.0,AL
13,AL1806,2018-04-24,14335.0,14545.0,14220.0,14385.0,567878,255998,,14420.0,14935.0,AL
13,AL1806,2018-04-25,14365.0,14515.0,14360.0,14405.0,255676,241264,,14435.0,14420.0,AL
13,AL1806,2018-04-26,14475.0,14485.0,14340.0,14365.0,224846,238258,,14410.0,14435.0,AL
13,AL1806,2018-04-27,14355.0,14555.0,14305.0,14480.0,298518,227288,,14475.0,14410.0,AL
13,AL1806,2018-05-02,14455.0,14515.0,14375.0,14430.0,96212,220712,,14435.0,14475.0,AL
13,AL1806,2018-05-03,14540.0,14585.0,14475.0,14565.0,145564,217708,,14530.0,14435.0,AL
13,AL1806,2018-05-04,14545.0,14660.0,14480.0,14575.0,222356,206702,,14565.0,14530.0,AL
13,AL1806,2018-05-07,14600.0,14700.0,14585.0,14660.0,156356,206084,,14630.0,14565.0,AL
14,AL1807,2018-05-08,14715.0,14790.0,14695.0,14755.0,95766,295666,,14745.0,14705.0,AL
14,AL1807,2018-05-09,14745.0,14765.0,14575.0,14630.0,212498,290542,,14650.0,14745.0,AL
14,AL1807,2018-05-10,14570.0,14670.0,14570.0,14625.0,179012,291218,,14630.0,14650.0,AL
14,AL1807,2018-05-11,14640.0,14755.0,14605.0,14670.0,198994,289362,,14690.0,14630.0,AL
14,AL1807,2018-05-14,14670.0,14715.0,14625.0,14635.0,160222,288660,,14660.0,14690.0,AL
14,AL1807,2018-05-15,14660.0,14750.0,14635.0,14720.0,167362,287504,,14705.0,14660.0,AL
13,AL1807,2018-05-16,14725.0,14825.0,14640.0,14790.0,205460,296138,,14740.0,14705.0,AL
13,AL1807,2018-05-17,14780.0,14925.0,14755.0,14885.0,204742,301438,,14865.0,14740.0,AL
13,AL1807,2018-05-18,14815.0,14900.0,14770.0,14840.0,189112,292592,,14825.0,14865.0,AL
13,AL1807,2018-05-21,14860.0,14860.0,14750.0,14765.0,172292,285528,,14790.0,14825.0,AL
13,AL1807,2018-05-22,14805.0,14805.0,14595.0,14610.0,157014,278388,,14710.0,14790.0,AL
13,AL1807,2018-05-23,14610.0,14685.0,14580.0,14600.0,149062,266690,,14630.0,14710.0,AL
13,AL1807,2018-05-24,14600.0,14795.0,14500.0,14745.0,212840,268454,,14675.0,14630.0,AL
13,AL1807,2018-05-25,14755.0,14875.0,14730.0,14825.0,176656,267544,,14790.0,14675.0,AL
13,AL1807,2018-05-28,14810.0,14850.0,14735.0,14800.0,127814,259860,,14790.0,14790.0,AL
13,AL1807,2018-05-29,14800.0,14815.0,14715.0,14725.0,147390,252734,,14760.0,14790.0,AL
13,AL1807,2018-05-30,14755.0,14780.0,14650.0,14690.0,158358,246450,,14705.0,14760.0,AL
13,AL1807,2018-05-31,14700.0,14745.0,14585.0,14590.0,189918,243288,,14660.0,14705.0,AL
13,AL1807,2018-06-01,14615.0,14695.0,14550.0,14650.0,150572,233572,,14620.0,14660.0,AL
13,AL1807,2018-06-04,14635.0,14710.0,14585.0,14640.0,103954,225624,,14645.0,14620.0,AL
13,AL1807,2018-06-05,14710.0,14720.0,14610.0,14645.0,130618,225610,,14655.0,14645.0,AL
13,AL1807,2018-06-06,14635.0,14890.0,14615.0,14885.0,176670,216002,,14735.0,14655.0,AL
13,AL1807,2018-06-07,14890.0,15020.0,14795.0,15020.0,216982,216720,,14910.0,14735.0,AL
14,AL1808,2018-06-08,15040.0,15085.0,14850.0,14910.0,184676,245126,,14950.0,14990.0,AL
14,AL1808,2018-06-11,14910.0,14970.0,14875.0,14915.0,149226,255018,,14915.0,14950.0,AL
14,AL1808,2018-06-12,14895.0,14980.0,14840.0,14890.0,133392,261058,,14900.0,14915.0,AL
14,AL1808,2018-06-13,14895.0,14915.0,14570.0,14670.0,233098,258574,,14735.0,14900.0,AL
14,AL1808,2018-06-14,14670.0,14750.0,14610.0,14620.0,163940,258202,,14675.0,14735.0,AL
14,AL1808,2018-06-15,14625.0,14650.0,14400.0,14410.0,245212,275774,,14515.0,14675.0,AL
13,AL1808,2018-06-19,14380.0,14475.0,14070.0,14105.0,248316,263724,,14285.0,14515.0,AL
13,AL1808,2018-06-20,14050.0,14295.0,14035.0,14200.0,188068,256702,,14180.0,14285.0,AL
13,AL1808,2018-06-21,14220.0,14240.0,14120.0,14185.0,135210,255616,,14180.0,14180.0,AL
13,AL1808,2018-06-22,14190.0,14270.0,14145.0,14210.0,146424,250040,,14205.0,14180.0,AL
13,AL1808,2018-06-25,14200.0,14265.0,14125.0,14140.0,144252,246154,,14185.0,14205.0,AL
13,AL1808,2018-06-26,14140.0,14160.0,13985.0,14035.0,188958,245416,,14070.0,14185.0,AL
13,AL1808,2018-06-27,14035.0,14235.0,14010.0,14175.0,166874,236132,,14140.0,14070.0,AL
13,AL1808,2018-06-28,14190.0,14305.0,14155.0,14175.0,185460,231364,,14210.0,14140.0,AL
13,AL1808,2018-06-29,14115.0,14180.0,14085.0,14165.0,140708,229646,,14140.0,14210.0,AL
13,AL1808,2018-07-02,14145.0,14165.0,13945.0,13975.0,185636,228246,,14055.0,14140.0,AL
13,AL1808,2018-07-03,14000.0,14060.0,13905.0,14025.0,158876,212844,,13985.0,14055.0,AL
13,AL1808,2018-07-04,14070.0,14110.0,13950.0,13955.0,157130,194092,,14035.0,13985.0,AL
13,AL1808,2018-07-05,13960.0,14045.0,13860.0,13920.0,164192,186576,,13955.0,14035.0,AL
14,AL1809,2018-07-06,13980.0,14135.0,13970.0,14080.0,158338,254636,,14070.0,14020.0,AL
14,AL1809,2018-07-09,14060.0,14225.0,14060.0,14165.0,153802,263412,,14145.0,14070.0,AL
14,AL1809,2018-07-10,14165.0,14230.0,14130.0,14185.0,146382,271854,,14180.0,14145.0,AL
14,AL1809,2018-07-11,14160.0,14210.0,13865.0,14010.0,279018,283388,,13995.0,14180.0,AL
14,AL1809,2018-07-12,14055.0,14180.0,14035.0,14125.0,206404,273716,,14100.0,13995.0,AL
14,AL1809,2018-07-13,14080.0,14150.0,14030.0,14040.0,146898,276506,,14090.0,14100.0,AL
14,AL1809,2018-07-16,14075.0,14095.0,13970.0,14000.0,180600,280396,,14025.0,14090.0,AL
13,AL1809,2018-07-17,14060.0,14090.0,13990.0,14075.0,140044,272870,,14045.0,14025.0,AL
13,AL1809,2018-07-18,14075.0,14080.0,14010.0,14025.0,114594,272826,,14040.0,14045.0,AL
13,AL1809,2018-07-19,14030.0,14150.0,14030.0,14065.0,191056,267864,,14085.0,14040.0,AL
13,AL1809,2018-07-20,14035.0,14095.0,14020.0,14055.0,120556,266446,,14050.0,14085.0,AL
13,AL1809,2018-07-23,14070.0,14295.0,14050.0,14245.0,276932,269334,,14175.0,14050.0,AL
13,AL1809,2018-07-24,14290.0,14385.0,14265.0,14335.0,225782,270046,,14310.0,14175.0,AL
13,AL1809,2018-07-25,14385.0,14475.0,14350.0,14385.0,201420,271068,,14400.0,14310.0,AL
13,AL1809,2018-07-26,14370.0,14410.0,14255.0,14330.0,179094,266914,,14325.0,14400.0,AL
13,AL1809,2018-07-27,14320.0,14435.0,14315.0,14400.0,194148,269746,,14370.0,14325.0,AL
13,AL1809,2018-07-30,14390.0,14460.0,14375.0,14415.0,164014,263816,,14415.0,14370.0,AL
13,AL1809,2018-07-31,14455.0,14575.0,14415.0,14540.0,189154,266008,,14500.0,14415.0,AL
13,AL1809,2018-08-01,14525.0,14615.0,14425.0,14430.0,200142,256956,,14510.0,14500.0,AL
13,AL1809,2018-08-02,14400.0,14430.0,14240.0,14320.0,175562,242150,,14340.0,14510.0,AL
13,AL1809,2018-08-03,14280.0,14455.0,14280.0,14390.0,145318,230608,,14390.0,14340.0,AL
13,AL1809,2018-08-06,14400.0,14455.0,14350.0,14395.0,140146,226436,,14410.0,14390.0,AL
13,AL1809,2018-08-07,14400.0,14485.0,14375.0,14430.0,122586,216808,,14425.0,14410.0,AL
14,AL1810,2018-08-08,14485.0,14525.0,14430.0,14495.0,109674,234864,,14480.0,14500.0,AL
14,AL1810,2018-08-09,14520.0,14885.0,14510.0,14825.0,437570,298526,,14755.0,14480.0,AL
14,AL1810,2018-08-10,14835.0,14840.0,14585.0,14620.0,294956,281184,,14675.0,14755.0,AL
14,AL1810,2018-08-13,14620.0,14775.0,14620.0,14690.0,232788,281894,,14690.0,14675.0,AL
14,AL1810,2018-08-14,14685.0,14740.0,14630.0,14700.0,183776,284204,,14690.0,14690.0,AL
14,AL1810,2018-08-15,14660.0,14675.0,14535.0,14540.0,219384,278934,,14605.0,14690.0,AL
13,AL1810,2018-08-16,14505.0,14515.0,14225.0,14440.0,336616,267170,,14390.0,14605.0,AL
13,AL1810,2018-08-17,14430.0,14535.0,14385.0,14405.0,199132,261844,,14465.0,14390.0,AL
13,AL1810,2018-08-20,14410.0,14475.0,14370.0,14455.0,165202,262892,,14415.0,14465.0,AL
13,AL1810,2018-08-21,14505.0,14745.0,14480.0,14705.0,317718,283694,,14640.0,14415.0,AL
13,AL1810,2018-08-22,14700.0,14760.0,14610.0,14655.0,183248,278110,,14680.0,14640.0,AL
13,AL1810,2018-08-23,14655.0,14715.0,14630.0,14630.0,161156,264824,,14670.0,14680.0,AL
13,AL1810,2018-08-24,14640.0,14825.0,14605.0,14790.0,227984,273830,,14735.0,14670.0,AL
13,AL1810,2018-08-27,14790.0,14865.0,14725.0,14735.0,203854,264810,,14795.0,14735.0,AL
13,AL1810,2018-08-28,14750.0,15000.0,14695.0,14970.0,193638,271548,,14785.0,14795.0,AL
13,AL1810,2018-08-29,14985.0,15100.0,14840.0,14875.0,313334,257810,,14965.0,14785.0,AL
13,AL1810,2018-08-30,14990.0,15040.0,14890.0,14950.0,215034,254168,,14970.0,14965.0,AL
13,AL1810,2018-08-31,14930.0,14985.0,14805.0,14890.0,220958,244496,,14885.0,14970.0,AL
13,AL1810,2018-09-03,14895.0,14935.0,14800.0,14845.0,183428,225222,,14855.0,14885.0,AL
13,AL1810,2018-09-04,14840.0,14875.0,14725.0,14765.0,156112,209556,,14785.0,14855.0,AL
14,AL1811,2018-09-05,14775.0,14815.0,14660.0,14670.0,234586,266710,,14710.0,14850.0,AL
14,AL1811,2018-09-06,14700.0,14750.0,14665.0,14685.0,180360,274446,,14710.0,14710.0,AL
14,AL1811,2018-09-07,14695.0,14755.0,14600.0,14655.0,226266,273210,,14665.0,14710.0,AL
14,AL1811,2018-09-10,14695.0,14790.0,14625.0,14645.0,215036,277284,,14710.0,14665.0,AL
14,AL1811,2018-09-11,14800.0,14850.0,14680.0,14720.0,269572,287796,,14770.0,14710.0,AL
14,AL1811,2018-09-12,14630.0,14680.0,14540.0,14555.0,244432,294848,,14600.0,14770.0,AL
14,AL1811,2018-09-13,14510.0,14625.0,14475.0,14505.0,254072,290626,,14530.0,14600.0,AL
14,AL1811,2018-09-14,14540.0,14640.0,14535.0,14585.0,231056,286706,,14585.0,14530.0,AL
14,AL1811,2018-09-17,14610.0,14635.0,14430.0,14445.0,234572,291528,,14530.0,14585.0,AL
13,AL1811,2018-09-18,14480.0,14505.0,14400.0,14485.0,161966,283890,,14465.0,14530.0,AL
13,AL1811,2018-09-19,14520.0,14575.0,14435.0,14535.0,202514,274774,,14500.0,14465.0,AL
13,AL1811,2018-09-20,14520.0,14585.0,14490.0,14575.0,178896,263070,,14540.0,14500.0,AL
13,AL1811,2018-09-21,14625.0,14745.0,14605.0,14700.0,287190,249264,,14670.0,14540.0,AL
13,AL1811,2018-09-25,14670.0,14690.0,14570.0,14610.0,131910,232748,,14620.0,14670.0,AL
13,AL1811,2018-09-26,14645.0,14660.0,14530.0,14540.0,183492,226350,,14600.0,14620.0,AL
13,AL1811,2018-09-27,14570.0,14580.0,14350.0,14360.0,205008,229446,,14490.0,14600.0,AL
13,AL1811,2018-09-28,14365.0,14390.0,14275.0,14310.0,175082,214542,,14330.0,14490.0,AL
13,AL1811,2018-10-08,14370.0,14450.0,14320.0,14450.0,128934,216204,,14375.0,14330.0,AL
13,AL1811,2018-10-09,14470.0,14590.0,14435.0,14560.0,177938,206012,,14515.0,14375.0,AL
13,AL1811,2018-10-10,14525.0,14570.0,14395.0,14400.0,177222,204892,,14490.0,14515.0,AL
13,AL1811,2018-10-11,14395.0,14410.0,14130.0,14185.0,206224,199480,,14270.0,14490.0,AL
13,AL1811,2018-10-12,14210.0,14320.0,14150.0,14310.0,157002,190266,,14230.0,14270.0,AL
13,AL1811,2018-10-15,14325.0,14360.0,14140.0,14165.0,140874,189962,,14230.0,14230.0,AL
13,AL1812,2018-10-16,14210.0,14295.0,14070.0,14245.0,162412,222272,,14220.0,14240.0,AL
13,AL1812,2018-10-17,14235.0,14345.0,14225.0,14300.0,144728,221196,,14300.0,14220.0,AL
13,AL1812,2018-10-18,14285.0,14300.0,14015.0,14140.0,247326,229280,,14155.0,14300.0,AL
13,AL1812,2018-10-19,14125.0,14195.0,14065.0,14145.0,157644,234440,,14135.0,14155.0,AL
13,AL1812,2018-10-22,14160.0,14220.0,14015.0,14175.0,194264,241446,,14125.0,14135.0,AL
13,AL1812,2018-10-23,14175.0,14210.0,14130.0,14200.0,110324,238178,,14170.0,14125.0,AL
13,AL1812,2018-10-24,14170.0,14285.0,14150.0,14250.0,161570,229738,,14230.0,14170.0,AL
13,AL1812,2018-10-25,14230.0,14270.0,14150.0,14255.0,175828,236984,,14220.0,14230.0,AL
13,AL1812,2018-10-26,14250.0,14310.0,14120.0,14170.0,165996,235046,,14195.0,14220.0,AL
13,AL1812,2018-10-29,14155.0,14265.0,14100.0,14190.0,186288,233302,,14185.0,14195.0,AL
13,AL1812,2018-10-30,14195.0,14215.0,14075.0,14085.0,174670,225142,,14120.0,14185.0,AL
13,AL1812,2018-10-31,14060.0,14130.0,13930.0,13960.0,209320,222356,,14025.0,14120.0,AL
13,AL1812,2018-11-01,13970.0,14025.0,13840.0,13870.0,157596,219438,,13915.0,14025.0,AL
13,AL1812,2018-11-02,13920.0,14020.0,13855.0,13960.0,192652,210212,,13925.0,13915.0,AL
13,AL1812,2018-11-05,13945.0,13980.0,13890.0,13920.0,101044,206370,,13925.0,13925.0,AL
14,AL1901,2018-11-06,13880.0,13950.0,13780.0,13915.0,106524,244740,,13885.0,13915.0,AL
14,AL1901,2018-11-07,13915.0,13945.0,13830.0,13915.0,122220,241158,,13880.0,13885.0,AL
14,AL1901,2018-11-08,13925.0,14020.0,13895.0,13945.0,147154,245644,,13955.0,13880.0,AL
14,AL1901,2018-11-09,13945.0,13985.0,13880.0,13900.0,135332,243268,,13915.0,13955.0,AL
14,AL1901,2018-11-12,13880.0,13920.0,13810.0,13860.0,155154,253162,,13870.0,13915.0,AL
14,AL1901,2018-11-13,13840.0,13855.0,13690.0,13825.0,221438,267036,,13770.0,13870.0,AL
14,AL1901,2018-11-14,13805.0,13840.0,13715.0,13720.0,130198,268750,,13775.0,13770.0,AL
14,AL1901,2018-11-15,13730.0,13795.0,13710.0,13785.0,135256,267752,,13750.0,13775.0,AL
13,AL1901,2018-11-16,13765.0,13780.0,13690.0,13760.0,149054,270780,,13740.0,13750.0,AL
13,AL1901,2018-11-19,13745.0,13845.0,13730.0,13825.0,138174,263536,,13790.0,13740.0,AL
13,AL1901,2018-11-20,13815.0,13835.0,13700.0,13710.0,151386,273336,,13770.0,13790.0,AL
13,AL1901,2018-11-21,13730.0,13755.0,13625.0,13745.0,167414,263790,,13705.0,13770.0,AL
13,AL1901,2018-11-22,13765.0,13820.0,13740.0,13805.0,129344,257110,,13780.0,13705.0,AL
13,AL1901,2018-11-23,13810.0,13885.0,13775.0,13775.0,159822,242646,,13835.0,13780.0,AL
13,AL1901,2018-11-26,13770.0,13845.0,13735.0,13805.0,169858,235478,,13790.0,13835.0,AL
13,AL1901,2018-11-27,13795.0,13810.0,13740.0,13760.0,168558,225800,,13765.0,13790.0,AL
13,AL1901,2018-11-28,13740.0,13750.0,13605.0,13675.0,210586,233662,,13685.0,13765.0,AL
13,AL1901,2018-11-29,13675.0,13720.0,13625.0,13650.0,135954,229622,,13665.0,13685.0,AL
13,AL1901,2018-11-30,13645.0,13675.0,13535.0,13555.0,234360,238006,,13600.0,13665.0,AL
13,AL1901,2018-12-03,13585.0,14000.0,13570.0,13810.0,299186,196298,,13780.0,13600.0,AL
13,AL1901,2018-12-04,13800.0,13845.0,13750.0,13800.0,107036,193292,,13785.0,13780.0,AL
13,AL1901,2018-12-05,13825.0,13835.0,13705.0,13715.0,108084,196822,,13755.0,13785.0,AL
13,AL1901,2018-12-06,13735.0,13745.0,13585.0,13590.0,113472,195640,,13665.0,13755.0,AL
13,AL1901,2018-12-07,13580.0,13645.0,13465.0,13630.0,139208,194090,,13560.0,13665.0,AL
13,AL1901,2018-12-10,13660.0,13680.0,13605.0,13635.0,99972,185298,,13640.0,13560.0,AL
13,AL1901,2018-12-11,13665.0,13690.0,13580.0,13625.0,94682,178356,,13655.0,13640.0,AL
14,AL1902,2018-12-12,13710.0,13735.0,13610.0,13615.0,101128,225742,,13660.0,13685.0,AL
14,AL1902,2018-12-13,13615.0,13700.0,13595.0,13670.0,127286,230202,,13650.0,13660.0,AL
14,AL1902,2018-12-14,13640.0,13670.0,13615.0,13640.0,93158,232656,,13640.0,13650.0,AL
14,AL1902,2018-12-17,13630.0,13695.0,13600.0,13650.0,92808,235208,,13645.0,13640.0,AL
13,AL1902,2018-12-18,13645.0,13785.0,13645.0,13740.0,154902,231444,,13730.0,13645.0,AL
13,AL1902,2018-12-19,13760.0,13775.0,13630.0,13665.0,133534,220872,,13690.0,13730.0,AL
13,AL1902,2018-12-20,13680.0,13745.0,13605.0,13690.0,187314,226690,,13660.0,13690.0,AL
13,AL1902,2018-12-21,13725.0,13775.0,13640.0,13750.0,173672,226022,,13710.0,13660.0,AL
13,AL1902,2018-12-24,13730.0,13780.0,13695.0,13745.0,129004,226310,,13740.0,13710.0,AL
13,AL1902,2018-12-25,13705.0,13825.0,13705.0,13790.0,170054,227682,,13760.0,13740.0,AL
13,AL1902,2018-12-26,13800.0,13875.0,13780.0,13790.0,167202,222000,,13830.0,13760.0,AL
13,AL1902,2018-12-27,13800.0,13820.0,13645.0,13650.0,220484,207544,,13710.0,13830.0,AL
13,AL1902,2018-12-28,13620.0,13675.0,13550.0,13590.0,202934,209052,,13605.0,13710.0,AL
13,AL1902,2019-01-02,13555.0,13565.0,13385.0,13395.0,145936,211744,,13440.0,13605.0,AL
13,AL1902,2019-01-03,13365.0,13425.0,13285.0,13295.0,137382,206560,,13350.0,13440.0,AL
13,AL1902,2019-01-04,13325.0,13405.0,13245.0,13400.0,167108,187638,,13345.0,13350.0,AL
13,AL1902,2019-01-07,13430.0,13480.0,13400.0,13425.0,151306,174636,,13430.0,13345.0,AL
14,AL1903,2019-01-08,13470.0,13490.0,13380.0,13390.0,120866,255468,,13430.0,13475.0,AL
14,AL1903,2019-01-09,13390.0,13475.0,13370.0,13475.0,150196,263134,,13410.0,13430.0,AL
14,AL1903,2019-01-10,13465.0,13465.0,13390.0,13405.0,126930,267012,,13420.0,13410.0,AL
14,AL1903,2019-01-11,13400.0,13425.0,13335.0,13385.0,148996,272288,,13380.0,13420.0,AL
14,AL1903,2019-01-14,13370.0,13375.0,13255.0,13285.0,176018,282034,,13320.0,13380.0,AL
14,AL1903,2019-01-15,13265.0,13335.0,13230.0,13315.0,177696,282212,,13275.0,13320.0,AL
13,AL1903,2019-01-16,13330.0,13410.0,13285.0,13400.0,194128,259206,,13350.0,13275.0,AL
13,AL1903,2019-01-17,13410.0,13455.0,13350.0,13395.0,121506,252626,,13390.0,13350.0,AL
13,AL1903,2019-01-18,13380.0,13475.0,13310.0,13475.0,147894,251106,,13395.0,13390.0,AL
13,AL1903,2019-01-21,13480.0,13610.0,13445.0,13535.0,183812,240916,,13530.0,13395.0,AL
13,AL1903,2019-01-22,13495.0,13500.0,13380.0,13395.0,140958,235480,,13440.0,13530.0,AL
13,AL1903,2019-01-23,13455.0,13535.0,13405.0,13520.0,148358,234888,,13480.0,13440.0,AL
13,AL1903,2019-01-24,13530.0,13610.0,13505.0,13550.0,174452,235502,,13560.0,13480.0,AL
13,AL1903,2019-01-25,13505.0,13565.0,13490.0,13520.0,113028,223670,,13525.0,13560.0,AL
13,AL1903,2019-01-28,13505.0,13610.0,13470.0,13485.0,143332,228902,,13540.0,13525.0,AL
13,AL1903,2019-01-29,13470.0,13500.0,13385.0,13410.0,132966,226600,,13435.0,13540.0,AL
13,AL1903,2019-01-30,13430.0,13525.0,13415.0,13460.0,136934,230150,,13475.0,13435.0,AL
13,AL1903,2019-01-31,13480.0,13545.0,13455.0,13510.0,130174,227312,,13505.0,13475.0,AL
13,AL1903,2019-02-01,13510.0,13565.0,13385.0,13545.0,151870,222172,,13465.0,13505.0,AL
13,AL1903,2019-02-11,13530.0,13530.0,13305.0,13315.0,106270,237772,,13385.0,13465.0,AL
13,AL1903,2019-02-12,13310.0,13390.0,13310.0,13365.0,124682,244518,,13360.0,13385.0,AL
13,AL1903,2019-02-13,13350.0,13395.0,13325.0,13350.0,96788,237192,,13355.0,13360.0,AL
13,AL1903,2019-02-14,13335.0,13485.0,13335.0,13390.0,111370,232766,,13385.0,13355.0,AL
13,AL1903,2019-02-15,13390.0,13400.0,13335.0,13385.0,110810,224276,,13370.0,13385.0,AL
12,AL1903,2019-02-18,13405.0,13500.0,13395.0,13460.0,130650,219450,,13450.0,13370.0,AL
12,AL1903,2019-02-19,13430.0,13460.0,13390.0,13430.0,93686,205486,,13415.0,13450.0,AL
13,AL1904,2019-02-20,13490.0,13530.0,13460.0,13520.0,111444,211136,,13490.0,13460.0,AL
13,AL1904,2019-02-21,13510.0,13565.0,13475.0,13555.0,126698,217340,,13520.0,13490.0,AL
13,AL1904,2019-02-22,13550.0,13695.0,13530.0,13685.0,210054,228144,,13625.0,13520.0,AL
13,AL1904,2019-02-25,13710.0,13805.0,13675.0,13770.0,200308,240880,,13740.0,13625.0,AL
14,AL1905,2019-02-26,13745.0,13795.0,13680.0,13690.0,124900,305506,,13720.0,13725.0,AL
14,AL1905,2019-02-27,13700.0,13735.0,13665.0,13690.0,126400,310718,,13700.0,13720.0,AL
14,AL1905,2019-02-28,13705.0,13740.0,13655.0,13680.0,134488,312740,,13690.0,13700.0,AL
14,AL1905,2019-03-01,13680.0,13690.0,13610.0,13685.0,127046,329678,,13650.0,13690.0,AL
14,AL1905,2019-03-04,13670.0,13750.0,13660.0,13735.0,174464,332896,,13710.0,13650.0,AL
14,AL1905,2019-03-05,13665.0,13680.0,13480.0,13570.0,440026,322000,,13580.0,13710.0,AL
14,AL1905,2019-03-06,13600.0,13600.0,13505.0,13505.0,129242,321816,,13560.0,13580.0,AL
14,AL1905,2019-03-07,13550.0,13550.0,13430.0,13480.0,186782,310020,,13485.0,13560.0,AL
14,AL1905,2019-03-08,13480.0,13535.0,13465.0,13510.0,134064,303948,,13500.0,13485.0,AL
14,AL1905,2019-03-11,13520.0,13545.0,13460.0,13525.0,146380,313442,,13500.0,13500.0,AL
14,AL1905,2019-03-12,13510.0,13565.0,13460.0,13535.0,148058,317194,,13510.0,13500.0,AL
14,AL1905,2019-03-13,13550.0,13625.0,13545.0,13605.0,162996,309794,,13585.0,13510.0,AL
14,AL1905,2019-03-14,13655.0,13690.0,13620.0,13650.0,172170,305540,,13655.0,13585.0,AL
14,AL1905,2019-03-15,13645.0,13725.0,13565.0,13665.0,269302,288308,,13645.0,13655.0,AL
13,AL1905,2019-03-18,13635.0,13635.0,13575.0,13600.0,114002,285706,,13595.0,13645.0,AL
13,AL1905,2019-03-19,13605.0,13735.0,13590.0,13730.0,152898,284890,,13670.0,13595.0,AL
13,AL1905,2019-03-20,13730.0,13825.0,13695.0,13795.0,200628,296544,,13760.0,13670.0,AL
13,AL1905,2019-03-21,13790.0,13840.0,13755.0,13810.0,138272,292526,,13795.0,13760.0,AL
13,AL1905,2019-03-22,13775.0,13785.0,13715.0,13755.0,123954,281114,,13745.0,13795.0,AL
13,AL1905,2019-03-25,13740.0,13755.0,13620.0,13645.0,177442,274908,,13670.0,13745.0,AL
13,AL1905,2019-03-26,13625.0,13665.0,13610.0,13630.0,102086,269840,,13640.0,13670.0,AL
13,AL1905,2019-03-27,13615.0,13655.0,13595.0,13650.0,109566,266720,,13625.0,13640.0,AL
13,AL1905,2019-03-28,13660.0,13730.0,13650.0,13685.0,176346,256522,,13685.0,13625.0,AL
13,AL1905,2019-03-29,13705.0,13730.0,13655.0,13720.0,132862,258548,,13695.0,13685.0,AL
13,AL1905,2019-04-01,13740.0,13900.0,13735.0,13870.0,199564,261876,,13805.0,13695.0,AL
13,AL1905,2019-04-02,13850.0,13850.0,13730.0,13770.0,152566,248860,,13780.0,13805.0,AL
13,AL1905,2019-04-03,13770.0,13820.0,13735.0,13800.0,98962,243362,,13775.0,13780.0,AL
13,AL1905,2019-04-04,13775.0,13845.0,13745.0,13805.0,95926,240650,,13795.0,13775.0,AL
13,AL1905,2019-04-08,13795.0,13850.0,13790.0,13805.0,69296,240036,,13820.0,13795.0,AL
13,AL1905,2019-04-09,13790.0,13830.0,13760.0,13810.0,103484,233418,,13785.0,13820.0,AL
13,AL1905,2019-04-10,13810.0,13880.0,13795.0,13850.0,146948,232012,,13845.0,13785.0,AL
13,AL1905,2019-04-11,13835.0,13860.0,13810.0,13830.0,83050,224526,,13830.0,13845.0,AL
13,AL1905,2019-04-12,13830.0,13855.0,13795.0,13840.0,88710,221702,,13835.0,13830.0,AL
13,AL1905,2019-04-15,13845.0,13910.0,13830.0,13835.0,119096,211418,,13860.0,13835.0,AL
12,AL1905,2019-04-16,13835.0,13885.0,13830.0,13870.0,74304,203632,,13845.0,13860.0,AL
12,AL1905,2019-04-17,13865.0,13995.0,13850.0,13970.0,164324,192592,,13940.0,13845.0,AL
13,AL1906,2019-04-18,14000.0,14110.0,13980.0,14055.0,260550,272640,,14050.0,13960.0,AL
13,AL1906,2019-04-19,14060.0,14095.0,14040.0,14080.0,126288,286760,,14065.0,14050.0,AL
13,AL1906,2019-04-22,14075.0,14200.0,14070.0,14190.0,181872,314816,,14135.0,14065.0,AL
13,AL1906,2019-04-23,14200.0,14230.0,14165.0,14185.0,162558,320426,,14195.0,14135.0,AL
13,AL1906,2019-04-24,14170.0,14195.0,14120.0,14140.0,160180,316076,,14155.0,14195.0,AL
13,AL1906,2019-04-25,14135.0,14270.0,14130.0,14240.0,198080,337494,,14225.0,14155.0,AL
13,AL1906,2019-04-26,14225.0,14250.0,14155.0,14185.0,140962,311148,,14195.0,14225.0,AL
13,AL1906,2019-04-29,14135.0,14230.0,14095.0,14225.0,136704,312056,,14170.0,14195.0,AL
13,AL1906,2019-04-30,14210.0,14215.0,14155.0,14175.0,131190,288332,,14180.0,14170.0,AL
13,AL1906,2019-05-06,14100.0,14100.0,13925.0,13925.0,167978,247734,,14015.0,14180.0,AL
13,AL1906,2019-05-07,13920.0,14035.0,13895.0,14010.0,126556,235478,,13990.0,14015.0,AL
13,AL1906,2019-05-08,14025.0,14045.0,13980.0,14045.0,98822,230800,,14020.0,13990.0,AL
13,AL1906,2019-05-09,13990.0,14040.0,13960.0,14005.0,118106,224222,,14000.0,14020.0,AL
13,AL1906,2019-05-10,14010.0,14190.0,14000.0,14170.0,160744,223754,,14105.0,14000.0,AL
13,AL1906,2019-05-13,14155.0,14240.0,14140.0,14225.0,122464,218556,,14195.0,14105.0,AL
13,AL1906,2019-05-14,14225.0,14260.0,14165.0,14190.0,110730,203892,,14205.0,14195.0,AL
14,AL1907,2019-05-15,14200.0,14360.0,14185.0,14340.0,182326,237340,,14305.0,14180.0,AL
13,AL1907,2019-05-16,14335.0,14395.0,14325.0,14355.0,166032,251510,,14350.0,14305.0,AL
13,AL1907,2019-05-17,14365.0,14420.0,14300.0,14310.0,146652,258004,,14355.0,14350.0,AL
13,AL1907,2019-05-20,14295.0,14330.0,14265.0,14285.0,113582,260618,,14295.0,14355.0,AL
13,AL1907,2019-05-21,14280.0,14320.0,14220.0,14250.0,155830,250332,,14260.0,14295.0,AL
13,AL1907,2019-05-22,14255.0,14260.0,14120.0,14125.0,153088,237198,,14175.0,14260.0,AL
13,AL1907,2019-05-23,14085.0,14160.0,14060.0,14110.0,124532,232374,,14110.0,14175.0,AL
13,AL1907,2019-05-24,14100.0,14240.0,14085.0,14240.0,128398,239440,,14180.0,14110.0,AL
13,AL1907,2019-05-27,14220.0,14340.0,14210.0,14310.0,142438,241480,,14285.0,14180.0,AL
13,AL1907,2019-05-28,14310.0,14320.0,14230.0,14240.0,92516,241904,,14265.0,14285.0,AL
13,AL1907,2019-05-29,14245.0,14300.0,14165.0,14170.0,118226,240974,,14220.0,14265.0,AL
13,AL1907,2019-05-30,14175.0,14210.0,14115.0,14140.0,115800,243982,,14155.0,14220.0,AL
13,AL1907,2019-05-31,14120.0,14180.0,14120.0,14155.0,89610,239812,,14150.0,14155.0,AL
13,AL1907,2019-06-03,14165.0,14220.0,14100.0,14125.0,120606,236008,,14145.0,14150.0,AL
13,AL1907,2019-06-04,14105.0,14165.0,14030.0,14030.0,145526,230008,,14075.0,14145.0,AL
13,AL1907,2019-06-05,14050.0,14105.0,14015.0,14085.0,77048,222174,,14065.0,14075.0,AL
13,AL1907,2019-06-06,14080.0,14130.0,13950.0,13950.0,131948,218658,,14010.0,14065.0,AL
13,AL1907,2019-06-10,13950.0,13990.0,13910.0,13940.0,98272,218136,,13955.0,14010.0,AL
13,AL1907,2019-06-11,13935.0,14040.0,13935.0,14035.0,98232,215906,,14005.0,13955.0,AL
13,AL1907,2019-06-12,14060.0,14080.0,13955.0,13980.0,91608,207338,,14015.0,14005.0,AL
13,AL1907,2019-06-13,14000.0,14040.0,13975.0,13995.0,75972,196234,,14005.0,14015.0,AL
13,AL1907,2019-06-14,14015.0,14030.0,13920.0,13935.0,83386,200056,,13955.0,14005.0,AL
14,AL1908,2019-06-17,13890.0,13895.0,13760.0,13810.0,131274,247318,,13825.0,13920.0,AL
13,AL1908,2019-06-18,13790.0,13825.0,13765.0,13810.0,102004,254508,,13795.0,13825.0,AL
13,AL1908,2019-06-19,13815.0,13890.0,13805.0,13865.0,147266,257318,,13855.0,13795.0,AL
13,AL1908,2019-06-20,13870.0,13920.0,13850.0,13910.0,114766,259296,,13885.0,13855.0,AL
13,AL1908,2019-06-21,13915.0,13930.0,13745.0,13765.0,151654,268772,,13835.0,13885.0,AL
13,AL1908,2019-06-24,13755.0,13845.0,13750.0,13830.0,122680,266324,,13800.0,13835.0,AL
13,AL1908,2019-06-25,13855.0,13915.0,13830.0,13910.0,132614,267474,,13875.0,13800.0,AL
13,AL1908,2019-06-26,13915.0,13920.0,13870.0,13910.0,99984,259564,,13895.0,13875.0,AL
13,AL1908,2019-06-27,13915.0,13945.0,13875.0,13900.0,121448,247290,,13900.0,13895.0,AL
13,AL1908,2019-06-28,13870.0,13885.0,13780.0,13830.0,150250,244078,,13830.0,13900.0,AL
13,AL1908,2019-07-01,13830.0,13855.0,13720.0,13750.0,139536,242686,,13780.0,13830.0,AL
13,AL1908,2019-07-02,13745.0,13750.0,13630.0,13710.0,139326,238816,,13680.0,13780.0,AL
13,AL1908,2019-07-03,13675.0,13700.0,13620.0,13650.0,99338,236534,,13650.0,13680.0,AL
13,AL1908,2019-07-04,13670.0,13780.0,13655.0,13775.0,116358,230384,,13740.0,13650.0,AL
13,AL1908,2019-07-05,13785.0,13895.0,13760.0,13790.0,107560,214708,,13805.0,13740.0,AL
13,AL1908,2019-07-08,13770.0,13820.0,13735.0,13770.0,81378,205698,,13770.0,13805.0,AL
13,AL1908,2019-07-09,13790.0,13805.0,13720.0,13745.0,81922,208886,,13755.0,13770.0,AL
13,AL1908,2019-07-10,13735.0,13820.0,13690.0,13815.0,132318,217430,,13760.0,13755.0,AL
13,AL1908,2019-07-11,13855.0,14015.0,13790.0,13805.0,151270,205632,,13860.0,13760.0,AL
13,AL1908,2019-07-12,13785.0,13790.0,13730.0,13770.0,100864,201484,,13750.0,13860.0,AL
13,AL1908,2019-07-15,13780.0,13885.0,13750.0,13865.0,104388,198908,,13825.0,13750.0,AL
12,AL1908,2019-07-16,13855.0,13905.0,13825.0,13885.0,87346,187136,,13860.0,13825.0,AL
13,AL1909,2019-07-17,13895.0,13930.0,13855.0,13885.0,87974,224140,,13885.0,13885.0,AL
13,AL1909,2019-07-18,13880.0,13900.0,13825.0,13870.0,109936,232182,,13860.0,13885.0,AL
13,AL1909,2019-07-19,13885.0,13975.0,13875.0,13935.0,156292,246114,,13925.0,13860.0,AL
13,AL1909,2019-07-22,13935.0,13995.0,13840.0,13860.0,155000,243988,,13910.0,13925.0,AL
13,AL1909,2019-07-23,13840.0,13865.0,13750.0,13750.0,145014,244444,,13800.0,13910.0,AL
13,AL1909,2019-07-24,13765.0,13805.0,13735.0,13790.0,110282,237436,,13775.0,13800.0,AL
13,AL1909,2019-07-25,13790.0,13895.0,13790.0,13890.0,124626,244892,,13845.0,13775.0,AL
13,AL1909,2019-07-26,13890.0,13950.0,13870.0,13875.0,121070,244996,,13905.0,13845.0,AL
13,AL1909,2019-07-29,13865.0,13900.0,13845.0,13880.0,96046,235194,,13870.0,13905.0,AL
13,AL1909,2019-07-30,13880.0,13950.0,13870.0,13930.0,114052,239080,,13910.0,13870.0,AL
13,AL1909,2019-07-31,13910.0,13935.0,13880.0,13895.0,82198,238002,,13910.0,13910.0,AL
13,AL1909,2019-08-01,13905.0,13905.0,13840.0,13855.0,107976,224266,,13860.0,13910.0,AL
13,AL1909,2019-08-02,13830.0,13845.0,13775.0,13795.0,131032,214322,,13805.0,13860.0,AL
13,AL1909,2019-08-05,13770.0,13915.0,13755.0,13880.0,123846,213802,,13825.0,13805.0,AL
13,AL1909,2019-08-06,13885.0,13910.0,13860.0,13865.0,90322,216410,,13880.0,13825.0,AL
13,AL1909,2019-08-07,13865.0,13900.0,13805.0,13805.0,83906,208192,,13855.0,13880.0,AL
13,AL1909,2019-08-08,13790.0,13890.0,13785.0,13885.0,107704,193660,,13845.0,13855.0,AL
14,AL1910,2019-08-09,13875.0,13965.0,13855.0,13915.0,112158,232866,,13910.0,13835.0,AL
14,AL1910,2019-08-12,13915.0,14215.0,13910.0,14185.0,308006,288418,,14025.0,13910.0,AL
14,AL1910,2019-08-13,14155.0,14285.0,14095.0,14200.0,310168,308132,,14185.0,14025.0,AL
14,AL1910,2019-08-14,14185.0,14215.0,14105.0,14175.0,183806,303970,,14160.0,14185.0,AL
14,AL1910,2019-08-15,14140.0,14315.0,14135.0,14200.0,235334,327724,,14220.0,14160.0,AL
13,AL1910,2019-08-16,14205.0,14270.0,14120.0,14170.0,162444,321200,,14215.0,14220.0,AL
13,AL1910,2019-08-19,14205.0,14395.0,14155.0,14395.0,240924,351108,,14280.0,14215.0,AL
13,AL1910,2019-08-20,14380.0,14455.0,14310.0,14335.0,206794,351698,,14380.0,14280.0,AL
13,AL1910,2019-08-21,14335.0,14380.0,14280.0,14335.0,160198,363320,,14330.0,14380.0,AL
13,AL1910,2019-08-22,14325.0,14355.0,14310.0,14340.0,88296,358648,,14335.0,14330.0,AL
13,AL1910,2019-08-23,14355.0,14370.0,14240.0,14285.0,173352,332568,,14285.0,14335.0,AL
13,AL1910,2019-08-26,14280.0,14335.0,14185.0,14215.0,136614,318998,,14240.0,14285.0,AL
13,AL1910,2019-08-27,14220.0,14290.0,14205.0,14250.0,117642,319102,,14245.0,14240.0,AL
13,AL1910,2019-08-28,14260.0,14350.0,14235.0,14290.0,132790,326328,,14290.0,14245.0,AL
13,AL1910,2019-08-29,14285.0,14340.0,14200.0,14225.0,137112,307904,,14260.0,14290.0,AL
13,AL1910,2019-08-30,14205.0,14280.0,14195.0,14260.0,122184,298120,,14250.0,14260.0,AL
13,AL1910,2019-09-02,14250.0,14365.0,14225.0,14355.0,126170,299268,,14290.0,14250.0,AL
13,AL1910,2019-09-03,14320.0,14360.0,14290.0,14310.0,95278,284378,,14325.0,14290.0,AL
13,AL1910,2019-09-04,14315.0,14400.0,14305.0,14355.0,108652,281300,,14350.0,14325.0,AL
13,AL1910,2019-09-05,14360.0,14385.0,14310.0,14330.0,110728,264036,,14350.0,14350.0,AL
13,AL1910,2019-09-06,14355.0,14430.0,14345.0,14395.0,129788,260962,,14390.0,14350.0,AL
14,AL1911,2019-09-09,14385.0,14675.0,14225.0,14385.0,328524,248840,,14405.0,14375.0,AL
14,AL1911,2019-09-10,14410.0,14445.0,14340.0,14355.0,157384,269766,,14380.0,14405.0,AL
14,AL1911,2019-09-11,14370.0,14425.0,14350.0,14415.0,138548,278294,,14390.0,14380.0,AL
14,AL1911,2019-09-12,14420.0,14470.0,14390.0,14425.0,123576,283132,,14430.0,14390.0,AL
14,AL1911,2019-09-16,14460.0,14510.0,14270.0,14280.0,141388,275102,,14350.0,14430.0,AL
13,AL1911,2019-09-17,14295.0,14315.0,14205.0,14240.0,164770,261294,,14250.0,14350.0,AL
13,AL1911,2019-09-18,14225.0,14295.0,14210.0,14215.0,110644,258084,,14250.0,14250.0,AL
13,AL1911,2019-09-19,14200.0,14205.0,14095.0,14135.0,157250,242748,,14160.0,14250.0,AL
13,AL1911,2019-09-20,14150.0,14240.0,14115.0,14225.0,120170,234598,,14195.0,14160.0,AL
13,AL1911,2019-09-23,14215.0,14245.0,14190.0,14215.0,77574,229180,,14210.0,14195.0,AL
13,AL1911,2019-09-24,14210.0,14255.0,14105.0,14155.0,133004,227582,,14210.0,14210.0,AL
13,AL1911,2019-09-25,14130.0,14185.0,14105.0,14110.0,133598,222310,,14145.0,14210.0,AL
13,AL1911,2019-09-26,14105.0,14125.0,14040.0,14040.0,108722,215950,,14075.0,14145.0,AL
13,AL1911,2019-09-27,14030.0,14035.0,13920.0,13975.0,138038,200048,,13970.0,14075.0,AL
13,AL1911,2019-09-30,13925.0,14020.0,13885.0,14015.0,118488,189664,,13955.0,13970.0,AL
13,AL1911,2019-10-08,13995.0,14020.0,13950.0,13960.0,59254,187524,,13980.0,13955.0,AL
13,AL1911,2019-10-09,13970.0,14040.0,13920.0,13925.0,87818,184572,,13970.0,13980.0,AL
13,AL1911,2019-10-10,13930.0,13945.0,13800.0,13920.0,87024,188236,,13900.0,13970.0,AL
13,AL1911,2019-10-11,13935.0,13945.0,13750.0,13790.0,116710,190108,,13850.0,13900.0,AL
13,AL1911,2019-10-14,13760.0,13810.0,13720.0,13755.0,118816,179490,,13760.0,13850.0,AL
14,AL1912,2019-10-15,13705.0,13790.0,13705.0,13765.0,93580,223790,,13750.0,13735.0,AL
13,AL1912,2019-10-16,13760.0,13840.0,13745.0,13835.0,96260,237442,,13800.0,13750.0,AL
13,AL1912,2019-10-17,13825.0,13870.0,13805.0,13835.0,78636,235476,,13835.0,13800.0,AL
13,AL1912,2019-10-18,13845.0,13890.0,13835.0,13850.0,87974,232410,,13860.0,13835.0,AL
13,AL1912,2019-10-21,13880.0,13915.0,13740.0,13760.0,129644,240832,,13825.0,13860.0,AL
13,AL1912,2019-10-22,13765.0,13830.0,13755.0,13795.0,97068,241948,,13780.0,13825.0,AL
13,AL1912,2019-10-23,13780.0,13815.0,13760.0,13790.0,59788,238170,,13785.0,13780.0,AL
13,AL1912,2019-10-24,13800.0,13845.0,13775.0,13825.0,101784,237312,,13815.0,13785.0,AL
13,AL1912,2019-10-25,13825.0,13875.0,13775.0,13805.0,94144,234574,,13815.0,13815.0,AL
13,AL1912,2019-10-28,13810.0,13855.0,13805.0,13825.0,88684,234834,,13825.0,13815.0,AL
13,AL1912,2019-10-29,13830.0,13835.0,13740.0,13785.0,116094,240290,,13775.0,13825.0,AL
13,AL1912,2019-10-30,13790.0,13860.0,13785.0,13845.0,106942,229892,,13830.0,13775.0,AL
13,AL1912,2019-10-31,13840.0,13855.0,13810.0,13840.0,75738,228138,,13825.0,13830.0,AL
13,AL1912,2019-11-01,13835.0,13905.0,13775.0,13875.0,131204,227408,,13840.0,13825.0,AL
13,AL1912,2019-11-04,13875.0,13960.0,13840.0,13945.0,102628,223964,,13910.0,13840.0,AL
13,AL1912,2019-11-05,13935.0,13985.0,13905.0,13965.0,90738,218170,,13955.0,13910.0,AL
13,AL1912,2019-11-06,13980.0,14000.0,13925.0,13955.0,90690,211220,,13955.0,13955.0,AL
13,AL1912,2019-11-07,13945.0,13990.0,13895.0,13980.0,116136,207764,,13940.0,13955.0,AL
13,AL1912,2019-11-08,14000.0,14120.0,13980.0,14030.0,130374,206184,,14035.0,13940.0,AL
13,AL1912,2019-11-11,14060.0,14060.0,13895.0,13895.0,99146,198082,,13965.0,14035.0,AL
13,AL1912,2019-11-12,13910.0,13950.0,13810.0,13815.0,124304,186512,,13870.0,13965.0,AL
13,AL1912,2019-11-13,13795.0,13820.0,13780.0,13805.0,83062,180596,,13805.0,13870.0,AL
13,AL1912,2019-11-14,13780.0,13865.0,13780.0,13805.0,78984,173270,,13825.0,13805.0,AL
14,AL2001,2019-11-15,13685.0,13725.0,13665.0,13670.0,87362,227610,,13685.0,13725.0,AL
13,AL2001,2019-11-18,13675.0,13800.0,13635.0,13795.0,114350,233962,,13700.0,13685.0,AL
13,AL2001,2019-11-19,13760.0,13780.0,13730.0,13740.0,91296,233872,,13750.0,13700.0,AL
13,AL2001,2019-11-20,13730.0,13785.0,13720.0,13780.0,65378,230380,,13755.0,13750.0,AL
13,AL2001,2019-11-21,13780.0,13875.0,13780.0,13865.0,141090,215414,,13835.0,13755.0,AL
13,AL2001,2019-11-22,13865.0,13865.0,13820.0,13855.0,76718,211188,,13840.0,13835.0,AL
13,AL2001,2019-11-25,13850.0,13880.0,13800.0,13805.0,103218,205808,,13835.0,13840.0,AL
13,AL2001,2019-11-26,13805.0,13820.0,13745.0,13755.0,98856,202194,,13765.0,13835.0,AL
13,AL2001,2019-11-27,13760.0,13795.0,13705.0,13735.0,104446,206072,,13735.0,13765.0,AL
13,AL2001,2019-11-28,13735.0,13815.0,13710.0,13810.0,106162,202132,,13765.0,13735.0,AL
13,AL2001,2019-11-29,13805.0,13890.0,13765.0,13885.0,142388,201954,,13825.0,13765.0,AL
13,AL2001,2019-12-02,13885.0,13970.0,13830.0,13950.0,157464,208592,,13895.0,13825.0,AL
13,AL2001,2019-12-03,13955.0,13995.0,13915.0,13945.0,126094,203396,,13950.0,13895.0,AL
13,AL2001,2019-12-04,13955.0,13995.0,13905.0,13970.0,100752,204008,,13950.0,13950.0,AL
13,AL2001,2019-12-05,13970.0,13975.0,13910.0,13930.0,77844,201628,,13940.0,13950.0,AL
13,AL2001,2019-12-06,13900.0,13920.0,13835.0,13840.0,94006,195564,,13875.0,13940.0,AL
13,AL2001,2019-12-09,13830.0,13960.0,13810.0,13935.0,105966,187038,,13880.0,13875.0,AL
13,AL2001,2019-12-10,13935.0,13990.0,13915.0,13990.0,101248,181778,,13960.0,13880.0,AL
13,AL2001,2019-12-11,13965.0,14065.0,13955.0,14000.0,128478,170756,,14000.0,13960.0,AL
14,AL2002,2019-12-12,13925.0,13965.0,13855.0,13880.0,93430,220570,,13905.0,13920.0,AL
14,AL2002,2019-12-13,13895.0,13950.0,13850.0,13945.0,168728,237592,,13905.0,13905.0,AL
14,AL2002,2019-12-16,13945.0,13960.0,13875.0,13915.0,145712,240798,,13920.0,13905.0,AL
13,AL2002,2019-12-17,13915.0,14035.0,13890.0,14015.0,190228,257544,,13970.0,13920.0,AL
13,AL2002,2019-12-18,14010.0,14130.0,13970.0,14100.0,190234,261818,,14060.0,13970.0,AL
13,AL2002,2019-12-19,14100.0,14210.0,14100.0,14200.0,173970,261938,,14155.0,14060.0,AL
13,AL2002,2019-12-20,14215.0,14245.0,14160.0,14175.0,120680,259954,,14195.0,14155.0,AL
13,AL2002,2019-12-23,14200.0,14260.0,14150.0,14185.0,136738,257810,,14200.0,14195.0,AL
13,AL2002,2019-12-24,14195.0,14255.0,14165.0,14235.0,125606,258522,,14210.0,14200.0,AL
13,AL2002,2019-12-25,14250.0,14285.0,14190.0,14235.0,121360,257204,,14235.0,14210.0,AL
13,AL2002,2019-12-26,14275.0,14275.0,14055.0,14055.0,147754,257698,,14125.0,14235.0,AL
13,AL2002,2019-12-27,14070.0,14095.0,14020.0,14075.0,146540,246994,,14060.0,14125.0,AL
13,AL2002,2019-12-30,14080.0,14145.0,14070.0,14090.0,121864,241638,,14095.0,14060.0,AL
13,AL2002,2019-12-31,14105.0,14130.0,14060.0,14110.0,110898,238360,,14090.0,14095.0,AL
13,AL2002,2020-01-02,14080.0,14145.0,14060.0,14090.0,38578,115942,,14110.0,14090.0,AL
13,AL2002,2020-01-03,14075.0,14090.0,13960.0,14085.0,70834,110425,,14015.0,14110.0,AL
13,AL2002,2020-01-06,14085.0,14150.0,14060.0,14105.0,61253,104069,,14100.0,14015.0,AL
13,AL2002,2020-01-07,14110.0,14130.0,14035.0,14070.0,40460,102454,,14080.0,14100.0,AL
13,AL2002,2020-01-08,14060.0,14190.0,14025.0,14155.0,46057,99561,,14095.0,14080.0,AL
13,AL2002,2020-01-09,14130.0,14135.0,14065.0,14080.0,41956,95874,,14095.0,14095.0,AL
14,AL2003,2020-01-10,13995.0,14115.0,13995.0,14110.0,58991,111965,,14070.0,14020.0,AL
14,AL2003,2020-01-13,14110.0,14120.0,13930.0,13960.0,95684,113542,,14005.0,14070.0,AL
14,AL2003,2020-01-14,13950.0,13980.0,13925.0,13930.0,73038,115646,,13950.0,14005.0,AL
14,AL2003,2020-01-15,13930.0,13990.0,13910.0,13970.0,66872,118102,,13950.0,13950.0,AL
13,AL2003,2020-01-16,13975.0,14300.0,13940.0,14300.0,115718,128880,,14105.0,13950.0,AL
13,AL2003,2020-01-17,14300.0,14375.0,14225.0,14280.0,122690,133078,,14280.0,14105.0,AL
13,AL2003,2020-01-20,14300.0,14310.0,14175.0,14210.0,89594,133754,,14240.0,14280.0,AL
13,AL2003,2020-01-21,14235.0,14260.0,14110.0,14120.0,73944,126373,,14170.0,14240.0,AL
13,AL2003,2020-01-22,14130.0,14175.0,14090.0,14165.0,48264,121964,,14130.0,14170.0,AL
13,AL2003,2020-01-23,14165.0,14185.0,14070.0,14100.0,44599,117858,,14125.0,14130.0,AL
13,AL2003,2020-02-03,13600.0,13785.0,13510.0,13605.0,96212,97907,,13655.0,14125.0,AL
13,AL2003,2020-02-04,13570.0,13620.0,13535.0,13605.0,45158,90886,,13585.0,13655.0,AL
13,AL2003,2020-02-05,13575.0,13655.0,13540.0,13625.0,39395,86792,,13615.0,13585.0,AL
13,AL2003,2020-02-06,13655.0,13680.0,13635.0,13670.0,19808,85312,,13660.0,13615.0,AL
14,AL2004,2020-02-07,13725.0,13750.0,13690.0,13745.0,24327,81497,,13720.0,13685.0,AL
14,AL2004,2020-02-10,13700.0,13750.0,13675.0,13745.0,34228,85650,,13720.0,13720.0,AL
13,AL2003,2020-02-11,13680.0,13840.0,13680.0,13780.0,48198,88973,,13775.0,13690.0,AL
13,AL2003,2020-02-12,13805.0,13840.0,13735.0,13745.0,35508,87284,,13765.0,13775.0,AL
13,AL2003,2020-02-13,13770.0,13775.0,13695.0,13705.0,21097,84947,,13720.0,13765.0,AL
14,AL2004,2020-02-14,13770.0,13785.0,13695.0,13720.0,24129,95773,,13725.0,13735.0,AL
14,AL2004,2020-02-17,13685.0,13715.0,13660.0,13690.0,33817,101744,,13680.0,13725.0,AL
13,AL2004,2020-02-18,13685.0,13740.0,13665.0,13725.0,33946,104009,,13710.0,13680.0,AL
13,AL2004,2020-02-19,13715.0,13735.0,13680.0,13710.0,25373,107398,,13705.0,13710.0,AL
13,AL2004,2020-02-20,13715.0,13725.0,13660.0,13670.0,30826,113884,,13675.0,13705.0,AL
13,AL2004,2020-02-21,13675.0,13675.0,13575.0,13580.0,45659,124422,,13610.0,13675.0,AL
13,AL2004,2020-02-24,13580.0,13590.0,13450.0,13530.0,56103,128302,,13505.0,13610.0,AL
13,AL2004,2020-02-25,13510.0,13555.0,13445.0,13535.0,45488,127080,,13500.0,13505.0,AL
13,AL2004,2020-02-26,13525.0,13535.0,13485.0,13490.0,34701,125501,,13510.0,13500.0,AL
13,AL2004,2020-02-27,13475.0,13505.0,13410.0,13430.0,44500,131547,,13450.0,13510.0,AL
13,AL2004,2020-02-28,13420.0,13420.0,13070.0,13110.0,100672,131339,,13240.0,13450.0,AL
13,AL2004,2020-03-02,13300.0,13300.0,13165.0,13255.0,76483,126678,,13215.0,13240.0,AL
13,AL2004,2020-03-03,13265.0,13385.0,13260.0,13280.0,41526,124579,,13295.0,13215.0,AL
14,AL2005,2020-03-04,13385.0,13385.0,13155.0,13250.0,43157,127611,,13225.0,13355.0,AL
14,AL2005,2020-03-05,13230.0,13275.0,13190.0,13245.0,47219,132234,,13230.0,13225.0,AL
14,AL2005,2020-03-06,13200.0,13240.0,13080.0,13175.0,57706,136363,,13170.0,13230.0,AL
14,AL2005,2020-03-09,13000.0,13030.0,12830.0,12890.0,95705,143519,,12915.0,13170.0,AL
14,AL2005,2020-03-10,13000.0,13045.0,12910.0,12985.0,65427,148631,,12970.0,12915.0,AL
14,AL2005,2020-03-11,13000.0,13015.0,12930.0,12935.0,46964,149329,,12960.0,12970.0,AL
14,AL2005,2020-03-12,12850.0,12910.0,12825.0,12870.0,64231,149041,,12865.0,12960.0,AL
14,AL2005,2020-03-13,12850.0,13015.0,12745.0,12920.0,99683,147754,,12865.0,12865.0,AL
14,AL2005,2020-03-16,12945.0,13000.0,12795.0,12820.0,60353,151506,,12875.0,12865.0,AL
13,AL2005,2020-03-17,12830.0,12845.0,12700.0,12740.0,68751,153813,,12745.0,12875.0,AL
13,AL2005,2020-03-18,12630.0,12720.0,12235.0,12300.0,145746,155405,,12480.0,12745.0,AL
13,AL2005,2020-03-19,12475.0,12475.0,11730.0,11805.0,128863,146150,,11940.0,12480.0,AL
13,AL2005,2020-03-20,11995.0,12170.0,11845.0,11995.0,117717,142189,,11970.0,11940.0,AL
13,AL2005,2020-03-23,11700.0,11700.0,11275.0,11345.0,143645,141778,,11375.0,11970.0,AL
13,AL2005,2020-03-24,11465.0,11510.0,11340.0,11435.0,76489,137117,,11405.0,11375.0,AL
13,AL2005,2020-03-25,11410.0,11710.0,11405.0,11700.0,100165,130751,,11530.0,11405.0,AL
13,AL2005,2020-03-26,11650.0,11730.0,11580.0,11640.0,84326,129044,,11655.0,11530.0,AL
13,AL2005,2020-03-27,11650.0,11780.0,11575.0,11740.0,90690,126260,,11685.0,11655.0,AL
14,AL2006,2020-03-30,11680.0,11700.0,11500.0,11540.0,78211,115732,,11575.0,11710.0,AL
14,AL2006,2020-03-31,11580.0,11640.0,11540.0,11590.0,55185,121127,,11585.0,11575.0,AL
14,AL2006,2020-04-01,11570.0,11655.0,11425.0,11445.0,83590,133318,,11540.0,11585.0,AL
14,AL2006,2020-04-02,11430.0,11515.0,11225.0,11475.0,128600,134491,,11355.0,11540.0,AL
14,AL2006,2020-04-03,11530.0,11590.0,11445.0,11545.0,99546,135504,,11530.0,11355.0,AL
14,AL2006,2020-04-07,11565.0,11725.0,11530.0,11620.0,89565,136534,,11635.0,11530.0,AL
14,AL2006,2020-04-08,11535.0,11645.0,11515.0,11620.0,78156,138326,,11580.0,11635.0,AL
14,AL2006,2020-04-09,11625.0,11695.0,11605.0,11655.0,72427,137719,,11640.0,11580.0,AL
14,AL2006,2020-04-10,11665.0,11850.0,11660.0,11845.0,87611,137944,,11765.0,11640.0,AL
14,AL2006,2020-04-13,11845.0,11850.0,11730.0,11755.0,73504,141380,,11785.0,11765.0,AL
14,AL2006,2020-04-14,11760.0,11815.0,11730.0,11770.0,53035,141688,,11770.0,11785.0,AL
14,AL2006,2020-04-15,11830.0,12015.0,11780.0,11950.0,107348,139056,,11910.0,11770.0,AL
13,AL2006,2020-04-16,11915.0,12125.0,11875.0,12085.0,106675,136020,,12020.0,11910.0,AL
13,AL2006,2020-04-17,12165.0,12430.0,12090.0,12410.0,122074,135283,,12255.0,12020.0,AL
13,AL2006,2020-04-20,12335.0,12460.0,12270.0,12340.0,128665,131213,,12350.0,12255.0,AL
13,AL2006,2020-04-21,12290.0,12315.0,12005.0,12105.0,138785,127159,,12135.0,12350.0,AL
13,AL2006,2020-04-22,12085.0,12245.0,12045.0,12195.0,116790,128027,,12135.0,12135.0,AL
13,AL2006,2020-04-23,12265.0,12375.0,12215.0,12245.0,93094,129026,,12310.0,12135.0,AL
13,AL2006,2020-04-24,12195.0,12330.0,12195.0,12285.0,74055,123689,,12280.0,12310.0,AL
13,AL2006,2020-04-27,12420.0,12450.0,12310.0,12410.0,82017,124995,,12370.0,12280.0,AL
13,AL2006,2020-04-28,12370.0,12515.0,12360.0,12485.0,88978,123726,,12460.0,12370.0,AL
13,AL2006,2020-04-29,12500.0,12700.0,12500.0,12585.0,97150,116177,,12585.0,12460.0,AL
13,AL2006,2020-04-30,12610.0,12670.0,12490.0,12660.0,73611,106592,,12560.0,12585.0,AL
13,AL2006,2020-05-06,12595.0,12760.0,12565.0,12740.0,87473,104038,,12700.0,12560.0,AL
14,AL2007,2020-05-07,12570.0,12625.0,12405.0,12460.0,80385,130823,,12510.0,12560.0,AL
14,AL2007,2020-05-08,12510.0,12530.0,12320.0,12430.0,104979,143359,,12405.0,12510.0,AL
14,AL2007,2020-05-11,12420.0,12570.0,12390.0,12535.0,83909,141773,,12505.0,12405.0,AL
14,AL2007,2020-05-12,12530.0,12620.0,12415.0,12415.0,84721,147878,,12510.0,12505.0,AL
14,AL2007,2020-05-13,12420.0,12525.0,12285.0,12495.0,119178,149492,,12400.0,12510.0,AL
14,AL2007,2020-05-14,12515.0,12575.0,12410.0,12530.0,86524,149575,,12485.0,12400.0,AL
14,AL2007,2020-05-15,12485.0,12635.0,12465.0,12600.0,92705,154231,,12560.0,12485.0,AL
13,AL2007,2020-05-18,12580.0,12830.0,12520.0,12760.0,137366,160025,,12685.0,12560.0,AL
13,AL2007,2020-05-19,12770.0,12980.0,12770.0,12850.0,131248,157060,,12875.0,12685.0,AL
13,AL2007,2020-05-20,12825.0,12935.0,12785.0,12875.0,91086,160020,,12870.0,12875.0,AL
13,AL2007,2020-05-21,12860.0,13020.0,12640.0,12775.0,162060,156694,,12845.0,12870.0,AL
13,AL2007,2020-05-22,12765.0,12880.0,12730.0,12790.0,123283,157674,,12800.0,12845.0,AL
13,AL2007,2020-05-25,12805.0,12890.0,12765.0,12840.0,81336,157683,,12825.0,12800.0,AL
13,AL2007,2020-05-26,12835.0,12965.0,12830.0,12940.0,88337,160794,,12905.0,12825.0,AL
13,AL2007,2020-05-27,12965.0,13040.0,12885.0,13015.0,121209,157001,,12965.0,12905.0,AL
13,AL2007,2020-05-28,13075.0,13175.0,13000.0,13155.0,116601,160386,,13105.0,12965.0,AL
13,AL2007,2020-05-29,13130.0,13260.0,13110.0,13215.0,105261,151432,,13155.0,13105.0,AL
13,AL2007,2020-06-01,13245.0,13265.0,13090.0,13160.0,85265,147941,,13165.0,13155.0,AL
13,AL2007,2020-06-02,13110.0,13185.0,13000.0,13025.0,87361,148569,,13085.0,13165.0,AL
13,AL2007,2020-06-03,13025.0,13185.0,13020.0,13150.0,77940,143223,,13100.0,13085.0,AL
13,AL2007,2020-06-04,13155.0,13230.0,13135.0,13165.0,58864,143555,,13170.0,13100.0,AL
13,AL2007,2020-06-05,13165.0,13225.0,13090.0,13180.0,75034,143276,,13155.0,13170.0,AL
13,AL2007,2020-06-08,13225.0,13450.0,13200.0,13420.0,90180,143804,,13335.0,13155.0,AL
13,AL2007,2020-06-09,13425.0,13650.0,13425.0,13555.0,134031,144644,,13545.0,13335.0,AL
13,AL2007,2020-06-10,13520.0,13730.0,13480.0,13670.0,97139,142093,,13620.0,13545.0,AL
13,AL2007,2020-06-11,13775.0,13840.0,13470.0,13535.0,138563,135790,,13675.0,13620.0,AL
13,AL2007,2020-06-12,13510.0,13650.0,13450.0,13625.0,102779,135669,,13570.0,13675.0,AL
13,AL2007,2020-06-15,13615.0,13690.0,13490.0,13605.0,115854,133233,,13610.0,13570.0,AL
12,AL2007,2020-06-16,13625.0,13910.0,13610.0,13875.0,116479,130751,,13770.0,13610.0,AL
12,AL2007,2020-06-17,13865.0,13965.0,13805.0,13840.0,120800,121571,,13880.0,13770.0,AL
12,AL2007,2020-06-18,13840.0,13875.0,13725.0,13745.0,95277,113686,,13780.0,13880.0,AL
12,AL2007,2020-06-19,13730.0,13820.0,13675.0,13795.0,77571,104717,,13740.0,13780.0,AL
13,AL2008,2020-06-22,13640.0,13705.0,13515.0,13695.0,91712,148765,,13600.0,13550.0,AL
13,AL2008,2020-06-23,13725.0,13755.0,13620.0,13655.0,111267,154966,,13675.0,13600.0,AL
13,AL2008,2020-06-24,13655.0,13700.0,13590.0,13605.0,78639,151068,,13625.0,13675.0,AL
13,AL2008,2020-06-29,13625.0,13795.0,13600.0,13775.0,82348,159874,,13725.0,13625.0,AL
13,AL2008,2020-06-30,13760.0,13845.0,13755.0,13830.0,91061,165170,,13800.0,13725.0,AL
13,AL2008,2020-07-01,13825.0,14050.0,13825.0,14030.0,101045,168349,,13935.0,13800.0,AL
13,AL2008,2020-07-02,14010.0,14035.0,13920.0,13965.0,101746,165872,,13980.0,13935.0,AL
13,AL2008,2020-07-03,13965.0,14075.0,13935.0,14055.0,82807,168189,,13995.0,13980.0,AL
13,AL2008,2020-07-06,14060.0,14155.0,14005.0,14125.0,102848,166738,,14075.0,13995.0,AL
13,AL2008,2020-07-07,14155.0,14205.0,14005.0,14060.0,111672,163969,,14115.0,14075.0,AL
13,AL2008,2020-07-08,14045.0,14165.0,13945.0,14150.0,124209,164340,,14050.0,14115.0,AL
13,AL2008,2020-07-09,14205.0,14315.0,14135.0,14290.0,114121,162222,,14215.0,14050.0,AL
13,AL2008,2020-07-10,14295.0,14465.0,14205.0,14375.0,137078,164704,,14330.0,14215.0,AL
13,AL2008,2020-07-13,14390.0,14860.0,14390.0,14730.0,214046,148900,,14650.0,14330.0,AL
13,AL2008,2020-07-14,14675.0,14735.0,14460.0,14485.0,155686,142136,,14580.0,14650.0,AL
13,AL2008,2020-07-15,14520.0,14560.0,14425.0,14475.0,119770,137782,,14485.0,14580.0,AL
12,AL2008,2020-07-16,14485.0,14495.0,13960.0,13975.0,157918,129363,,14195.0,14485.0,AL
12,AL2008,2020-07-17,14000.0,14180.0,13990.0,14155.0,112473,122892,,14100.0,14195.0,AL
12,AL2008,2020-07-20,14120.0,14340.0,14105.0,14245.0,91159,120197,,14240.0,14100.0,AL
12,AL2008,2020-07-21,14230.0,14310.0,14185.0,14245.0,72396,117163,,14245.0,14240.0,AL
12,AL2008,2020-07-22,14360.0,14450.0,14285.0,14390.0,79131,113228,,14390.0,14245.0,AL
12,AL2008,2020-07-23,14305.0,14480.0,14255.0,14395.0,73065,109583,,14365.0,14390.0,AL
12,AL2008,2020-07-24,14415.0,14545.0,14305.0,14405.0,85880,103697,,14420.0,14365.0,AL
13,AL2009,2020-07-27,14165.0,14290.0,14125.0,14220.0,67527,99722,,14210.0,14185.0,AL
13,AL2009,2020-07-28,14175.0,14400.0,14170.0,14330.0,119313,108345,,14295.0,14210.0,AL
13,AL2009,2020-07-29,14375.0,14555.0,14330.0,14505.0,149383,124087,,14460.0,14295.0,AL
13,AL2009,2020-07-30,14500.0,14805.0,14485.0,14720.0,184924,133440,,14675.0,14460.0,AL
13,AL2009,2020-07-31,14720.0,14770.0,14525.0,14685.0,165307,128926,,14680.0,14675.0,AL
13,AL2009,2020-08-03,14675.0,14695.0,14470.0,14600.0,126686,126062,,14595.0,14680.0,AL
13,AL2009,2020-08-04,14675.0,14830.0,14635.0,14695.0,118107,129964,,14725.0,14595.0,AL
13,AL2009,2020-08-05,14700.0,14815.0,14605.0,14660.0,134734,134584,,14720.0,14725.0,AL
13,AL2009,2020-08-06,14660.0,14685.0,14420.0,14505.0,156315,131365,,14545.0,14720.0,AL
13,AL2009,2020-08-07,14505.0,14590.0,14405.0,14555.0,116414,127834,,14490.0,14545.0,AL
13,AL2009,2020-08-10,14525.0,14615.0,14275.0,14355.0,137858,123047,,14450.0,14490.0,AL
13,AL2009,2020-08-11,14385.0,14435.0,14195.0,14220.0,127438,122283,,14305.0,14450.0,AL
13,AL2009,2020-08-12,14235.0,14305.0,14200.0,14235.0,107460,118416,,14245.0,14305.0,AL
13,AL2009,2020-08-13,14250.0,14475.0,14245.0,14360.0,111975,115366,,14360.0,14245.0,AL
13,AL2009,2020-08-14,14315.0,14450.0,14255.0,14405.0,98283,118139,,14365.0,14360.0,AL
13,AL2009,2020-08-17,14395.0,14450.0,14245.0,14405.0,113964,113916,,14335.0,14365.0,AL
12,AL2009,2020-08-18,14410.0,14485.0,14370.0,14435.0,73097,114645,,14425.0,14335.0,AL
12,AL2009,2020-08-19,14500.0,14665.0,14475.0,14635.0,104329,115378,,14555.0,14425.0,AL
12,AL2009,2020-08-20,14640.0,14815.0,14640.0,14675.0,94753,113636,,14710.0,14555.0,AL
12,AL2009,2020-08-21,14780.0,14985.0,14690.0,14710.0,129200,113300,,14820.0,14710.0,AL
12,AL2009,2020-08-24,14640.0,14775.0,14585.0,14755.0,92524,105445,,14660.0,14820.0,AL
12,AL2009,2020-08-25,14765.0,14765.0,14590.0,14590.0,64180,99467,,14675.0,14660.0,AL
13,AL2010,2020-08-26,14460.0,14670.0,14460.0,14665.0,85987,110087,,14560.0,14525.0,AL
13,AL2010,2020-08-27,14680.0,14710.0,14530.0,14555.0,89262,112796,,14595.0,14560.0,AL
13,AL2010,2020-08-28,14575.0,14645.0,14465.0,14605.0,102554,120637,,14550.0,14595.0,AL
13,AL2010,2020-08-31,14660.0,14690.0,14480.0,14540.0,98204,118362,,14595.0,14550.0,AL
13,AL2010,2020-09-01,14580.0,14635.0,14530.0,14555.0,84629,123446,,14570.0,14595.0,AL
13,AL2010,2020-09-02,14570.0,14585.0,14350.0,14505.0,136329,127034,,14455.0,14570.0,AL
13,AL2010,2020-09-03,14445.0,14490.0,14290.0,14310.0,124049,125211,,14385.0,14455.0,AL
13,AL2010,2020-09-04,14335.0,14380.0,14180.0,14270.0,123074,124344,,14285.0,14385.0,AL
13,AL2010,2020-09-07,14310.0,14550.0,14260.0,14480.0,129081,121885,,14435.0,14285.0,AL
13,AL2010,2020-09-08,14505.0,14545.0,14460.0,14485.0,75818,120941,,14495.0,14435.0,AL
13,AL2010,2020-09-09,14415.0,14460.0,14310.0,14355.0,126649,121708,,14380.0,14495.0,AL
13,AL2010,2020-09-10,14390.0,14415.0,14335.0,14340.0,72088,122757,,14370.0,14380.0,AL
13,AL2010,2020-09-11,14360.0,14515.0,14230.0,14235.0,155647,127452,,14410.0,14370.0,AL
13,AL2010,2020-09-14,14205.0,14540.0,14155.0,14515.0,144518,126473,,14415.0,14410.0,AL
13,AL2010,2020-09-15,14525.0,14595.0,14425.0,14570.0,102103,122927,,14505.0,14415.0,AL
12,AL2010,2020-09-16,14580.0,14615.0,14490.0,14550.0,76812,122927,,14545.0,14505.0,AL
12,AL2010,2020-09-17,14570.0,14600.0,14445.0,14505.0,87716,120380,,14520.0,14545.0,AL
12,AL2010,2020-09-18,14530.0,14675.0,14470.0,14640.0,109463,121608,,14580.0,14520.0,AL
12,AL2010,2020-09-21,14625.0,14740.0,14595.0,14665.0,80813,120342,,14655.0,14580.0,AL
12,AL2010,2020-09-22,14625.0,14675.0,14520.0,14525.0,107284,109151,,14590.0,14655.0,AL
12,AL2010,2020-09-23,14580.0,14620.0,14345.0,14345.0,121572,104178,,14470.0,14590.0,AL
12,AL2010,2020-09-24,14325.0,14345.0,13760.0,13940.0,195361,96491,,14045.0,14470.0,AL
13,AL2011,2020-09-25,13700.0,13995.0,13510.0,13945.0,175171,116097,,13780.0,13895.0,AL
13,AL2011,2020-09-28,13945.0,14115.0,13830.0,14100.0,147337,116072,,13975.0,13780.0,AL
13,AL2011,2020-09-29,14155.0,14295.0,14125.0,14205.0,124186,107188,,14200.0,13975.0,AL
13,AL2011,2020-09-30,14185.0,14320.0,14105.0,14145.0,116373,101113,,14200.0,14200.0,AL
13,AL2011,2020-10-09,14235.0,14480.0,14230.0,14420.0,76885,106602,,14400.0,14200.0,AL
13,AL2011,2020-10-12,14490.0,14600.0,14430.0,14595.0,103737,115523,,14490.0,14400.0,AL
13,AL2011,2020-10-13,14610.0,14690.0,14540.0,14620.0,99342,121836,,14610.0,14490.0,AL
13,AL2011,2020-10-14,14620.0,14750.0,14575.0,14650.0,95766,126079,,14645.0,14610.0,AL
13,AL2011,2020-10-15,14695.0,14705.0,14590.0,14680.0,95120,127023,,14660.0,14645.0,AL
12,AL2011,2020-10-16,14660.0,14780.0,14515.0,14710.0,109000,129298,,14675.0,14660.0,AL
12,AL2011,2020-10-19,14710.0,14910.0,14710.0,14800.0,115046,132210,,14835.0,14675.0,AL
12,AL2011,2020-10-20,14800.0,14835.0,14725.0,14750.0,76757,127715,,14770.0,14835.0,AL
12,AL2011,2020-10-21,14760.0,14820.0,14650.0,14720.0,101219,121395,,14720.0,14770.0,AL
12,AL2011,2020-10-22,14750.0,14835.0,14700.0,14725.0,81168,120331,,14760.0,14720.0,AL
12,AL2011,2020-10-23,14685.0,14770.0,14685.0,14725.0,66741,117229,,14720.0,14760.0,AL
12,AL2011,2020-10-26,14745.0,14820.0,14690.0,14740.0,73043,111496,,14750.0,14720.0,AL
12,AL2011,2020-10-27,14700.0,14820.0,14695.0,14715.0,73095,100620,,14755.0,14750.0,AL
13,AL2012,2020-10-28,14540.0,14550.0,14340.0,14400.0,100314,91574,,14415.0,14535.0,AL
13,AL2012,2020-10-29,14395.0,14480.0,14250.0,14440.0,136356,102115,,14360.0,14415.0,AL
13,AL2012,2020-10-30,14370.0,14475.0,14320.0,14370.0,111205,106264,,14400.0,14360.0,AL
13,AL2012,2020-11-02,14410.0,14850.0,14410.0,14825.0,214401,135847,,14665.0,14400.0,AL
13,AL2012,2020-11-03,14810.0,14890.0,14730.0,14760.0,128265,136930,,14805.0,14665.0,AL
13,AL2012,2020-11-04,14845.0,14960.0,14625.0,14750.0,136012,131436,,14785.0,14805.0,AL
13,AL2012,2020-11-05,14750.0,14870.0,14710.0,14850.0,87249,138568,,14790.0,14785.0,AL
13,AL2012,2020-11-06,14850.0,14860.0,14755.0,14845.0,73800,136671,,14815.0,14790.0,AL
13,AL2012,2020-11-09,14855.0,14985.0,14850.0,14870.0,117674,137200,,14905.0,14815.0,AL
13,AL2012,2020-11-10,14945.0,15080.0,14790.0,14945.0,141719,139459,,14945.0,14905.0,AL
13,AL2012,2020-11-11,14960.0,15190.0,14875.0,15180.0,124525,155070,,15045.0,14945.0,AL
13,AL2012,2020-11-12,15180.0,15415.0,15130.0,15350.0,120382,157538,,15260.0,15045.0,AL
13,AL2012,2020-11-13,15350.0,15565.0,15335.0,15530.0,140184,158604,,15440.0,15260.0,AL
13,AL2012,2020-11-16,15530.0,15585.0,15360.0,15390.0,153250,154987,,15470.0,15440.0,AL
12,AL2012,2020-11-17,15415.0,15460.0,15285.0,15390.0,102820,151407,,15380.0,15470.0,AL
12,AL2012,2020-11-18,15425.0,15790.0,15395.0,15785.0,146544,156575,,15590.0,15380.0,AL
21,AL2012,2020-11-19,15785.0,15945.0,15650.0,15755.0,174630,143307,,15805.0,15590.0,AL
21,AL2012,2020-11-20,15770.0,15980.0,15680.0,15960.0,114755,140392,,15815.0,15805.0,AL
21,AL2012,2020-11-23,15960.0,16000.0,15780.0,15865.0,126179,133136,,15885.0,15815.0,AL
21,AL2012,2020-11-24,15865.0,15880.0,15750.0,15880.0,130477,119342,,15800.0,15885.0,AL
21,AL2012,2020-11-25,15865.0,16110.0,15810.0,16060.0,160974,109330,,15970.0,15800.0,AL
22,AL2101,2020-11-26,15830.0,15885.0,15725.0,15870.0,116060,142791,,15825.0,15805.0,AL
22,AL2101,2020-11-27,15865.0,16160.0,15830.0,16090.0,199238,159177,,16015.0,15825.0,AL
22,AL2101,2020-11-30,16135.0,16600.0,16085.0,16485.0,239978,162310,,16335.0,16015.0,AL
22,AL2101,2020-12-01,16505.0,16765.0,16485.0,16615.0,267947,155680,,16635.0,16335.0,AL
22,AL2101,2020-12-02,16605.0,16925.0,16605.0,16835.0,215233,159091,,16820.0,16635.0,AL
22,AL2101,2020-12-03,16775.0,16780.0,16130.0,16170.0,276209,145883,,16485.0,16820.0,AL
22,AL2101,2020-12-04,16260.0,16450.0,15860.0,16350.0,287116,141881,,16180.0,16485.0,AL
22,AL2101,2020-12-07,16400.0,16465.0,15935.0,16075.0,235946,134820,,16235.0,16180.0,AL
22,AL2101,2020-12-08,16075.0,16220.0,16010.0,16070.0,158796,133101,,16135.0,16235.0,AL
22,AL2101,2020-12-09,16085.0,16145.0,15860.0,15955.0,175205,132579,,15990.0,16135.0,AL
22,AL2101,2020-12-10,16000.0,16405.0,16000.0,16335.0,194846,133982,,16215.0,15990.0,AL
22,AL2101,2020-12-11,16335.0,16620.0,16015.0,16110.0,256492,124782,,16385.0,16215.0,AL
22,AL2101,2020-12-14,16085.0,16515.0,16085.0,16315.0,188139,123833,,16275.0,16385.0,AL
22,AL2101,2020-12-15,16325.0,16410.0,16165.0,16230.0,137651,118752,,16275.0,16275.0,AL
22,AL2101,2020-12-16,16260.0,16425.0,16180.0,16370.0,136131,112974,,16320.0,16275.0,AL
22,AL2101,2020-12-17,16410.0,16560.0,16370.0,16515.0,119875,116477,,16465.0,16320.0,AL
22,AL2101,2020-12-18,16495.0,16805.0,16480.0,16780.0,170794,113882,,16670.0,16465.0,AL
22,AL2101,2020-12-21,16655.0,16760.0,16230.0,16280.0,204999,97684,,16425.0,16670.0,AL
22,AL2101,2020-12-22,16230.0,16230.0,15760.0,15840.0,183468,86874,,16090.0,16425.0,AL
23,AL2102,2020-12-23,15670.0,15825.0,15575.0,15705.0,122279,106606,,15705.0,15930.0,AL
23,AL2102,2020-12-24,15730.0,15975.0,15690.0,15940.0,138867,112782,,15855.0,15705.0,AL
23,AL2102,2020-12-25,15960.0,16040.0,15855.0,15900.0,133440,111777,,15925.0,15855.0,AL
23,AL2102,2020-12-28,15975.0,16000.0,15520.0,15565.0,178558,117590,,15755.0,15925.0,AL
23,AL2102,2020-12-29,15590.0,15665.0,15295.0,15365.0,211075,116697,,15475.0,15755.0,AL
23,AL2102,2020-12-30,15410.0,15575.0,15325.0,15490.0,176995,113464,,15475.0,15475.0,AL
23,AL2102,2020-12-31,15530.0,15595.0,15380.0,15460.0,155479,112085,,15475.0,15475.0,AL
23,AL2102,2021-01-04,15430.0,15460.0,15180.0,15430.0,130932,115841,,15300.0,15475.0,AL
23,AL2102,2021-01-05,15470.0,15570.0,15300.0,15370.0,151010,116640,,15455.0,15300.0,AL
23,AL2102,2021-01-06,15425.0,15490.0,15275.0,15400.0,133705,117458,,15395.0,15455.0,AL
23,AL2102,2021-01-07,15445.0,15460.0,15160.0,15320.0,162494,115837,,15305.0,15395.0,AL
23,AL2102,2021-01-08,15285.0,15630.0,15210.0,15340.0,204489,111591,,15420.0,15305.0,AL
23,AL2102,2021-01-11,15385.0,15415.0,14975.0,15010.0,194965,110112,,15160.0,15420.0,AL
23,AL2102,2021-01-12,15070.0,15080.0,14770.0,14955.0,157396,106166,,14920.0,15160.0,AL
23,AL2102,2021-01-13,14955.0,14995.0,14715.0,14755.0,147153,107083,,14855.0,14920.0,AL
23,AL2102,2021-01-14,14725.0,14880.0,14600.0,14795.0,135802,103423,,14720.0,14855.0,AL
24,AL2103,2021-01-15,14765.0,14965.0,14740.0,14875.0,117730,138515,,14860.0,14740.0,AL
24,AL2103,2021-01-18,14800.0,15045.0,14750.0,14940.0,157664,144865,,14930.0,14860.0,AL
24,AL2103,2021-01-19,14925.0,14970.0,14720.0,14745.0,160403,147752,,14825.0,14930.0,AL
24,AL2103,2021-01-20,14745.0,14865.0,14635.0,14805.0,159445,152232,,14725.0,14825.0,AL
24,AL2103,2021-01-21,14770.0,15040.0,14710.0,14975.0,179953,164462,,14890.0,14725.0,AL
24,AL2103,2021-01-22,14975.0,15155.0,14780.0,14905.0,201780,155111,,14970.0,14890.0,AL
24,AL2103,2021-01-25,14840.0,15120.0,14760.0,14945.0,211119,159837,,14960.0,14970.0,AL
24,AL2103,2021-01-26,14980.0,15030.0,14775.0,14845.0,157253,164626,,14880.0,14960.0,AL
24,AL2103,2021-01-27,14870.0,14930.0,14825.0,14885.0,127822,169560,,14875.0,14880.0,AL
24,AL2103,2021-01-28,14830.0,14910.0,14740.0,14815.0,208964,164641,,14810.0,14875.0,AL
24,AL2103,2021-01-29,14830.0,15025.0,14815.0,15005.0,220410,164633,,14930.0,14810.0,AL
24,AL2103,2021-02-01,15000.0,15465.0,14950.0,15260.0,247478,174047,,15200.0,14930.0,AL
24,AL2103,2021-02-02,15245.0,15290.0,14895.0,14945.0,201240,165232,,15095.0,15200.0,AL
24,AL2103,2021-02-03,14980.0,15070.0,14920.0,14965.0,142647,167214,,14985.0,15095.0,AL
24,AL2103,2021-02-04,14970.0,15350.0,14955.0,15280.0,192686,168558,,15175.0,14985.0,AL
24,AL2103,2021-02-05,15230.0,15600.0,15230.0,15555.0,200609,174710,,15455.0,15175.0,AL
24,AL2103,2021-02-08,15630.0,15820.0,15540.0,15780.0,176832,171227,,15675.0,15455.0,AL
24,AL2103,2021-02-09,15810.0,15960.0,15735.0,15865.0,165345,158397,,15850.0,15675.0,AL
24,AL2103,2021-02-10,15865.0,15950.0,15760.0,15900.0,150061,151166,,15860.0,15850.0,AL
24,AL2103,2021-02-18,16025.0,16560.0,16025.0,16510.0,112248,147101,,16350.0,15860.0,AL
25,AL2104,2021-02-19,16680.0,16680.0,16385.0,16490.0,152538,190833,,16525.0,16345.0,AL
25,AL2104,2021-02-22,16545.0,16965.0,16455.0,16735.0,323511,213047,,16690.0,16525.0,AL
25,AL2104,2021-02-23,16735.0,16855.0,16565.0,16690.0,272612,209647,,16710.0,16690.0,AL
25,AL2104,2021-02-24,16630.0,16820.0,16520.0,16630.0,235683,208263,,16640.0,16710.0,AL
25,AL2104,2021-02-25,16670.0,17635.0,16670.0,17480.0,439824,225681,,17230.0,16640.0,AL
25,AL2104,2021-02-26,17450.0,17695.0,17010.0,17465.0,472973,216438,,17400.0,17230.0,AL
25,AL2104,2021-03-01,17325.0,17350.0,16845.0,17020.0,422687,194587,,17085.0,17400.0,AL
25,AL2104,2021-03-02,17060.0,17155.0,16745.0,16890.0,272552,190051,,16935.0,17085.0,AL
25,AL2104,2021-03-03,17250.0,17650.0,17115.0,17640.0,402630,206572,,17415.0,16935.0,AL
25,AL2104,2021-03-04,17570.0,17870.0,17110.0,17130.0,436036,203818,,17540.0,17415.0,AL
25,AL2104,2021-03-05,17225.0,17435.0,17010.0,17245.0,387498,198650,,17230.0,17540.0,AL
25,AL2104,2021-03-08,17315.0,17545.0,17170.0,17260.0,272107,192979,,17360.0,17230.0,AL
25,AL2104,2021-03-09,17230.0,17385.0,16960.0,16990.0,259953,185646,,17195.0,17360.0,AL
25,AL2104,2021-03-10,17050.0,17385.0,16870.0,17185.0,245062,184914,,17090.0,17195.0,AL
25,AL2104,2021-03-11,17160.0,17630.0,17145.0,17530.0,236137,192804,,17355.0,17090.0,AL
25,AL2104,2021-03-12,17520.0,17570.0,17145.0,17310.0,217527,182802,,17370.0,17355.0,AL
26,AL2105,2021-03-15,17245.0,17770.0,17145.0,17605.0,262764,236949,,17490.0,17305.0,AL
25,AL2105,2021-03-16,17680.0,17955.0,17560.0,17575.0,404273,254083,,17785.0,17490.0,AL
25,AL2105,2021-03-17,17510.0,17725.0,17500.0,17710.0,255193,259093,,17620.0,17785.0,AL
25,AL2105,2021-03-18,17850.0,17930.0,17415.0,17475.0,352965,254945,,17690.0,17620.0,AL
25,AL2105,2021-03-19,17475.0,17535.0,17295.0,17415.0,318942,232436,,17410.0,17690.0,AL
25,AL2105,2021-03-22,17520.0,17725.0,17350.0,17535.0,335915,240775,,17535.0,17410.0,AL
25,AL2105,2021-03-23,17650.0,17715.0,16480.0,17085.0,628386,224586,,17160.0,17535.0,AL
25,AL2105,2021-03-24,17075.0,17135.0,16965.0,17075.0,266994,218522,,17060.0,17160.0,AL
25,AL2105,2021-03-25,17275.0,17300.0,17030.0,17060.0,260925,217402,,17160.0,17060.0,AL
25,AL2105,2021-03-26,17060.0,17460.0,16990.0,17420.0,318843,221499,,17235.0,17160.0,AL
25,AL2105,2021-03-29,17455.0,17615.0,17280.0,17405.0,271820,219710,,17450.0,17235.0,AL
25,AL2105,2021-03-30,17330.0,17490.0,17295.0,17345.0,176344,214173,,17385.0,17450.0,AL
25,AL2105,2021-03-31,17235.0,17275.0,17065.0,17155.0,245136,201819,,17185.0,17385.0,AL
25,AL2105,2021-04-01,17160.0,17495.0,17065.0,17400.0,264995,204533,,17280.0,17185.0,AL
25,AL2105,2021-04-02,17400.0,17595.0,17360.0,17515.0,269652,201099,,17475.0,17280.0,AL
25,AL2105,2021-04-06,17620.0,17650.0,17445.0,17515.0,121019,197427,,17540.0,17475.0,AL
25,AL2105,2021-04-07,17515.0,17595.0,17370.0,17460.0,160585,194130,,17480.0,17540.0,AL
25,AL2105,2021-04-08,17455.0,17550.0,17405.0,17525.0,157393,190383,,17490.0,17480.0,AL
25,AL2105,2021-04-09,17555.0,17595.0,17450.0,17485.0,161129,186313,,17510.0,17490.0,AL
25,AL2105,2021-04-12,17485.0,17595.0,17265.0,17395.0,236460,178112,,17415.0,17510.0,AL
25,AL2105,2021-04-13,17455.0,17820.0,17360.0,17740.0,272854,191679,,17575.0,17415.0,AL
25,AL2105,2021-04-14,17740.0,18045.0,17625.0,17895.0,265042,191385,,17825.0,17575.0,AL
25,AL2105,2021-04-15,17880.0,18360.0,17860.0,18320.0,264569,197975,,18080.0,17825.0,AL
24,AL2105,2021-04-16,18345.0,18460.0,17905.0,18005.0,356690,171076,,18210.0,18080.0,AL
24,AL2105,2021-04-19,18000.0,18270.0,17920.0,18220.0,222659,163228,,18075.0,18210.0,AL
24,AL2105,2021-04-20,18180.0,18295.0,18040.0,18095.0,175228,148997,,18135.0,18075.0,AL
25,AL2106,2021-04-21,18005.0,18100.0,17870.0,18000.0,233006,251342,,17990.0,18130.0,AL
25,AL2106,2021-04-22,18090.0,18315.0,18015.0,18100.0,353272,271070,,18175.0,17990.0,AL
25,AL2106,2021-04-23,18160.0,18425.0,18105.0,18355.0,328487,298682,,18255.0,18175.0,AL
25,AL2106,2021-04-26,18355.0,18490.0,18150.0,18360.0,313398,295671,,18345.0,18255.0,AL
25,AL2106,2021-04-27,18460.0,18655.0,18390.0,18605.0,355099,298607,,18525.0,18345.0,AL
25,AL2106,2021-04-28,18505.0,18530.0,18310.0,18480.0,282612,283065,,18435.0,18525.0,AL
25,AL2106,2021-04-29,18505.0,19000.0,18450.0,18865.0,385787,287359,,18740.0,18435.0,AL
25,AL2106,2021-04-30,18835.0,19015.0,18760.0,18990.0,375358,274732,,18885.0,18740.0,AL
25,AL2106,2021-05-06,19080.0,19450.0,19080.0,19385.0,258358,281809,,19290.0,18885.0,AL
25,AL2106,2021-05-07,19455.0,19945.0,19385.0,19855.0,366708,271321,,19695.0,19290.0,AL
25,AL2106,2021-05-10,19800.0,20445.0,19795.0,20420.0,498751,253068,,20090.0,19695.0,AL
25,AL2106,2021-05-11,20400.0,20400.0,19410.0,19945.0,564612,221148,,19935.0,20090.0,AL
25,AL2106,2021-05-12,20025.0,20065.0,19810.0,19985.0,384193,213760,,19935.0,19935.0,AL
25,AL2106,2021-05-13,19685.0,19910.0,19545.0,19675.0,454521,197397,,19715.0,19935.0,AL
25,AL2106,2021-05-14,19575.0,19740.0,18880.0,19315.0,487177,179222,,19430.0,19715.0,AL
25,AL2106,2021-05-17,19375.0,19880.0,19360.0,19700.0,348960,170452,,19625.0,19430.0,AL
24,AL2106,2021-05-18,19695.0,19890.0,19580.0,19715.0,251542,150633,,19740.0,19625.0,AL
24,AL2106,2021-05-19,19610.0,19745.0,19220.0,19290.0,254084,131384,,19505.0,19740.0,AL
25,AL2107,2021-05-20,19210.0,19235.0,18800.0,19140.0,308467,233001,,19045.0,19500.0,AL
25,AL2107,2021-05-21,19100.0,19140.0,18390.0,18710.0,502243,244365,,18765.0,19045.0,AL
25,AL2107,2021-05-24,19120.0,19180.0,17935.0,18105.0,638205,235331,,18415.0,18765.0,AL
25,AL2107,2021-05-25,18130.0,18470.0,18110.0,18370.0,315186,228288,,18330.0,18415.0,AL
25,AL2107,2021-05-26,18310.0,18430.0,18155.0,18210.0,248772,219367,,18295.0,18330.0,AL
25,AL2107,2021-05-27,18280.0,18615.0,18235.0,18480.0,288207,221380,,18400.0,18295.0,AL
25,AL2107,2021-05-28,18480.0,18950.0,18475.0,18670.0,337570,212769,,18730.0,18400.0,AL
25,AL2107,2021-05-31,18595.0,19020.0,18565.0,18825.0,394037,210172,,18820.0,18730.0,AL
25,AL2107,2021-06-01,18800.0,18925.0,18650.0,18875.0,248361,209652,,18760.0,18820.0,AL
25,AL2107,2021-06-02,18835.0,18870.0,18535.0,18605.0,323874,206512,,18680.0,18760.0,AL
25,AL2107,2021-06-03,18570.0,18720.0,18340.0,18425.0,351347,205880,,18520.0,18680.0,AL
25,AL2107,2021-06-04,18330.0,18425.0,18205.0,18280.0,325055,202421,,18300.0,18520.0,AL
25,AL2107,2021-06-07,18455.0,18650.0,18300.0,18435.0,267640,197783,,18460.0,18300.0,AL
25,AL2107,2021-06-08,18390.0,18520.0,18220.0,18260.0,240759,193041,,18365.0,18460.0,AL
25,AL2107,2021-06-09,18270.0,18465.0,18265.0,18390.0,188441,191341,,18375.0,18365.0,AL
25,AL2107,2021-06-10,18450.0,18640.0,18360.0,18440.0,258818,186440,,18510.0,18375.0,AL
25,AL2107,2021-06-11,18440.0,19200.0,18370.0,19195.0,383131,197942,,18835.0,18510.0,AL
25,AL2107,2021-06-15,19170.0,19170.0,18745.0,18945.0,198840,187940,,18935.0,18835.0,AL
24,AL2107,2021-06-16,18915.0,18975.0,18465.0,18590.0,253924,167288,,18735.0,18935.0,AL
24,AL2107,2021-06-17,18650.0,18880.0,18585.0,18690.0,268365,160044,,18725.0,18735.0,AL
24,AL2107,2021-06-18,18465.0,18580.0,18370.0,18380.0,271461,139525,,18470.0,18725.0,AL
24,AL2107,2021-06-21,18350.0,18460.0,18235.0,18280.0,229064,123800,,18335.0,18470.0,AL
24,AL2107,2021-06-22,18300.0,18680.0,18295.0,18625.0,175073,111730,,18500.0,18335.0,AL
25,AL2108,2021-06-23,18600.0,18810.0,18565.0,18705.0,175717,197310,,18715.0,18495.0,AL
25,AL2108,2021-06-24,18705.0,18930.0,18550.0,18645.0,225416,207237,,18745.0,18715.0,AL
25,AL2108,2021-06-25,18730.0,18980.0,18665.0,18930.0,224525,226970,,18825.0,18745.0,AL
25,AL2108,2021-06-28,18980.0,19075.0,18760.0,18895.0,244721,227843,,18925.0,18825.0,AL
25,AL2108,2021-06-29,18875.0,18990.0,18750.0,18820.0,202661,217312,,18855.0,18925.0,AL
25,AL2108,2021-06-30,18850.0,18940.0,18725.0,18800.0,180887,212234,,18830.0,18855.0,AL
25,AL2108,2021-07-01,18780.0,18985.0,18585.0,18615.0,241732,209130,,18770.0,18830.0,AL
25,AL2108,2021-07-02,18615.0,18880.0,18550.0,18880.0,214892,206030,,18700.0,18770.0,AL
25,AL2108,2021-07-05,18905.0,19350.0,18865.0,19255.0,303022,237245,,19085.0,18700.0,AL
25,AL2108,2021-07-06,19285.0,19285.0,19080.0,19130.0,165410,236540,,19160.0,19085.0,AL
25,AL2108,2021-07-07,19130.0,19150.0,18780.0,18930.0,293882,211065,,18895.0,19160.0,AL
25,AL2108,2021-07-08,18905.0,18970.0,18710.0,18755.0,192341,201819,,18815.0,18895.0,AL
25,AL2108,2021-07-09,18705.0,18900.0,18655.0,18875.0,170385,197832,,18800.0,18815.0,AL
25,AL2108,2021-07-12,19005.0,19195.0,18980.0,19040.0,248049,201294,,19085.0,18800.0,AL
25,AL2108,2021-07-13,18950.0,19300.0,18940.0,19235.0,209562,214284,,19180.0,19085.0,AL
25,AL2108,2021-07-14,19175.0,19515.0,19110.0,19510.0,227653,221591,,19260.0,19180.0,AL
25,AL2108,2021-07-15,19510.0,19510.0,19195.0,19395.0,201244,217609,,19345.0,19260.0,AL
24,AL2108,2021-07-16,19260.0,19605.0,19260.0,19470.0,205679,215756,,19495.0,19345.0,AL
24,AL2108,2021-07-19,19470.0,19530.0,19240.0,19275.0,180542,193213,,19370.0,19495.0,AL
24,AL2108,2021-07-20,19100.0,19150.0,18955.0,19075.0,217662,155823,,19045.0,19370.0,AL
25,AL2109,2021-07-21,19090.0,19260.0,18860.0,18885.0,213900,225555,,19035.0,19060.0,AL
25,AL2109,2021-07-22,18905.0,19195.0,18900.0,19135.0,213511,231933,,19110.0,19035.0,AL
25,AL2109,2021-07-23,19235.0,19480.0,19180.0,19360.0,213143,253583,,19330.0,19110.0,AL
25,AL2109,2021-07-26,19450.0,19750.0,19375.0,19550.0,254220,286679,,19560.0,19330.0,AL
25,AL2109,2021-07-27,19625.0,19765.0,19465.0,19540.0,233317,286672,,19625.0,19560.0,AL
25,AL2109,2021-07-28,19550.0,19575.0,19335.0,19370.0,213238,261995,2074502.0525,19455.0,19625.0,AL
25,AL2109,2021-07-29,19450.0,19695.0,19450.0,19680.0,225434,260037,2206373.0075,19570.0,19455.0,AL
25,AL2109,2021-07-30,19750.0,20105.0,19710.0,20085.0,290528,288737,2891858.1075,19905.0,19570.0,AL
25,AL2109,2021-08-02,20150.0,20190.0,19820.0,19955.0,294182,279915,2936424.4025,19960.0,19905.0,AL
25,AL2109,2021-08-03,20040.0,20045.0,19680.0,19735.0,205738,257325,2041216.7725,19840.0,19960.0,AL
25,AL2109,2021-08-04,19700.0,19820.0,19670.0,19780.0,157382,251592,1554342.1175,19750.0,19840.0,AL
25,AL2109,2021-08-05,19735.0,19850.0,19620.0,19765.0,203843,245391,2009403.0275,19715.0,19750.0,AL
25,AL2109,2021-08-06,19775.0,20005.0,19740.0,19925.0,176745,253096,1756665.8425,19875.0,19715.0,AL
25,AL2109,2021-08-09,19985.0,20060.0,19805.0,19910.0,212055,251959,2112356.7125,19920.0,19875.0,AL
25,AL2109,2021-08-10,19755.0,19970.0,19755.0,19950.0,158072,244926,1570017.5875,19860.0,19920.0,AL
25,AL2109,2021-08-11,20020.0,20245.0,19970.0,20110.0,250586,263933,2520417.6925,20115.0,19860.0,AL
25,AL2109,2021-08-12,20110.0,20190.0,20055.0,20090.0,146532,257856,1473706.6825,20110.0,20115.0,AL
25,AL2109,2021-08-13,20090.0,20135.0,19920.0,20130.0,184147,245711,1844092.4325,20025.0,20110.0,AL
25,AL2109,2021-08-16,20160.0,20415.0,20105.0,20150.0,250822,238854,2539247.7875,20245.0,20025.0,AL
24,AL2109,2021-08-17,20175.0,20575.0,20135.0,20515.0,238020,235660,2422439.9025,20350.0,20245.0,AL
24,AL2109,2021-08-18,20450.0,20450.0,20000.0,20190.0,266097,194199,2700474.635,20295.0,20350.0,AL
24,AL2109,2021-08-19,20215.0,20270.0,19900.0,19955.0,265076,153468,2655209.1225,20030.0,20295.0,AL
25,AL2110,2021-08-20,19805.0,20180.0,19650.0,20110.0,220649,232214,2204089.19,19975.0,20040.0,AL
25,AL2110,2021-08-23,20110.0,20540.0,20070.0,20390.0,335074,279368,3402033.0075,20305.0,19975.0,AL
25,AL2110,2021-08-24,20420.0,20510.0,20305.0,20425.0,223162,294982,2277601.1625,20410.0,20305.0,AL
25,AL2110,2021-08-25,20490.0,20705.0,20430.0,20600.0,313342,313025,3225937.855,20590.0,20410.0,AL
25,AL2110,2021-08-26,20600.0,20680.0,20380.0,20415.0,229430,307442,2354529.3925,20525.0,20590.0,AL
25,AL2110,2021-08-27,20485.0,20910.0,20460.0,20890.0,386435,346139,3997161.395,20685.0,20525.0,AL
25,AL2110,2021-08-30,20950.0,21550.0,20805.0,21495.0,601904,355280,6362153.9875,21140.0,20685.0,AL
25,AL2110,2021-08-31,21430.0,21500.0,21195.0,21385.0,364119,337364,3883056.3175,21325.0,21140.0,AL
25,AL2110,2021-09-01,21305.0,21340.0,21050.0,21075.0,371785,310858,3935916.3975,21170.0,21325.0,AL
25,AL2110,2021-09-02,21055.0,21490.0,20910.0,21460.0,330929,310483,3508123.1125,21200.0,21170.0,AL
25,AL2110,2021-09-03,21290.0,21390.0,21225.0,21255.0,241525,294860,2572108.045,21295.0,21200.0,AL
25,AL2110,2021-09-06,21370.0,21980.0,21300.0,21730.0,386986,298173,4187026.385,21635.0,21295.0,AL
25,AL2110,2021-09-07,21675.0,21845.0,21620.0,21730.0,228649,286028,2484651.05,21730.0,21635.0,AL
25,AL2110,2021-09-08,21725.0,22075.0,21675.0,21935.0,263053,293544,2871720.095,21830.0,21730.0,AL
25,AL2110,2021-09-09,21950.0,22535.0,21950.0,22475.0,374792,292263,4168282.75,22240.0,21830.0,AL
25,AL2110,2021-09-10,22400.0,22890.0,22365.0,22670.0,388547,271924,4394927.8425,22620.0,22240.0,AL
25,AL2110,2021-09-13,22725.0,23895.0,22725.0,23610.0,661439,233793,7729071.2125,23370.0,22620.0,AL
25,AL2110,2021-09-14,23505.0,23530.0,22235.0,22320.0,673595,186181,7673187.255,22780.0,23370.0,AL
25,AL2110,2021-09-15,22500.0,22640.0,21920.0,22495.0,547402,159636,6099264.7875,22280.0,22780.0,AL
24,AL2110,2021-09-16,22570.0,23035.0,22175.0,22495.0,481112,145177,5453718.675,22670.0,22280.0,AL
24,AL2110,2021-09-17,22530.0,22805.0,22425.0,22610.0,292113,131485,3304411.815,22620.0,22670.0,AL
25,AL2111,2021-09-22,22400.0,23290.0,22350.0,23080.0,293586,282865,3360647.165,22890.0,22615.0,AL
25,AL2111,2021-09-23,23135.0,23565.0,23135.0,23500.0,404685,306776,4728930.325,23370.0,22890.0,AL
25,AL2111,2021-09-24,23565.0,23635.0,22745.0,23100.0,540532,292965,6268752.2,23190.0,23370.0,AL
25,AL2111,2021-09-27,23135.0,23240.0,22645.0,22725.0,539043,282315,6188478.785,22960.0,23190.0,AL
25,AL2111,2021-09-28,22800.0,22830.0,22450.0,22680.0,364554,277449,4125771.2175,22630.0,22960.0,AL
25,AL2111,2021-09-29,22725.0,23200.0,22665.0,22820.0,500832,277305,5734892.2525,22900.0,22630.0,AL
25,AL2111,2021-09-30,22970.0,22970.0,22380.0,22565.0,347186,242075,3941136.905,22700.0,22900.0,AL
25,AL2111,2021-10-08,22905.0,23290.0,22640.0,22755.0,303337,235914,3477051.2425,22925.0,22700.0,AL
25,AL2111,2021-10-11,22800.0,23385.0,22750.0,23105.0,391685,228799,4511761.0825,23035.0,22925.0,AL
25,AL2111,2021-10-12,23300.0,23685.0,23160.0,23495.0,410981,220274,4811125.675,23410.0,23035.0,AL
25,AL2111,2021-10-13,23670.0,24165.0,22950.0,23600.0,585231,208811,6938303.92,23710.0,23410.0,AL
25,AL2111,2021-10-14,23785.0,23880.0,23025.0,23615.0,516330,192435,6057781.51,23460.0,23710.0,AL
25,AL2111,2021-10-15,23880.0,24420.0,23330.0,24355.0,517134,191307,6150900.9775,23785.0,23460.0,AL
24,AL2111,2021-10-18,24540.0,24765.0,23815.0,24695.0,550060,172376,6687026.8025,24310.0,23785.0,AL
24,AL2111,2021-10-19,24680.0,24680.0,24105.0,24340.0,353176,155841,4296549.5025,24330.0,24310.0,AL
25,AL2112,2021-10-20,24210.0,24235.0,22450.0,22855.0,638282,222125,7484614.2425,23450.0,24385.0,AL
25,AL2112,2021-10-21,22960.0,23620.0,22725.0,22910.0,570253,226237,6635831.2925,23270.0,23450.0,AL
25,AL2112,2021-10-22,22600.0,22945.0,21405.0,21580.0,816330,211081,8984113.3675,22010.0,23270.0,AL
25,AL2112,2021-10-25,21855.0,22000.0,20515.0,21665.0,846709,205809,9096810.9825,21485.0,22010.0,AL
25,AL2112,2021-10-26,21595.0,21675.0,20710.0,21250.0,700987,209231,7399747.27,21110.0,21485.0,AL
25,AL2112,2021-10-27,21115.0,21375.0,20065.0,20135.0,900763,220909,9360399.115,20780.0,21110.0,AL
25,AL2112,2021-10-28,20000.0,20360.0,19200.0,19920.0,992827,206536,9785467.975,19710.0,20780.0,AL
25,AL2112,2021-10-29,20100.0,20565.0,19555.0,19870.0,870756,223012,8812014.53,20235.0,19710.0,AL
25,AL2112,2021-11-01,19650.0,20495.0,19550.0,20025.0,767220,214640,7692092.92,20050.0,20235.0,AL
25,AL2112,2021-11-02,20085.0,20340.0,19470.0,20095.0,496288,213173,4972290.53,20035.0,20050.0,AL
25,AL2112,2021-11-03,20045.0,20480.0,19875.0,20375.0,338016,208717,3398000.275,20105.0,20035.0,AL
25,AL2112,2021-11-04,20275.0,20355.0,19680.0,19780.0,357922,215981,3572904.56,19960.0,20105.0,AL
25,AL2112,2021-11-05,19780.0,19815.0,18470.0,18680.0,541161,217320,5124043.58,18935.0,19960.0,AL
25,AL2112,2021-11-08,18685.0,19200.0,18575.0,18980.0,374538,199829,3549934.805,18955.0,18935.0,AL
25,AL2112,2021-11-09,19055.0,19265.0,18760.0,19005.0,244554,192395,2329314.4325,19045.0,18955.0,AL
25,AL2112,2021-11-10,19030.0,19060.0,18550.0,18895.0,317051,194232,2976028.8,18770.0,19045.0,AL
26,AL2201,2021-11-11,18920.0,19560.0,18750.0,19415.0,286551,157775,2740842.9625,19125.0,18795.0,AL
26,AL2201,2021-11-12,19585.0,19685.0,19315.0,19350.0,275036,165879,2680733.925,19490.0,19125.0,AL
26,AL2201,2021-11-15,19560.0,19730.0,19230.0,19240.0,347551,178109,3380334.1525,19450.0,19490.0,AL
25,AL2201,2021-11-16,19310.0,19350.0,18635.0,18705.0,504327,218093,4789777.0625,18990.0,19450.0,AL
25,AL2201,2021-11-17,18600.0,18760.0,18280.0,18645.0,492697,235870,4567911.99,18540.0,18990.0,AL
25,AL2201,2021-11-18,18700.0,18830.0,18320.0,18475.0,386065,236229,3587172.5375,18580.0,18540.0,AL
25,AL2201,2021-11-19,18475.0,19310.0,18230.0,19205.0,623458,227450,5846783.545,18755.0,18580.0,AL
25,AL2201,2021-11-22,18965.0,19400.0,18940.0,19095.0,394513,220137,3778398.485,19150.0,18755.0,AL
25,AL2201,2021-11-23,19050.0,19400.0,18975.0,19135.0,392617,214750,3766316.465,19185.0,19150.0,AL
25,AL2201,2021-11-24,19135.0,19350.0,19050.0,19250.0,370492,208194,3559061.495,19210.0,19185.0,AL
25,AL2201,2021-11-25,19320.0,19575.0,19280.0,19560.0,393630,216545,3824863.97,19430.0,19210.0,AL
25,AL2201,2021-11-26,19595.0,19645.0,18910.0,18960.0,406250,213580,3917116.705,19280.0,19430.0,AL
25,AL2201,2021-11-29,18800.0,19190.0,18625.0,19015.0,441093,204811,4161779.495,18870.0,19280.0,AL
25,AL2201,2021-11-30,19015.0,19250.0,18750.0,18905.0,389118,203468,3696509.6775,18995.0,18870.0,AL
25,AL2201,2021-12-01,18955.0,19195.0,18825.0,19120.0,378349,195647,3594835.21,19000.0,18995.0,AL
25,AL2201,2021-12-02,19120.0,19185.0,18725.0,18765.0,409057,199787,3864192.1025,18890.0,19000.0,AL
25,AL2201,2021-12-03,18840.0,19055.0,18580.0,18975.0,416167,191546,3911526.78,18795.0,18890.0,AL
25,AL2201,2021-12-06,18925.0,19075.0,18605.0,18710.0,352382,191461,3327390.07,18885.0,18795.0,AL
25,AL2201,2021-12-07,18770.0,18900.0,18660.0,18790.0,273965,187351,2569303.255,18755.0,18885.0,AL
25,AL2201,2021-12-08,18815.0,18945.0,18720.0,18870.0,277806,178045,2619546.035,18855.0,18755.0,AL
25,AL2201,2021-12-09,18900.0,18930.0,18700.0,18770.0,297889,178689,2800251.7875,18800.0,18855.0,AL
25,AL2201,2021-12-10,18800.0,18990.0,18690.0,18900.0,290041,170222,2730876.52,18830.0,18800.0,AL
25,AL2201,2021-12-13,18825.0,19250.0,18710.0,19220.0,383445,173991,3622947.24,18895.0,18830.0,AL
25,AL2201,2021-12-14,19200.0,19315.0,19120.0,19210.0,258396,166367,2483828.815,19220.0,18895.0,AL
25,AL2201,2021-12-15,19135.0,19245.0,18950.0,18960.0,226034,151729,2159722.9025,19105.0,19220.0,AL
24,AL2201,2021-12-16,18945.0,19280.0,18870.0,19205.0,260594,135997,2483835.2375,19060.0,19105.0,AL
24,AL2201,2021-12-17,19215.0,19765.0,19215.0,19720.0,306287,135116,2984220.75,19485.0,19060.0,AL
24,AL2201,2021-12-20,19785.0,19845.0,19575.0,19605.0,261632,125699,2578715.47,19710.0,19485.0,AL
24,AL2201,2021-12-21,19505.0,19630.0,19440.0,19600.0,176427,115741,1724410.125,19545.0,19710.0,AL
25,AL2202,2021-12-22,19680.0,20100.0,19680.0,20080.0,285629,222880,2838011.2175,19870.0,19570.0,AL
25,AL2202,2021-12-23,20300.0,20390.0,20165.0,20315.0,333447,232640,3378728.625,20265.0,19870.0,AL
25,AL2202,2021-12-24,20240.0,20285.0,19990.0,20185.0,304206,227080,3066749.81,20160.0,20265.0,AL
25,AL2202,2021-12-27,20265.0,20275.0,19630.0,19665.0,352794,216425,3513029.6675,19915.0,20160.0,AL
25,AL2202,2021-12-28,19700.0,19880.0,19630.0,19860.0,214312,214526,2117783.0025,19760.0,19915.0,AL
25,AL2202,2021-12-29,19860.0,20005.0,19770.0,19910.0,231243,205118,2297881.07,19870.0,19760.0,AL
25,AL2202,2021-12-30,19990.0,20585.0,19940.0,20460.0,404583,220983,4100691.665,20270.0,19870.0,AL
25,AL2202,2021-12-31,20455.0,20525.0,20330.0,20380.0,261678,207785,2671978.99,20420.0,20270.0,AL
25,AL2202,2022-01-04,20500.0,20580.0,20075.0,20210.0,201670,200494,2041592.38,20245.0,20420.0,AL
25,AL2202,2022-01-05,20300.0,20430.0,20120.0,20380.0,235341,203628,2387040.8,20285.0,20245.0,AL
25,AL2202,2022-01-06,20465.0,20835.0,20460.0,20685.0,306423,213019,3164357.145,20650.0,20285.0,AL
25,AL2202,2022-01-07,20805.0,21405.0,20685.0,21130.0,372062,204166,3906900.015,21000.0,20650.0,AL
25,AL2202,2022-01-10,21100.0,21260.0,20950.0,21225.0,228777,190949,2411770.1475,21080.0,21000.0,AL
25,AL2202,2022-01-11,21225.0,21600.0,21120.0,21495.0,245157,192678,2622065.9525,21390.0,21080.0,AL
25,AL2202,2022-01-12,21550.0,21795.0,21515.0,21605.0,262298,184594,2839769.49,21650.0,21390.0,AL
25,AL2202,2022-01-13,21665.0,21930.0,21205.0,21375.0,349329,172849,3770286.7875,21585.0,21650.0,AL
25,AL2202,2022-01-14,21515.0,21540.0,20980.0,21160.0,277556,154949,2946862.0525,21230.0,21585.0,AL
25,AL2202,2022-01-17,21230.0,21315.0,20860.0,21125.0,275774,144673,2905554.7025,21070.0,21230.0,AL
24,AL2202,2022-01-18,21060.0,21365.0,21015.0,21290.0,186465,139734,1972366.3125,21155.0,21070.0,AL
25,AL2203,2022-01-19,21250.0,21690.0,21235.0,21555.0,211100,221867,2270333.03,21505.0,21195.0,AL
25,AL2203,2022-01-20,21660.0,21820.0,21220.0,21485.0,336253,214566,3613204.4875,21490.0,21505.0,AL
25,AL2203,2022-01-21,21600.0,21805.0,21280.0,21430.0,342074,217675,3682185.155,21525.0,21490.0,AL
25,AL2203,2022-01-24,21310.0,21600.0,20920.0,21025.0,353215,210546,3744193.4525,21200.0,21525.0,AL
25,AL2203,2022-01-25,21040.0,21280.0,20995.0,21055.0,288211,206797,3045007.27,21130.0,21200.0,AL
25,AL2203,2022-01-26,21190.0,21640.0,21115.0,21525.0,326679,216408,3506283.6625,21465.0,21130.0,AL
25,AL2203,2022-01-27,21460.0,21680.0,21360.0,21540.0,264536,204722,2845498.2875,21510.0,21465.0,AL
25,AL2203,2022-01-28,21515.0,21950.0,21480.0,21950.0,234613,203307,2538066.19,21635.0,21510.0,AL
25,AL2203,2022-02-07,21920.0,22335.0,21885.0,22290.0,181051,207118,2007387.0675,22170.0,21635.0,AL
25,AL2203,2022-02-08,22250.0,22770.0,21935.0,22685.0,316265,208232,3531520.55,22330.0,22170.0,AL
25,AL2203,2022-02-09,22730.0,22955.0,22605.0,22870.0,326507,207957,3723004.2,22805.0,22330.0,AL
25,AL2203,2022-02-10,22975.0,23415.0,22925.0,23290.0,349869,210343,4066126.1275,23240.0,22805.0,AL
25,AL2203,2022-02-11,23300.0,23365.0,22610.0,22670.0,392640,192635,4510442.7675,22970.0,23240.0,AL
25,AL2203,2022-02-14,22670.0,22830.0,22185.0,22715.0,343775,183038,3875149.5525,22540.0,22970.0,AL
25,AL2203,2022-02-15,22715.0,22790.0,22315.0,22685.0,310000,177453,3498796.5125,22570.0,22540.0,AL
24,AL2203,2022-02-16,22645.0,22690.0,22360.0,22615.0,199275,170162,2243844.605,22520.0,22570.0,AL
24,AL2203,2022-02-17,22745.0,22780.0,22565.0,22585.0,190515,160667,2159365.3425,22665.0,22520.0,AL
24,AL2203,2022-02-18,22620.0,22890.0,22570.0,22840.0,239856,154377,2727434.0025,22740.0,22665.0,AL
24,AL2203,2022-02-21,22760.0,22785.0,22450.0,22595.0,218956,138649,2474268.68,22600.0,22740.0,AL
25,AL2204,2022-02-22,22610.0,23140.0,22595.0,22930.0,299133,203494,3424481.6275,22895.0,22585.0,AL
25,AL2204,2022-02-23,23045.0,23090.0,22730.0,22805.0,324814,219978,3717643.3175,22890.0,22895.0,AL
25,AL2204,2022-02-24,22680.0,23240.0,22620.0,22950.0,400458,232269,4573853.8175,22840.0,22890.0,AL
25,AL2204,2022-02-25,23190.0,23265.0,22450.0,22510.0,460141,219909,5254747.67,22835.0,22840.0,AL
25,AL2204,2022-02-28,22370.0,22915.0,22305.0,22855.0,326843,219170,3699206.3975,22635.0,22835.0,AL
25,AL2204,2022-03-01,22710.0,22760.0,22545.0,22730.0,231721,219263,2624591.5075,22650.0,22635.0,AL
25,AL2204,2022-03-02,22890.0,23025.0,22840.0,22955.0,273480,230936,3135085.875,22925.0,22650.0,AL
25,AL2204,2022-03-03,23200.0,23900.0,23080.0,23775.0,537275,245472,6315826.24,23510.0,22925.0,AL
25,AL2204,2022-03-04,23810.0,23870.0,23420.0,23570.0,388822,237749,4595322.2575,23635.0,23510.0,AL
25,AL2204,2022-03-07,23400.0,24255.0,23400.0,24020.0,431539,231811,5141891.5425,23830.0,23635.0,AL
25,AL2204,2022-03-08,24020.0,24020.0,22550.0,23105.0,758083,187950,8753633.355,23090.0,23830.0,AL
25,AL2204,2022-03-09,21200.0,22425.0,21085.0,21830.0,484953,174810,5320683.675,21940.0,23090.0,AL
25,AL2204,2022-03-10,21825.0,21825.0,21135.0,21735.0,378291,167867,4064043.3275,21485.0,21940.0,AL
25,AL2204,2022-03-11,22100.0,22100.0,21730.0,22035.0,253960,160879,2784132.175,21925.0,21485.0,AL
25,AL2204,2022-03-14,21880.0,22160.0,21720.0,21855.0,221513,150311,2426191.5525,21905.0,21925.0,AL
25,AL2204,2022-03-15,21800.0,21885.0,21565.0,21590.0,204671,140295,2223707.8825,21725.0,21905.0,AL
24,AL2204,2022-03-16,21235.0,22100.0,21235.0,21960.0,190317,129818,2063310.8975,21680.0,21725.0,AL
25,AL2205,2022-03-17,22005.0,22305.0,21890.0,22210.0,202770,182116,2241669.0875,22110.0,21700.0,AL
25,AL2205,2022-03-18,22225.0,22880.0,22225.0,22830.0,282252,216466,3188254.28,22590.0,22110.0,AL
25,AL2205,2022-03-21,22720.0,23300.0,22700.0,23105.0,289519,234847,3333762.38,23025.0,22590.0,AL
25,AL2205,2022-03-22,23105.0,23210.0,22790.0,22950.0,224255,238391,2581427.44,23020.0,23025.0,AL
25,AL2205,2022-03-23,23065.0,23145.0,22835.0,23085.0,210645,238252,2420793.4225,22980.0,23020.0,AL
25,AL2205,2022-03-24,23260.0,23465.0,23130.0,23190.0,243142,242634,2830684.6075,23280.0,22980.0,AL
25,AL2205,2022-03-25,23190.0,23235.0,22920.0,23090.0,256657,242986,2958902.4875,23055.0,23280.0,AL
25,AL2205,2022-03-28,23150.0,23185.0,22900.0,23030.0,252303,238259,2903176.715,23010.0,23055.0,AL
25,AL2205,2022-03-29,22960.0,23125.0,22925.0,22960.0,233218,225333,2683837.8725,23015.0,23010.0,AL
25,AL2205,2022-03-30,22410.0,22940.0,22360.0,22935.0,326163,216338,3698788.82,22680.0,23015.0,AL
25,AL2205,2022-03-31,22970.0,23030.0,22620.0,22730.0,209147,199522,2384600.62,22800.0,22680.0,AL
25,AL2205,2022-04-01,22730.0,22870.0,22620.0,22640.0,200652,196224,2281934.7225,22745.0,22800.0,AL
25,AL2205,2022-04-06,22735.0,22740.0,22500.0,22540.0,136679,195601,1544634.93,22600.0,22745.0,AL
25,AL2205,2022-04-07,22580.0,22620.0,21770.0,21815.0,293261,194567,3245518.085,22130.0,22600.0,AL
25,AL2205,2022-04-08,21450.0,21925.0,21450.0,21825.0,183295,186416,1997526.5425,21795.0,22130.0,AL
25,AL2205,2022-04-11,21810.0,21855.0,20840.0,21005.0,272073,189716,2901686.005,21330.0,21795.0,AL
25,AL2205,2022-04-12,20975.0,21160.0,20605.0,21070.0,280789,184396,2930686.975,20870.0,21330.0,AL
25,AL2205,2022-04-13,20860.0,21380.0,20860.0,21270.0,258659,177768,2734164.55,21140.0,20870.0,AL
25,AL2205,2022-04-14,21215.0,21535.0,21160.0,21440.0,191355,167560,2043730.76,21360.0,21140.0,AL
25,AL2205,2022-04-15,21495.0,21925.0,21440.0,21850.0,217955,156123,2369930.2,21745.0,21360.0,AL
24,AL2205,2022-04-18,21820.0,21910.0,21670.0,21840.0,162331,144897,1770121.88,21805.0,21745.0,AL
24,AL2205,2022-04-19,21895.0,22200.0,21885.0,21920.0,183854,130305,2028441.3375,22065.0,21805.0,AL
25,AL2206,2022-04-20,21835.0,21895.0,21720.0,21800.0,163154,166992,1778570.25,21800.0,22065.0,AL
25,AL2206,2022-04-21,21710.0,22015.0,21710.0,21775.0,181051,182639,1978566.3275,21855.0,21800.0,AL
25,AL2206,2022-04-22,21950.0,21980.0,21825.0,21920.0,172978,185101,1894353.875,21900.0,21855.0,AL
25,AL2206,2022-04-25,21880.0,21880.0,20660.0,20700.0,500370,209982,5320761.285,21265.0,21900.0,AL
25,AL2206,2022-04-26,20600.0,21035.0,20295.0,20715.0,395818,211159,4089463.565,20660.0,21265.0,AL
25,AL2206,2022-04-27,20545.0,20830.0,20540.0,20765.0,302161,210972,3129525.735,20710.0,20660.0,AL
25,AL2206,2022-04-28,20800.0,21010.0,20710.0,20915.0,240541,202820,2508865.0675,20860.0,20710.0,AL
25,AL2206,2022-04-29,20855.0,20900.0,20725.0,20890.0,226923,193581,2362578.7325,20820.0,20860.0,AL
25,AL2206,2022-05-05,20800.0,21020.0,20460.0,20525.0,214081,203508,2217103.5125,20710.0,20820.0,AL
25,AL2206,2022-05-06,20400.0,20510.0,19985.0,20010.0,355388,205212,3601847.2125,20265.0,20710.0,AL
25,AL2206,2022-05-09,19880.0,19955.0,19575.0,19775.0,351807,202419,3478976.56,19775.0,20265.0,AL
25,AL2206,2022-05-10,19580.0,19935.0,19540.0,19845.0,357222,190555,3527578.72,19750.0,19775.0,AL
25,AL2206,2022-05-11,19710.0,20320.0,19710.0,20265.0,290496,185366,2908176.2875,20020.0,19750.0,AL
25,AL2206,2022-05-12,20150.0,20425.0,20005.0,20045.0,280707,183822,2840988.54,20240.0,20020.0,AL
25,AL2206,2022-05-13,19945.0,20335.0,19865.0,20305.0,292890,175103,2946972.6425,20120.0,20240.0,AL
25,AL2206,2022-05-16,20365.0,20810.0,20335.0,20555.0,342343,163333,3518427.8525,20550.0,20120.0,AL
24,AL2206,2022-05-17,20600.0,20690.0,20210.0,20300.0,218573,155794,2234559.3825,20445.0,20550.0,AL
24,AL2206,2022-05-18,20480.0,20530.0,20320.0,20360.0,180825,147161,1845103.1875,20405.0,20445.0,AL
24,AL2206,2022-05-19,20335.0,20670.0,20150.0,20560.0,265352,136202,2709551.8775,20420.0,20405.0,AL
24,AL2206,2022-05-20,20505.0,20930.0,20505.0,20820.0,219534,122453,2276510.9025,20735.0,20420.0,AL
24,AL2206,2022-05-23,20820.0,21030.0,20750.0,20870.0,190219,113705,1986209.285,20880.0,20735.0,AL
24,AL2206,2022-05-24,20870.0,20920.0,20455.0,20465.0,175537,100857,1809765.4475,20615.0,20880.0,AL
25,AL2207,2022-05-25,20365.0,20585.0,20330.0,20485.0,163889,167676,1674614.1425,20435.0,20600.0,AL
25,AL2207,2022-05-26,20435.0,20630.0,20405.0,20500.0,205614,171634,2110447.7625,20525.0,20435.0,AL
25,AL2207,2022-05-27,20635.0,20830.0,20555.0,20775.0,211520,181823,2191854.35,20720.0,20525.0,AL
25,AL2207,2022-05-30,20700.0,20850.0,20670.0,20765.0,181854,182387,1886694.4325,20745.0,20720.0,AL
25,AL2207,2022-05-31,20840.0,20895.0,20720.0,20795.0,148500,182704,1542792.65,20775.0,20745.0,AL
25,AL2207,2022-06-01,20650.0,20695.0,20030.0,20280.0,378926,186703,3849893.5475,20320.0,20775.0,AL
25,AL2207,2022-06-02,20200.0,20685.0,20160.0,20665.0,268191,173373,2738238.8575,20420.0,20320.0,AL
25,AL2207,2022-06-06,20695.0,21220.0,20685.0,20955.0,202287,180054,2117877.2125,20935.0,20420.0,AL
25,AL2207,2022-06-07,20955.0,20960.0,20700.0,20730.0,182183,175338,1898346.205,20835.0,20935.0,AL
25,AL2207,2022-06-08,20710.0,20880.0,20655.0,20755.0,215238,181567,2235725.2475,20770.0,20835.0,AL
25,AL2207,2022-06-09,20805.0,20995.0,20775.0,20845.0,177350,181135,1851065.905,20870.0,20770.0,AL
25,AL2207,2022-06-10,20695.0,20700.0,20490.0,20605.0,220022,162337,2263596.0225,20575.0,20870.0,AL
25,AL2207,2022-06-13,20480.0,20535.0,19915.0,19995.0,330007,168761,3335875.08,20215.0,20575.0,AL
25,AL2207,2022-06-14,19850.0,20110.0,19815.0,20005.0,250182,166901,2496532.22,19955.0,20215.0,AL
25,AL2207,2022-06-15,19890.0,20160.0,19710.0,19805.0,277379,165645,2762517.0,19915.0,19955.0,AL
24,AL2207,2022-06-16,19915.0,20250.0,19855.0,20005.0,247832,155126,2485657.625,20055.0,19915.0,AL
24,AL2207,2022-06-17,19820.0,19945.0,19445.0,19805.0,332565,150054,3272260.6575,19675.0,20055.0,AL
24,AL2207,2022-06-20,19760.0,19890.0,19500.0,19510.0,262584,136384,2585064.33,19685.0,19675.0,AL
24,AL2207,2022-06-21,19480.0,19880.0,19450.0,19780.0,236930,118182,2335592.2875,19715.0,19685.0,AL
24,AL2207,2022-06-22,19740.0,19955.0,19400.0,19430.0,242070,106900,2387643.595,19725.0,19715.0,AL
24,AL2207,2022-06-23,19300.0,19575.0,19220.0,19485.0,241050,94317,2339196.885,19405.0,19725.0,AL
25,AL2208,2022-06-24,19350.0,19495.0,18870.0,18870.0,301434,193977,2890837.3425,19180.0,19310.0,AL
25,AL2208,2022-06-27,18870.0,19310.0,18605.0,19135.0,441609,199162,4196183.32,19000.0,19180.0,AL
25,AL2208,2022-06-28,19170.0,19450.0,19135.0,19445.0,270927,194577,2609205.4175,19260.0,19000.0,AL
25,AL2208,2022-06-29,19445.0,19485.0,19180.0,19280.0,262474,188719,2537902.1275,19335.0,19260.0,AL
25,AL2208,2022-06-30,19305.0,19390.0,19030.0,19060.0,258089,181861,2479046.5725,19210.0,19335.0,AL
25,AL2208,2022-07-01,18940.0,19110.0,18820.0,18900.0,281751,182120,2672167.915,18965.0,19210.0,AL
25,AL2208,2022-07-04,18905.0,19200.0,18810.0,18980.0,290070,181523,2758645.0225,19020.0,18965.0,AL
25,AL2208,2022-07-05,19000.0,19140.0,18405.0,18485.0,362872,193266,3412502.335,18805.0,19020.0,AL
25,AL2208,2022-07-06,18340.0,18400.0,17975.0,18330.0,382726,182641,3485214.01,18210.0,18805.0,AL
25,AL2208,2022-07-07,18330.0,18500.0,18175.0,18360.0,339370,177901,3107082.02,18310.0,18210.0,AL
25,AL2208,2022-07-08,18500.0,18645.0,18340.0,18360.0,255963,172073,2368464.9825,18505.0,18310.0,AL
25,AL2208,2022-07-11,18435.0,18530.0,18055.0,18180.0,282015,173231,2575133.615,18260.0,18505.0,AL
25,AL2208,2022-07-12,18180.0,18180.0,17565.0,17585.0,310030,176391,2773111.7225,17885.0,18260.0,AL
25,AL2208,2022-07-13,17650.0,17710.0,17210.0,17225.0,346708,169601,3026927.7675,17460.0,17885.0,AL
25,AL2208,2022-07-14,17170.0,17500.0,17025.0,17255.0,370551,159901,3199783.64,17270.0,17460.0,AL
25,AL2208,2022-07-15,17255.0,17460.0,17110.0,17155.0,306394,153462,2648474.1675,17285.0,17270.0,AL
24,AL2208,2022-07-18,17330.0,17835.0,17270.0,17830.0,356777,142090,3139404.6775,17595.0,17285.0,AL
24,AL2208,2022-07-19,17830.0,18315.0,17825.0,17960.0,320609,128002,2890934.2025,18030.0,17595.0,AL
24,AL2208,2022-07-20,18030.0,18065.0,17760.0,17905.0,238464,115269,2133251.6625,17890.0,18030.0,AL
24,AL2208,2022-07-21,18045.0,18195.0,17805.0,17945.0,217579,108458,1958972.1425,18005.0,17890.0,AL
24,AL2208,2022-07-22,17905.0,18065.0,17790.0,17995.0,187449,104651,1680444.95,17925.0,18005.0,AL
24,AL2208,2022-07-25,18050.0,18225.0,17710.0,17810.0,228970,95717,2059399.31,17985.0,17925.0,AL
25,AL2209,2022-07-26,17775.0,18050.0,17690.0,17995.0,221886,174204,1980554.775,17850.0,17960.0,AL
25,AL2209,2022-07-27,17985.0,18145.0,17840.0,18055.0,243683,178295,2194347.9175,18005.0,17850.0,AL
25,AL2209,2022-07-28,18025.0,18755.0,17965.0,18730.0,326813,177560,2996900.7675,18340.0,18005.0,AL
25,AL2209,2022-07-29,18700.0,18780.0,18565.0,18750.0,288241,180533,2692262.3525,18680.0,18340.0,AL
25,AL2209,2022-08-01,18720.0,18780.0,18020.0,18205.0,379592,174975,3492831.39,18400.0,18680.0,AL
25,AL2209,2022-08-02,18190.0,18240.0,17880.0,18070.0,263383,168520,2382150.3025,18085.0,18400.0,AL
25,AL2209,2022-08-03,18070.0,18375.0,17995.0,18250.0,293514,165238,2666073.2425,18165.0,18085.0,AL
25,AL2209,2022-08-04,18190.0,18305.0,18085.0,18190.0,232448,167481,2115110.855,18195.0,18165.0,AL
25,AL2209,2022-08-05,18200.0,18610.0,18130.0,18515.0,280653,175532,2586215.995,18425.0,18195.0,AL
25,AL2209,2022-08-08,18510.0,18605.0,18280.0,18415.0,209072,166701,1926185.1925,18425.0,18425.0,AL
25,AL2209,2022-08-09,18470.0,18670.0,18355.0,18540.0,197383,172884,1825831.1375,18500.0,18425.0,AL
25,AL2209,2022-08-10,18630.0,18830.0,18575.0,18685.0,217676,175689,2035407.9175,18700.0,18500.0,AL
25,AL2209,2022-08-11,18765.0,18880.0,18600.0,18745.0,222161,174633,2080777.2425,18730.0,18700.0,AL
25,AL2209,2022-08-12,18750.0,18805.0,18505.0,18725.0,217292,170334,2028497.4375,18670.0,18730.0,AL
25,AL2209,2022-08-15,18530.0,18545.0,18005.0,18010.0,286340,155802,2615906.4425,18270.0,18670.0,AL
24,AL2209,2022-08-16,17975.0,18230.0,17725.0,18225.0,260695,146986,2344412.475,17985.0,18270.0,AL
24,AL2209,2022-08-17,18250.0,18755.0,18245.0,18660.0,289676,153830,2679035.025,18495.0,17985.0,AL
24,AL2209,2022-08-18,18640.0,18690.0,18320.0,18330.0,254522,146602,2362885.27,18565.0,18495.0,AL
24,AL2209,2022-08-19,18490.0,18565.0,18370.0,18425.0,214788,137944,1983576.435,18470.0,18565.0,AL
24,AL2209,2022-08-22,18400.0,18730.0,18355.0,18580.0,223307,131764,2070369.0775,18540.0,18470.0,AL
24,AL2209,2022-08-23,18440.0,18750.0,18440.0,18685.0,187191,129136,1740615.6775,18595.0,18540.0,AL
24,AL2209,2022-08-24,18780.0,19120.0,18665.0,19090.0,252688,139146,2388988.02,18905.0,18595.0,AL
24,AL2209,2022-08-25,18940.0,19025.0,18840.0,18910.0,193331,125282,1830872.2625,18940.0,18905.0,AL
25,AL2210,2022-08-26,18940.0,18940.0,18700.0,18820.0,155678,165432,1463336.1275,18795.0,18865.0,AL
25,AL2210,2022-08-29,19030.0,19250.0,18610.0,18675.0,319725,171655,3030634.1625,18955.0,18795.0,AL
25,AL2210,2022-08-30,18675.0,18755.0,18330.0,18360.0,237333,168330,2199915.5725,18535.0,18955.0,AL
25,AL2210,2022-08-31,18245.0,18490.0,18220.0,18410.0,221869,165690,2035533.0675,18345.0,18535.0,AL
25,AL2210,2022-09-01,18235.0,18430.0,17865.0,17900.0,337519,172991,3066793.0975,18170.0,18345.0,AL
25,AL2210,2022-09-02,17900.0,18175.0,17790.0,18110.0,318068,171672,2860636.02,17985.0,18170.0,AL
25,AL2210,2022-09-05,18110.0,18420.0,18065.0,18355.0,310281,166953,2831728.505,18250.0,17985.0,AL
25,AL2210,2022-09-06,18355.0,18520.0,18305.0,18505.0,205222,162476,1888411.005,18400.0,18250.0,AL
25,AL2210,2022-09-07,18345.0,18405.0,18160.0,18300.0,228109,161583,2088103.9925,18305.0,18400.0,AL
25,AL2210,2022-09-08,18290.0,18625.0,18205.0,18605.0,243668,166710,2243607.14,18415.0,18305.0,AL
25,AL2210,2022-09-09,18525.0,18965.0,18515.0,18965.0,252435,174664,2365588.7025,18740.0,18415.0,AL
25,AL2210,2022-09-13,18900.0,19045.0,18640.0,18765.0,178646,173842,1678541.765,18790.0,18740.0,AL
25,AL2210,2022-09-14,18790.0,18790.0,18555.0,18625.0,191712,170451,1789518.915,18665.0,18790.0,AL
25,AL2210,2022-09-15,18470.0,18950.0,18420.0,18880.0,311557,176104,2912291.8175,18695.0,18665.0,AL
24,AL2210,2022-09-16,18880.0,19100.0,18735.0,18735.0,294716,173581,2789413.58,18925.0,18695.0,AL
24,AL2210,2022-09-19,18790.0,19020.0,18680.0,18710.0,217778,164206,2053033.2975,18850.0,18925.0,AL
24,AL2210,2022-09-20,18620.0,18840.0,18610.0,18650.0,172996,156245,1619638.0425,18720.0,18850.0,AL
24,AL2210,2022-09-21,18655.0,18750.0,18465.0,18670.0,192004,144981,1784456.1175,18585.0,18720.0,AL
24,AL2210,2022-09-22,18590.0,18775.0,18450.0,18685.0,191262,139061,1779952.7225,18610.0,18585.0,AL
24,AL2210,2022-09-23,18740.0,18860.0,18610.0,18630.0,161929,131808,1517207.455,18735.0,18610.0,AL
24,AL2210,2022-09-26,18480.0,18550.0,18055.0,18075.0,247672,111861,2277965.3,18395.0,18735.0,AL
25,AL2211,2022-09-27,18030.0,18345.0,18010.0,18165.0,233197,165499,2119334.4125,18175.0,18305.0,AL
25,AL2211,2022-09-28,18100.0,18260.0,17745.0,17865.0,287932,181874,2587838.055,17975.0,18175.0,AL
25,AL2211,2022-09-29,17905.0,18080.0,17845.0,17990.0,220291,179159,1979789.5025,17970.0,17975.0,AL
25,AL2211,2022-09-30,18430.0,18525.0,18155.0,18270.0,307519,160841,2811470.39,18280.0,17970.0,AL
25,AL2211,2022-10-10,18310.0,18600.0,18300.0,18565.0,160595,156490,1486790.7275,18515.0,18280.0,AL
25,AL2211,2022-10-11,18610.0,18680.0,18405.0,18465.0,172029,147460,1593724.4225,18525.0,18515.0,AL
25,AL2211,2022-10-12,18485.0,18500.0,18245.0,18340.0,171980,144110,1580644.4375,18380.0,18525.0,AL
25,AL2211,2022-10-13,18280.0,18580.0,18210.0,18355.0,239575,142114,2203825.9875,18395.0,18380.0,AL
25,AL2211,2022-10-14,18410.0,18865.0,18380.0,18830.0,304628,160537,2835298.6575,18610.0,18395.0,AL
25,AL2211,2022-10-17,18730.0,18780.0,18325.0,18435.0,237555,141334,2203401.0875,18550.0,18610.0,AL
24,AL2211,2022-10-18,18400.0,18420.0,18230.0,18315.0,181857,140252,1666693.15,18325.0,18550.0,AL
24,AL2211,2022-10-19,18310.0,18390.0,18180.0,18305.0,171149,136275,1565069.57,18285.0,18325.0,AL
24,AL2211,2022-10-20,18305.0,18510.0,18285.0,18460.0,170257,128753,1567352.8425,18410.0,18285.0,AL
24,AL2211,2022-10-21,18535.0,18735.0,18470.0,18535.0,223235,128105,2079053.1925,18625.0,18410.0,AL
24,AL2211,2022-10-24,18490.0,18710.0,18460.0,18575.0,183746,125305,1708767.6675,18595.0,18625.0,AL
24,AL2211,2022-10-25,18465.0,18620.0,18420.0,18530.0,150794,115969,1396600.66,18520.0,18595.0,AL
24,AL2211,2022-10-26,18480.0,18755.0,18480.0,18685.0,152301,111726,1420187.6675,18645.0,18520.0,AL
25,AL2212,2022-10-27,18660.0,18720.0,18445.0,18500.0,184979,148609,1720066.115,18595.0,18560.0,AL
25,AL2212,2022-10-28,18565.0,18595.0,18020.0,18075.0,320425,164946,2934158.6475,18310.0,18595.0,AL
25,AL2212,2022-10-31,18040.0,18085.0,17480.0,17535.0,371623,192403,3309186.4525,17805.0,18310.0,AL
25,AL2212,2022-11-01,17535.0,17980.0,17425.0,17905.0,321033,176411,2845150.1325,17720.0,17805.0,AL
25,AL2212,2022-11-02,17985.0,18000.0,17745.0,17860.0,208125,174031,1859168.1925,17865.0,17720.0,AL
25,AL2212,2022-11-03,17860.0,18200.0,17820.0,18085.0,239930,166710,2161951.68,18020.0,17865.0,AL
25,AL2212,2022-11-04,18005.0,18410.0,18000.0,18385.0,244429,157347,2224153.59,18195.0,18020.0,AL
25,AL2212,2022-11-07,18500.0,18565.0,18190.0,18275.0,241648,151064,2216569.8575,18345.0,18195.0,AL
25,AL2212,2022-11-08,18345.0,18520.0,18275.0,18450.0,189372,155437,1742924.435,18405.0,18345.0,AL
25,AL2212,2022-11-09,18405.0,18655.0,18375.0,18650.0,221747,164692,2053388.93,18520.0,18405.0,AL
25,AL2212,2022-11-10,18565.0,18635.0,18460.0,18590.0,190619,165139,1768197.195,18550.0,18520.0,AL
25,AL2212,2022-11-11,18490.0,18945.0,18475.0,18755.0,289552,177573,2711394.3875,18725.0,18550.0,AL
25,AL2212,2022-11-14,18920.0,19130.0,18720.0,18780.0,342035,180681,3232234.25,18900.0,18725.0,AL
25,AL2212,2022-11-15,18775.0,18975.0,18710.0,18925.0,192171,180001,1809541.34,18830.0,18900.0,AL
24,AL2212,2022-11-16,18850.0,19085.0,18830.0,18895.0,177926,177977,1682604.0675,18910.0,18830.0,AL
24,AL2212,2022-11-17,18870.0,19070.0,18715.0,19015.0,197751,179707,1866462.425,18875.0,18910.0,AL
24,AL2212,2022-11-18,18915.0,19210.0,18880.0,19200.0,224479,182976,2140790.5125,19070.0,18875.0,AL
24,AL2212,2022-11-21,19160.0,19245.0,18840.0,18945.0,199028,163789,1891125.9725,19000.0,19070.0,AL
24,AL2212,2022-11-22,18900.0,19030.0,18810.0,18875.0,147006,152960,1391548.47,18930.0,19000.0,AL
24,AL2212,2022-11-23,18960.0,19085.0,18835.0,18895.0,190030,139812,1800872.245,18950.0,18930.0,AL
24,AL2212,2022-11-24,18820.0,19110.0,18820.0,19055.0,164512,128937,1561277.4125,18980.0,18950.0,AL
25,AL2301,2022-11-25,18965.0,19020.0,18810.0,18895.0,202095,208310,1909592.6425,18895.0,18965.0,AL
25,AL2301,2022-11-28,18915.0,18965.0,18515.0,18690.0,299557,202499,2800969.685,18700.0,18895.0,AL
25,AL2301,2022-11-29,18740.0,19135.0,18695.0,19030.0,238582,223195,2260815.915,18950.0,18700.0,AL
25,AL2301,2022-11-30,18920.0,19005.0,18715.0,18795.0,206886,199944,1949832.95,18845.0,18950.0,AL
25,AL2301,2022-12-01,19025.0,19295.0,18955.0,19125.0,289318,221681,2768350.36,19135.0,18845.0,AL
25,AL2301,2022-12-02,19070.0,19270.0,19045.0,19245.0,178538,226853,1712535.7825,19180.0,19135.0,AL
25,AL2301,2022-12-05,19190.0,19435.0,19100.0,19320.0,193604,227521,1865449.0925,19270.0,19180.0,AL
25,AL2301,2022-12-06,19200.0,19335.0,19120.0,19185.0,154604,212997,1485255.21,19210.0,19270.0,AL
25,AL2301,2022-12-07,19220.0,19375.0,19110.0,19140.0,182488,211147,1757027.555,19255.0,19210.0,AL
25,AL2301,2022-12-08,19140.0,19280.0,19085.0,19235.0,141571,207918,1358441.4875,19190.0,19255.0,AL
25,AL2301,2022-12-09,19190.0,19330.0,19105.0,19260.0,174031,203554,1672673.225,19220.0,19190.0,AL
25,AL2301,2022-12-12,19200.0,19235.0,18720.0,18775.0,266695,173132,2526686.3675,18945.0,19220.0,AL
25,AL2301,2022-12-13,18720.0,18825.0,18575.0,18740.0,181495,159481,1697330.4325,18700.0,18945.0,AL
25,AL2301,2022-12-14,18725.0,18865.0,18725.0,18800.0,150807,148609,1417675.295,18800.0,18700.0,AL
25,AL2301,2022-12-15,18730.0,18855.0,18680.0,18800.0,117252,147641,1101399.93,18785.0,18800.0,AL
24,AL2301,2022-12-16,18740.0,18880.0,18630.0,18740.0,162706,140138,1525083.0725,18745.0,18785.0,AL
24,AL2301,2022-12-19,18755.0,18820.0,18510.0,18540.0,161793,133622,1509890.0375,18660.0,18745.0,AL
24,AL2301,2022-12-20,18530.0,18650.0,18465.0,18590.0,135268,129330,1255315.15,18560.0,18660.0,AL
24,AL2301,2022-12-21,18600.0,18710.0,18560.0,18655.0,110024,119748,1024933.335,18630.0,18560.0,AL
24,AL2301,2022-12-22,18655.0,18780.0,18620.0,18635.0,97372,106423,909854.5175,18685.0,18630.0,AL
24,AL2301,2022-12-23,18660.0,18690.0,18570.0,18680.0,97682,94642,909984.9475,18630.0,18685.0,AL
25,AL2302,2022-12-26,18490.0,18690.0,18450.0,18645.0,137018,144300,1272107.745,18565.0,18545.0,AL
25,AL2302,2022-12-27,18600.0,19120.0,18560.0,19105.0,231307,168558,2186770.1775,18905.0,18565.0,AL
25,AL2302,2022-12-28,19060.0,19120.0,18735.0,18785.0,238317,154726,2257090.47,18940.0,18905.0,AL
25,AL2302,2022-12-29,18730.0,18785.0,18655.0,18685.0,143968,149662,1346700.285,18705.0,18940.0,AL
25,AL2302,2022-12-30,18685.0,18750.0,18615.0,18700.0,121634,136749,1136467.755,18685.0,18705.0,AL
25,AL2302,2023-01-03,18660.0,18680.0,18160.0,18270.0,202915,153402,1859987.77,18330.0,18685.0,AL
25,AL2302,2023-01-04,18170.0,18195.0,17820.0,17865.0,217067,166369,1954261.955,18005.0,18330.0,AL
25,AL2302,2023-01-05,17800.0,17920.0,17685.0,17905.0,164379,172219,1463305.7525,17800.0,18005.0,AL
25,AL2302,2023-01-06,17950.0,17990.0,17750.0,17850.0,165015,171471,1474289.6775,17865.0,17800.0,AL
25,AL2302,2023-01-09,17825.0,18075.0,17775.0,17950.0,194992,164277,1747001.665,17915.0,17865.0,AL
25,AL2302,2023-01-10,18050.0,18265.0,18005.0,18160.0,156993,149679,1424433.565,18145.0,17915.0,AL
25,AL2302,2023-01-11,18160.0,18320.0,18160.0,18245.0,146907,129056,1339642.79,18235.0,18145.0,AL
25,AL2302,2023-01-12,18310.0,18400.0,18250.0,18340.0,138623,112780,1270062.3825,18320.0,18235.0,AL
25,AL2302,2023-01-13,18365.0,18545.0,18200.0,18515.0,160897,103052,1479448.535,18390.0,18320.0,AL
25,AL2302,2023-01-16,18495.0,18640.0,18395.0,18485.0,125818,95877,1163514.545,18495.0,18390.0,AL
25,AL2303,2023-01-17,18565.0,18700.0,18510.0,18615.0,101772,184716,947567.625,18620.0,18505.0,AL
25,AL2303,2023-01-18,18620.0,19020.0,18580.0,19010.0,180537,193481,1698225.3375,18810.0,18620.0,AL
25,AL2303,2023-01-19,19060.0,19220.0,18920.0,19070.0,186750,192684,1780442.0675,19065.0,18810.0,AL
25,AL2303,2023-01-20,19000.0,19500.0,18945.0,19465.0,176147,192943,1683882.4475,19115.0,19065.0,AL
25,AL2303,2023-01-30,19485.0,19485.0,18865.0,19000.0,164751,194272,1571082.65,19070.0,19115.0,AL
25,AL2303,2023-01-31,18980.0,19030.0,18750.0,18925.0,137394,195165,1299134.2025,18910.0,19070.0,AL
25,AL2303,2023-02-01,18980.0,19225.0,18920.0,19150.0,134002,200509,1280026.4,19100.0,18910.0,AL
25,AL2303,2023-02-02,19165.0,19245.0,18975.0,19095.0,134644,196634,1287516.1375,19120.0,19100.0,AL
25,AL2303,2023-02-03,19065.0,19190.0,18900.0,19095.0,158680,190614,1512623.7475,19065.0,19120.0,AL
25,AL2303,2023-02-06,19080.0,19115.0,18830.0,19060.0,184827,184183,1752143.025,18955.0,19065.0,AL
25,AL2303,2023-02-07,18960.0,19160.0,18920.0,19095.0,164859,186480,1570006.7875,19045.0,18955.0,AL
25,AL2303,2023-02-08,19030.0,19250.0,18975.0,19180.0,152360,193247,1456087.5575,19110.0,19045.0,AL
25,AL2303,2023-02-09,19075.0,19125.0,18845.0,18930.0,180133,185053,1706514.935,18945.0,19110.0,AL
25,AL2303,2023-02-10,18930.0,18995.0,18530.0,18630.0,213684,174921,2002545.025,18740.0,18945.0,AL
25,AL2303,2023-02-13,18575.0,18625.0,18435.0,18550.0,159276,172516,1476145.5225,18535.0,18740.0,AL
25,AL2303,2023-02-14,18500.0,18635.0,18475.0,18595.0,109634,171342,1017167.7875,18555.0,18535.0,AL
25,AL2303,2023-02-15,18525.0,18625.0,18315.0,18315.0,143319,175998,1325153.6,18490.0,18555.0,AL
24,AL2303,2023-02-16,18370.0,18555.0,18250.0,18485.0,122463,170536,1126306.415,18390.0,18490.0,AL
24,AL2303,2023-02-17,18495.0,18610.0,18445.0,18530.0,107036,153585,990990.48,18515.0,18390.0,AL
24,AL2303,2023-02-20,18440.0,18835.0,18440.0,18775.0,148438,129274,1385355.3025,18665.0,18515.0,AL
25,AL2304,2023-02-21,18825.0,18930.0,18715.0,18785.0,109449,184219,1029652.52,18815.0,18680.0,AL
25,AL2304,2023-02-22,18815.0,18875.0,18725.0,18765.0,121127,191052,1137727.365,18785.0,18815.0,AL
25,AL2304,2023-02-23,18785.0,18840.0,18615.0,18680.0,138973,198850,1302631.0225,18745.0,18785.0,AL
25,AL2304,2023-02-24,18710.0,18710.0,18535.0,18635.0,135293,205167,1259477.935,18615.0,18745.0,AL
25,AL2304,2023-02-27,18570.0,18585.0,18320.0,18375.0,208234,223245,1917727.32,18415.0,18615.0,AL
25,AL2304,2023-02-28,18425.0,18580.0,18400.0,18460.0,150905,215358,1394488.0825,18480.0,18415.0,AL
25,AL2304,2023-03-01,18450.0,18720.0,18395.0,18675.0,162776,205405,1510110.5625,18550.0,18480.0,AL
25,AL2304,2023-03-02,18685.0,18730.0,18610.0,18650.0,131543,195704,1227746.9,18665.0,18550.0,AL
25,AL2304,2023-03-03,18600.0,18795.0,18535.0,18775.0,147597,195843,1376936.9975,18655.0,18665.0,AL
25,AL2304,2023-03-06,18775.0,18785.0,18525.0,18590.0,156353,193121,1458901.3,18660.0,18655.0,AL
25,AL2304,2023-03-07,18540.0,18735.0,18515.0,18610.0,132358,190128,1233679.8225,18640.0,18660.0,AL
25,AL2304,2023-03-08,18530.0,18585.0,18415.0,18540.0,145555,187861,1347373.88,18510.0,18640.0,AL
25,AL2304,2023-03-09,18550.0,18620.0,18450.0,18495.0,127057,186025,1176413.6525,18515.0,18510.0,AL
25,AL2304,2023-03-10,18475.0,18570.0,18215.0,18265.0,187533,196068,1722297.255,18365.0,18515.0,AL
25,AL2304,2023-03-13,18245.0,18465.0,18130.0,18435.0,210175,193559,1919179.7325,18260.0,18365.0,AL
25,AL2304,2023-03-14,18270.0,18385.0,18205.0,18270.0,167329,188156,1530433.56,18290.0,18260.0,AL
25,AL2304,2023-03-15,18325.0,18420.0,18285.0,18375.0,131451,182687,1206664.8075,18355.0,18290.0,AL
24,AL2304,2023-03-16,18210.0,18220.0,18035.0,18135.0,187174,176716,1697606.3675,18135.0,18355.0,AL
24,AL2304,2023-03-17,18250.0,18300.0,18045.0,18230.0,164945,160501,1499335.895,18175.0,18135.0,AL
24,AL2304,2023-03-20,18200.0,18310.0,17945.0,18040.0,188377,144374,1711432.25,18170.0,18175.0,AL
25,AL2305,2023-03-21,18075.0,18180.0,18055.0,18110.0,152492,208173,1381145.8175,18110.0,18130.0,AL
25,AL2305,2023-03-22,18150.0,18195.0,18090.0,18150.0,149268,220177,1354528.3725,18145.0,18110.0,AL
25,AL2305,2023-03-23,18210.0,18350.0,18170.0,18235.0,178810,224813,1632077.445,18250.0,18145.0,AL
25,AL2305,2023-03-24,18260.0,18520.0,18240.0,18470.0,216040,223127,1985806.1575,18380.0,18250.0,AL
25,AL2305,2023-03-27,18405.0,18495.0,18395.0,18480.0,147911,215165,1364948.36,18455.0,18380.0,AL
25,AL2305,2023-03-28,18520.0,18745.0,18500.0,18690.0,183248,219134,1706130.7425,18620.0,18455.0,AL
25,AL2305,2023-03-29,18650.0,18750.0,18635.0,18690.0,128665,219212,1202498.5375,18690.0,18620.0,AL
25,AL2305,2023-03-30,18805.0,18895.0,18610.0,18695.0,132543,219007,1240029.675,18710.0,18690.0,AL
25,AL2305,2023-03-31,18735.0,18785.0,18680.0,18715.0,120483,219903,1128645.83,18735.0,18710.0,AL
25,AL2305,2023-04-03,18730.0,18810.0,18620.0,18645.0,133003,216491,1243767.385,18700.0,18735.0,AL
25,AL2305,2023-04-04,18750.0,18820.0,18600.0,18675.0,138766,211216,1298244.09,18710.0,18700.0,AL
25,AL2305,2023-04-06,18550.0,18665.0,18515.0,18580.0,108970,203458,1013294.665,18595.0,18710.0,AL
25,AL2305,2023-04-07,18545.0,18720.0,18535.0,18690.0,112208,203665,1046033.135,18640.0,18595.0,AL
25,AL2305,2023-04-10,18660.0,18765.0,18595.0,18615.0,106044,201697,990649.1275,18680.0,18640.0,AL
25,AL2305,2023-04-11,18605.0,18645.0,18350.0,18485.0,189582,189956,1750660.875,18465.0,18680.0,AL
25,AL2305,2023-04-12,18415.0,18490.0,18375.0,18415.0,122261,181649,1127351.515,18440.0,18465.0,AL
25,AL2305,2023-04-13,18440.0,18545.0,18415.0,18490.0,109949,175526,1016551.3425,18490.0,18440.0,AL
25,AL2305,2023-04-14,18630.0,18780.0,18595.0,18725.0,171506,174704,1603495.165,18695.0,18490.0,AL
25,AL2305,2023-04-17,18765.0,18830.0,18665.0,18770.0,135644,172686,1272197.2375,18755.0,18695.0,AL
25,AL2306,2023-04-18,18730.0,18995.0,18720.0,18990.0,160817,196262,1517548.2325,18870.0,18740.0,AL
25,AL2306,2023-04-19,19035.0,19080.0,18945.0,19030.0,248535,242124,2362366.8825,19010.0,18870.0,AL
25,AL2306,2023-04-20,19000.0,19275.0,18975.0,19205.0,252335,290758,2411922.065,19115.0,19010.0,AL
25,AL2306,2023-04-21,19180.0,19270.0,18850.0,18890.0,315041,265810,2994664.74,19010.0,19115.0,AL
25,AL2306,2023-04-24,18960.0,19030.0,18820.0,18835.0,198979,262995,1880590.3175,18900.0,19010.0,AL
25,AL2306,2023-04-25,18825.0,18895.0,18700.0,18800.0,170837,259965,1606199.1775,18800.0,18900.0,AL
25,AL2306,2023-04-26,18690.0,18775.0,18610.0,18710.0,209665,240533,1959669.2575,18690.0,18800.0,AL
25,AL2306,2023-04-27,18690.0,18720.0,18420.0,18435.0,235066,223471,2183159.0125,18570.0,18690.0,AL
25,AL2306,2023-04-28,18415.0,18515.0,18325.0,18470.0,182967,212237,1687217.685,18440.0,18570.0,AL
25,AL2306,2023-05-04,18415.0,18555.0,18300.0,18415.0,110608,211625,1020261.46,18445.0,18440.0,AL
25,AL2306,2023-05-05,18410.0,18410.0,18235.0,18320.0,167408,204708,1532759.295,18310.0,18445.0,AL
25,AL2306,2023-05-08,18345.0,18510.0,18315.0,18460.0,144219,198075,1329009.38,18430.0,18310.0,AL
25,AL2306,2023-05-09,18415.0,18485.0,18200.0,18275.0,162177,200459,1484971.8775,18310.0,18430.0,AL
25,AL2306,2023-05-10,18325.0,18380.0,18230.0,18295.0,124612,192621,1139715.3425,18290.0,18310.0,AL
25,AL2306,2023-05-11,18245.0,18280.0,18005.0,18030.0,189688,201653,1722427.7425,18160.0,18290.0,AL
25,AL2306,2023-05-12,18000.0,18030.0,17760.0,17870.0,288609,200966,2581713.7675,17890.0,18160.0,AL
25,AL2306,2023-05-15,17990.0,18135.0,17945.0,18115.0,213937,192692,1929300.6,18035.0,17890.0,AL
24,AL2306,2023-05-16,18185.0,18250.0,18060.0,18115.0,161628,182752,1467058.0675,18150.0,18035.0,AL
24,AL2306,2023-05-17,18115.0,18425.0,18085.0,18375.0,196246,171491,1792796.895,18270.0,18150.0,AL
24,AL2306,2023-05-18,18480.0,18545.0,18420.0,18475.0,164450,153586,1520040.385,18485.0,18270.0,AL
25,AL2307,2023-05-19,18335.0,18345.0,18125.0,18290.0,175069,187605,1596134.475,18230.0,18345.0,AL
25,AL2307,2023-05-22,18355.0,18390.0,17920.0,18005.0,246735,214713,2235708.525,18120.0,18230.0,AL
25,AL2307,2023-05-23,18050.0,18135.0,17925.0,17965.0,206429,220234,1860925.91,18025.0,18120.0,AL
25,AL2307,2023-05-24,17900.0,17980.0,17500.0,17550.0,354684,257858,3142583.1325,17720.0,18025.0,AL
25,AL2307,2023-05-25,17700.0,17735.0,17455.0,17650.0,386557,268425,3400489.23,17590.0,17720.0,AL
25,AL2307,2023-05-26,17750.0,18265.0,17575.0,18185.0,501708,256771,4480558.3425,17860.0,17590.0,AL
25,AL2307,2023-05-29,18110.0,18180.0,17940.0,18025.0,274120,243608,2476920.325,18070.0,17860.0,AL
25,AL2307,2023-05-30,18055.0,18065.0,17830.0,17960.0,258893,243059,2323051.885,17945.0,18070.0,AL
25,AL2307,2023-05-31,17950.0,18075.0,17835.0,18015.0,275422,248400,2469880.9375,17935.0,17945.0,AL
25,AL2307,2023-06-01,18000.0,18360.0,17945.0,18300.0,312299,244020,2837846.8175,18170.0,17935.0,AL
25,AL2307,2023-06-02,18305.0,18520.0,18240.0,18480.0,276230,248035,2541199.445,18395.0,18170.0,AL
25,AL2307,2023-06-05,18480.0,18520.0,18055.0,18080.0,281710,236481,2574537.7,18275.0,18395.0,AL
25,AL2307,2023-06-06,18160.0,18195.0,17990.0,18100.0,225706,231882,2044305.17,18110.0,18275.0,AL
25,AL2307,2023-06-07,18050.0,18235.0,18015.0,18105.0,203490,230176,1842452.0275,18105.0,18110.0,AL
25,AL2307,2023-06-08,18130.0,18270.0,18080.0,18220.0,195816,227592,1780348.98,18180.0,18105.0,AL
25,AL2307,2023-06-09,18220.0,18450.0,18220.0,18425.0,204094,235310,1872944.4475,18350.0,18180.0,AL
25,AL2307,2023-06-12,18425.0,18535.0,18155.0,18190.0,222357,227162,2038663.445,18335.0,18350.0,AL
25,AL2307,2023-06-13,18215.0,18345.0,18120.0,18325.0,173487,223335,1581186.015,18225.0,18335.0,AL
25,AL2307,2023-06-14,18350.0,18525.0,18320.0,18510.0,181931,234299,1675785.41,18420.0,18225.0,AL
25,AL2307,2023-06-15,18530.0,18615.0,18270.0,18465.0,209433,227922,1930467.6925,18435.0,18420.0,AL
24,AL2307,2023-06-16,18535.0,18700.0,18395.0,18665.0,200134,231190,1856543.045,18550.0,18435.0,AL
24,AL2307,2023-06-19,18650.0,18660.0,18350.0,18455.0,201824,214407,1863616.89,18465.0,18550.0,AL
24,AL2307,2023-06-20,18455.0,18585.0,18395.0,18545.0,124486,207640,1150459.0775,18480.0,18465.0,AL
24,AL2307,2023-06-21,18550.0,18590.0,18370.0,18390.0,143128,192379,1322989.2975,18485.0,18480.0,AL
24,AL2307,2023-06-26,18295.0,18295.0,18130.0,18180.0,171329,161833,1558243.9125,18190.0,18485.0,AL
25,AL2308,2023-06-27,17885.0,18110.0,17810.0,18100.0,199070,213531,1787739.245,17960.0,17945.0,AL
25,AL2308,2023-06-28,18165.0,18180.0,18000.0,18070.0,166523,222323,1505165.4925,18075.0,17960.0,AL
25,AL2308,2023-06-29,18065.0,18065.0,17920.0,17980.0,159033,225958,1430347.55,17985.0,18075.0,AL
25,AL2308,2023-06-30,17920.0,18115.0,17895.0,18010.0,194837,229908,1752971.2375,17990.0,17985.0,AL
25,AL2308,2023-07-03,17970.0,18180.0,17880.0,18120.0,216818,235871,1955194.505,18035.0,17990.0,AL
25,AL2308,2023-07-04,18090.0,18150.0,17930.0,17980.0,175937,232203,1587261.965,18040.0,18035.0,AL
25,AL2308,2023-07-05,17975.0,18030.0,17805.0,17820.0,193490,235456,1733645.89,17915.0,18040.0,AL
25,AL2308,2023-07-06,17820.0,17970.0,17765.0,17865.0,213341,234676,1904742.525,17855.0,17915.0,AL
25,AL2308,2023-07-07,17865.0,17920.0,17790.0,17845.0,145836,230382,1301776.6475,17850.0,17855.0,AL
25,AL2308,2023-07-10,17880.0,18045.0,17850.0,17990.0,190305,222198,1708629.935,17955.0,17850.0,AL
25,AL2308,2023-07-11,17945.0,18145.0,17945.0,18140.0,176780,216109,1597000.04,18065.0,17955.0,AL
25,AL2308,2023-07-12,18085.0,18130.0,18015.0,18100.0,156865,213865,1417733.3325,18075.0,18065.0,AL
25,AL2308,2023-07-13,18225.0,18305.0,18190.0,18305.0,209293,216884,1909908.315,18250.0,18075.0,AL
25,AL2308,2023-07-14,18340.0,18460.0,18290.0,18300.0,208873,221814,1918343.1425,18365.0,18250.0,AL
25,AL2308,2023-07-17,18370.0,18370.0,18165.0,18220.0,180143,198781,1641174.675,18220.0,18365.0,AL
24,AL2308,2023-07-18,18210.0,18295.0,18130.0,18250.0,133288,189724,1213484.8325,18205.0,18220.0,AL
24,AL2308,2023-07-19,18155.0,18280.0,18115.0,18255.0,124324,178638,1132260.63,18210.0,18205.0,AL
24,AL2308,2023-07-20,18255.0,18345.0,18205.0,18275.0,150139,171860,1372015.2375,18275.0,18210.0,AL
24,AL2308,2023-07-21,18315.0,18325.0,18205.0,18320.0,151074,158199,1380443.6775,18275.0,18275.0,AL
25,AL2309,2023-07-24,18250.0,18345.0,18205.0,18260.0,171846,216182,1569828.4725,18270.0,18250.0,AL
25,AL2309,2023-07-25,18230.0,18425.0,18225.0,18400.0,220804,256228,2023505.38,18325.0,18270.0,AL
25,AL2309,2023-07-26,18395.0,18435.0,18300.0,18330.0,170385,245486,1563799.4525,18355.0,18325.0,AL
25,AL2309,2023-07-27,18295.0,18515.0,18270.0,18420.0,237073,259113,2182249.3375,18405.0,18355.0,AL
25,AL2309,2023-07-28,18400.0,18445.0,18310.0,18390.0,167942,248680,1543275.4125,18375.0,18405.0,AL
25,AL2309,2023-07-31,18390.0,18415.0,18305.0,18380.0,168937,235617,1550881.7025,18360.0,18375.0,AL
25,AL2309,2023-08-01,18490.0,18695.0,18460.0,18570.0,255417,252519,2373593.8075,18585.0,18360.0,AL
25,AL2309,2023-08-02,18520.0,18590.0,18480.0,18525.0,139849,245615,1296555.8075,18540.0,18585.0,AL
25,AL2309,2023-08-03,18435.0,18500.0,18385.0,18460.0,182737,228754,1685818.51,18450.0,18540.0,AL
25,AL2309,2023-08-04,18415.0,18615.0,18390.0,18500.0,167777,232108,1552450.2375,18505.0,18450.0,AL
25,AL2309,2023-08-07,18460.0,18530.0,18425.0,18485.0,152910,226328,1412459.2925,18470.0,18505.0,AL
25,AL2309,2023-08-08,18535.0,18570.0,18430.0,18470.0,143182,230889,1323724.2775,18490.0,18470.0,AL
25,AL2309,2023-08-09,18385.0,18570.0,18345.0,18530.0,206922,233257,1907724.895,18435.0,18490.0,AL
25,AL2309,2023-08-10,18480.0,18530.0,18450.0,18505.0,125740,229539,1162803.745,18495.0,18435.0,AL
25,AL2309,2023-08-11,18540.0,18560.0,18420.0,18425.0,134820,217346,1246863.24,18495.0,18495.0,AL
25,AL2309,2023-08-14,18400.0,18405.0,18200.0,18220.0,240237,203515,2199208.7475,18305.0,18495.0,AL
25,AL2309,2023-08-15,18210.0,18510.0,18165.0,18475.0,197008,190250,1809339.78,18365.0,18305.0,AL
24,AL2309,2023-08-16,18405.0,18535.0,18390.0,18455.0,162354,188290,1499997.2175,18475.0,18365.0,AL
24,AL2309,2023-08-17,18485.0,18540.0,18440.0,18465.0,134726,185325,1244901.195,18480.0,18475.0,AL
24,AL2309,2023-08-18,18555.0,18580.0,18340.0,18400.0,175707,168878,1619775.2025,18435.0,18480.0,AL
24,AL2309,2023-08-21,18400.0,18545.0,18360.0,18490.0,144972,173276,1337789.875,18455.0,18435.0,AL
24,AL2309,2023-08-22,18460.0,18740.0,18455.0,18675.0,203319,185519,1891642.405,18605.0,18455.0,AL
24,AL2309,2023-08-23,18700.0,18765.0,18655.0,18725.0,145736,176440,1363534.29,18710.0,18605.0,AL
25,AL2310,2023-08-24,18650.0,18660.0,18540.0,18555.0,163227,242792,1517797.1425,18595.0,18625.0,AL
25,AL2310,2023-08-25,18535.0,18600.0,18505.0,18555.0,162775,249972,1509498.5725,18545.0,18595.0,AL
25,AL2310,2023-08-28,18555.0,18645.0,18525.0,18585.0,178773,242407,1660837.965,18580.0,18545.0,AL
25,AL2310,2023-08-29,18620.0,18765.0,18545.0,18675.0,210182,260633,1960239.03,18650.0,18580.0,AL
25,AL2310,2023-08-30,18660.0,18805.0,18650.0,18775.0,179039,274392,1675942.955,18720.0,18650.0,AL
25,AL2310,2023-08-31,18840.0,19035.0,18830.0,18980.0,263258,288580,2492696.185,18935.0,18720.0,AL
25,AL2310,2023-09-01,18975.0,19435.0,18930.0,19330.0,315803,308296,3030257.52,19190.0,18935.0,AL
25,AL2310,2023-09-04,19330.0,19585.0,18910.0,18965.0,447498,280545,4299414.95,19215.0,19190.0,AL
25,AL2310,2023-09-05,18950.0,19080.0,18890.0,18980.0,191290,272096,1816740.385,18990.0,19215.0,AL
25,AL2310,2023-09-06,18980.0,19180.0,18965.0,19120.0,177288,274323,1690791.0925,19070.0,18990.0,AL
25,AL2310,2023-09-07,19180.0,19245.0,19070.0,19175.0,215781,270561,2066554.7825,19150.0,19070.0,AL
25,AL2310,2023-09-08,19175.0,19175.0,18905.0,18965.0,216200,255991,2060750.1375,19060.0,19150.0,AL
25,AL2310,2023-09-11,19045.0,19190.0,18940.0,19150.0,159304,255899,1519927.9425,19080.0,19060.0,AL
25,AL2310,2023-09-12,19180.0,19330.0,19140.0,19260.0,160245,258422,1542118.435,19245.0,19080.0,AL
25,AL2310,2023-09-13,19300.0,19300.0,19065.0,19135.0,145948,245986,1399857.97,19180.0,19245.0,AL
25,AL2310,2023-09-14,19175.0,19365.0,19110.0,19310.0,158569,248129,1524592.505,19225.0,19180.0,AL
25,AL2310,2023-09-15,19360.0,19390.0,19235.0,19335.0,136735,247764,1321940.6825,19335.0,19225.0,AL
24,AL2310,2023-09-18,19280.0,19285.0,19050.0,19195.0,208957,225143,2002284.8725,19160.0,19335.0,AL
24,AL2310,2023-09-19,19285.0,19350.0,19195.0,19240.0,136521,220879,1315971.1875,19275.0,19160.0,AL
24,AL2310,2023-09-20,19325.0,19330.0,19150.0,19310.0,132299,216227,1273211.0025,19245.0,19275.0,AL
24,AL2310,2023-09-21,19405.0,19510.0,19330.0,19410.0,180825,208974,1755489.8375,19415.0,19245.0,AL
25,AL2311,2023-09-22,19125.0,19495.0,19105.0,19415.0,242009,226728,2339091.55,19330.0,19255.0,AL
25,AL2311,2023-09-25,19505.0,19510.0,19245.0,19335.0,282241,253950,2737118.1375,19395.0,19330.0,AL
25,AL2311,2023-09-26,19325.0,19460.0,19295.0,19335.0,186204,257837,1803150.015,19365.0,19395.0,AL
25,AL2311,2023-09-27,19405.0,19445.0,19350.0,19420.0,186540,262205,1808913.1175,19390.0,19365.0,AL
25,AL2311,2023-09-28,19420.0,19645.0,19390.0,19445.0,255977,262674,2494542.8575,19490.0,19390.0,AL
25,AL2311,2023-10-09,19420.0,19420.0,19155.0,19165.0,182190,242128,1753701.91,19250.0,19490.0,AL
25,AL2311,2023-10-10,19150.0,19225.0,18940.0,19020.0,261311,223528,2496032.3025,19100.0,19250.0,AL
25,AL2311,2023-10-11,19020.0,19180.0,18965.0,19110.0,168753,214698,1611242.1725,19095.0,19100.0,AL
25,AL2311,2023-10-12,19055.0,19155.0,19020.0,19105.0,156304,209081,1492554.885,19095.0,19095.0,AL
25,AL2311,2023-10-13,19050.0,19080.0,18885.0,18940.0,166581,201129,1580009.45,18965.0,19095.0,AL
25,AL2311,2023-10-16,18985.0,19020.0,18870.0,18985.0,132076,194793,1250996.0475,18940.0,18965.0,AL
24,AL2311,2023-10-17,18975.0,18980.0,18755.0,18780.0,198130,181182,1866366.68,18835.0,18940.0,AL
24,AL2311,2023-10-18,18820.0,18970.0,18780.0,18910.0,133259,170067,1258457.1575,18885.0,18835.0,AL
24,AL2311,2023-10-19,18965.0,19045.0,18920.0,18975.0,121485,163355,1153355.015,18985.0,18885.0,AL
24,AL2311,2023-10-20,19020.0,19045.0,18905.0,18930.0,111550,154486,1058703.765,18980.0,18985.0,AL
24,AL2311,2023-10-23,18965.0,19005.0,18820.0,18850.0,121376,141367,1147333.34,18905.0,18980.0,AL
25,AL2312,2023-10-24,18645.0,18825.0,18645.0,18810.0,129993,170452,1220560.9525,18775.0,18780.0,AL
25,AL2312,2023-10-25,18820.0,19105.0,18800.0,19045.0,247182,198311,2347531.57,18990.0,18775.0,AL
25,AL2312,2023-10-26,19055.0,19090.0,18895.0,19000.0,188663,187541,1790953.0625,18985.0,18990.0,AL
25,AL2312,2023-10-27,19000.0,19000.0,18795.0,18905.0,192682,181067,1818350.92,18870.0,18985.0,AL
25,AL2312,2023-10-30,18925.0,19230.0,18910.0,19195.0,259720,206856,2484121.2075,19125.0,18870.0,AL
25,AL2312,2023-10-31,19270.0,19305.0,19115.0,19215.0,186513,209150,1791037.17,19205.0,19125.0,AL
25,AL2312,2023-11-01,19215.0,19260.0,19130.0,19235.0,130802,209738,1254884.875,19185.0,19205.0,AL
25,AL2312,2023-11-02,19265.0,19290.0,19170.0,19205.0,125726,204166,1208908.5325,19230.0,19185.0,AL
25,AL2312,2023-11-03,19190.0,19240.0,19115.0,19195.0,102656,203714,984531.42,19180.0,19230.0,AL
25,AL2312,2023-11-06,19195.0,19260.0,19080.0,19240.0,154130,197406,1477274.05,19165.0,19180.0,AL
25,AL2312,2023-11-07,19305.0,19370.0,19160.0,19175.0,149740,195616,1443485.155,19275.0,19165.0,AL
25,AL2312,2023-11-08,19170.0,19315.0,19120.0,19270.0,129605,197816,1246440.7975,19230.0,19275.0,AL
25,AL2312,2023-11-09,19260.0,19285.0,19110.0,19150.0,138875,189035,1332785.135,19190.0,19230.0,AL
25,AL2312,2023-11-10,19105.0,19190.0,19080.0,19100.0,117647,181079,1125515.7775,19130.0,19190.0,AL
25,AL2312,2023-11-13,19070.0,19070.0,18830.0,18880.0,199832,166159,1890705.795,18920.0,19130.0,AL
25,AL2312,2023-11-14,18960.0,19010.0,18890.0,18965.0,112564,155921,1066529.185,18945.0,18920.0,AL
25,AL2312,2023-11-15,18940.0,19135.0,18935.0,18995.0,132104,149611,1256678.3125,19025.0,18945.0,AL
24,AL2312,2023-11-16,19030.0,19030.0,18915.0,18965.0,99794,141309,946041.5375,18955.0,19025.0,AL
24,AL2312,2023-11-17,18980.0,18980.0,18775.0,18865.0,135350,133615,1277290.1175,18870.0,18955.0,AL
25,AL2401,2023-11-20,18800.0,19000.0,18765.0,18920.0,127709,151621,1206756.5925,18895.0,18835.0,AL
25,AL2401,2023-11-21,18905.0,19000.0,18865.0,18875.0,146410,160985,1385915.2075,18930.0,18895.0,AL
25,AL2401,2023-11-22,18880.0,18940.0,18705.0,18765.0,175389,170011,1650391.9475,18815.0,18930.0,AL
25,AL2401,2023-11-23,18785.0,18810.0,18675.0,18725.0,153066,173546,1434382.8525,18740.0,18815.0,AL
25,AL2401,2023-11-24,18725.0,18820.0,18675.0,18775.0,121762,168976,1142281.81,18760.0,18740.0,AL
25,AL2401,2023-11-27,18750.0,18945.0,18680.0,18905.0,204316,165210,1925411.3675,18845.0,18760.0,AL
25,AL2401,2023-11-28,18880.0,18895.0,18755.0,18810.0,154358,166915,1453145.7225,18825.0,18845.0,AL
25,AL2401,2023-11-29,18795.0,18865.0,18490.0,18520.0,250117,187940,2332935.315,18650.0,18825.0,AL
25,AL2401,2023-11-30,18565.0,18630.0,18520.0,18600.0,152918,176406,1420633.87,18580.0,18650.0,AL
25,AL2401,2023-12-01,18545.0,18625.0,18500.0,18530.0,112038,175150,1039577.6125,18555.0,18580.0,AL
25,AL2401,2023-12-04,18545.0,18765.0,18530.0,18595.0,135412,160009,1262429.7575,18645.0,18555.0,AL
25,AL2401,2023-12-05,18560.0,18575.0,18380.0,18445.0,139208,164777,1285537.915,18465.0,18645.0,AL
25,AL2401,2023-12-06,18390.0,18500.0,18370.0,18480.0,105083,161904,968664.8425,18435.0,18465.0,AL
25,AL2401,2023-12-07,18430.0,18490.0,18365.0,18435.0,88203,160084,812954.95,18430.0,18435.0,AL
25,AL2401,2023-12-08,18410.0,18525.0,18305.0,18490.0,123776,152647,1139456.3,18410.0,18430.0,AL
25,AL2401,2023-12-11,18470.0,18530.0,18240.0,18380.0,133912,154700,1228992.195,18355.0,18410.0,AL
25,AL2401,2023-12-12,18360.0,18475.0,18335.0,18430.0,91352,152418,840785.1375,18405.0,18355.0,AL
25,AL2401,2023-12-13,18435.0,18485.0,18300.0,18325.0,106067,155254,975862.2825,18400.0,18405.0,AL
25,AL2401,2023-12-14,18385.0,18675.0,18380.0,18650.0,157302,137623,1460383.3475,18565.0,18400.0,AL
25,AL2401,2023-12-15,18720.0,18800.0,18700.0,18740.0,124760,128089,1169258.0675,18740.0,18565.0,AL
24,AL2401,2023-12-18,18860.0,18950.0,18775.0,18910.0,123332,122781,1163468.85,18865.0,18740.0,AL
25,AL2402,2023-12-19,18885.0,18975.0,18825.0,18950.0,132177,157496,1248652.8325,18890.0,18770.0,AL
25,AL2402,2023-12-20,18965.0,19045.0,18860.0,19020.0,146730,189930,1389917.12,18945.0,18890.0,AL
25,AL2402,2023-12-21,18940.0,19000.0,18880.0,18995.0,131439,196707,1244613.0925,18935.0,18945.0,AL
25,AL2402,2023-12-22,18970.0,19245.0,18955.0,19165.0,198359,209054,1895692.36,19110.0,18935.0,AL
25,AL2402,2023-12-25,19215.0,19395.0,19030.0,19110.0,222597,203313,2139112.1325,19215.0,19110.0,AL
25,AL2402,2023-12-26,19155.0,19290.0,19085.0,19235.0,117144,206513,1124242.8625,19190.0,19215.0,AL
25,AL2402,2023-12-27,19235.0,19350.0,19200.0,19325.0,118298,209995,1139706.9325,19265.0,19190.0,AL
25,AL2402,2023-12-28,19430.0,19675.0,19420.0,19520.0,261053,219553,2551882.075,19550.0,19265.0,AL
25,AL2402,2023-12-29,19445.0,19615.0,19375.0,19505.0,151428,210510,1475935.345,19490.0,19550.0,AL
25,AL2402,2024-01-02,19525.0,19800.0,19315.0,19755.0,178195,210035,1744440.4375,19575.0,19490.0,AL
25,AL2402,2024-01-03,19670.0,19750.0,19325.0,19340.0,189801,186987,1847596.1375,19465.0,19575.0,AL
25,AL2402,2024-01-04,19330.0,19405.0,19145.0,19215.0,145769,170093,1404976.9225,19275.0,19465.0,AL
25,AL2402,2024-01-05,19180.0,19255.0,19115.0,19195.0,99901,159341,958332.1775,19185.0,19275.0,AL
25,AL2402,2024-01-08,19120.0,19255.0,19035.0,19130.0,129633,139545,1239067.3825,19115.0,19185.0,AL
25,AL2402,2024-01-09,19070.0,19070.0,18925.0,18970.0,121258,117876,1151608.8325,18990.0,19115.0,AL
26,AL2403,2024-01-10,19045.0,19155.0,18975.0,19000.0,96010,186794,915183.1625,19060.0,18995.0,AL
26,AL2403,2024-01-11,19050.0,19095.0,18975.0,19055.0,92863,195640,883790.31,19030.0,19060.0,AL
26,AL2403,2024-01-12,19080.0,19085.0,18935.0,19030.0,117133,200125,1113287.85,19005.0,19030.0,AL
26,AL2403,2024-01-15,19000.0,19050.0,18835.0,18885.0,154142,200337,1459647.4925,18935.0,19005.0,AL
25,AL2403,2024-01-16,18825.0,18910.0,18760.0,18805.0,123874,198923,1166218.195,18825.0,18935.0,AL
25,AL2403,2024-01-17,18830.0,18945.0,18810.0,18830.0,93994,197226,886990.62,18870.0,18825.0,AL
25,AL2403,2024-01-18,18810.0,18815.0,18705.0,18795.0,111021,200123,1041724.4125,18765.0,18870.0,AL
25,AL2403,2024-01-19,18745.0,18770.0,18610.0,18660.0,134623,203122,1258438.9475,18695.0,18765.0,AL
25,AL2403,2024-01-22,18690.0,18800.0,18630.0,18695.0,116769,204831,1092561.71,18710.0,18695.0,AL
25,AL2403,2024-01-23,18655.0,18710.0,18595.0,18675.0,116729,201537,1088347.965,18645.0,18710.0,AL
25,AL2403,2024-01-24,18700.0,19025.0,18695.0,19025.0,197490,204538,1866779.9275,18905.0,18645.0,AL
25,AL2403,2024-01-25,19075.0,19080.0,18830.0,18865.0,149666,190454,1415768.1075,18915.0,18905.0,AL
25,AL2403,2024-01-26,18925.0,19140.0,18875.0,19055.0,167960,189922,1598875.9,19035.0,18915.0,AL
25,AL2403,2024-01-29,19115.0,19250.0,18915.0,19005.0,183232,179400,1749195.0625,19090.0,19035.0,AL
25,AL2403,2024-01-30,19005.0,19060.0,18930.0,18950.0,103465,175627,982770.37,18995.0,19090.0,AL
25,AL2403,2024-01-31,18990.0,19060.0,18940.0,19010.0,116786,171096,1109702.9575,19000.0,18995.0,AL
25,AL2403,2024-02-01,19050.0,19185.0,18865.0,18900.0,165260,162850,1570196.1225,19000.0,19000.0,AL
25,AL2403,2024-02-02,18900.0,18980.0,18795.0,18810.0,110080,155667,1039767.1,18890.0,19000.0,AL
25,AL2403,2024-02-05,18870.0,18890.0,18725.0,18815.0,107381,154136,1009933.95,18810.0,18890.0,AL
25,AL2403,2024-02-06,18740.0,18865.0,18705.0,18850.0,85438,149365,802069.1725,18775.0,18810.0,AL
25,AL2403,2024-02-07,18905.0,19020.0,18855.0,18895.0,99621,136916,943446.5875,18940.0,18775.0,AL
25,AL2403,2024-02-08,18900.0,18995.0,18815.0,18905.0,77725,124008,734271.0125,18890.0,18940.0,AL
26,AL2404,2024-02-19,18900.0,19035.0,18740.0,18775.0,79141,172655,746267.7325,18855.0,18895.0,AL
25,AL2404,2024-02-20,18725.0,18790.0,18630.0,18690.0,123867,196837,1158578.32,18705.0,18855.0,AL
25,AL2404,2024-02-21,18675.0,19100.0,18655.0,18945.0,204675,198320,1933305.205,18890.0,18705.0,AL
25,AL2404,2024-02-22,18960.0,18975.0,18725.0,18800.0,150886,200245,1420011.1475,18820.0,18890.0,AL
25,AL2404,2024-02-23,18785.0,18915.0,18685.0,18850.0,157164,200875,1477680.225,18800.0,18820.0,AL
25,AL2404,2024-02-26,18785.0,18840.0,18700.0,18795.0,144306,208242,1353853.465,18760.0,18800.0,AL
25,AL2404,2024-02-27,18800.0,18930.0,18765.0,18835.0,141447,200909,1332693.3475,18840.0,18760.0,AL
25,AL2404,2024-02-28,18845.0,18880.0,18770.0,18790.0,116215,202673,1093709.9925,18820.0,18840.0,AL
25,AL2404,2024-02-29,18765.0,18950.0,18750.0,18925.0,143296,200351,1349926.87,18840.0,18820.0,AL
25,AL2404,2024-03-01,18945.0,19015.0,18930.0,18965.0,126389,206640,1198990.55,18970.0,18840.0,AL
25,AL2404,2024-03-04,18985.0,19055.0,18920.0,19030.0,115727,205261,1098352.0375,18980.0,18970.0,AL
25,AL2404,2024-03-05,18990.0,19130.0,18965.0,19060.0,113919,210200,1085244.5675,19050.0,18980.0,AL
25,AL2404,2024-03-06,19080.0,19125.0,18955.0,19055.0,112015,207400,1066023.4775,19030.0,19050.0,AL
25,AL2404,2024-03-07,19065.0,19150.0,19025.0,19130.0,105178,207783,1004216.5325,19095.0,19030.0,AL
25,AL2404,2024-03-08,19200.0,19235.0,19145.0,19200.0,111191,205700,1066935.865,19190.0,19095.0,AL
25,AL2404,2024-03-11,19230.0,19230.0,19065.0,19180.0,112645,199354,1078815.365,19150.0,19190.0,AL
25,AL2404,2024-03-12,19200.0,19250.0,19145.0,19180.0,87077,196334,835693.535,19190.0,19150.0,AL
25,AL2404,2024-03-13,19205.0,19270.0,19130.0,19235.0,100838,192135,968337.71,19205.0,19190.0,AL
25,AL2404,2024-03-14,19270.0,19360.0,19150.0,19150.0,138622,175900,1335117.86,19260.0,19205.0,AL
25,AL2404,2024-03-15,19150.0,19310.0,19130.0,19295.0,115655,160433,1111615.44,19220.0,19260.0,AL
25,AL2405,2024-03-18,19330.0,19345.0,19210.0,19270.0,138116,240390,1330848.6825,19270.0,19220.0,AL
25,AL2405,2024-03-19,19290.0,19430.0,19175.0,19215.0,184159,248939,1777973.6575,19305.0,19270.0,AL
25,AL2405,2024-03-20,19165.0,19315.0,19150.0,19285.0,120556,256697,1160450.875,19250.0,19305.0,AL
25,AL2405,2024-03-21,19320.0,19490.0,19295.0,19485.0,169331,281138,1641409.3625,19385.0,19250.0,AL
25,AL2405,2024-03-22,19510.0,19530.0,19335.0,19400.0,189882,276385,1843097.3825,19410.0,19385.0,AL
25,AL2405,2024-03-25,19445.0,19595.0,19400.0,19455.0,217004,275014,2113841.9225,19480.0,19410.0,AL
25,AL2405,2024-03-26,19490.0,19625.0,19465.0,19490.0,195983,274578,1915409.815,19545.0,19480.0,AL
25,AL2405,2024-03-27,19490.0,19520.0,19365.0,19415.0,167057,261012,1623590.83,19435.0,19545.0,AL
25,AL2405,2024-03-28,19380.0,19510.0,19355.0,19475.0,129099,255743,1254600.385,19435.0,19435.0,AL
25,AL2405,2024-03-29,19500.0,19745.0,19490.0,19710.0,203546,260121,1997005.3175,19620.0,19435.0,AL
25,AL2405,2024-04-01,19710.0,19820.0,19615.0,19770.0,156173,251364,1539944.1375,19720.0,19620.0,AL
25,AL2405,2024-04-02,19760.0,19815.0,19685.0,19810.0,122303,244882,1207456.905,19745.0,19720.0,AL
25,AL2405,2024-04-03,19885.0,19965.0,19810.0,19925.0,154786,229405,1539277.33,19885.0,19745.0,AL
25,AL2405,2024-04-08,20125.0,20385.0,19915.0,20205.0,195460,206430,1968764.03,20140.0,19885.0,AL
26,AL2406,2024-04-09,20225.0,20320.0,20120.0,20230.0,165748,299280,1676166.29,20225.0,20155.0,AL
26,AL2406,2024-04-10,20280.0,20535.0,20215.0,20505.0,286910,334555,2923541.7475,20375.0,20225.0,AL
26,AL2406,2024-04-11,20500.0,20595.0,20220.0,20460.0,316782,339041,3232360.3675,20405.0,20375.0,AL
26,AL2406,2024-04-12,20425.0,20790.0,20380.0,20735.0,278588,357673,2867421.3725,20585.0,20405.0,AL
26,AL2406,2024-04-15,20750.0,21345.0,20605.0,20685.0,501705,329993,5232852.22,20860.0,20585.0,AL
25,AL2406,2024-04-16,20585.0,20720.0,20160.0,20165.0,363620,306236,3712212.9,20415.0,20860.0,AL
25,AL2406,2024-04-17,20185.0,20390.0,20165.0,20360.0,225310,305764,2287399.835,20300.0,20415.0,AL
25,AL2406,2024-04-18,20405.0,20495.0,20225.0,20460.0,233777,303851,2383315.3375,20385.0,20300.0,AL
25,AL2406,2024-04-19,20475.0,20560.0,20265.0,20350.0,280012,289384,2853923.7875,20380.0,20385.0,AL
25,AL2406,2024-04-22,20380.0,20835.0,20380.0,20520.0,365965,290276,3764992.225,20575.0,20380.0,AL
25,AL2406,2024-04-23,20500.0,20605.0,20115.0,20200.0,314290,259884,3201930.705,20375.0,20575.0,AL
25,AL2406,2024-04-24,20000.0,20310.0,19950.0,20250.0,272282,241214,2743277.5175,20150.0,20375.0,AL
25,AL2406,2024-04-25,20280.0,20490.0,20230.0,20485.0,249125,235347,2533486.67,20335.0,20150.0,AL
25,AL2406,2024-04-26,20515.0,20650.0,20355.0,20625.0,226926,233702,2325859.2075,20495.0,20335.0,AL
25,AL2406,2024-04-29,20625.0,20770.0,20520.0,20535.0,226253,226693,2334834.13,20635.0,20495.0,AL
25,AL2406,2024-04-30,20585.0,20725.0,20490.0,20575.0,195773,212955,2017120.6375,20605.0,20635.0,AL
25,AL2406,2024-05-06,20485.0,20815.0,20465.0,20745.0,124556,221017,1287302.0575,20670.0,20605.0,AL
25,AL2406,2024-05-07,20720.0,20830.0,20585.0,20635.0,150341,209054,1556699.44,20705.0,20670.0,AL
25,AL2406,2024-05-08,20600.0,20655.0,20375.0,20415.0,192114,193517,1968291.835,20490.0,20705.0,AL
25,AL2406,2024-05-09,20405.0,20695.0,20365.0,20600.0,136454,190260,1403495.2975,20570.0,20490.0,AL
25,AL2406,2024-05-10,20600.0,20765.0,20560.0,20725.0,129211,187575,1334430.61,20655.0,20570.0,AL
25,AL2406,2024-05-13,20605.0,20635.0,20320.0,20575.0,198826,166710,2036278.05,20480.0,20655.0,AL
25,AL2406,2024-05-14,20640.0,20730.0,20505.0,20545.0,123785,160225,1276056.155,20615.0,20480.0,AL
25,AL2406,2024-05-15,20495.0,20545.0,20400.0,20505.0,118264,152926,1210210.6975,20465.0,20615.0,AL
25,AL2407,2024-05-16,20530.0,20935.0,20450.0,20800.0,229497,277003,2379339.06,20735.0,20485.0,AL
25,AL2407,2024-05-17,20670.0,20995.0,20650.0,20995.0,214584,305906,2234644.075,20825.0,20735.0,AL
25,AL2407,2024-05-20,20965.0,21370.0,20925.0,20945.0,335211,292540,3533257.9275,21080.0,20825.0,AL
25,AL2407,2024-05-21,20890.0,21565.0,20820.0,21095.0,484283,289420,5117858.09,21135.0,21080.0,AL
25,AL2407,2024-05-22,21350.0,21620.0,21170.0,21375.0,408618,297959,4370467.7525,21390.0,21135.0,AL
25,AL2407,2024-05-23,21110.0,21220.0,20700.0,20780.0,320362,256751,3357080.74,20955.0,21390.0,AL
25,AL2407,2024-05-24,20770.0,20980.0,20770.0,20855.0,207880,240967,2171633.74,20890.0,20955.0,AL
25,AL2407,2024-05-27,20975.0,21085.0,20910.0,20910.0,193586,237514,2032899.11,21000.0,20890.0,AL
25,AL2407,2024-05-28,20925.0,21315.0,20925.0,21190.0,236297,238540,2503190.5975,21185.0,21000.0,AL
25,AL2407,2024-05-29,21250.0,21520.0,21125.0,21520.0,258576,246022,2754631.2525,21305.0,21185.0,AL
25,AL2407,2024-05-30,21350.0,22040.0,21350.0,21560.0,572669,243775,6225859.69,21740.0,21305.0,AL
25,AL2407,2024-05-31,21360.0,21555.0,21280.0,21535.0,298569,225542,3201034.17,21440.0,21740.0,AL
25,AL2407,2024-06-03,21630.0,21670.0,21070.0,21170.0,336554,202109,3581521.8675,21280.0,21440.0,AL
25,AL2407,2024-06-04,21280.0,21465.0,21160.0,21395.0,225850,189981,2405162.4325,21295.0,21280.0,AL
25,AL2407,2024-06-05,21295.0,21350.0,21120.0,21135.0,201627,177411,2142240.73,21245.0,21295.0,AL
25,AL2407,2024-06-06,21090.0,21365.0,21050.0,21280.0,174539,171189,1852653.795,21225.0,21245.0,AL
25,AL2407,2024-06-07,21265.0,21445.0,21195.0,21220.0,157654,160267,1679299.9475,21300.0,21225.0,AL
25,AL2407,2024-06-11,21020.0,21025.0,20820.0,20905.0,148974,150384,1558531.6275,20920.0,21300.0,AL
25,AL2407,2024-06-12,20820.0,20900.0,20730.0,20800.0,138313,140419,1439841.89,20820.0,20920.0,AL
25,AL2407,2024-06-13,20970.0,20980.0,20615.0,20645.0,148462,132551,1540332.3925,20750.0,20820.0,AL
26,AL2408,2024-06-14,20780.0,20780.0,20580.0,20610.0,125161,219233,1293285.04,20665.0,20790.0,AL
26,AL2408,2024-06-17,20495.0,20565.0,20265.0,20290.0,211038,222063,2155381.6825,20425.0,20665.0,AL
25,AL2408,2024-06-18,20250.0,20485.0,20240.0,20385.0,167028,219180,1702783.2575,20385.0,20425.0,AL
25,AL2408,2024-06-19,20330.0,20545.0,20320.0,20475.0,123921,219672,1268120.6025,20465.0,20385.0,AL
25,AL2408,2024-06-20,20485.0,20600.0,20485.0,20595.0,130747,215155,1343130.2625,20545.0,20465.0,AL
25,AL2408,2024-06-21,20595.0,20660.0,20460.0,20470.0,139748,206486,1436407.62,20555.0,20545.0,AL
25,AL2408,2024-06-24,20430.0,20470.0,20305.0,20360.0,158408,202481,1615490.6175,20395.0,20555.0,AL
25,AL2408,2024-06-25,20395.0,20470.0,20275.0,20325.0,139711,201209,1422276.3225,20360.0,20395.0,AL
25,AL2408,2024-06-26,20315.0,20345.0,20135.0,20320.0,175899,198340,1779435.9575,20230.0,20360.0,AL
25,AL2408,2024-06-27,20320.0,20380.0,20170.0,20180.0,134318,199304,1360883.1975,20260.0,20230.0,AL
25,AL2408,2024-06-28,20235.0,20330.0,20160.0,20320.0,136577,191680,1383090.03,20250.0,20260.0,AL
25,AL2408,2024-07-01,20425.0,20445.0,20220.0,20320.0,124343,190593,1262353.44,20300.0,20250.0,AL
25,AL2408,2024-07-02,20355.0,20400.0,20270.0,20395.0,114819,185530,1168429.1875,20350.0,20300.0,AL
25,AL2408,2024-07-03,20440.0,20500.0,20360.0,20490.0,120869,181098,1234756.035,20430.0,20350.0,AL
25,AL2408,2024-07-04,20530.0,20550.0,20405.0,20420.0,97797,179812,1001270.045,20475.0,20430.0,AL
25,AL2408,2024-07-05,20405.0,20520.0,20290.0,20300.0,145167,170190,1480497.475,20395.0,20475.0,AL
25,AL2408,2024-07-08,20400.0,20480.0,20310.0,20345.0,130151,165310,1326761.4325,20385.0,20395.0,AL
25,AL2408,2024-07-09,20370.0,20485.0,20330.0,20460.0,124825,166639,1274049.3525,20410.0,20385.0,AL
25,AL2408,2024-07-10,20415.0,20440.0,19950.0,20100.0,181561,161931,1838711.425,20250.0,20410.0,AL
25,AL2408,2024-07-11,20140.0,20270.0,20140.0,20205.0,124272,147861,1255710.045,20205.0,20250.0,AL
25,AL2408,2024-07-12,20250.0,20300.0,19890.0,20010.0,149060,140026,1495911.08,20070.0,20205.0,AL
26,AL2409,2024-07-15,20095.0,20165.0,19955.0,19970.0,116708,204068,1169970.045,20045.0,20100.0,AL
25,AL2409,2024-07-16,19970.0,20050.0,19790.0,19860.0,155590,221137,1547750.4425,19895.0,20045.0,AL
25,AL2409,2024-07-17,19800.0,19885.0,19710.0,19740.0,165511,222420,1638004.425,19790.0,19895.0,AL
25,AL2409,2024-07-18,19785.0,19810.0,19590.0,19765.0,163052,231197,1606476.91,19705.0,19790.0,AL
25,AL2409,2024-07-19,19630.0,19680.0,19535.0,19615.0,159299,235635,1561578.1325,19605.0,19705.0,AL
25,AL2409,2024-07-22,19550.0,19670.0,19450.0,19450.0,158978,239417,1554218.0275,19550.0,19605.0,AL
25,AL2409,2024-07-23,19350.0,19470.0,19260.0,19290.0,162077,238873,1568599.405,19355.0,19550.0,AL
25,AL2409,2024-07-24,19345.0,19410.0,19220.0,19320.0,158279,232629,1528769.255,19315.0,19355.0,AL
25,AL2409,2024-07-25,19350.0,19365.0,19030.0,19175.0,214612,225958,2058802.1775,19185.0,19315.0,AL
25,AL2409,2024-07-26,19130.0,19300.0,19090.0,19250.0,173543,215650,1666344.125,19200.0,19185.0,AL
25,AL2409,2024-07-29,19290.0,19420.0,19180.0,19195.0,166511,211601,1606557.555,19295.0,19200.0,AL
25,AL2409,2024-07-30,19155.0,19205.0,18925.0,18950.0,174122,219995,1657294.0775,19035.0,19295.0,AL
25,AL2409,2024-07-31,18835.0,19155.0,18785.0,19135.0,190576,206742,1810634.955,19000.0,19035.0,AL
25,AL2409,2024-08-01,19285.0,19375.0,19175.0,19235.0,180106,193102,1736303.17,19280.0,19000.0,AL
25,AL2409,2024-08-02,19235.0,19330.0,19075.0,19220.0,161671,182742,1552893.6975,19210.0,19280.0,AL
25,AL2409,2024-08-05,19130.0,19200.0,18860.0,18895.0,211233,184958,2004907.0525,18980.0,19210.0,AL
25,AL2409,2024-08-06,18800.0,18975.0,18730.0,18795.0,171391,180222,1614286.51,18835.0,18980.0,AL
25,AL2409,2024-08-07,18920.0,19035.0,18885.0,18920.0,147206,169708,1395112.4525,18950.0,18835.0,AL
25,AL2409,2024-08-08,18890.0,19025.0,18820.0,18945.0,143187,168625,1354221.245,18915.0,18950.0,AL
25,AL2409,2024-08-09,18905.0,19225.0,18895.0,19125.0,158706,158252,1514317.2825,19080.0,18915.0,AL
25,AL2409,2024-08-12,19170.0,19255.0,19060.0,19180.0,123205,152834,1179672.98,19145.0,19080.0,AL
25,AL2409,2024-08-13,19210.0,19215.0,18935.0,18995.0,127155,158819,1213164.8575,19080.0,19145.0,AL
25,AL2409,2024-08-14,19040.0,19140.0,18965.0,19015.0,125530,150305,1195126.615,19040.0,19080.0,AL
25,AL2409,2024-08-15,19095.0,19205.0,19005.0,19205.0,148327,135815,1417455.13,19110.0,19040.0,AL
24,AL2409,2024-08-16,19205.0,19390.0,19145.0,19370.0,122776,124800,1184468.935,19290.0,19110.0,AL
25,AL2410,2024-08-19,19350.0,19635.0,19310.0,19610.0,135565,180544,1321363.1725,19490.0,19335.0,AL
25,AL2410,2024-08-20,19710.0,19780.0,19580.0,19685.0,159659,176739,1570886.8125,19675.0,19490.0,AL
25,AL2410,2024-08-21,19840.0,19855.0,19640.0,19835.0,155213,178837,1532817.315,19750.0,19675.0,AL
25,AL2410,2024-08-22,19815.0,19935.0,19705.0,19870.0,153354,185953,1519889.9375,19820.0,19750.0,AL
25,AL2410,2024-08-23,19840.0,19880.0,19745.0,19795.0,137045,180524,1358579.9475,19825.0,19820.0,AL
25,AL2410,2024-08-26,19880.0,19990.0,19840.0,19925.0,159839,184377,1591435.9225,19910.0,19825.0,AL
25,AL2410,2024-08-27,19930.0,19980.0,19845.0,19900.0,127360,183123,1267333.3375,19900.0,19910.0,AL
25,AL2410,2024-08-28,19950.0,20045.0,19895.0,19905.0,140178,188340,1399604.3425,19965.0,19900.0,AL
25,AL2410,2024-08-29,19845.0,19925.0,19640.0,19710.0,183951,183895,1818156.8525,19765.0,19965.0,AL
25,AL2410,2024-08-30,19660.0,19885.0,19625.0,19850.0,150625,183723,1486957.81,19740.0,19765.0,AL
25,AL2410,2024-09-02,19845.0,19845.0,19525.0,19550.0,153763,174674,1511284.5525,19655.0,19740.0,AL
25,AL2410,2024-09-03,19520.0,19610.0,19485.0,19500.0,107228,170555,1048346.625,19550.0,19655.0,AL
25,AL2410,2024-09-04,19500.0,19560.0,19350.0,19350.0,155085,167736,1507168.565,19435.0,19550.0,AL
25,AL2410,2024-09-05,19350.0,19420.0,19190.0,19195.0,146044,161857,1412098.385,19335.0,19435.0,AL
25,AL2410,2024-09-06,19280.0,19385.0,19200.0,19310.0,125498,157072,1210326.7625,19285.0,19335.0,AL
25,AL2410,2024-09-09,19330.0,19370.0,19050.0,19215.0,139752,154774,1339708.54,19170.0,19285.0,AL
25,AL2410,2024-09-10,19185.0,19480.0,19150.0,19390.0,144218,149626,1394105.9975,19330.0,19170.0,AL
25,AL2410,2024-09-11,19350.0,19455.0,19260.0,19450.0,129198,139083,1249788.965,19345.0,19330.0,AL
25,AL2410,2024-09-12,19450.0,19740.0,19385.0,19725.0,158697,127238,1554330.88,19585.0,19345.0,AL
25,AL2410,2024-09-13,19745.0,19830.0,19710.0,19745.0,110882,115500,1095695.715,19760.0,19585.0,AL
26,AL2411,2024-09-18,20050.0,20050.0,19850.0,19925.0,109729,150857,1093143.55,19920.0,19760.0,AL
25,AL2411,2024-09-19,20000.0,20135.0,19805.0,20130.0,180724,172343,1803878.89,19960.0,19920.0,AL
25,AL2411,2024-09-20,20105.0,20135.0,20000.0,20070.0,133745,175202,1342303.075,20070.0,19960.0,AL
25,AL2411,2024-09-23,19980.0,20000.0,19730.0,19740.0,184828,170155,1833268.9075,19835.0,20070.0,AL
25,AL2411,2024-09-24,19785.0,20025.0,19780.0,19980.0,151718,169586,1510200.175,19905.0,19835.0,AL
25,AL2411,2024-09-25,20065.0,20315.0,20035.0,20055.0,197973,167739,1995896.165,20160.0,19905.0,AL
25,AL2411,2024-09-26,20010.0,20165.0,19985.0,20150.0,166533,164467,1672612.255,20085.0,20160.0,AL
25,AL2411,2024-09-27,20295.0,20475.0,20225.0,20455.0,198584,172426,2021217.4625,20355.0,20085.0,AL
25,AL2411,2024-09-30,20355.0,20635.0,20330.0,20460.0,180034,163427,1845335.0525,20495.0,20355.0,AL
25,AL2411,2024-10-08,20600.0,20935.0,20540.0,20625.0,171526,161184,1775059.5825,20695.0,20495.0,AL
25,AL2411,2024-10-09,20600.0,20660.0,20470.0,20500.0,152974,158718,1573044.9775,20565.0,20695.0,AL
25,AL2411,2024-10-10,20390.0,20645.0,20300.0,20585.0,155816,154437,1596377.92,20490.0,20565.0,AL
25,AL2411,2024-10-11,20670.0,20845.0,20630.0,20825.0,138735,155540,1438525.9825,20735.0,20490.0,AL
25,AL2411,2024-10-14,20940.0,20990.0,20730.0,20880.0,169627,148075,1770198.715,20870.0,20735.0,AL
25,AL2411,2024-10-15,20780.0,20850.0,20540.0,20605.0,141944,139789,1471274.7275,20730.0,20870.0,AL
24,AL2411,2024-10-16,20570.0,20750.0,20560.0,20705.0,99657,132784,1030387.4975,20675.0,20730.0,AL
25,AL2412,2024-10-17,20800.0,20875.0,20515.0,20530.0,119170,191042,1236381.7575,20745.0,20710.0,AL
25,AL2412,2024-10-18,20565.0,20715.0,20525.0,20640.0,132882,198876,1368783.8675,20600.0,20745.0,AL
25,AL2412,2024-10-21,20735.0,20940.0,20650.0,20940.0,160387,219916,1668252.485,20800.0,20600.0,AL
25,AL2412,2024-10-22,20860.0,20890.0,20680.0,20840.0,131571,218030,1367664.755,20785.0,20800.0,AL
25,AL2412,2024-10-23,20940.0,21015.0,20820.0,20875.0,177360,228039,1854860.6175,20915.0,20785.0,AL
25,AL2412,2024-10-24,20875.0,21185.0,20820.0,21105.0,246132,241994,2590151.175,21045.0,20915.0,AL
25,AL2412,2024-10-25,21025.0,21075.0,20610.0,20760.0,232658,214674,2424817.84,20840.0,21045.0,AL
25,AL2412,2024-10-28,20875.0,21030.0,20850.0,20895.0,191189,209779,2002472.7675,20945.0,20840.0,AL
25,AL2412,2024-10-29,20830.0,20870.0,20700.0,20790.0,133226,206199,1384409.8425,20780.0,20945.0,AL
25,AL2412,2024-10-30,20870.0,20885.0,20720.0,20865.0,129312,206662,1345881.5375,20815.0,20780.0,AL
25,AL2412,2024-10-31,20810.0,20835.0,20630.0,20710.0,144904,198152,1502353.31,20735.0,20815.0,AL
25,AL2412,2024-11-01,20775.0,20870.0,20705.0,20795.0,129499,193489,1346122.2425,20785.0,20735.0,AL
25,AL2412,2024-11-04,20880.0,20910.0,20540.0,20855.0,171118,190052,1776881.8325,20765.0,20785.0,AL
25,AL2412,2024-11-05,20805.0,21085.0,20785.0,21010.0,143063,204444,1497859.9475,20935.0,20765.0,AL
25,AL2412,2024-11-06,21050.0,21205.0,20955.0,20960.0,148203,204038,1561000.88,21065.0,20935.0,AL
25,AL2412,2024-11-07,20865.0,21490.0,20820.0,21450.0,250844,221110,2660356.77,21210.0,21065.0,AL
25,AL2412,2024-11-08,21650.0,21820.0,21560.0,21690.0,230988,220150,2503248.7725,21670.0,21210.0,AL
25,AL2412,2024-11-11,21490.0,21630.0,21300.0,21390.0,208100,200649,2233364.205,21460.0,21670.0,AL
25,AL2412,2024-11-12,21280.0,21325.0,20860.0,20915.0,183095,171680,1933792.0525,21120.0,21460.0,AL
25,AL2412,2024-11-13,20870.0,20955.0,20660.0,20765.0,140791,154953,1465922.4,20820.0,21120.0,AL
25,AL2412,2024-11-14,20765.0,20820.0,20515.0,20560.0,115261,146534,1191300.9725,20670.0,20820.0,AL
26,AL2501,2024-11-15,20650.0,20915.0,20650.0,20800.0,147621,198725,1535327.76,20800.0,20690.0,AL
25,AL2501,2024-11-18,20955.0,20955.0,20290.0,20515.0,403195,208979,4143566.0725,20550.0,20800.0,AL
25,AL2501,2024-11-19,20350.0,20640.0,20325.0,20585.0,158446,209101,1621796.69,20470.0,20550.0,AL
25,AL2501,2024-11-20,20540.0,20840.0,20520.0,20800.0,132721,212028,1373311.4125,20690.0,20470.0,AL
25,AL2501,2024-11-21,20750.0,20815.0,20605.0,20720.0,139136,205952,1440509.9725,20705.0,20690.0,AL
25,AL2501,2024-11-22,20700.0,20710.0,20405.0,20420.0,173307,196633,1780831.2225,20550.0,20705.0,AL
25,AL2501,2024-11-25,20360.0,20630.0,20355.0,20620.0,145678,190915,1495978.135,20535.0,20550.0,AL
25,AL2501,2024-11-26,20590.0,20705.0,20520.0,20560.0,138014,188429,1421613.645,20600.0,20535.0,AL
25,AL2501,2024-11-27,20560.0,20615.0,20475.0,20575.0,132609,182760,1362476.1475,20545.0,20600.0,AL
25,AL2501,2024-11-28,20555.0,20570.0,20220.0,20225.0,220877,178741,2248186.205,20355.0,20545.0,AL
25,AL2501,2024-11-29,20235.0,20455.0,20220.0,20390.0,139877,170438,1422211.8425,20335.0,20355.0,AL
25,AL2501,2024-12-02,20370.0,20480.0,20320.0,20390.0,118177,162170,1204771.6475,20385.0,20335.0,AL
25,AL2501,2024-12-03,20380.0,20475.0,20295.0,20385.0,102614,158208,1045821.4575,20380.0,20385.0,AL
25,AL2501,2024-12-04,20430.0,20625.0,20340.0,20580.0,131287,156868,1342977.1525,20455.0,20380.0,AL
25,AL2501,2024-12-05,20535.0,20695.0,20470.0,20505.0,125581,151757,1292023.475,20575.0,20455.0,AL
25,AL2501,2024-12-06,20560.0,20570.0,20290.0,20310.0,139548,140486,1424627.1675,20415.0,20575.0,AL
25,AL2501,2024-12-09,20290.0,20415.0,20275.0,20340.0,99306,132457,1010080.5125,20340.0,20415.0,AL
25,AL2501,2024-12-10,20420.0,20535.0,20265.0,20295.0,119605,125551,1219256.0475,20385.0,20340.0,AL
26,AL2502,2024-12-11,20275.0,20475.0,20275.0,20400.0,86664,162264,883419.3275,20385.0,20410.0,AL
26,AL2502,2024-12-12,20370.0,20590.0,20345.0,20560.0,109322,177245,1119374.35,20475.0,20385.0,AL
26,AL2502,2024-12-13,20485.0,20515.0,20215.0,20350.0,160090,176820,1632232.92,20390.0,20475.0,AL
26,AL2502,2024-12-16,20395.0,20465.0,20180.0,20215.0,146432,185854,1486371.2875,20300.0,20390.0,AL
25,AL2502,2024-12-17,20170.0,20205.0,19910.0,19925.0,156978,202344,1572602.8775,20035.0,20300.0,AL
25,AL2502,2024-12-18,19945.0,19995.0,19850.0,19925.0,126641,200446,1261202.95,19915.0,20035.0,AL
25,AL2502,2024-12-19,19930.0,19950.0,19770.0,19850.0,139803,200674,1388928.285,19865.0,19915.0,AL
25,AL2502,2024-12-20,19845.0,20025.0,19825.0,19975.0,103178,195432,1028047.29,19925.0,19865.0,AL
25,AL2502,2024-12-23,19945.0,20055.0,19880.0,19915.0,121086,190025,1208841.34,19965.0,19925.0,AL
25,AL2502,2024-12-24,19945.0,19965.0,19780.0,19880.0,119502,187216,1186027.455,19845.0,19965.0,AL
25,AL2502,2024-12-25,19980.0,19990.0,19840.0,19895.0,96751,188279,963017.06,19905.0,19845.0,AL
25,AL2502,2024-12-26,19875.0,19935.0,19710.0,19760.0,122625,186292,1214864.26,19810.0,19905.0,AL
25,AL2502,2024-12-27,19800.0,19850.0,19715.0,19795.0,122754,180341,1214277.8025,19780.0,19810.0,AL
25,AL2502,2024-12-30,19770.0,19910.0,19695.0,19805.0,148262,169691,1466227.1875,19775.0,19780.0,AL
25,AL2502,2024-12-31,19805.0,19835.0,19750.0,19780.0,91730,159521,907809.3925,19790.0,19775.0,AL
25,AL2502,2025-01-02,19850.0,19985.0,19790.0,19945.0,97834,151307,973166.275,19890.0,19790.0,AL
25,AL2502,2025-01-03,19920.0,20025.0,19780.0,19840.0,145858,139756,1451325.6975,19900.0,19890.0,AL
25,AL2502,2025-01-06,19780.0,19815.0,19530.0,19565.0,159944,146626,1573402.3025,19670.0,19900.0,AL
25,AL2502,2025-01-07,19630.0,19725.0,19615.0,19680.0,100814,138998,990955.86,19655.0,19670.0,AL
25,AL2502,2025-01-08,19735.0,19790.0,19680.0,19715.0,96839,126252,955721.1425,19735.0,19655.0,AL
25,AL2502,2025-01-09,19670.0,20000.0,19610.0,19945.0,142701,118513,1411704.0375,19785.0,19735.0,AL
25,AL2502,2025-01-10,19960.0,20185.0,19930.0,20145.0,123110,114240,1234536.325,20055.0,19785.0,AL
26,AL2503,2025-01-13,20225.0,20320.0,20160.0,20255.0,131804,169998,1333894.33,20240.0,20090.0,AL
26,AL2503,2025-01-14,20260.0,20360.0,20200.0,20300.0,138008,183023,1400070.09,20285.0,20240.0,AL
26,AL2503,2025-01-15,20285.0,20300.0,20025.0,20185.0,163191,180254,1645376.1675,20165.0,20285.0,AL
25,AL2503,2025-01-16,20200.0,20425.0,20180.0,20300.0,174117,186650,1768133.56,20305.0,20165.0,AL
25,AL2503,2025-01-17,20430.0,20540.0,20335.0,20470.0,157653,202615,1611369.8375,20440.0,20305.0,AL
25,AL2503,2025-01-20,20550.0,20550.0,20345.0,20405.0,151191,200418,1546121.6075,20450.0,20440.0,AL
25,AL2503,2025-01-21,20440.0,20490.0,20375.0,20415.0,104070,201126,1063075.4975,20430.0,20450.0,AL
25,AL2503,2025-01-22,20335.0,20375.0,20275.0,20315.0,107934,193195,1096838.4325,20320.0,20430.0,AL
25,AL2503,2025-01-23,20280.0,20300.0,20060.0,20130.0,143716,177984,1450462.835,20185.0,20320.0,AL
25,AL2503,2025-01-24,20160.0,20425.0,20160.0,20400.0,124889,172658,1266198.81,20275.0,20185.0,AL
25,AL2503,2025-01-27,20425.0,20425.0,20150.0,20240.0,104510,162606,1057950.1075,20245.0,20275.0,AL
25,AL2503,2025-02-05,20320.0,20390.0,20155.0,20215.0,81630,165367,827250.7325,20265.0,20245.0,AL
25,AL2503,2025-02-06,20150.0,20380.0,20085.0,20335.0,124829,162138,1263017.5125,20235.0,20265.0,AL
25,AL2503,2025-02-07,20350.0,20670.0,20305.0,20600.0,140555,173431,1440557.2425,20495.0,20235.0,AL
25,AL2503,2025-02-10,20530.0,20600.0,20405.0,20550.0,118822,168629,1218489.0025,20505.0,20495.0,AL
25,AL2503,2025-02-11,20585.0,20780.0,20560.0,20675.0,134973,172963,1395425.7275,20675.0,20505.0,AL
25,AL2503,2025-02-12,20610.0,20690.0,20520.0,20575.0,96138,159304,989687.6675,20585.0,20675.0,AL
25,AL2503,2025-02-13,20530.0,20640.0,20490.0,20550.0,93045,148221,956616.66,20560.0,20585.0,AL
26,AL2504,2025-02-14,20530.0,20785.0,20510.0,20745.0,102507,206113,1058727.295,20655.0,20605.0,AL
26,AL2504,2025-02-17,20845.0,20880.0,20600.0,20660.0,134838,215203,1396471.3125,20710.0,20655.0,AL
25,AL2504,2025-02-18,20645.0,20690.0,20585.0,20665.0,91141,221739,940495.0275,20635.0,20710.0,AL
25,AL2504,2025-02-19,20650.0,20750.0,20630.0,20700.0,85946,227797,889311.8525,20690.0,20635.0,AL
25,AL2504,2025-02-20,20790.0,20875.0,20700.0,20830.0,142780,244271,1484382.04,20790.0,20690.0,AL
25,AL2504,2025-02-21,20865.0,20955.0,20790.0,20825.0,144656,255068,1509974.51,20875.0,20790.0,AL
25,AL2504,2025-02-24,20760.0,20875.0,20635.0,20690.0,168441,238016,1746400.4225,20735.0,20875.0,AL
25,AL2504,2025-02-25,20670.0,20730.0,20435.0,20530.0,185464,213407,1905468.11,20545.0,20735.0,AL
25,AL2504,2025-02-26,20550.0,20680.0,20540.0,20615.0,144745,203584,1491798.4875,20610.0,20545.0,AL
25,AL2504,2025-02-27,20650.0,20665.0,20500.0,20620.0,123996,199602,1275428.5275,20570.0,20610.0,AL
25,AL2504,2025-02-28,20620.0,20725.0,20565.0,20640.0,124155,197846,1281982.68,20650.0,20570.0,AL
25,AL2504,2025-03-03,20640.0,20725.0,20535.0,20670.0,125636,195787,1296552.0925,20635.0,20650.0,AL
25,AL2504,2025-03-04,20720.0,20755.0,20595.0,20630.0,115799,189822,1197247.8075,20675.0,20635.0,AL
25,AL2504,2025-03-05,20670.0,20675.0,20560.0,20620.0,118388,182929,1219966.7375,20605.0,20675.0,AL
25,AL2504,2025-03-06,20680.0,20940.0,20590.0,20865.0,207235,199721,2156389.89,20810.0,20605.0,AL
25,AL2504,2025-03-07,20865.0,20995.0,20810.0,20835.0,125358,200021,1309231.7375,20885.0,20810.0,AL
25,AL2504,2025-03-10,20855.0,20950.0,20790.0,20895.0,121116,195806,1264100.04,20870.0,20885.0,AL
25,AL2504,2025-03-11,20905.0,20925.0,20615.0,20845.0,170535,172039,1770080.5325,20755.0,20870.0,AL
26,AL2505,2025-03-12,20930.0,21065.0,20840.0,21000.0,139334,236262,1460886.4225,20965.0,20790.0,AL
26,AL2505,2025-03-13,21060.0,21100.0,20910.0,20970.0,145364,259716,1525572.7375,20985.0,20965.0,AL
26,AL2505,2025-03-14,20945.0,21130.0,20875.0,20990.0,177419,268483,1861560.6825,20980.0,20985.0,AL
26,AL2505,2025-03-17,20985.0,21005.0,20820.0,20925.0,163228,262836,1706745.7075,20910.0,20980.0,AL
25,AL2505,2025-03-18,20900.0,20960.0,20710.0,20715.0,171936,255672,1791525.745,20835.0,20910.0,AL
25,AL2505,2025-03-19,20715.0,20770.0,20570.0,20705.0,208555,239612,2155096.5975,20665.0,20835.0,AL
25,AL2505,2025-03-20,20760.0,20950.0,20680.0,20895.0,226204,246696,2356494.25,20835.0,20665.0,AL
25,AL2505,2025-03-21,20875.0,20895.0,20690.0,20700.0,168840,234834,1755915.0625,20795.0,20835.0,AL
25,AL2505,2025-03-24,20665.0,20770.0,20640.0,20750.0,148045,226984,1532301.9575,20700.0,20795.0,AL
25,AL2505,2025-03-25,20750.0,20750.0,20590.0,20705.0,139291,226295,1439312.8425,20665.0,20700.0,AL
25,AL2505,2025-03-26,20705.0,20755.0,20650.0,20720.0,153556,218751,1589574.5625,20700.0,20665.0,AL
25,AL2505,2025-03-27,20710.0,20870.0,20665.0,20815.0,178164,211849,1851294.3325,20780.0,20700.0,AL
25,AL2505,2025-03-28,20710.0,20720.0,20550.0,20580.0,215398,206754,2220062.61,20610.0,20780.0,AL
25,AL2505,2025-03-31,20590.0,20640.0,20465.0,20480.0,167222,201164,1717295.36,20535.0,20610.0,AL
25,AL2505,2025-04-01,20480.0,20585.0,20410.0,20525.0,135031,193774,1383281.9825,20485.0,20535.0,AL
25,AL2505,2025-04-02,20425.0,20525.0,20365.0,20435.0,126556,185377,1293465.2825,20440.0,20485.0,AL
25,AL2505,2025-04-03,20455.0,20520.0,20330.0,20420.0,144438,174032,1475874.55,20435.0,20440.0,AL
25,AL2505,2025-04-07,19000.0,19905.0,19000.0,19685.0,271146,160288,2650158.53,19545.0,20435.0,AL
25,AL2505,2025-04-08,19705.0,19905.0,19600.0,19635.0,200852,152242,1982431.5875,19740.0,19545.0,AL
25,AL2505,2025-04-09,19690.0,19770.0,19210.0,19325.0,253606,144603,2465851.18,19445.0,19740.0,AL
25,AL2505,2025-04-10,19265.0,19880.0,19225.0,19805.0,223128,129672,2188768.12,19615.0,19445.0,AL
26,AL2506,2025-04-11,19740.0,19775.0,19485.0,19640.0,144072,189974,1413938.55,19625.0,19560.0,AL
26,AL2506,2025-04-14,19700.0,19805.0,19615.0,19685.0,145868,200700,1437923.2475,19715.0,19625.0,AL
26,AL2506,2025-04-15,19690.0,19720.0,19535.0,19595.0,121769,213807,1194962.605,19625.0,19715.0,AL
25,AL2506,2025-04-16,19590.0,19650.0,19485.0,19545.0,140731,220926,1377290.495,19570.0,19625.0,AL
25,AL2506,2025-04-17,19550.0,19725.0,19505.0,19645.0,147942,218124,1452832.6475,19640.0,19570.0,AL
25,AL2506,2025-04-18,19660.0,19780.0,19640.0,19695.0,124520,214221,1226649.22,19700.0,19640.0,AL
25,AL2506,2025-04-21,19680.0,19900.0,19625.0,19870.0,171811,212640,1698988.2875,19775.0,19700.0,AL
25,AL2506,2025-04-22,19900.0,19900.0,19645.0,19745.0,147966,213573,1461713.7475,19755.0,19775.0,AL
25,AL2506,2025-04-23,19765.0,19895.0,19730.0,19860.0,157298,203180,1558470.98,19815.0,19755.0,AL
25,AL2506,2025-04-24,19885.0,19955.0,19865.0,19930.0,159869,200817,1591383.2825,19905.0,19815.0,AL
25,AL2506,2025-04-25,19905.0,20040.0,19845.0,20030.0,161380,195284,1610183.8225,19955.0,19905.0,AL
25,AL2506,2025-04-28,19950.0,19995.0,19860.0,19935.0,136259,191059,1357588.54,19925.0,19955.0,AL
25,AL2506,2025-04-29,19940.0,19965.0,19880.0,19930.0,109626,188496,1092007.1875,19920.0,19925.0,AL
25,AL2506,2025-04-30,19990.0,20055.0,19900.0,19910.0,127011,183869,1269206.935,19985.0,19920.0,AL
25,AL2506,2025-05-06,19920.0,20050.0,19775.0,19785.0,138706,183758,1378067.715,19870.0,19985.0,AL
25,AL2506,2025-05-07,19770.0,19905.0,19415.0,19465.0,266742,194811,2620602.845,19645.0,19870.0,AL
25,AL2506,2025-05-08,19465.0,19635.0,19300.0,19510.0,267563,192705,2606084.2025,19480.0,19645.0,AL
25,AL2506,2025-05-09,19560.0,19645.0,19530.0,19585.0,115651,181738,1132777.1525,19585.0,19480.0,AL
25,AL2506,2025-05-12,19590.0,19920.0,19555.0,19910.0,186779,167645,1845197.1675,19755.0,19585.0,AL
25,AL2506,2025-05-13,20050.0,20175.0,19925.0,20005.0,140816,160449,1408144.4875,19995.0,19755.0,AL
26,AL2507,2025-05-14,19960.0,20260.0,19905.0,20240.0,172143,188544,1732000.4025,20120.0,19945.0,AL
26,AL2507,2025-05-15,20255.0,20290.0,20150.0,20185.0,170538,200883,1725490.8,20235.0,20120.0,AL
25,AL2507,2025-05-16,20150.0,20230.0,20085.0,20130.0,135974,204057,1370064.7975,20150.0,20235.0,AL
25,AL2507,2025-05-19,20125.0,20300.0,20080.0,20110.0,199900,201358,2015948.6325,20165.0,20150.0,AL
25,AL2507,2025-05-20,20050.0,20110.0,20005.0,20075.0,106442,199766,1067636.335,20060.0,20165.0,AL
25,AL2507,2025-05-21,20135.0,20220.0,20120.0,20190.0,116735,200224,1177306.005,20170.0,20060.0,AL
25,AL2507,2025-05-22,20155.0,20265.0,20100.0,20210.0,119885,203373,1210542.97,20195.0,20170.0,AL
25,AL2507,2025-05-23,20150.0,20220.0,20115.0,20155.0,123251,202212,1242814.3925,20165.0,20195.0,AL
25,AL2507,2025-05-26,20125.0,20220.0,20075.0,20155.0,128212,206083,1292186.5675,20155.0,20165.0,AL
25,AL2507,2025-05-27,20150.0,20185.0,19965.0,20040.0,199922,202473,2005386.3425,20060.0,20155.0,AL
25,AL2507,2025-05-28,20165.0,20205.0,20090.0,20095.0,133894,203561,1349212.03,20150.0,20060.0,AL
25,AL2507,2025-05-29,20115.0,20245.0,20045.0,20200.0,168323,207900,1695309.8575,20140.0,20150.0,AL
25,AL2507,2025-05-30,20165.0,20180.0,20000.0,20070.0,171091,195664,1718356.4725,20085.0,20140.0,AL
25,AL2507,2025-06-03,20115.0,20200.0,19845.0,19860.0,183523,191144,1829896.365,19940.0,20085.0,AL
25,AL2507,2025-06-04,19900.0,20110.0,19890.0,20075.0,160576,189969,1607172.14,20015.0,19940.0,AL
25,AL2507,2025-06-05,20030.0,20145.0,19975.0,20010.0,127138,184164,1275012.66,20055.0,20015.0,AL
25,AL2507,2025-06-06,20050.0,20115.0,20010.0,20070.0,113736,181458,1141107.8475,20065.0,20055.0,AL
25,AL2507,2025-06-09,19980.0,20095.0,19940.0,20025.0,133229,181672,1332725.4575,20005.0,20065.0,AL
25,AL2507,2025-06-10,20075.0,20100.0,19925.0,19980.0,149209,184305,1492457.115,20000.0,20005.0,AL
25,AL2507,2025-06-11,20005.0,20285.0,20005.0,20250.0,198643,194628,2003775.315,20170.0,20000.0,AL
25,AL2507,2025-06-12,20230.0,20450.0,20215.0,20395.0,169366,206884,1722756.0925,20340.0,20170.0,AL
25,AL2507,2025-06-13,20360.0,20510.0,20345.0,20440.0,186321,211010,1903073.86,20425.0,20340.0,AL
25,AL2507,2025-06-16,20375.0,20475.0,20330.0,20405.0,156076,204300,1591537.4275,20390.0,20425.0,AL
24,AL2507,2025-06-17,20410.0,20475.0,20355.0,20460.0,101698,198944,1037644.725,20405.0,20390.0,AL
24,AL2507,2025-06-18,20520.0,20745.0,20500.0,20680.0,135602,198623,1399358.2275,20635.0,20405.0,AL
24,AL2507,2025-06-19,20650.0,20695.0,20525.0,20585.0,143884,175674,1482654.875,20605.0,20635.0,AL
25,AL2508,2025-06-20,20430.0,20490.0,20360.0,20370.0,99217,233494,1012860.66,20415.0,20475.0,AL
25,AL2508,2025-06-23,20425.0,20580.0,20340.0,20365.0,181056,253597,1848744.8775,20420.0,20415.0,AL
25,AL2508,2025-06-24,20415.0,20450.0,20255.0,20315.0,136633,250085,1388929.61,20330.0,20420.0,AL
25,AL2508,2025-06-25,20300.0,20360.0,20240.0,20355.0,117377,254015,1191366.4825,20295.0,20330.0,AL
25,AL2508,2025-06-26,20340.0,20455.0,20325.0,20445.0,152410,260549,1553191.695,20380.0,20295.0,AL
25,AL2508,2025-06-27,20490.0,20660.0,20470.0,20580.0,204284,270569,2101686.755,20575.0,20380.0,AL
25,AL2508,2025-06-30,20575.0,20620.0,20450.0,20580.0,167837,272406,1724723.4325,20550.0,20575.0,AL
25,AL2508,2025-07-01,20555.0,20640.0,20505.0,20635.0,134634,283099,1384212.3725,20560.0,20550.0,AL
25,AL2508,2025-07-02,20610.0,20725.0,20600.0,20635.0,146289,283729,1511876.665,20665.0,20560.0,AL
25,AL2508,2025-07-03,20640.0,20740.0,20630.0,20680.0,114240,281092,1181664.765,20685.0,20665.0,AL
25,AL2508,2025-07-04,20640.0,20695.0,20585.0,20635.0,114371,272187,1180490.6475,20640.0,20685.0,AL
25,AL2508,2025-07-07,20595.0,20625.0,20385.0,20410.0,148670,255324,1524096.7475,20500.0,20640.0,AL
25,AL2508,2025-07-08,20460.0,20570.0,20430.0,20525.0,109583,254726,1123148.46,20495.0,20500.0,AL
25,AL2508,2025-07-09,20510.0,20575.0,20455.0,20515.0,102569,250099,1052212.9075,20515.0,20495.0,AL
25,AL2508,2025-07-10,20520.0,20750.0,20515.0,20700.0,138934,255633,1436198.06,20670.0,20515.0,AL
25,AL2508,2025-07-11,20690.0,20795.0,20660.0,20695.0,120225,255146,1245462.04,20715.0,20670.0,AL
25,AL2508,2025-07-14,20640.0,20695.0,20220.0,20415.0,208641,222489,2131937.02,20435.0,20715.0,AL
25,AL2508,2025-07-15,20390.0,20440.0,20335.0,20430.0,103595,205194,1056382.7975,20390.0,20435.0,AL
25,AL2509,2025-07-16,20415.0,20440.0,20350.0,20435.0,74098,251743,755922.9275,20400.0,20365.0,AL
25,AL2509,2025-07-17,20415.0,20465.0,20390.0,20415.0,102174,268542,1043617.425,20425.0,20400.0,AL
25,AL2509,2025-07-18,20400.0,20580.0,20380.0,20510.0,129036,282655,1323191.89,20505.0,20425.0,AL
25,AL2509,2025-07-21,20560.0,20845.0,20550.0,20840.0,220654,316907,2289022.32,20745.0,20505.0,AL
25,AL2509,2025-07-22,20850.0,20955.0,20790.0,20900.0,153418,330897,1600164.9075,20860.0,20745.0,AL
25,AL2509,2025-07-23,20915.0,20975.0,20730.0,20790.0,144609,327482,1507224.0325,20845.0,20860.0,AL
25,AL2509,2025-07-24,20780.0,20815.0,20665.0,20760.0,145349,309943,1507227.8125,20735.0,20845.0,AL
25,AL2509,2025-07-25,20760.0,20810.0,20705.0,20760.0,143571,301970,1489771.7625,20750.0,20735.0,AL
25,AL2509,2025-07-28,20765.0,20790.0,20550.0,20615.0,188322,285172,1944652.2425,20650.0,20750.0,AL
25,AL2509,2025-07-29,20635.0,20695.0,20570.0,20605.0,119985,272707,1237402.96,20625.0,20650.0,AL
25,AL2509,2025-07-30,20585.0,20675.0,20570.0,20625.0,125168,261363,1290749.41,20620.0,20625.0,AL
25,AL2509,2025-07-31,20635.0,20670.0,20495.0,20510.0,145300,248613,1494747.91,20570.0,20620.0,AL
25,AL2509,2025-08-01,20480.0,20545.0,20430.0,20510.0,127617,233455,1306559.025,20475.0,20570.0,AL
25,AL2509,2025-08-04,20460.0,20540.0,20405.0,20525.0,106488,227036,1089342.5325,20455.0,20475.0,AL
25,AL2509,2025-08-05,20525.0,20570.0,20435.0,20560.0,99996,225945,1024788.7675,20495.0,20455.0,AL
25,AL2509,2025-08-06,20560.0,20675.0,20515.0,20650.0,92872,224937,956644.8525,20600.0,20495.0,AL
25,AL2509,2025-08-07,20760.0,20830.0,20725.0,20750.0,132302,232346,1373888.8875,20765.0,20600.0,AL
25,AL2509,2025-08-08,20715.0,20725.0,20630.0,20685.0,91804,221738,949023.4825,20670.0,20765.0,AL
25,AL2509,2025-08-11,20685.0,20735.0,20625.0,20700.0,87829,215510,908038.21,20675.0,20670.0,AL
25,AL2509,2025-08-12,20630.0,20740.0,20585.0,20735.0,83080,210986,858343.115,20660.0,20675.0,AL
25,AL2509,2025-08-13,20770.0,20855.0,20755.0,20790.0,82078,216466,853598.0075,20795.0,20660.0,AL
25,AL2509,2025-08-14,20780.0,20790.0,20635.0,20715.0,97989,202961,1014563.3025,20705.0,20795.0,AL
25,AL2509,2025-08-15,20710.0,20800.0,20700.0,20770.0,96350,193807,999351.4675,20740.0,20705.0,AL
25,AL2510,2025-08-18,20685.0,20700.0,20530.0,20595.0,144456,233223,1487152.1,20585.0,20725.0,AL
25,AL2510,2025-08-19,20580.0,20620.0,20535.0,20545.0,105187,234699,1082213.2225,20575.0,20585.0,AL
25,AL2510,2025-08-20,20540.0,20540.0,20430.0,20535.0,128168,228028,1313222.9075,20490.0,20575.0,AL
25,AL2510,2025-08-21,20570.0,20660.0,20530.0,20590.0,124523,233902,1282809.535,20600.0,20490.0,AL
25,AL2510,2025-08-22,20590.0,20730.0,20580.0,20630.0,134574,237287,1390924.2575,20670.0,20600.0,AL
25,AL2510,2025-08-25,20625.0,20800.0,20620.0,20770.0,146160,248343,1515978.85,20740.0,20670.0,AL
25,AL2510,2025-08-26,20750.0,20775.0,20680.0,20715.0,103054,251409,1068247.715,20730.0,20740.0,AL
25,AL2510,2025-08-27,20730.0,20950.0,20725.0,20810.0,212688,269866,2217739.745,20850.0,20730.0,AL
25,AL2510,2025-08-28,20735.0,20760.0,20660.0,20750.0,153341,245028,1587870.5025,20710.0,20850.0,AL
25,AL2510,2025-08-29,20760.0,20780.0,20680.0,20740.0,121242,236608,1256826.5675,20730.0,20710.0,AL
25,AL2510,2025-09-01,20745.0,20780.0,20585.0,20645.0,158586,221179,1639060.535,20670.0,20730.0,AL
25,AL2510,2025-09-02,20650.0,20755.0,20640.0,20720.0,103466,213947,1071651.555,20715.0,20670.0,AL
25,AL2510,2025-09-03,20680.0,20885.0,20660.0,20710.0,135601,218039,1408112.8625,20765.0,20715.0,AL
25,AL2510,2025-09-04,20710.0,20765.0,20525.0,20605.0,151216,206617,1560377.2425,20635.0,20765.0,AL
25,AL2510,2025-09-05,20620.0,20715.0,20605.0,20695.0,101535,197393,1049374.4325,20670.0,20635.0,AL
25,AL2510,2025-09-08,20750.0,20790.0,20655.0,20720.0,107519,195780,1113392.2075,20710.0,20670.0,AL
25,AL2510,2025-09-09,20695.0,20805.0,20695.0,20750.0,99364,194194,1031023.7025,20750.0,20710.0,AL
25,AL2510,2025-09-10,20750.0,20825.0,20735.0,20790.0,93249,196440,969280.2175,20785.0,20750.0,AL
25,AL2510,2025-09-11,20780.0,20920.0,20750.0,20915.0,106885,204582,1114492.4975,20850.0,20785.0,AL
25,AL2510,2025-09-12,20975.0,21125.0,20930.0,21120.0,165717,209277,1742910.57,21030.0,20850.0,AL
25,AL2510,2025-09-15,21140.0,21140.0,20975.0,21020.0,143549,182441,1510565.2825,21045.0,21030.0,AL
24,AL2510,2025-09-16,20995.0,21095.0,20925.0,20975.0,135963,154035,1427161.34,20990.0,21045.0,AL
25,AL2511,2025-09-17,21035.0,21065.0,20920.0,20940.0,109176,275958,1145375.135,20980.0,21010.0,AL
25,AL2511,2025-09-18,20890.0,20900.0,20705.0,20785.0,227638,250178,2367060.76,20795.0,20980.0,AL
25,AL2511,2025-09-19,20860.0,20875.0,20780.0,20795.0,107063,245867,1114711.4575,20820.0,20795.0,AL
25,AL2511,2025-09-22,20755.0,20830.0,20735.0,20745.0,118717,236067,1232926.8775,20770.0,20820.0,AL
25,AL2511,2025-09-23,20700.0,20735.0,20655.0,20685.0,123298,225448,1275406.4775,20685.0,20770.0,AL
25,AL2511,2025-09-24,20685.0,20740.0,20625.0,20705.0,107916,221314,1116195.775,20685.0,20685.0,AL
25,AL2511,2025-09-25,20745.0,20835.0,20705.0,20765.0,146073,220640,1517713.0325,20780.0,20685.0,AL
25,AL2511,2025-09-26,20790.0,20840.0,20735.0,20745.0,115180,212720,1196642.615,20775.0,20780.0,AL
25,AL2511,2025-09-29,20755.0,20770.0,20660.0,20730.0,132925,203858,1376152.3925,20705.0,20775.0,AL
25,AL2511,2025-09-30,20770.0,20840.0,20680.0,20680.0,123088,190531,1277403.5525,20755.0,20705.0,AL
25,AL2511,2025-10-09,20900.0,21095.0,20830.0,21090.0,159723,203280,1677790.8625,21005.0,20755.0,AL
25,AL2511,2025-10-10,21110.0,21205.0,20945.0,20980.0,179878,194298,1897000.2025,21090.0,21005.0,AL
25,AL2511,2025-10-13,21040.0,21050.0,20730.0,20885.0,191737,170895,1999887.8,20860.0,21090.0,AL
25,AL2511,2025-10-14,20885.0,21035.0,20845.0,20860.0,126426,159179,1323137.0975,20930.0,20860.0,AL
25,AL2511,2025-10-15,20830.0,20940.0,20800.0,20910.0,82102,148539,857023.05,20875.0,20930.0,AL
25,AL2512,2025-10-16,20895.0,21000.0,20865.0,20995.0,84708,223951,886778.7575,20935.0,20895.0,AL
25,AL2512,2025-10-17,21030.0,21085.0,20895.0,20910.0,129236,230208,1356562.335,20990.0,20935.0,AL
25,AL2512,2025-10-20,20935.0,20970.0,20890.0,20910.0,107222,231673,1122238.15,20930.0,20990.0,AL
25,AL2512,2025-10-21,20900.0,21005.0,20830.0,20965.0,108173,234936,1132154.065,20930.0,20930.0,AL
25,AL2512,2025-10-22,21000.0,21070.0,20950.0,21045.0,132730,257199,1394374.35,21010.0,20930.0,AL
25,AL2512,2025-10-23,21105.0,21180.0,21070.0,21165.0,167345,286749,1768180.7825,21130.0,21010.0,AL
25,AL2512,2025-10-24,21270.0,21310.0,21140.0,21225.0,206562,302206,2192973.3425,21230.0,21130.0,AL
25,AL2512,2025-10-27,21150.0,21370.0,21115.0,21360.0,209248,311269,2224732.885,21260.0,21230.0,AL
25,AL2512,2025-10-28,21315.0,21340.0,21120.0,21140.0,187481,285793,1989625.82,21220.0,21260.0,AL
25,AL2512,2025-10-29,21180.0,21330.0,21155.0,21295.0,151760,283278,1612995.645,21255.0,21220.0,AL
25,AL2512,2025-10-30,21290.0,21360.0,21210.0,21245.0,168592,275967,1792619.075,21265.0,21255.0,AL
25,AL2512,2025-10-31,21200.0,21425.0,21155.0,21300.0,200862,266936,2138059.5075,21285.0,21265.0,AL
25,AL2512,2025-11-03,21360.0,21655.0,21355.0,21600.0,211718,278284,2274142.7525,21480.0,21285.0,AL
25,AL2512,2025-11-04,21555.0,21610.0,21370.0,21465.0,211680,256161,2273910.915,21480.0,21480.0,AL
25,AL2512,2025-11-05,21395.0,21440.0,21235.0,21395.0,193349,225136,2064345.755,21350.0,21480.0,AL
26,AL2601,2025-11-06,21425.0,21735.0,21370.0,21665.0,194175,331445,2094262.335,21570.0,21390.0,AL
26,AL2601,2025-11-07,21700.0,21760.0,21560.0,21625.0,245135,365196,2654710.39,21655.0,21570.0,AL
26,AL2601,2025-11-10,21660.0,21750.0,21535.0,21725.0,238609,382845,2583184.0825,21650.0,21655.0,AL
26,AL2601,2025-11-11,21725.0,21765.0,21625.0,21665.0,185011,382366,2006617.1975,21690.0,21650.0,AL
26,AL2601,2025-11-12,21660.0,21890.0,21635.0,21880.0,223798,420066,2435737.565,21765.0,21690.0,AL
26,AL2601,2025-11-13,21900.0,22145.0,21860.0,22050.0,295292,446659,3246756.245,21990.0,21765.0,AL
26,AL2601,2025-11-14,22010.0,22160.0,21810.0,21840.0,298176,419174,3276736.0875,21975.0,21990.0,AL
26,AL2601,2025-11-17,21835.0,21835.0,21650.0,21725.0,276419,390859,3003309.2025,21730.0,21975.0,AL
25,AL2601,2025-11-18,21665.0,21690.0,21435.0,21465.0,259462,356547,2795563.8325,21545.0,21730.0,AL
25,AL2601,2025-11-19,21485.0,21620.0,21435.0,21570.0,202981,347833,2186115.5525,21540.0,21545.0,AL
25,AL2601,2025-11-20,21620.0,21640.0,21515.0,21530.0,169843,338582,1832389.3975,21575.0,21540.0,AL
25,AL2601,2025-11-21,21545.0,21650.0,21325.0,21340.0,267742,302020,2873686.44,21465.0,21575.0,AL
25,AL2601,2025-11-24,21305.0,21455.0,21295.0,21380.0,187943,288083,2009384.81,21380.0,21465.0,AL
25,AL2601,2025-11-25,21415.0,21525.0,21380.0,21465.0,157390,271763,1688192.685,21450.0,21380.0,AL
25,AL2601,2025-11-26,21465.0,21520.0,21380.0,21455.0,172888,259056,1854128.4525,21445.0,21450.0,AL
25,AL2601,2025-11-27,21600.0,21610.0,21485.0,21500.0,150551,257138,1621548.6925,21540.0,21445.0,AL
25,AL2601,2025-11-28,21450.0,21620.0,21400.0,21610.0,127656,260670,1373227.245,21510.0,21540.0,AL
25,AL2601,2025-12-01,21615.0,21915.0,21575.0,21865.0,255931,265623,2787119.72,21780.0,21510.0,AL
25,AL2601,2025-12-02,21870.0,21940.0,21755.0,21910.0,177992,258440,1945177.915,21855.0,21780.0,AL
25,AL2601,2025-12-03,21940.0,21970.0,21825.0,21940.0,161612,249248,1769443.225,21895.0,21855.0,AL
25,AL2601,2025-12-04,21935.0,22220.0,21925.0,22060.0,246366,244457,2717913.2725,22060.0,21895.0,AL
25,AL2601,2025-12-05,22015.0,22395.0,21965.0,22345.0,261562,245335,2905645.485,22215.0,22060.0,AL
25,AL2601,2025-12-08,22215.0,22290.0,22035.0,22275.0,251604,233139,2786247.7675,22145.0,22215.0,AL
25,AL2601,2025-12-09,22210.0,22210.0,21735.0,21775.0,255735,195726,2811962.8525,21990.0,22145.0,AL
26,AL2602,2025-12-10,21845.0,22080.0,21790.0,21990.0,171487,283474,1879878.1075,21920.0,22035.0,AL
26,AL2602,2025-12-11,21990.0,22110.0,21865.0,21970.0,189881,294576,2088283.99,21995.0,21920.0,AL
26,AL2602,2025-12-12,22055.0,22270.0,22055.0,22170.0,229202,314803,2539967.265,22160.0,21995.0,AL
26,AL2602,2025-12-15,22085.0,22175.0,21600.0,21920.0,336454,294373,3683042.7775,21890.0,22160.0,AL
25,AL2602,2025-12-16,21955.0,21970.0,21655.0,21845.0,241924,288833,2636877.3675,21795.0,21890.0,AL
25,AL2602,2025-12-17,21845.0,22020.0,21810.0,21915.0,184098,293990,2015953.1425,21900.0,21795.0,AL
25,AL2602,2025-12-18,21970.0,22100.0,21880.0,21955.0,188444,294165,2072402.005,21990.0,21900.0,AL
25,AL2602,2025-12-19,21965.0,22240.0,21910.0,22185.0,225621,315093,2486374.7825,22040.0,21990.0,AL
25,AL2602,2025-12-22,22295.0,22365.0,22095.0,22220.0,253929,314299,2823831.995,22240.0,22040.0,AL
25,AL2602,2025-12-23,22115.0,22205.0,21980.0,22195.0,209413,301815,2316638.7525,22125.0,22240.0,AL
25,AL2602,2025-12-24,22290.0,22340.0,22050.0,22330.0,294532,296924,3270827.57,22210.0,22125.0,AL
25,AL2602,2025-12-25,22300.0,22300.0,22060.0,22275.0,229349,290474,2542584.5725,22170.0,22210.0,AL
25,AL2602,2025-12-26,22220.0,22640.0,22220.0,22405.0,353637,299641,3958414.1225,22385.0,22170.0,AL
25,AL2602,2025-12-29,22350.0,22980.0,22110.0,22570.0,618625,289255,6970894.435,22535.0,22385.0,AL
25,AL2602,2025-12-30,22440.0,22590.0,22240.0,22565.0,369628,267707,4143775.9075,22420.0,22535.0,AL
25,AL2602,2025-12-31,22640.0,23030.0,22525.0,22925.0,387574,256373,4407037.1575,22740.0,22420.0,AL
