date,symbol,close,log_return,extreme_left,extreme_right,extreme_event
2015-03-30,AG1506,3615.0,-0.014282033478460967,1,0,-1
2015-03-31,AG1506,3556.0,-0.01645553795906992,1,0,-1
2015-04-01,AG1506,3565.0,0.002527736214601205,0,0,0
2015-04-02,AG1506,3619.0,0.015033690715346201,0,1,1
2015-04-03,AG1506,3595.0,-0.006653753408595394,0,0,0
2015-04-07,AG1506,3613.0,0.004994460992493173,0,0,0
2015-04-08,AG1506,3616.0,0.000829990364426967,0,0,0
2015-04-09,AG1506,3504.0,-0.031463269455785106,1,0,-1
2015-04-10,AG1506,3498.0,-0.0017137964777346304,0,0,0
2015-04-13,AG1506,3537.0,0.011087533626933268,0,0,0
2015-04-14,AG1506,3501.0,-0.010230268250814922,0,0,0
2015-04-15,AG1506,3510.0,0.0025673955052457334,0,0,0
2015-04-16,AG1506,3551.0,0.011613216483176505,0,0,0
2015-04-17,AG1506,3523.0,-0.007916354601850275,0,0,0
2015-04-20,AG1506,3553.0,0.008479417679789351,0,0,0
2015-04-21,AG1506,3486.0,-0.0190373699410609,1,0,-1
2015-04-22,AG1506,3506.0,0.005720839401213492,0,0,0
2015-04-23,AG1506,3452.0,-0.015522013277861296,1,0,-1
2015-04-24,AG1506,3475.0,0.006640705795574052,0,0,0
2015-04-27,AG1506,3472.0,-0.0008636822186517257,0,0,0
2015-04-28,AG1506,3598.0,0.0356473387302377,0,1,1
2015-04-29,AG1506,3599.0,0.0002778935685522855,0,0,0
2015-04-30,AG1506,3599.0,0.0,0,0,0
2015-05-04,AG1506,3564.0,-0.009772519488330772,0,0,0
2015-05-05,AG1506,3580.0,0.004479290804046041,0,0,0
2015-05-06,AG1506,3597.0,0.0047373643008779,0,0,0
2015-05-07,AG1506,3571.0,-0.007254496101175495,0,0,0
2015-05-08,AG1506,3574.0,0.0008397481249249648,0,0,0
2015-05-11,AG1506,3577.0,0.0008390435396443731,0,0,0
2015-05-12,AG1506,3551.0,-0.007295206315929829,0,0,0
2015-05-13,AG1512,3680.0,0.035683498219888726,0,1,1
2015-05-14,AG1512,3768.0,0.023631604533277038,0,1,1
2015-05-15,AG1512,3784.0,0.0042372944755152174,0,0,0
2015-05-18,AG1512,3852.0,0.01781084274624737,0,1,1
2015-05-19,AG1512,3802.0,-0.013065249869641686,1,0,-1
2015-05-20,AG1512,3687.0,-0.03071412481423,1,0,-1
2015-05-21,AG1512,3716.0,0.007834701699584617,0,0,0
2015-05-22,AG1512,3721.0,0.0013446284128933133,0,0,0
2015-05-25,AG1512,3704.0,-0.004579132580552484,0,0,0
2015-05-26,AG1512,3657.0,-0.012770177616688791,1,0,-1
2015-05-27,AG1512,3665.0,0.002185196171370727,0,0,0
2015-05-28,AG1512,3657.0,-0.0021851961713706203,0,0,0
2015-05-29,AG1512,3655.0,-0.0005470459655023572,0,0,0
2015-06-01,AG1512,3647.0,-0.002191181375198655,0,0,0
2015-06-02,AG1512,3664.0,0.00465053498534076,0,0,0
2015-06-03,AG1512,3668.0,0.001091107582334557,0,0,0
2015-06-04,AG1512,3619.0,-0.013448809812613084,1,0,-1
2015-06-05,AG1512,3564.0,-0.015314234973042481,1,0,-1
2015-06-08,AG1512,3572.0,0.002242153405689727,0,0,0
2015-06-09,AG1512,3566.0,-0.001681143573303965,0,0,0
2015-06-10,AG1512,3574.0,0.002240897296287723,0,0,0
2015-06-11,AG1512,3558.0,-0.004486827493592922,0,0,0
2015-06-12,AG1512,3562.0,0.0011235956238264877,0,0,0
2015-06-15,AG1512,3554.0,-0.002248455135010324,0,0,0
2015-06-16,AG1512,3577.0,0.00645073054442111,0,0,0
2015-06-17,AG1512,3543.0,-0.00955063439354579,0,0,0
2015-06-18,AG1512,3586.0,0.012063549299606298,0,0,0
2015-06-19,AG1512,3573.0,-0.0036317961416683707,0,0,0
2015-06-23,AG1512,3547.0,-0.0073034032497879585,0,0,0
2015-06-24,AG1512,3505.0,-0.011911655304931358,1,0,-1
2015-06-25,AG1512,3494.0,-0.003143308774688587,0,0,0
2015-06-26,AG1512,3456.0,-0.010935360770055675,1,0,-1
2015-06-29,AG1512,3480.0,0.006920442844573757,0,0,0
2015-06-30,AG1512,3446.0,-0.009818155680645129,0,0,0
2015-07-01,AG1512,3437.0,-0.0026151402380410137,0,0,0
2015-07-02,AG1512,3429.0,-0.0023303243869135736,0,0,0
2015-07-03,AG1512,3464.0,0.010155317219405402,0,0,0
2015-07-06,AG1512,3439.0,-0.0072432592500595635,0,0,0
2015-07-07,AG1512,3439.0,0.0,0,0,0
2015-07-08,AG1512,3236.0,-0.06084273225388395,1,0,-1
2015-07-09,AG1512,3381.0,0.043833524529503703,0,1,1
2015-07-10,AG1512,3385.0,0.0011823826384893671,0,0,0
2015-07-13,AG1512,3384.0,-0.00029546462026146844,0,0,0
2015-07-14,AG1512,3348.0,-0.010695289116747919,0,0,0
2015-07-15,AG1512,3350.0,0.0005971932097462035,0,0,0
2015-07-16,AG1512,3299.0,-0.015340953590530731,1,0,-1
2015-07-17,AG1512,3282.0,-0.00516639957854524,0,0,0
2015-07-20,AG1512,3259.0,-0.00703259281247463,0,0,0
2015-07-21,AG1512,3255.0,-0.00122812419489187,0,0,0
2015-07-22,AG1512,3241.0,-0.004310351501122212,0,0,0
2015-07-23,AG1512,3256.0,0.004617523980883549,0,0,0
2015-07-24,AG1512,3219.0,-0.011428695823622744,1,0,-1
2015-07-27,AG1512,3239.0,0.006193887872521163,0,0,0
2015-07-28,AG1512,3221.0,-0.005572769840130486,0,0,0
2015-07-29,AG1512,3235.0,0.004337057603802122,0,0,0
2015-07-30,AG1512,3223.0,-0.0037163251195630994,0,0,0
2015-07-31,AG1512,3219.0,-0.0012418505166296955,0,0,0
2015-08-03,AG1512,3246.0,0.008352716775728441,0,0,0
2015-08-04,AG1512,3208.0,-0.01177577908813137,1,0,-1
2015-08-05,AG1512,3199.0,-0.00280942903688706,0,0,0
2015-08-06,AG1512,3208.0,0.002809429036887162,0,0,0
2015-08-07,AG1512,3242.0,0.010542733309216332,0,0,0
2015-08-10,AG1512,3263.0,0.00645659429769922,0,0,0
2015-08-11,AG1512,3361.0,0.029591531131785098,0,1,1
2015-08-12,AG1512,3526.0,0.04792553523270981,0,1,1
2015-08-13,AG1512,3513.0,-0.003693710691988551,0,0,0
2015-08-14,AG1512,3501.0,-0.0034217313111613275,0,0,0
2015-08-17,AG1512,3460.0,-0.011780052902895728,1,0,-1
2015-08-18,AG1512,3448.0,-0.003474236268186278,0,0,0
2015-08-19,AG1512,3419.0,-0.008446242144282473,0,0,0
2015-08-20,AG1512,3485.0,0.019119933555322866,0,1,1
2015-08-21,AG1512,3499.0,0.0040091691730636675,0,0,0
2015-08-24,AG1512,3427.0,-0.020791970493079202,1,0,-1
2015-08-25,AG1512,3367.0,-0.017663102713534374,1,0,-1
2015-08-26,AG1512,3318.0,-0.01465994841068463,1,0,-1
2015-08-27,AG1512,3280.0,-0.011518769372200387,1,0,-1
2015-08-28,AG1512,3339.0,0.017827938565465176,0,1,1
2015-08-31,AG1512,3332.0,-0.0020986366569212492,0,0,0
2015-09-01,AG1512,3333.0,0.0003000750210064394,0,0,0
2015-09-02,AG1512,3324.0,-0.0027039223324008582,0,0,0
2015-09-07,AG1512,3319.0,-0.0015053442553641455,0,0,0
2015-09-08,AG1512,3323.0,0.001204456634619623,0,0,0
2015-09-09,AG1512,3332.0,0.002704734932139114,0,0,0
2015-09-10,AG1512,3333.0,0.0003000750210064394,0,0,0
2015-09-11,AG1512,3328.0,-0.0015012763666404528,0,0,0
2015-09-14,AG1512,3302.0,-0.007843177461025893,0,0,0
2015-09-15,AG1512,3287.0,-0.004553050815853912,0,0,0
2015-09-16,AG1512,3307.0,0.006066139317573384,0,0,0
2015-09-17,AG1512,3366.0,0.017683661768958525,0,1,1
2015-09-18,AG1512,3394.0,0.00828407104342022,0,0,0
2015-09-21,AG1512,3419.0,0.007338943845129725,0,0,0
2015-09-22,AG1512,3407.0,-0.003515971978334692,0,0,0
2015-09-23,AG1512,3357.0,-0.014784420680931654,1,0,-1
2015-09-24,AG1512,3368.0,0.0032713783821825223,0,0,0
2015-09-25,AG1512,3391.0,0.0068057667634213725,0,0,0
2015-09-28,AG1512,3354.0,-0.010971199742484401,1,0,-1
2015-09-29,AG1512,3286.0,-0.020482643785940755,1,0,-1
2015-09-30,AG1512,3292.0,0.001824263199747048,0,0,0
2015-10-08,AG1512,3467.0,0.05179438388806298,0,1,1
2015-10-09,AG1512,3469.0,0.0005767012847262734,0,0,0
2015-10-12,AG1512,3489.0,0.005748794217024466,0,0,0
2015-10-13,AG1512,3448.0,-0.011820809403190358,1,0,-1
2015-10-14,AG1512,3478.0,0.008663063130644525,0,0,0
2015-10-15,AG1512,3477.0,-0.00028756290636689733,0,0,0
2015-10-16,AG1512,3449.0,-0.008085519071020526,0,0,0
2015-10-19,AG1512,3435.0,-0.004067408280391166,0,0,0
2015-10-20,AG1512,3440.0,0.0014545457109943617,0,0,0
2015-10-21,AG1512,3418.0,-0.006415886691907804,0,0,0
2015-10-22,AG1512,3433.0,0.004378929782155828,0,0,0
2015-10-23,AG1512,3468.0,0.010143544442740491,0,0,0
2015-10-26,AG1512,3435.0,-0.009561133243982734,0,0,0
2015-10-27,AG1512,3438.0,0.0008729812863449192,0,0,0
2015-10-28,AG1512,3453.0,0.0043535114471978395,0,0,0
2015-10-29,AG1512,3437.0,-0.004644420540158442,0,0,0
2015-10-30,AG1512,3406.0,-0.009060415627200327,0,0,0
2015-11-02,AG1512,3390.0,-0.0047086608481376625,0,0,0
2015-11-03,AG1512,3385.0,-0.0014760150281205415,0,0,0
2015-11-04,AG1512,3364.0,-0.006223164253536662,0,0,0
2015-11-05,AG1512,3318.0,-0.013768550342448897,1,0,-1
2015-11-06,AG1512,3323.0,0.0015057976042044772,0,0,0
2015-11-09,AG1512,3288.0,-0.010588512178523754,0,0,0
2015-11-10,AG1512,3258.0,-0.009165967014080057,0,0,0
2015-11-11,AG1512,3262.0,0.0012269940189687377,0,0,0
2015-11-12,AG1512,3255.0,-0.0021482285382896063,0,0,0
2015-11-13,AG1512,3250.0,-0.001537279318886478,0,0,0
2015-11-16,AG1512,3278.0,0.0085784839799919,0,0,0
2015-11-17,AG1512,3227.0,-0.015680567251813226,1,0,-1
2015-11-18,AG1512,3230.0,0.000929224164740511,0,0,0
2015-11-19,AG1512,3234.0,0.0012376239203498564,0,0,0
2015-11-20,AG1606,3296.0,0.018989850892310162,0,1,1
2015-11-23,AG1606,3220.0,-0.023328252490908374,1,0,-1
2015-11-24,AG1606,3223.0,0.0009312432769839345,0,0,0
2015-11-25,AG1606,3248.0,0.007726819466130634,0,0,0
2015-11-26,AG1606,3258.0,0.0030740878804219347,0,0,0
2015-11-27,AG1606,3229.0,-0.008941018403715258,0,0,0
2015-11-30,AG1606,3202.0,-0.008396877201615171,0,0,0
2015-12-01,AG1606,3241.0,0.012106309584887356,0,1,1
2015-12-02,AG1606,3236.0,-0.0015439249631651118,0,0,0
2015-12-03,AG1606,3206.0,-0.009313945008884073,0,0,0
2015-12-04,AG1606,3235.0,0.009004873765502658,0,0,0
2015-12-07,AG1606,3320.0,0.025935854975533284,0,1,1
2015-12-08,AG1606,3281.0,-0.01181652894943254,1,0,-1
2015-12-09,AG1606,3278.0,-0.000914773657326654,0,0,0
2015-12-10,AG1606,3274.0,-0.0012210013726947598,0,0,0
2015-12-11,AG1606,3279.0,0.0015260189135680024,0,0,0
2015-12-14,AG1606,3260.0,-0.005811302483894927,0,0,0
2015-12-15,AG1606,3241.0,-0.005845271219205915,0,0,0
2015-12-16,AG1606,3252.0,0.0033882675261538986,0,0,0
2015-12-17,AG1606,3269.0,0.005213936056509391,0,0,0
2015-12-18,AG1606,3254.0,-0.0045991189452275595,0,0,0
2015-12-21,AG1606,3308.0,0.016458768364598735,0,1,1
2015-12-22,AG1606,3314.0,0.0018121418429262117,0,0,0
2015-12-23,AG1606,3305.0,-0.0027194457007215997,0,0,0
2015-12-24,AG1606,3319.0,0.004227059434187993,0,0,0
2015-12-25,AG1606,3329.0,0.00300842585505033,0,0,0
2015-12-28,AG1606,3304.0,-0.007538102934156255,0,0,0
2015-12-29,AG1606,3313.0,0.0027202676590271234,0,0,0
2015-12-30,AG1606,3309.0,-0.0012080943782836944,0,0,0
2015-12-31,AG1606,3290.0,-0.005758464162194583,0,0,0
2016-01-04,AG1606,3305.0,0.004548908526368988,0,0,0
2016-01-05,AG1606,3313.0,0.002417650014109225,0,0,0
2016-01-06,AG1606,3314.0,0.0003017956866124691,0,0,0
2016-01-07,AG1606,3357.0,0.012891798993526665,0,1,1
2016-01-08,AG1606,3356.0,-0.00029792939293817766,0,0,0
2016-01-11,AG1606,3349.0,-0.0020879947928921796,0,0,0
2016-01-12,AG1606,3288.0,-0.018382316618134054,1,0,-1
2016-01-13,AG1606,3274.0,-0.0042669982449902895,0,0,0
2016-01-14,AG1606,3312.0,0.011539757574070128,0,0,0
2016-01-15,AG1606,3294.0,-0.005449604767564703,0,0,0
2016-01-18,AG1606,3301.0,0.0021228211156074446,0,0,0
2016-01-19,AG1606,3317.0,0.004835307093859504,0,0,0
2016-01-20,AG1606,3315.0,-0.00060313632708958,0,0,0
2016-01-21,AG1606,3331.0,0.004814935573716753,0,0,0
2016-01-22,AG1606,3323.0,-0.002404569839085419,0,0,0
2016-01-25,AG1606,3323.0,0.0,0,0,0
2016-01-26,AG1606,3360.0,0.011072984602655642,0,0,0
2016-01-27,AG1606,3365.0,0.0014869891215783665,0,0,0
2016-01-28,AG1606,3352.0,-0.0038707804768545063,0,0,0
2016-01-29,AG1606,3333.0,-0.005684383294233938,0,0,0
2016-02-01,AG1606,3343.0,0.002995808112358879,0,0,0
2016-02-02,AG1606,3338.0,-0.001496782198318233,0,0,0
2016-02-03,AG1606,3341.0,0.0008983381349761128,0,0,0
2016-02-04,AG1606,3388.0,0.013969613415188428,0,1,1
2016-02-05,AG1606,3389.0,0.000295115835106347,0,0,0
2016-02-15,AG1606,3470.0,0.023619701333853625,0,1,1
2016-02-16,AG1606,3463.0,-0.00201932853848295,0,0,0
2016-02-17,AG1606,3466.0,0.0008659258731295321,0,0,0
2016-02-18,AG1606,3455.0,-0.0031787340737811426,0,0,0
2016-02-19,AG1606,3472.0,0.004908339578470535,0,0,0
2016-02-22,AG1606,3446.0,-0.007516658692365867,0,0,0
2016-02-23,AG1606,3444.0,-0.0005805515402534797,0,0,0
2016-02-24,AG1606,3441.0,-0.000871459750141086,0,0,0
2016-02-25,AG1606,3433.0,-0.002327612339788288,0,0,0
2016-02-26,AG1606,3408.0,-0.0073089055084857605,0,0,0
2016-02-29,AG1606,3312.0,-0.028573372444056,1,0,-1
2016-03-01,AG1606,3346.0,0.010213366041618906,0,0,0
2016-03-02,AG1606,3330.0,-0.004793298572279735,0,0,0
2016-03-03,AG1606,3347.0,0.0050921182368371945,0,0,0
2016-03-04,AG1606,3426.0,0.02332897767273856,0,1,1
2016-03-07,AG1606,3481.0,0.01592620892737377,0,1,1
2016-03-08,AG1606,3450.0,-0.008945377786033442,0,0,0
2016-03-09,AG1606,3396.0,-0.01577596259416755,1,0,-1
2016-03-10,AG1606,3391.0,-0.0014734053055993322,0,0,0
2016-03-11,AG1606,3434.0,0.01260089933178227,0,1,1
2016-03-14,AG1606,3433.0,-0.0002912479997288048,0,0,0
2016-03-15,AG1606,3395.0,-0.011130753464895527,1,0,-1
2016-03-16,AG1606,3404.0,0.002647449700468243,0,0,0
2016-03-17,AG1606,3438.0,0.00993869624952992,0,0,0
2016-03-18,AG1606,3521.0,0.023855133212258045,0,1,1
2016-03-21,AG1606,3470.0,-0.014590446214147597,1,0,-1
2016-03-22,AG1606,3516.0,0.01316938586416275,0,1,1
2016-03-23,AG1606,3469.0,-0.013457611835317901,1,0,-1
2016-03-24,AG1606,3409.0,-0.01744737483184657,1,0,-1
2016-03-25,AG1606,3410.0,0.0002932981396594063,0,0,0
2016-03-28,AG1606,3406.0,-0.0011737090549289277,0,0,0
2016-03-29,AG1606,3393.0,-0.0038240964384033942,0,0,0
2016-03-30,AG1606,3424.0,0.009094972477402482,0,0,0
2016-03-31,AG1606,3406.0,-0.005270876038999167,0,0,0
2016-04-01,AG1606,3421.0,0.004394323754971083,0,0,0
2016-04-05,AG1606,3370.0,-0.015020161631197314,1,0,-1
2016-04-06,AG1606,3371.0,0.00029669188765333877,0,0,0
2016-04-07,AG1606,3377.0,0.0017783051515069374,0,0,0
2016-04-08,AG1606,3380.0,0.0008879680914966876,0,0,0
2016-04-11,AG1606,3418.0,0.011179875198471812,0,0,0
2016-04-12,AG1606,3467.0,0.01423408200948723,0,1,1
2016-04-13,AG1606,3483.0,0.004604324680977728,0,0,0
2016-04-14,AG1606,3485.0,0.0005740528286229638,0,0,0
2016-04-15,AG1606,3492.0,0.0020065937648685145,0,0,0
2016-04-18,AG1606,3484.0,-0.002293578987099401,0,0,0
2016-04-19,AG1606,3646.0,0.04544961726621497,0,1,1
2016-04-20,AG1606,3679.0,0.00901029986616594,0,0,0
2016-04-21,AG1606,3811.0,0.03525064576908577,0,1,1
2016-04-22,AG1606,3708.0,-0.027398974188114388,1,0,-1
2016-04-25,AG1606,3693.0,-0.004053511833182606,0,0,0
2016-04-26,AG1606,3671.0,-0.00597503135572888,0,0,0
2016-04-27,AG1606,3774.0,0.02767134243166115,0,1,1
2016-04-28,AG1606,3757.0,-0.004514680354526583,0,0,0
2016-04-29,AG1606,3831.0,0.01950509912668003,0,1,1
2016-05-03,AG1606,3827.0,-0.001044659274946683,0,0,0
2016-05-04,AG1606,3745.0,-0.02165958947438237,1,0,-1
2016-05-05,AG1606,3761.0,0.004263262519016589,0,0,0
2016-05-06,AG1606,3730.0,-0.008276645832475208,0,0,0
2016-05-09,AG1606,3723.0,-0.0018784387651443037,0,0,0
2016-05-10,AG1612,3768.0,0.012014561823536824,0,0,0
2016-05-11,AG1612,3806.0,0.010034412159841176,0,0,0
2016-05-12,AG1612,3822.0,0.004195076944123565,0,0,0
2016-05-13,AG1612,3788.0,-0.00893567049424947,0,0,0
2016-05-16,AG1612,3834.0,0.01207046929962098,0,0,0
2016-05-17,AG1612,3817.0,-0.004443870860360058,0,0,0
2016-05-18,AG1612,3788.0,-0.007626598439260866,0,0,0
2016-05-19,AG1612,3700.0,-0.023505355673652993,1,0,-1
2016-05-20,AG1612,3678.0,-0.005963693468049463,0,0,0
2016-05-23,AG1612,3650.0,-0.0076419585877292185,0,0,0
2016-05-24,AG1612,3622.0,-0.007700808133178509,0,0,0
2016-05-25,AG1612,3623.0,0.00027605245171844893,0,0,0
2016-05-26,AG1612,3665.0,0.011525923425674591,0,0,0
2016-05-27,AG1612,3630.0,-0.009595687061855438,0,0,0
2016-05-30,AG1612,3565.0,-0.018068594410500165,1,0,-1
2016-05-31,AG1612,3586.0,0.005873321316681771,0,0,0
2016-06-01,AG1612,3590.0,0.0011148273172463632,0,0,0
2016-06-02,AG1612,3593.0,0.0008353056311942492,0,0,0
2016-06-03,AG1612,3601.0,0.0022240765353565015,0,0,0
2016-06-06,AG1612,3667.0,0.018162304422450697,0,1,1
2016-06-07,AG1612,3677.0,0.0027233132299460745,0,0,0
2016-06-08,AG1612,3712.0,0.009473612604819236,0,0,0
2016-06-13,AG1612,3847.0,0.035722808846203984,0,1,1
2016-06-14,AG1612,3848.0,0.0002599090333018807,0,0,0
2016-06-15,AG1612,3869.0,0.005442542914915931,0,0,0
2016-06-16,AG1612,3935.0,0.016914806150990645,0,1,1
2016-06-17,AG1612,3836.0,-0.02548072484817482,1,0,-1
2016-06-20,AG1612,3841.0,0.001302592342575985,0,0,0
2016-06-21,AG1612,3850.0,0.002340398935925181,0,0,0
2016-06-22,AG1612,3809.0,-0.010706460803225903,0,0,0
2016-06-23,AG1612,3811.0,0.0005249343952562833,0,0,0
2016-06-24,AG1612,3901.0,0.023341308632796366,0,1,1
2016-06-27,AG1612,3925.0,0.0061334207098522175,0,0,0
2016-06-28,AG1612,3909.0,-0.0040847644235540185,0,0,0
2016-06-29,AG1612,4056.0,0.03691567947806422,0,1,1
2016-06-30,AG1612,4064.0,0.0019704439872987385,0,0,0
2016-07-01,AG1612,4230.0,0.04003428278200587,0,1,1
2016-07-04,AG1612,4419.0,0.04371143309041621,0,1,1
2016-07-05,AG1612,4427.0,0.0018087276014009694,0,0,0
2016-07-06,AG1612,4511.0,0.018796704676254914,0,1,1
2016-07-07,AG1612,4455.0,-0.012491797503486196,1,0,-1
2016-07-08,AG1612,4340.0,-0.026152712810459132,1,0,-1
2016-07-11,AG1612,4506.0,0.03753549389773918,0,1,1
2016-07-12,AG1612,4517.0,0.002438214662414511,0,0,0
2016-07-13,AG1612,4523.0,0.0013274338232390332,0,0,0
2016-07-14,AG1612,4491.0,-0.007100096390105055,0,0,0
2016-07-15,AG1612,4466.0,-0.005582240687634843,0,0,0
2016-07-18,AG1612,4395.0,-0.01602562228082581,1,0,-1
2016-07-19,AG1612,4392.0,-0.0006828269299107778,0,0,0
2016-07-20,AG1612,4358.0,-0.007771467684801402,0,0,0
2016-07-21,AG1612,4273.0,-0.01969707986054025,1,0,-1
2016-07-22,AG1612,4333.0,0.013943986095884382,0,1,1
2016-07-25,AG1612,4297.0,-0.008343037964914278,0,0,0
2016-07-26,AG1612,4332.0,0.00811222434588616,0,0,0
2016-07-27,AG1612,4326.0,-0.0013860016078771403,0,0,0
2016-07-28,AG1612,4499.0,0.039211822328168264,0,1,1
2016-07-29,AG1612,4442.0,-0.01275042438679954,1,0,-1
2016-08-01,AG1612,4530.0,0.019617214022706976,0,1,1
2016-08-02,AG1612,4531.0,0.0002207261900584279,0,0,0
2016-08-03,AG1612,4569.0,0.008351696896133291,0,0,0
2016-08-04,AG1612,4451.0,-0.026165572547417176,1,0,-1
2016-08-05,AG1612,4496.0,0.010059322557672678,0,0,0
2016-08-08,AG1612,4341.0,-0.0350833762739335,1,0,-1
2016-08-09,AG1612,4342.0,0.00023033513864366,0,0,0
2016-08-10,AG1612,4462.0,0.027262024554240632,0,1,1
2016-08-11,AG1612,4428.0,-0.007649081163950303,0,0,0
2016-08-12,AG1612,4418.0,-0.0022609098484650076,0,0,0
2016-08-15,AG1612,4377.0,-0.00932354678916718,0,0,0
2016-08-16,AG1612,4410.0,0.007511131249996271,0,0,0
2016-08-17,AG1612,4357.0,-0.012090942323449583,1,0,-1
2016-08-18,AG1612,4382.0,0.005721494037969825,0,0,0
2016-08-19,AG1612,4367.0,-0.0034289666698509268,0,0,0
2016-08-22,AG1612,4204.0,-0.03803982148871924,1,0,-1
2016-08-23,AG1612,4232.0,0.006638241541293665,0,0,0
2016-08-24,AG1612,4209.0,-0.005449604767564703,0,0,0
2016-08-25,AG1612,4144.0,-0.015563584831251686,1,0,-1
2016-08-26,AG1612,4148.0,0.0009647854100989033,0,0,0
2016-08-29,AG1612,4129.0,-0.004591043463327682,0,0,0
2016-08-30,AG1612,4160.0,0.00747982736921876,0,0,0
2016-08-31,AG1612,4164.0,0.000961076479550532,0,0,0
2016-09-01,AG1612,4172.0,0.00191938638580367,0,0,0
2016-09-02,AG1612,4209.0,0.00882955264990748,0,0,0
2016-09-05,AG1612,4317.0,0.02533562678490681,0,1,1
2016-09-06,AG1612,4345.0,0.0064650421440149534,0,0,0
2016-09-07,AG1612,4416.0,0.016208550257438854,0,1,1
2016-09-08,AG1612,4412.0,-0.0009062075835380977,0,0,0
2016-09-09,AG1612,4351.0,-0.013922397652713026,1,0,-1
2016-09-12,AG1612,4248.0,-0.023957419798905397,1,0,-1
2016-09-13,AG1612,4280.0,0.007504725654067792,0,0,0
2016-09-14,AG1612,4265.0,-0.00351082865006297,0,0,0
2016-09-19,AG1612,4284.0,0.004444971641859853,0,0,0
2016-09-20,AG1612,4302.0,0.004192878260035958,0,0,0
2016-09-21,AG1612,4345.0,0.009945727871817144,0,0,0
2016-09-22,AG1612,4385.0,0.009163867106791011,0,0,0
2016-09-23,AG1612,4394.0,0.0020503481382721993,0,0,0
2016-09-26,AG1612,4342.0,-0.011904902506318314,1,0,-1
2016-09-27,AG1612,4335.0,-0.0016134612235949519,0,0,0
2016-09-28,AG1612,4258.0,-0.01792204376121742,1,0,-1
2016-09-29,AG1612,4269.0,0.0025800413045373176,0,0,0
2016-09-30,AG1612,4266.0,-0.000702987726666229,0,0,0
2016-10-10,AG1612,3981.0,-0.06914357603097872,1,0,-1
2016-10-11,AG1612,4015.0,0.008504303380544836,0,0,0
2016-10-12,AG1612,3987.0,-0.006998278999506988,0,0,0
2016-10-13,AG1612,3992.0,0.00125329004999948,0,0,0
2016-10-14,AG1612,3981.0,-0.0027593144310373817,0,0,0
2016-10-17,AG1612,3986.0,0.0012551777724227476,0,0,0
2016-10-18,AG1612,4033.0,0.011722294100628085,0,0,0
2016-10-19,AG1612,4024.0,-0.0022340830937929547,0,0,0
2016-10-20,AG1612,4044.0,0.004957868360786908,0,0,0
2016-10-21,AG1612,4000.0,-0.010939940038334333,1,0,-1
2016-10-24,AG1612,4030.0,0.0074720148387010564,0,0,0
2016-10-25,AG1612,4058.0,0.0069238654450313195,0,0,0
2016-10-26,AG1612,4080.0,0.0054067470124472515,0,0,0
2016-10-27,AG1612,4059.0,-0.005160350559309635,0,0,0
2016-10-28,AG1612,4057.0,-0.00049285363245053,0,0,0
2016-10-31,AG1612,4080.0,0.005653204191760092,0,0,0
2016-11-01,AG1612,4102.0,0.005377671234118518,0,0,0
2016-11-02,AG1612,4193.0,0.02194180853843673,0,1,1
2016-11-03,AG1612,4171.0,-0.005260652973817403,0,0,0
2016-11-04,AG1612,4111.0,-0.014489507299066885,1,0,-1
2016-11-07,AG1612,4116.0,0.0012155100560617789,0,0,0
2016-11-08,AG1612,4144.0,0.006779686985378769,0,0,0
2016-11-09,AG1612,4264.0,0.02854618190636153,0,1,1
2016-11-10,AG1612,4273.0,0.0021084697983444582,0,0,0
2016-11-11,AG1612,4313.0,0.009317561003818281,0,0,0
2016-11-14,AG1612,4014.0,-0.07184546729155966,1,0,-1
2016-11-15,AG1706,4140.0,0.030907537463076704,0,1,1
2016-11-16,AG1706,4158.0,0.004338401598598141,0,0,0
2016-11-17,AG1706,4139.0,-0.004579976669225816,0,0,0
2016-11-18,AG1706,4101.0,-0.009223366356673132,0,0,0
2016-11-21,AG1706,4131.0,0.007288662004705251,0,0,0
2016-11-22,AG1706,4166.0,0.008436834424152695,0,0,0
2016-11-23,AG1706,4159.0,-0.001681682078005615,0,0,0
2016-11-24,AG1706,4129.0,-0.007239413856821461,0,0,0
2016-11-25,AG1706,4119.0,-0.0024248314500095393,0,0,0
2016-11-28,AG1706,4211.0,0.022089733725846966,0,1,1
2016-11-29,AG1706,4179.0,-0.007628165714012353,0,0,0
2016-11-30,AG1706,4155.0,-0.0057595551583667715,0,0,0
2016-12-01,AG1706,4147.0,-0.0019272470431672488,0,0,0
2016-12-02,AG1706,4144.0,-0.0007236763070622727,0,0,0
2016-12-05,AG1706,4165.0,0.005054770661624054,0,0,0
2016-12-06,AG1706,4172.0,0.0016792615197199939,0,0,0
2016-12-07,AG1706,4169.0,-0.0007193382398661839,0,0,0
2016-12-08,AG1706,4250.0,0.019242784037665585,0,1,1
2016-12-09,AG1706,4238.0,-0.002827523090218097,0,0,0
2016-12-12,AG1706,4244.0,0.001414760905629281,0,0,0
2016-12-13,AG1706,4275.0,0.0072778816369868955,0,0,0
2016-12-14,AG1706,4273.0,-0.0004679457268356508,0,0,0
2016-12-15,AG1706,4231.0,-0.009877784923957442,0,0,0
2016-12-16,AG1706,4112.0,-0.028528843585066452,1,0,-1
2016-12-19,AG1706,4116.0,0.0009722898189391861,0,0,0
2016-12-20,AG1706,4003.0,-0.027837737961366647,1,0,-1
2016-12-21,AG1706,4041.0,0.009448106085900026,0,0,0
2016-12-22,AG1706,3990.0,-0.012700955194564496,1,0,-1
2016-12-23,AG1706,3995.0,0.0012523483164658734,0,0,0
2016-12-26,AG1706,3979.0,-0.004013047773446423,0,0,0
2016-12-27,AG1706,4039.0,0.01496660513648424,0,1,1
2016-12-28,AG1706,4042.0,0.0007424824001534785,0,0,0
2016-12-29,AG1706,4087.0,0.011071585600710924,0,0,0
2016-12-30,AG1706,4113.0,0.006341484666146814,0,0,0
2017-01-03,AG1706,4078.0,-0.008546017096023555,0,0,0
2017-01-04,AG1706,4130.0,0.012670734820677874,0,1,1
2017-01-05,AG1706,4137.0,0.0016934805063331477,0,0,0
2017-01-06,AG1706,4075.0,-0.015100140786448406,1,0,-1
2017-01-09,AG1706,4109.0,0.008308943208446754,0,0,0
2017-01-10,AG1706,4126.0,0.004128724747787462,0,0,0
2017-01-11,AG1706,4161.0,0.008447015351744152,0,0,0
2017-01-12,AG1706,4150.0,-0.0026470957581973538,0,0,0
2017-01-13,AG1706,4114.0,-0.008712543011841462,0,0,0
2017-01-16,AG1706,4145.0,0.007506997356492801,0,0,0
2017-01-17,AG1706,4134.0,-0.0026573273276817694,0,0,0
2017-01-18,AG1706,4139.0,0.0012087515070188417,0,0,0
2017-01-19,AG1706,4103.0,-0.008735799306546277,0,0,0
2017-01-20,AG1706,4102.0,-0.00024375380986019538,0,0,0
2017-01-23,AG1706,4128.0,0.006318368529072646,0,0,0
2017-01-24,AG1706,4117.0,-0.002668285391493924,0,0,0
2017-01-25,AG1706,4075.0,-0.010253996094941651,0,0,0
2017-01-26,AG1706,4025.0,-0.012345835822299379,1,0,-1
2017-02-03,AG1706,4095.0,0.017241806434505954,0,1,1
2017-02-06,AG1706,4150.0,0.013341616937574137,0,1,1
2017-02-07,AG1706,4162.0,0.0028873937288356644,0,0,0
2017-02-08,AG1706,4163.0,0.00024024024139577326,0,0,0
2017-02-09,AG1706,4170.0,0.0016800675978716473,0,0,0
2017-02-10,AG1706,4150.0,-0.00480770156810312,0,0,0
2017-02-13,AG1706,4229.0,0.0188572242477445,0,1,1
2017-02-14,AG1706,4233.0,0.0009454030484351666,0,0,0
2017-02-15,AG1706,4220.0,-0.0030758334908661724,0,0,0
2017-02-16,AG1706,4226.0,0.0014207911459444787,0,0,0
2017-02-17,AG1706,4227.0,0.00023660239078788614,0,0,0
2017-02-20,AG1706,4209.0,-0.004267431796219244,0,0,0
2017-02-21,AG1706,4228.0,0.00450397821955754,0,0,0
2017-02-22,AG1706,4224.0,-0.0009465216040308245,0,0,0
2017-02-23,AG1706,4221.0,-0.000710479603598674,0,0,0
2017-02-24,AG1706,4274.0,0.012478090096594141,0,1,1
2017-02-27,AG1706,4327.0,0.012324304345791813,0,1,1
2017-02-28,AG1706,4308.0,-0.004400701948605593,0,0,0
2017-03-01,AG1706,4279.0,-0.006754421859462318,0,0,0
2017-03-02,AG1706,4295.0,0.003732218001538805,0,0,0
2017-03-03,AG1706,4159.0,-0.032176894675444115,1,0,-1
2017-03-06,AG1706,4168.0,0.0021616436902911944,0,0,0
2017-03-07,AG1706,4165.0,-0.000720028832259829,0,0,0
2017-03-08,AG1706,4126.0,-0.009407860969745947,0,0,0
2017-03-09,AG1706,4070.0,-0.01366541519455642,1,0,-1
2017-03-10,AG1706,4030.0,-0.009876623495911976,0,0,0
2017-03-13,AG1706,4067.0,0.009139250966495921,0,0,0
2017-03-14,AG1706,4044.0,-0.0056713257668625245,0,0,0
2017-03-15,AG1706,4050.0,0.0014825799602228961,0,0,0
2017-03-16,AG1706,4150.0,0.024391453124159267,0,1,1
2017-03-17,AG1706,4142.0,-0.0019295712692145273,0,0,0
2017-03-20,AG1706,4155.0,0.0031336653340191646,0,0,0
2017-03-21,AG1706,4142.0,-0.003133665334019066,0,0,0
2017-03-22,AG1706,4175.0,0.007935595329426356,0,0,0
2017-03-23,AG1706,4167.0,-0.0019180058625023614,0,0,0
2017-03-24,AG1706,4150.0,-0.004088018197709512,0,0,0
2017-03-27,AG1706,4200.0,0.01197619104671562,0,0,0
2017-03-28,AG1706,4202.0,0.00047607713348609505,0,0,0
2017-03-29,AG1706,4201.0,-0.00023801023556362254,0,0,0
2017-03-30,AG1706,4205.0,0.0009517012376663445,0,0,0
2017-03-31,AG1706,4192.0,-0.0030963464061703324,0,0,0
2017-04-05,AG1706,4209.0,0.004047142769692474,0,0,0
2017-04-06,AG1706,4208.0,-0.00023761435302480866,0,0,0
2017-04-07,AG1706,4259.0,0.012046915505667685,0,0,0
2017-04-10,AG1706,4154.0,-0.024962665487155915,1,0,-1
2017-04-11,AG1706,4157.0,0.0007219348165799251,0,0,0
2017-04-12,AG1706,4223.0,0.01575211568130614,0,1,1
2017-04-13,AG1706,4257.0,0.008018910894208761,0,0,0
2017-04-14,AG1706,4263.0,0.0014084509370579205,0,0,0
2017-04-17,AG1706,4272.0,0.002108963874820357,0,0,0
2017-04-18,AG1706,4239.0,-0.00775470928739364,0,0,0
2017-04-19,AG1706,4198.0,-0.009719170972058882,0,0,0
2017-04-20,AG1706,4200.0,0.00047630389088134897,0,0,0
2017-04-21,AG1706,4161.0,-0.009329095288518338,0,0,0
2017-04-24,AG1706,4139.0,-0.005301217234208876,0,0,0
2017-04-25,AG1706,4150.0,0.0026541214760114787,0,0,0
2017-04-26,AG1706,4120.0,-0.00725517088117191,0,0,0
2017-04-27,AG1706,4115.0,-0.0012143292324019422,0,0,0
2017-04-28,AG1706,4110.0,-0.001215805620889878,0,0,0
2017-05-02,AG1706,4037.0,-0.01792118663733942,1,0,-1
2017-05-03,AG1706,4035.0,-0.0004955401488916609,0,0,0
2017-05-04,AG1706,3933.0,-0.025603808272239584,1,0,-1
2017-05-05,AG1706,3923.0,-0.002545826222256999,0,0,0
2017-05-08,AG1706,3934.0,0.002800052739451724,0,0,0
2017-05-09,AG1706,3916.0,-0.00458599529860338,0,0,0
2017-05-10,AG1712,4002.0,0.0217235114932777,0,1,1
2017-05-11,AG1712,4030.0,0.006972139797049872,0,0,0
2017-05-12,AG1712,4053.0,0.005690971687579969,0,0,0
2017-05-15,AG1712,4085.0,0.007864380665794696,0,0,0
2017-05-16,AG1712,4110.0,0.006101300196177113,0,0,0
2017-05-17,AG1712,4116.0,0.0014587894636598666,0,0,0
2017-05-18,AG1712,4104.0,-0.0029197101033347503,0,0,0
2017-05-19,AG1712,4096.0,-0.0019512201312618048,0,0,0
2017-05-22,AG1712,4110.0,0.0034121407709365777,0,0,0
2017-05-23,AG1712,4134.0,0.005822432751433229,0,0,0
2017-05-24,AG1712,4097.0,-0.008990462694842468,0,0,0
2017-05-25,AG1712,4125.0,0.00681102122191026,0,0,0
2017-05-26,AG1712,4125.0,0.0,0,0,0
2017-05-31,AG1712,4103.0,-0.005347606326595242,0,0,0
2017-06-01,AG1712,4094.0,-0.002195926220951299,0,0,0
2017-06-02,AG1712,4067.0,-0.006616860314010263,0,0,0
2017-06-05,AG1712,4134.0,0.016339834334489118,0,1,1
2017-06-06,AG1712,4164.0,0.007230689493145981,0,0,0
2017-06-07,AG1712,4169.0,0.001200048145937318,0,0,0
2017-06-08,AG1712,4163.0,-0.0014402306858215049,0,0,0
2017-06-09,AG1712,4100.0,-0.015248994502576281,1,0,-1
2017-06-12,AG1712,4062.0,-0.009311510552069186,0,0,0
2017-06-13,AG1712,4038.0,-0.0059259432675471575,0,0,0
2017-06-14,AG1712,4055.0,0.004201167676730476,0,0,0
2017-06-15,AG1712,4041.0,-0.003458501471039666,0,0,0
2017-06-16,AG1712,4038.0,-0.0007426662056908944,0,0,0
2017-06-19,AG1712,4018.0,-0.0049652534979030645,0,0,0
2017-06-20,AG1712,4023.0,0.0012436265749085607,0,0,0
2017-06-21,AG1712,4008.0,-0.0037355291850874705,0,0,0
2017-06-22,AG1712,4043.0,0.008694626876070125,0,0,0
2017-06-23,AG1712,4054.0,0.00271705737117455,0,0,0
2017-06-26,AG1712,4049.0,-0.0012341109797842334,0,0,0
2017-06-27,AG1712,4033.0,-0.0039594211587929305,0,0,0
2017-06-28,AG1712,4055.0,0.005440171676145041,0,0,0
2017-06-29,AG1712,4058.0,0.000739553836246711,0,0,0
2017-06-30,AG1712,4013.0,-0.011151150118843314,1,0,-1
2017-07-03,AG1712,4006.0,-0.0017458540411532132,0,0,0
2017-07-04,AG1712,3898.0,-0.027329636158257467,1,0,-1
2017-07-05,AG1712,3901.0,0.0007693294391504192,0,0,0
2017-07-06,AG1712,3885.0,-0.004109946704908642,0,0,0
2017-07-07,AG1712,3864.0,-0.005420067469339145,0,0,0
2017-07-10,AG1712,3671.0,-0.05123881183557434,1,0,-1
2017-07-11,AG1712,3732.0,0.016480178470400245,0,1,1
2017-07-12,AG1712,3788.0,0.014893892338734416,0,1,1
2017-07-13,AG1712,3819.0,0.008150432919547403,0,0,0
2017-07-14,AG1712,3769.0,-0.013178893958380726,1,0,-1
2017-07-17,AG1712,3844.0,0.01970377682304776,0,1,1
2017-07-18,AG1712,3849.0,0.0012998831935630932,0,0,0
2017-07-19,AG1712,3859.0,0.002594708253872674,0,0,0
2017-07-20,AG1712,3853.0,-0.0015560169114611805,0,0,0
2017-07-21,AG1712,3882.0,0.007498419102797924,0,0,0
2017-07-24,AG1712,3880.0,-0.0005153311116364295,0,0,0
2017-07-25,AG1712,3888.0,0.0020597329630105622,0,0,0
2017-07-26,AG1712,3857.0,-0.008005207372101957,0,0,0
2017-07-27,AG1712,3912.0,0.014159072946480219,0,1,1
2017-07-28,AG1712,3904.0,-0.0020470836217247996,0,0,0
2017-07-31,AG1712,3916.0,0.0030690561174179687,0,0,0
2017-08-01,AG1712,3922.0,0.0015310031058905803,0,0,0
2017-08-02,AG1712,3916.0,-0.0015310031058905773,0,0,0
2017-08-03,AG1712,3889.0,-0.006918669494653686,0,0,0
2017-08-04,AG1712,3911.0,0.005641040599766942,0,0,0
2017-08-07,AG1712,3823.0,-0.022757641059101313,1,0,-1
2017-08-08,AG1712,3813.0,-0.0026191738388490703,0,0,0
2017-08-09,AG1712,3863.0,0.013027802808717627,0,1,1
2017-08-10,AG1712,3973.0,0.028077393148317593,0,1,1
2017-08-11,AG1712,3983.0,0.0025138273670452806,0,0,0
2017-08-14,AG1712,4013.0,0.007503787085272414,0,0,0
2017-08-15,AG1712,3951.0,-0.015570379855525967,1,0,-1
2017-08-16,AG1712,3906.0,-0.011454878974766478,1,0,-1
2017-08-17,AG1712,4003.0,0.024530247555949455,0,1,1
2017-08-18,AG1712,3985.0,-0.0045067677682581984,0,0,0
2017-08-21,AG1712,3974.0,-0.0027641681125532007,0,0,0
2017-08-22,AG1712,3967.0,-0.0017630025974319868,0,0,0
2017-08-23,AG1712,3967.0,0.0,0,0,0
2017-08-24,AG1712,3968.0,0.0002520478904332736,0,0,0
2017-08-25,AG1712,3964.0,-0.0010085729548847744,0,0,0
2017-08-28,AG1712,3985.0,0.005283695774436802,0,0,0
2017-08-29,AG1712,4027.0,0.010484369627138683,0,0,0
2017-08-30,AG1712,3996.0,-0.007727821083010068,0,0,0
2017-08-31,AG1712,3990.0,-0.0015026298845350185,0,0,0
2017-09-01,AG1712,4002.0,0.003003005259769556,0,0,0
2017-09-04,AG1712,4062.0,0.014881226996651334,0,1,1
2017-09-05,AG1712,4059.0,-0.000738825301432315,0,0,0
2017-09-06,AG1712,4054.0,-0.0012325898269524122,0,0,0
2017-09-07,AG1712,4035.0,-0.004697746307896213,0,0,0
2017-09-08,AG1712,4053.0,0.004451045924259302,0,0,0
2017-09-11,AG1712,3994.0,-0.014664112652547969,1,0,-1
2017-09-12,AG1712,3989.0,-0.0012526620703539012,0,0,0
2017-09-13,AG1712,3987.0,-0.0005015045240516018,0,0,0
2017-09-14,AG1712,3973.0,-0.003517591566756063,0,0,0
2017-09-15,AG1712,3979.0,0.0015090546123296934,0,0,0
2017-09-18,AG1712,3968.0,-0.002768342022165232,0,0,0
2017-09-19,AG1712,3919.0,-0.012425670205131934,1,0,-1
2017-09-20,AG1712,3924.0,0.001275022485622287,0,0,0
2017-09-21,AG1712,3867.0,-0.014632529077956629,1,0,-1
2017-09-22,AG1712,3866.0,-0.0002586318390208891,0,0,0
2017-09-25,AG1712,3862.0,-0.0010351967798164173,0,0,0
2017-09-26,AG1712,3918.0,0.014396135516026361,0,1,1
2017-09-27,AG1712,3884.0,-0.0087157690932705,0,0,0
2017-09-28,AG1712,3864.0,-0.005162634078806943,0,0,0
2017-09-29,AG1712,3874.0,0.0025846486345326774,0,0,0
2017-10-09,AG1712,3895.0,0.005406114337907465,0,0,0
2017-10-10,AG1712,3901.0,0.00153925120180792,0,0,0
2017-10-11,AG1712,3892.0,-0.0023097662007608272,0,0,0
2017-10-12,AG1712,3899.0,0.0017969456767016347,0,0,0
2017-10-13,AG1712,3912.0,0.0033286421721106926,0,0,0
2017-10-16,AG1712,3935.0,0.005862129696795632,0,0,0
2017-10-17,AG1712,3910.0,-0.006373507872092118,0,0,0
2017-10-18,AG1712,3901.0,-0.0023044434727549513,0,0,0
2017-10-19,AG1712,3888.0,-0.0033380439263268,0,0,0
2017-10-20,AG1712,3903.0,0.0038506016002852334,0,0,0
2017-10-23,AG1712,3878.0,-0.006425931378017903,0,0,0
2017-10-24,AG1712,3890.0,0.0030896008098948748,0,0,0
2017-10-25,AG1712,3869.0,-0.0054130819119789664,0,0,0
2017-10-26,AG1712,3880.0,0.002839077916806052,0,0,0
2017-10-27,AG1712,3832.0,-0.012448293526567917,1,0,-1
2017-10-30,AG1712,3841.0,0.0023458892551537266,0,0,0
2017-10-31,AG1712,3848.0,0.001820783439692243,0,0,0
2017-11-01,AG1712,3842.0,-0.001560468457095109,0,0,0
2017-11-02,AG1712,3876.0,0.008810629682154906,0,0,0
2017-11-03,AG1712,3881.0,0.0012891583582495438,0,0,0
2017-11-06,AG1712,3856.0,-0.00646247563847005,0,0,0
2017-11-07,AG1712,3887.0,0.008007275121786901,0,0,0
2017-11-08,AG1712,3877.0,-0.0025759931812940682,0,0,0
2017-11-09,AG1712,3887.0,0.0025759931812939798,0,0,0
2017-11-10,AG1712,3884.0,-0.0007721014410075981,0,0,0
2017-11-13,AG1712,3865.0,-0.004903868389693193,0,0,0
2017-11-14,AG1712,3869.0,0.0010343936789907295,0,0,0
2017-11-15,AG1712,3870.0,0.0002584313233145574,0,0,0
2017-11-16,AG1712,3869.0,-0.00025843132331455714,0,0,0
2017-11-17,AG1712,3875.0,0.0015495870869343667,0,0,0
2017-11-20,AG1712,3893.0,0.004634405823008441,0,0,0
2017-11-21,AG1806,3988.0,0.024109783471273207,0,1,1
2017-11-22,AG1806,3985.0,-0.0007525398574134796,0,0,0
2017-11-23,AG1806,3986.0,0.00025090954842464956,0,0,0
2017-11-24,AG1806,3991.0,0.0012536042759939288,0,0,0
2017-11-27,AG1806,3984.0,-0.0017554863442450464,0,0,0
2017-11-28,AG1806,3986.0,0.0005018820682511819,0,0,0
2017-11-29,AG1806,3956.0,-0.007554808030137255,0,0,0
2017-11-30,AG1806,3886.0,-0.017853062805217357,1,0,-1
2017-12-01,AG1806,3862.0,-0.006195166948925659,0,0,0
2017-12-04,AG1806,3852.0,-0.002592690070443617,0,0,0
2017-12-05,AG1806,3840.0,-0.003120127336243634,0,0,0
2017-12-06,AG1806,3800.0,-0.010471299867295366,0,0,0
2017-12-07,AG1806,3756.0,-0.011646505386323579,1,0,-1
2017-12-08,AG1806,3728.0,-0.007482664522671747,0,0,0
2017-12-11,AG1806,3744.0,0.004282661792000949,0,0,0
2017-12-12,AG1806,3733.0,-0.0029423586828988143,0,0,0
2017-12-13,AG1806,3725.0,-0.002145348100923899,0,0,0
2017-12-14,AG1806,3799.0,0.019671022373965636,0,1,1
2017-12-15,AG1806,3781.0,-0.004749349296692693,0,0,0
2017-12-18,AG1806,3800.0,0.0050125418235441935,0,0,0
2017-12-19,AG1806,3806.0,0.0015777021416177343,0,0,0
2017-12-20,AG1806,3800.0,-0.0015777021416176974,0,0,0
2017-12-21,AG1806,3797.0,-0.0007897854826748483,0,0,0
2017-12-22,AG1806,3797.0,0.0,0,0,0
2017-12-25,AG1806,3841.0,0.011521468114102405,0,0,0
2017-12-26,AG1806,3844.0,0.0007807417442784104,0,0,0
2017-12-27,AG1806,3858.0,0.003635423375491381,0,0,0
2017-12-28,AG1806,3891.0,0.008517279518879253,0,0,0
2017-12-29,AG1806,3883.0,-0.0020581432528862754,0,0,0
2018-01-02,AG1806,3902.0,0.0048811914513892446,0,0,0
2018-01-03,AG1806,3897.0,-0.0012822158443473429,0,0,0
2018-01-04,AG1806,3885.0,-0.003084042536961445,0,0,0
2018-01-05,AG1806,3890.0,0.001286173810744085,0,0,0
2018-01-08,AG1806,3891.0,0.0002570363720614992,0,0,0
2018-01-09,AG1806,3896.0,0.0012841917778721678,0,0,0
2018-01-10,AG1806,3873.0,-0.005920985247673539,0,0,0
2018-01-11,AG1806,3885.0,0.0030935832869955723,0,0,0
2018-01-12,AG1806,3890.0,0.001286173810744085,0,0,0
2018-01-15,AG1806,3926.0,0.009211938223914444,0,0,0
2018-01-16,AG1806,3907.0,-0.004851279781335814,0,0,0
2018-01-17,AG1806,3876.0,-0.007966122044413698,0,0,0
2018-01-18,AG1806,3852.0,-0.006211200092640636,0,0,0
2018-01-19,AG1806,3834.0,-0.004683849312426314,0,0,0
2018-01-22,AG1806,3838.0,0.0010427529620555044,0,0,0
2018-01-23,AG1806,3847.0,0.0023422261846498807,0,0,0
2018-01-24,AG1806,3836.0,-0.0028634667489662313,0,0,0
2018-01-25,AG1806,3916.0,0.020640567647072137,0,1,1
2018-01-26,AG1806,3889.0,-0.006918669494653686,0,0,0
2018-01-29,AG1806,3875.0,-0.0036063923682998654,0,0,0
2018-01-30,AG1806,3823.0,-0.013510208091034608,1,0,-1
2018-01-31,AG1806,3832.0,0.0023514053943382994,0,0,0
2018-02-01,AG1806,3830.0,-0.0005220569160594852,0,0,0
2018-02-02,AG1806,3824.0,-0.0015678080033997327,0,0,0
2018-02-05,AG1806,3729.0,-0.025156893992471056,1,0,-1
2018-02-06,AG1806,3767.0,0.010138827513220207,0,0,0
2018-02-07,AG1806,3731.0,-0.00960263447088321,0,0,0
2018-02-08,AG1806,3674.0,-0.015395307446086887,1,0,-1
2018-02-09,AG1806,3687.0,0.0035321324590735143,0,0,0
2018-02-12,AG1806,3690.0,0.000813338800428281,0,0,0
2018-02-13,AG1806,3712.0,0.005944356871518377,0,0,0
2018-02-14,AG1806,3718.0,0.001615074375298056,0,0,0
2018-02-22,AG1806,3675.0,-0.011632756634452263,1,0,-1
2018-02-23,AG1806,3696.0,0.005698021114637796,0,0,0
2018-02-26,AG1806,3726.0,0.008084118399959058,0,0,0
2018-02-27,AG1806,3719.0,-0.0018804572364637304,0,0,0
2018-02-28,AG1806,3684.0,-0.009455696549872614,0,0,0
2018-03-01,AG1806,3675.0,-0.002445985728260414,0,0,0
2018-03-02,AG1806,3683.0,0.0021745047981283493,0,0,0
2018-03-05,AG1806,3697.0,0.00379404249156653,0,0,0
2018-03-06,AG1806,3688.0,-0.0024373742601474712,0,0,0
2018-03-07,AG1806,3711.0,0.006217076384113034,0,0,0
2018-03-08,AG1806,3704.0,-0.0018880652945275672,0,0,0
2018-03-09,AG1806,3687.0,-0.004600197531925475,0,0,0
2018-03-12,AG1806,3687.0,0.0,0,0,0
2018-03-13,AG1806,3681.0,-0.0016286648551233403,0,0,0
2018-03-14,AG1806,3693.0,0.003254681473542088,0,0,0
2018-03-15,AG1806,3685.0,-0.0021686102291262736,0,0,0
2018-03-16,AG1806,3668.0,-0.0046239712470814666,0,0,0
2018-03-19,AG1806,3633.0,-0.009587801155153513,0,0,0
2018-03-20,AG1806,3645.0,0.003297612221556673,0,0,0
2018-03-21,AG1806,3638.0,-0.0019222853646909215,0,0,0
2018-03-22,AG1806,3682.0,0.012022002714955501,0,0,0
2018-03-23,AG1806,3692.0,0.002712233829719555,0,0,0
2018-03-26,AG1806,3684.0,-0.0021691982475453265,0,0,0
2018-03-27,AG1806,3696.0,0.003252035386377316,0,0,0
2018-03-28,AG1806,3656.0,-0.010881500187534173,0,0,0
2018-03-29,AG1806,3602.0,-0.014880406838139239,1,0,-1
2018-03-30,AG1806,3618.0,0.0044321402193390515,0,0,0
2018-04-02,AG1806,3631.0,0.003586705459095381,0,0,0
2018-04-03,AG1806,3650.0,0.005219075162201462,0,0,0
2018-04-04,AG1806,3639.0,-0.0030182489643773864,0,0,0
2018-04-09,AG1806,3636.0,-0.0008247423147903836,0,0,0
2018-04-10,AG1806,3640.0,0.0010995053334168679,0,0,0
2018-04-11,AG1806,3655.0,0.0041124115530925195,0,0,0
2018-04-12,AG1806,3663.0,0.0021863905949356037,0,0,0
2018-04-13,AG1806,3635.0,-0.00767337281119462,0,0,0
2018-04-16,AG1806,3656.0,0.005760542606420851,0,0,0
2018-04-17,AG1806,3666.0,0.002731495825609655,0,0,0
2018-04-18,AG1806,3680.0,0.003811602763326252,0,0,0
2018-04-19,AG1806,3764.0,0.022569469542293673,0,1,1
2018-04-20,AG1806,3750.0,-0.0037263817408137866,0,0,0
2018-04-23,AG1806,3735.0,-0.004008021397538822,0,0,0
2018-04-24,AG1806,3682.0,-0.01429173577389456,1,0,-1
2018-04-25,AG1806,3676.0,-0.0016308783174454635,0,0,0
2018-04-26,AG1806,3670.0,-0.001633542426961675,0,0,0
2018-04-27,AG1806,3658.0,-0.003275112097804998,0,0,0
2018-05-02,AG1806,3626.0,-0.008786437636014683,0,0,0
2018-05-03,AG1806,3643.0,0.0046774056937674705,0,0,0
2018-05-04,AG1806,3647.0,0.0010973938001164242,0,0,0
2018-05-07,AG1812,3754.0,0.028917026337773957,0,1,1
2018-05-08,AG1812,3757.0,0.0007988284275147834,0,0,0
2018-05-09,AG1812,3749.0,-0.0021316288380568444,0,0,0
2018-05-10,AG1812,3764.0,0.003993083969358205,0,0,0
2018-05-11,AG1812,3782.0,0.004770748513132529,0,0,0
2018-05-14,AG1812,3777.0,-0.0013229265059459979,0,0,0
2018-05-15,AG1812,3738.0,-0.010379334696948721,0,0,0
2018-05-16,AG1812,3716.0,-0.005902888081779039,0,0,0
2018-05-17,AG1812,3714.0,-0.0005383580210780361,0,0,0
2018-05-18,AG1812,3729.0,0.004030638266169639,0,0,0
2018-05-21,AG1812,3712.0,-0.004569286272729655,0,0,0
2018-05-22,AG1812,3730.0,0.004837418731770024,0,0,0
2018-05-23,AG1812,3741.0,0.002944721710284852,0,0,0
2018-05-24,AG1812,3736.0,-0.0013374349994129161,0,0,0
2018-05-25,AG1812,3750.0,0.003740319615723177,0,0,0
2018-05-28,AG1812,3728.0,-0.005883943158974716,0,0,0
2018-05-29,AG1812,3725.0,-0.0008050449918219152,0,0,0
2018-05-30,AG1812,3725.0,0.0,0,0,0
2018-05-31,AG1812,3756.0,0.00828770951449362,0,0,0
2018-06-01,AG1812,3739.0,-0.004536365351039858,0,0,0
2018-06-04,AG1812,3734.0,-0.0013381508754457432,0,0,0
2018-06-05,AG1812,3730.0,-0.0010718114638067224,0,0,0
2018-06-06,AG1812,3744.0,0.003746324959621399,0,0,0
2018-06-07,AG1812,3760.0,0.004264398786457518,0,0,0
2018-06-08,AG1812,3753.0,-0.0018634372489193635,0,0,0
2018-06-11,AG1812,3797.0,0.011655761096781543,0,0,0
2018-06-12,AG1812,3799.0,0.0005265929558232736,0,0,0
2018-06-13,AG1812,3792.0,-0.001844289812713201,0,0,0
2018-06-14,AG1812,3857.0,0.016996094833315423,0,1,1
2018-06-15,AG1812,3867.0,0.002589333399069237,0,0,0
2018-06-19,AG1812,3733.0,-0.035266812692713284,1,0,-1
2018-06-20,AG1812,3726.0,-0.0018769277530500301,0,0,0
2018-06-21,AG1812,3723.0,-0.0008054772888168686,0,0,0
2018-06-22,AG1812,3755.0,0.008558490325518179,0,0,0
2018-06-25,AG1812,3747.0,-0.0021327654045477217,0,0,0
2018-06-26,AG1812,3754.0,0.0018664183527668705,0,0,0
2018-06-27,AG1812,3752.0,-0.0005329070203388823,0,0,0
2018-06-28,AG1812,3741.0,-0.0029360757779691555,0,0,0
2018-06-29,AG1812,3745.0,0.0010686616031737664,0,0,0
2018-07-02,AG1812,3743.0,-0.0005341880468908926,0,0,0
2018-07-03,AG1812,3742.0,-0.0002672010703939957,0,0,0
2018-07-04,AG1812,3753.0,0.0029352923009858924,0,0,0
2018-07-05,AG1812,3748.0,-0.0013331557767080658,0,0,0
2018-07-06,AG1812,3748.0,0.0,0,0,0
2018-07-09,AG1812,3755.0,0.0018659208399224084,0,0,0
2018-07-10,AG1812,3745.0,-0.0026666682469152284,0,0,0
2018-07-11,AG1812,3737.0,-0.0021384664658359834,0,0,0
2018-07-12,AG1812,3728.0,-0.0024112536800021426,0,0,0
2018-07-13,AG1812,3729.0,0.00026820437333896485,0,0,0
2018-07-16,AG1812,3722.0,-0.0018789429766247032,0,0,0
2018-07-17,AG1812,3713.0,-0.002420983025116041,0,0,0
2018-07-18,AG1812,3665.0,-0.013011839856328214,1,0,-1
2018-07-19,AG1812,3670.0,0.0013633267278641253,0,0,0
2018-07-20,AG1812,3673.0,0.0008171047710513116,0,0,0
2018-07-23,AG1812,3687.0,0.003804352414477269,0,0,0
2018-07-24,AG1812,3681.0,-0.0016286648551233403,0,0,0
2018-07-25,AG1812,3698.0,0.004607678568048957,0,0,0
2018-07-26,AG1812,3701.0,0.0008109204390858515,0,0,0
2018-07-27,AG1812,3686.0,-0.004061194156387407,0,0,0
2018-07-30,AG1812,3688.0,0.0005424464467158064,0,0,0
2018-07-31,AG1812,3698.0,0.002707827270585662,0,0,0
2018-08-01,AG1812,3694.0,-0.0010822511878849288,0,0,0
2018-08-02,AG1812,3687.0,-0.001896762525040716,0,0,0
2018-08-03,AG1812,3679.0,-0.0021721431293701306,0,0,0
2018-08-06,AG1812,3692.0,0.0035273405179684406,0,0,0
2018-08-07,AG1812,3692.0,0.0,0,0,0
2018-08-08,AG1812,3682.0,-0.0027122338297195727,0,0,0
2018-08-09,AG1812,3683.0,0.00027155465204224,0,0,0
2018-08-10,AG1812,3678.0,-0.001358511280798886,0,0,0
2018-08-13,AG1812,3676.0,-0.0005439216886887005,0,0,0
2018-08-14,AG1812,3638.0,-0.010391124397510089,0,0,0
2018-08-15,AG1812,3616.0,-0.0060656375660003954,0,0,0
2018-08-16,AG1812,3529.0,-0.02435389783679708,1,0,-1
2018-08-17,AG1812,3538.0,0.0025470510444606104,0,0,0
2018-08-20,AG1812,3552.0,0.0039492293923300255,0,0,0
2018-08-21,AG1812,3553.0,0.00028149190896630146,0,0,0
2018-08-22,AG1812,3542.0,-0.003100777678248271,0,0,0
2018-08-23,AG1812,3522.0,-0.005662529286627431,0,0,0
2018-08-24,AG1812,3530.0,0.002268860871191004,0,0,0
2018-08-27,AG1812,3543.0,0.003675954938129488,0,0,0
2018-08-28,AG1812,3553.0,0.0028184911555550257,0,0,0
2018-08-29,AG1812,3526.0,-0.007628233063211555,0,0,0
2018-08-30,AG1812,3527.0,0.0002835672782364524,0,0,0
2018-08-31,AG1812,3515.0,-0.003408125991286737,0,0,0
2018-09-03,AG1812,3483.0,-0.00914553387876406,0,0,0
2018-09-04,AG1812,3448.0,-0.010099638582417508,0,0,0
2018-09-05,AG1812,3396.0,-0.015196084352345731,1,0,-1
2018-09-06,AG1812,3410.0,0.004114022846324568,0,0,0
2018-09-07,AG1812,3409.0,-0.00029329813965933346,0,0,0
2018-09-10,AG1812,3407.0,-0.0005868544769364757,0,0,0
2018-09-11,AG1812,3423.0,0.0046852208692188665,0,0,0
2018-09-12,AG1812,3408.0,-0.0043917505809789705,0,0,0
2018-09-13,AG1812,3422.0,0.0040995665029324125,0,0,0
2018-09-14,AG1812,3429.0,0.002043498010781562,0,0,0
2018-09-17,AG1812,3408.0,-0.006143064513714048,0,0,0
2018-09-18,AG1812,3416.0,0.0023446669592540547,0,0,0
2018-09-19,AG1812,3418.0,0.0005853087670757732,0,0,0
2018-09-20,AG1812,3458.0,0.011634802567699538,0,0,0
2018-09-21,AG1812,3495.0,0.010642988424674772,0,0,0
2018-09-25,AG1812,3473.0,-0.006314601923836658,0,0,0
2018-09-26,AG1812,3504.0,0.008886399312207931,0,0,0
2018-09-27,AG1812,3505.0,0.00028534741240847285,0,0,0
2018-09-28,AG1812,3470.0,-0.010035926527785568,0,0,0
2018-10-08,AG1812,3519.0,0.014022264380680194,0,1,1
2018-10-09,AG1812,3516.0,-0.0008528785165175153,0,0,0
2018-10-10,AG1812,3515.0,-0.00028445456030232294,0,0,0
2018-10-11,AG1812,3508.0,-0.0019934507526916173,0,0,0
2018-10-12,AG1812,3539.0,0.008798126853389706,0,0,0
2018-10-15,AG1812,3568.0,0.008161013354436687,0,0,0
2018-10-16,AG1812,3562.0,-0.0016830298502930126,0,0,0
2018-10-17,AG1812,3561.0,-0.0002807805718292191,0,0,0
2018-10-18,AG1812,3529.0,-0.009026859602507702,0,0,0
2018-10-19,AG1812,3562.0,0.009307640174336863,0,0,0
2018-10-22,AG1812,3560.0,-0.0005616400035307932,0,0,0
2018-10-23,AG1812,3568.0,0.0022446698538239494,0,0,0
2018-10-24,AG1812,3595.0,0.007538776455247075,0,0,0
2018-10-25,AG1812,3608.0,0.003609611027367234,0,0,0
2018-10-26,AG1812,3584.0,-0.006674107087693132,0,0,0
2018-10-29,AG1812,3579.0,-0.0013960633287953012,0,0,0
2018-10-30,AG1812,3545.0,-0.009545271799797929,0,0,0
2018-10-31,AG1812,3526.0,-0.005374076008412373,0,0,0
2018-11-01,AG1812,3520.0,-0.0017030943656727322,0,0,0
2018-11-02,AG1812,3561.0,0.011580414685635016,0,0,0
2018-11-05,AG1812,3563.0,0.0005614823280582457,0,0,0
2018-11-06,AG1812,3561.0,-0.0005614823280582968,0,0,0
2018-11-07,AG1906,3575.0,0.0039237718503302285,0,0,0
2018-11-08,AG1906,3572.0,-0.0008395131317183263,0,0,0
2018-11-09,AG1906,3549.0,-0.00645978934989317,0,0,0
2018-11-12,AG1906,3509.0,-0.011334777063281348,1,0,-1
2018-11-13,AG1906,3499.0,-0.0028538832155271137,0,0,0
2018-11-14,AG1906,3489.0,-0.0028620511809139396,0,0,0
2018-11-15,AG1906,3512.0,0.006570513568233265,0,0,0
2018-11-16,AG1906,3528.0,0.004545462371674638,0,0,0
2018-11-19,AG1906,3539.0,0.0031130632187814163,0,0,0
2018-11-20,AG1906,3541.0,0.0005649717664402813,0,0,0
2018-11-21,AG1906,3535.0,-0.001695873781230642,0,0,0
2018-11-22,AG1906,3555.0,0.005641763906668094,0,0,0
2018-11-23,AG1906,3537.0,-0.005076153031860661,0,0,0
2018-11-26,AG1906,3524.0,-0.0036822021494104682,0,0,0
2018-11-27,AG1906,3502.0,-0.006262474210273009,0,0,0
2018-11-28,AG1906,3495.0,-0.0020008581778865543,0,0,0
2018-11-29,AG1906,3533.0,0.010813992691234555,0,0,0
2018-11-30,AG1906,3531.0,-0.0005662514307587908,0,0,0
2018-12-03,AG1906,3529.0,-0.000566572253116362,0,0,0
2018-12-04,AG1906,3539.0,0.0028296566701933173,0,0,0
2018-12-05,AG1906,3533.0,-0.0016968329863181696,0,0,0
2018-12-06,AG1906,3534.0,0.0002830055204965353,0,0,0
2018-12-07,AG1906,3539.0,0.0014138274658217424,0,0,0
2018-12-10,AG1906,3582.0,0.012077102275193721,0,0,0
2018-12-11,AG1906,3574.0,-0.002235886901283685,0,0,0
2018-12-12,AG1906,3571.0,-0.0008397481249248898,0,0,0
2018-12-13,AG1906,3587.0,0.0044705299378342235,0,0,0
2018-12-14,AG1906,3572.0,-0.004190535535892901,0,0,0
2018-12-17,AG1906,3564.0,-0.002242153405689723,0,0,0
2018-12-18,AG1906,3571.0,0.0019621590037484237,0,0,0
2018-12-19,AG1906,3583.0,0.003354769710505381,0,0,0
2018-12-20,AG1906,3569.0,-0.003914993814793473,0,0,0
2018-12-21,AG1906,3591.0,0.0061452707359223886,0,0,0
2018-12-24,AG1906,3592.0,0.0002784351960073267,0,0,0
2018-12-25,AG1906,3593.0,0.0002783576914285036,0,0,0
2018-12-26,AG1906,3616.0,0.0063809343985484004,0,0,0
2018-12-27,AG1906,3638.0,0.006065637566000498,0,0,0
2018-12-28,AG1906,3700.0,0.016898739554248334,0,1,1
2019-01-02,AG1906,3711.0,0.002968562428281859,0,0,0
2019-01-03,AG1906,3762.0,0.013649348800378047,0,1,1
2019-01-04,AG1906,3779.0,0.004508693488513178,0,0,0
2019-01-07,AG1906,3778.0,-0.0002646552880341269,0,0,0
2019-01-08,AG1906,3744.0,-0.009040210463972203,0,0,0
2019-01-09,AG1906,3743.0,-0.0002671296930536982,0,0,0
2019-01-10,AG1906,3751.0,0.0021350421774584435,0,0,0
2019-01-11,AG1906,3732.0,-0.005078188114652855,0,0,0
2019-01-14,AG1906,3714.0,-0.004834820054583293,0,0,0
2019-01-15,AG1906,3715.0,0.00026921523920837306,0,0,0
2019-01-16,AG1906,3710.0,-0.0013468015503787388,0,0,0
2019-01-17,AG1906,3706.0,-0.0010787487561756853,0,0,0
2019-01-18,AG1906,3711.0,0.0013482542152925122,0,0,0
2019-01-21,AG1906,3661.0,-0.013565047940361391,1,0,-1
2019-01-22,AG1906,3644.0,-0.004654354740387305,0,0,0
2019-01-23,AG1906,3668.0,0.006564574996506569,0,0,0
2019-01-24,AG1906,3651.0,-0.004645451720718656,0,0,0
2019-01-25,AG1906,3652.0,0.00027386005922230237,0,0,0
2019-01-28,AG1906,3720.0,0.018448705552333064,0,1,1
2019-01-29,AG1906,3733.0,0.003488531647391532,0,0,0
2019-01-30,AG1906,3746.0,0.0034764040894498974,0,0,0
2019-01-31,AG1906,3743.0,-0.0008011750996048313,0,0,0
2019-02-01,AG1906,3749.0,0.0016017088314830045,0,0,0
2019-02-11,AG1906,3727.0,-0.005885517256653577,0,0,0
2019-02-12,AG1906,3736.0,0.0024118998694749273,0,0,0
2019-02-13,AG1906,3728.0,-0.002143623543251453,0,0,0
2019-02-14,AG1906,3698.0,-0.00807976385841167,0,0,0
2019-02-15,AG1906,3707.0,0.0024307912036622093,0,0,0
2019-02-18,AG1906,3742.0,0.00939730368330265,0,0,0
2019-02-19,AG1906,3734.0,-0.0021401827323670013,0,0,0
2019-02-20,AG1906,3759.0,0.006672919462509999,0,0,0
2019-02-21,AG1906,3736.0,-0.00613744421544477,0,0,0
2019-02-22,AG1906,3720.0,-0.004291852081541032,0,0,0
2019-02-25,AG1906,3735.0,0.004024150299725548,0,0,0
2019-02-26,AG1906,3714.0,-0.005638355654266604,0,0,0
2019-02-27,AG1906,3708.0,-0.0016168152269052834,0,0,0
2019-02-28,AG1906,3674.0,-0.009211660910674794,0,0,0
2019-03-01,AG1906,3657.0,-0.004637847625689695,0,0,0
2019-03-04,AG1906,3574.0,-0.022957722430007887,1,0,-1
2019-03-05,AG1906,3548.0,-0.007301352289903213,0,0,0
2019-03-06,AG1906,3573.0,0.007021514593939716,0,0,0
2019-03-07,AG1906,3558.0,-0.004206989797629326,0,0,0
2019-03-08,AG1906,3578.0,0.005605395842883918,0,0,0
2019-03-11,AG1906,3602.0,0.006685261667237018,0,0,0
2019-03-12,AG1906,3614.0,0.003325945416272412,0,0,0
2019-03-13,AG1906,3617.0,0.0008297607999241735,0,0,0
2019-03-14,AG1906,3589.0,-0.0077713408044907005,0,0,0
2019-03-15,AG1906,3596.0,0.0019485044439037085,0,0,0
2019-03-18,AG1906,3597.0,0.00027804810411302834,0,0,0
2019-03-19,AG1906,3610.0,0.0036076076313025594,0,0,0
2019-03-20,AG1906,3602.0,-0.0022185255910252173,0,0,0
2019-03-21,AG1906,3649.0,0.012963910700546243,0,1,1
2019-03-22,AG1906,3641.0,-0.002194788261014159,0,0,0
2019-03-25,AG1906,3635.0,-0.0016492582078137513,0,0,0
2019-03-26,AG1906,3631.0,-0.001101018553283901,0,0,0
2019-03-27,AG1906,3615.0,-0.004416236821470715,0,0,0
2019-03-28,AG1906,3589.0,-0.007218243445257769,0,0,0
2019-03-29,AG1906,3526.0,-0.0177095281897917,1,0,-1
2019-04-01,AG1906,3546.0,0.005656123676337565,0,0,0
2019-04-02,AG1906,3549.0,0.0008456660123433646,0,0,0
2019-04-03,AG1906,3567.0,0.005059032712394985,0,0,0
2019-04-04,AG1906,3570.0,0.0008406894147932238,0,0,0
2019-04-08,AG1906,3578.0,0.0022383892949797007,0,0,0
2019-04-09,AG1906,3591.0,0.003626730157418304,0,0,0
2019-04-10,AG1906,3586.0,-0.0013933400610047072,0,0,0
2019-04-11,AG1906,3576.0,-0.002792517871673411,0,0,0
2019-04-12,AG1906,3540.0,-0.010118130165584667,0,0,0
2019-04-15,AG1906,3519.0,-0.005949868806234943,0,0,0
2019-04-16,AG1906,3531.0,0.003404258606801166,0,0,0
2019-04-17,AG1906,3531.0,0.0,0,0,0
2019-04-18,AG1906,3522.0,-0.00255210687223494,0,0,0
2019-04-19,AG1906,3529.0,0.0019855346191185643,0,0,0
2019-04-22,AG1906,3547.0,0.0050876310983517265,0,0,0
2019-04-23,AG1906,3524.0,-0.006505467717551652,0,0,0
2019-04-24,AG1906,3500.0,-0.006833739578565135,0,0,0
2019-04-25,AG1906,3526.0,0.0074011154803104015,0,0,0
2019-04-26,AG1906,3547.0,0.005938091815806191,0,0,0
2019-04-29,AG1906,3541.0,-0.0016930026617180648,0,0,0
2019-04-30,AG1906,3534.0,-0.0019787992322620723,0,0,0
2019-05-06,AG1906,3532.0,-0.0005660911557910797,0,0,0
2019-05-07,AG1906,3541.0,0.0025448903880530634,0,0,0
2019-05-08,AG1912,3607.0,0.018467228791635246,0,1,1
2019-05-09,AG1912,3600.0,-0.0019425564593376662,0,0,0
2019-05-10,AG1912,3591.0,-0.002503130218118477,0,0,0
2019-05-13,AG1912,3593.0,0.0005567928874360017,0,0,0
2019-05-14,AG1912,3628.0,0.009694024121508391,0,0,0
2019-05-15,AG1912,3611.0,-0.004696789957569493,0,0,0
2019-05-16,AG1912,3621.0,0.0027654884881834923,0,0,0
2019-05-17,AG1912,3577.0,-0.012225770506623452,1,0,-1
2019-05-20,AG1912,3556.0,-0.0058881426252225975,0,0,0
2019-05-21,AG1912,3560.0,0.0011242272122809105,0,0,0
2019-05-22,AG1912,3558.0,-0.0005619556202956558,0,0,0
2019-05-23,AG1912,3572.0,0.003927073770609144,0,0,0
2019-05-24,AG1912,3584.0,0.003353832098431458,0,0,0
2019-05-27,AG1912,3583.0,-0.00027905678986732565,0,0,0
2019-05-28,AG1912,3576.0,-0.0019555810115489992,0,0,0
2019-05-29,AG1912,3559.0,-0.004765250783212046,0,0,0
2019-05-30,AG1912,3555.0,-0.0011245432728513888,0,0,0
2019-05-31,AG1912,3576.0,0.005889794056063614,0,0,0
2019-06-03,AG1912,3584.0,0.0022346378014163628,0,0,0
2019-06-04,AG1912,3617.0,0.009165457857276764,0,0,0
2019-06-05,AG1912,3631.0,0.003863139462237903,0,0,0
2019-06-06,AG1912,3639.0,0.0022008261978241437,0,0,0
2019-06-10,AG1912,3629.0,-0.002751790399089462,0,0,0
2019-06-11,AG1912,3599.0,-0.008301099134039666,0,0,0
2019-06-12,AG1912,3640.0,0.011327652551755567,0,0,0
2019-06-13,AG1912,3633.0,-0.0019249284095843938,0,0,0
2019-06-14,AG1912,3678.0,0.012310372943064474,0,1,1
2019-06-17,AG1912,3636.0,-0.011484949866896957,1,0,-1
2019-06-18,AG1912,3647.0,0.0030207355113108718,0,0,0
2019-06-19,AG1912,3651.0,0.001096190846956703,0,0,0
2019-06-20,AG1912,3713.0,0.016839072521443305,0,1,1
2019-06-21,AG1912,3711.0,-0.000538793116482467,0,0,0
2019-06-24,AG1912,3720.0,0.002422286206594717,0,0,0
2019-06-25,AG1912,3742.0,0.005896559566842635,0,0,0
2019-06-26,AG1912,3698.0,-0.011828094886964824,1,0,-1
2019-06-27,AG1912,3691.0,-0.0018947089170715497,0,0,0
2019-06-28,AG1912,3691.0,0.0,0,0,0
2019-07-01,AG1912,3653.0,-0.010348676234716029,0,0,0
2019-07-02,AG1912,3669.0,0.004370397559999481,0,0,0
2019-07-03,AG1912,3716.0,0.012728675578447146,0,1,1
2019-07-04,AG1912,3690.0,-0.007021362899156305,0,0,0
2019-07-05,AG1912,3691.0,0.00027096599542560205,0,0,0
2019-07-08,AG1912,3665.0,-0.007069088709246718,0,0,0
2019-07-09,AG1912,3660.0,-0.00136518792533997,0,0,0
2019-07-10,AG1912,3657.0,-0.000820008246030707,0,0,0
2019-07-11,AG1912,3690.0,0.008983318885191749,0,0,0
2019-07-12,AG1912,3667.0,-0.006252568963246815,0,0,0
2019-07-15,AG1912,3693.0,0.007065246781237087,0,0,0
2019-07-16,AG1912,3731.0,0.010237158368594604,0,0,0
2019-07-17,AG1912,3784.0,0.01410535695061107,0,1,1
2019-07-18,AG1912,3866.0,0.02143872959650739,0,1,1
2019-07-19,AG1912,3976.0,0.02805590800818845,0,1,1
2019-07-22,AG1912,3951.0,-0.006307577365073922,0,0,0
2019-07-23,AG1912,3951.0,0.0,0,0,0
2019-07-24,AG1912,3980.0,0.00731310786709271,0,0,0
2019-07-25,AG1912,3977.0,-0.0007540530707927272,0,0,0
2019-07-26,AG1912,3966.0,-0.002769736127949335,0,0,0
2019-07-29,AG1912,3963.0,-0.0007567158893062838,0,0,0
2019-07-30,AG1912,3977.0,0.003526452017255569,0,0,0
2019-07-31,AG1912,3971.0,-0.0015098140764392,0,0,0
2019-08-01,AG1912,3869.0,-0.026021876430738517,1,0,-1
2019-08-02,AG1912,3913.0,0.011308267509899505,0,0,0
2019-08-05,AG1912,4067.0,0.0386012836968121,0,1,1
2019-08-06,AG1912,4040.0,-0.00666093495202879,0,0,0
2019-08-07,AG1912,4124.0,0.02057887418165481,0,1,1
2019-08-08,AG1912,4209.0,0.02040152363372001,0,1,1
2019-08-09,AG1912,4191.0,-0.004285720845499074,0,0,0
2019-08-12,AG1912,4168.0,-0.005503064491868707,0,0,0
2019-08-13,AG1912,4309.0,0.03326955418263518,0,1,1
2019-08-14,AG1912,4170.0,-0.03278982282299084,1,0,-1
2019-08-15,AG1912,4230.0,0.014285957247476434,0,1,1
2019-08-16,AG1912,4231.0,0.00023637867974387808,0,0,0
2019-08-19,AG1912,4194.0,-0.008783439258202191,0,0,0
2019-08-20,AG1912,4183.0,-0.0026262400196668608,0,0,0
2019-08-21,AG1912,4196.0,0.0031029980739894093,0,0,0
2019-08-22,AG1912,4207.0,0.0026181140743331073,0,0,0
2019-08-23,AG1912,4208.0,0.00023767082702484075,0,0,0
2019-08-26,AG1912,4392.0,0.042797228771820864,0,1,1
2019-08-27,AG1912,4422.0,0.006807378228025108,0,0,0
2019-08-28,AG1912,4546.0,0.027655642995097002,0,1,1
2019-08-29,AG1912,4640.0,0.020466640807812523,0,1,1
2019-08-30,AG1912,4561.0,-0.017172468508600502,1,0,-1
2019-09-02,AG1912,4561.0,0.0,0,0,0
2019-09-03,AG1912,4609.0,0.010469016008807926,0,0,0
2019-09-04,AG1912,4807.0,0.04206227517345242,0,1,1
2019-09-05,AG1912,4829.0,0.004566217979581184,0,0,0
2019-09-06,AG1912,4570.0,-0.05512620198529151,1,0,-1
2019-09-09,AG1912,4469.0,-0.0223485349547989,1,0,-1
2019-09-10,AG1912,4425.0,-0.009894391491421597,0,0,0
2019-09-11,AG1912,4485.0,0.01346821705086661,0,1,1
2019-09-12,AG1912,4460.0,-0.005589729478786774,0,0,0
2019-09-16,AG1912,4401.0,-0.013316978203018304,1,0,-1
2019-09-17,AG1912,4389.0,-0.0027303771228573796,0,0,0
2019-09-18,AG1912,4415.0,0.005906423349826397,0,0,0
2019-09-19,AG1912,4378.0,-0.008415834955252133,0,0,0
2019-09-20,AG1912,4413.0,0.00796273118673902,0,0,0
2019-09-23,AG1912,4529.0,0.02594643428666663,0,1,1
2019-09-24,AG1912,4583.0,0.011852640952910252,0,0,0
2019-09-25,AG1912,4578.0,-0.0010915839966120448,0,0,0
2019-09-26,AG1912,4445.0,-0.029482352564507066,1,0,-1
2019-09-27,AG1912,4330.0,-0.026212326951469425,1,0,-1
2019-09-30,AG1912,4275.0,-0.012783439625674926,1,0,-1
2019-10-08,AG1912,4297.0,0.005133002404134503,0,0,0
2019-10-09,AG1912,4429.0,0.03025672014820305,0,1,1
2019-10-10,AG1912,4374.0,-0.012495902686485049,1,0,-1
2019-10-11,AG1912,4355.0,-0.0043533119501100274,0,0,0
2019-10-14,AG1912,4313.0,-0.00969089263875998,0,0,0
2019-10-15,AG1912,4325.0,0.002778422718136641,0,0,0
2019-10-16,AG1912,4254.0,-0.016552423605797246,1,0,-1
2019-10-17,AG1912,4291.0,0.0086600892313423,0,0,0
2019-10-18,AG1912,4302.0,0.002560224836150666,0,0,0
2019-10-21,AG1912,4342.0,0.009255040610561744,0,0,0
2019-10-22,AG1912,4310.0,-0.00739716734044367,0,0,0
2019-10-23,AG1912,4321.0,0.0025489528341397613,0,0,0
2019-10-24,AG1912,4309.0,-0.002780998316095184,0,0,0
2019-10-25,AG1912,4418.0,0.024981246364224375,0,1,1
2019-10-28,AG1912,4426.0,0.0018091366309325343,0,0,0
2019-10-29,AG1912,4346.0,-0.01824035979462001,1,0,-1
2019-10-30,AG1912,4366.0,0.004591376293514316,0,0,0
2019-10-31,AG1912,4366.0,0.0,0,0,0
2019-11-01,AG1912,4400.0,0.00775728279646333,0,0,0
2019-11-04,AG1912,4398.0,-0.00045464879164606857,0,0,0
2019-11-05,AG1912,4373.0,-0.005700619701785864,0,0,0
2019-11-06,AG1912,4249.0,-0.028765611298109037,1,0,-1
2019-11-07,AG1912,4271.0,0.0051643307266548725,0,0,0
2019-11-08,AG1912,4114.0,-0.03745220062856402,1,0,-1
2019-11-11,AG1912,4091.0,-0.005606352283503874,0,0,0
2019-11-12,AG1912,4072.0,-0.0046551596990399065,0,0,0
2019-11-13,AG2002,4150.0,0.018974054994385352,0,1,1
2019-11-14,AG2002,4152.0,0.00048181162098064376,0,0,0
2019-11-15,AG2002,4118.0,-0.008222537257989828,0,0,0
2019-11-18,AG2002,4116.0,-0.0004857906337945662,0,0,0
2019-11-19,AG2002,4185.0,0.01662488596963537,0,1,1
2019-11-20,AG2002,4170.0,-0.003590668130728596,0,0,0
2019-11-21,AG2002,4163.0,-0.001680067597871729,0,0,0
2019-11-22,AG2002,4161.0,-0.00048053821203417524,0,0,0
2019-11-25,AG2002,4111.0,-0.012089122085062869,1,0,-1
2019-11-26,AG2002,4129.0,0.004368938988211916,0,0,0
2019-11-27,AG2002,4148.0,0.004591043463327687,0,0,0
2019-11-28,AG2002,4134.0,-0.0033808291077044067,0,0,0
2019-11-29,AG2002,4135.0,0.00024186721607807532,0,0,0
2019-12-02,AG2002,4127.0,-0.001936577705209835,0,0,0
2019-12-03,AG2002,4128.0,0.00024227740881675505,0,0,0
2019-12-04,AG2002,4249.0,0.028890632953412904,0,1,1
2019-12-05,AG2002,4174.0,-0.017808852477665477,1,0,-1
2019-12-06,AG2002,4148.0,-0.0062485182877281345,0,0,0
2019-12-09,AG2002,4080.0,-0.016529301951210582,1,0,-1
2019-12-10,AG2002,4082.0,0.0004900759715827172,0,0,0
2019-12-11,AG2002,4083.0,0.00024494794978575414,0,0,0
2019-12-12,AG2002,4128.0,0.010961015841822795,0,0,0
2019-12-13,AG2002,4103.0,-0.006074614719212531,0,0,0
2019-12-16,AG2002,4151.0,0.011630855610852581,0,0,0
2019-12-17,AG2002,4155.0,0.0009631592365097914,0,0,0
2019-12-18,AG2002,4159.0,0.0009622324533630445,0,0,0
2019-12-19,AG2002,4143.0,-0.003854497665509845,0,0,0
2019-12-20,AG2002,4168.0,0.0060161413558009556,0,0,0
2019-12-23,AG2002,4230.0,0.014765688607120832,0,1,1
2019-12-24,AG2002,4275.0,0.010582109330537008,0,0,0
2019-12-25,AG2002,4312.0,0.008617731217972487,0,0,0
2019-12-26,AG2002,4367.0,0.01267444089672786,0,1,1
2019-12-27,AG2002,4334.0,-0.007585371389256612,0,0,0
2019-12-30,AG2002,4342.0,0.0018441683419328787,0,0,0
2019-12-31,AG2002,4384.0,0.009626478189614242,0,0,0
2020-01-02,AG2002,4320.0,-0.014706147389695449,1,0,-1
2020-01-03,AG2006,4452.0,0.030098031157279347,0,1,1
2020-01-06,AG2006,4515.0,0.014051753455650287,0,1,1
2020-01-07,AG2006,4439.0,-0.016976061017050542,1,0,-1
2020-01-08,AG2006,4530.0,0.020292813643044503,0,1,1
2020-01-09,AG2006,4350.0,-0.040546094394349905,1,0,-1
2020-01-10,AG2006,4339.0,-0.0025319382843790876,0,0,0
2020-01-13,AG2006,4352.0,0.002991602737427786,0,0,0
2020-01-14,AG2006,4271.0,-0.018787517694312007,1,0,-1
2020-01-15,AG2006,4306.0,0.008161407082841882,0,0,0
2020-01-16,AG2006,4317.0,0.002551317631169068,0,0,0
2020-01-17,AG2006,4335.0,0.004160893659164718,0,0,0
2020-01-20,AG2006,4331.0,-0.0009231480000155335,0,0,0
2020-01-21,AG2006,4370.0,0.008964546875009109,0,0,0
2020-01-22,AG2006,4286.0,-0.019409112056113488,1,0,-1
2020-01-23,AG2006,4288.0,0.0004665267171155887,0,0,0
2020-02-03,AG2006,4337.0,0.011362441084728355,0,0,0
2020-02-04,AG2006,4318.0,-0.004390532760613527,0,0,0
2020-02-05,AG2006,4318.0,0.0,0,0,0
2020-02-06,AG2006,4304.0,-0.003247509233132333,0,0,0
2020-02-07,AG2006,4317.0,0.003015893713857195,0,0,0
2020-02-10,AG2006,4310.0,-0.0016228124576840488,0,0,0
2020-02-11,AG2006,4317.0,0.0016228124576841182,0,0,0
2020-02-12,AG2006,4255.0,-0.014465954548002948,1,0,-1
2020-02-13,AG2006,4283.0,0.006558936607896478,0,0,0
2020-02-14,AG2006,4293.0,0.002332090609189542,0,0,0
2020-02-17,AG2006,4332.0,0.009043539896320604,0,0,0
2020-02-18,AG2006,4339.0,0.001614577677469401,0,0,0
2020-02-19,AG2006,4442.0,0.02346081865602201,0,1,1
2020-02-20,AG2006,4457.0,0.0033711684921831327,0,0,0
2020-02-21,AG2006,4512.0,0.01226462023133893,0,1,1
2020-02-24,AG2006,4546.0,0.007507211234593583,0,0,0
2020-02-25,AG2006,4449.0,-0.02156837360644668,1,0,-1
2020-02-26,AG2006,4402.0,-0.010620368719634832,0,0,0
2020-02-27,AG2006,4387.0,-0.00341336092019297,0,0,0
2020-02-28,AG2006,4164.0,-0.05216947143135444,1,0,-1
2020-03-02,AG2006,4095.0,-0.016709433447689718,1,0,-1
2020-03-03,AG2006,4071.0,-0.005878047784190945,0,0,0
2020-03-04,AG2006,4155.0,0.020423758786569747,0,1,1
2020-03-05,AG2006,4146.0,-0.0021684142938236993,0,0,0
2020-03-06,AG2006,4177.0,0.007449271501450519,0,0,0
2020-03-09,AG2006,4000.0,-0.04329892439514767,1,0,-1
2020-03-10,AG2006,4086.0,0.02127213527553977,0,1,1
2020-03-11,AG2006,4090.0,0.000978473659280144,0,0,0
2020-03-12,AG2006,3996.0,-0.023251109268403274,1,0,-1
2020-03-13,AG2006,3791.0,-0.05266402425210928,1,0,-1
2020-03-16,AG2006,3561.0,-0.06258843223855713,1,0,-1
2020-03-17,AG2006,3211.0,-0.10345898918826375,1,0,-1
2020-03-18,AG2006,3003.0,-0.0669706261061836,1,0,-1
2020-03-19,AG2006,2937.0,-0.022223136784710235,1,0,-1
2020-03-20,AG2006,3132.0,0.06428312591207366,0,1,1
2020-03-23,AG2006,3121.0,-0.003518314839914283,0,0,0
2020-03-24,AG2006,3335.0,0.06631921607894468,0,1,1
2020-03-25,AG2006,3538.0,0.05908891637000658,0,1,1
2020-03-26,AG2006,3514.0,-0.006806605972688104,0,0,0
2020-03-27,AG2006,3564.0,0.014128519843657384,0,1,1
2020-03-30,AG2006,3364.0,-0.05775276749786122,1,0,-1
2020-03-31,AG2006,3433.0,0.02030377236485331,0,1,1
2020-04-01,AG2006,3402.0,-0.00907102050188494,0,0,0
2020-04-02,AG2006,3491.0,0.025824734149229023,0,1,1
2020-04-03,AG2006,3553.0,0.017604088915990978,0,1,1
2020-04-07,AG2006,3764.0,0.05768990468424307,0,1,1
2020-04-08,AG2006,3690.0,-0.019855763670697378,1,0,-1
2020-04-09,AG2006,3700.0,0.0027063615977428457,0,0,0
2020-04-10,AG2006,3727.0,0.0072708008469426376,0,0,0
2020-04-13,AG2006,3705.0,-0.005920361749071142,0,0,0
2020-04-14,AG2006,3778.0,0.019511510331267544,0,1,1
2020-04-15,AG2006,3708.0,-0.018702121375709084,1,0,-1
2020-04-16,AG2006,3778.0,0.018702121375709178,0,1,1
2020-04-17,AG2006,3681.0,-0.026010314682433693,1,0,-1
2020-04-20,AG2006,3677.0,-0.0010872520777491638,0,0,0
2020-04-21,AG2006,3698.0,0.005694930645798223,0,0,0
2020-04-22,AG2006,3549.0,-0.041126259300573634,1,0,-1
2020-04-23,AG2006,3699.0,0.04139663918595761,0,1,1
2020-04-24,AG2006,3713.0,0.0037776623446261113,0,0,0
2020-04-27,AG2006,3674.0,-0.01055918840200917,0,0,0
2020-04-28,AG2006,3600.0,-0.020347141330869598,1,0,-1
2020-04-29,AG2006,3664.0,0.01762160134981941,0,1,1
2020-04-30,AG2006,3696.0,0.008695706967553913,0,0,0
2020-05-06,AG2006,3672.0,-0.006514681021193642,0,0,0
2020-05-07,AG2006,3652.0,-0.005461510025522014,0,0,0
2020-05-08,AG2006,3777.0,0.03365508099759777,0,1,1
2020-05-11,AG2006,3782.0,0.0013229265059460354,0,0,0
2020-05-12,AG2006,3762.0,-0.0053022393574270925,0,0,0
2020-05-13,AG2006,3785.0,0.006095156010573407,0,0,0
2020-05-14,AG2006,3792.0,0.0018476975033631818,0,0,0
2020-05-15,AG2006,3962.0,0.0438553638835839,0,1,1
2020-05-18,AG2012,4248.0,0.06969933566327861,0,1,1
2020-05-19,AG2012,4190.0,-0.013747550005591322,1,0,-1
2020-05-20,AG2012,4329.0,0.03263583452579718,0,1,1
2020-05-21,AG2012,4214.0,-0.026924253077846228,1,0,-1
2020-05-22,AG2012,4150.0,-0.01530398113939035,1,0,-1
2020-05-25,AG2012,4167.0,0.004088018197709534,0,0,0
2020-05-26,AG2012,4288.0,0.02862407132818447,0,1,1
2020-05-27,AG2012,4225.0,-0.014801162959363678,1,0,-1
2020-05-28,AG2012,4291.0,0.015500545200250421,0,1,1
2020-05-29,AG2012,4306.0,0.00348959293278353,0,0,0
2020-06-01,AG2012,4515.0,0.04739578792677754,0,1,1
2020-06-02,AG2012,4481.0,-0.0075589510649427885,0,0,0
2020-06-03,AG2012,4388.0,-0.02097269339102213,1,0,-1
2020-06-04,AG2012,4299.0,-0.020491104898839287,1,0,-1
2020-06-05,AG2012,4325.0,0.006029702869698118,0,0,0
2020-06-08,AG2012,4311.0,-0.0032422446188450768,0,0,0
2020-06-09,AG2012,4297.0,-0.003252790972139496,0,0,0
2020-06-10,AG2012,4333.0,0.00834303796491425,0,0,0
2020-06-11,AG2012,4364.0,0.007128925213051933,0,0,0
2020-06-12,AG2012,4297.0,-0.015471963177966378,1,0,-1
2020-06-15,AG2012,4191.0,-0.024977735849923625,1,0,-1
2020-06-16,AG2012,4221.0,0.007132697857427287,0,0,0
2020-06-17,AG2012,4259.0,0.008962324140714793,0,0,0
2020-06-18,AG2012,4261.0,0.0004694835766986353,0,0,0
2020-06-19,AG2012,4287.0,0.006083313098065005,0,0,0
2020-06-22,AG2012,4363.0,0.017572706525632614,0,1,1
2020-06-23,AG2012,4322.0,-0.009441636056778351,0,0,0
2020-06-24,AG2012,4356.0,0.007835946986019858,0,0,0
2020-06-29,AG2012,4335.0,-0.004832594838208829,0,0,0
2020-06-30,AG2012,4346.0,0.002534271601732686,0,0,0
2020-07-01,AG2012,4436.0,0.02049718765388264,0,1,1
2020-07-02,AG2012,4357.0,-0.017969322352815592,1,0,-1
2020-07-03,AG2012,4376.0,0.004351317984375128,0,0,0
2020-07-06,AG2012,4379.0,0.000685322699581121,0,0,0
2020-07-07,AG2012,4388.0,0.0020531545937225804,0,0,0
2020-07-08,AG2012,4429.0,0.009300282528077358,0,0,0
2020-07-09,AG2012,4536.0,0.023871741484389704,0,1,1
2020-07-10,AG2012,4450.0,-0.019141470247302058,1,0,-1
2020-07-13,AG2012,4580.0,0.02879490194794464,0,1,1
2020-07-14,AG2012,4575.0,-0.0010922993986089273,0,0,0
2020-07-15,AG2012,4611.0,0.007838054497083942,0,0,0
2020-07-16,AG2012,4594.0,-0.003693648957661942,0,0,0
2020-07-17,AG2012,4544.0,-0.010943422848056227,1,0,-1
2020-07-20,AG2012,4599.0,0.012031207138936434,0,0,0
2020-07-21,AG2012,4851.0,0.053345980705292714,0,1,1
2020-07-22,AG2012,5123.0,0.05455533569398584,0,1,1
2020-07-23,AG2012,5400.0,0.05265874861316349,0,1,1
2020-07-24,AG2012,5346.0,-0.01005033585350145,0,0,0
2020-07-27,AG2012,5718.0,0.06727047618339271,0,1,1
2020-07-28,AG2012,5778.0,0.010438508143923383,0,0,0
2020-07-29,AG2012,5750.0,-0.004857747234784409,0,0,0
2020-07-30,AG2012,5569.0,-0.03198435020172748,1,0,-1
2020-07-31,AG2012,5723.0,0.02727763881943357,0,1,1
2020-08-03,AG2012,5720.0,-0.000524338035258654,0,0,0
2020-08-04,AG2012,5729.0,0.0015721900347342767,0,0,0
2020-08-05,AG2012,6172.0,0.07448193907447366,0,1,1
2020-08-06,AG2012,6472.0,0.04746224525527622,0,1,1
2020-08-07,AG2012,6594.0,0.018674964893348647,0,1,1
2020-08-10,AG2012,6635.0,0.006198523134631472,0,0,0
2020-08-11,AG2012,6535.0,-0.015186320707985602,1,0,-1
2020-08-12,AG2012,6173.0,-0.05698740366442645,1,0,-1
2020-08-13,AG2012,6024.0,-0.024433452914166334,1,0,-1
2020-08-14,AG2012,6116.0,0.0151567975692234,0,1,1
2020-08-17,AG2012,6222.0,0.017183110408629423,0,1,1
2020-08-18,AG2012,6459.0,0.037383108574890425,0,1,1
2020-08-19,AG2012,6257.0,-0.0317736700341092,1,0,-1
2020-08-20,AG2012,6113.0,-0.02328318596963805,1,0,-1
2020-08-21,AG2012,6088.0,-0.004098030487203639,0,0,0
2020-08-24,AG2012,5791.0,-0.050014632315732,1,0,-1
2020-08-25,AG2012,5857.0,0.011332538863992414,0,0,0
2020-08-26,AG2012,5833.0,-0.004106079336144684,0,0,0
2020-08-27,AG2012,6058.0,0.037848264833545094,0,1,1
2020-08-28,AG2012,6099.0,0.00674511070927379,0,0,0
2020-08-31,AG2012,6215.0,0.01884090164835512,0,1,1
2020-09-01,AG2012,6375.0,0.025418366081815448,0,1,1
2020-09-02,AG2012,6223.0,-0.024131985457408998,1,0,-1
2020-09-03,AG2012,5975.0,-0.04066800776950651,1,0,-1
2020-09-04,AG2012,5931.0,-0.007391264960984775,0,0,0
2020-09-07,AG2012,5948.0,0.0028621957413191117,0,0,0
2020-09-08,AG2012,5998.0,0.008371051728908707,0,0,0
2020-09-09,AG2012,5880.0,-0.019869318416281763,1,0,-1
2020-09-10,AG2012,5970.0,0.015190165493975238,0,1,1
2020-09-11,AG2012,5910.0,-0.010101095986503933,0,0,0
2020-09-14,AG2012,5888.0,-0.0037294499914317125,0,0,0
2020-09-15,AG2012,5973.0,0.014332932323593882,0,1,1
2020-09-16,AG2012,5939.0,-0.0057085447164457745,0,0,0
2020-09-17,AG2012,5805.0,-0.022821153883868312,1,0,-1
2020-09-18,AG2012,5887.0,0.014026914896269503,0,1,1
2020-09-21,AG2012,5764.0,-0.02111485190884867,1,0,-1
2020-09-22,AG2012,5238.0,-0.09569193205175554,1,0,-1
2020-09-23,AG2012,4984.0,-0.04970696460036815,1,0,-1
2020-09-24,AG2012,4757.0,-0.04661556403500757,1,0,-1
2020-09-25,AG2012,4987.0,0.04721730911384096,0,1,1
2020-09-28,AG2012,4875.0,-0.022714422114174963,1,0,-1
2020-09-29,AG2012,5026.0,0.030504334671589924,0,1,1
2020-09-30,AG2012,5076.0,0.009899110730740832,0,0,0
2020-10-09,AG2012,5111.0,0.0068715299340012135,0,0,0
2020-10-12,AG2012,5374.0,0.05017743040715692,0,1,1
2020-10-13,AG2012,5312.0,-0.011604098019166762,1,0,-1
2020-10-14,AG2012,5149.0,-0.031165891110128383,1,0,-1
2020-10-15,AG2012,5123.0,-0.0050623161069391215,0,0,0
2020-10-16,AG2012,5133.0,0.001950078621100828,0,0,0
2020-10-19,AG2012,5239.0,0.02044035684791655,0,1,1
2020-10-20,AG2012,5192.0,-0.009011661024293795,0,0,0
2020-10-21,AG2012,5286.0,0.01794283678030868,0,1,1
2020-10-22,AG2012,5278.0,-0.0015145781009651684,0,0,0
2020-10-23,AG2012,5205.0,-0.013927536014200124,1,0,-1
2020-10-26,AG2012,5096.0,-0.02116378379706998,1,0,-1
2020-10-27,AG2012,5198.0,0.019818017949436287,0,1,1
2020-10-28,AG2012,5202.0,0.0007692308071613815,0,0,0
2020-10-29,AG2012,4958.0,-0.048040733413461045,1,0,-1
2020-10-30,AG2012,4921.0,-0.007490671729157626,0,0,0
2020-11-02,AG2012,5086.0,0.03297990511608665,0,1,1
2020-11-03,AG2012,5136.0,0.009782899387732254,0,0,0
2020-11-04,AG2012,5062.0,-0.014512904264727783,1,0,-1
2020-11-05,AG2012,5168.0,0.020724104357368486,0,1,1
2020-11-06,AG2012,5335.0,0.03180311827341606,0,1,1
2020-11-09,AG2012,5369.0,0.0063527866867157485,0,0,0
2020-11-10,AG2012,5068.0,-0.05769540898153979,1,0,-1
2020-11-11,AG2012,5107.0,0.007665885206614334,0,0,0
2020-11-12,AG2012,5079.0,-0.005497755846398932,0,0,0
2020-11-13,AG2012,5089.0,0.0019669557875877314,0,0,0
2020-11-16,AG2012,5228.0,0.02694744815527989,0,1,1
2020-11-17,AG2012,5157.0,-0.013673780693153606,1,0,-1
2020-11-18,AG2012,5101.0,-0.010918416128032363,1,0,-1
2020-11-19,AG2012,5023.0,-0.015409234172881873,1,0,-1
2020-11-20,AG2012,5050.0,0.005360878519360826,0,0,0
2020-11-23,AG2012,5065.0,0.002965894413378248,0,0,0
2020-11-24,AG2012,4899.0,-0.03332303504420897,1,0,-1
2020-11-25,AG2012,4856.0,-0.008816048899240625,0,0,0
2020-11-26,AG2102,4938.0,0.01674533716579072,0,1,1
2020-11-27,AG2102,4910.0,-0.005686449116558578,0,0,0
2020-11-30,AG2102,4686.0,-0.04669460172082524,1,0,-1
2020-12-01,AG2102,4838.0,0.03192207210223158,0,1,1
2020-12-02,AG2102,5019.0,0.036729298484961016,0,1,1
2020-12-03,AG2102,5062.0,0.008530951450135651,0,0,0
2020-12-04,AG2102,5104.0,0.008262883919556463,0,0,0
2020-12-07,AG2102,5052.0,-0.010240341554244107,0,0,0
2020-12-08,AG2102,5189.0,0.02675679589735801,0,1,1
2020-12-09,AG2102,5082.0,-0.020836115487630258,1,0,-1
2020-12-10,AG2102,4979.0,-0.020475817237926644,1,0,-1
2020-12-11,AG2102,5013.0,0.006805470621320577,0,0,0
2020-12-14,AG2102,5009.0,-0.0007982439058866594,0,0,0
2020-12-15,AG2102,5093.0,0.016630753526987924,0,1,1
2020-12-16,AG2102,5246.0,0.02959883354221427,0,1,1
2020-12-17,AG2102,5374.0,0.02410662874861749,0,1,1
2020-12-18,AG2102,5414.0,0.007415680998809927,0,0,0
2020-12-21,AG2102,5718.0,0.05463090270801058,0,1,1
2020-12-22,AG2102,5398.0,-0.05759057930430719,1,0,-1
2020-12-23,AG2102,5342.0,-0.010428399908043761,0,0,0
2020-12-24,AG2102,5430.0,0.016339019258074947,0,1,1
2020-12-25,AG2102,5423.0,-0.0012899660869204563,0,0,0
2020-12-28,AG2102,5582.0,0.028897967255206918,0,1,1
2020-12-29,AG2102,5502.0,-0.014435472611747664,1,0,-1
2020-12-30,AG2102,5568.0,0.011924260529735792,0,0,0
2020-12-31,AG2102,5586.0,0.0032275444908665646,0,0,0
2021-01-04,AG2102,5705.0,0.021079515791053913,0,1,1
2021-01-05,AG2102,5728.0,0.004023446344305569,0,0,0
2021-01-06,AG2102,5708.0,-0.0034977300437545387,0,0,0
2021-01-07,AG2102,5678.0,-0.005269641563810542,0,0,0
2021-01-08,AG2102,5607.0,-0.012583240909243962,1,0,-1
2021-01-11,AG2102,5123.0,-0.09027561218447028,1,0,-1
2021-01-12,AG2102,5247.0,0.023916279747509425,0,1,1
2021-01-13,AG2102,5248.0,0.0001905669372131011,0,0,0
2021-01-14,AG2102,5200.0,-0.009188426054406255,0,0,0
2021-01-15,AG2102,5229.0,0.005561429618611957,0,0,0
2021-01-18,AG2102,5202.0,-0.005176888179533792,0,0,0
2021-01-19,AG2102,5224.0,0.004220224947670226,0,0,0
2021-01-20,AG2102,5281.0,0.0108520817506661,0,0,0
2021-01-21,AG2102,5362.0,0.015221566088971487,0,1,1
2021-01-22,AG2102,5270.0,-0.017306677260496568,1,0,-1
2021-01-25,AG2102,5257.0,-0.0024698407159599377,0,0,0
2021-01-26,AG2106,5293.0,0.00682467103853944,0,0,0
2021-01-27,AG2106,5295.0,0.0003777861775192385,0,0,0
2021-01-28,AG2106,5243.0,-0.009869125462974082,0,0,0
2021-01-29,AG2106,5479.0,0.04402874896588303,0,1,1
2021-02-01,AG2106,5939.0,0.08061816647744457,0,1,1
2021-02-02,AG2106,5879.0,-0.010154089613605224,0,0,0
2021-02-03,AG2106,5590.0,-0.05040739225311014,1,0,-1
2021-02-04,AG2106,5517.0,-0.013145052876714068,1,0,-1
2021-02-05,AG2106,5467.0,-0.009104214377431545,0,0,0
2021-02-08,AG2106,5583.0,0.020996246415361176,0,1,1
2021-02-09,AG2106,5636.0,0.00944832770821031,0,0,0
2021-02-10,AG2106,5607.0,-0.005158776894898259,0,0,0
2021-02-18,AG2106,5599.0,-0.0014278067747792904,0,0,0
2021-02-19,AG2106,5542.0,-0.01023256392596957,0,0,0
2021-02-22,AG2106,5744.0,0.035800385305136385,0,1,1
2021-02-23,AG2106,5859.0,0.01982310881672849,0,1,1
2021-02-24,AG2106,5753.0,-0.01825748268149523,1,0,-1
2021-02-25,AG2106,5811.0,0.010031215211812175,0,0,0
2021-02-26,AG2106,5552.0,-0.04559444988846519,1,0,-1
2021-03-01,AG2106,5573.0,0.0037752853828959786,0,0,0
2021-03-02,AG2106,5414.0,-0.028945317395289896,1,0,-1
2021-03-03,AG2106,5517.0,0.018846043098184204,0,1,1
2021-03-04,AG2106,5381.0,-0.024960003783011164,1,0,-1
2021-03-05,AG2106,5187.0,-0.0367187351380195,1,0,-1
2021-03-08,AG2106,5316.0,0.024565645481735784,0,1,1
2021-03-09,AG2106,5293.0,-0.004335947975148385,0,0,0
2021-03-10,AG2106,5360.0,0.012578782206860185,0,1,1
2021-03-11,AG2106,5455.0,0.017568644202323614,0,1,1
2021-03-12,AG2106,5344.0,-0.0205581830506895,1,0,-1
2021-03-15,AG2106,5400.0,0.010424517335884207,0,0,0
2021-03-16,AG2106,5430.0,0.005540180375615351,0,0,0
2021-03-17,AG2106,5412.0,-0.0033204236373024112,0,0,0
2021-03-18,AG2106,5558.0,0.02661962101177026,0,1,1
2021-03-19,AG2106,5446.0,-0.020356937068744085,1,0,-1
2021-03-22,AG2106,5311.0,-0.025101252811305767,1,0,-1
2021-03-23,AG2106,5331.0,0.003758696400361861,0,0,0
2021-03-24,AG2106,5237.0,-0.017790022543273293,1,0,-1
2021-03-25,AG2106,5213.0,-0.00459330951138174,0,0,0
2021-03-26,AG2106,5262.0,0.009355676832132039,0,0,0
2021-03-29,AG2106,5200.0,-0.011852557030719297,1,0,-1
2021-03-30,AG2106,5138.0,-0.011994726899689839,1,0,-1
2021-03-31,AG2106,5052.0,-0.0168796941994472,1,0,-1
2021-04-01,AG2106,5103.0,0.010044397593589815,0,0,0
2021-04-02,AG2106,5264.0,0.031062591941181574,0,1,1
2021-04-06,AG2106,5219.0,-0.008585381361739853,0,0,0
2021-04-07,AG2106,5260.0,0.007825214088342223,0,0,0
2021-04-08,AG2106,5310.0,0.009460808504228889,0,0,0
2021-04-09,AG2106,5302.0,-0.0015077273870137064,0,0,0
2021-04-12,AG2106,5265.0,-0.007002962280895019,0,0,0
2021-04-13,AG2106,5197.0,-0.012999609559633998,1,0,-1
2021-04-14,AG2106,5338.0,0.026769514956027536,0,1,1
2021-04-15,AG2106,5351.0,0.0024324083468352732,0,0,0
2021-04-16,AG2106,5401.0,0.009300662281586533,0,0,0
2021-04-19,AG2106,5408.0,0.001295217129908947,0,0,0
2021-04-20,AG2106,5392.0,-0.002962965130657072,0,0,0
2021-04-21,AG2106,5433.0,0.007575093959380158,0,0,0
2021-04-22,AG2106,5505.0,0.013165302605257308,0,1,1
2021-04-23,AG2106,5431.0,-0.013533491121935038,1,0,-1
2021-04-26,AG2106,5381.0,-0.009249048545425588,0,0,0
2021-04-27,AG2106,5430.0,0.009064903438561481,0,0,0
2021-04-28,AG2106,5393.0,-0.006837317590754079,0,0,0
2021-04-29,AG2106,5456.0,0.011614104186070952,0,0,0
2021-04-30,AG2106,5333.0,-0.02280198892269585,1,0,-1
2021-05-06,AG2106,5551.0,0.04006416008955915,0,1,1
2021-05-07,AG2106,5655.0,0.01856201786005956,0,1,1
2021-05-10,AG2106,5732.0,0.013524400397841554,0,1,1
2021-05-11,AG2106,5642.0,-0.015825897386120898,1,0,-1
2021-05-12,AG2106,5675.0,0.005831950787661765,0,0,0
2021-05-13,AG2106,5588.0,-0.01544912197275101,1,0,-1
2021-05-14,AG2106,5616.0,0.004998225328794623,0,0,0
2021-05-17,AG2106,5743.0,0.022362055158649464,0,1,1
2021-05-18,AG2106,5929.0,0.031873842843071126,0,1,1
2021-05-19,AG2106,5838.0,-0.0154672922933076,1,0,-1
2021-05-20,AG2106,5738.0,-0.017277554872749953,1,0,-1
2021-05-21,AG2106,5686.0,-0.009103704330365012,0,0,0
2021-05-24,AG2106,5707.0,0.003686478325763058,0,0,0
2021-05-25,AG2106,5688.0,-0.003334799053631226,0,0,0
2021-05-26,AG2112,5861.0,0.029961544993352483,0,1,1
2021-05-27,AG2112,5743.0,-0.020338515612132655,1,0,-1
2021-05-28,AG2112,5725.0,-0.003139172441856102,0,0,0
2021-05-31,AG2112,5788.0,0.01094425932893406,0,0,0
2021-06-01,AG2112,5893.0,0.017978397086538922,0,1,1
2021-06-02,AG2112,5755.0,-0.023696163681930275,1,0,-1
2021-06-03,AG2112,5770.0,0.002603038346162208,0,0,0
2021-06-04,AG2112,5630.0,-0.024562638368409197,1,0,-1
2021-06-07,AG2112,5672.0,0.007432347078227345,0,0,0
2021-06-08,AG2112,5699.0,0.0047489316230361536,0,0,0
2021-06-09,AG2112,5674.0,-0.004396384466202925,0,0,0
2021-06-10,AG2112,5682.0,0.0014089470453365724,0,0,0
2021-06-11,AG2112,5821.0,0.02416878485760218,0,1,1
2021-06-15,AG2112,5701.0,-0.02083047024015361,1,0,-1
2021-06-16,AG2112,5711.0,0.0017525416332811318,0,0,0
2021-06-17,AG2112,5556.0,-0.027515714790628476,1,0,-1
2021-06-18,AG2112,5418.0,-0.025151681229193944,1,0,-1
2021-06-21,AG2112,5416.0,-0.00036920805292952637,0,0,0
2021-06-22,AG2112,5405.0,-0.0020330845188022725,0,0,0
2021-06-23,AG2112,5428.0,0.004246290881451004,0,0,0
2021-06-24,AG2112,5422.0,-0.001105990896148898,0,0,0
2021-06-25,AG2112,5464.0,0.007716371192015215,0,0,0
2021-06-28,AG2112,5459.0,-0.0009154994688683346,0,0,0
2021-06-29,AG2112,5426.0,-0.006063408562880502,0,0,0
2021-06-30,AG2112,5377.0,-0.009071616409198919,0,0,0
2021-07-01,AG2112,5476.0,0.018244309598661527,0,1,1
2021-07-02,AG2112,5446.0,-0.005493513174634632,0,0,0
2021-07-05,AG2112,5548.0,0.01855610820101725,0,1,1
2021-07-06,AG2112,5565.0,0.003059482274923039,0,0,0
2021-07-07,AG2112,5515.0,-0.009025332022042407,0,0,0
2021-07-08,AG2112,5425.0,-0.016453753278942593,1,0,-1
2021-07-09,AG2112,5420.0,-0.000922083974968425,0,0,0
2021-07-12,AG2112,5446.0,0.00478557880001306,0,0,0
2021-07-13,AG2112,5507.0,0.011138616028776593,0,0,0
2021-07-14,AG2112,5454.0,-0.00967072585694761,0,0,0
2021-07-15,AG2112,5511.0,0.010396810477701615,0,0,0
2021-07-16,AG2112,5491.0,-0.0036357066043627576,0,0,0
2021-07-19,AG2112,5316.0,-0.032389247445736624,1,0,-1
2021-07-20,AG2112,5265.0,-0.009639995265060096,0,0,0
2021-07-21,AG2112,5284.0,0.0036022410741400977,0,0,0
2021-07-22,AG2112,5308.0,0.004531729809882099,0,0,0
2021-07-23,AG2112,5338.0,0.0056359345123712925,0,0,0
2021-07-26,AG2112,5329.0,-0.0016874476676871624,0,0,0
2021-07-27,AG2112,5310.0,-0.0035717680607977443,0,0,0
2021-07-28,AG2112,5275.0,-0.00661315589171723,0,0,0
2021-07-29,AG2112,5366.0,0.017104072641302225,0,1,1
2021-07-30,AG2112,5404.0,0.007056668094520101,0,0,0
2021-08-02,AG2112,5386.0,-0.0033364257085452377,0,0,0
2021-08-03,AG2112,5340.0,-0.008577341417303644,0,0,0
2021-08-04,AG2112,5415.0,0.013947227480850552,0,1,1
2021-08-05,AG2112,5355.0,-0.011142176553241848,1,0,-1
2021-08-06,AG2112,5305.0,-0.0093809318337656,0,0,0
2021-08-09,AG2112,5104.0,-0.03862522602345772,1,0,-1
2021-08-10,AG2112,5077.0,-0.00530401007723143,0,0,0
2021-08-11,AG2112,5068.0,-0.001774273506364653,0,0,0
2021-08-12,AG2112,5087.0,0.003742003381735406,0,0,0
2021-08-13,AG2112,5085.0,-0.0003932363401046855,0,0,0
2021-08-16,AG2112,5112.0,0.005295687574710503,0,0,0
2021-08-17,AG2112,5138.0,0.005073181612458061,0,0,0
2021-08-18,AG2112,5128.0,-0.001948179069322915,0,0,0
2021-08-19,AG2112,5032.0,-0.018898200220229543,1,0,-1
2021-08-20,AG2112,5043.0,0.0021836236964488925,0,0,0
2021-08-23,AG2112,5019.0,-0.004770432421791627,0,0,0
2021-08-24,AG2112,5096.0,0.015225207597065596,0,1,1
2021-08-25,AG2112,5098.0,0.0003923876840615075,0,0,0
2021-08-26,AG2112,5070.0,-0.005507488350831952,0,0,0
2021-08-27,AG2112,5099.0,0.005703624469926852,0,0,0
2021-08-30,AG2112,5138.0,0.007619456614673083,0,0,0
2021-08-31,AG2112,5172.0,0.006595562221919136,0,0,0
2021-09-01,AG2112,5111.0,-0.01186438112346856,1,0,-1
2021-09-02,AG2112,5166.0,0.01070361488750631,0,0,0
2021-09-03,AG2112,5137.0,-0.005629443188517936,0,0,0
2021-09-06,AG2112,5292.0,0.029726994767578434,0,1,1
2021-09-07,AG2112,5247.0,-0.008539761548134496,0,0,0
2021-09-08,AG2112,5196.0,-0.00976738589622155,0,0,0
2021-09-09,AG2112,5107.0,-0.017276951142846293,1,0,-1
2021-09-10,AG2112,5171.0,0.0124539457485776,0,1,1
2021-09-13,AG2112,5041.0,-0.02546161831359063,1,0,-1
2021-09-14,AG2112,5060.0,0.003762008198880468,0,0,0
2021-09-15,AG2112,5057.0,-0.000593061201528196,0,0,0
2021-09-16,AG2112,5011.0,-0.009137926120258377,0,0,0
2021-09-17,AG2112,4871.0,-0.02833624115318195,1,0,-1
2021-09-22,AG2112,4882.0,0.002255717146362804,0,0,0
2021-09-23,AG2112,4850.0,-0.006576267021376535,0,0,0
2021-09-24,AG2112,4854.0,0.0008244023550177622,0,0,0
2021-09-27,AG2112,4849.0,-0.0010306091811943788,0,0,0
2021-09-28,AG2112,4764.0,-0.017684846630161524,1,0,-1
2021-09-29,AG2112,4752.0,-0.002522069432709835,0,0,0
2021-09-30,AG2112,4615.0,-0.029253714105528367,1,0,-1
2021-10-08,AG2112,4788.0,0.036800919740911237,0,1,1
2021-10-11,AG2112,4826.0,0.007905179507113247,0,0,0
2021-10-12,AG2112,4822.0,-0.0008291874438606701,0,0,0
2021-10-13,AG2112,4832.0,0.0020716808735345353,0,0,0
2021-10-14,AG2112,4934.0,0.020889557474651196,0,1,1
2021-10-15,AG2112,4983.0,0.009882101192102625,0,0,0
2021-10-18,AG2112,4933.0,-0.010084797047666285,0,0,0
2021-10-19,AG2112,4988.0,0.011087705566188835,0,0,0
2021-10-20,AG2112,5004.0,0.003202564786874634,0,0,0
2021-10-21,AG2112,5013.0,0.0017969456767016347,0,0,0
2021-10-22,AG2112,5010.0,-0.0005986231845928798,0,0,0
2021-10-25,AG2112,5001.0,-0.0017980226600068368,0,0,0
2021-10-26,AG2112,4992.0,-0.0018012613696401281,0,0,0
2021-10-27,AG2112,4914.0,-0.015748356968139168,1,0,-1
2021-10-28,AG2112,4925.0,0.002236000525064897,0,0,0
2021-10-29,AG2112,4861.0,-0.01308009656073379,1,0,-1
2021-11-01,AG2112,4870.0,0.0018497590311800838,0,0,0
2021-11-02,AG2112,4905.0,0.0071611559228280065,0,0,0
2021-11-03,AG2112,4817.0,-0.018103765369242717,1,0,-1
2021-11-04,AG2112,4817.0,0.0,0,0,0
2021-11-05,AG2112,4893.0,0.015654284658902808,0,1,1
2021-11-08,AG2112,4983.0,0.018226506992281087,0,1,1
2021-11-09,AG2112,4998.0,0.0030057131134931625,0,0,0
2021-11-10,AG2112,5005.0,0.0013995803544232636,0,0,0
2021-11-11,AG2112,5151.0,0.028753457816264337,0,1,1
2021-11-12,AG2112,5201.0,0.00966004420748717,0,0,0
2021-11-15,AG2112,5139.0,-0.011992406780842863,1,0,-1
2021-11-16,AG2112,5130.0,-0.0017528488274143605,0,0,0
2021-11-17,AG2112,5153.0,0.0044734101634090915,0,0,0
2021-11-18,AG2112,5125.0,-0.005448544321615288,0,0,0
2021-11-19,AG2112,5087.0,-0.0074422591838439155,0,0,0
2021-11-22,AG2112,5067.0,-0.0039393393468552884,0,0,0
2021-11-23,AG2112,4920.0,-0.029440395989556018,1,0,-1
2021-11-24,AG2112,4863.0,-0.011652999082568014,1,0,-1
2021-11-25,AG2112,4874.0,0.002259423781365772,0,0,0
2021-11-26,AG2112,4873.0,-0.0002051913416453548,0,0,0
2021-11-29,AG2206,4895.0,0.004504512121104508,0,0,0
2021-11-30,AG2206,4792.0,-0.021266415169325443,1,0,-1
2021-12-01,AG2206,4790.0,-0.00041744939032435625,0,0,0
2021-12-02,AG2206,4710.0,-0.016842503394497464,1,0,-1
2021-12-03,AG2206,4712.0,0.00042453832095920124,0,0,0
2021-12-06,AG2206,4737.0,0.0052915775923291835,0,0,0
2021-12-07,AG2206,4736.0,-0.00021112635991022539,0,0,0
2021-12-08,AG2206,4724.0,-0.0025369992465886742,0,0,0
2021-12-09,AG2206,4678.0,-0.009785230173128606,0,0,0
2021-12-10,AG2206,4600.0,-0.01681436466693798,1,0,-1
2021-12-13,AG2206,4708.0,0.023206885902980923,0,1,1
2021-12-14,AG2206,4727.0,0.004027562413069003,0,0,0
2021-12-15,AG2206,4661.0,-0.014060734420495394,1,0,-1
2021-12-16,AG2206,4742.0,0.017228970252609877,0,1,1
2021-12-17,AG2206,4803.0,0.012781735039473515,0,1,1
2021-12-20,AG2206,4790.0,-0.002710311259863403,0,0,0
2021-12-21,AG2206,4795.0,0.0010432969125776675,0,0,0
2021-12-22,AG2206,4816.0,0.004369999671118388,0,0,0
2021-12-23,AG2206,4873.0,0.011766055854849189,0,0,0
2021-12-24,AG2206,4873.0,0.0,0,0,0
2021-12-27,AG2206,4838.0,-0.007208351673533582,0,0,0
2021-12-28,AG2206,4878.0,0.00823388760589298,0,0,0
2021-12-29,AG2206,4862.0,-0.003285423899796878,0,0,0
2021-12-30,AG2206,4783.0,-0.01638191119577174,1,0,-1
2021-12-31,AG2206,4880.0,0.02007725516689601,0,1,1
2022-01-04,AG2206,4774.0,-0.021960691948417408,1,0,-1
2022-01-05,AG2206,4773.0,-0.00020948989287882924,0,0,0
2022-01-06,AG2206,4694.0,-0.016689940594927788,1,0,-1
2022-01-07,AG2206,4613.0,-0.01740669285314831,1,0,-1
2022-01-10,AG2206,4627.0,0.0030303053491790633,0,0,0
2022-01-11,AG2206,4697.0,0.015015297119995434,0,1,1
2022-01-12,AG2206,4740.0,0.009113128662127112,0,0,0
2022-01-13,AG2206,4787.0,0.009866774703386828,0,0,0
2022-01-14,AG2206,4796.0,0.0018783267548958588,0,0,0
2022-01-17,AG2206,4760.0,-0.00753456892193917,0,0,0
2022-01-18,AG2206,4763.0,0.0006300535753947003,0,0,0
2022-01-19,AG2206,4913.0,0.03100703136778787,0,1,1
2022-01-20,AG2206,4984.0,0.01434802829864074,0,1,1
2022-01-21,AG2206,5081.0,0.019275311126442856,0,1,1
2022-01-24,AG2206,4985.0,-0.019074689197793156,1,0,-1
2022-01-25,AG2206,4926.0,-0.011906103715455476,1,0,-1
2022-01-26,AG2206,4903.0,-0.004680037029250014,0,0,0
2022-01-27,AG2206,4777.0,-0.02603452826127146,1,0,-1
2022-01-28,AG2206,4703.0,-0.015612131444913914,1,0,-1
2022-02-07,AG2206,4737.0,0.00720342097870389,0,0,0
2022-02-08,AG2206,4766.0,0.006103354734935652,0,0,0
2022-02-09,AG2206,4820.0,0.011266549385958606,0,0,0
2022-02-10,AG2206,4836.0,0.0033140046900372914,0,0,0
2022-02-11,AG2206,4750.0,-0.0179433147059964,1,0,-1
2022-02-14,AG2206,4905.0,0.032110474970776494,0,1,1
2022-02-15,AG2206,4918.0,0.002646850776674485,0,0,0
2022-02-16,AG2206,4824.0,-0.019298484369116537,1,0,-1
2022-02-17,AG2206,4835.0,0.0022776694803732225,0,0,0
2022-02-18,AG2206,4915.0,0.016410624693872247,0,1,1
2022-02-21,AG2206,4876.0,-0.00796654198010478,0,0,0
2022-02-22,AG2206,4976.0,0.02030114381785328,0,1,1
2022-02-23,AG2206,4962.0,-0.002817470167269056,0,0,0
2022-02-24,AG2206,5119.0,0.031150222205836933,0,1,1
2022-02-25,AG2206,4987.0,-0.026124580911460648,1,0,-1
2022-02-28,AG2206,4962.0,-0.005025641294376177,0,0,0
2022-03-01,AG2206,4981.0,0.0038217888215371313,0,0,0
2022-03-02,AG2206,5065.0,0.01672346360950028,0,1,1
2022-03-03,AG2206,5094.0,0.0057092388566186425,0,0,0
2022-03-04,AG2206,5062.0,-0.006301714434332925,0,0,0
2022-03-07,AG2206,5159.0,0.018981100139580553,0,1,1
2022-03-08,AG2206,5317.0,0.0301664722596885,0,1,1
2022-03-09,AG2206,5371.0,0.01010487640112087,0,0,0
2022-03-10,AG2206,5109.0,-0.05001042057466142,1,0,-1
2022-03-11,AG2206,5145.0,0.007021678937352089,0,0,0
2022-03-14,AG2206,5087.0,-0.011337103445384964,1,0,-1
2022-03-15,AG2206,4973.0,-0.022664986108026478,1,0,-1
2022-03-16,AG2206,5016.0,0.008609523598018113,0,0,0
2022-03-17,AG2206,5098.0,0.016215502623304148,0,1,1
2022-03-18,AG2206,5123.0,0.004891899003141522,0,0,0
2022-03-21,AG2206,5081.0,-0.008232112345470366,0,0,0
2022-03-22,AG2206,5168.0,0.016977673868705866,0,1,1
2022-03-23,AG2206,5082.0,-0.016780881582328353,1,0,-1
2022-03-24,AG2206,5127.0,0.008815807903591205,0,0,0
2022-03-25,AG2206,5237.0,0.02122812249578711,0,1,1
2022-03-28,AG2206,5152.0,-0.0163638264952981,1,0,-1
2022-03-29,AG2206,5118.0,-0.00662125106445543,0,0,0
2022-03-30,AG2206,5061.0,-0.011199645505656134,1,0,-1
2022-03-31,AG2206,5011.0,-0.009928596254353309,0,0,0
2022-04-01,AG2206,5038.0,0.005373681952830754,0,0,0
2022-04-06,AG2206,4980.0,-0.01157928689385689,1,0,-1
2022-04-07,AG2206,4961.0,-0.0038225577176497416,0,0,0
2022-04-08,AG2206,5030.0,0.013812650792736065,0,1,1
2022-04-11,AG2206,5083.0,0.010481654353117563,0,0,0
2022-04-12,AG2206,5179.0,0.018710348976988957,0,1,1
2022-04-13,AG2206,5208.0,0.005583917464513798,0,0,0
2022-04-14,AG2206,5251.0,0.008222629749454032,0,0,0
2022-04-15,AG2206,5235.0,-0.003051690333222073,0,0,0
2022-04-18,AG2206,5275.0,0.007611835039630074,0,0,0
2022-04-19,AG2206,5258.0,-0.00322795305444078,0,0,0
2022-04-20,AG2206,5147.0,-0.021336705637071993,1,0,-1
2022-04-21,AG2206,5174.0,0.005232063093219957,0,0,0
2022-04-22,AG2206,5098.0,-0.01479777780991371,1,0,-1
2022-04-25,AG2206,4985.0,-0.02241490254012207,1,0,-1
2022-04-26,AG2206,4971.0,-0.002812376301266094,0,0,0
2022-04-27,AG2206,4941.0,-0.006053287248922563,0,0,0
2022-04-28,AG2206,4905.0,-0.007312646846286602,0,0,0
2022-04-29,AG2206,4954.0,0.009940238049841477,0,0,0
2022-05-05,AG2206,4920.0,-0.006886800562951123,0,0,0
2022-05-06,AG2206,4821.0,-0.02032715508073154,1,0,-1
2022-05-09,AG2206,4824.0,0.0006220840013990587,0,0,0
2022-05-10,AG2206,4801.0,-0.0047792298760810665,0,0,0
2022-05-11,AG2206,4739.0,-0.012998086563352003,1,0,-1
2022-05-12,AG2206,4718.0,-0.0044411619999679365,0,0,0
2022-05-13,AG2206,4629.0,-0.01904411893634985,1,0,-1
2022-05-16,AG2206,4662.0,0.007103678564431801,0,0,0
2022-05-17,AG2206,4750.0,0.01870007743298444,0,1,1
2022-05-18,AG2206,4707.0,-0.009093855627544665,0,0,0
2022-05-19,AG2206,4707.0,0.0,0,0,0
2022-05-20,AG2206,4775.0,0.014343211513688284,0,1,1
2022-05-23,AG2206,4757.0,-0.0037767564825491582,0,0,0
2022-05-24,AG2206,4731.0,-0.005480620801133364,0,0,0
2022-05-25,AG2206,4763.0,0.006741125169712319,0,0,0
2022-05-26,AG2212,4772.0,0.0018877824169463246,0,0,0
2022-05-27,AG2212,4836.0,0.01332242851687652,0,1,1
2022-05-30,AG2212,4795.0,-0.00851422441714475,0,0,0
2022-05-31,AG2212,4716.0,-0.016612725660277005,1,0,-1
2022-06-01,AG2212,4673.0,-0.00915971895683533,0,0,0
2022-06-02,AG2212,4743.0,0.014868583177155614,0,1,1
2022-06-06,AG2212,4824.0,0.016933612529439673,0,1,1
2022-06-07,AG2212,4777.0,-0.00979072501705955,0,0,0
2022-06-08,AG2212,4811.0,0.007092228309491837,0,0,0
2022-06-09,AG2212,4778.0,-0.006882913813698917,0,0,0
2022-06-10,AG2212,4705.0,-0.015396275866274822,1,0,-1
2022-06-13,AG2212,4738.0,0.006989332699250715,0,0,0
2022-06-14,AG2212,4663.0,-0.015956087910409963,1,0,-1
2022-06-15,AG2212,4647.0,-0.003437167723342563,0,0,0
2022-06-16,AG2212,4724.0,0.016434048232274588,0,1,1
2022-06-17,AG2212,4778.0,0.011366150568501878,0,0,0
2022-06-20,AG2212,4715.0,-0.013273132818196974,1,0,-1
2022-06-21,AG2212,4669.0,-0.009804000096620856,0,0,0
2022-06-22,AG2212,4649.0,-0.00429277328035227,0,0,0
2022-06-23,AG2212,4649.0,0.0,0,0,0
2022-06-24,AG2212,4525.0,-0.027034565556558223,1,0,-1
2022-06-27,AG2212,4633.0,0.023587029282621852,0,1,1
2022-06-28,AG2212,4607.0,-0.005627720480731377,0,0,0
2022-06-29,AG2212,4527.0,-0.01751741749995843,1,0,-1
2022-06-30,AG2212,4522.0,-0.0011050945980434115,0,0,0
2022-07-01,AG2212,4351.0,-0.03854867011723502,1,0,-1
2022-07-04,AG2212,4327.0,-0.005531242495795315,0,0,0
2022-07-05,AG2212,4382.0,0.012630779930526968,0,1,1
2022-07-06,AG2212,4229.0,-0.035539682682923256,1,0,-1
2022-07-07,AG2212,4242.0,0.003069297652139179,0,0,0
2022-07-08,AG2212,4233.0,-0.0021238946037040797,0,0,0
2022-07-11,AG2212,4232.0,-0.00023626698278843392,0,0,0
2022-07-12,AG2212,4209.0,-0.005449604767564703,0,0,0
2022-07-13,AG2212,4194.0,-0.003570157308705426,0,0,0
2022-07-14,AG2212,4199.0,0.0011914692223279812,0,0,0
2022-07-15,AG2212,4021.0,-0.04331577378691931,1,0,-1
2022-07-18,AG2212,4151.0,0.03181864115576469,0,1,1
2022-07-19,AG2212,4131.0,-0.004829760656274247,0,0,0
2022-07-20,AG2212,4144.0,0.003141996542554455,0,0,0
2022-07-21,AG2212,4123.0,-0.005080451232418952,0,0,0
2022-07-22,AG2212,4182.0,0.014208547281678773,0,1,1
2022-07-25,AG2212,4147.0,-0.008404419742197626,0,0,0
2022-07-26,AG2212,4152.0,0.0012049645993432911,0,0,0
2022-07-27,AG2212,4165.0,0.003126129755218444,0,0,0
2022-07-28,AG2212,4318.0,0.03607605647380959,0,1,1
2022-07-29,AG2212,4462.0,0.032804763917725265,0,1,1
2022-08-01,AG2212,4443.0,-0.004267272056569372,0,0,0
2022-08-02,AG2212,4461.0,0.004043132192356325,0,0,0
2022-08-03,AG2212,4405.0,-0.012632696757984929,1,0,-1
2022-08-04,AG2212,4423.0,0.0040779394980468425,0,0,0
2022-08-05,AG2212,4470.0,0.01057020973928771,0,0,0
2022-08-08,AG2212,4396.0,-0.016693372084102497,1,0,-1
2022-08-09,AG2212,4517.0,0.02715302013109215,0,1,1
2022-08-10,AG2212,4488.0,-0.00644088845207196,0,0,0
2022-08-11,AG2212,4501.0,0.0028924260904004784,0,0,0
2022-08-12,AG2212,4488.0,-0.002892426090400431,0,0,0
2022-08-15,AG2212,4532.0,0.009756174945364656,0,0,0
2022-08-16,AG2212,4455.0,-0.01713628224298724,1,0,-1
2022-08-17,AG2212,4441.0,-0.003147484612807422,0,0,0
2022-08-18,AG2212,4336.0,-0.023927312172620167,1,0,-1
2022-08-19,AG2212,4300.0,-0.0083372414378284,0,0,0
2022-08-22,AG2212,4257.0,-0.01005033585350145,0,0,0
2022-08-23,AG2212,4270.0,0.003049140394517799,0,0,0
2022-08-24,AG2212,4310.0,0.009324076875123244,0,0,0
2022-08-25,AG2212,4334.0,0.005552998998510789,0,0,0
2022-08-26,AG2212,4318.0,-0.003698571021551648,0,0,0
2022-08-29,AG2212,4234.0,-0.019645159379942167,1,0,-1
2022-08-30,AG2212,4247.0,0.0030656786184607003,0,0,0
2022-08-31,AG2212,4202.0,-0.010652248908325451,0,0,0
2022-09-01,AG2212,4120.0,-0.019707439061373597,1,0,-1
2022-09-02,AG2212,4160.0,0.00966191091173689,0,0,0
2022-09-05,AG2212,4191.0,0.00742429466976246,0,0,0
2022-09-06,AG2212,4230.0,0.009262624115252228,0,0,0
2022-09-07,AG2212,4185.0,-0.010695289116747919,0,0,0
2022-09-08,AG2212,4253.0,0.016117912330057743,0,1,1
2022-09-09,AG2212,4326.0,0.017018711259370625,0,1,1
2022-09-13,AG2212,4466.0,0.03184982588709917,0,1,1
2022-09-14,AG2212,4402.0,-0.014434170313696253,1,0,-1
2022-09-15,AG2212,4399.0,-0.0006817407376872575,0,0,0
2022-09-16,AG2212,4362.0,-0.008446574587145445,0,0,0
2022-09-19,AG2212,4405.0,0.009809591608705523,0,0,0
2022-09-20,AG2212,4426.0,0.004755982240715157,0,0,0
2022-09-21,AG2212,4443.0,0.003833582324913494,0,0,0
2022-09-22,AG2212,4474.0,0.006953039114166477,0,0,0
2022-09-23,AG2212,4542.0,0.015084580615428826,0,1,1
2022-09-26,AG2212,4364.0,-0.03997837571254234,1,0,-1
2022-09-27,AG2212,4355.0,-0.0020644576663582668,0,0,0
2022-09-28,AG2212,4281.0,-0.01713798314165711,1,0,-1
2022-09-29,AG2212,4385.0,0.02400299866133739,0,1,1
2022-09-30,AG2212,4424.0,0.00885463839588736,0,0,0
2022-10-10,AG2212,4544.0,0.026763417198816506,0,1,1
2022-10-11,AG2212,4524.0,-0.0044111231649762266,0,0,0
2022-10-12,AG2212,4490.0,-0.007543856499711066,0,0,0
2022-10-13,AG2212,4436.0,-0.012099632266042309,1,0,-1
2022-10-14,AG2212,4447.0,0.002476642040438747,0,0,0
2022-10-17,AG2212,4369.0,-0.017695561559260605,1,0,-1
2022-10-18,AG2212,4421.0,0.011831764874807285,0,0,0
2022-10-19,AG2212,4388.0,-0.0074923724311223095,0,0,0
2022-10-20,AG2212,4370.0,-0.0041105333054850205,0,0,0
2022-10-21,AG2212,4384.0,0.003198540538215551,0,0,0
2022-10-24,AG2212,4542.0,0.03540589403765225,0,1,1
2022-10-25,AG2212,4575.0,0.007239255044117889,0,0,0
2022-10-26,AG2212,4617.0,0.009138444797367246,0,0,0
2022-10-27,AG2212,4564.0,-0.011545711525022677,1,0,-1
2022-10-28,AG2212,4575.0,0.002407266727655465,0,0,0
2022-10-31,AG2212,4527.0,-0.010547230273663059,0,0,0
2022-11-01,AG2212,4634.0,0.023360957556362968,0,1,1
2022-11-02,AG2212,4634.0,0.0,0,0,0
2022-11-03,AG2212,4573.0,-0.013250981334266321,1,0,-1
2022-11-04,AG2212,4624.0,0.011090686694158138,0,0,0
2022-11-07,AG2212,4741.0,0.024987952549904973,0,1,1
2022-11-08,AG2212,4795.0,0.011325624415420281,0,0,0
2022-11-09,AG2212,4939.0,0.029589173223086292,0,1,1
2022-11-10,AG2212,4919.0,-0.004057623745285046,0,0,0
2022-11-11,AG2212,4996.0,0.01553233445012852,0,1,1
2022-11-14,AG2212,4873.0,-0.0249278284019621,1,0,-1
2022-11-15,AG2212,4956.0,0.016889199905526953,0,1,1
2022-11-16,AG2212,4916.0,-0.0081037720631076,0,0,0
2022-11-17,AG2212,4909.0,-0.0014249366278729235,0,0,0
2022-11-18,AG2212,4857.0,-0.010649291712307654,0,0,0
2022-11-21,AG2212,4802.0,-0.011388465564546313,1,0,-1
2022-11-22,AG2212,4834.0,0.006641784482229794,0,0,0
2022-11-23,AG2212,4859.0,0.005158373142474759,0,0,0
2022-11-24,AG2212,4942.0,0.016937452142652295,0,1,1
2022-11-25,AG2212,4935.0,-0.0014174346809733935,0,0,0
2022-11-28,AG2212,4921.0,-0.0028409110016037525,0,0,0
2022-11-29,AG2302,4932.0,0.002232823418256598,0,0,0
2022-11-30,AG2302,4922.0,-0.0020296333332337226,0,0,0
2022-12-01,AG2302,5104.0,0.036309594073624545,0,1,1
2022-12-02,AG2302,5221.0,0.02266440838592664,0,1,1
2022-12-05,AG2302,5236.0,0.0028688936192382626,0,0,0
2022-12-06,AG2302,5104.0,-0.025533302005164762,1,0,-1
2022-12-07,AG2302,5095.0,-0.0017648793678005676,0,0,0
2022-12-08,AG2302,5159.0,0.012483095587824674,0,1,1
2022-12-09,AG2302,5255.0,0.018437242066401696,0,1,1
2022-12-12,AG2302,5303.0,0.009092693826078566,0,0,0
2022-12-13,AG2302,5320.0,0.0032006051985600946,0,0,0
2022-12-14,AG2302,5403.0,0.015481051508375601,0,1,1
2022-12-15,AG2302,5285.0,-0.02208173553972774,1,0,-1
2022-12-16,AG2302,5208.0,-0.014676714415932846,1,0,-1
2022-12-19,AG2302,5224.0,0.0030674870678618796,0,0,0
2022-12-20,AG2302,5221.0,-0.0005744375457145851,0,0,0
2022-12-21,AG2302,5372.0,0.028511324232575793,0,1,1
2022-12-22,AG2302,5322.0,-0.009351106105493693,0,0,0
2022-12-23,AG2302,5292.0,-0.005652926302788212,0,0,0
2022-12-26,AG2302,5326.0,0.006404241139031256,0,0,0
2022-12-27,AG2302,5387.0,0.011388156306656256,0,0,0
2022-12-28,AG2302,5356.0,-0.005771215869470599,0,0,0
2022-12-29,AG2302,5286.0,-0.013155611646828576,1,0,-1
2022-12-30,AG2302,5363.0,0.014461703818690597,0,1,1
2023-01-03,AG2302,5395.0,0.005949078709309767,0,0,0
2023-01-04,AG2302,5343.0,-0.009685305734463655,0,0,0
2023-01-05,AG2302,5210.0,-0.025207437210358796,1,0,-1
2023-01-06,AG2302,5156.0,-0.010418770688334572,0,0,0
2023-01-09,AG2302,5252.0,0.018447871363608905,0,1,1
2023-01-10,AG2302,5183.0,-0.013224917232980233,1,0,-1
2023-01-11,AG2306,5272.0,0.017025757992636656,0,1,1
2023-01-12,AG2306,5215.0,-0.010870708747470287,0,0,0
2023-01-13,AG2306,5225.0,0.0019157093981389615,0,0,0
2023-01-16,AG2306,5329.0,0.01970880546377046,0,1,1
2023-01-17,AG2306,5311.0,-0.003383461874383083,0,0,0
2023-01-18,AG2306,5309.0,-0.00037664783872764785,0,0,0
2023-01-19,AG2306,5165.0,-0.027498391029932595,1,0,-1
2023-01-20,AG2306,5311.0,0.02787503886866019,0,1,1
2023-01-30,AG2306,5243.0,-0.012886287849866366,1,0,-1
2023-01-31,AG2306,5185.0,-0.011124011908905102,1,0,-1
2023-02-01,AG2306,5222.0,0.007110628595446351,0,0,0
2023-02-02,AG2306,5305.0,0.015769301789009347,0,1,1
2023-02-03,AG2306,5197.0,-0.020568236039641665,1,0,-1
2023-02-06,AG2306,5026.0,-0.033457096904904414,1,0,-1
2023-02-07,AG2306,5008.0,-0.0035878053236030744,0,0,0
2023-02-08,AG2306,4993.0,-0.002999702279325189,0,0,0
2023-02-09,AG2306,5002.0,0.0018009009369551418,0,0,0
2023-02-10,AG2306,4928.0,-0.01490460622420863,1,0,-1
2023-02-13,AG2306,4939.0,0.0022296553272690683,0,0,0
2023-02-14,AG2306,4953.0,0.002830572047612954,0,0,0
2023-02-15,AG2306,4912.0,-0.008312262761259263,0,0,0
2023-02-16,AG2306,4918.0,0.0012207529491594289,0,0,0
2023-02-17,AG2306,4879.0,-0.00796166296030066,0,0,0
2023-02-20,AG2306,4965.0,0.017473016663435828,0,1,1
2023-02-21,AG2306,4964.0,-0.0002014301547751221,0,0,0
2023-02-22,AG2306,4989.0,0.005023621536539448,0,0,0
2023-02-23,AG2306,4961.0,-0.005628155559988447,0,0,0
2023-02-24,AG2306,4944.0,-0.003432613163522194,0,0,0
2023-02-27,AG2306,4870.0,-0.015080783060891199,1,0,-1
2023-02-28,AG2306,4875.0,0.0010261673553121748,0,0,0
2023-03-01,AG2306,4935.0,0.012232568435634451,0,1,1
2023-03-02,AG2306,4890.0,-0.009160369398664278,0,0,0
2023-03-03,AG2306,4931.0,0.0083495037552085,0,0,0
2023-03-06,AG2306,4978.0,0.009486396703411178,0,0,0
2023-03-07,AG2306,4948.0,-0.006044749415158847,0,0,0
2023-03-08,AG2306,4781.0,-0.03433372488627509,1,0,-1
2023-03-09,AG2306,4783.0,0.0004182350541935309,0,0,0
2023-03-10,AG2306,4776.0,-0.0014645886078588782,0,0,0
2023-03-13,AG2306,4914.0,0.02848489800868634,0,1,1
2023-03-14,AG2306,5057.0,0.028685147998858577,0,1,1
2023-03-15,AG2306,5055.0,-0.0003955696254111996,0,0,0
2023-03-16,AG2306,5042.0,-0.0025750237067066932,0,0,0
2023-03-17,AG2306,5059.0,0.0033660065440709475,0,0,0
2023-03-20,AG2306,5146.0,0.01705087854975335,0,1,1
2023-03-21,AG2306,5132.0,-0.0027242671061624337,0,0,0
2023-03-22,AG2306,5149.0,0.003307074310614229,0,0,0
2023-03-23,AG2306,5185.0,0.006967320617486342,0,0,0
2023-03-24,AG2306,5217.0,0.006152682358765099,0,0,0
2023-03-27,AG2306,5201.0,-0.0030716092493202,0,0,0
2023-03-28,AG2306,5180.0,-0.0040458585195436835,0,0,0
2023-03-29,AG2306,5212.0,0.006158602991207025,0,0,0
2023-03-30,AG2306,5296.0,0.0159881593721085,0,1,1
2023-03-31,AG2306,5344.0,0.009022617599637552,0,0,0
2023-04-03,AG2306,5294.0,-0.009400332429435087,0,0,0
2023-04-04,AG2306,5354.0,0.011269841293251313,0,0,0
2023-04-06,AG2306,5554.0,0.0366744437864471,0,1,1
2023-04-07,AG2306,5599.0,0.00806962148214847,0,0,0
2023-04-10,AG2306,5528.0,-0.01276192390138747,1,0,-1
2023-04-11,AG2306,5578.0,0.009004202739928382,0,0,0
2023-04-12,AG2306,5673.0,0.016887789139132997,0,1,1
2023-04-13,AG2306,5688.0,0.002640614156509722,0,0,0
2023-04-14,AG2306,5786.0,0.01708251405300352,0,1,1
2023-04-17,AG2306,5694.0,-0.0160282176980975,1,0,-1
2023-04-18,AG2306,5626.0,-0.012014278788180672,1,0,-1
2023-04-19,AG2306,5610.0,-0.002847990533060191,0,0,0
2023-04-20,AG2306,5664.0,0.009579636856813595,0,0,0
2023-04-21,AG2306,5609.0,-0.009757905865218812,0,0,0
2023-04-24,AG2306,5582.0,-0.004825315412069422,0,0,0
2023-04-25,AG2306,5635.0,0.009450012377609162,0,0,0
2023-04-26,AG2306,5615.0,-0.0035555593013330954,0,0,0
2023-04-27,AG2306,5636.0,0.003733005846027325,0,0,0
2023-04-28,AG2306,5619.0,-0.0030208819063725976,0,0,0
2023-05-04,AG2306,5759.0,0.024610136394474166,0,1,1
2023-05-05,AG2306,5846.0,0.01499381816451894,0,1,1
2023-05-08,AG2306,5772.0,-0.012739025777429714,1,0,-1
2023-05-09,AG2306,5739.0,-0.005733661785398882,0,0,0
2023-05-10,AG2306,5771.0,0.0055603966026038796,0,0,0
2023-05-11,AG2306,5665.0,-0.01853848124885978,1,0,-1
2023-05-12,AG2306,5431.0,-0.042183615427261366,1,0,-1
2023-05-15,AG2306,5445.0,0.00257447733221554,0,0,0
2023-05-16,AG2306,5388.0,-0.01052349783680626,0,0,0
2023-05-17,AG2306,5400.0,0.0022246950221111086,0,0,0
2023-05-18,AG2306,5401.0,0.0001851680405254741,0,0,0
2023-05-19,AG2306,5435.0,0.006275398962418593,0,0,0
2023-05-22,AG2306,5445.0,0.0018382358117509823,0,0,0
2023-05-23,AG2308,5422.0,-0.004233005308449956,0,0,0
2023-05-24,AG2308,5397.0,-0.004621507439968092,0,0,0
2023-05-25,AG2308,5336.0,-0.011366935023183108,1,0,-1
2023-05-26,AG2308,5336.0,0.0,0,0,0
2023-05-29,AG2308,5397.0,0.011366935023183217,0,0,0
2023-05-30,AG2308,5354.0,-0.007999298538344949,0,0,0
2023-05-31,AG2308,5452.0,0.018138568736125505,0,1,1
2023-06-01,AG2308,5492.0,0.007309974071438468,0,0,0
2023-06-02,AG2308,5554.0,0.011225900978883263,0,0,0
2023-06-05,AG2308,5462.0,-0.016703365833094508,1,0,-1
2023-06-06,AG2308,5489.0,0.004931066516239001,0,0,0
2023-06-07,AG2308,5495.0,0.001092498287832549,0,0,0
2023-06-08,AG2308,5538.0,0.007794836893185388,0,0,0
2023-06-09,AG2308,5708.0,0.030235274865819894,0,1,1
2023-06-12,AG2308,5674.0,-0.005974363227930397,0,0,0
2023-06-13,AG2308,5690.0,0.002815911751579918,0,0,0
2023-06-14,AG2308,5632.0,-0.010245629282498269,0,0,0
2023-06-15,AG2308,5528.0,-0.018638532390372473,1,0,-1
2023-06-16,AG2308,5614.0,0.015437391474321898,0,1,1
2023-06-19,AG2308,5638.0,0.004265914752229951,0,0,0
2023-06-20,AG2308,5626.0,-0.002130682624255694,0,0,0
2023-06-21,AG2308,5483.0,-0.025746313645753697,1,0,-1
2023-06-26,AG2308,5427.0,-0.01026590134064359,0,0,0
2023-06-27,AG2308,5474.0,0.00862311553721963,0,0,0
2023-06-28,AG2308,5446.0,-0.0051282163669194554,0,0,0
2023-06-29,AG2308,5450.0,0.000734214423584954,0,0,0
2023-06-30,AG2308,5439.0,-0.0020203882343289964,0,0,0
2023-07-03,AG2308,5501.0,0.011334673452497229,0,0,0
2023-07-04,AG2308,5510.0,0.001634729271502176,0,0,0
2023-07-05,AG2308,5489.0,-0.003818533597070993,0,0,0
2023-07-06,AG2308,5565.0,0.01375089515975597,0,1,1
2023-07-07,AG2308,5464.0,-0.01831586245901924,1,0,-1
2023-07-10,AG2308,5531.0,0.012187508744051997,0,1,1
2023-07-11,AG2308,5580.0,0.008820145380678643,0,0,0
2023-07-12,AG2308,5554.0,-0.00467038750861182,0,0,0
2023-07-13,AG2308,5727.0,0.03067344452711251,0,1,1
2023-07-14,AG2310,5794.0,0.011631065935438376,0,0,0
2023-07-17,AG2310,5818.0,0.004133660725851155,0,0,0
2023-07-18,AG2310,5839.0,0.003602989228390642,0,0,0
2023-07-19,AG2310,5924.0,0.01445234710415177,0,1,1
2023-07-20,AG2310,5932.0,0.001349527870133398,0,0,0
2023-07-21,AG2310,5864.0,-0.011529459691335273,1,0,-1
2023-07-24,AG2310,5848.0,-0.0027322421368729507,0,0,0
2023-07-25,AG2310,5823.0,-0.004284129592494531,0,0,0
2023-07-26,AG2310,5862.0,0.0066752494337177625,0,0,0
2023-07-27,AG2310,5891.0,0.004934920250849666,0,0,0
2023-07-28,AG2310,5744.0,-0.025269930793627216,1,0,-1
2023-07-31,AG2310,5745.0,0.00017407955479588715,0,0,0
2023-08-01,AG2310,5817.0,0.01245475362790537,0,1,1
2023-08-02,AG2310,5774.0,-0.007419583687881097,0,0,0
2023-08-03,AG2310,5632.0,-0.024900462385002108,1,0,-1
2023-08-04,AG2310,5616.0,-0.0028449521322312507,0,0,0
2023-08-07,AG2310,5649.0,0.005858871619615034,0,0,0
2023-08-08,AG2310,5614.0,-0.006215060403434285,0,0,0
2023-08-09,AG2310,5582.0,-0.005716342825560362,0,0,0
2023-08-10,AG2310,5554.0,-0.005028746229522639,0,0,0
2023-08-11,AG2310,5606.0,0.009319063857988651,0,0,0
2023-08-14,AG2310,5596.0,-0.0017853959393618157,0,0,0
2023-08-15,AG2310,5620.0,0.004279607102365001,0,0,0
2023-08-16,AG2310,5638.0,0.003197728786321012,0,0,0
2023-08-17,AG2310,5629.0,-0.0015975862100313272,0,0,0
2023-08-18,AG2310,5599.0,-0.005343796115133255,0,0,0
2023-08-21,AG2310,5622.0,0.004099462117583972,0,0,0
2023-08-22,AG2310,5687.0,0.011495395840322387,0,0,0
2023-08-23,AG2310,5779.0,0.016047789010978378,0,1,1
2023-08-24,AG2310,5842.0,0.010842546629908294,0,0,0
2023-08-25,AG2310,5823.0,-0.003257611110566349,0,0,0
2023-08-28,AG2310,5841.0,0.0030864222031893648,0,0,0
2023-08-29,AG2310,5856.0,0.0025647616008380963,0,0,0
2023-08-30,AG2310,5927.0,0.012051406146690763,0,0,0
2023-08-31,AG2310,5912.0,-0.002533999159800472,0,0,0
2023-09-01,AG2310,5932.0,0.0033772406297850163,0,0,0
2023-09-04,AG2310,5883.0,-0.00829458839336676,0,0,0
2023-09-05,AG2312,5836.0,-0.00802120522177973,0,0,0
2023-09-06,AG2312,5820.0,-0.0027453689171927833,0,0,0
2023-09-07,AG2312,5756.0,-0.011057472718225032,1,0,-1
2023-09-08,AG2312,5777.0,0.003641727774007154,0,0,0
2023-09-11,AG2312,5821.0,0.007587551490470048,0,0,0
2023-09-12,AG2312,5801.0,-0.0034417518056711603,0,0,0
2023-09-13,AG2312,5814.0,0.0022384856527569515,0,0,0
2023-09-14,AG2312,5920.0,0.01806764675923022,0,1,1
2023-09-15,AG2312,5922.0,0.00033778078348518687,0,0,0
2023-09-18,AG2312,5834.0,-0.014971358233869846,1,0,-1
2023-09-19,AG2312,5870.0,0.006151762394475484,0,0,0
2023-09-20,AG2312,5915.0,0.007636863590344971,0,0,0
2023-09-21,AG2312,5885.0,-0.005084756718110102,0,0,0
2023-09-22,AG2312,5963.0,0.013166969428728704,0,1,1
2023-09-25,AG2312,5942.0,-0.0035279331005529818,0,0,0
2023-09-26,AG2312,5837.0,-0.01782881081876188,1,0,-1
2023-09-27,AG2312,5839.0,0.0003425830797465045,0,0,0
2023-09-28,AG2312,5775.0,-0.011021292893543352,1,0,-1
2023-10-09,AG2312,5657.0,-0.020644540046838626,1,0,-1
2023-10-10,AG2312,5631.0,-0.0046066700885371605,0,0,0
2023-10-11,AG2312,5644.0,0.002305987718086057,0,0,0
2023-10-12,AG2312,5697.0,0.009346686507690856,0,0,0
2023-10-13,AG2312,5714.0,0.00297958331032274,0,0,0
2023-10-16,AG2312,5813.0,0.01717748491063219,0,1,1
2023-10-17,AG2312,5793.0,-0.0034464966047264875,0,0,0
2023-10-18,AG2312,5855.0,0.01064570493519359,0,0,0
2023-10-19,AG2312,5835.0,-0.0034217313111613275,0,0,0
2023-10-20,AG2312,5831.0,-0.0006857534985003997,0,0,0
2023-10-23,AG2312,5840.0,0.0015422846001166544,0,0,0
2023-10-24,AG2312,5837.0,-0.0005138306184816752,0,0,0
2023-10-25,AG2312,5812.0,-0.004292220513617465,0,0,0
2023-10-26,AG2312,5849.0,0.0063459607528522895,0,0,0
2023-10-27,AG2312,5861.0,0.002049531033403533,0,0,0
2023-10-30,AG2312,5870.0,0.001534396345712862,0,0,0
2023-10-31,AG2312,5862.0,-0.0013637915513044366,0,0,0
2023-11-01,AG2312,5762.0,-0.017206205626363998,1,0,-1
2023-11-02,AG2312,5821.0,0.010187431627261776,0,0,0
2023-11-03,AG2312,5800.0,-0.0036141507372248476,0,0,0
2023-11-06,AG2402,5876.0,0.013018340759257223,0,1,1
2023-11-07,AG2402,5828.0,-0.008202369978672441,0,0,0
2023-11-08,AG2402,5753.0,-0.012952430451801953,1,0,-1
2023-11-09,AG2402,5731.0,-0.0038314223115559487,0,0,0
2023-11-10,AG2402,5779.0,0.008340621766040583,0,0,0
2023-11-13,AG2402,5688.0,-0.01587196483470115,1,0,-1
2023-11-14,AG2402,5733.0,0.007880261425305965,0,0,0
2023-11-15,AG2402,5883.0,0.025827881956073336,0,1,1
2023-11-16,AG2402,5895.0,0.002037698107015319,0,0,0
2023-11-17,AG2402,5912.0,0.002879649656566482,0,0,0
2023-11-20,AG2402,5868.0,-0.007470323365165422,0,0,0
2023-11-21,AG2402,5875.0,0.0011921997494873558,0,0,0
2023-11-22,AG2402,5891.0,0.0027197025093277294,0,0,0
2023-11-23,AG2402,5877.0,-0.0023793349090369307,0,0,0
2023-11-24,AG2402,5872.0,-0.0008511363182989886,0,0,0
2023-11-27,AG2402,6111.0,0.0398951346005639,0,1,1
2023-11-28,AG2402,6137.0,0.0042455974941814755,0,0,0
2023-11-29,AG2402,6123.0,-0.0022838509111425065,0,0,0
2023-11-30,AG2402,6170.0,0.0076466654214789945,0,0,0
2023-12-01,AG2402,6178.0,0.0012957565790935764,0,0,0
2023-12-04,AG2402,6209.0,0.005005257886365746,0,0,0
2023-12-05,AG2402,6006.0,-0.03324088282161726,1,0,-1
2023-12-06,AG2402,5994.0,-0.00200000066666711,0,0,0
2023-12-07,AG2402,5969.0,-0.004179559707958621,0,0,0
2023-12-08,AG2402,6012.0,0.007178062704215162,0,0,0
2023-12-11,AG2402,5866.0,-0.024584501335468738,1,0,-1
2023-12-12,AG2402,5869.0,0.0005112910209380471,0,0,0
2023-12-13,AG2402,5827.0,-0.007181973415260324,0,0,0
2023-12-14,AG2402,6014.0,0.03158779640540013,0,1,1
2023-12-15,AG2402,6011.0,-0.0004989605093123627,0,0,0
2023-12-18,AG2402,6002.0,-0.0014983770388496765,0,0,0
2023-12-19,AG2402,5999.0,-0.0004999583472193385,0,0,0
2023-12-20,AG2402,6028.0,0.004822492093292992,0,0,0
2023-12-21,AG2402,6068.0,0.0066137807220368406,0,0,0
2023-12-22,AG2402,6090.0,0.00361902023551982,0,0,0
2023-12-25,AG2402,6066.0,-0.003948672455416331,0,0,0
2023-12-26,AG2402,6106.0,0.006572485046296792,0,0,0
2023-12-27,AG2402,6090.0,-0.0026238125908804636,0,0,0
2023-12-28,AG2402,6067.0,-0.0037838327616448956,0,0,0
2023-12-29,AG2402,5976.0,-0.015112801129644644,1,0,-1
2024-01-02,AG2402,6036.0,0.009990093075086186,0,0,0
2024-01-03,AG2402,5976.0,-0.009990093075086299,0,0,0
2024-01-04,AG2402,5862.0,-0.01926060554181551,1,0,-1
2024-01-05,AG2402,5894.0,0.005444042026802306,0,0,0
2024-01-08,AG2402,5894.0,0.0,0,0,0
2024-01-09,AG2402,5903.0,0.001525811943049355,0,0,0
2024-01-10,AG2402,5876.0,-0.004584437946921475,0,0,0
2024-01-11,AG2402,5903.0,0.0045844379469213775,0,0,0
2024-01-12,AG2402,5895.0,-0.001356162269218107,0,0,0
2024-01-15,AG2402,5980.0,0.014316033973206082,0,1,1
2024-01-16,AG2402,5956.0,-0.004021453140777836,0,0,0
2024-01-17,AG2406,5909.0,-0.007922502458224992,0,0,0
2024-01-18,AG2406,5908.0,-0.0001692476944042079,0,0,0
2024-01-19,AG2406,5913.0,0.0008459521695595036,0,0,0
2024-01-22,AG2406,5753.0,-0.02743185895753645,1,0,-1
2024-01-23,AG2406,5814.0,0.010547344255527754,0,0,0
2024-01-24,AG2406,5847.0,0.005659907056849262,0,0,0
2024-01-25,AG2406,5885.0,0.006478031518706689,0,0,0
2024-01-26,AG2406,5911.0,0.0044082811299922895,0,0,0
2024-01-29,AG2406,5930.0,0.0032091911674017324,0,0,0
2024-01-30,AG2406,5968.0,0.0063876498918257075,0,0,0
2024-01-31,AG2406,5946.0,-0.003693138325553763,0,0,0
2024-02-01,AG2406,5923.0,-0.0038756472810778015,0,0,0
2024-02-02,AG2406,5943.0,0.0033709790896955436,0,0,0
2024-02-05,AG2406,5856.0,-0.014747279725513176,1,0,-1
2024-02-06,AG2406,5824.0,-0.005479465764625596,0,0,0
2024-02-07,AG2406,5782.0,-0.007237667300230502,0,0,0
2024-02-08,AG2406,5825.0,0.007409355857609879,0,0,0
2024-02-19,AG2406,5951.0,0.02140027321095084,0,1,1
2024-02-20,AG2406,5927.0,-0.004041089857013945,0,0,0
2024-02-21,AG2406,5946.0,0.0032005417702047267,0,0,0
2024-02-22,AG2406,5934.0,-0.0020202027072758794,0,0,0
2024-02-23,AG2406,5882.0,-0.008801681736826755,0,0,0
2024-02-26,AG2406,5908.0,0.004410524537330006,0,0,0
2024-02-27,AG2406,5879.0,-0.004920685249015537,0,0,0
2024-02-28,AG2406,5857.0,-0.003749152312472694,0,0,0
2024-02-29,AG2406,5874.0,0.002898305668783038,0,0,0
2024-03-01,AG2406,5914.0,0.00678658865385714,0,0,0
2024-03-04,AG2406,5984.0,0.01176681924189071,0,0,0
2024-03-05,AG2406,6110.0,0.02083753251132778,0,1,1
2024-03-06,AG2406,6104.0,-0.0009824792013480319,0,0,0
2024-03-07,AG2406,6141.0,0.006043301365106231,0,0,0
2024-03-08,AG2406,6163.0,0.0035760766328439427,0,0,0
2024-03-11,AG2406,6157.0,-0.0009740260510330584,0,0,0
2024-03-12,AG2406,6155.0,-0.0003248862926562253,0,0,0
2024-03-13,AG2406,6146.0,-0.001463295928123971,0,0,0
2024-03-14,AG2406,6287.0,0.022682545692631218,0,1,1
2024-03-15,AG2406,6344.0,0.00902547493162279,0,0,0
2024-03-18,AG2406,6328.0,-0.002525253867194071,0,0,0
2024-03-19,AG2406,6305.0,-0.0036412610484698868,0,0,0
2024-03-20,AG2406,6329.0,0.0037992763762854103,0,0,0
2024-03-21,AG2406,6499.0,0.026506073119043464,0,1,1
2024-03-22,AG2406,6316.0,-0.02856222251881617,1,0,-1
2024-03-25,AG2406,6353.0,0.005841045891000529,0,0,0
2024-03-26,AG2406,6350.0,-0.0004723293797959474,0,0,0
2024-03-27,AG2406,6346.0,-0.0006301197435964494,0,0,0
2024-03-28,AG2406,6385.0,0.006126796323498689,0,0,0
2024-03-29,AG2406,6471.0,0.013379166590626372,0,1,1
2024-04-01,AG2406,6495.0,0.003701994047433891,0,0,0
2024-04-02,AG2406,6562.0,0.010262784416346921,0,0,0
2024-04-03,AG2406,6791.0,0.034302771592744453,0,1,1
2024-04-08,AG2406,7128.0,0.048432484036853865,0,1,1
2024-04-09,AG2406,7170.0,0.00587496444302075,0,0,0
2024-04-10,AG2406,7204.0,0.004730772702180546,0,0,0
2024-04-11,AG2406,7164.0,-0.0055679431152442956,0,0,0
2024-04-12,AG2406,7472.0,0.04209421672807618,0,1,1
2024-04-15,AG2406,7436.0,-0.004829631067343951,0,0,0
2024-04-16,AG2406,7368.0,-0.009186770906191868,0,0,0
2024-04-17,AG2406,7389.0,0.0028461088535047772,0,0,0
2024-04-18,AG2406,7440.0,0.006878441038489969,0,0,0
2024-04-19,AG2406,7418.0,-0.0029613697776014122,0,0,0
2024-04-22,AG2406,7178.0,-0.032888686341983525,1,0,-1
2024-04-23,AG2406,6989.0,-0.026683308230423565,1,0,-1
2024-04-24,AG2406,7106.0,0.016602013103843356,0,1,1
2024-04-25,AG2406,7086.0,-0.00281849115555507,0,0,0
2024-04-26,AG2406,7173.0,0.01220297070101721,0,1,1
2024-04-29,AG2406,7089.0,-0.011779690271416914,1,0,-1
2024-04-30,AG2406,7011.0,-0.01106394264804984,1,0,-1
2024-05-06,AG2406,7058.0,0.0066813810282477255,0,0,0
2024-05-07,AG2406,7097.0,0.005510434289767481,0,0,0
2024-05-08,AG2406,7108.0,0.0015487507495590585,0,0,0
2024-05-09,AG2406,7159.0,0.007149396121643086,0,0,0
2024-05-10,AG2406,7414.0,0.03499979831449251,0,1,1
2024-05-13,AG2406,7305.0,-0.01481105952587773,1,0,-1
2024-05-14,AG2408,7328.0,0.003143582169166389,0,0,0
2024-05-15,AG2408,7380.0,0.007071011240552042,0,0,0
2024-05-16,AG2408,7581.0,0.026871478461785833,0,1,1
2024-05-17,AG2408,7649.0,0.00892980326556222,0,0,0
2024-05-20,AG2408,8211.0,0.07089979838692265,0,1,1
2024-05-21,AG2408,8231.0,0.0024327952638551155,0,0,0
2024-05-22,AG2408,8343.0,0.013515349929430511,0,1,1
2024-05-23,AG2408,7954.0,-0.04774791713443865,1,0,-1
2024-05-24,AG2408,7994.0,0.005016313503632948,0,0,0
2024-05-27,AG2408,8081.0,0.010824366962178858,0,0,0
2024-05-28,AG2408,8286.0,0.025051716403899395,0,1,1
2024-05-29,AG2408,8539.0,0.030076561270258952,0,1,1
2024-05-30,AG2408,8270.0,-0.032009395889869126,1,0,-1
2024-05-31,AG2408,8232.0,-0.0046055105038515145,0,0,0
2024-06-03,AG2408,7957.0,-0.033976954136350726,1,0,-1
2024-06-04,AG2408,8086.0,0.016082126823181244,0,1,1
2024-06-05,AG2408,7776.0,-0.039092104060441175,1,0,-1
2024-06-06,AG2408,8036.0,0.03288937979454992,0,1,1
2024-06-07,AG2408,8221.0,0.022760409217308434,0,1,1
2024-06-11,AG2408,7680.0,-0.06807230901041554,1,0,-1
2024-06-12,AG2408,7762.0,0.010620485787133822,0,0,0
2024-06-13,AG2408,7744.0,-0.00232168297243864,0,0,0
2024-06-14,AG2408,7675.0,-0.008950056501015023,0,0,0
2024-06-17,AG2408,7680.0,0.0006512536863199927,0,0,0
2024-06-18,AG2408,7752.0,0.009331327428884222,0,0,0
2024-06-19,AG2408,7772.0,0.0025766569267285017,0,0,0
2024-06-20,AG2408,8015.0,0.03078725454632267,0,1,1
2024-06-21,AG2408,8036.0,0.0026166608911716888,0,0,0
2024-06-24,AG2408,7821.0,-0.027119023333213654,1,0,-1
2024-06-25,AG2408,7830.0,0.00115008638323731,0,0,0
2024-06-26,AG2408,7672.0,-0.02038517242157468,1,0,-1
2024-06-27,AG2408,7629.0,-0.0056205624730448,0,0,0
2024-06-28,AG2408,7761.0,0.0171544167639094,0,1,1
2024-07-01,AG2408,7728.0,-0.0042610949617849425,0,0,0
2024-07-02,AG2408,7795.0,0.008632405599523016,0,0,0
2024-07-03,AG2408,7966.0,0.02169998224971256,0,1,1
2024-07-04,AG2408,8010.0,0.005508276320815425,0,0,0
2024-07-05,AG2408,8086.0,0.009443410138311254,0,0,0
2024-07-08,AG2408,8126.0,0.004934626346955913,0,0,0
2024-07-09,AG2408,8164.0,0.004665447382063254,0,0,0
2024-07-10,AG2408,8128.0,-0.004419354111472307,0,0,0
2024-07-11,AG2408,8184.0,0.006866137813199268,0,0,0
2024-07-12,AG2408,8080.0,-0.012789156116321336,1,0,-1
2024-07-15,AG2408,8048.0,-0.003968259175620622,0,0,0
2024-07-16,AG2408,8108.0,0.007427615232370222,0,0,0
2024-07-17,AG2408,8082.0,-0.0032118619334716965,0,0,0
2024-07-18,AG2408,7974.0,-0.01345311769711864,1,0,-1
2024-07-19,AG2408,7679.0,-0.03769691861075682,1,0,-1
2024-07-22,AG2408,7602.0,-0.010077959781349488,0,0,0
2024-07-23,AG2408,7536.0,-0.00871983329299506,0,0,0
2024-07-24,AG2408,7688.0,0.019969134393929538,0,1,1
2024-07-25,AG2408,7220.0,-0.06280571876325645,1,0,-1
2024-07-26,AG2412,7277.0,0.007863736460214451,0,0,0
2024-07-29,AG2412,7337.0,0.008211350366907864,0,0,0
2024-07-30,AG2412,7301.0,-0.004918714657908498,0,0,0
2024-07-31,AG2412,7467.0,0.022481986979615908,0,1,1
2024-08-01,AG2412,7524.0,0.0076045993852192125,0,0,0
2024-08-02,AG2412,7498.0,-0.0034615931250636584,0,0,0
2024-08-05,AG2412,7249.0,-0.0337727899949796,1,0,-1
2024-08-06,AG2412,6907.0,-0.048328138211904896,1,0,-1
2024-08-07,AG2412,6954.0,0.0067816434788337526,0,0,0
2024-08-08,AG2412,6929.0,-0.0036015309404254085,0,0,0
2024-08-09,AG2412,7079.0,0.021417152146807884,0,1,1
2024-08-12,AG2412,7197.0,0.01653161773361496,0,1,1
2024-08-13,AG2412,7152.0,-0.006272234654454186,0,0,0
2024-08-14,AG2412,7159.0,0.0009782685428349031,0,0,0
2024-08-15,AG2412,7194.0,0.004877038859384136,0,0,0
2024-08-16,AG2412,7286.0,0.012707353312939918,0,1,1
2024-08-19,AG2412,7449.0,0.02212509660776725,0,1,1
2024-08-20,AG2412,7554.0,0.01399742909612597,0,1,1
2024-08-21,AG2412,7562.0,0.0010584811784759359,0,0,0
2024-08-22,AG2412,7512.0,-0.006633963562779351,0,0,0
2024-08-23,AG2412,7493.0,-0.00253249052378815,0,0,0
2024-08-26,AG2412,7676.0,0.024129326763279828,0,1,1
2024-08-27,AG2412,7657.0,-0.00247831601446709,0,0,0
2024-08-28,AG2412,7527.0,-0.017123706078591514,1,0,-1
2024-08-29,AG2412,7537.0,0.0013276688089379385,0,0,0
2024-08-30,AG2412,7503.0,-0.0045212842977411394,0,0,0
2024-09-02,AG2412,7223.0,-0.03803256149488191,1,0,-1
2024-09-03,AG2412,7224.0,0.00013843704597451113,0,0,0
2024-09-04,AG2412,7065.0,-0.022255799978193526,1,0,-1
2024-09-05,AG2412,7104.0,0.005504989553378176,0,0,0
2024-09-06,AG2412,7245.0,0.019653570082776815,0,1,1
2024-09-09,AG2412,6977.0,-0.03769255081554622,1,0,-1
2024-09-10,AG2412,7055.0,0.01111756034767792,0,0,0
2024-09-11,AG2412,7177.0,0.017144883143157437,0,1,1
2024-09-12,AG2412,7157.0,-0.0027905696914743393,0,0,0
2024-09-13,AG2412,7424.0,0.03662709672743901,0,1,1
2024-09-18,AG2412,7449.0,0.003361799710239897,0,0,0
2024-09-19,AG2412,7482.0,0.004420340731815228,0,0,0
2024-09-20,AG2412,7548.0,0.008782491580349452,0,0,0
2024-09-23,AG2412,7483.0,-0.008648846408082295,0,0,0
2024-09-24,AG2412,7545.0,0.008251311121590839,0,0,0
2024-09-25,AG2412,7786.0,0.031442156968451665,0,1,1
2024-09-26,AG2412,7857.0,0.009077605005420444,0,0,0
2024-09-27,AG2412,7865.0,0.0010176823165566568,0,0,0
2024-09-30,AG2412,7793.0,-0.00919664164881726,0,0,0
2024-10-08,AG2412,7672.0,-0.015648557280286787,1,0,-1
2024-10-09,AG2412,7496.0,-0.023207792645016004,1,0,-1
2024-10-10,AG2412,7527.0,0.004127011116273902,0,0,0
2024-10-11,AG2412,7686.0,0.020903936090257175,0,1,1
2024-10-14,AG2412,7784.0,0.012669852741051686,0,1,1
2024-10-15,AG2412,7711.0,-0.009422464032880377,0,0,0
2024-10-16,AG2412,7889.0,0.022821503262128933,0,1,1
2024-10-17,AG2412,7814.0,-0.009552387480073749,0,0,0
2024-10-18,AG2412,7896.0,0.010439305498301577,0,0,0
2024-10-21,AG2412,8343.0,0.05506656178875692,0,1,1
2024-10-22,AG2412,8333.0,-0.0011993285198677874,0,0,0
2024-10-23,AG2412,8350.0,0.002038003462694447,0,0,0
2024-10-24,AG2412,8230.0,-0.014475524173785717,1,0,-1
2024-10-25,AG2412,8140.0,-0.010995834674529465,1,0,-1
2024-10-28,AG2412,8213.0,0.008928084743606313,0,0,0
2024-10-29,AG2412,8279.0,0.008003923398613605,0,0,0
2024-10-30,AG2412,8319.0,0.004819867145081955,0,0,0
2024-10-31,AG2412,8148.0,-0.02076955693719129,1,0,-1
2024-11-01,AG2412,7964.0,-0.022841112162609558,1,0,-1
2024-11-04,AG2412,8006.0,0.0052598743684320985,0,0,0
2024-11-05,AG2412,7993.0,-0.0016251019264998594,0,0,0
2024-11-06,AG2412,7780.0,-0.0270098204535818,1,0,-1
2024-11-07,AG2412,7699.0,-0.010465887894387781,0,0,0
2024-11-08,AG2412,7760.0,0.007891883899214863,0,0,0
2024-11-11,AG2412,7800.0,0.005141399500418652,0,0,0
2024-11-12,AG2502,7609.0,-0.02479197650116036,1,0,-1
2024-11-13,AG2502,7707.0,0.012797249601470424,0,1,1
2024-11-14,AG2502,7504.0,-0.02669279509193261,1,0,-1
2024-11-15,AG2502,7591.0,0.011527123330707559,0,0,0
2024-11-18,AG2502,7688.0,0.01269733663336025,0,1,1
2024-11-19,AG2502,7817.0,0.016640177570201923,0,1,1
2024-11-20,AG2502,7761.0,-0.007189657366191601,0,0,0
2024-11-21,AG2502,7840.0,0.01012764249031462,0,0,0
2024-11-22,AG2502,7804.0,-0.004602411601451702,0,0,0
2024-11-25,AG2502,7657.0,-0.019016160629878362,1,0,-1
2024-11-26,AG2502,7602.0,-0.007208891563929345,0,0,0
2024-11-27,AG2502,7674.0,0.00942662125770355,0,0,0
2024-11-28,AG2502,7532.0,-0.018677381029854712,1,0,-1
2024-11-29,AG2502,7697.0,0.021670031757274315,0,1,1
2024-12-02,AG2502,7596.0,-0.013208849602140922,1,0,-1
2024-12-03,AG2502,7804.0,0.02701462981082544,0,1,1
2024-12-04,AG2502,7814.0,0.0012805738720140056,0,0,0
2024-12-05,AG2502,7832.0,0.002300908595330434,0,0,0
2024-12-06,AG2502,7823.0,-0.001149792525265676,0,0,0
2024-12-09,AG2502,7795.0,-0.003585610193203754,0,0,0
2024-12-10,AG2502,7924.0,0.01641362632656475,0,1,1
2024-12-11,AG2502,7914.0,-0.0012627858730719106,0,0,0
2024-12-12,AG2502,8014.0,0.01255666925072024,0,1,1
2024-12-13,AG2502,7795.0,-0.02770750970421294,1,0,-1
2024-12-16,AG2502,7736.0,-0.00759774435874664,0,0,0
2024-12-17,AG2502,7717.0,-0.0024590706755271544,0,0,0
2024-12-18,AG2502,7701.0,-0.0020754969183529224,0,0,0
2024-12-19,AG2502,7505.0,-0.025780725471687777,1,0,-1
2024-12-20,AG2502,7444.0,-0.008161126305421002,0,0,0
2024-12-23,AG2502,7583.0,0.01850056093879408,0,1,1
2024-12-24,AG2502,7580.0,-0.0003957000645181475,0,0,0
2024-12-25,AG2502,7582.0,0.0002638174398627997,0,0,0
2024-12-26,AG2502,7583.0,0.00013188262465545222,0,0,0
2024-12-27,AG2502,7601.0,0.002370917865104897,0,0,0
2024-12-30,AG2502,7560.0,-0.005408627392461732,0,0,0
2024-12-31,AG2502,7470.0,-0.01197619104671565,1,0,-1
2025-01-02,AG2502,7614.0,0.019093658815579603,0,1,1
2025-01-03,AG2502,7637.0,0.0030161979459414844,0,0,0
2025-01-06,AG2502,7611.0,-0.0034102866209925827,0,0,0
2025-01-07,AG2502,7733.0,0.015902316341643845,0,1,1
2025-01-08,AG2502,7740.0,0.0009048019747374609,0,0,0
2025-01-09,AG2502,7757.0,0.0021939739070988163,0,0,0
2025-01-10,AG2502,7804.0,0.006040761252130188,0,0,0
2025-01-13,AG2504,7788.0,-0.002052335250911519,0,0,0
2025-01-14,AG2504,7608.0,-0.02338376226686406,1,0,-1
2025-01-15,AG2504,7689.0,0.01059041080695461,0,0,0
2025-01-16,AG2504,7872.0,0.023521423699908606,0,1,1
2025-01-17,AG2504,7833.0,-0.00496658136485086,0,0,0
2025-01-20,AG2504,7770.0,-0.008075414005545418,0,0,0
2025-01-21,AG2504,7783.0,0.0016717035976951233,0,0,0
2025-01-22,AG2504,7812.0,0.0037191450371814013,0,0,0
2025-01-23,AG2504,7720.0,-0.011846648977747747,1,0,-1
2025-01-24,AG2504,7778.0,0.007484871696870812,0,0,0
2025-01-27,AG2504,7687.0,-0.011768645366560667,1,0,-1
2025-02-05,AG2504,8107.0,0.05319729563857513,0,1,1
2025-02-06,AG2504,8042.0,-0.008050077530487771,0,0,0
2025-02-07,AG2504,8055.0,0.001615208153855454,0,0,0
2025-02-10,AG2504,8062.0,0.0008686480660362838,0,0,0
2025-02-11,AG2504,7972.0,-0.011226262344425782,1,0,-1
2025-02-12,AG2504,7967.0,-0.0006273919523193271,0,0,0
2025-02-13,AG2504,8028.0,0.007627420535862753,0,0,0
2025-02-14,AG2504,8254.0,0.02776250039629829,0,1,1
2025-02-17,AG2504,8016.0,-0.02925838698788113,1,0,-1
2025-02-18,AG2504,8077.0,0.007580972117650267,0,0,0
2025-02-19,AG2504,8132.0,0.006786379305941024,0,0,0
2025-02-20,AG2504,8147.0,0.0018428655624046204,0,0,0
2025-02-21,AG2504,8102.0,-0.005538816548005947,0,0,0
2025-02-24,AG2504,8087.0,-0.0018531106668137217,0,0,0
2025-02-25,AG2504,8017.0,-0.008693547052870499,0,0,0
2025-02-26,AG2504,7904.0,-0.014195326615247902,1,0,-1
2025-02-27,AG2504,7900.0,-0.0005062009725908441,0,0,0
2025-02-28,AG2504,7853.0,-0.005967135080238239,0,0,0
2025-03-03,AG2504,7890.0,0.004700510465045288,0,0,0
2025-03-04,AG2504,7938.0,0.006065219503090722,0,0,0
2025-03-05,AG2504,7987.0,0.006153865574378286,0,0,0
2025-03-06,AG2504,8058.0,0.008850166833903633,0,0,0
2025-03-07,AG2504,8048.0,-0.0012417734117721225,0,0,0
2025-03-10,AG2504,8056.0,0.0009935420588777356,0,0,0
2025-03-11,AG2504,7994.0,-0.007725895127129369,0,0,0
2025-03-12,AG2504,8071.0,0.009586130053103551,0,0,0
2025-03-13,AG2504,8131.0,0.007406526883465233,0,0,0
2025-03-14,AG2504,8358.0,0.027535246800023158,0,1,1
2025-03-17,AG2504,8334.0,-0.0028756310254619633,0,0,0
2025-03-18,AG2506,8369.0,0.0041908700504752075,0,0,0
2025-03-19,AG2506,8378.0,0.001074819474106092,0,0,0
2025-03-20,AG2506,8356.0,-0.002629378830523752,0,0,0
2025-03-21,AG2506,8207.0,-0.017992395046744766,1,0,-1
2025-03-24,AG2506,8248.0,0.004983298067084222,0,0,0
2025-03-25,AG2506,8249.0,0.0001212341639357666,0,0,0
2025-03-26,AG2506,8366.0,0.014083892141411942,0,1,1
2025-03-27,AG2506,8372.0,0.0007169315637466085,0,0,0
2025-03-28,AG2506,8512.0,0.01658412801553526,0,1,1
2025-03-31,AG2506,8506.0,-0.0007051357678467333,0,0,0
2025-04-01,AG2506,8432.0,-0.008737805032435328,0,0,0
2025-04-02,AG2506,8401.0,-0.003683245416296405,0,0,0
2025-04-03,AG2506,8286.0,-0.013783402727499994,1,0,-1
2025-04-07,AG2506,7617.0,-0.08418475226455902,1,0,-1
2025-04-08,AG2506,7683.0,0.00862750449484681,0,0,0
2025-04-09,AG2506,7755.0,0.00932770074300424,0,0,0
2025-04-10,AG2506,7974.0,0.027848452330661164,0,1,1
2025-04-11,AG2506,7970.0,-0.0005017561570396365,0,0,0
2025-04-14,AG2506,8091.0,0.015067840023578851,0,1,1
2025-04-15,AG2506,8158.0,0.008246708069664111,0,0,0
2025-04-16,AG2506,8233.0,0.00915142742092237,0,0,0
2025-04-17,AG2506,8161.0,-0.008783757829183132,0,0,0
2025-04-18,AG2506,8160.0,-0.0001225415110901383,0,0,0
2025-04-21,AG2506,8247.0,0.010605328875202782,0,0,0
2025-04-22,AG2506,8174.0,-0.008891112709132759,0,0,0
2025-04-23,AG2506,8199.0,0.003053810471955071,0,0,0
2025-04-24,AG2506,8296.0,0.011761275313185465,0,0,0
2025-04-25,AG2506,8280.0,-0.0019305025300578502,0,0,0
2025-04-28,AG2506,8168.0,-0.013618887534803864,1,0,-1
2025-04-29,AG2506,8215.0,0.00573767062686695,0,0,0
2025-04-30,AG2506,8182.0,-0.004025131982024551,0,0,0
2025-05-06,AG2506,8235.0,0.0064567441223968725,0,0,0
2025-05-07,AG2506,8252.0,0.0020622315794018254,0,0,0
2025-05-08,AG2506,8094.0,-0.019332548755331563,1,0,-1
2025-05-09,AG2506,8168.0,0.009101034408690605,0,0,0
2025-05-12,AG2506,8232.0,0.0078049176693841356,0,0,0
2025-05-13,AG2508,8245.0,0.0015779574798137953,0,0,0
2025-05-14,AG2508,8195.0,-0.006082743815769196,0,0,0
2025-05-15,AG2508,8008.0,-0.02308317018287358,1,0,-1
2025-05-16,AG2508,8101.0,0.01154646883543463,0,0,0
2025-05-19,AG2508,8133.0,0.003942348336283976,0,0,0
2025-05-20,AG2508,8074.0,-0.007280836753889063,0,0,0
2025-05-21,AG2508,8272.0,0.02422729533532427,0,1,1
2025-05-22,AG2508,8301.0,0.0034996717068253,0,0,0
2025-05-23,AG2508,8263.0,-0.0045882717538512545,0,0,0
2025-05-26,AG2508,8280.0,0.002055250678120999,0,0,0
2025-05-27,AG2508,8217.0,-0.007637789448117538,0,0,0
2025-05-28,AG2508,8225.0,0.0009731177023847222,0,0,0
2025-05-29,AG2508,8224.0,-0.00012158793862625463,0,0,0
2025-05-30,AG2508,8218.0,-0.00072983825159128,0,0,0
2025-06-03,AG2508,8456.0,0.028549378106718412,0,1,1
2025-06-04,AG2508,8463.0,0.0008274721200323929,0,0,0
2025-06-05,AG2508,8473.0,0.0011809165283581888,0,0,0
2025-06-06,AG2508,8850.0,0.0435328218035111,0,1,1
2025-06-09,AG2508,8909.0,0.006644542718668511,0,0,0
2025-06-10,AG2508,8887.0,-0.002472466982168537,0,0,0
2025-06-11,AG2508,8902.0,0.0016864358373244058,0,0,0
2025-06-12,AG2508,8819.0,-0.009367485687618856,0,0,0
2025-06-13,AG2508,8791.0,-0.0031800140370022503,0,0,0
2025-06-16,AG2508,8858.0,0.007592534631964828,0,0,0
2025-06-17,AG2508,8864.0,0.0006771245039214346,0,0,0
2025-06-18,AG2508,9045.0,0.020213988842330527,0,1,1
2025-06-19,AG2508,8819.0,-0.02530363394121474,1,0,-1
2025-06-20,AG2508,8664.0,-0.01773197520735422,1,0,-1
2025-06-23,AG2508,8770.0,0.012160296685402123,0,1,1
2025-06-24,AG2508,8739.0,-0.0035410397386844237,0,0,0
2025-06-25,AG2508,8726.0,-0.0014886919439893876,0,0,0
2025-06-26,AG2508,8796.0,0.007989997991096804,0,0,0
2025-06-27,AG2508,8792.0,-0.0004548555911944869,0,0,0
2025-06-30,AG2508,8762.0,-0.00341802770961348,0,0,0
2025-07-01,AG2508,8810.0,0.005463250556381525,0,0,0
2025-07-02,AG2508,8747.0,-0.007176655510370281,0,0,0
2025-07-03,AG2508,8944.0,0.022272131975025537,0,1,1
2025-07-04,AG2508,8919.0,-0.0027990837286730637,0,0,0
2025-07-07,AG2510,8897.0,-0.0024696914214400226,0,0,0
2025-07-08,AG2510,8953.0,0.006274530389388688,0,0,0
2025-07-09,AG2510,8899.0,-0.006049760777293751,0,0,0
2025-07-10,AG2510,8919.0,0.0022449218093452466,0,0,0
2025-07-11,AG2510,9040.0,0.013475341720014779,0,1,1
2025-07-14,AG2510,9207.0,0.018304889901623666,0,1,1
2025-07-15,AG2510,9225.0,0.00195312562088207,0,0,0
2025-07-16,AG2510,9152.0,-0.007944755289148744,0,0,0
2025-07-17,AG2510,9166.0,0.001528551449490154,0,0,0
2025-07-18,AG2510,9273.0,0.01160596573115668,0,0,0
2025-07-21,AG2510,9271.0,-0.00021570319324354725,0,0,0
2025-07-22,AG2510,9393.0,0.01307348238753305,0,1,1
2025-07-23,AG2510,9492.0,0.010484607561138792,0,0,0
2025-07-24,AG2510,9386.0,-0.011230121201291193,1,0,-1
2025-07-25,AG2510,9392.0,0.0006390457135146973,0,0,0
2025-07-28,AG2510,9212.0,-0.019351281127301858,1,0,-1
2025-07-29,AG2510,9195.0,-0.0018471239021543536,0,0,0
2025-07-30,AG2510,9192.0,-0.00032631750982988145,0,0,0
2025-07-31,AG2510,9008.0,-0.020220469149120016,1,0,-1
2025-08-01,AG2510,8918.0,-0.010041365192049626,0,0,0
2025-08-04,AG2510,9039.0,0.01347684261098903,0,1,1
2025-08-05,AG2510,9075.0,0.003974831334640561,0,0,0
2025-08-06,AG2510,9182.0,0.011721665676115784,0,0,0
2025-08-07,AG2510,9258.0,0.008242996782048592,0,0,0
2025-08-08,AG2510,9278.0,0.002157963720473097,0,0,0
2025-08-11,AG2510,9210.0,-0.007356156062336504,0,0,0
2025-08-12,AG2510,9187.0,-0.0025004089778861037,0,0,0
2025-08-13,AG2510,9300.0,0.012224958869880898,0,1,1
2025-08-14,AG2510,9286.0,-0.0015065105614802511,0,0,0
2025-08-15,AG2510,9204.0,-0.00886971742461051,0,0,0
2025-08-18,AG2510,9258.0,0.005849870435959379,0,0,0
2025-08-19,AG2510,9187.0,-0.007698601319749381,0,0,0
2025-08-20,AG2510,9042.0,-0.015909052416916012,1,0,-1
2025-08-21,AG2510,9162.0,0.013184106592137078,0,1,1
2025-08-22,AG2510,9192.0,0.003269045081904135,0,0,0
2025-08-25,AG2510,9394.0,0.021737647058348696,0,1,1
2025-08-26,AG2510,9354.0,-0.004267128301108932,0,0,0
2025-08-27,AG2510,9305.0,-0.005252169209480345,0,0,0
2025-08-28,AG2510,9377.0,0.007707992343274081,0,0,0
2025-08-29,AG2510,9386.0,0.0009593349347377303,0,0,0
2025-09-01,AG2510,9775.0,0.04060888849920346,0,1,1
2025-09-02,AG2510,9824.0,0.00500026553335712,0,0,0
2025-09-03,AG2510,9820.0,-0.00040724903841207315,0,0,0
2025-09-04,AG2510,9773.0,-0.004797641009675813,0,0,0
2025-09-05,AG2510,9812.0,0.003982645039544227,0,0,0
2025-09-08,AG2510,9813.0,0.00010191082811372568,0,0,0
2025-09-09,AG2510,9846.0,0.0033572441116523307,0,0,0
2025-09-10,AG2510,9796.0,-0.005091142246087568,0,0,0
2025-09-11,AG2510,9798.0,0.00020414412646176225,0,0,0
2025-09-12,AG2510,10035.0,0.023900699031918334,0,1,1
2025-09-15,AG2510,10017.0,-0.0017953326186742633,0,0,0
2025-09-16,AG2510,10108.0,0.009043539896320604,0,0,0
2025-09-17,AG2512,9933.0,-0.017464642292728882,1,0,-1
2025-09-18,AG2512,9835.0,-0.009915095392196557,0,0,0
2025-09-19,AG2512,9971.0,0.013733428005633472,0,1,1
2025-09-22,AG2512,10317.0,0.03411214027158302,0,1,1
2025-09-23,AG2512,10349.0,0.003096876567797051,0,0,0
2025-09-24,AG2512,10397.0,0.00462740630979717,0,0,0
2025-09-25,AG2512,10411.0,0.0013456364967825965,0,0,0
2025-09-26,AG2512,10632.0,0.021005381918328337,0,1,1
2025-09-29,AG2512,10939.0,0.028466063726709588,0,1,1
2025-09-30,AG2512,10918.0,-0.0019215817780878818,0,0,0
2025-10-09,AG2512,11169.0,0.02272928019912375,0,1,1
2025-10-10,AG2512,11082.0,-0.007819913113531586,0,0,0
2025-10-13,AG2512,11531.0,0.039716890343821296,0,1,1
2025-10-14,AG2512,11533.0,0.0001734304548225101,0,0,0
2025-10-15,AG2512,11966.0,0.03685680372403844,0,1,1
2025-10-16,AG2512,12017.0,0.004253018961322649,0,0,0
2025-10-17,AG2512,12249.0,0.019121987076385596,0,1,1
2025-10-20,AG2512,11742.0,-0.04227214336355428,1,0,-1
2025-10-21,AG2512,11805.0,0.005351012895482082,0,0,0
2025-10-22,AG2512,11404.0,-0.03455899948705069,1,0,-1
2025-10-23,AG2512,11467.0,0.005509174005741825,0,0,0
2025-10-24,AG2512,11332.0,-0.011842763087897182,1,0,-1
2025-10-27,AG2512,11394.0,0.005456319089933668,0,0,0
2025-10-28,AG2512,11049.0,-0.030746974927165834,1,0,-1
2025-10-29,AG2512,11338.0,0.025819989771073918,0,1,1
2025-10-30,AG2512,11253.0,-0.0075251561342519905,0,0,0
2025-10-31,AG2512,11441.0,0.016568634950946886,0,1,1
2025-11-03,AG2512,11455.0,0.0012229211866520069,0,0,0
2025-11-04,AG2512,11238.0,-0.019125423215452356,1,0,-1
2025-11-05,AG2512,11276.0,0.003375680561859747,0,0,0
2025-11-06,AG2512,11427.0,0.013302402912710575,0,1,1
2025-11-07,AG2512,11484.0,0.004975786094240778,0,0,0
2025-11-10,AG2512,11719.0,0.020256694017647663,0,1,1
2025-11-11,AG2512,11880.0,0.013644857658033638,0,1,1
2025-11-12,AG2512,12073.0,0.016115240415751405,0,1,1
2025-11-13,AG2512,12588.0,0.04177242485191004,0,1,1
2025-11-14,AG2602,12375.0,-0.01706567074740638,1,0,-1
2025-11-17,AG2602,11933.0,-0.036370637067235326,1,0,-1
2025-11-18,AG2602,11699.0,-0.019804303322054257,1,0,-1
2025-11-19,AG2602,12148.0,0.03766117911803782,0,1,1
2025-11-20,AG2602,12050.0,-0.008099887246838314,0,0,0
2025-11-21,AG2602,11680.0,-0.031186682536583004,1,0,-1
2025-11-24,AG2602,11808.0,0.010899290458035638,0,0,0
2025-11-25,AG2602,12127.0,0.026657103816538002,0,1,1
2025-11-26,AG2602,12227.0,0.00821224948739817,0,0,0
2025-11-27,AG2602,12525.0,0.024080025808875555,0,1,1
2025-11-28,AG2602,12727.0,0.015999074038981508,0,1,1
2025-12-01,AG2602,13278.0,0.042382809287057635,0,1,1
2025-12-02,AG2602,13423.0,0.010861123208531512,0,0,0
2025-12-03,AG2602,13582.0,0.011775733186100633,0,0,0
2025-12-04,AG2602,13424.0,-0.011701236966749256,1,0,-1
2025-12-05,AG2602,13687.0,0.01940232750427893,0,1,1
2025-12-08,AG2602,13706.0,0.001387215934502702,0,0,0
2025-12-09,AG2602,13607.0,-0.0072493269549105555,0,0,0
2025-12-10,AG2602,14373.0,0.054767080360373276,0,1,1
2025-12-11,AG2602,14488.0,0.007969274012017408,0,0,0
2025-12-12,AG2602,14892.0,0.02750343542935828,0,1,1
2025-12-15,AG2602,14793.0,-0.006670060100371744,0,0,0
2025-12-16,AG2602,14666.0,-0.008622206238490967,0,0,0
2025-12-17,AG2602,15512.0,0.05608202826874284,0,1,1
2025-12-18,AG2602,15521.0,0.0005800277286968862,0,0,0
2025-12-19,AG2602,15376.0,-0.009386093441110865,0,0,0
2025-12-22,AG2602,16210.0,0.05282048351964806,0,1,1
2025-12-23,AG2602,16441.0,0.014149879281155181,0,1,1
2025-12-24,AG2602,17609.0,0.06863191994990106,0,1,1
2025-12-25,AG2604,17408.0,-0.01148026430510884,1,0,-1
2025-12-26,AG2604,18308.0,0.05040825211786358,0,1,1
2025-12-29,AG2604,18201.0,-0.0058615851631252,0,0,0
2025-12-30,AG2604,18107.0,-0.005177933789765015,0,0,0
2025-12-31,AG2604,17074.0,-0.05874176525039087,1,0,-1
