index,symbol,date,open,high,low,close,volume,open_interest,turnover,settle,pre_settle,variety
68,AU1506,2015-03-27,243.85,244.25,242.75,243.25,156580,195698,,243.6,242.85,AU
68,AU1506,2015-03-30,242.8,243.15,240.3,240.4,199746,190546,,241.75,243.6,AU
68,AU1506,2015-03-31,239.3,239.9,237.85,237.85,175542,188526,,239.0,241.75,AU
68,AU1506,2015-04-01,239.3,239.65,237.75,238.35,165432,190284,,238.75,239.0,AU
68,AU1506,2015-04-02,239.95,243.05,239.5,242.95,244050,193926,,241.55,238.75,AU
68,AU1506,2015-04-03,242.4,242.65,240.2,241.75,173668,182772,,241.35,241.55,AU
68,AU1506,2015-04-07,243.15,244.1,243.15,243.9,48968,183068,,243.75,241.35,AU
68,AU1506,2015-04-08,243.5,244.2,242.65,243.75,123654,183796,,243.55,243.75,AU
68,AU1506,2015-04-09,243.0,243.65,239.7,240.5,185616,180862,,241.75,243.55,AU
68,AU1506,2015-04-10,240.9,241.2,239.5,240.25,134150,180468,,240.1,241.75,AU
68,AU1506,2015-04-13,242.4,243.6,242.0,242.65,166920,172632,,242.8,240.1,AU
68,AU1506,2015-04-14,242.65,243.05,239.15,240.15,172328,181184,,241.25,242.8,AU
68,AU1506,2015-04-15,239.2,242.7,239.05,240.1,159376,176908,,240.25,241.25,AU
69,AU1506,2015-04-16,240.1,242.6,239.8,241.75,162448,172594,,241.15,240.25,AU
69,AU1506,2015-04-17,242.05,242.15,239.85,240.85,162154,174318,,240.8,241.15,AU
69,AU1506,2015-04-20,241.3,242.9,240.95,242.75,141530,172528,,241.55,240.8,AU
69,AU1506,2015-04-21,240.45,241.2,239.45,239.9,167564,174398,,240.1,241.55,AU
69,AU1506,2015-04-22,241.05,241.65,240.0,241.2,139054,165958,,240.8,240.1,AU
69,AU1506,2015-04-23,240.4,240.45,236.95,237.4,275116,176366,,238.3,240.8,AU
69,AU1506,2015-04-24,237.65,239.4,237.2,238.9,156290,165370,,238.25,238.3,AU
69,AU1506,2015-04-27,237.6,238.1,235.5,236.55,211312,168400,,236.5,238.25,AU
69,AU1506,2015-04-28,237.65,242.5,237.35,240.75,264478,140582,,240.4,236.5,AU
69,AU1506,2015-04-29,241.5,243.65,240.85,242.45,191776,129284,,242.6,240.4,AU
69,AU1506,2015-04-30,242.3,243.15,240.5,241.2,179948,119576,,242.0,242.6,AU
69,AU1506,2015-05-04,236.55,237.95,236.0,237.55,60848,110848,,237.3,242.0,AU
69,AU1506,2015-05-05,237.65,240.0,237.65,238.5,107084,105984,,238.7,237.3,AU
69,AU1506,2015-05-06,240.5,240.65,239.0,239.75,103940,101680,,240.0,238.7,AU
69,AU1506,2015-05-07,240.0,240.25,237.35,237.45,106484,100754,,238.95,240.0,AU
69,AU1506,2015-05-08,237.05,238.35,236.75,237.95,78760,96638,,237.65,238.95,AU
69,AU1506,2015-05-11,238.7,239.3,237.7,238.05,80878,92746,,238.45,237.65,AU
69,AU1506,2015-05-12,238.55,239.05,236.55,237.45,78586,90822,,237.7,238.45,AU
69,AU1506,2015-05-13,239.65,240.0,238.3,239.45,73436,83142,,239.0,237.7,AU
73,AU1512,2015-05-14,244.6,247.45,244.15,247.15,155688,128358,,245.9,242.15,AU
73,AU1512,2015-05-15,247.5,248.8,246.55,247.45,146534,131580,,247.5,245.9,AU
74,AU1512,2015-05-18,246.55,250.15,246.3,249.2,148128,142462,,248.15,247.5,AU
74,AU1512,2015-05-19,249.0,249.55,247.25,247.75,117590,139706,,248.35,248.15,AU
74,AU1512,2015-05-20,246.0,246.65,243.5,244.25,157826,127742,,245.15,248.35,AU
74,AU1512,2015-05-21,245.0,246.05,244.6,245.1,95594,128368,,245.25,245.15,AU
74,AU1512,2015-05-22,243.75,244.95,243.3,244.6,93404,130840,,244.2,245.25,AU
74,AU1512,2015-05-25,244.0,244.6,243.05,244.2,96058,134514,,243.85,244.2,AU
74,AU1512,2015-05-26,244.0,245.3,242.15,242.5,104142,140872,,244.0,243.85,AU
74,AU1512,2015-05-27,240.2,241.6,240.2,241.1,143194,156088,,241.0,244.0,AU
74,AU1512,2015-05-28,240.5,241.5,240.4,241.05,98436,158536,,240.95,241.0,AU
74,AU1512,2015-05-29,240.8,241.5,239.0,240.8,121018,163448,,240.7,240.95,AU
74,AU1512,2015-06-01,241.45,242.0,240.5,240.55,103334,168392,,241.35,240.7,AU
74,AU1512,2015-06-02,240.65,243.95,240.3,240.85,181356,172252,,241.95,241.35,AU
74,AU1512,2015-06-03,241.15,242.15,240.95,241.15,115948,174450,,241.55,241.95,AU
74,AU1512,2015-06-04,240.85,241.45,238.4,239.2,140880,180144,,240.05,241.55,AU
74,AU1512,2015-06-05,238.7,238.85,237.3,238.35,153790,186976,,238.15,240.05,AU
74,AU1512,2015-06-08,236.25,238.65,235.5,237.7,171370,189622,,237.0,238.15,AU
74,AU1512,2015-06-09,237.35,238.65,237.15,238.6,88838,187914,,237.9,237.0,AU
74,AU1512,2015-06-10,239.0,239.8,238.2,239.65,95576,184534,,238.8,237.9,AU
74,AU1512,2015-06-11,241.1,241.8,239.85,240.1,90162,179208,,240.6,238.8,AU
74,AU1512,2015-06-12,239.7,240.0,238.7,239.5,91472,180652,,239.35,240.6,AU
74,AU1512,2015-06-15,238.75,239.85,238.45,239.75,81150,180970,,239.2,239.35,AU
76,AU1512,2015-06-16,238.85,241.1,238.65,240.55,116438,184750,,240.0,239.2,AU
76,AU1512,2015-06-17,239.9,240.0,238.3,238.65,112048,184814,,238.85,240.0,AU
76,AU1512,2015-06-18,238.65,240.8,237.85,240.3,130180,179180,,239.3,238.85,AU
76,AU1512,2015-06-19,242.95,243.5,242.1,242.55,134734,174454,,242.75,239.3,AU
76,AU1512,2015-06-23,240.15,240.35,239.6,239.85,35896,173568,,240.05,242.75,AU
76,AU1512,2015-06-24,238.2,238.85,238.0,238.6,86736,175432,,238.4,240.05,AU
76,AU1512,2015-06-25,238.0,238.5,237.35,238.25,94536,178444,,237.85,238.4,AU
76,AU1512,2015-06-26,237.7,238.05,237.1,237.35,70318,182194,,237.7,237.85,AU
76,AU1512,2015-06-29,237.15,240.45,236.5,239.25,102474,177434,,238.35,237.7,AU
76,AU1512,2015-06-30,239.5,239.55,237.7,238.05,108750,176296,,238.35,238.35,AU
76,AU1512,2015-07-01,237.1,238.75,236.25,237.7,130804,178778,,237.35,238.35,AU
76,AU1512,2015-07-02,237.05,237.55,235.65,235.9,129988,190984,,236.55,237.35,AU
76,AU1512,2015-07-03,236.2,237.0,235.6,236.7,112654,190922,,236.3,236.55,AU
76,AU1512,2015-07-06,236.9,237.5,236.2,236.35,80562,190230,,236.65,236.3,AU
76,AU1512,2015-07-07,236.2,238.15,235.65,236.9,89786,187446,,236.7,236.65,AU
76,AU1512,2015-07-08,235.45,235.5,226.05,231.7,490996,206374,,232.65,236.7,AU
76,AU1512,2015-07-09,232.7,244.25,232.3,235.4,241776,183564,,235.05,232.65,AU
76,AU1512,2015-07-10,235.85,236.5,234.2,235.2,112944,182362,,235.5,235.05,AU
76,AU1512,2015-07-13,235.2,236.15,234.65,235.15,90552,181494,,235.15,235.5,AU
76,AU1512,2015-07-14,233.75,234.65,233.0,233.3,133862,188602,,233.65,235.15,AU
76,AU1512,2015-07-15,233.8,234.7,233.3,233.5,81074,187688,,233.9,233.65,AU
75,AU1512,2015-07-16,232.8,232.9,230.65,231.5,173142,198274,,231.55,233.9,AU
75,AU1512,2015-07-17,230.25,231.75,230.25,231.3,98002,194776,,231.15,231.55,AU
75,AU1512,2015-07-20,230.0,230.1,220.15,225.65,384974,208312,,225.95,231.15,AU
75,AU1512,2015-07-21,224.6,225.0,222.3,223.05,264440,217652,,223.55,225.95,AU
75,AU1512,2015-07-22,222.7,224.2,219.55,220.65,283762,235362,,221.95,223.55,AU
75,AU1512,2015-07-23,219.9,222.25,219.25,221.1,278334,223608,,220.6,221.95,AU
75,AU1512,2015-07-24,221.0,221.8,216.8,219.3,303596,234572,,219.45,220.6,AU
75,AU1512,2015-07-27,219.0,223.7,218.1,223.7,318958,215628,,220.85,219.45,AU
75,AU1512,2015-07-28,221.5,223.35,220.7,221.75,208244,218516,,221.75,220.85,AU
75,AU1512,2015-07-29,221.3,222.4,221.2,221.85,143350,211334,,221.8,221.75,AU
75,AU1512,2015-07-30,221.4,223.1,218.15,219.05,320076,237326,,220.8,221.8,AU
75,AU1512,2015-07-31,219.45,221.35,218.05,218.15,289880,239568,,219.7,220.8,AU
75,AU1512,2015-08-03,219.9,222.95,219.65,221.6,272524,223732,,220.9,219.7,AU
75,AU1512,2015-08-04,220.1,220.85,217.7,219.3,209816,237116,,219.25,220.9,AU
75,AU1512,2015-08-05,220.05,220.45,218.55,219.15,143808,242704,,219.45,219.25,AU
75,AU1512,2015-08-06,219.55,219.8,218.15,218.7,175434,249914,,218.75,219.45,AU
75,AU1512,2015-08-07,218.7,221.5,218.45,221.2,218824,229248,,219.6,218.75,AU
75,AU1512,2015-08-10,218.8,222.0,218.6,221.55,251200,221392,,220.75,219.6,AU
75,AU1512,2015-08-11,220.95,227.3,220.95,226.3,464794,218994,,224.35,220.75,AU
75,AU1512,2015-08-12,227.9,235.55,227.5,235.45,503090,239256,,231.4,224.35,AU
75,AU1512,2015-08-13,235.35,236.65,232.95,234.25,416448,223036,,235.1,231.4,AU
75,AU1512,2015-08-14,233.15,233.85,231.15,232.85,228462,222040,,232.75,235.1,AU
75,AU1512,2015-08-17,233.0,233.65,230.0,232.85,230864,217974,,232.1,232.75,AU
75,AU1512,2015-08-18,233.1,233.45,232.05,232.45,165702,219690,,232.75,232.1,AU
75,AU1512,2015-08-19,232.1,233.75,230.35,233.55,235948,226990,,231.95,232.75,AU
75,AU1512,2015-08-20,233.4,237.9,233.05,236.95,323534,233756,,235.35,231.95,AU
75,AU1512,2015-08-21,237.15,243.55,237.15,240.8,450916,246898,,240.4,235.35,AU
75,AU1512,2015-08-24,240.3,242.5,238.85,240.0,590824,258036,,240.65,240.4,AU
75,AU1512,2015-08-25,240.4,244.2,238.1,239.5,664454,257184,,241.35,240.65,AU
75,AU1512,2015-08-26,240.05,240.45,235.8,236.8,518780,243656,,237.2,241.35,AU
75,AU1512,2015-08-27,234.8,235.3,232.5,234.75,367310,237946,,234.0,237.2,AU
75,AU1512,2015-08-28,233.6,235.85,233.0,235.25,391728,237678,,234.5,234.0,AU
75,AU1512,2015-08-31,234.7,237.2,233.7,235.55,344230,236710,,235.7,234.5,AU
75,AU1512,2015-09-01,234.05,237.1,233.4,236.75,242728,233592,,235.4,235.7,AU
75,AU1512,2015-09-02,236.65,238.75,235.0,236.6,248968,234716,,236.2,235.4,AU
75,AU1512,2015-09-07,232.3,233.3,231.6,232.75,79104,231582,,232.8,236.2,AU
75,AU1512,2015-09-08,232.5,232.65,231.4,232.25,131530,232098,,232.15,232.8,AU
75,AU1512,2015-09-09,232.7,233.85,232.5,232.9,207002,230936,,233.05,232.15,AU
75,AU1512,2015-09-10,232.1,232.1,228.55,229.8,281406,232072,,230.1,233.05,AU
75,AU1512,2015-09-11,230.45,230.7,229.0,229.6,238658,231116,,229.8,230.1,AU
75,AU1512,2015-09-14,229.1,229.65,227.55,229.25,232764,227026,,228.6,229.8,AU
75,AU1512,2015-09-15,228.8,230.15,228.3,229.3,148064,226762,,229.25,228.6,AU
74,AU1512,2015-09-16,229.05,229.55,228.65,229.3,116810,227108,,228.95,229.25,AU
74,AU1512,2015-09-17,231.05,233.15,230.5,231.95,247974,230978,,231.9,228.95,AU
74,AU1512,2015-09-18,231.2,234.6,231.05,233.3,234892,222554,,232.8,231.9,AU
74,AU1512,2015-09-21,235.6,235.95,234.55,235.7,178226,227066,,235.1,232.8,AU
74,AU1512,2015-09-22,234.7,234.95,234.15,234.45,86282,224150,,234.55,235.1,AU
74,AU1512,2015-09-23,232.95,233.6,232.25,233.6,115666,225516,,232.9,234.55,AU
74,AU1512,2015-09-24,234.0,235.7,233.95,235.5,126276,226970,,234.8,232.9,AU
74,AU1512,2015-09-25,235.95,239.35,235.8,237.2,290832,235976,,238.0,234.8,AU
74,AU1512,2015-09-28,237.0,237.2,234.65,234.75,68928,235484,,236.35,238.0,AU
74,AU1512,2015-09-29,233.05,234.5,231.7,232.25,143358,220178,,233.15,236.35,AU
74,AU1512,2015-09-30,232.7,233.15,230.7,231.0,113082,212632,,231.9,233.15,AU
74,AU1512,2015-10-08,235.35,235.8,234.6,234.9,63344,207384,,235.1,231.9,AU
74,AU1512,2015-10-09,234.0,236.5,233.9,235.05,137844,202420,,234.95,235.1,AU
74,AU1512,2015-10-12,237.1,238.55,235.65,238.25,198656,208586,,237.0,234.95,AU
74,AU1512,2015-10-13,238.3,238.4,235.4,236.45,180082,196902,,236.95,237.0,AU
74,AU1512,2015-10-14,237.35,240.6,236.9,240.35,229870,212284,,239.05,236.95,AU
74,AU1512,2015-10-15,240.2,242.85,239.95,241.65,232528,211582,,241.2,239.05,AU
73,AU1512,2015-10-16,241.0,243.1,240.2,240.95,277960,201892,,241.55,241.2,AU
73,AU1512,2015-10-19,242.0,242.4,239.6,240.2,219320,198922,,240.95,241.55,AU
73,AU1512,2015-10-20,240.8,241.2,238.75,239.95,183632,193090,,239.65,240.95,AU
73,AU1512,2015-10-21,240.15,241.55,239.55,240.2,215012,198884,,240.7,239.65,AU
73,AU1512,2015-10-22,240.65,240.8,238.3,239.4,193706,195940,,239.05,240.7,AU
73,AU1512,2015-10-23,238.75,241.0,238.4,240.9,197752,194388,,239.65,239.05,AU
73,AU1512,2015-10-26,241.5,241.5,237.8,238.7,210274,188302,,239.05,239.65,AU
73,AU1512,2015-10-27,239.0,239.9,238.5,238.95,127366,180474,,239.1,239.05,AU
73,AU1512,2015-10-28,238.45,240.9,238.3,240.45,164766,175400,,239.7,239.1,AU
73,AU1512,2015-10-29,241.15,242.9,237.15,237.75,301848,162606,,240.2,239.7,AU
73,AU1512,2015-10-30,236.6,237.1,234.45,234.85,195092,157612,,235.7,240.2,AU
73,AU1512,2015-11-02,233.3,233.95,232.25,233.5,139320,146026,,233.25,235.7,AU
73,AU1512,2015-11-03,233.05,233.25,232.1,232.55,93756,142148,,232.55,233.25,AU
73,AU1512,2015-11-04,231.7,231.85,228.2,229.25,144696,138286,,230.0,232.55,AU
73,AU1512,2015-11-05,228.55,229.65,227.2,227.4,157222,137056,,228.35,230.0,AU
73,AU1512,2015-11-06,227.2,228.2,226.85,227.8,111246,136050,,227.55,228.35,AU
73,AU1512,2015-11-09,227.7,228.2,223.3,224.65,196986,125470,,224.65,227.55,AU
73,AU1512,2015-11-10,224.7,225.15,223.65,224.8,103676,111376,,224.35,224.65,AU
73,AU1512,2015-11-11,224.75,225.3,223.15,224.85,121004,99904,,224.4,224.35,AU
73,AU1512,2015-11-12,224.35,224.65,223.35,224.05,77854,95794,,224.1,224.4,AU
73,AU1512,2015-11-13,223.45,224.4,221.5,223.3,153540,87794,,222.95,224.1,AU
77,AU1606,2015-11-16,225.3,228.85,224.85,228.75,121480,146096,,226.95,224.9,AU
76,AU1606,2015-11-17,227.95,228.0,223.9,224.5,145864,159018,,225.6,226.95,AU
76,AU1606,2015-11-18,224.5,225.55,221.35,223.1,187126,164990,,223.15,225.6,AU
76,AU1606,2015-11-19,222.85,224.6,222.0,224.4,133616,168638,,223.35,223.15,AU
76,AU1606,2015-11-20,223.35,226.3,222.5,225.9,174986,167922,,224.8,223.35,AU
76,AU1606,2015-11-23,225.65,226.65,222.3,222.95,192624,186712,,224.0,224.8,AU
76,AU1606,2015-11-24,222.9,223.85,221.75,223.1,180118,192434,,222.75,224.0,AU
76,AU1606,2015-11-25,224.0,225.75,223.7,224.95,257482,199628,,224.9,222.75,AU
76,AU1606,2015-11-26,224.0,224.3,222.6,223.55,218074,208140,,223.35,224.9,AU
76,AU1606,2015-11-27,223.4,223.9,222.2,222.95,139772,219492,,223.15,223.35,AU
76,AU1606,2015-11-30,222.5,222.55,218.8,219.15,342424,266378,,219.95,223.15,AU
76,AU1606,2015-12-01,219.6,224.5,219.4,224.15,293192,235026,,222.25,219.95,AU
76,AU1606,2015-12-02,223.45,224.35,222.3,222.9,163072,231940,,223.2,222.25,AU
76,AU1606,2015-12-03,222.7,222.7,218.55,220.0,254426,248398,,220.3,223.2,AU
76,AU1606,2015-12-04,220.55,227.35,220.05,221.95,287942,239660,,221.35,220.3,AU
76,AU1606,2015-12-07,221.85,228.05,221.5,227.55,532342,252852,,225.55,221.35,AU
76,AU1606,2015-12-08,227.05,227.35,224.05,225.3,239974,250510,,225.65,225.55,AU
76,AU1606,2015-12-09,224.6,226.75,223.8,226.3,220362,252778,,225.6,225.65,AU
76,AU1606,2015-12-10,226.85,228.7,225.15,225.7,324392,254358,,226.7,225.6,AU
76,AU1606,2015-12-11,225.65,226.0,224.1,225.95,209364,252256,,225.1,226.7,AU
76,AU1606,2015-12-14,224.45,228.5,224.05,226.95,353682,254626,,226.5,225.1,AU
76,AU1606,2015-12-15,225.9,227.8,224.8,224.85,253672,255852,,226.25,226.5,AU
76,AU1606,2015-12-16,225.2,226.0,224.2,225.25,186970,257874,,225.0,226.25,AU
76,AU1606,2015-12-17,225.55,227.4,225.05,225.85,261370,253136,,226.3,225.0,AU
76,AU1606,2015-12-18,225.65,226.25,223.0,224.2,337284,268030,,224.2,226.3,AU
76,AU1606,2015-12-21,224.6,227.5,223.9,227.25,275556,264734,,225.85,224.2,AU
76,AU1606,2015-12-22,226.95,229.4,226.55,228.75,275796,264850,,228.4,225.85,AU
76,AU1606,2015-12-23,228.4,229.3,227.4,227.7,179424,264502,,228.15,228.4,AU
76,AU1606,2015-12-24,227.55,228.1,227.05,227.95,125158,265234,,227.6,228.15,AU
76,AU1606,2015-12-25,227.95,228.65,227.6,228.35,86556,263804,,228.25,227.6,AU
76,AU1606,2015-12-28,228.35,228.85,227.0,227.65,64944,260666,,227.75,228.25,AU
76,AU1606,2015-12-29,227.5,228.4,226.9,228.3,105574,258636,,227.6,227.75,AU
76,AU1606,2015-12-30,227.8,228.9,227.35,228.15,128336,262794,,228.0,227.6,AU
76,AU1606,2015-12-31,227.35,227.8,225.65,226.05,167370,257678,,226.3,228.0,AU
76,AU1606,2016-01-04,226.7,228.5,226.2,228.2,115918,271686,,227.3,226.3,AU
76,AU1606,2016-01-05,229.05,230.85,228.45,230.3,262396,285116,,229.7,227.3,AU
76,AU1606,2016-01-06,230.5,231.75,229.05,231.4,269668,298044,,230.25,229.7,AU
76,AU1606,2016-01-07,233.05,237.4,231.65,236.6,475962,315870,,234.35,230.25,AU
76,AU1606,2016-01-08,236.7,238.15,235.95,236.8,378540,306860,,237.05,234.35,AU
76,AU1606,2016-01-11,236.8,238.3,235.0,237.45,353852,312682,,236.7,237.05,AU
76,AU1606,2016-01-12,236.6,236.95,233.95,234.6,295580,287788,,235.25,236.7,AU
76,AU1606,2016-01-13,232.85,233.25,232.05,232.25,237332,279594,,232.55,235.25,AU
76,AU1606,2016-01-14,232.0,234.8,231.35,234.05,316336,279494,,233.15,232.55,AU
76,AU1606,2016-01-15,233.05,233.8,231.2,232.6,263662,275630,,232.65,233.15,AU
75,AU1606,2016-01-18,232.8,234.75,232.75,233.5,334226,278082,,233.8,232.65,AU
75,AU1606,2016-01-19,233.55,234.0,232.5,233.2,148870,275074,,233.25,233.8,AU
75,AU1606,2016-01-20,232.5,234.1,232.35,233.8,178390,278754,,233.2,233.25,AU
75,AU1606,2016-01-21,235.8,237.25,235.0,236.25,299478,282528,,235.8,233.2,AU
75,AU1606,2016-01-22,235.5,235.85,234.35,235.2,239830,273946,,235.1,235.8,AU
75,AU1606,2016-01-25,235.1,236.15,234.55,235.8,199426,270582,,235.35,235.1,AU
75,AU1606,2016-01-26,236.25,239.05,236.0,238.9,248890,289828,,237.35,235.35,AU
75,AU1606,2016-01-27,238.3,240.1,237.8,239.35,238910,290040,,239.0,237.35,AU
75,AU1606,2016-01-28,239.4,240.1,238.65,238.8,201368,288210,,239.25,239.0,AU
75,AU1606,2016-01-29,239.1,239.75,237.8,238.3,232398,285544,,238.5,239.25,AU
75,AU1606,2016-02-01,238.4,240.1,237.5,239.9,199550,296222,,238.8,238.5,AU
75,AU1606,2016-02-02,240.25,241.35,239.4,240.55,184274,303304,,240.6,238.8,AU
75,AU1606,2016-02-03,240.55,241.85,240.2,241.45,197552,305490,,241.15,240.6,AU
75,AU1606,2016-02-04,242.0,244.2,240.8,243.95,268622,295142,,242.55,241.15,AU
75,AU1606,2016-02-05,244.6,246.25,244.4,245.9,225544,280014,,245.6,242.55,AU
75,AU1606,2016-02-15,258.5,259.9,255.6,256.15,190718,276240,,257.25,245.6,AU
75,AU1606,2016-02-16,254.8,255.3,251.5,253.1,309996,283638,,253.3,257.25,AU
75,AU1606,2016-02-17,255.4,255.85,252.15,255.05,397254,288710,,254.65,253.3,AU
75,AU1606,2016-02-18,255.0,255.75,253.8,254.85,310824,289972,,254.9,254.65,AU
75,AU1606,2016-02-19,254.5,259.5,254.3,258.0,369542,302822,,256.8,254.9,AU
75,AU1606,2016-02-22,258.95,259.6,255.9,256.2,468326,303564,,258.15,256.8,AU
75,AU1606,2016-02-23,254.35,257.0,254.35,256.3,374288,300378,,255.55,258.15,AU
75,AU1606,2016-02-24,256.95,259.25,256.6,258.45,449322,312306,,257.95,255.55,AU
75,AU1606,2016-02-25,260.25,264.6,259.4,261.5,797662,330980,,262.2,257.95,AU
75,AU1606,2016-02-26,261.3,262.5,259.15,261.85,608646,331884,,261.2,262.2,AU
75,AU1606,2016-02-29,261.65,261.7,256.25,259.4,756284,329216,,258.9,261.2,AU
75,AU1606,2016-03-01,260.1,263.65,259.0,263.05,552970,351736,,261.2,258.9,AU
75,AU1606,2016-03-02,263.0,263.9,259.1,259.85,637386,329022,,260.9,261.2,AU
75,AU1606,2016-03-03,260.5,262.55,259.7,262.05,520756,338906,,261.4,260.9,AU
75,AU1606,2016-03-04,262.7,265.95,261.6,265.6,627072,351182,,264.05,261.4,AU
75,AU1606,2016-03-07,265.95,268.7,263.25,265.65,896440,335068,,266.25,264.05,AU
75,AU1606,2016-03-08,267.25,267.8,265.2,266.7,535820,342884,,266.7,266.25,AU
75,AU1606,2016-03-09,267.65,267.95,263.0,264.05,513264,332420,,265.65,266.7,AU
75,AU1606,2016-03-10,263.95,264.35,261.1,261.9,530230,319344,,262.75,265.65,AU
75,AU1606,2016-03-11,261.0,268.85,260.15,265.75,868980,326228,,265.25,262.75,AU
75,AU1606,2016-03-14,265.3,265.9,262.1,262.5,544586,318588,,264.0,265.25,AU
75,AU1606,2016-03-15,263.0,263.75,257.05,257.85,586332,318154,,260.05,264.0,AU
74,AU1606,2016-03-16,259.15,259.55,257.35,259.45,402560,319314,,258.25,260.05,AU
74,AU1606,2016-03-17,258.75,264.35,257.65,263.3,500638,316900,,260.6,258.25,AU
74,AU1606,2016-03-18,263.8,264.85,262.55,263.35,403442,308886,,263.7,260.6,AU
74,AU1606,2016-03-21,261.1,262.5,259.15,259.7,340072,303776,,261.0,263.7,AU
74,AU1606,2016-03-22,259.6,261.45,259.25,261.4,263124,305662,,260.35,261.0,AU
74,AU1606,2016-03-23,262.4,262.95,258.15,258.35,331106,304448,,260.75,260.35,AU
74,AU1606,2016-03-24,256.35,256.85,255.0,255.1,380646,294312,,255.85,260.75,AU
74,AU1606,2016-03-25,256.3,256.75,255.65,256.1,164146,293992,,256.15,255.85,AU
74,AU1606,2016-03-28,255.95,256.65,254.0,255.05,147416,297086,,255.05,256.15,AU
74,AU1606,2016-03-29,255.75,256.6,255.25,255.75,185942,290892,,255.8,255.05,AU
74,AU1606,2016-03-30,256.15,259.8,255.85,258.6,378770,285732,,257.95,255.8,AU
74,AU1606,2016-03-31,258.0,258.1,255.35,256.15,269920,279210,,256.6,257.95,AU
74,AU1606,2016-04-01,257.5,257.8,256.1,257.2,232786,272338,,256.85,256.6,AU
74,AU1606,2016-04-05,255.05,256.35,254.2,256.05,95420,270088,,255.65,256.85,AU
74,AU1606,2016-04-06,257.5,257.7,256.1,256.75,194794,273552,,256.85,255.65,AU
74,AU1606,2016-04-07,255.2,257.1,255.0,256.45,227246,279408,,256.05,256.85,AU
74,AU1606,2016-04-08,258.4,259.35,257.65,258.0,257602,283298,,258.4,256.05,AU
74,AU1606,2016-04-11,257.7,261.15,257.4,260.55,245542,287684,,259.3,258.4,AU
74,AU1606,2016-04-12,260.95,262.0,260.4,261.8,189268,291346,,261.25,259.3,AU
74,AU1606,2016-04-13,262.05,262.65,260.0,260.4,268234,282358,,261.45,261.25,AU
74,AU1606,2016-04-14,260.5,261.05,257.0,257.8,273610,278694,,259.0,261.45,AU
74,AU1606,2016-04-15,257.6,258.25,256.05,257.2,236076,265642,,257.1,259.0,AU
73,AU1606,2016-04-18,257.15,258.7,256.2,257.35,217164,259854,,257.55,257.1,AU
73,AU1606,2016-04-19,258.55,260.0,256.55,259.85,239320,260238,,257.95,257.55,AU
73,AU1606,2016-04-20,261.0,262.5,259.65,260.65,325448,258636,,261.15,257.95,AU
73,AU1606,2016-04-21,261.0,264.15,260.0,264.0,350660,274058,,261.85,261.15,AU
73,AU1606,2016-04-22,265.7,266.5,260.0,260.6,401306,242932,,262.15,261.85,AU
73,AU1606,2016-04-25,260.7,261.3,256.95,258.65,372910,221956,,259.2,262.15,AU
73,AU1606,2016-04-26,258.75,260.0,258.0,258.1,172382,208928,,259.2,259.2,AU
73,AU1606,2016-04-27,258.55,261.45,258.25,261.3,253034,193114,,260.3,259.2,AU
73,AU1606,2016-04-28,261.9,262.75,259.3,262.25,342874,177568,,261.1,260.3,AU
73,AU1606,2016-04-29,262.15,267.95,261.75,266.45,347256,177698,,265.0,261.1,AU
73,AU1606,2016-05-03,269.5,271.65,269.1,271.5,152216,161770,,270.25,265.0,AU
73,AU1606,2016-05-04,270.7,271.25,268.05,268.4,186568,144530,,269.25,270.25,AU
77,AU1612,2016-05-05,271.55,272.7,269.3,270.25,168280,223004,,271.05,271.5,AU
77,AU1612,2016-05-06,271.75,272.0,267.65,270.75,257778,229060,,269.95,271.05,AU
77,AU1612,2016-05-09,272.8,273.45,269.7,270.05,364526,244720,,271.65,269.95,AU
77,AU1612,2016-05-10,268.75,268.95,266.2,267.6,269504,232556,,267.3,271.65,AU
77,AU1612,2016-05-11,267.25,269.45,265.35,268.9,252092,238998,,267.4,267.3,AU
77,AU1612,2016-05-12,269.45,270.0,267.65,268.1,195620,240004,,268.8,267.4,AU
77,AU1612,2016-05-13,268.25,270.7,267.3,270.1,309730,251788,,268.8,268.8,AU
77,AU1612,2016-05-16,267.9,272.4,267.8,272.05,297706,281686,,270.0,268.8,AU
76,AU1612,2016-05-17,272.7,273.15,269.2,270.1,278192,270764,,270.85,270.0,AU
76,AU1612,2016-05-18,269.65,271.55,269.5,270.2,236438,276598,,270.55,270.85,AU
76,AU1612,2016-05-19,269.95,271.2,265.9,265.95,362390,279720,,268.55,270.55,AU
76,AU1612,2016-05-20,264.1,266.85,264.1,266.1,229012,285308,,265.4,268.55,AU
76,AU1612,2016-05-23,266.8,267.45,264.75,265.45,237010,296306,,265.75,265.4,AU
76,AU1612,2016-05-24,264.55,265.75,263.3,263.6,244742,302680,,264.5,265.75,AU
76,AU1612,2016-05-25,262.8,263.6,259.5,259.7,318086,311778,,261.4,264.5,AU
76,AU1612,2016-05-26,259.2,261.75,258.35,260.7,236722,307562,,259.95,261.4,AU
76,AU1612,2016-05-27,260.9,261.55,257.15,259.5,282392,304944,,259.25,259.95,AU
76,AU1612,2016-05-30,258.8,258.95,255.15,256.45,298804,311692,,256.85,259.25,AU
76,AU1612,2016-05-31,256.75,259.0,256.5,258.95,207452,280976,,257.95,256.85,AU
76,AU1612,2016-06-01,258.2,260.45,258.15,259.35,224472,282330,,259.3,257.95,AU
76,AU1612,2016-06-02,259.8,259.8,257.3,259.65,206500,285598,,258.65,259.3,AU
76,AU1612,2016-06-03,259.5,259.5,257.9,258.65,148472,283090,,258.5,258.65,AU
76,AU1612,2016-06-06,263.25,264.75,262.95,264.4,298338,269594,,263.8,258.5,AU
76,AU1612,2016-06-07,264.9,265.5,263.9,264.85,183862,266688,,264.85,263.8,AU
76,AU1612,2016-06-08,264.0,266.7,263.8,266.55,161948,269490,,265.15,264.85,AU
76,AU1612,2016-06-13,272.0,274.4,271.45,274.15,181804,283924,,272.75,265.15,AU
76,AU1612,2016-06-14,275.0,275.25,272.75,273.35,210538,279248,,273.8,272.75,AU
76,AU1612,2016-06-15,274.5,275.8,273.8,275.2,253134,297362,,274.85,273.8,AU
76,AU1612,2016-06-16,274.4,280.4,273.65,279.95,363092,324660,,276.9,274.85,AU
76,AU1612,2016-06-17,279.95,281.15,272.1,273.2,546056,320060,,276.5,276.9,AU
76,AU1612,2016-06-20,274.6,276.35,272.8,273.75,327082,318602,,274.45,276.5,AU
76,AU1612,2016-06-21,273.65,275.05,272.55,273.2,252118,317422,,273.7,274.45,AU
76,AU1612,2016-06-22,271.0,271.6,268.8,269.6,275022,314488,,270.4,273.7,AU
76,AU1612,2016-06-23,269.1,271.2,269.0,269.75,240326,311720,,269.9,270.4,AU
76,AU1612,2016-06-24,268.4,283.35,268.2,282.25,997696,351222,,276.25,269.9,AU
76,AU1612,2016-06-27,283.5,285.2,280.35,284.65,580666,336628,,282.8,276.25,AU
76,AU1612,2016-06-28,285.1,285.65,282.8,283.35,325764,337380,,284.15,282.8,AU
76,AU1612,2016-06-29,282.85,284.8,282.2,284.3,300974,339374,,283.5,284.15,AU
76,AU1612,2016-06-30,284.5,285.5,282.7,283.0,287436,333492,,283.9,283.5,AU
76,AU1612,2016-07-01,283.55,288.65,283.1,287.15,445956,356164,,285.45,283.9,AU
76,AU1612,2016-07-04,288.05,293.7,287.5,292.15,558068,391306,,290.55,285.45,AU
76,AU1612,2016-07-05,292.6,292.85,288.6,290.8,344286,368924,,291.05,290.55,AU
76,AU1612,2016-07-06,291.75,297.7,289.75,296.7,542390,381340,,293.9,291.05,AU
76,AU1612,2016-07-07,296.95,297.4,295.1,295.7,341338,374042,,296.2,293.9,AU
76,AU1612,2016-07-08,294.6,294.6,291.75,292.8,337310,356062,,293.1,296.2,AU
76,AU1612,2016-07-11,291.05,297.0,290.9,295.0,434348,361060,,294.35,293.1,AU
76,AU1612,2016-07-12,293.0,294.75,292.55,293.6,252080,367662,,293.7,294.35,AU
76,AU1612,2016-07-13,291.8,292.35,287.65,290.8,450672,372344,,290.0,293.7,AU
76,AU1612,2016-07-14,290.55,291.85,288.55,288.85,304580,367140,,290.25,290.0,AU
76,AU1612,2016-07-15,286.3,289.2,285.75,288.95,277810,370190,,287.65,290.25,AU
75,AU1612,2016-07-18,288.25,289.2,286.75,288.15,303768,368142,,287.95,287.65,AU
75,AU1612,2016-07-19,288.4,290.25,287.65,288.7,239612,372068,,288.8,287.95,AU
75,AU1612,2016-07-20,288.8,289.7,287.5,287.55,219452,373546,,288.7,288.8,AU
75,AU1612,2016-07-21,284.85,285.6,283.5,284.6,263726,362946,,284.5,288.7,AU
75,AU1612,2016-07-22,284.9,288.0,284.15,286.3,284348,359946,,286.35,284.5,AU
75,AU1612,2016-07-25,286.2,286.5,284.05,284.8,194602,358870,,285.3,286.35,AU
75,AU1612,2016-07-26,284.7,286.25,283.65,285.2,197578,358204,,285.0,285.3,AU
75,AU1612,2016-07-27,285.5,285.95,284.3,285.0,170012,362740,,285.15,285.0,AU
75,AU1612,2016-07-28,285.6,289.8,285.6,289.25,282092,367096,,287.7,285.15,AU
75,AU1612,2016-07-29,289.8,289.8,287.15,287.45,218240,359396,,288.35,287.7,AU
75,AU1612,2016-08-01,290.0,290.7,287.9,289.65,263120,364264,,289.6,288.35,AU
75,AU1612,2016-08-02,289.95,291.4,289.65,291.15,186350,368132,,290.4,289.6,AU
75,AU1612,2016-08-03,292.7,293.35,292.1,292.6,182442,369418,,292.75,290.4,AU
75,AU1612,2016-08-04,292.55,292.55,289.65,289.75,229126,363464,,291.05,292.75,AU
75,AU1612,2016-08-05,292.65,293.55,291.8,293.3,189834,367134,,292.6,291.05,AU
75,AU1612,2016-08-08,290.0,290.1,286.9,287.05,260816,362960,,288.55,292.6,AU
75,AU1612,2016-08-09,287.65,288.2,286.7,286.8,133298,361456,,287.45,288.55,AU
75,AU1612,2016-08-10,287.15,291.4,287.0,290.9,208638,361804,,289.3,287.45,AU
75,AU1612,2016-08-11,291.15,291.25,287.9,288.5,218884,364760,,289.2,289.3,AU
75,AU1612,2016-08-12,289.25,290.6,287.0,288.25,207452,361684,,288.95,289.2,AU
75,AU1612,2016-08-15,290.7,291.05,283.8,287.7,276634,354846,,288.65,288.95,AU
75,AU1612,2016-08-16,287.2,289.6,287.05,289.0,168358,358256,,288.3,288.65,AU
75,AU1612,2016-08-17,288.85,289.35,287.3,287.6,220036,355932,,288.15,288.3,AU
75,AU1612,2016-08-18,288.15,290.25,286.15,289.3,202202,357676,,288.85,288.15,AU
75,AU1612,2016-08-19,289.3,289.9,288.45,289.3,159760,357870,,289.1,288.85,AU
75,AU1612,2016-08-22,287.3,289.5,286.3,286.7,230778,363330,,287.7,289.1,AU
75,AU1612,2016-08-23,287.35,287.65,286.8,287.25,105430,358476,,287.25,287.7,AU
75,AU1612,2016-08-24,288.15,288.45,287.0,287.4,134914,358384,,287.5,287.25,AU
75,AU1612,2016-08-25,286.65,286.65,284.3,284.75,192890,361324,,285.2,287.5,AU
75,AU1612,2016-08-26,283.75,285.15,283.15,284.8,118746,355384,,284.2,285.2,AU
75,AU1612,2016-08-29,286.3,288.8,283.2,283.9,418364,355204,,285.45,284.2,AU
75,AU1612,2016-08-30,284.5,285.65,284.35,284.65,143950,346096,,284.9,285.45,AU
75,AU1612,2016-08-31,284.25,284.75,282.8,283.4,197694,337940,,283.85,284.9,AU
75,AU1612,2016-09-01,282.4,283.6,282.15,282.75,166752,327980,,282.95,283.85,AU
75,AU1612,2016-09-02,282.1,284.05,282.0,283.15,214742,320942,,283.35,282.95,AU
75,AU1612,2016-09-05,285.85,287.0,284.85,286.65,227614,321394,,285.85,283.35,AU
75,AU1612,2016-09-06,286.75,287.0,286.4,286.95,77624,318452,,286.7,285.85,AU
75,AU1612,2016-09-07,288.25,291.7,288.05,290.85,237860,317164,,289.85,286.7,AU
75,AU1612,2016-09-08,290.95,291.0,289.15,290.45,131246,315700,,290.0,289.85,AU
75,AU1612,2016-09-09,290.0,290.15,288.45,288.65,179550,317912,,289.2,290.0,AU
75,AU1612,2016-09-12,288.6,289.2,286.6,287.5,183842,320156,,287.9,289.2,AU
75,AU1612,2016-09-13,286.65,288.1,285.85,287.45,190612,318016,,286.9,287.9,AU
75,AU1612,2016-09-14,286.5,287.1,284.8,286.0,173902,320806,,285.95,286.9,AU
75,AU1612,2016-09-19,283.55,284.85,283.05,284.55,84438,321814,,284.2,285.95,AU
74,AU1612,2016-09-20,284.1,284.9,284.1,284.85,103348,323364,,284.55,284.2,AU
74,AU1612,2016-09-21,284.55,285.75,283.65,285.35,152780,324646,,284.8,284.55,AU
74,AU1612,2016-09-22,287.0,288.25,284.85,287.7,208376,314404,,287.2,284.8,AU
74,AU1612,2016-09-23,288.3,289.7,287.8,288.15,169772,310996,,288.6,287.2,AU
74,AU1612,2016-09-26,288.7,288.9,287.5,288.1,126784,306600,,288.3,288.6,AU
74,AU1612,2016-09-27,288.65,289.3,287.6,287.7,135572,307978,,288.5,288.3,AU
74,AU1612,2016-09-28,287.45,287.5,285.3,285.45,173412,304024,,286.05,288.5,AU
74,AU1612,2016-09-29,285.6,285.95,284.4,284.75,133208,298064,,285.2,286.05,AU
74,AU1612,2016-09-30,283.9,285.55,283.9,285.3,125074,292310,,284.75,285.2,AU
74,AU1612,2016-10-10,273.6,274.2,272.35,274.0,151026,282202,,273.35,284.75,AU
74,AU1612,2016-10-11,273.3,274.1,273.05,273.9,180290,294926,,273.55,273.35,AU
74,AU1612,2016-10-12,273.05,274.05,272.95,273.3,142370,295548,,273.35,273.55,AU
74,AU1612,2016-10-13,273.05,274.7,272.5,274.2,211380,295356,,273.4,273.35,AU
74,AU1612,2016-10-14,273.75,274.9,273.25,273.45,156426,296788,,273.9,273.4,AU
74,AU1612,2016-10-17,272.8,274.25,272.6,273.7,194610,299380,,273.3,273.9,AU
73,AU1612,2016-10-18,273.65,275.4,273.45,275.2,150702,298968,,274.3,273.3,AU
73,AU1612,2016-10-19,275.05,275.75,274.15,275.2,136832,296264,,275.05,274.3,AU
73,AU1612,2016-10-20,276.8,277.7,276.5,277.25,156082,295204,,277.05,275.05,AU
73,AU1612,2016-10-21,277.25,277.95,275.7,276.3,165012,284304,,276.4,277.05,AU
73,AU1612,2016-10-24,277.1,277.4,276.5,277.05,130816,281088,,276.9,276.4,AU
73,AU1612,2016-10-25,278.25,278.8,276.6,277.9,170374,278640,,277.5,276.9,AU
73,AU1612,2016-10-26,278.15,279.9,277.9,279.2,186498,259932,,279.05,277.5,AU
73,AU1612,2016-10-27,278.6,279.1,277.4,278.25,154518,241346,,278.1,279.05,AU
73,AU1612,2016-10-28,279.1,279.45,277.95,278.5,146162,226468,,278.45,278.1,AU
73,AU1612,2016-10-31,277.45,281.35,277.45,279.65,231556,208032,,279.35,278.45,AU
73,AU1612,2016-11-01,279.2,280.75,278.75,280.25,122000,196426,,279.65,279.35,AU
73,AU1612,2016-11-02,281.55,283.1,281.35,282.95,142370,191694,,281.95,279.65,AU
73,AU1612,2016-11-03,283.4,285.0,283.0,283.75,153342,179110,,283.95,281.95,AU
73,AU1612,2016-11-04,282.4,284.55,282.1,282.4,135836,165716,,283.25,283.95,AU
73,AU1612,2016-11-07,284.05,284.75,281.6,281.85,134896,152006,,283.05,283.25,AU
73,AU1612,2016-11-08,281.75,281.8,279.65,281.2,98046,146142,,280.85,283.05,AU
73,AU1612,2016-11-09,280.6,289.95,278.6,288.7,429826,137458,,284.25,280.85,AU
73,AU1612,2016-11-10,285.35,286.5,279.6,283.0,231386,119342,,283.45,284.25,AU
77,AU1706,2016-11-11,285.05,286.0,279.25,281.75,248716,217910,,282.4,286.45,AU
77,AU1706,2016-11-14,280.9,282.0,269.8,272.95,360232,228372,,275.2,282.4,AU
77,AU1706,2016-11-15,273.95,276.45,272.8,275.95,245686,229724,,274.5,275.2,AU
76,AU1706,2016-11-16,275.85,277.65,275.0,277.05,180050,233816,,276.35,274.5,AU
76,AU1706,2016-11-17,276.55,277.5,276.25,276.5,136938,235730,,276.85,276.35,AU
76,AU1706,2016-11-18,277.0,277.15,273.05,273.45,216120,241806,,274.95,276.85,AU
76,AU1706,2016-11-21,273.85,275.6,273.0,275.55,189682,248640,,274.25,274.95,AU
76,AU1706,2016-11-22,275.6,276.95,274.5,276.25,179428,253582,,276.0,274.25,AU
76,AU1706,2016-11-23,276.2,276.95,275.05,276.6,177860,255416,,276.0,276.0,AU
76,AU1706,2016-11-24,276.0,276.0,272.7,273.7,340644,266746,,273.8,276.0,AU
76,AU1706,2016-11-25,273.4,273.65,268.45,271.4,253516,272100,,271.25,273.8,AU
76,AU1706,2016-11-28,272.5,275.3,271.25,273.8,256832,272312,,273.2,271.25,AU
76,AU1706,2016-11-29,273.6,274.55,272.4,272.75,204490,275378,,273.5,273.2,AU
76,AU1706,2016-11-30,271.5,272.3,270.55,271.05,200036,278538,,271.3,273.5,AU
76,AU1706,2016-12-01,270.15,270.9,266.6,269.25,318392,296638,,269.05,271.3,AU
76,AU1706,2016-12-02,267.95,269.4,266.6,268.85,206838,301358,,268.0,269.05,AU
76,AU1706,2016-12-05,268.1,270.9,267.05,268.75,289230,302008,,269.1,268.0,AU
76,AU1706,2016-12-06,268.3,269.5,267.1,268.15,234960,315832,,268.25,269.1,AU
76,AU1706,2016-12-07,268.6,268.65,267.45,267.7,170588,326816,,268.0,268.25,AU
76,AU1706,2016-12-08,268.6,270.95,268.35,269.75,244680,329794,,269.75,268.0,AU
76,AU1706,2016-12-09,269.35,270.2,268.3,269.5,177508,331766,,269.3,269.75,AU
76,AU1706,2016-12-12,268.35,269.35,267.2,267.95,203912,344840,,268.25,269.3,AU
76,AU1706,2016-12-13,267.7,269.35,267.25,268.2,173102,349590,,268.4,268.25,AU
76,AU1706,2016-12-14,268.15,269.9,267.65,269.65,247566,366272,,268.75,268.4,AU
76,AU1706,2016-12-15,269.6,270.6,264.8,266.95,312470,366840,,267.9,268.75,AU
76,AU1706,2016-12-16,265.0,265.85,264.3,265.35,235872,357144,,265.3,267.9,AU
76,AU1706,2016-12-19,265.45,266.95,265.1,266.6,172448,356986,,266.05,265.3,AU
76,AU1706,2016-12-20,266.45,266.9,264.55,265.25,157024,353076,,266.15,266.05,AU
76,AU1706,2016-12-21,263.8,265.45,262.1,264.85,208540,354770,,263.55,266.15,AU
76,AU1706,2016-12-22,264.45,264.85,262.8,263.3,119052,360090,,263.85,263.55,AU
76,AU1706,2016-12-23,262.8,264.3,262.45,263.55,155500,366702,,263.55,263.85,AU
76,AU1706,2016-12-26,263.75,265.1,263.3,264.75,127840,359872,,264.05,263.55,AU
76,AU1706,2016-12-27,264.85,266.1,264.4,266.1,132016,367772,,265.35,264.05,AU
76,AU1706,2016-12-28,266.15,267.85,265.35,267.3,172420,368704,,266.55,265.35,AU
76,AU1706,2016-12-29,266.5,269.15,266.0,268.75,217154,370722,,267.7,266.55,AU
76,AU1706,2016-12-30,268.05,272.15,268.0,271.35,257682,383078,,270.35,267.7,AU
76,AU1706,2017-01-03,269.7,271.15,269.45,269.75,134748,391396,,270.3,270.35,AU
76,AU1706,2017-01-04,268.5,271.25,268.35,270.4,237240,403990,,269.95,270.3,AU
76,AU1706,2017-01-05,270.3,270.6,268.15,269.5,281262,401602,,269.2,269.95,AU
76,AU1706,2017-01-06,269.0,269.85,268.7,268.85,231806,394922,,269.3,269.2,AU
76,AU1706,2017-01-09,268.65,270.4,268.65,269.75,175304,395864,,269.5,269.3,AU
76,AU1706,2017-01-10,270.35,272.1,270.2,271.5,201672,401688,,271.15,269.5,AU
76,AU1706,2017-01-11,271.25,272.4,270.9,271.85,183268,396044,,271.65,271.15,AU
76,AU1706,2017-01-12,271.7,272.55,268.65,272.25,342304,388946,,270.7,271.65,AU
76,AU1706,2017-01-13,272.3,272.5,270.5,271.25,185390,379636,,271.35,270.7,AU
76,AU1706,2017-01-16,271.6,273.45,270.45,272.95,215196,382384,,271.7,271.35,AU
75,AU1706,2017-01-17,272.5,274.9,272.25,274.6,158070,383002,,273.55,271.7,AU
75,AU1706,2017-01-18,274.1,274.95,272.45,273.5,194254,373502,,274.1,273.55,AU
75,AU1706,2017-01-19,273.15,273.6,270.2,270.7,176830,365152,,271.7,274.1,AU
75,AU1706,2017-01-20,271.2,271.75,270.1,271.4,159596,364202,,270.95,271.7,AU
75,AU1706,2017-01-23,270.85,273.7,270.55,272.75,175522,362246,,272.15,270.95,AU
75,AU1706,2017-01-24,272.7,273.3,272.1,272.35,119818,358716,,272.7,272.15,AU
75,AU1706,2017-01-25,272.15,272.8,267.85,269.6,149430,338086,,270.9,272.7,AU
75,AU1706,2017-01-26,269.6,270.05,266.65,267.6,142822,318662,,267.95,270.9,AU
75,AU1706,2017-02-03,270.1,271.95,270.1,271.6,82082,306362,,271.3,267.95,AU
75,AU1706,2017-02-06,271.3,274.4,270.25,274.3,190770,318510,,272.7,271.3,AU
75,AU1706,2017-02-07,275.15,276.7,274.6,276.5,160366,321182,,275.55,272.7,AU
75,AU1706,2017-02-08,276.35,277.25,275.85,276.75,142374,324290,,276.65,275.55,AU
75,AU1706,2017-02-09,278.7,279.2,278.05,278.2,148408,319670,,278.45,276.65,AU
75,AU1706,2017-02-10,278.1,278.85,274.6,275.25,220922,307194,,276.6,278.45,AU
75,AU1706,2017-02-13,275.6,277.3,275.3,276.4,197398,299460,,276.3,276.6,AU
75,AU1706,2017-02-14,276.0,276.2,274.05,276.0,163040,296866,,275.25,276.3,AU
75,AU1706,2017-02-15,276.6,276.7,274.0,274.95,188556,292854,,275.25,275.25,AU
75,AU1706,2017-02-16,275.0,277.15,273.5,276.35,224336,288304,,275.4,275.25,AU
75,AU1706,2017-02-17,277.25,277.9,276.8,277.45,155914,289940,,277.35,275.4,AU
75,AU1706,2017-02-20,278.2,278.6,276.2,276.85,148746,286374,,277.35,277.35,AU
75,AU1706,2017-02-21,277.15,277.65,276.6,277.5,99214,285070,,277.15,277.35,AU
75,AU1706,2017-02-22,276.5,278.15,275.75,277.2,159914,284724,,277.05,277.15,AU
75,AU1706,2017-02-23,277.65,278.15,276.5,277.75,153238,283014,,277.4,277.05,AU
75,AU1706,2017-02-24,278.8,281.7,278.4,281.15,273622,311104,,280.0,277.4,AU
75,AU1706,2017-02-27,282.2,282.45,280.55,282.15,180334,300578,,281.75,280.0,AU
75,AU1706,2017-02-28,281.85,283.35,280.95,281.2,160636,294068,,281.85,281.75,AU
75,AU1706,2017-03-01,281.15,281.95,278.65,279.15,209236,283306,,280.15,281.85,AU
75,AU1706,2017-03-02,279.1,280.4,278.15,279.45,170848,281422,,279.25,280.15,AU
75,AU1706,2017-03-03,278.9,279.25,276.9,277.4,238202,275322,,278.0,279.25,AU
75,AU1706,2017-03-06,276.9,278.55,276.5,277.45,182046,275560,,277.3,278.0,AU
75,AU1706,2017-03-07,277.45,277.9,276.1,276.4,137414,277758,,276.85,277.3,AU
75,AU1706,2017-03-08,276.0,276.0,274.5,274.55,174404,271694,,275.05,276.85,AU
75,AU1706,2017-03-09,273.95,274.7,272.6,273.25,213736,275000,,273.65,275.05,AU
75,AU1706,2017-03-10,273.4,273.85,271.0,271.05,200774,274928,,272.35,273.65,AU
75,AU1706,2017-03-13,271.15,273.65,270.75,273.65,247398,267394,,272.25,272.35,AU
75,AU1706,2017-03-14,272.5,273.1,272.2,272.35,129460,270226,,272.65,272.25,AU
75,AU1706,2017-03-15,272.55,273.25,271.6,272.5,150980,270808,,272.5,272.65,AU
74,AU1706,2017-03-16,271.8,277.3,271.6,277.15,261416,274042,,274.95,272.5,AU
74,AU1706,2017-03-17,278.15,278.25,276.5,277.05,137970,267062,,277.05,274.95,AU
74,AU1706,2017-03-20,277.4,278.55,276.95,278.45,138722,277684,,277.8,277.05,AU
74,AU1706,2017-03-21,278.25,278.75,276.65,277.35,167944,267612,,277.6,277.8,AU
74,AU1706,2017-03-22,277.65,280.35,277.5,279.8,244648,273378,,279.25,277.6,AU
74,AU1706,2017-03-23,279.75,280.2,278.9,279.75,164432,266140,,279.5,279.25,AU
74,AU1706,2017-03-24,280.45,280.7,278.45,278.95,184200,262698,,279.3,279.5,AU
74,AU1706,2017-03-27,279.2,282.25,278.75,282.0,162888,270268,,280.6,279.3,AU
74,AU1706,2017-03-28,282.05,282.35,280.95,281.2,148832,262582,,281.5,280.6,AU
74,AU1706,2017-03-29,282.05,282.15,280.05,280.6,159592,257224,,281.1,281.5,AU
74,AU1706,2017-03-30,280.95,281.2,280.1,280.6,126756,256928,,280.65,281.1,AU
74,AU1706,2017-03-31,280.35,280.35,278.2,278.6,178510,247488,,279.3,280.65,AU
74,AU1706,2017-04-05,281.2,281.75,280.75,281.25,74992,249036,,281.1,279.3,AU
74,AU1706,2017-04-06,280.2,281.7,279.2,281.25,198064,242570,,280.45,281.1,AU
74,AU1706,2017-04-07,281.05,285.45,280.4,283.5,294194,250516,,283.05,280.45,AU
74,AU1706,2017-04-10,284.45,285.05,281.15,282.2,254310,239110,,283.0,283.05,AU
74,AU1706,2017-04-11,281.25,282.95,280.9,282.75,169940,245826,,281.95,283.0,AU
74,AU1706,2017-04-12,283.4,287.1,283.25,285.85,316430,262642,,285.2,281.95,AU
74,AU1706,2017-04-13,286.1,288.0,285.1,287.15,242774,255082,,286.6,285.2,AU
74,AU1706,2017-04-14,287.55,288.05,286.75,287.7,152170,259634,,287.55,286.6,AU
74,AU1706,2017-04-17,288.05,290.05,286.95,287.2,196830,241540,,288.15,287.55,AU
73,AU1706,2017-04-18,286.9,287.9,285.8,286.45,194112,234448,,286.75,288.15,AU
73,AU1706,2017-04-19,286.6,287.7,285.2,286.3,250222,226460,,286.55,286.75,AU
73,AU1706,2017-04-20,286.55,286.75,284.75,286.1,216358,218118,,285.85,286.55,AU
73,AU1706,2017-04-21,285.95,286.35,285.25,285.9,170642,209336,,285.8,285.85,AU
73,AU1706,2017-04-24,286.35,287.95,283.5,283.9,310052,189796,,285.8,285.8,AU
73,AU1706,2017-04-25,283.35,284.4,282.95,283.9,166292,179352,,283.75,285.8,AU
73,AU1706,2017-04-26,282.75,283.55,282.15,282.45,183112,165780,,282.7,283.75,AU
73,AU1706,2017-04-27,282.55,283.55,282.05,282.85,154594,153054,,282.8,282.7,AU
73,AU1706,2017-04-28,283.1,283.25,282.3,283.2,129946,140542,,282.8,282.8,AU
73,AU1706,2017-05-02,281.2,281.45,280.5,280.75,88702,126228,,280.9,282.8,AU
73,AU1706,2017-05-03,280.1,280.7,279.7,280.2,67824,115372,,280.25,280.9,AU
73,AU1706,2017-05-04,279.95,280.2,275.4,276.25,149004,106420,,278.25,280.25,AU
73,AU1706,2017-05-05,275.0,276.55,274.1,275.75,105704,95760,,275.1,278.25,AU
77,AU1712,2017-05-08,278.3,279.35,278.05,278.5,86346,188964,,278.6,278.3,AU
77,AU1712,2017-05-09,278.65,279.4,277.5,278.45,128798,191426,,278.5,278.6,AU
77,AU1712,2017-05-10,277.35,277.4,275.65,277.05,118918,201004,,276.75,278.5,AU
77,AU1712,2017-05-11,277.25,277.55,276.3,277.35,92586,205942,,277.05,276.75,AU
77,AU1712,2017-05-12,277.0,278.5,276.95,278.1,119980,211756,,277.75,277.05,AU
77,AU1712,2017-05-15,278.75,279.55,277.75,279.4,124840,220070,,278.65,277.75,AU
76,AU1712,2017-05-16,280.15,280.65,279.0,280.0,118992,220422,,279.75,278.65,AU
76,AU1712,2017-05-17,280.05,281.3,279.5,280.95,133590,230274,,280.55,279.75,AU
76,AU1712,2017-05-18,282.5,284.75,282.35,283.25,230310,237936,,283.4,280.55,AU
76,AU1712,2017-05-19,283.55,284.2,281.6,282.65,186950,244610,,282.95,283.4,AU
76,AU1712,2017-05-22,283.3,283.6,282.15,283.3,114482,249876,,282.9,282.95,AU
76,AU1712,2017-05-23,284.05,285.2,283.45,285.2,123256,262554,,284.35,282.9,AU
76,AU1712,2017-05-24,285.0,285.1,281.5,281.85,170178,267980,,283.2,284.35,AU
76,AU1712,2017-05-25,282.5,283.8,281.75,283.3,136700,275156,,282.95,283.2,AU
76,AU1712,2017-05-26,282.75,283.5,282.0,283.35,104532,275262,,282.5,282.95,AU
76,AU1712,2017-05-31,283.05,283.3,281.65,281.65,74258,281108,,282.25,282.5,AU
76,AU1712,2017-06-01,282.35,283.15,281.4,281.85,157458,283362,,282.05,282.25,AU
76,AU1712,2017-06-02,281.25,282.2,280.6,280.85,129192,288512,,281.0,282.05,AU
76,AU1712,2017-06-05,283.0,285.2,282.75,284.55,215452,304850,,283.85,281.0,AU
76,AU1712,2017-06-06,284.8,286.5,284.05,286.3,135910,316800,,285.2,283.85,AU
76,AU1712,2017-06-07,286.6,287.2,286.25,286.6,138618,325410,,286.7,285.2,AU
76,AU1712,2017-06-08,286.55,286.9,285.05,285.75,141700,326824,,286.0,286.7,AU
76,AU1712,2017-06-09,285.15,285.4,282.15,282.5,223770,332974,,283.55,286.0,AU
76,AU1712,2017-06-12,281.8,281.9,281.0,281.05,151544,339722,,281.3,283.55,AU
76,AU1712,2017-06-13,280.85,281.6,280.35,281.15,105884,340090,,281.05,281.3,AU
76,AU1712,2017-06-14,280.35,282.4,280.05,281.7,131122,334782,,281.3,281.05,AU
76,AU1712,2017-06-15,283.0,284.65,279.7,279.85,238286,340830,,282.15,281.3,AU
76,AU1712,2017-06-16,278.5,279.8,278.3,279.35,147956,342074,,279.1,282.15,AU
76,AU1712,2017-06-19,279.65,279.8,278.5,278.85,99854,343958,,279.1,279.1,AU
76,AU1712,2017-06-20,278.55,278.9,277.6,278.25,111782,344998,,278.25,279.1,AU
76,AU1712,2017-06-21,278.05,278.5,277.3,278.15,104238,344970,,277.95,278.25,AU
76,AU1712,2017-06-22,277.85,280.3,277.3,279.9,135198,341690,,279.05,277.95,AU
76,AU1712,2017-06-23,280.15,280.55,279.1,280.45,119404,337016,,279.9,279.05,AU
76,AU1712,2017-06-26,281.55,281.55,280.35,280.6,78260,333442,,280.7,279.9,AU
76,AU1712,2017-06-27,278.35,279.45,277.9,279.4,170412,326864,,278.55,280.7,AU
76,AU1712,2017-06-28,278.6,279.3,278.05,278.75,168850,332470,,278.65,278.55,AU
76,AU1712,2017-06-29,278.95,279.15,277.7,278.15,158992,337162,,278.35,278.65,AU
76,AU1712,2017-06-30,276.4,277.35,275.4,275.5,221690,338722,,276.2,278.35,AU
76,AU1712,2017-07-03,275.3,276.3,274.35,274.6,142246,343202,,275.1,276.2,AU
76,AU1712,2017-07-04,273.25,273.35,271.6,272.6,190506,346746,,272.45,275.1,AU
76,AU1712,2017-07-05,272.7,273.3,272.05,272.4,102604,345904,,272.6,272.45,AU
76,AU1712,2017-07-06,271.1,273.2,271.05,272.85,129270,346032,,272.3,272.6,AU
76,AU1712,2017-07-07,272.9,273.25,271.6,272.2,115020,347806,,272.3,272.3,AU
76,AU1712,2017-07-10,272.25,272.35,268.0,268.8,241862,349336,,269.75,272.3,AU
76,AU1712,2017-07-11,269.35,270.7,268.95,270.0,139294,347824,,269.9,269.75,AU
76,AU1712,2017-07-12,270.1,271.65,269.25,271.0,156136,348784,,270.75,269.9,AU
76,AU1712,2017-07-13,272.35,272.45,271.05,271.75,154644,352132,,271.6,270.75,AU
76,AU1712,2017-07-14,271.5,271.5,269.85,270.65,113550,353988,,270.6,271.6,AU
76,AU1712,2017-07-17,273.15,273.45,272.3,273.0,163458,350286,,272.85,270.6,AU
75,AU1712,2017-07-18,273.7,274.4,273.5,273.7,125924,341346,,273.9,272.85,AU
75,AU1712,2017-07-19,274.3,274.75,273.85,274.05,113988,336326,,274.15,273.9,AU
75,AU1712,2017-07-20,274.55,274.75,273.9,274.2,100138,343990,,274.2,274.15,AU
75,AU1712,2017-07-21,274.3,275.85,273.5,275.8,173552,349878,,274.95,274.2,AU
75,AU1712,2017-07-24,276.7,277.45,276.05,276.45,124830,348868,,276.7,274.95,AU
75,AU1712,2017-07-25,277.35,277.4,276.15,276.8,99046,346342,,276.65,276.7,AU
75,AU1712,2017-07-26,276.1,276.5,274.15,274.4,142662,350512,,275.35,276.65,AU
75,AU1712,2017-07-27,274.8,278.05,274.6,277.6,164112,342962,,276.75,275.35,AU
75,AU1712,2017-07-28,277.9,277.95,276.6,277.25,149302,338706,,277.3,276.75,AU
75,AU1712,2017-07-31,277.95,278.95,277.65,278.05,147076,339218,,278.35,277.3,AU
75,AU1712,2017-08-01,278.3,278.5,277.75,278.0,92472,345998,,278.15,278.35,AU
75,AU1712,2017-08-02,278.0,279.05,277.55,277.95,160750,349628,,278.25,278.15,AU
75,AU1712,2017-08-03,277.6,278.8,276.6,276.9,147540,351140,,277.65,278.25,AU
75,AU1712,2017-08-04,277.55,278.55,277.4,278.45,143116,359734,,278.0,277.65,AU
75,AU1712,2017-08-07,277.0,277.25,275.65,275.95,175064,353954,,276.25,278.0,AU
75,AU1712,2017-08-08,275.85,276.5,275.35,275.7,112310,353302,,275.95,276.25,AU
75,AU1712,2017-08-09,276.2,277.6,274.15,276.45,186480,353536,,275.7,275.95,AU
75,AU1712,2017-08-10,278.1,278.8,277.4,278.45,187428,350424,,278.0,275.7,AU
75,AU1712,2017-08-11,279.35,280.3,278.85,279.85,222826,355820,,279.6,278.0,AU
75,AU1712,2017-08-14,279.75,280.3,278.55,279.75,175078,355662,,279.6,279.6,AU
75,AU1712,2017-08-15,278.9,279.75,277.0,277.85,182520,348620,,278.2,279.6,AU
75,AU1712,2017-08-16,276.55,277.9,276.35,276.95,119916,347326,,277.15,278.2,AU
75,AU1712,2017-08-17,277.1,280.45,276.65,279.95,192184,352070,,278.9,277.15,AU
75,AU1712,2017-08-18,279.45,280.5,278.75,280.5,144594,360176,,279.75,278.9,AU
75,AU1712,2017-08-21,281.8,282.6,278.75,279.7,238136,361748,,280.5,279.75,AU
75,AU1712,2017-08-22,279.8,280.95,279.0,279.1,149470,358624,,280.05,280.5,AU
75,AU1712,2017-08-23,279.65,280.4,278.35,279.15,148734,354190,,279.15,280.05,AU
75,AU1712,2017-08-24,279.75,279.9,279.05,279.25,119042,355920,,279.5,279.15,AU
75,AU1712,2017-08-25,279.3,279.75,278.6,279.05,111830,358560,,279.05,279.5,AU
75,AU1712,2017-08-28,278.95,280.9,276.5,280.45,263900,358164,,279.2,279.05,AU
75,AU1712,2017-08-29,280.3,283.8,279.75,283.8,215014,369830,,282.25,279.2,AU
75,AU1712,2017-08-30,283.8,284.3,280.25,280.35,220274,358480,,282.2,282.25,AU
75,AU1712,2017-08-31,280.35,281.3,279.2,279.9,141360,358378,,280.3,282.2,AU
75,AU1712,2017-09-01,280.9,282.65,280.7,281.8,173324,357650,,281.9,280.3,AU
75,AU1712,2017-09-04,282.25,285.0,281.2,284.2,248002,358922,,283.0,281.9,AU
75,AU1712,2017-09-05,283.2,284.05,282.75,283.65,118342,359688,,283.4,283.0,AU
75,AU1712,2017-09-06,282.9,284.45,282.85,284.1,167572,356580,,283.75,283.4,AU
75,AU1712,2017-09-07,283.9,284.1,282.4,283.05,171472,354744,,283.2,283.75,AU
75,AU1712,2017-09-08,283.65,283.95,282.75,283.7,234876,346738,,283.4,283.2,AU
75,AU1712,2017-09-11,283.25,283.85,281.75,282.4,205840,346546,,282.95,283.4,AU
75,AU1712,2017-09-12,282.3,282.75,280.9,281.1,138828,337000,,281.8,282.95,AU
75,AU1712,2017-09-13,281.2,282.05,281.05,281.5,105588,340730,,281.6,281.8,AU
75,AU1712,2017-09-14,281.8,282.05,280.55,281.15,152354,340358,,281.15,281.6,AU
75,AU1712,2017-09-15,281.75,282.9,281.4,282.45,148056,339532,,282.15,281.15,AU
74,AU1712,2017-09-18,281.8,281.95,279.75,279.85,166142,335756,,280.85,282.15,AU
74,AU1712,2017-09-19,279.65,280.3,278.85,279.8,146266,320598,,279.7,280.85,AU
74,AU1712,2017-09-20,279.65,280.35,279.45,280.05,93828,319206,,280.05,279.7,AU
74,AU1712,2017-09-21,280.05,280.95,277.5,277.5,196020,315744,,279.0,280.05,AU
74,AU1712,2017-09-22,276.7,278.0,276.55,277.95,152812,303544,,277.2,279.0,AU
74,AU1712,2017-09-25,277.2,277.85,277.0,277.6,101102,305276,,277.4,277.2,AU
74,AU1712,2017-09-26,278.0,282.15,277.75,281.8,209918,298340,,280.6,277.4,AU
74,AU1712,2017-09-27,280.15,281.2,279.05,279.2,177298,302816,,280.05,280.6,AU
74,AU1712,2017-09-28,278.55,278.95,277.35,277.7,157036,289274,,278.05,280.05,AU
74,AU1712,2017-09-29,278.05,279.05,277.75,278.9,99056,286592,,278.4,278.05,AU
74,AU1712,2017-10-09,276.4,277.6,276.1,276.75,96730,294948,,277.05,278.4,AU
74,AU1712,2017-10-10,276.65,277.3,276.4,276.65,89448,297970,,276.75,277.05,AU
74,AU1712,2017-10-11,276.65,277.3,275.85,276.1,102690,301148,,276.5,276.75,AU
74,AU1712,2017-10-12,276.35,277.5,275.5,277.1,106566,301212,,276.6,276.5,AU
74,AU1712,2017-10-13,276.75,277.5,276.3,277.2,81608,298044,,276.9,276.6,AU
74,AU1712,2017-10-16,277.75,278.85,277.3,278.7,122152,296106,,278.0,276.9,AU
73,AU1712,2017-10-17,279.0,279.05,277.0,277.25,132882,283332,,277.75,278.0,AU
73,AU1712,2017-10-18,276.75,276.95,276.1,276.15,109406,278086,,276.55,277.75,AU
73,AU1712,2017-10-19,275.95,276.45,275.2,275.7,108490,269550,,275.7,276.55,AU
73,AU1712,2017-10-20,276.2,276.9,275.8,276.05,116690,265528,,276.25,275.7,AU
73,AU1712,2017-10-23,276.0,276.05,274.8,274.9,123402,262902,,275.3,276.25,AU
73,AU1712,2017-10-24,274.7,276.25,274.45,275.8,102460,256802,,275.5,275.3,AU
73,AU1712,2017-10-25,275.35,275.45,274.5,274.55,105748,250284,,274.9,275.5,AU
73,AU1712,2017-10-26,274.4,275.85,274.4,275.8,127364,244458,,275.35,274.9,AU
73,AU1712,2017-10-27,275.2,275.65,273.65,273.95,146570,237496,,274.4,275.35,AU
73,AU1712,2017-10-30,273.65,274.8,273.65,274.3,132546,220844,,274.3,274.4,AU
73,AU1712,2017-10-31,274.25,275.15,274.15,274.5,129702,197174,,274.6,274.3,AU
73,AU1712,2017-11-01,273.9,274.15,273.1,273.9,107352,184966,,273.55,274.6,AU
73,AU1712,2017-11-02,273.8,274.2,273.0,274.0,82780,180296,,273.75,273.55,AU
73,AU1712,2017-11-03,273.7,274.8,273.5,274.0,81612,180534,,274.05,273.75,AU
73,AU1712,2017-11-06,274.1,274.65,272.8,273.4,95554,174718,,273.6,274.05,AU
73,AU1712,2017-11-07,273.75,275.4,273.55,274.75,81728,163132,,274.45,273.6,AU
73,AU1712,2017-11-08,274.8,275.05,273.9,274.8,63420,160210,,274.65,274.45,AU
73,AU1712,2017-11-09,275.1,276.15,275.05,275.75,82990,144354,,275.55,274.65,AU
73,AU1712,2017-11-10,276.5,276.95,276.0,276.5,69020,136734,,276.55,275.55,AU
73,AU1712,2017-11-13,276.85,276.9,274.95,275.35,63550,126392,,275.65,276.55,AU
73,AU1712,2017-11-14,275.45,275.85,275.05,275.15,41322,116442,,275.25,275.65,AU
77,AU1806,2017-11-15,278.85,280.3,278.25,279.8,82062,167836,,279.45,279.5,AU
76,AU1806,2017-11-16,280.2,280.65,278.85,279.15,109230,170206,,279.7,279.45,AU
76,AU1806,2017-11-17,279.35,280.1,279.05,280.1,83458,177048,,279.6,279.7,AU
76,AU1806,2017-11-20,280.0,284.15,279.9,281.65,124816,198364,,281.15,279.6,AU
76,AU1806,2017-11-21,281.6,282.0,279.1,279.9,125686,194856,,280.35,281.15,AU
76,AU1806,2017-11-22,279.35,280.6,279.25,279.95,98470,197390,,279.8,280.35,AU
76,AU1806,2017-11-23,280.15,280.95,279.85,280.1,92712,200858,,280.3,279.8,AU
76,AU1806,2017-11-24,280.15,280.45,279.5,280.45,61598,203922,,280.05,280.3,AU
76,AU1806,2017-11-27,280.05,280.5,279.65,280.45,75548,208924,,280.1,280.05,AU
76,AU1806,2017-11-28,281.25,282.4,281.0,281.55,141338,234998,,281.55,280.1,AU
76,AU1806,2017-11-29,281.75,282.05,280.65,281.75,89514,235040,,281.5,281.55,AU
76,AU1806,2017-11-30,281.55,281.6,279.3,279.55,160322,219304,,280.25,281.5,AU
76,AU1806,2017-12-01,279.35,279.35,277.4,277.75,116132,223136,,278.2,280.25,AU
76,AU1806,2017-12-04,277.6,279.95,276.7,277.55,158454,228100,,278.05,278.2,AU
76,AU1806,2017-12-05,277.3,278.3,277.25,277.7,77562,232240,,277.65,278.05,AU
76,AU1806,2017-12-06,277.55,277.7,275.1,276.05,151124,239546,,276.1,277.65,AU
76,AU1806,2017-12-07,275.85,276.35,273.45,274.15,128306,251254,,275.0,276.1,AU
76,AU1806,2017-12-08,273.65,273.95,272.05,272.35,115350,264838,,272.9,275.0,AU
76,AU1806,2017-12-11,272.25,273.2,271.5,272.55,112536,265648,,272.3,272.9,AU
76,AU1806,2017-12-12,272.9,272.9,271.25,271.9,77378,269106,,271.9,272.3,AU
76,AU1806,2017-12-13,271.6,272.05,270.9,271.85,77742,267944,,271.45,271.9,AU
76,AU1806,2017-12-14,271.75,275.15,271.6,274.25,148848,262238,,273.5,271.45,AU
76,AU1806,2017-12-15,274.1,274.6,273.5,274.25,84622,264592,,273.95,273.5,AU
76,AU1806,2017-12-18,274.75,275.3,273.7,274.4,110138,265180,,274.35,273.95,AU
76,AU1806,2017-12-19,274.95,275.9,274.45,275.55,107556,264386,,275.1,274.35,AU
76,AU1806,2017-12-20,275.35,275.5,274.8,274.95,73426,262544,,275.1,275.1,AU
76,AU1806,2017-12-21,275.15,275.3,274.35,274.7,87822,265840,,274.75,275.1,AU
76,AU1806,2017-12-22,274.5,275.05,274.25,274.9,64172,266088,,274.65,274.75,AU
76,AU1806,2017-12-25,275.25,276.75,274.9,276.6,85190,262910,,275.9,274.65,AU
76,AU1806,2017-12-26,276.45,276.6,275.6,276.5,41718,262238,,276.25,275.9,AU
76,AU1806,2017-12-27,276.5,277.2,276.3,277.15,71938,255188,,276.8,276.25,AU
76,AU1806,2017-12-28,277.45,278.55,277.35,278.05,75412,253730,,277.9,276.8,AU
76,AU1806,2017-12-29,278.0,278.3,277.45,277.8,70460,247600,,277.9,277.9,AU
76,AU1806,2018-01-02,279.55,279.9,278.95,279.4,54760,255972,,279.2,277.9,AU
76,AU1806,2018-01-03,279.8,281.45,279.45,280.35,120498,269758,,280.4,279.2,AU
76,AU1806,2018-01-04,280.25,280.5,278.35,279.0,115606,268078,,279.3,280.4,AU
76,AU1806,2018-01-05,279.3,280.5,278.4,279.85,131968,271418,,279.7,279.3,AU
76,AU1806,2018-01-08,279.55,280.8,279.05,280.2,122670,265332,,279.95,279.7,AU
76,AU1806,2018-01-09,280.35,281.0,280.0,280.55,97146,269750,,280.5,279.95,AU
76,AU1806,2018-01-10,280.6,280.85,279.75,279.95,100630,275136,,280.15,280.5,AU
76,AU1806,2018-01-11,281.7,281.85,280.5,280.85,107986,277640,,281.1,280.15,AU
76,AU1806,2018-01-12,280.95,281.8,280.55,281.55,107150,281512,,281.15,281.1,AU
76,AU1806,2018-01-15,281.7,282.6,280.05,282.05,154100,281200,,281.75,281.15,AU
75,AU1806,2018-01-16,282.25,282.35,281.5,281.65,73686,278914,,281.9,281.75,AU
75,AU1806,2018-01-17,281.05,281.9,280.55,280.8,120036,277878,,281.1,281.9,AU
75,AU1806,2018-01-18,280.95,281.0,278.65,279.25,120704,275960,,279.65,281.1,AU
75,AU1806,2018-01-19,278.8,279.4,277.9,278.35,123998,275066,,278.65,279.65,AU
75,AU1806,2018-01-22,278.9,279.15,278.45,278.5,91784,274708,,278.85,278.65,AU
75,AU1806,2018-01-23,278.9,279.6,278.6,279.4,106384,282894,,279.1,278.85,AU
75,AU1806,2018-01-24,279.65,280.7,279.15,280.7,129994,289142,,279.8,279.1,AU
75,AU1806,2018-01-25,281.25,282.1,280.75,281.75,147606,289750,,281.4,279.8,AU
75,AU1806,2018-01-26,280.65,281.25,279.15,279.95,160632,289436,,280.2,281.4,AU
75,AU1806,2018-01-29,279.4,280.0,278.55,278.7,116526,295796,,279.25,280.2,AU
75,AU1806,2018-01-30,278.25,278.75,276.2,276.35,142162,298672,,277.45,279.25,AU
75,AU1806,2018-01-31,277.55,278.05,276.45,276.6,130220,294800,,277.1,277.45,AU
75,AU1806,2018-02-01,276.1,276.8,275.6,276.05,107992,291744,,276.15,277.1,AU
75,AU1806,2018-02-02,275.85,276.85,275.6,276.4,95114,295254,,276.25,276.15,AU
75,AU1806,2018-02-05,276.15,276.5,273.75,274.0,179670,302310,,274.65,276.25,AU
75,AU1806,2018-02-06,274.3,277.4,273.8,276.0,165138,308226,,275.7,274.65,AU
75,AU1806,2018-02-07,274.95,274.95,271.65,272.3,173706,308076,,273.05,275.7,AU
75,AU1806,2018-02-08,271.65,272.15,270.35,271.7,169214,312778,,271.25,273.05,AU
75,AU1806,2018-02-09,272.3,274.5,271.8,273.05,153838,314210,,272.95,271.25,AU
75,AU1806,2018-02-12,271.85,273.1,270.85,272.9,165634,319818,,272.0,272.95,AU
75,AU1806,2018-02-13,272.7,274.35,272.65,274.25,106204,315230,,273.5,272.0,AU
75,AU1806,2018-02-14,274.65,276.15,273.55,276.1,101596,307424,,275.0,273.5,AU
75,AU1806,2018-02-22,274.7,274.8,273.3,273.65,69122,313768,,273.85,275.0,AU
75,AU1806,2018-02-23,274.0,275.0,274.0,274.6,89858,321220,,274.45,273.85,AU
75,AU1806,2018-02-26,275.05,275.95,274.1,275.85,105090,328434,,275.05,274.45,AU
75,AU1806,2018-02-27,275.25,275.6,274.05,274.4,109948,324142,,274.7,275.05,AU
75,AU1806,2018-02-28,274.35,274.4,271.7,272.05,164380,328194,,272.75,274.7,AU
75,AU1806,2018-03-01,272.35,272.75,271.35,271.7,96650,330226,,272.05,272.75,AU
75,AU1806,2018-03-02,270.95,273.05,270.7,272.7,176954,336474,,271.9,272.05,AU
75,AU1806,2018-03-05,273.3,273.9,272.45,273.65,128004,333908,,273.35,271.9,AU
75,AU1806,2018-03-06,273.35,273.5,272.35,273.3,81380,334266,,273.0,273.35,AU
75,AU1806,2018-03-07,273.7,275.3,273.6,274.5,159050,328022,,274.55,273.0,AU
75,AU1806,2018-03-08,274.0,274.35,273.15,274.0,130368,333818,,273.8,274.55,AU
75,AU1806,2018-03-09,273.75,274.15,272.25,272.55,119300,334198,,273.1,273.8,AU
75,AU1806,2018-03-12,272.4,273.25,271.45,272.5,155822,331402,,272.35,273.1,AU
75,AU1806,2018-03-13,271.8,272.9,271.65,272.3,91312,336476,,272.2,272.35,AU
75,AU1806,2018-03-14,273.0,273.6,271.9,272.75,144588,334406,,272.9,272.2,AU
75,AU1806,2018-03-15,272.2,272.85,272.0,272.5,86940,334692,,272.35,272.9,AU
74,AU1806,2018-03-16,271.75,271.9,270.9,271.35,112028,335706,,271.45,272.35,AU
74,AU1806,2018-03-19,271.5,271.6,269.65,270.05,133874,339980,,270.6,271.45,AU
74,AU1806,2018-03-20,270.55,271.5,270.3,271.2,94422,339400,,270.95,270.6,AU
74,AU1806,2018-03-21,270.45,271.3,269.9,271.15,104436,338814,,270.55,270.95,AU
74,AU1806,2018-03-22,271.6,274.25,271.55,273.5,214702,336210,,272.75,270.55,AU
74,AU1806,2018-03-23,274.2,276.55,273.3,276.5,222076,338094,,275.05,272.75,AU
74,AU1806,2018-03-26,276.9,277.25,275.85,276.15,176800,332560,,276.65,275.05,AU
74,AU1806,2018-03-27,275.45,276.65,275.35,275.8,132922,330844,,275.9,276.65,AU
74,AU1806,2018-03-28,274.3,275.15,273.95,274.2,137984,325736,,274.55,275.9,AU
74,AU1806,2018-03-29,273.45,273.7,270.95,271.05,197124,316296,,272.2,274.55,AU
74,AU1806,2018-03-30,271.0,271.6,270.85,271.55,77390,316812,,271.2,272.2,AU
74,AU1806,2018-04-02,271.65,272.35,271.3,271.75,73540,315638,,271.7,271.2,AU
74,AU1806,2018-04-03,272.5,274.6,272.3,273.75,159884,309224,,273.35,271.7,AU
74,AU1806,2018-04-04,273.35,273.5,271.6,273.4,139306,308904,,272.65,273.35,AU
74,AU1806,2018-04-09,273.0,273.2,272.4,272.55,63718,309468,,272.75,272.65,AU
74,AU1806,2018-04-10,273.35,274.15,272.4,272.7,119642,309026,,273.1,272.75,AU
74,AU1806,2018-04-11,273.35,274.35,272.75,274.3,144666,317112,,273.6,273.1,AU
74,AU1806,2018-04-12,275.9,276.8,274.35,275.2,281170,313048,,275.45,273.6,AU
74,AU1806,2018-04-13,274.4,274.65,272.65,273.15,170916,305098,,273.6,275.45,AU
74,AU1806,2018-04-16,273.2,274.9,272.9,274.25,175852,306138,,274.15,273.6,AU
73,AU1806,2018-04-17,274.25,274.85,273.85,274.65,109886,304832,,274.4,274.15,AU
73,AU1806,2018-04-18,273.15,274.75,273.05,274.5,123876,298582,,274.0,274.4,AU
73,AU1806,2018-04-19,275.6,275.8,274.55,275.2,155956,296316,,275.05,274.0,AU
73,AU1806,2018-04-20,274.35,274.75,273.5,273.85,142614,293800,,274.1,275.05,AU
73,AU1806,2018-04-23,273.65,273.65,272.0,272.55,185234,274708,,272.75,274.1,AU
73,AU1806,2018-04-24,271.5,272.2,271.05,271.85,154496,254386,,271.7,272.75,AU
73,AU1806,2018-04-25,271.65,272.65,271.5,271.6,134470,239004,,272.0,271.7,AU
73,AU1806,2018-04-26,271.3,272.05,271.2,271.9,112116,216630,,271.65,272.0,AU
73,AU1806,2018-04-27,271.6,271.75,270.65,271.15,167128,188628,,271.05,271.65,AU
73,AU1806,2018-05-02,269.35,270.55,268.6,270.4,80522,164692,,270.05,271.05,AU
73,AU1806,2018-05-03,270.35,271.5,269.9,270.4,118292,132928,,270.55,270.05,AU
73,AU1806,2018-05-04,271.65,271.65,270.45,270.8,98532,104964,,270.85,270.55,AU
77,AU1812,2018-05-07,275.0,275.75,274.35,275.15,94876,276690,,275.05,274.5,AU
77,AU1812,2018-05-08,275.25,275.45,274.75,274.95,89848,286166,,275.05,275.05,AU
77,AU1812,2018-05-09,274.6,275.95,273.95,274.6,145340,293528,,274.75,275.05,AU
77,AU1812,2018-05-10,275.1,275.55,274.65,274.8,112892,293762,,275.0,274.75,AU
77,AU1812,2018-05-11,275.7,275.75,274.75,275.2,98314,295562,,275.2,275.0,AU
77,AU1812,2018-05-14,275.7,275.7,275.0,275.15,68000,298542,,275.2,275.2,AU
77,AU1812,2018-05-15,275.0,275.2,273.6,273.8,84694,305570,,274.3,275.2,AU
76,AU1812,2018-05-16,272.0,272.05,270.55,271.25,143926,312868,,271.25,274.3,AU
76,AU1812,2018-05-17,270.1,270.8,269.75,269.85,112742,319894,,270.35,271.25,AU
76,AU1812,2018-05-18,270.0,270.45,269.9,270.3,87276,321724,,270.15,270.35,AU
76,AU1812,2018-05-21,270.05,271.15,269.45,269.5,131962,326826,,270.35,270.15,AU
76,AU1812,2018-05-22,270.15,270.8,270.0,270.25,101034,325632,,270.35,270.35,AU
76,AU1812,2018-05-23,270.8,270.85,270.2,270.5,105426,331526,,270.55,270.35,AU
76,AU1812,2018-05-24,271.15,272.3,270.65,272.25,150568,335882,,271.4,270.55,AU
76,AU1812,2018-05-25,272.6,273.85,272.25,273.55,137342,332452,,273.3,271.4,AU
76,AU1812,2018-05-28,274.1,274.3,272.15,272.35,126806,330022,,273.05,273.3,AU
76,AU1812,2018-05-29,273.0,273.65,272.65,273.25,82968,334188,,273.25,273.05,AU
76,AU1812,2018-05-30,273.5,274.95,272.8,274.15,183800,339926,,274.05,273.25,AU
76,AU1812,2018-05-31,274.4,274.55,273.8,274.5,93610,336208,,274.15,274.05,AU
76,AU1812,2018-06-01,274.1,275.0,273.3,273.85,122792,336106,,274.0,274.15,AU
76,AU1812,2018-06-04,272.65,273.65,272.3,272.4,103898,338088,,272.85,274.0,AU
76,AU1812,2018-06-05,273.0,273.0,271.65,271.9,84728,343162,,272.2,272.85,AU
76,AU1812,2018-06-06,272.0,273.35,271.7,272.4,109980,345328,,272.45,272.2,AU
76,AU1812,2018-06-07,272.4,272.85,271.8,272.15,79982,344840,,272.25,272.45,AU
76,AU1812,2018-06-08,272.7,272.75,271.8,272.1,106106,348568,,272.2,272.25,AU
76,AU1812,2018-06-11,272.65,273.35,272.35,272.7,111914,356314,,272.8,272.2,AU
76,AU1812,2018-06-12,272.8,273.45,272.2,272.4,104024,357462,,272.75,272.8,AU
76,AU1812,2018-06-13,272.0,272.9,271.95,272.1,79628,360928,,272.3,272.75,AU
76,AU1812,2018-06-14,272.2,273.35,271.95,273.35,126162,364768,,272.5,272.3,AU
76,AU1812,2018-06-15,274.3,274.4,273.25,273.65,133752,363320,,273.8,272.5,AU
76,AU1812,2018-06-19,271.0,271.5,270.75,271.4,87632,367284,,271.2,273.8,AU
76,AU1812,2018-06-20,270.7,271.4,270.15,270.2,108996,366686,,270.8,271.2,AU
76,AU1812,2018-06-21,270.55,270.85,269.1,269.45,119712,375180,,269.85,270.8,AU
76,AU1812,2018-06-22,269.6,270.65,269.4,270.55,90424,370930,,270.05,269.85,AU
76,AU1812,2018-06-25,270.4,271.7,270.15,271.15,130972,365634,,271.15,270.05,AU
76,AU1812,2018-06-26,271.4,272.0,271.2,271.25,98760,365216,,271.45,271.15,AU
76,AU1812,2018-06-27,270.95,271.75,270.85,271.6,111946,362252,,271.35,271.45,AU
76,AU1812,2018-06-28,271.5,271.9,270.9,270.9,90456,361900,,271.5,271.35,AU
76,AU1812,2018-06-29,271.5,271.75,270.75,271.4,97584,363826,,271.35,271.5,AU
76,AU1812,2018-07-02,271.4,272.45,271.0,272.1,94590,361072,,271.8,271.35,AU
76,AU1812,2018-07-03,272.95,273.0,271.3,271.9,123536,352038,,272.15,271.8,AU
76,AU1812,2018-07-04,272.2,273.7,272.1,272.65,145476,351972,,272.9,272.15,AU
76,AU1812,2018-07-05,272.5,273.3,272.3,272.75,89982,343862,,272.85,272.9,AU
76,AU1812,2018-07-06,272.7,273.55,272.4,273.25,108998,346630,,273.1,272.85,AU
76,AU1812,2018-07-09,273.0,273.4,272.7,273.1,88894,344640,,273.0,273.1,AU
76,AU1812,2018-07-10,273.2,273.3,271.55,272.0,95614,344388,,272.35,273.0,AU
76,AU1812,2018-07-11,272.15,273.05,271.85,272.85,101934,344000,,272.55,272.35,AU
76,AU1812,2018-07-12,273.1,273.3,271.75,271.9,94882,341722,,272.45,272.55,AU
76,AU1812,2018-07-13,271.8,272.35,271.6,271.7,68156,339684,,271.9,272.45,AU
76,AU1812,2018-07-16,272.1,272.45,271.7,272.05,69242,337846,,272.05,271.9,AU
75,AU1812,2018-07-17,271.55,271.75,270.75,271.55,99132,338666,,271.15,272.05,AU
75,AU1812,2018-07-18,271.25,271.4,268.6,269.05,181010,351572,,269.65,271.15,AU
75,AU1812,2018-07-19,269.5,270.35,269.2,270.3,105332,351492,,269.75,269.65,AU
75,AU1812,2018-07-20,269.3,271.1,269.2,270.65,132416,346960,,270.3,269.75,AU
75,AU1812,2018-07-23,271.5,272.3,271.45,271.9,107080,342204,,271.8,270.3,AU
75,AU1812,2018-07-24,272.1,272.2,271.5,271.7,104896,336680,,271.9,271.8,AU
75,AU1812,2018-07-25,272.05,272.2,271.5,271.7,75446,333878,,271.85,271.9,AU
75,AU1812,2018-07-26,271.75,272.1,271.3,272.1,94872,336058,,271.65,271.85,AU
75,AU1812,2018-07-27,271.65,272.1,271.3,271.5,88686,330526,,271.65,271.65,AU
75,AU1812,2018-07-30,271.85,272.05,271.4,271.55,77966,329178,,271.75,271.65,AU
75,AU1812,2018-07-31,271.7,271.9,271.3,271.65,67996,328600,,271.6,271.75,AU
75,AU1812,2018-08-01,271.35,271.55,270.15,271.45,122992,323160,,271.05,271.6,AU
75,AU1812,2018-08-02,270.85,271.55,270.5,270.75,93806,321780,,270.8,271.05,AU
75,AU1812,2018-08-03,271.3,271.4,269.9,270.2,86800,327244,,270.4,270.8,AU
75,AU1812,2018-08-06,270.25,271.2,270.0,270.25,109278,326716,,270.45,270.4,AU
75,AU1812,2018-08-07,269.6,270.55,269.55,270.1,74168,326570,,270.05,270.45,AU
75,AU1812,2018-08-08,269.7,269.85,268.3,269.5,112194,327808,,269.25,270.05,AU
75,AU1812,2018-08-09,269.0,269.65,268.6,269.55,87262,325766,,269.2,269.25,AU
75,AU1812,2018-08-10,269.35,269.75,269.1,269.4,81740,324408,,269.45,269.2,AU
75,AU1812,2018-08-13,270.15,270.7,269.95,270.1,113674,321382,,270.25,269.45,AU
75,AU1812,2018-08-14,269.05,269.15,267.5,267.65,148122,328546,,268.2,270.25,AU
75,AU1812,2018-08-15,268.0,268.4,267.0,267.4,97428,330308,,267.65,268.2,AU
75,AU1812,2018-08-16,267.25,267.45,262.7,264.0,237028,331350,,264.95,267.65,AU
75,AU1812,2018-08-17,264.0,264.65,263.25,263.4,130468,328950,,263.8,264.95,AU
75,AU1812,2018-08-20,263.55,265.15,263.4,265.15,91574,328496,,264.2,263.8,AU
75,AU1812,2018-08-21,265.1,266.45,264.8,266.35,94642,327710,,265.6,264.2,AU
75,AU1812,2018-08-22,265.9,266.55,265.0,266.25,103968,329224,,265.75,265.6,AU
75,AU1812,2018-08-23,267.0,267.2,266.15,266.2,89684,328654,,266.55,265.75,AU
75,AU1812,2018-08-24,266.7,266.8,265.55,266.3,82384,326320,,266.2,266.55,AU
75,AU1812,2018-08-27,265.9,267.65,265.8,267.45,125174,327476,,267.0,266.2,AU
75,AU1812,2018-08-28,267.5,268.35,267.25,268.3,79354,327890,,267.8,267.0,AU
75,AU1812,2018-08-29,268.05,268.15,266.05,267.05,93472,322534,,267.15,267.8,AU
75,AU1812,2018-08-30,267.5,267.85,267.05,267.45,77472,324556,,267.45,267.15,AU
75,AU1812,2018-08-31,268.05,268.1,266.6,267.8,111716,324340,,267.4,267.45,AU
75,AU1812,2018-09-03,267.8,267.8,266.55,266.6,89258,322964,,267.05,267.4,AU
75,AU1812,2018-09-04,266.65,266.9,265.5,265.6,66944,324102,,266.3,267.05,AU
75,AU1812,2018-09-05,265.8,265.85,265.05,265.6,88146,323638,,265.45,266.3,AU
75,AU1812,2018-09-06,266.05,266.75,265.65,266.4,83454,326196,,266.2,265.45,AU
75,AU1812,2018-09-07,267.25,267.6,266.5,267.2,113874,325930,,267.1,266.2,AU
75,AU1812,2018-09-10,266.5,267.0,266.0,266.25,100898,325640,,266.5,267.1,AU
75,AU1812,2018-09-11,266.55,267.1,266.5,267.0,67076,326742,,266.8,266.5,AU
75,AU1812,2018-09-12,266.05,267.55,265.75,266.8,99166,328944,,266.7,266.8,AU
75,AU1812,2018-09-13,266.85,268.2,266.7,268.1,116310,327278,,267.5,266.7,AU
75,AU1812,2018-09-14,268.35,269.05,267.1,268.65,142808,324634,,268.15,267.5,AU
75,AU1812,2018-09-17,268.15,268.15,267.1,267.35,105902,322062,,267.5,268.15,AU
74,AU1812,2018-09-18,267.8,268.5,267.6,267.65,91380,322214,,268.0,267.5,AU
74,AU1812,2018-09-19,268.25,268.45,267.2,267.95,77474,317102,,267.8,268.0,AU
74,AU1812,2018-09-20,268.5,268.65,267.75,268.2,87642,315952,,268.2,267.8,AU
74,AU1812,2018-09-21,268.45,269.35,267.95,269.05,95930,315608,,268.5,268.2,AU
74,AU1812,2018-09-25,267.9,268.0,267.35,267.95,56136,310406,,267.7,268.5,AU
74,AU1812,2018-09-26,268.2,268.7,268.0,268.35,70508,307950,,268.35,267.7,AU
74,AU1812,2018-09-27,267.65,268.5,267.15,267.4,107108,295658,,267.6,268.35,AU
74,AU1812,2018-09-28,266.2,266.2,264.85,264.9,132906,299278,,265.55,267.6,AU
74,AU1812,2018-10-08,269.7,269.95,268.0,268.65,77522,295844,,268.6,265.55,AU
74,AU1812,2018-10-09,267.4,268.25,267.2,267.9,106262,295220,,267.85,268.6,AU
74,AU1812,2018-10-10,267.55,268.2,267.2,267.9,99802,296092,,267.8,267.85,AU
74,AU1812,2018-10-11,267.7,269.45,267.5,269.45,152014,304486,,268.55,267.8,AU
74,AU1812,2018-10-12,271.3,273.8,270.5,272.85,292244,303616,,272.3,268.55,AU
74,AU1812,2018-10-15,273.45,275.35,273.15,275.35,171490,305708,,274.05,272.3,AU
73,AU1812,2018-10-16,276.0,276.15,274.75,275.25,154004,299494,,275.4,274.05,AU
73,AU1812,2018-10-17,275.65,276.0,274.15,274.5,123992,286064,,274.95,275.4,AU
73,AU1812,2018-10-18,275.2,275.8,274.35,274.75,135758,281456,,275.1,274.95,AU
73,AU1812,2018-10-19,275.4,277.2,275.1,276.05,185180,282884,,276.2,275.1,AU
73,AU1812,2018-10-22,276.2,276.35,275.6,275.85,110412,272184,,275.9,276.2,AU
73,AU1812,2018-10-23,275.65,277.0,275.0,276.95,139484,270766,,275.75,275.9,AU
73,AU1812,2018-10-24,278.55,279.3,277.05,277.15,199308,260684,,278.1,275.75,AU
73,AU1812,2018-10-25,276.8,279.3,276.75,278.5,175852,261378,,278.1,278.1,AU
73,AU1812,2018-10-26,278.0,278.6,277.1,278.3,148646,255512,,277.9,278.1,AU
73,AU1812,2018-10-29,278.4,280.45,277.85,277.85,256378,243482,,278.8,277.9,AU
73,AU1812,2018-10-30,277.85,278.2,276.4,277.25,153456,231564,,277.45,278.8,AU
73,AU1812,2018-10-31,276.15,277.1,274.85,274.9,192764,204490,,276.0,277.45,AU
73,AU1812,2018-11-01,274.8,275.4,273.75,275.3,135758,183808,,274.45,276.0,AU
73,AU1812,2018-11-02,276.0,276.3,275.25,275.4,156600,170376,,275.75,274.45,AU
73,AU1812,2018-11-05,274.95,275.95,274.55,275.6,96254,161984,,275.25,275.75,AU
73,AU1812,2018-11-06,275.35,276.45,275.3,275.85,85740,154210,,275.8,275.25,AU
73,AU1812,2018-11-07,276.5,276.7,274.9,275.9,104606,145810,,275.7,275.8,AU
73,AU1812,2018-11-08,276.2,276.2,274.8,274.9,65262,134480,,275.3,275.7,AU
73,AU1812,2018-11-09,275.0,275.45,274.1,274.35,72402,121792,,274.75,275.3,AU
77,AU1906,2018-11-12,278.8,278.8,276.4,276.55,119420,165534,,277.1,279.15,AU
77,AU1906,2018-11-13,276.5,276.6,275.35,275.45,96610,174342,,275.95,277.1,AU
77,AU1906,2018-11-14,275.1,275.85,274.95,275.5,115628,175884,,275.4,275.95,AU
77,AU1906,2018-11-15,275.15,277.1,274.55,277.05,108868,176682,,275.85,275.4,AU
76,AU1906,2018-11-16,276.65,277.55,276.05,277.5,124384,180530,,277.1,275.85,AU
76,AU1906,2018-11-19,277.75,279.0,277.7,278.25,148594,179998,,278.45,277.1,AU
76,AU1906,2018-11-20,278.5,279.4,278.45,279.3,102492,181606,,278.9,278.45,AU
76,AU1906,2018-11-21,279.9,280.35,278.75,279.0,124620,183092,,279.35,278.9,AU
76,AU1906,2018-11-22,279.2,280.15,278.7,279.65,103356,189156,,279.5,279.35,AU
76,AU1906,2018-11-23,279.9,280.1,279.5,279.65,64856,189188,,279.8,279.5,AU
76,AU1906,2018-11-26,279.25,279.8,278.8,279.5,103560,189378,,279.3,279.8,AU
76,AU1906,2018-11-27,279.55,279.75,278.75,278.9,87732,190296,,279.1,279.3,AU
76,AU1906,2018-11-28,279.35,279.65,277.25,277.55,146380,190172,,278.15,279.1,AU
76,AU1906,2018-11-29,277.45,279.7,277.1,279.55,153582,191218,,278.55,278.15,AU
76,AU1906,2018-11-30,279.9,280.2,279.2,279.45,107410,195186,,279.65,278.55,AU
76,AU1906,2018-12-03,279.0,279.45,278.2,278.35,156940,199242,,278.65,279.65,AU
76,AU1906,2018-12-04,278.6,279.45,278.3,278.35,150018,201314,,278.85,278.65,AU
76,AU1906,2018-12-05,278.55,279.3,278.1,278.9,107694,203354,,278.7,278.85,AU
76,AU1906,2018-12-06,279.0,280.55,278.75,279.9,147522,221702,,279.9,278.7,AU
76,AU1906,2018-12-07,279.95,281.4,279.85,280.25,173004,223782,,280.6,279.9,AU
76,AU1906,2018-12-10,280.8,283.15,280.4,283.1,235966,256096,,281.85,280.6,AU
76,AU1906,2018-12-11,282.65,283.1,282.2,282.65,124962,252018,,282.55,281.85,AU
76,AU1906,2018-12-12,282.3,282.45,281.1,281.2,122580,243264,,281.7,282.55,AU
76,AU1906,2018-12-13,281.4,281.85,280.55,280.8,94850,240564,,281.1,281.7,AU
76,AU1906,2018-12-14,280.5,281.05,280.1,280.35,96230,234402,,280.6,281.1,AU
76,AU1906,2018-12-17,280.25,280.85,279.7,280.2,99312,235298,,280.15,280.6,AU
76,AU1906,2018-12-18,280.6,282.4,280.55,281.9,100036,239150,,281.55,280.15,AU
76,AU1906,2018-12-19,281.95,282.8,281.85,282.55,98696,245630,,282.35,281.55,AU
76,AU1906,2018-12-20,282.3,284.35,281.65,282.15,216128,253774,,282.8,282.35,AU
76,AU1906,2018-12-21,283.4,285.75,283.1,284.8,204216,263324,,284.4,282.8,AU
76,AU1906,2018-12-24,285.05,286.0,284.1,285.45,148724,261206,,285.2,284.4,AU
76,AU1906,2018-12-25,285.6,287.7,285.3,287.1,136042,264890,,286.55,285.2,AU
76,AU1906,2018-12-26,287.05,287.6,285.9,287.5,90834,263458,,287.0,286.55,AU
76,AU1906,2018-12-27,287.0,287.95,285.8,286.3,192058,253368,,286.85,287.0,AU
76,AU1906,2018-12-28,286.95,287.9,286.3,287.85,171054,251488,,287.05,286.85,AU
76,AU1906,2019-01-02,287.55,288.7,287.15,288.3,91402,254696,,287.9,287.05,AU
76,AU1906,2019-01-03,288.45,290.75,287.9,290.7,198374,264896,,289.1,287.9,AU
76,AU1906,2019-01-04,289.95,291.6,289.35,290.55,217562,265072,,290.4,289.1,AU
76,AU1906,2019-01-07,290.0,290.15,286.9,288.65,280434,259102,,288.45,290.4,AU
76,AU1906,2019-01-08,289.0,289.7,286.9,287.25,193804,262000,,288.1,288.45,AU
76,AU1906,2019-01-09,286.95,287.65,285.85,286.2,184668,264048,,286.75,288.1,AU
76,AU1906,2019-01-10,285.7,287.85,285.6,286.9,223516,275262,,286.9,286.75,AU
76,AU1906,2019-01-11,286.35,286.45,284.55,284.95,204814,279370,,285.4,286.9,AU
76,AU1906,2019-01-14,284.95,285.45,283.8,285.05,171396,284726,,284.6,285.4,AU
76,AU1906,2019-01-15,285.65,285.95,284.15,284.3,168666,286962,,284.75,284.6,AU
75,AU1906,2019-01-16,284.75,285.5,284.25,284.6,159836,297494,,284.8,284.75,AU
75,AU1906,2019-01-17,284.3,285.25,284.2,285.1,120016,304476,,284.85,284.8,AU
75,AU1906,2019-01-18,285.55,285.65,284.7,285.05,147008,309930,,285.15,284.85,AU
75,AU1906,2019-01-21,284.15,284.2,282.7,283.2,193586,308690,,283.3,285.15,AU
75,AU1906,2019-01-22,282.55,283.45,282.3,283.25,124106,306182,,282.8,283.3,AU
75,AU1906,2019-01-23,283.9,284.65,283.3,283.6,138716,306032,,283.9,282.8,AU
75,AU1906,2019-01-24,283.9,284.1,282.9,283.3,137742,303132,,283.45,283.9,AU
75,AU1906,2019-01-25,283.0,283.85,282.65,282.9,142372,304550,,283.15,283.45,AU
75,AU1906,2019-01-28,283.05,285.95,282.75,285.6,223994,312142,,284.85,283.15,AU
75,AU1906,2019-01-29,285.45,286.75,285.0,286.6,164764,305716,,286.05,284.85,AU
75,AU1906,2019-01-30,287.25,287.95,286.7,287.55,207730,310816,,287.25,286.05,AU
75,AU1906,2019-01-31,287.0,288.0,286.35,287.85,153858,297038,,287.1,287.25,AU
75,AU1906,2019-02-01,288.4,289.3,287.8,289.2,150578,292324,,288.4,287.1,AU
75,AU1906,2019-02-11,288.6,289.2,288.15,288.75,87420,296758,,288.8,288.4,AU
75,AU1906,2019-02-12,288.15,289.15,287.85,288.85,130022,300710,,288.55,288.8,AU
75,AU1906,2019-02-13,289.0,289.3,287.9,288.25,121432,302158,,288.4,288.55,AU
75,AU1906,2019-02-14,287.85,289.75,287.5,287.6,171608,304386,,288.35,288.4,AU
75,AU1906,2019-02-15,287.05,289.7,287.05,289.6,188342,315622,,288.45,288.35,AU
75,AU1906,2019-02-18,289.8,291.2,289.2,290.95,182550,328372,,290.3,288.45,AU
75,AU1906,2019-02-19,291.5,292.1,291.1,291.35,106198,329976,,291.65,290.3,AU
75,AU1906,2019-02-20,292.6,294.25,292.5,293.35,187480,335852,,293.45,291.65,AU
75,AU1906,2019-02-21,293.5,293.95,291.4,291.5,163306,333688,,292.65,293.45,AU
75,AU1906,2019-02-22,291.25,291.9,289.35,289.6,160092,325464,,290.5,292.65,AU
75,AU1906,2019-02-25,289.05,290.75,288.65,289.3,179152,320880,,289.55,290.5,AU
75,AU1906,2019-02-26,289.1,289.55,287.95,289.0,152828,319390,,288.9,289.55,AU
75,AU1906,2019-02-27,288.2,289.2,288.1,288.65,119290,315712,,288.65,288.9,AU
75,AU1906,2019-02-28,288.15,288.85,285.9,286.85,173762,310530,,287.2,288.65,AU
75,AU1906,2019-03-01,287.7,288.0,285.55,285.85,179312,308794,,286.55,287.2,AU
75,AU1906,2019-03-04,285.0,286.15,281.45,281.8,275324,308826,,283.6,286.55,AU
75,AU1906,2019-03-05,280.45,281.6,280.1,280.8,161400,310166,,280.8,283.6,AU
75,AU1906,2019-03-06,280.75,282.35,280.0,282.35,177812,313180,,281.0,280.8,AU
75,AU1906,2019-03-07,281.5,282.0,280.75,280.9,145488,312876,,281.4,281.0,AU
75,AU1906,2019-03-08,281.6,283.75,280.75,283.55,203048,324006,,282.15,281.4,AU
75,AU1906,2019-03-11,283.7,285.5,283.35,284.75,207238,325180,,284.65,282.15,AU
75,AU1906,2019-03-12,284.35,284.65,283.2,284.2,158734,321462,,283.9,284.65,AU
75,AU1906,2019-03-13,284.45,285.75,283.75,285.65,131632,324048,,284.9,283.9,AU
75,AU1906,2019-03-14,285.9,286.4,285.0,285.1,146008,322946,,285.7,284.9,AU
75,AU1906,2019-03-15,284.35,285.3,282.95,284.9,207268,318490,,283.95,285.7,AU
74,AU1906,2019-03-18,284.95,285.55,283.95,285.2,138202,318934,,284.75,283.95,AU
74,AU1906,2019-03-19,285.75,286.3,285.0,285.95,135022,319634,,285.75,284.75,AU
74,AU1906,2019-03-20,286.25,286.8,285.3,285.55,121822,319172,,285.95,285.75,AU
74,AU1906,2019-03-21,285.6,287.55,283.9,287.4,225440,319406,,286.0,285.95,AU
74,AU1906,2019-03-22,287.5,287.6,285.3,286.35,177166,320804,,286.3,286.0,AU
74,AU1906,2019-03-25,286.85,288.1,286.4,288.05,175704,324094,,287.35,286.3,AU
74,AU1906,2019-03-26,288.6,289.5,288.1,288.3,166586,327326,,288.65,287.35,AU
74,AU1906,2019-03-27,288.1,288.7,287.6,288.25,157278,326820,,288.15,288.65,AU
74,AU1906,2019-03-28,288.25,288.55,286.95,287.45,203166,318474,,287.55,288.15,AU
74,AU1906,2019-03-29,285.8,285.8,281.85,282.0,345786,293466,,283.5,287.55,AU
74,AU1906,2019-04-01,283.6,284.0,281.9,282.1,208964,294862,,282.9,283.5,AU
74,AU1906,2019-04-02,283.75,283.75,282.1,282.15,155618,299452,,282.7,282.9,AU
74,AU1906,2019-04-03,282.7,283.35,282.5,282.9,143928,296286,,282.95,282.7,AU
74,AU1906,2019-04-04,282.85,283.15,282.0,282.95,145032,288068,,282.55,282.95,AU
74,AU1906,2019-04-08,283.0,284.3,283.0,284.15,80336,286980,,283.8,282.55,AU
74,AU1906,2019-04-09,285.2,285.35,283.7,284.4,134752,286894,,284.45,283.8,AU
74,AU1906,2019-04-10,285.4,285.85,284.9,285.8,149918,281210,,285.35,284.45,AU
74,AU1906,2019-04-11,285.5,286.9,285.35,286.15,160374,288986,,286.15,285.35,AU
74,AU1906,2019-04-12,284.0,284.7,282.9,283.3,198178,276936,,283.75,286.15,AU
74,AU1906,2019-04-15,282.55,283.45,281.6,281.75,160802,277430,,282.3,283.75,AU
73,AU1906,2019-04-16,281.25,282.2,280.9,281.5,123516,277222,,281.5,282.3,AU
73,AU1906,2019-04-17,280.45,280.55,279.65,280.0,191974,278806,,279.95,281.5,AU
73,AU1906,2019-04-18,279.5,279.65,277.8,278.2,144252,277184,,278.75,279.95,AU
73,AU1906,2019-04-19,278.85,279.85,278.7,279.5,108638,267830,,279.35,278.75,AU
73,AU1906,2019-04-22,279.75,280.85,279.4,280.3,93824,258194,,280.15,279.35,AU
73,AU1906,2019-04-23,280.3,280.55,278.9,279.0,114824,255178,,279.65,280.15,AU
73,AU1906,2019-04-24,278.3,279.6,277.9,278.85,146590,243696,,278.7,279.65,AU
73,AU1906,2019-04-25,279.45,280.9,278.75,280.4,153468,236054,,280.05,278.7,AU
73,AU1906,2019-04-26,281.05,281.95,280.6,281.45,171400,216692,,281.25,280.05,AU
73,AU1906,2019-04-29,281.7,282.35,281.3,281.3,144702,191132,,281.85,281.25,AU
73,AU1906,2019-04-30,281.15,281.9,280.35,281.55,118136,170426,,281.1,281.85,AU
73,AU1906,2019-05-06,284.6,284.75,282.4,282.7,94280,148564,,283.2,281.1,AU
73,AU1906,2019-05-07,281.65,283.0,281.35,282.4,104218,128894,,282.2,283.2,AU
73,AU1906,2019-05-08,282.25,284.0,282.1,283.95,108570,111540,,283.35,282.2,AU
73,AU1906,2019-05-09,284.4,284.75,282.95,284.1,116104,94782,,283.75,283.35,AU
77,AU1912,2019-05-10,288.0,288.9,287.05,287.25,152548,291046,,287.85,286.8,AU
77,AU1912,2019-05-13,288.9,289.6,288.15,289.2,152284,305696,,288.9,287.85,AU
77,AU1912,2019-05-14,290.9,293.9,290.9,292.75,226070,326770,,292.95,288.9,AU
77,AU1912,2019-05-15,293.1,293.3,291.0,291.25,172078,334372,,292.1,292.95,AU
76,AU1912,2019-05-16,293.15,293.25,291.6,292.35,156062,338104,,292.35,292.1,AU
76,AU1912,2019-05-17,291.0,291.85,290.15,291.7,164084,335548,,291.0,292.35,AU
76,AU1912,2019-05-20,291.1,291.35,289.15,289.4,157110,335976,,289.85,291.0,AU
76,AU1912,2019-05-21,289.85,290.25,288.65,289.15,129642,337886,,289.4,289.85,AU
76,AU1912,2019-05-22,288.45,289.1,287.7,288.9,121064,347260,,288.55,289.4,AU
76,AU1912,2019-05-23,289.2,289.75,288.9,289.35,107242,355696,,289.3,288.55,AU
76,AU1912,2019-05-24,290.9,291.8,290.55,291.1,182408,360482,,291.2,289.3,AU
76,AU1912,2019-05-27,291.05,291.45,290.2,291.25,108838,358108,,291.0,291.2,AU
76,AU1912,2019-05-28,291.1,291.25,290.55,291.0,65916,358546,,290.85,291.0,AU
76,AU1912,2019-05-29,290.2,291.5,289.55,291.45,144184,366816,,290.35,290.85,AU
76,AU1912,2019-05-30,291.15,291.55,289.65,290.1,146190,370280,,290.6,290.35,AU
76,AU1912,2019-05-31,290.7,293.55,290.5,293.45,210680,389780,,292.2,290.6,AU
76,AU1912,2019-06-03,294.2,297.1,293.8,296.7,244464,402048,,295.55,292.2,AU
76,AU1912,2019-06-04,297.7,300.1,296.95,299.75,238932,414088,,298.65,295.55,AU
76,AU1912,2019-06-05,299.1,301.9,298.75,301.7,255926,428600,,300.0,298.65,AU
76,AU1912,2019-06-06,302.85,303.7,300.25,301.7,314902,426302,,301.75,300.0,AU
76,AU1912,2019-06-10,302.55,302.6,300.4,300.85,136076,426286,,301.25,301.75,AU
76,AU1912,2019-06-11,301.05,301.4,299.3,299.55,194824,423948,,300.5,301.25,AU
76,AU1912,2019-06-12,299.15,303.4,298.65,302.6,294244,439468,,301.05,300.5,AU
76,AU1912,2019-06-13,302.1,303.25,301.3,303.2,215912,439714,,302.35,301.05,AU
76,AU1912,2019-06-14,302.5,307.8,302.35,307.75,303908,459468,,304.8,302.35,AU
76,AU1912,2019-06-17,306.3,307.55,303.45,304.1,384246,451926,,305.65,304.8,AU
76,AU1912,2019-06-18,304.55,306.65,304.15,306.15,231638,454532,,305.2,305.65,AU
76,AU1912,2019-06-19,307.3,307.85,302.8,304.3,461924,438130,,304.45,305.2,AU
76,AU1912,2019-06-20,303.95,313.85,303.55,311.25,462906,446232,,309.2,304.45,AU
76,AU1912,2019-06-21,310.95,316.5,310.05,313.6,555740,456516,,313.35,309.2,AU
76,AU1912,2019-06-24,314.45,317.3,312.3,315.8,472448,455814,,314.8,313.35,AU
76,AU1912,2019-06-25,316.35,323.05,315.7,321.8,618906,469328,,319.75,314.8,AU
76,AU1912,2019-06-26,320.95,323.25,316.05,316.4,735628,464460,,319.8,319.75,AU
76,AU1912,2019-06-27,317.0,318.3,315.35,315.6,527472,462088,,316.8,319.8,AU
76,AU1912,2019-06-28,315.15,320.8,314.1,316.85,570526,469296,,317.55,316.8,AU
76,AU1912,2019-07-01,317.2,317.4,308.55,308.85,553248,459596,,312.9,317.55,AU
76,AU1912,2019-07-02,310.8,312.75,309.7,312.05,406836,461428,,311.1,312.9,AU
76,AU1912,2019-07-03,312.35,323.5,311.75,321.1,833052,466190,,318.15,311.1,AU
76,AU1912,2019-07-04,319.2,319.85,317.0,317.65,529756,454908,,318.55,318.15,AU
76,AU1912,2019-07-05,317.6,319.35,317.25,318.0,253758,452788,,318.25,318.55,AU
76,AU1912,2019-07-08,315.0,316.65,305.5,316.35,657334,441922,,314.45,318.25,AU
76,AU1912,2019-07-09,315.95,315.95,313.1,313.45,373548,431872,,314.15,314.45,AU
76,AU1912,2019-07-10,314.15,315.55,312.85,313.2,304398,425536,,314.0,314.15,AU
76,AU1912,2019-07-11,317.3,320.85,315.5,319.0,523114,441216,,317.75,314.0,AU
76,AU1912,2019-07-12,317.8,318.15,315.55,316.65,323508,441220,,316.75,317.75,AU
76,AU1912,2019-07-15,316.35,318.55,316.0,317.75,287420,448860,,317.15,316.75,AU
75,AU1912,2019-07-16,317.2,318.3,316.4,317.75,254618,449866,,317.5,317.15,AU
75,AU1912,2019-07-17,317.15,317.8,315.15,315.8,388820,432014,,316.45,317.5,AU
75,AU1912,2019-07-18,316.1,321.15,316.0,319.1,571732,453470,,318.95,316.45,AU
75,AU1912,2019-07-19,318.8,324.75,318.35,323.3,510780,467158,,321.9,318.95,AU
75,AU1912,2019-07-22,322.6,324.6,319.5,320.65,602472,467246,,321.7,321.9,AU
75,AU1912,2019-07-23,320.65,321.45,317.8,318.7,336826,454470,,319.45,321.7,AU
75,AU1912,2019-07-24,320.5,321.7,319.05,319.65,352292,452890,,320.05,319.45,AU
75,AU1912,2019-07-25,320.2,321.15,319.2,320.3,281702,453178,,320.0,320.05,AU
75,AU1912,2019-07-26,320.05,320.3,317.05,319.1,399032,449482,,318.55,320.0,AU
75,AU1912,2019-07-29,319.2,320.6,318.75,319.6,331518,449182,,319.7,318.55,AU
75,AU1912,2019-07-30,319.75,321.1,318.75,320.85,230910,459236,,320.1,319.7,AU
75,AU1912,2019-07-31,321.05,322.5,320.55,322.25,265788,467768,,321.5,320.1,AU
75,AU1912,2019-08-01,322.0,322.25,316.25,316.6,533458,434012,,319.5,321.5,AU
75,AU1912,2019-08-02,316.95,326.6,315.6,324.25,682648,448220,,321.2,319.5,AU
75,AU1912,2019-08-05,324.45,334.0,323.4,334.0,798694,506224,,329.2,321.2,AU
75,AU1912,2019-08-06,336.9,339.95,334.35,335.55,816194,472302,,337.05,329.2,AU
75,AU1912,2019-08-07,336.0,343.3,335.55,341.8,791646,529980,,339.7,337.05,AU
75,AU1912,2019-08-08,344.6,349.5,342.7,344.35,1077880,520458,,346.25,339.7,AU
75,AU1912,2019-08-09,343.4,347.75,342.65,345.9,589716,527784,,345.35,346.25,AU
75,AU1912,2019-08-12,345.6,347.95,343.95,344.25,585598,529336,,346.05,345.35,AU
75,AU1912,2019-08-13,346.65,352.9,346.1,352.3,706168,577742,,349.45,346.05,AU
75,AU1912,2019-08-14,351.55,352.0,340.05,342.95,1244366,515656,,344.9,349.45,AU
75,AU1912,2019-08-15,347.0,350.3,345.45,347.4,1055546,526904,,347.9,344.9,AU
75,AU1912,2019-08-16,346.9,350.9,346.7,347.75,779522,518900,,348.55,347.9,AU
75,AU1912,2019-08-19,346.6,348.1,344.85,346.4,722720,521644,,346.55,348.55,AU
75,AU1912,2019-08-20,344.5,345.85,344.05,344.75,387210,520844,,344.9,346.55,AU
75,AU1912,2019-08-21,346.3,347.25,345.2,345.35,395370,518140,,346.25,344.9,AU
75,AU1912,2019-08-22,346.1,347.0,345.55,346.45,304902,522958,,346.25,346.25,AU
75,AU1912,2019-08-23,345.6,347.45,345.4,346.25,344700,531402,,346.35,346.25,AU
75,AU1912,2019-08-26,347.5,360.2,347.5,358.25,1147984,539744,,354.1,346.35,AU
75,AU1912,2019-08-27,355.7,359.25,355.4,358.7,631176,570862,,357.6,354.1,AU
75,AU1912,2019-08-28,357.7,362.15,357.4,358.85,915220,538322,,359.6,357.6,AU
75,AU1912,2019-08-29,360.0,363.4,358.35,362.8,673124,609586,,360.55,359.6,AU
75,AU1912,2019-08-30,359.75,361.35,354.5,356.7,832864,584212,,357.95,360.55,AU
75,AU1912,2019-09-02,357.0,357.7,353.75,355.8,700888,539112,,355.8,357.95,AU
75,AU1912,2019-09-03,355.8,359.05,355.75,357.45,392124,541180,,357.2,355.8,AU
75,AU1912,2019-09-04,358.65,363.85,358.25,359.0,1084804,566860,,361.15,357.2,AU
75,AU1912,2019-09-05,359.45,362.9,359.05,360.9,736108,580826,,360.45,361.15,AU
75,AU1912,2019-09-06,358.1,359.15,348.55,349.2,1155934,533758,,353.7,360.45,AU
75,AU1912,2019-09-09,351.1,354.85,347.0,350.6,1061678,537166,,351.4,353.7,AU
75,AU1912,2019-09-10,351.4,351.9,343.45,344.85,776900,520694,,346.95,351.4,AU
75,AU1912,2019-09-11,345.5,347.85,344.3,345.95,632320,514720,,346.05,346.95,AU
75,AU1912,2019-09-12,345.85,346.65,344.0,346.15,471986,498864,,345.2,346.05,AU
75,AU1912,2019-09-16,346.2,347.65,345.4,346.25,226262,501570,,346.4,345.2,AU
74,AU1912,2019-09-17,345.9,346.8,344.05,344.95,387278,501394,,345.45,346.4,AU
74,AU1912,2019-09-18,346.95,347.8,345.65,346.5,392910,502388,,346.85,345.45,AU
74,AU1912,2019-09-19,346.9,348.6,343.3,346.0,506858,509122,,346.25,346.85,AU
74,AU1912,2019-09-20,347.15,347.5,345.7,346.7,282234,508214,,346.6,346.25,AU
74,AU1912,2019-09-23,346.5,352.1,345.85,350.3,462948,509192,,349.25,346.6,AU
74,AU1912,2019-09-24,351.65,353.45,351.25,352.05,402674,512140,,352.3,349.25,AU
74,AU1912,2019-09-25,352.05,355.4,350.35,353.85,583176,513966,,353.1,352.3,AU
74,AU1912,2019-09-26,353.6,354.45,347.5,349.55,584586,497734,,350.95,353.1,AU
74,AU1912,2019-09-27,349.0,350.4,345.6,346.35,423570,479086,,348.55,350.95,AU
74,AU1912,2019-09-30,345.75,348.3,342.85,345.05,493700,463288,,345.25,348.55,AU
74,AU1912,2019-10-08,343.9,345.8,343.8,344.5,130064,465598,,344.6,345.25,AU
74,AU1912,2019-10-09,348.1,349.9,347.35,349.5,396842,475860,,348.85,344.6,AU
74,AU1912,2019-10-10,348.45,350.0,346.6,347.7,374118,470308,,348.35,348.85,AU
74,AU1912,2019-10-11,347.3,347.7,343.45,345.85,400130,475936,,345.1,348.35,AU
74,AU1912,2019-10-14,341.85,342.85,338.55,340.7,613868,469720,,340.7,345.1,AU
74,AU1912,2019-10-15,341.75,343.1,341.0,341.65,279672,471926,,341.85,340.7,AU
73,AU1912,2019-10-16,342.1,342.5,338.9,340.2,376596,473484,,340.45,341.85,AU
73,AU1912,2019-10-17,342.45,343.15,340.85,342.7,300068,477778,,341.95,340.45,AU
73,AU1912,2019-10-18,341.6,343.1,341.35,342.0,297062,467908,,342.0,341.95,AU
73,AU1912,2019-10-21,341.85,342.4,340.7,341.75,277642,459112,,341.65,342.0,AU
73,AU1912,2019-10-22,341.7,342.55,339.4,340.45,291530,454612,,340.85,341.65,AU
73,AU1912,2019-10-23,340.75,342.0,339.75,341.95,234268,444474,,340.9,340.85,AU
73,AU1912,2019-10-24,341.75,342.35,341.1,341.5,206760,436136,,341.65,340.9,AU
73,AU1912,2019-10-25,341.65,345.0,341.45,344.65,417910,441630,,343.75,341.65,AU
73,AU1912,2019-10-28,346.65,347.75,342.9,344.6,403356,430334,,345.1,343.75,AU
73,AU1912,2019-10-29,342.9,343.45,340.65,340.9,347034,398052,,341.65,345.1,AU
73,AU1912,2019-10-30,340.85,341.5,339.2,340.55,342796,361044,,340.45,341.65,AU
73,AU1912,2019-10-31,340.95,341.85,340.05,341.1,317778,311040,,341.2,340.45,AU
73,AU1912,2019-11-01,343.4,344.85,343.0,344.05,330950,264376,,344.0,341.2,AU
73,AU1912,2019-11-04,343.35,345.3,343.1,343.7,265216,229250,,343.85,344.0,AU
73,AU1912,2019-11-05,344.25,344.45,341.0,341.4,204130,214128,,342.8,343.85,AU
73,AU1912,2019-11-06,339.75,339.9,335.3,336.55,389228,186948,,337.15,342.8,AU
73,AU1912,2019-11-07,336.5,338.9,336.05,338.35,213364,171208,,337.4,337.15,AU
73,AU1912,2019-11-08,335.0,335.95,328.85,332.1,387596,154008,,332.4,337.4,AU
73,AU1912,2019-11-11,329.65,332.45,329.2,331.5,259932,145636,,330.7,332.4,AU
73,AU1912,2019-11-12,331.65,331.75,327.6,328.3,236804,133752,,329.6,330.7,AU
73,AU1912,2019-11-13,329.25,332.15,327.8,331.85,220224,125850,,329.95,329.6,AU
73,AU1912,2019-11-14,332.4,333.05,331.35,332.7,185748,111776,,332.25,329.95,AU
73,AU1912,2019-11-15,333.65,334.7,331.55,331.9,166476,98492,,332.9,332.25,AU
72,AU1912,2019-11-18,331.8,332.75,331.65,332.05,103654,88588,,332.15,332.9,AU
74,AU2002,2019-11-19,332.05,335.95,331.8,335.4,164062,138050,,334.9,333.5,AU
74,AU2002,2019-11-20,334.85,336.85,333.9,336.5,206724,139028,,335.5,334.9,AU
74,AU2002,2019-11-21,336.2,337.35,334.6,336.0,216710,142166,,336.0,335.5,AU
74,AU2002,2019-11-22,335.5,335.85,333.65,334.95,219186,143984,,334.75,336.0,AU
74,AU2002,2019-11-25,335.7,336.05,332.45,332.65,224144,144756,,334.45,334.75,AU
74,AU2002,2019-11-26,332.55,333.2,330.65,332.35,206198,143494,,332.1,334.45,AU
74,AU2002,2019-11-27,332.35,333.7,331.15,333.15,226340,140686,,332.6,332.1,AU
74,AU2002,2019-11-28,332.8,332.85,331.45,332.05,184922,135268,,332.15,332.6,AU
74,AU2002,2019-11-29,332.35,333.5,332.2,333.1,80236,137122,,332.8,332.15,AU
74,AU2002,2019-12-02,332.5,335.55,331.85,333.5,180376,136450,,333.45,332.8,AU
74,AU2002,2019-12-03,333.2,335.0,333.2,334.2,268800,138620,,334.3,333.45,AU
74,AU2002,2019-12-04,337.15,340.75,336.85,340.4,401684,153300,,339.15,334.3,AU
74,AU2002,2019-12-05,338.9,339.9,337.25,338.75,273464,143118,,338.25,339.15,AU
74,AU2002,2019-12-06,337.85,339.0,336.15,336.4,241042,129568,,337.75,338.25,AU
74,AU2002,2019-12-09,336.85,337.75,332.95,333.6,294828,118028,,334.35,337.75,AU
74,AU2002,2019-12-10,334.36,334.54,333.38,333.9,102434,116912,,333.9,334.35,AU
74,AU2002,2019-12-11,335.0,335.06,333.66,334.12,144942,111898,,334.42,333.9,AU
74,AU2002,2019-12-12,334.86,336.46,334.44,336.02,131188,105530,,335.46,334.42,AU
74,AU2002,2019-12-13,336.72,339.32,330.44,331.76,352310,103492,,334.26,335.46,AU
74,AU2002,2019-12-16,333.14,336.18,330.92,335.32,305166,96184,,333.82,334.26,AU
73,AU2002,2019-12-17,335.46,335.94,334.3,335.14,110102,93540,,335.08,333.82,AU
73,AU2002,2019-12-18,335.5,335.76,334.48,335.6,99762,94646,,335.08,335.08,AU
73,AU2002,2019-12-19,335.22,335.78,333.9,335.18,131902,92652,,334.86,335.08,AU
73,AU2002,2019-12-20,334.84,336.26,334.8,336.08,106442,92534,,335.48,334.86,AU
73,AU2002,2019-12-23,335.88,337.88,334.9,337.18,139204,95676,,336.1,335.48,AU
73,AU2002,2019-12-24,336.82,339.08,336.58,338.68,112772,95740,,337.76,336.1,AU
73,AU2002,2019-12-25,338.52,341.28,338.52,340.62,109160,93240,,339.96,337.76,AU
76,AU2006,2019-12-26,343.6,347.5,342.62,344.12,72472,219286,,343.78,343.06,AU
76,AU2006,2019-12-27,345.04,346.74,344.54,345.3,198500,225266,,345.52,343.78,AU
76,AU2006,2019-12-30,345.92,346.56,345.12,345.46,128800,228544,,345.76,345.52,AU
76,AU2006,2019-12-31,345.4,347.94,344.7,347.48,197576,255444,,346.54,345.76,AU
76,AU2006,2020-01-02,346.0,346.58,345.44,346.24,41087,129725,,346.14,346.54,AU
76,AU2006,2020-01-03,346.82,351.96,346.58,351.16,144392,140774,,349.02,346.14,AU
76,AU2006,2020-01-06,352.3,359.82,350.72,358.34,185964,142492,,354.96,349.02,AU
76,AU2006,2020-01-07,358.58,358.92,353.22,354.94,200630,145032,,356.0,354.96,AU
76,AU2006,2020-01-08,354.6,364.44,354.52,360.68,253483,157344,,359.36,356.0,AU
76,AU2006,2020-01-09,356.66,357.32,346.82,348.04,291906,157456,,353.26,359.36,AU
76,AU2006,2020-01-10,350.7,350.86,348.56,349.3,144194,161353,,349.72,353.26,AU
76,AU2006,2020-01-13,349.48,351.48,348.4,349.42,173686,164665,,349.94,349.72,AU
76,AU2006,2020-01-14,348.9,349.16,342.9,344.7,144966,171034,,345.98,349.94,AU
76,AU2006,2020-01-15,345.7,348.68,345.16,347.54,123625,176471,,346.86,345.98,AU
75,AU2006,2020-01-16,347.68,349.28,346.82,347.96,127605,176618,,348.06,346.86,AU
75,AU2006,2020-01-17,348.5,348.5,346.32,347.78,108652,176869,,347.32,348.06,AU
75,AU2006,2020-01-20,347.98,348.54,346.94,347.94,96285,180264,,347.8,347.32,AU
75,AU2006,2020-01-21,348.52,351.82,347.92,351.34,86646,186852,,350.28,347.8,AU
75,AU2006,2020-01-22,349.48,349.8,346.66,348.32,132216,182735,,348.48,350.28,AU
75,AU2006,2020-01-23,348.88,351.24,348.66,350.72,81197,185593,,349.94,348.48,AU
75,AU2006,2020-02-03,359.18,360.5,357.2,359.3,78891,185923,,359.2,349.94,AU
75,AU2006,2020-02-04,359.18,359.44,356.06,356.2,74093,188931,,357.4,359.2,AU
75,AU2006,2020-02-05,352.36,354.96,352.14,354.22,61136,188841,,353.6,357.4,AU
75,AU2006,2020-02-06,352.3,352.78,350.52,352.4,61641,188677,,352.04,353.6,AU
75,AU2006,2020-02-07,355.28,355.62,353.72,354.3,48697,188266,,354.88,352.04,AU
75,AU2006,2020-02-10,357.36,357.62,355.36,355.56,50977,187697,,356.42,354.88,AU
75,AU2006,2020-02-11,355.76,355.88,354.42,354.6,42388,187871,,355.0,356.42,AU
75,AU2006,2020-02-12,354.64,354.64,353.08,354.0,43088,185980,,353.8,355.0,AU
75,AU2006,2020-02-13,355.6,356.96,355.0,356.52,54165,188138,,355.98,353.8,AU
75,AU2006,2020-02-14,357.22,357.5,356.1,356.78,47751,190061,,356.84,355.98,AU
75,AU2006,2020-02-17,358.04,358.76,357.66,357.9,50160,192337,,358.1,356.84,AU
75,AU2006,2020-02-18,359.46,359.96,359.0,359.68,54774,197001,,359.44,358.1,AU
75,AU2006,2020-02-19,363.06,364.58,363.0,364.06,77534,200460,,363.9,359.44,AU
75,AU2006,2020-02-20,365.16,366.92,364.28,365.06,85991,201066,,365.56,363.9,AU
75,AU2006,2020-02-21,368.96,372.3,368.78,371.9,103882,207305,,370.54,365.56,AU
75,AU2006,2020-02-24,379.12,380.78,377.76,379.7,129984,206012,,379.08,370.54,AU
75,AU2006,2020-02-25,374.64,377.16,370.3,371.74,173863,195593,,374.24,379.08,AU
75,AU2006,2020-02-26,373.18,374.78,371.96,374.26,116955,196977,,373.66,374.24,AU
75,AU2006,2020-02-27,373.88,375.68,373.62,374.3,101033,195757,,374.7,373.66,AU
75,AU2006,2020-02-28,373.34,373.96,355.96,369.98,183765,192303,,371.0,374.7,AU
75,AU2006,2020-03-02,360.0,362.88,358.48,361.24,175575,185701,,360.94,371.0,AU
75,AU2006,2020-03-03,358.72,361.0,358.5,360.26,91148,188288,,360.3,360.94,AU
75,AU2006,2020-03-04,369.5,371.0,367.78,368.54,118360,185782,,368.8,360.3,AU
75,AU2006,2020-03-05,366.92,368.8,366.88,368.62,55414,186879,,367.68,368.8,AU
75,AU2006,2020-03-06,375.38,377.96,374.66,376.08,134667,189357,,375.84,367.68,AU
75,AU2006,2020-03-09,381.1,381.12,370.64,373.42,237196,187556,,376.08,375.84,AU
75,AU2006,2020-03-10,371.66,373.26,366.74,368.64,150891,188592,,370.42,376.08,AU
75,AU2006,2020-03-11,368.98,371.56,368.9,371.22,99485,186852,,370.24,370.42,AU
75,AU2006,2020-03-12,368.0,369.96,365.6,367.26,156119,185959,,367.36,370.24,AU
75,AU2006,2020-03-13,355.0,357.96,349.1,356.4,238963,180870,,353.9,367.36,AU
75,AU2006,2020-03-16,348.5,349.3,342.92,347.18,193447,180029,,346.44,353.9,AU
74,AU2006,2020-03-17,341.0,341.0,330.12,330.88,240329,177085,,334.12,346.44,AU
74,AU2006,2020-03-18,342.0,344.78,336.6,339.08,193627,174965,,341.04,334.12,AU
74,AU2006,2020-03-19,335.58,337.42,330.74,336.62,179984,172272,,334.42,341.04,AU
74,AU2006,2020-03-20,335.82,341.62,335.56,339.78,165573,171370,,337.82,334.42,AU
74,AU2006,2020-03-23,340.0,341.0,336.96,339.62,121073,171605,,339.16,337.82,AU
74,AU2006,2020-03-24,359.5,359.5,354.7,358.46,161343,173582,,357.7,339.16,AU
74,AU2006,2020-03-25,376.0,376.2,363.0,364.4,157599,171798,,366.28,357.7,AU
74,AU2006,2020-03-26,363.0,364.94,361.88,363.34,96202,172741,,363.5,366.28,AU
74,AU2006,2020-03-27,365.08,368.48,364.8,367.58,97213,173934,,367.02,363.5,AU
74,AU2006,2020-03-30,367.88,368.0,363.12,364.7,106739,172851,,365.4,367.02,AU
74,AU2006,2020-03-31,363.9,365.28,363.4,364.9,58917,167955,,364.66,365.4,AU
74,AU2006,2020-04-01,357.0,359.76,355.8,358.62,79674,166727,,357.68,364.66,AU
74,AU2006,2020-04-02,358.64,360.96,357.86,360.7,66157,166956,,359.22,357.68,AU
74,AU2006,2020-04-03,364.0,365.18,362.7,363.48,57865,164213,,363.92,359.22,AU
74,AU2006,2020-04-07,376.98,378.0,373.26,373.88,99615,167278,,374.62,363.92,AU
74,AU2006,2020-04-08,367.9,371.54,367.0,370.2,61625,166048,,370.34,374.62,AU
74,AU2006,2020-04-09,370.5,371.66,370.0,371.46,42627,168552,,370.72,370.34,AU
74,AU2006,2020-04-10,376.44,376.48,372.88,373.74,44336,168261,,374.22,370.72,AU
74,AU2006,2020-04-13,374.94,375.22,371.8,373.26,75011,167514,,372.92,374.22,AU
74,AU2006,2020-04-14,375.28,380.0,374.38,377.6,122938,174120,,377.42,372.92,AU
74,AU2006,2020-04-15,377.16,379.34,376.06,376.32,85028,170494,,377.9,377.42,AU
73,AU2006,2020-04-16,376.52,380.42,374.16,379.38,88382,173337,,377.48,377.9,AU
73,AU2006,2020-04-17,376.52,377.7,369.08,372.18,136448,165229,,373.16,377.48,AU
73,AU2006,2020-04-20,367.2,371.6,366.2,370.8,93426,161395,,369.76,373.16,AU
73,AU2006,2020-04-21,372.5,374.66,372.12,374.42,76518,158271,,373.4,369.76,AU
73,AU2006,2020-04-22,373.0,374.96,371.82,373.18,82597,154546,,373.62,373.4,AU
73,AU2006,2020-04-23,378.52,381.46,377.72,379.8,103203,151296,,379.8,373.62,AU
73,AU2006,2020-04-24,379.96,383.24,379.3,382.78,88675,148130,,381.1,379.8,AU
73,AU2006,2020-04-27,381.0,382.3,379.7,380.14,83253,130958,,381.02,381.1,AU
73,AU2006,2020-04-28,379.0,379.06,375.06,377.1,86653,121441,,376.84,381.02,AU
73,AU2006,2020-04-29,377.38,379.58,377.38,378.74,59792,114033,,378.82,376.84,AU
73,AU2006,2020-04-30,379.8,380.82,377.84,380.28,61419,105651,,379.12,378.82,AU
73,AU2006,2020-05-06,377.54,380.8,377.52,380.08,61232,96296,,379.98,379.12,AU
73,AU2006,2020-05-07,379.16,379.44,377.52,378.18,122800,83275,,378.48,379.98,AU
73,AU2006,2020-05-08,379.48,384.32,378.96,383.38,140961,74557,,381.9,378.48,AU
73,AU2006,2020-05-11,381.8,383.28,380.06,381.74,128624,61577,,381.8,381.9,AU
73,AU2006,2020-05-12,382.5,382.5,379.56,380.88,85711,54888,,380.82,381.8,AU
73,AU2006,2020-05-13,380.66,382.8,380.34,381.86,78816,50249,,381.52,380.82,AU
73,AU2006,2020-05-14,382.82,385.2,381.6,384.46,109731,44299,,383.4,381.52,AU
77,AU2012,2020-05-15,386.78,392.68,385.62,391.9,144850,162421,,389.78,385.28,AU
76,AU2012,2020-05-18,394.22,402.3,391.88,401.16,202819,176492,,397.4,389.78,AU
76,AU2012,2020-05-19,398.0,398.76,392.94,394.5,213814,176053,,395.44,397.4,AU
76,AU2012,2020-05-20,395.1,399.8,395.1,398.72,152314,184790,,397.62,395.44,AU
76,AU2012,2020-05-21,397.4,399.32,394.42,395.06,153227,183242,,396.94,397.62,AU
76,AU2012,2020-05-22,395.28,395.5,390.08,394.38,203925,183929,,392.72,396.94,AU
76,AU2012,2020-05-25,395.3,395.88,392.54,393.54,144174,188740,,394.1,392.72,AU
76,AU2012,2020-05-26,394.0,396.76,392.82,395.34,123499,191998,,394.9,394.1,AU
76,AU2012,2020-05-27,394.4,394.98,390.44,391.2,182530,191330,,392.2,394.9,AU
76,AU2012,2020-05-28,389.48,395.18,387.4,394.18,214096,196283,,391.22,392.2,AU
76,AU2012,2020-05-29,394.5,395.56,391.72,394.42,165185,199847,,394.08,391.22,AU
76,AU2012,2020-06-01,396.32,399.06,395.52,398.0,185111,209162,,397.16,394.08,AU
76,AU2012,2020-06-02,396.86,398.22,395.6,396.96,138863,209108,,397.06,397.16,AU
76,AU2012,2020-06-03,397.02,398.0,392.0,393.04,197672,207622,,394.86,397.06,AU
76,AU2012,2020-06-04,389.5,391.44,387.54,389.74,211254,205972,,389.54,394.86,AU
76,AU2012,2020-06-05,392.86,393.3,389.5,390.18,181803,206555,,391.52,389.54,AU
76,AU2012,2020-06-08,385.0,386.96,382.28,386.28,204656,205333,,384.32,391.52,AU
76,AU2012,2020-06-09,385.3,387.66,384.34,386.3,140352,208235,,385.84,384.32,AU
76,AU2012,2020-06-10,390.4,390.92,389.66,390.4,121743,210286,,390.34,385.84,AU
76,AU2012,2020-06-11,391.2,393.88,388.26,393.7,174613,214450,,391.58,390.34,AU
76,AU2012,2020-06-12,393.2,395.7,392.0,393.62,189929,215262,,393.78,391.58,AU
76,AU2012,2020-06-15,394.78,395.5,391.5,392.54,171433,217195,,393.86,393.78,AU
76,AU2012,2020-06-16,388.6,393.58,388.18,392.4,169341,216999,,391.12,393.86,AU
76,AU2012,2020-06-17,392.52,393.46,390.54,392.86,167628,217927,,392.24,391.12,AU
76,AU2012,2020-06-18,391.5,393.12,391.32,392.18,109230,214968,,392.28,392.24,AU
76,AU2012,2020-06-19,391.7,393.64,390.96,392.94,117755,216399,,392.26,392.28,AU
76,AU2012,2020-06-22,393.98,399.2,393.26,397.5,187422,224636,,396.32,392.26,AU
76,AU2012,2020-06-23,398.6,398.66,396.0,396.96,175086,226296,,397.46,396.32,AU
76,AU2012,2020-06-24,398.14,400.74,397.76,400.06,173695,234279,,399.34,397.46,AU
76,AU2012,2020-06-29,400.96,402.0,399.48,400.14,63418,232622,,400.32,399.34,AU
76,AU2012,2020-06-30,399.4,400.86,399.36,400.72,99003,236254,,400.24,400.32,AU
76,AU2012,2020-07-01,399.94,403.54,399.72,403.1,161601,241080,,402.06,400.24,AU
76,AU2012,2020-07-02,401.74,401.96,397.78,399.06,213881,227620,,399.42,402.06,AU
76,AU2012,2020-07-03,397.8,401.3,397.08,400.54,142143,225974,,400.0,399.42,AU
76,AU2012,2020-07-06,400.78,400.98,398.8,399.66,79327,223795,,399.96,400.0,AU
76,AU2012,2020-07-07,401.0,401.28,399.7,400.32,93432,223484,,400.4,399.96,AU
76,AU2012,2020-07-08,399.04,402.92,399.02,402.36,133731,233558,,401.9,400.4,AU
76,AU2012,2020-07-09,404.1,406.3,403.8,404.94,156716,238744,,405.12,401.9,AU
76,AU2012,2020-07-10,404.5,405.06,401.1,401.88,168807,228827,,402.96,405.12,AU
76,AU2012,2020-07-13,403.9,404.24,401.5,403.74,132904,229806,,403.06,402.96,AU
76,AU2012,2020-07-14,404.0,405.16,401.52,403.02,126903,226681,,403.36,403.06,AU
76,AU2012,2020-07-15,403.34,404.96,402.02,403.62,131170,228244,,403.76,403.36,AU
75,AU2012,2020-07-16,403.16,404.18,401.6,402.12,134444,224511,,402.92,403.76,AU
75,AU2012,2020-07-17,401.7,402.52,398.16,399.76,125658,222814,,400.5,402.92,AU
75,AU2012,2020-07-20,401.02,401.84,400.08,401.78,97008,220660,,401.08,400.5,AU
75,AU2012,2020-07-21,402.98,405.04,402.14,404.54,117223,228159,,403.2,401.08,AU
75,AU2012,2020-07-22,407.6,418.8,406.38,414.22,287998,231944,,411.94,403.2,AU
75,AU2012,2020-07-23,412.94,417.0,410.02,416.52,248556,233840,,413.96,411.94,AU
75,AU2012,2020-07-24,416.04,421.4,415.36,420.4,258059,234955,,418.82,413.96,AU
75,AU2012,2020-07-27,422.4,435.0,422.1,430.06,331972,236648,,427.42,418.82,AU
75,AU2012,2020-07-28,429.76,440.08,426.5,429.94,460734,223580,,432.68,427.42,AU
75,AU2012,2020-07-29,428.78,432.8,425.76,431.38,283360,221195,,429.98,432.68,AU
75,AU2012,2020-07-30,432.0,432.92,426.52,428.94,238891,217702,,430.6,429.98,AU
75,AU2012,2020-07-31,427.0,433.52,424.84,432.86,287925,228802,,428.66,430.6,AU
75,AU2012,2020-08-03,432.66,433.18,429.1,431.4,204419,226018,,431.3,428.66,AU
75,AU2012,2020-08-04,430.62,433.36,430.08,431.96,142798,229636,,431.68,431.3,AU
75,AU2012,2020-08-05,431.96,445.2,431.9,444.06,381406,248730,,438.94,431.68,AU
75,AU2012,2020-08-06,444.02,448.24,441.0,447.56,305325,244033,,445.62,438.94,AU
75,AU2012,2020-08-07,448.1,454.08,447.94,449.72,320402,245899,,450.46,445.62,AU
75,AU2012,2020-08-10,450.9,451.4,442.5,446.38,290951,241486,,446.42,450.46,AU
75,AU2012,2020-08-11,446.88,449.44,434.38,436.94,311559,242150,,443.8,446.42,AU
75,AU2012,2020-08-12,427.02,427.54,417.16,417.16,277064,237687,,421.88,443.8,AU
75,AU2012,2020-08-13,418.26,419.7,415.02,416.74,285203,236510,,417.54,421.88,AU
75,AU2012,2020-08-14,416.94,428.96,416.62,420.3,368224,240748,,422.98,417.54,AU
75,AU2012,2020-08-17,421.7,425.8,419.18,424.44,288643,242365,,422.62,422.98,AU
75,AU2012,2020-08-18,425.66,434.92,425.66,433.94,348375,247333,,430.96,422.62,AU
75,AU2012,2020-08-19,436.44,437.06,425.68,429.16,403441,246282,,431.76,430.96,AU
75,AU2012,2020-08-20,430.66,431.1,416.08,418.28,433563,241803,,423.34,431.76,AU
75,AU2012,2020-08-21,417.0,420.88,414.8,419.48,309753,240658,,417.86,423.34,AU
75,AU2012,2020-08-24,416.3,417.56,412.18,415.54,326923,238222,,415.2,417.86,AU
75,AU2012,2020-08-25,419.0,423.5,415.1,416.5,231252,235241,,417.1,415.2,AU
75,AU2012,2020-08-26,415.76,417.36,414.6,415.66,205680,233911,,415.8,417.1,AU
75,AU2012,2020-08-27,414.34,422.08,414.1,420.54,320475,232731,,419.42,415.8,AU
75,AU2012,2020-08-28,420.28,426.46,414.6,420.4,430007,229601,,419.58,419.42,AU
75,AU2012,2020-08-31,421.88,425.0,421.04,422.68,274835,231884,,422.94,419.58,AU
75,AU2012,2020-09-01,422.92,427.82,422.42,426.98,251530,232650,,425.06,422.94,AU
75,AU2012,2020-09-02,427.42,428.04,421.9,422.6,263522,228664,,424.68,425.06,AU
75,AU2012,2020-09-03,423.08,423.16,414.44,415.3,317316,224712,,418.58,424.68,AU
75,AU2012,2020-09-04,416.0,418.84,413.58,416.54,326578,218995,,416.54,418.58,AU
75,AU2012,2020-09-07,415.0,418.5,413.44,416.36,289410,215479,,415.84,416.54,AU
75,AU2012,2020-09-08,415.84,417.44,414.5,416.56,155836,214738,,415.98,415.84,AU
75,AU2012,2020-09-09,413.88,419.5,411.0,416.5,337511,212770,,415.44,415.98,AU
75,AU2012,2020-09-10,417.74,420.48,417.4,419.46,221436,215314,,419.32,415.44,AU
75,AU2012,2020-09-11,421.76,422.9,416.58,418.34,253280,211960,,420.36,419.32,AU
75,AU2012,2020-09-14,418.46,420.34,417.4,418.44,163104,211046,,418.92,420.36,AU
75,AU2012,2020-09-15,419.98,420.88,418.7,419.8,171699,208614,,419.96,418.92,AU
74,AU2012,2020-09-16,420.0,420.44,416.6,418.64,180576,209430,,418.0,419.96,AU
74,AU2012,2020-09-17,419.0,420.1,414.16,415.62,234764,213564,,417.22,418.0,AU
74,AU2012,2020-09-18,415.44,417.28,412.8,416.92,182221,210258,,415.16,417.22,AU
74,AU2012,2020-09-21,416.6,419.58,415.64,417.04,164172,209385,,417.4,415.16,AU
74,AU2012,2020-09-22,413.46,414.46,393.26,407.58,475584,211942,,407.74,417.4,AU
74,AU2012,2020-09-23,408.4,409.58,399.58,400.9,317889,210028,,405.84,407.74,AU
74,AU2012,2020-09-24,401.44,403.9,395.18,396.58,314778,209781,,399.58,405.84,AU
74,AU2012,2020-09-25,397.48,401.48,396.34,401.06,243866,206242,,398.88,399.58,AU
74,AU2012,2020-09-28,399.22,402.0,398.18,400.14,184483,203539,,399.78,398.88,AU
74,AU2012,2020-09-29,401.46,406.06,401.32,405.9,175770,200956,,403.96,399.78,AU
74,AU2012,2020-09-30,406.1,408.0,405.16,406.1,137965,197342,,406.6,403.96,AU
74,AU2012,2020-10-09,404.4,407.0,404.02,405.36,71362,196479,,405.5,406.6,AU
74,AU2012,2020-10-12,407.38,411.6,406.94,410.02,175001,198166,,409.32,405.5,AU
74,AU2012,2020-10-13,410.86,411.24,407.84,408.54,141066,195939,,409.72,409.32,AU
74,AU2012,2020-10-14,407.28,407.28,400.64,404.04,193310,188656,,403.08,409.72,AU
74,AU2012,2020-10-15,405.98,406.66,401.5,403.62,146674,187346,,404.06,403.08,AU
73,AU2012,2020-10-16,402.6,406.22,402.26,404.98,151010,186375,,404.24,404.06,AU
73,AU2012,2020-10-19,404.22,405.66,402.02,404.9,155500,183367,,403.88,404.24,AU
73,AU2012,2020-10-20,405.1,405.36,401.86,403.58,136216,184294,,403.56,403.88,AU
73,AU2012,2020-10-21,403.9,406.28,402.62,404.66,151406,179446,,404.66,403.56,AU
73,AU2012,2020-10-22,406.4,407.44,403.58,404.86,153265,175557,,405.6,404.66,AU
73,AU2012,2020-10-23,403.88,404.36,401.3,403.58,145253,173923,,402.8,405.6,AU
73,AU2012,2020-10-26,403.58,404.1,400.28,401.56,167714,169399,,402.02,402.8,AU
73,AU2012,2020-10-27,402.86,405.5,402.84,405.3,151696,162159,,404.5,402.02,AU
73,AU2012,2020-10-28,404.8,406.52,404.36,405.36,120494,158003,,405.44,404.5,AU
73,AU2012,2020-10-29,401.04,401.3,398.26,399.78,212188,154496,,399.7,405.44,AU
73,AU2012,2020-10-30,396.88,399.5,394.92,397.1,198494,148505,,397.4,399.7,AU
73,AU2012,2020-11-02,399.88,401.12,397.78,400.68,151267,139201,,399.64,397.4,AU
73,AU2012,2020-11-03,401.2,402.96,400.56,402.6,109941,133519,,401.78,399.64,AU
73,AU2012,2020-11-04,403.6,405.88,402.98,404.28,165806,131109,,404.44,401.78,AU
73,AU2012,2020-11-05,404.16,404.7,399.22,404.22,146502,129696,,402.68,404.44,AU
73,AU2012,2020-11-06,406.04,410.68,405.52,408.3,188202,127093,,407.94,402.68,AU
73,AU2012,2020-11-09,409.0,410.96,406.98,407.42,165871,120788,,409.22,407.94,AU
73,AU2012,2020-11-10,399.6,399.8,391.5,396.54,258061,113069,,394.52,409.22,AU
73,AU2012,2020-11-11,395.18,396.2,394.2,395.64,105185,108968,,395.22,394.52,AU
73,AU2012,2020-11-12,394.64,395.62,392.0,394.98,133699,101791,,393.98,395.22,AU
73,AU2012,2020-11-13,395.06,397.0,394.6,396.88,102837,95747,,396.24,393.98,AU
73,AU2012,2020-11-16,397.5,399.76,396.22,396.64,105185,89414,,398.2,396.24,AU
72,AU2012,2020-11-17,394.7,398.26,393.72,396.18,104315,81027,,396.26,398.2,AU
72,AU2012,2020-11-18,396.04,397.26,392.72,393.64,87655,76287,,395.06,396.26,AU
81,AU2012,2020-11-19,392.04,395.36,390.4,392.0,96342,70384,,393.08,395.06,AU
81,AU2012,2020-11-20,392.0,392.7,390.26,392.18,92438,60399,,391.74,393.08,AU
81,AU2012,2020-11-23,392.18,394.18,391.6,392.8,80667,51812,,392.72,391.74,AU
81,AU2012,2020-11-24,392.08,392.12,382.02,383.32,141810,43794,,386.48,392.72,AU
81,AU2012,2020-11-25,380.04,380.74,378.0,379.24,94687,33091,,379.44,386.48,AU
83,AU2102,2020-11-26,382.16,382.48,379.4,381.22,69791,61668,,381.08,381.0,AU
83,AU2102,2020-11-27,381.24,381.9,379.76,381.14,87027,64699,,380.8,381.08,AU
83,AU2102,2020-11-30,380.28,380.78,368.28,371.34,197649,69429,,373.48,380.8,AU
83,AU2102,2020-12-01,369.78,375.08,369.46,374.2,123297,67056,,372.28,373.48,AU
83,AU2102,2020-12-02,378.2,380.36,377.46,379.64,137644,63111,,378.92,372.28,AU
83,AU2102,2020-12-03,380.88,384.28,379.2,383.7,127570,61338,,381.9,378.92,AU
83,AU2102,2020-12-04,384.7,385.44,380.78,384.46,121286,59118,,383.36,381.9,AU
83,AU2102,2020-12-07,384.0,384.94,381.36,383.38,134348,60892,,383.18,383.36,AU
83,AU2102,2020-12-08,382.22,390.18,381.8,389.18,146198,64088,,387.16,383.18,AU
83,AU2102,2020-12-09,388.78,390.82,386.16,387.0,117553,61423,,388.74,387.16,AU
83,AU2102,2020-12-10,386.72,388.08,382.38,383.26,128810,62306,,384.84,388.74,AU
83,AU2102,2020-12-11,383.22,386.66,382.2,382.78,118041,60998,,384.14,384.84,AU
83,AU2102,2020-12-14,383.26,386.14,382.06,382.82,117407,51002,,384.1,384.14,AU
83,AU2102,2020-12-15,381.0,385.94,380.46,385.66,118340,52312,,382.88,384.1,AU
83,AU2102,2020-12-16,386.12,389.06,385.76,388.4,103926,53332,,387.4,382.88,AU
83,AU2102,2020-12-17,387.98,391.22,386.32,390.5,109335,55690,,388.38,387.4,AU
83,AU2102,2020-12-18,392.94,395.48,391.44,393.58,129844,54600,,393.64,388.38,AU
83,AU2102,2020-12-21,393.96,400.8,392.0,398.36,133771,55273,,395.84,393.64,AU
83,AU2102,2020-12-22,394.96,395.58,392.14,392.76,135335,52384,,394.3,395.84,AU
83,AU2102,2020-12-23,393.06,395.14,390.74,391.44,121551,49200,,392.64,394.3,AU
83,AU2102,2020-12-24,390.5,394.32,390.26,393.04,103777,46772,,392.8,392.64,AU
83,AU2102,2020-12-25,393.0,395.24,391.26,395.0,91966,47708,,393.22,392.8,AU
83,AU2102,2020-12-28,395.0,399.2,387.96,395.78,96263,43411,,396.36,393.22,AU
83,AU2102,2020-12-29,394.4,398.44,393.38,393.86,160917,41610,,395.62,396.36,AU
83,AU2102,2020-12-30,394.16,395.28,392.14,393.7,111318,39178,,393.94,395.62,AU
83,AU2102,2020-12-31,393.4,397.68,392.64,394.98,117553,37201,,395.1,393.94,AU
83,AU2102,2021-01-04,398.98,400.8,398.9,400.04,57526,39504,,400.1,395.1,AU
83,AU2102,2021-01-05,401.88,404.6,401.0,402.32,120443,39174,,402.92,400.1,AU
83,AU2102,2021-01-06,404.0,404.96,401.66,402.88,111744,37436,,403.5,402.92,AU
83,AU2102,2021-01-07,400.2,402.6,394.0,399.06,144477,33912,,398.78,403.5,AU
83,AU2102,2021-01-08,398.54,399.0,395.5,396.06,95356,29720,,397.56,398.78,AU
83,AU2102,2021-01-11,392.54,392.84,378.2,385.0,161329,28848,,385.68,397.56,AU
83,AU2102,2021-01-12,384.36,387.74,381.72,387.42,90144,23586,,384.68,385.68,AU
83,AU2102,2021-01-13,387.54,388.68,384.02,387.54,80959,20228,,386.18,384.68,AU
86,AU2106,2021-01-14,388.98,390.34,384.3,386.5,67055,107118,,387.92,388.18,AU
86,AU2106,2021-01-15,386.5,390.18,385.84,387.9,97553,110771,,387.88,387.92,AU
86,AU2106,2021-01-18,387.98,388.78,382.08,386.82,131706,114356,,385.52,387.88,AU
86,AU2106,2021-01-19,387.16,388.56,386.2,387.72,70338,117548,,387.34,385.52,AU
86,AU2106,2021-01-20,386.4,389.52,385.26,388.82,93863,120653,,387.36,387.34,AU
86,AU2106,2021-01-21,387.22,392.96,384.78,392.72,147688,123284,,390.14,387.36,AU
86,AU2106,2021-01-22,391.36,391.94,389.52,390.9,108894,118234,,390.74,390.14,AU
86,AU2106,2021-01-25,388.0,391.8,386.58,389.0,116924,115004,,389.08,390.74,AU
86,AU2106,2021-01-26,391.54,392.58,388.34,390.14,118060,115303,,390.58,389.08,AU
86,AU2106,2021-01-27,390.04,390.5,386.18,387.94,111222,118337,,388.46,390.58,AU
86,AU2106,2021-01-28,386.8,389.6,385.4,386.3,130181,118555,,387.32,388.46,AU
86,AU2106,2021-01-29,386.56,390.82,384.2,388.34,172434,118114,,388.18,387.32,AU
86,AU2106,2021-02-01,390.38,393.42,386.74,392.64,246138,114301,,390.04,388.18,AU
86,AU2106,2021-02-02,393.0,394.18,388.82,389.5,174280,111539,,392.34,390.04,AU
86,AU2106,2021-02-03,387.36,387.36,383.46,385.1,180738,113267,,385.1,392.34,AU
86,AU2106,2021-02-04,384.76,385.76,379.68,382.26,153568,122865,,382.94,385.1,AU
86,AU2106,2021-02-05,381.3,381.5,375.04,377.86,183350,123703,,377.44,382.94,AU
87,AU2106,2021-02-08,378.8,381.56,376.46,381.0,155550,119965,,379.38,377.44,AU
87,AU2106,2021-02-09,382.56,385.84,381.5,385.6,117629,110073,,384.04,379.38,AU
87,AU2106,2021-02-10,385.16,386.44,383.12,385.66,99733,105125,,384.9,384.04,AU
87,AU2106,2021-02-18,374.98,374.98,372.44,374.18,70603,115294,,373.64,384.9,AU
87,AU2106,2021-02-19,374.5,376.46,370.64,372.46,162778,124132,,373.5,373.64,AU
87,AU2106,2021-02-22,372.7,377.82,372.1,376.66,176649,125451,,375.24,373.5,AU
87,AU2106,2021-02-23,377.1,381.88,377.1,380.66,147001,128558,,380.0,375.24,AU
87,AU2106,2021-02-24,380.66,380.92,377.08,379.6,132126,126672,,379.34,380.0,AU
87,AU2106,2021-02-25,378.62,379.12,373.8,375.94,184423,129150,,376.08,379.34,AU
87,AU2106,2021-02-26,374.06,375.18,368.5,369.5,234128,137827,,372.18,376.08,AU
87,AU2106,2021-03-01,369.02,370.84,360.2,367.94,271417,136648,,365.4,372.18,AU
87,AU2106,2021-03-02,365.0,366.34,358.44,361.74,205450,143591,,362.66,365.4,AU
87,AU2106,2021-03-03,364.2,365.0,361.66,363.5,141168,141477,,363.32,362.66,AU
87,AU2106,2021-03-04,362.02,362.14,357.26,360.34,209010,144283,,359.78,363.32,AU
87,AU2106,2021-03-05,360.76,361.84,354.58,356.6,207121,141913,,358.48,359.78,AU
87,AU2106,2021-03-08,357.72,361.98,355.74,360.36,179040,135418,,359.1,358.48,AU
87,AU2106,2021-03-09,358.64,359.5,355.42,359.04,150596,134384,,357.52,359.1,AU
87,AU2106,2021-03-10,360.54,364.86,360.38,362.9,172143,132288,,363.02,357.52,AU
87,AU2106,2021-03-11,362.28,366.96,362.16,365.88,146580,132572,,364.36,363.02,AU
87,AU2106,2021-03-12,366.12,366.3,360.4,360.76,151813,136810,,363.18,364.36,AU
87,AU2106,2021-03-15,360.12,366.16,358.5,363.86,158017,133153,,362.02,363.18,AU
86,AU2106,2021-03-16,365.22,366.22,363.2,364.56,117957,131515,,364.96,362.02,AU
86,AU2106,2021-03-17,365.0,367.56,364.62,366.2,126259,129360,,365.76,364.96,AU
86,AU2106,2021-03-18,365.1,369.96,363.6,369.24,157390,132863,,366.96,365.76,AU
86,AU2106,2021-03-19,365.8,368.68,363.02,367.66,169281,128668,,365.38,366.96,AU
86,AU2106,2021-03-22,367.22,368.36,365.02,365.7,143322,122918,,366.76,365.38,AU
86,AU2106,2021-03-23,365.8,367.5,364.9,366.8,102751,120510,,366.16,366.76,AU
86,AU2106,2021-03-24,367.0,367.36,364.12,366.24,131233,121185,,365.52,366.16,AU
86,AU2106,2021-03-25,366.54,368.72,365.78,367.22,105658,121302,,367.16,365.52,AU
86,AU2106,2021-03-26,366.5,370.6,365.12,366.24,176151,122172,,367.68,367.16,AU
86,AU2106,2021-03-29,365.88,368.4,365.36,366.44,117453,122257,,366.74,367.68,AU
86,AU2106,2021-03-30,366.58,367.22,361.32,361.5,172559,130818,,363.46,366.74,AU
86,AU2106,2021-03-31,357.62,358.84,355.88,357.38,152998,135675,,357.54,363.46,AU
86,AU2106,2021-04-01,357.46,365.52,357.36,364.98,168693,128041,,361.78,357.54,AU
86,AU2106,2021-04-02,365.8,370.0,365.64,369.98,133687,129113,,367.84,361.78,AU
86,AU2106,2021-04-06,367.38,369.18,366.5,367.3,63847,131597,,368.34,367.84,AU
86,AU2106,2021-04-07,368.36,370.2,367.9,369.1,115028,132516,,369.0,368.34,AU
86,AU2106,2021-04-08,368.92,371.5,367.5,370.08,134886,136015,,369.08,369.0,AU
86,AU2106,2021-04-09,370.88,373.96,370.88,371.96,152545,138525,,372.72,369.08,AU
86,AU2106,2021-04-12,369.72,370.96,367.76,369.18,148270,128696,,369.48,372.72,AU
86,AU2106,2021-04-13,369.02,369.02,365.54,365.8,137766,123476,,367.08,369.48,AU
86,AU2106,2021-04-14,367.88,370.56,367.88,369.54,128655,118943,,369.44,367.08,AU
86,AU2106,2021-04-15,369.38,369.6,366.3,369.54,142833,119190,,367.62,369.44,AU
85,AU2106,2021-04-16,369.12,374.08,368.92,372.86,152801,125219,,372.38,367.62,AU
85,AU2106,2021-04-19,376.5,377.36,374.4,375.5,140592,123785,,375.72,372.38,AU
85,AU2106,2021-04-20,374.2,374.48,371.42,372.1,128949,118776,,372.98,375.72,AU
85,AU2106,2021-04-21,372.16,376.06,371.58,375.98,129375,120414,,374.16,372.98,AU
85,AU2106,2021-04-22,375.58,378.1,375.02,376.4,140175,117927,,376.7,374.16,AU
85,AU2106,2021-04-23,374.98,376.16,373.7,375.2,132908,114736,,375.04,376.7,AU
85,AU2106,2021-04-26,376.7,377.48,371.9,373.14,162815,110942,,373.98,375.04,AU
85,AU2106,2021-04-27,373.1,374.48,372.02,373.48,121133,110532,,373.3,373.98,AU
85,AU2106,2021-04-28,374.1,375.04,370.86,371.4,151022,106097,,372.8,373.3,AU
85,AU2106,2021-04-29,371.42,375.18,370.7,372.68,138559,101949,,373.02,372.8,AU
85,AU2106,2021-04-30,373.18,373.18,367.82,370.76,156690,94403,,370.08,373.02,AU
85,AU2106,2021-05-06,373.5,376.66,373.08,376.28,69253,94003,,375.18,370.08,AU
85,AU2106,2021-05-07,376.28,381.22,375.48,380.4,156474,92635,,379.42,375.18,AU
85,AU2106,2021-05-10,383.8,384.22,380.36,381.76,161755,89242,,381.88,379.42,AU
85,AU2106,2021-05-11,382.68,383.34,380.56,381.54,126642,83496,,382.08,381.88,AU
85,AU2106,2021-05-12,380.0,382.6,378.36,382.44,136685,78686,,380.8,382.08,AU
85,AU2106,2021-05-13,383.5,384.44,379.5,380.68,154721,74562,,381.52,380.8,AU
85,AU2106,2021-05-14,379.8,383.48,379.64,382.96,135687,77192,,381.22,381.52,AU
85,AU2106,2021-05-17,383.42,388.5,382.96,387.3,134116,76304,,385.68,381.22,AU
84,AU2106,2021-05-18,385.82,391.64,385.6,389.96,153390,70070,,389.46,385.68,AU
84,AU2106,2021-05-19,390.0,390.54,387.72,390.3,131065,57758,,389.02,389.46,AU
84,AU2106,2021-05-20,390.3,393.98,388.0,390.4,186338,51809,,391.24,389.02,AU
84,AU2106,2021-05-21,390.18,393.0,389.54,390.4,113414,45851,,390.82,391.24,AU
84,AU2106,2021-05-24,393.52,393.88,389.16,391.66,139920,40105,,391.5,390.82,AU
84,AU2106,2021-05-25,391.26,391.38,387.82,389.82,121975,28991,,389.66,391.5,AU
84,AU2106,2021-05-26,389.86,394.88,388.96,393.4,111268,22919,,392.26,389.66,AU
88,AU2112,2021-05-27,396.92,397.0,392.6,394.28,102430,134818,,394.68,395.42,AU
88,AU2112,2021-05-28,394.42,394.42,391.1,391.38,144120,137711,,392.68,394.68,AU
88,AU2112,2021-05-31,392.28,395.58,391.76,394.38,150667,145278,,393.8,392.68,AU
88,AU2112,2021-06-01,394.56,397.28,393.68,396.9,110920,152911,,395.54,393.8,AU
88,AU2112,2021-06-02,396.9,397.12,389.1,389.98,178012,153130,,393.2,395.54,AU
88,AU2112,2021-06-03,390.96,392.42,386.74,387.5,142308,156168,,390.44,393.2,AU
88,AU2112,2021-06-04,382.74,384.6,370.1,382.62,212575,155341,,379.5,390.44,AU
88,AU2112,2021-06-07,385.88,386.94,384.14,385.32,120489,159073,,385.5,379.5,AU
88,AU2112,2021-06-08,385.5,390.78,385.4,387.9,108998,158963,,388.22,385.5,AU
88,AU2112,2021-06-09,387.46,388.8,385.96,387.7,93176,160266,,387.76,388.22,AU
88,AU2112,2021-06-10,388.22,389.16,384.88,386.46,117279,161767,,387.2,387.76,AU
88,AU2112,2021-06-11,387.94,391.32,387.28,389.92,107043,161262,,389.08,387.2,AU
88,AU2112,2021-06-15,383.46,384.88,380.12,382.66,87850,166011,,382.04,389.08,AU
88,AU2112,2021-06-16,382.08,383.4,379.72,382.24,101316,168335,,381.52,382.04,AU
88,AU2112,2021-06-17,381.84,384.0,374.38,375.66,149885,173596,,378.62,381.52,AU
88,AU2112,2021-06-18,370.22,372.5,369.5,371.62,167921,172151,,371.14,378.62,AU
88,AU2112,2021-06-21,370.92,372.3,368.7,371.94,161977,172811,,370.48,371.14,AU
88,AU2112,2021-06-22,371.28,374.66,371.12,373.44,122215,166974,,373.32,370.48,AU
88,AU2112,2021-06-23,371.98,374.42,371.58,374.02,76440,165722,,373.16,373.32,AU
88,AU2112,2021-06-24,373.88,376.16,371.8,371.94,117978,168221,,373.72,373.16,AU
88,AU2112,2021-06-25,373.0,373.9,370.5,371.4,99429,168791,,372.22,373.72,AU
88,AU2112,2021-06-28,372.44,373.62,369.62,372.16,125440,167239,,371.94,372.22,AU
88,AU2112,2021-06-29,371.88,372.64,370.42,370.8,86764,170436,,371.42,371.94,AU
88,AU2112,2021-06-30,367.46,369.54,366.12,367.5,128592,174865,,367.4,371.42,AU
88,AU2112,2021-07-01,367.5,372.38,366.76,371.78,122028,169955,,369.62,367.4,AU
88,AU2112,2021-07-02,371.8,373.2,370.12,372.64,103477,167139,,371.96,369.62,AU
88,AU2112,2021-07-05,374.6,375.98,372.64,373.88,133466,165679,,373.94,371.96,AU
88,AU2112,2021-07-06,374.5,377.8,372.28,377.46,91273,167119,,375.36,373.94,AU
88,AU2112,2021-07-07,378.38,379.02,375.38,377.3,145870,163935,,377.32,375.36,AU
88,AU2112,2021-07-08,377.3,378.44,376.06,376.62,122603,164844,,377.18,377.32,AU
88,AU2112,2021-07-09,380.0,380.76,376.18,377.78,147647,166341,,378.36,377.18,AU
88,AU2112,2021-07-12,378.08,379.96,376.5,377.0,108697,169146,,378.32,378.36,AU
88,AU2112,2021-07-13,377.18,379.14,374.98,378.8,117478,167895,,377.7,378.32,AU
88,AU2112,2021-07-14,377.28,380.06,376.82,379.5,120729,170881,,379.0,377.7,AU
88,AU2112,2021-07-15,381.5,382.66,379.96,382.48,115976,174985,,381.34,379.0,AU
87,AU2112,2021-07-16,381.28,383.08,380.08,381.48,103066,172415,,381.5,381.34,AU
87,AU2112,2021-07-19,381.48,382.3,377.8,377.84,141541,169375,,380.02,381.5,AU
87,AU2112,2021-07-20,379.52,381.38,378.12,380.68,124603,170397,,379.98,380.02,AU
87,AU2112,2021-07-21,382.52,382.54,377.54,379.28,147174,167582,,379.56,379.98,AU
87,AU2112,2021-07-22,376.5,377.6,375.66,376.3,130983,169102,,376.56,379.56,AU
87,AU2112,2021-07-23,376.52,378.28,375.16,378.02,111409,167275,,377.06,376.56,AU
87,AU2112,2021-07-26,377.26,379.54,376.0,379.04,111773,167615,,377.66,377.06,AU
87,AU2112,2021-07-27,378.54,378.54,375.36,375.84,110121,169626,,376.7,377.66,AU
87,AU2112,2021-07-28,378.6,380.66,377.52,379.9,142958,172518,5419955.584,379.12,376.7,AU
87,AU2112,2021-07-29,378.7,381.8,377.24,381.16,127838,172910,4851178.19,379.46,379.12,AU
87,AU2112,2021-07-30,381.9,383.12,381.22,382.5,105481,174179,4030562.748,382.1,379.46,AU
87,AU2112,2021-08-02,381.4,382.1,377.6,377.84,139682,163558,5300929.646,379.48,382.1,AU
87,AU2112,2021-08-03,377.44,380.1,377.32,377.82,98232,161628,3717919.206,378.48,379.48,AU
87,AU2112,2021-08-04,378.5,379.12,377.9,378.66,81068,161151,3068737.896,378.52,378.48,AU
87,AU2112,2021-08-05,381.26,382.36,377.0,378.04,151677,164130,5756168.318,379.5,378.52,AU
87,AU2112,2021-08-06,377.78,378.38,375.6,375.9,117978,169075,4441878.97,376.5,379.5,AU
87,AU2112,2021-08-09,371.52,371.64,362.1,365.6,216464,178597,7954493.166,367.46,376.5,AU
87,AU2112,2021-08-10,364.88,365.94,362.16,363.92,140271,182514,5105993.758,364.0,367.46,AU
87,AU2112,2021-08-11,362.82,364.18,360.8,363.52,128875,181145,4673655.842,362.64,364.0,AU
87,AU2112,2021-08-12,365.3,367.8,364.58,367.16,125076,177641,4579747.806,366.14,362.64,AU
87,AU2112,2021-08-13,366.34,368.48,365.12,368.04,101361,176218,3719567.876,366.96,366.14,AU
87,AU2112,2021-08-16,369.0,372.98,369.0,371.24,123664,171907,4592051.466,371.32,366.96,AU
87,AU2112,2021-08-17,372.02,375.46,371.84,375.02,106219,171740,3969808.064,373.72,371.32,AU
87,AU2112,2021-08-18,374.46,375.72,373.14,375.4,116885,169026,4377700.304,374.52,373.72,AU
87,AU2112,2021-08-19,374.9,375.14,372.2,374.28,132639,168500,4956707.192,373.68,374.52,AU
87,AU2112,2021-08-20,374.88,376.16,372.7,375.5,115068,167847,4309244.026,374.48,373.68,AU
87,AU2112,2021-08-23,374.52,375.34,372.34,374.88,131472,166162,4919393.836,374.16,374.48,AU
87,AU2112,2021-08-24,377.22,378.44,376.24,377.68,130830,166060,4940832.364,377.64,374.16,AU
87,AU2112,2021-08-25,378.4,378.72,375.18,375.54,117951,164348,4446351.412,376.96,377.64,AU
87,AU2112,2021-08-26,376.18,376.36,373.38,373.96,131542,162352,4926964.408,374.54,376.96,AU
87,AU2112,2021-08-27,373.42,378.5,372.1,377.78,150179,166528,5642632.992,375.72,374.54,AU
87,AU2112,2021-08-30,377.08,381.16,374.5,379.04,203739,165580,7699437.274,377.9,375.72,AU
87,AU2112,2021-08-31,378.86,379.68,377.44,378.84,101798,166345,3855417.41,378.72,377.9,AU
87,AU2112,2021-09-01,377.44,379.4,375.88,379.12,137823,167142,5206938.912,377.78,378.72,AU
87,AU2112,2021-09-02,379.64,380.82,377.36,378.92,104293,164443,3949360.748,378.66,377.78,AU
87,AU2112,2021-09-03,378.48,378.88,376.56,378.54,102387,163961,3869000.616,377.88,378.66,AU
87,AU2112,2021-09-06,379.88,382.04,378.88,380.96,143744,164582,5471530.066,380.64,377.88,AU
87,AU2112,2021-09-07,380.4,381.24,378.84,379.42,78036,161407,2966323.442,380.12,380.64,AU
87,AU2112,2021-09-08,378.04,379.26,374.22,374.96,167842,159303,6310740.792,375.98,380.12,AU
87,AU2112,2021-09-09,374.96,375.36,371.88,373.2,127951,160372,4780658.454,373.62,375.98,AU
87,AU2112,2021-09-10,373.52,375.68,372.0,375.5,132367,157040,4952316.96,374.12,373.62,AU
87,AU2112,2021-09-13,373.08,374.16,371.6,373.3,127658,157853,4764641.338,373.22,374.12,AU
87,AU2112,2021-09-14,372.86,375.0,372.46,373.82,98133,157861,3668319.29,373.8,373.22,AU
87,AU2112,2021-09-15,374.14,376.58,372.92,374.82,130531,157109,4895582.13,375.04,373.8,AU
86,AU2112,2021-09-16,374.1,374.46,370.94,371.76,133143,160777,4965615.048,372.94,375.04,AU
86,AU2112,2021-09-17,367.24,368.3,364.28,367.86,154250,160573,5652105.748,366.42,372.94,AU
86,AU2112,2021-09-22,371.08,373.18,371.08,372.52,57035,156988,2123308.578,372.28,366.42,AU
86,AU2112,2021-09-23,371.66,373.92,368.64,369.26,109003,157597,4042046.808,370.8,372.28,AU
86,AU2112,2021-09-24,368.28,368.94,365.2,366.78,137054,160962,5024095.982,366.56,370.8,AU
86,AU2112,2021-09-27,365.78,368.38,364.4,367.86,118307,158001,4333823.332,366.32,366.56,AU
86,AU2112,2021-09-28,367.2,368.14,363.94,364.22,112198,159165,4112951.844,366.56,366.32,AU
86,AU2112,2021-09-29,362.6,367.08,362.4,364.48,129797,155242,4725511.174,364.06,366.56,AU
86,AU2112,2021-09-30,364.26,364.64,361.76,362.78,140055,151679,5088618.036,363.32,364.06,AU
86,AU2112,2021-10-08,366.78,368.28,365.6,367.54,56683,147243,2084283.204,367.7,363.32,AU
86,AU2112,2021-10-11,370.88,372.2,365.98,366.16,140192,146727,5171753.592,368.9,367.7,AU
86,AU2112,2021-10-12,366.16,368.62,365.92,368.22,83906,145528,3083311.922,367.46,368.9,AU
86,AU2112,2021-10-13,367.4,369.58,367.02,368.1,102254,144475,3765417.488,368.24,367.46,AU
86,AU2112,2021-10-14,367.44,373.9,366.78,373.24,181822,143981,6761635.12,371.88,368.24,AU
86,AU2112,2021-10-15,375.0,375.6,372.3,372.58,93779,142299,3505089.3,373.76,371.88,AU
85,AU2112,2021-10-18,368.72,369.98,366.86,367.58,138360,137562,5100859.626,368.66,373.76,AU
85,AU2112,2021-10-19,367.0,368.78,366.88,368.76,94492,137915,3476380.588,367.9,368.66,AU
85,AU2112,2021-10-20,368.5,369.18,364.94,367.66,137498,135049,5044962.518,366.9,367.9,AU
85,AU2112,2021-10-21,370.06,370.2,367.6,369.54,122282,127037,4514975.566,369.22,366.9,AU
85,AU2112,2021-10-22,369.18,371.32,368.08,371.08,101225,128332,3739129.384,369.38,369.22,AU
85,AU2112,2021-10-25,372.94,374.38,368.44,370.14,182657,126939,6783076.708,371.34,369.38,AU
85,AU2112,2021-10-26,372.0,372.8,371.36,371.64,94982,123028,3533528.086,372.02,371.34,AU
85,AU2112,2021-10-27,371.0,371.18,367.0,368.92,149465,113356,5508336.04,368.52,372.02,AU
85,AU2112,2021-10-28,369.58,372.88,368.16,372.56,146203,109421,5418087.004,370.58,368.52,AU
85,AU2112,2021-10-29,371.68,373.96,370.04,370.48,140767,103484,5233166.336,371.76,370.58,AU
85,AU2112,2021-11-01,368.1,369.9,367.0,368.78,121484,94942,4476109.188,368.44,371.76,AU
85,AU2112,2021-11-02,369.78,371.68,369.28,371.26,91075,93259,3375794.756,370.66,368.44,AU
85,AU2112,2021-11-03,370.5,371.06,367.66,368.04,97502,89444,3601601.888,369.38,370.66,AU
85,AU2112,2021-11-04,367.24,367.78,364.12,366.58,118253,87386,4329505.196,366.12,369.38,AU
85,AU2112,2021-11-05,370.18,372.0,369.9,371.74,109957,88518,4077642.6,370.82,366.12,AU
85,AU2112,2021-11-08,371.06,377.7,370.7,375.9,151422,95638,5671039.262,374.5,370.82,AU
85,AU2112,2021-11-09,375.96,377.8,375.58,377.46,94669,96097,3567883.438,376.86,374.5,AU
85,AU2112,2021-11-10,377.26,378.5,376.08,377.46,101229,88276,3821338.466,377.48,376.86,AU
85,AU2112,2021-11-11,377.48,386.0,376.36,383.36,187007,83020,7147883.662,382.22,377.48,AU
85,AU2112,2021-11-12,384.12,385.3,383.12,383.6,105561,80368,4054196.582,384.06,382.22,AU
85,AU2112,2021-11-15,381.88,385.16,381.56,382.2,124417,76091,4765420.894,383.02,384.06,AU
84,AU2112,2021-11-16,383.18,385.18,382.92,384.02,98838,73402,3795827.968,384.04,383.02,AU
84,AU2112,2021-11-17,386.0,387.54,381.2,382.26,139112,66519,5339692.23,383.84,384.04,AU
84,AU2112,2021-11-18,383.8,384.92,382.76,383.54,88262,64764,3388293.82,383.88,383.84,AU
84,AU2112,2021-11-19,384.08,384.46,381.8,382.74,91448,61137,3505263.788,383.3,383.88,AU
84,AU2112,2021-11-22,383.46,384.72,378.8,379.14,117269,53275,4479152.096,381.94,383.3,AU
84,AU2112,2021-11-23,378.48,379.06,371.58,371.78,144230,46648,5405878.148,374.8,381.94,AU
84,AU2112,2021-11-24,370.02,370.28,367.88,369.76,109728,40440,4051386.148,369.22,374.8,AU
86,AU2202,2021-11-25,369.78,371.16,368.4,370.9,104617,63455,3870216.454,369.94,370.42,AU
86,AU2202,2021-11-26,370.16,373.14,369.36,372.7,95881,67499,3557306.426,371.0,369.94,AU
86,AU2202,2021-11-29,373.4,374.62,369.08,371.42,197528,71165,7348008.084,371.98,371.0,AU
86,AU2202,2021-11-30,371.2,371.26,368.32,370.24,146617,73424,5420429.92,369.68,371.98,AU
86,AU2202,2021-12-01,370.12,372.82,365.64,368.74,247908,78077,9138015.07,368.6,369.68,AU
86,AU2202,2021-12-02,368.76,369.38,366.26,367.0,156382,82515,5755141.104,368.0,368.6,AU
86,AU2202,2021-12-03,367.4,367.68,364.24,365.92,163294,85729,5972646.988,365.76,368.0,AU
86,AU2202,2021-12-06,366.18,369.08,364.9,368.68,174000,84867,6384456.434,366.92,365.76,AU
86,AU2202,2021-12-07,368.0,368.8,367.08,367.88,95419,85340,3509339.458,367.78,366.92,AU
86,AU2202,2021-12-08,368.28,368.94,365.88,368.28,120371,84263,4426135.204,367.7,367.78,AU
86,AU2202,2021-12-09,367.28,367.5,366.02,366.72,108535,84599,3980277.608,366.72,367.7,AU
86,AU2202,2021-12-10,366.66,368.36,365.1,365.62,140358,86653,5151197.526,367.0,366.72,AU
86,AU2202,2021-12-13,366.18,369.72,365.9,368.14,150454,83095,5534457.99,367.84,367.0,AU
86,AU2202,2021-12-14,369.42,369.42,367.6,368.52,93707,81966,3453497.266,368.54,367.84,AU
86,AU2202,2021-12-15,367.98,368.16,363.5,364.36,154840,92947,5662245.068,365.68,368.54,AU
85,AU2202,2021-12-16,365.0,368.1,363.7,368.08,126793,84017,4638242.376,365.8,365.68,AU
85,AU2202,2021-12-17,368.0,372.96,367.9,372.78,169339,80495,6273483.414,370.46,365.8,AU
85,AU2202,2021-12-20,374.06,374.76,371.8,372.34,116091,76457,4331492.406,373.1,370.46,AU
85,AU2202,2021-12-21,371.7,371.9,369.26,369.72,105785,74404,3920685.938,370.62,373.1,AU
85,AU2202,2021-12-22,371.2,371.8,368.68,368.9,103517,74192,3829227.726,369.9,370.62,AU
85,AU2202,2021-12-23,370.1,373.24,369.2,372.78,106970,72710,3971094.704,371.22,369.9,AU
85,AU2202,2021-12-24,372.68,373.96,371.18,373.56,99060,73933,3693356.69,372.84,371.22,AU
85,AU2202,2021-12-27,373.6,374.46,372.42,373.44,52289,65790,1952638.774,373.42,372.84,AU
85,AU2202,2021-12-28,372.96,374.6,371.74,374.46,81903,63166,3057753.11,373.32,373.42,AU
85,AU2202,2021-12-29,374.7,375.4,371.82,372.58,90308,59323,3373516.012,373.54,373.32,AU
85,AU2202,2021-12-30,370.16,372.3,369.16,370.8,104329,54452,3868226.848,370.76,373.54,AU
85,AU2202,2021-12-31,372.14,375.28,371.06,374.7,94384,55482,3523407.662,373.3,370.76,AU
85,AU2202,2022-01-04,372.0,372.76,371.52,371.74,40002,50227,1487748.044,371.9,373.3,AU
85,AU2202,2022-01-05,371.3,373.9,370.74,373.1,74806,48680,2788594.518,372.76,371.9,AU
85,AU2202,2022-01-06,373.76,376.04,369.92,370.64,96308,45808,3596333.596,373.42,372.76,AU
85,AU2202,2022-01-07,369.0,369.84,368.02,368.14,87693,43436,3233552.546,368.72,373.42,AU
85,AU2202,2022-01-10,368.3,369.76,367.12,368.56,89563,41458,3301556.36,368.62,368.72,AU
85,AU2202,2022-01-11,368.6,372.34,368.28,371.94,74589,39839,2760860.948,370.14,368.62,AU
85,AU2202,2022-01-12,371.72,374.6,370.92,373.92,63261,37307,2357313.152,372.62,370.14,AU
85,AU2202,2022-01-13,373.98,375.4,373.54,374.92,65685,35778,2458347.13,374.26,372.62,AU
85,AU2202,2022-01-14,374.68,375.04,372.2,374.58,59010,33604,2205216.838,373.7,374.26,AU
85,AU2202,2022-01-17,373.56,374.68,371.5,372.52,61879,30014,2309474.42,373.22,373.7,AU
87,AU2206,2022-01-18,374.48,374.64,373.02,373.46,40796,107021,1525450.73,373.92,374.7,AU
87,AU2206,2022-01-19,373.5,374.86,371.8,373.06,100350,109525,3747037.384,373.38,373.92,AU
87,AU2206,2022-01-20,373.72,378.9,373.7,378.4,124632,121124,4698541.652,376.98,373.38,AU
87,AU2206,2022-01-21,378.42,379.78,377.52,378.22,96909,124470,3670452.57,378.74,376.98,AU
87,AU2206,2022-01-24,377.14,378.84,376.4,377.2,93706,125000,3537396.19,377.48,378.74,AU
87,AU2206,2022-01-25,377.44,378.46,375.6,377.92,103475,125384,3903281.216,377.2,377.48,AU
87,AU2206,2022-01-26,377.7,380.2,377.42,378.58,107028,127411,4053397.628,378.72,377.2,AU
87,AU2206,2022-01-27,378.5,378.8,371.3,371.58,139154,122231,5212484.222,374.58,378.72,AU
87,AU2206,2022-01-28,371.72,372.56,369.36,370.1,105630,119198,3916917.118,370.8,374.58,AU
87,AU2206,2022-02-07,372.76,373.08,371.9,372.14,38735,116476,1442496.53,372.4,370.8,AU
87,AU2206,2022-02-08,372.82,375.34,372.82,374.8,69580,114128,2603070.038,374.1,372.4,AU
87,AU2206,2022-02-09,374.52,376.82,374.52,376.58,65610,117233,2467117.802,376.02,374.1,AU
87,AU2206,2022-02-10,376.48,377.92,375.68,377.4,73162,122922,2758498.826,377.02,376.02,AU
87,AU2206,2022-02-11,377.12,378.5,374.92,375.24,123704,124883,4657570.414,376.5,377.02,AU
87,AU2206,2022-02-14,376.48,383.24,375.24,381.7,129559,135136,4914707.682,379.34,376.5,AU
87,AU2206,2022-02-15,381.94,385.92,381.24,385.58,135442,144132,5197215.514,383.72,379.34,AU
87,AU2206,2022-02-16,379.5,380.2,378.22,379.84,120792,137278,4580793.468,379.22,383.72,AU
87,AU2206,2022-02-17,379.5,384.16,379.16,383.54,103142,140114,3937029.068,381.7,379.22,AU
87,AU2206,2022-02-18,385.6,388.3,385.56,386.64,152353,146060,5895920.28,386.98,381.7,AU
87,AU2206,2022-02-21,386.88,388.8,385.74,386.0,133179,147102,5153620.094,386.96,386.98,AU
87,AU2206,2022-02-22,387.62,391.42,386.8,390.72,103148,152155,4014268.552,389.16,386.96,AU
87,AU2206,2022-02-23,387.9,389.04,386.6,387.58,108472,154116,4207398.736,387.86,389.16,AU
87,AU2206,2022-02-24,386.72,397.36,386.72,396.04,169790,160094,6648337.694,391.56,387.86,AU
87,AU2206,2022-02-25,400.24,401.58,389.0,391.42,267276,158160,10549455.748,394.7,391.56,AU
87,AU2206,2022-02-28,387.02,392.38,384.46,389.02,199335,148983,7714389.178,387.0,394.7,AU
87,AU2206,2022-03-01,389.02,391.12,385.72,389.14,161636,151624,6284010.192,388.76,387.0,AU
87,AU2206,2022-03-02,390.9,395.06,389.88,394.5,204677,153579,8035161.824,392.56,388.76,AU
87,AU2206,2022-03-03,392.6,394.52,390.94,393.2,178150,152607,6999511.206,392.88,392.56,AU
87,AU2206,2022-03-04,393.6,397.08,392.42,394.64,178195,153000,7027235.226,394.34,392.88,AU
87,AU2206,2022-03-07,396.2,406.54,395.32,403.3,246146,157362,9860885.596,400.6,394.34,AU
87,AU2206,2022-03-08,402.6,412.84,398.38,412.2,248842,160192,10044342.996,403.64,400.6,AU
87,AU2206,2022-03-09,409.5,420.74,407.8,417.16,338749,155056,14060211.678,415.06,403.64,AU
87,AU2206,2022-03-10,408.32,409.04,399.68,404.0,267975,145334,10839975.588,404.5,415.06,AU
87,AU2206,2022-03-11,407.46,408.82,403.54,404.78,186460,143797,7576716.782,406.34,404.5,AU
87,AU2206,2022-03-14,402.36,406.48,400.2,402.5,193134,139748,7787558.186,403.22,406.34,AU
87,AU2206,2022-03-15,400.28,401.06,393.04,394.46,169348,133762,6745382.718,398.3,403.22,AU
86,AU2206,2022-03-16,393.3,394.92,390.7,391.04,154667,131122,6076179.434,392.84,398.3,AU
86,AU2206,2022-03-17,392.0,396.26,388.5,395.44,160425,133249,6298856.442,392.62,392.84,AU
86,AU2206,2022-03-18,396.38,398.58,395.32,395.9,124890,133459,4959969.142,397.14,392.62,AU
86,AU2206,2022-03-21,396.88,396.98,393.74,394.76,121955,133301,4824324.162,395.58,397.14,AU
86,AU2206,2022-03-22,394.88,398.06,393.22,397.16,104039,137886,4121750.804,396.16,395.58,AU
86,AU2206,2022-03-23,396.18,396.18,392.78,394.72,108959,139376,4297628.096,394.42,396.16,AU
86,AU2206,2022-03-24,396.5,400.96,396.3,399.02,111485,142185,4440676.504,398.32,394.42,AU
86,AU2206,2022-03-25,400.32,403.7,399.82,401.7,131539,146137,5290386.784,402.18,398.32,AU
86,AU2206,2022-03-28,401.5,403.04,397.46,397.68,135966,145537,5447924.22,400.68,402.18,AU
86,AU2206,2022-03-29,398.34,399.16,394.76,395.54,97191,143417,3859462.646,397.1,400.68,AU
86,AU2206,2022-03-30,390.0,395.54,388.8,394.74,141284,142204,5541542.156,392.22,397.1,AU
86,AU2206,2022-03-31,394.96,397.2,392.6,394.34,101336,140897,4006636.094,395.38,392.22,AU
86,AU2206,2022-04-01,395.88,398.28,395.08,396.26,106554,140830,4226737.0,396.66,395.38,AU
86,AU2206,2022-04-06,394.1,395.74,393.48,394.5,46276,139966,1827002.966,394.8,396.66,AU
86,AU2206,2022-04-07,395.18,395.96,393.5,394.94,86765,140573,3426783.17,394.94,394.8,AU
86,AU2206,2022-04-08,395.3,397.32,395.3,396.04,95198,142163,3773057.892,396.32,394.94,AU
86,AU2206,2022-04-11,396.72,400.18,396.46,399.6,128916,149299,5143725.506,398.98,396.32,AU
86,AU2206,2022-04-12,403.44,403.5,398.78,401.78,125403,151812,5033564.846,401.38,398.98,AU
86,AU2206,2022-04-13,404.34,404.74,402.02,403.7,134210,157387,5416233.1,403.56,401.38,AU
86,AU2206,2022-04-14,405.7,406.08,403.92,404.32,96536,157758,3910340.276,405.06,403.56,AU
86,AU2206,2022-04-15,404.96,406.28,402.78,405.82,113478,161169,4593809.318,404.8,405.06,AU
85,AU2206,2022-04-18,405.82,408.46,404.92,408.02,73708,160397,3000434.226,407.06,404.8,AU
85,AU2206,2022-04-19,408.5,409.04,404.56,405.1,106332,155858,4322746.828,406.52,407.06,AU
85,AU2206,2022-04-20,404.46,405.24,399.32,400.06,161069,143143,6479223.568,402.26,406.52,AU
85,AU2206,2022-04-21,402.44,405.16,401.76,405.06,102896,142342,4150909.694,403.4,402.26,AU
85,AU2206,2022-04-22,404.16,407.16,402.7,406.8,125149,148913,5065684.59,404.76,403.4,AU
85,AU2206,2022-04-25,405.66,407.78,403.48,404.42,181631,140109,7359619.592,405.18,404.76,AU
85,AU2206,2022-04-26,399.88,402.56,399.6,401.3,153998,132594,6173282.512,400.86,405.18,AU
85,AU2206,2022-04-27,401.0,403.2,400.78,400.9,128668,117602,5170774.514,401.86,400.86,AU
85,AU2206,2022-04-28,400.8,401.1,397.66,400.82,152938,113128,6103498.286,399.08,401.86,AU
85,AU2206,2022-04-29,401.52,407.06,401.32,405.82,136855,111709,5529545.072,404.04,399.08,AU
85,AU2206,2022-05-05,402.78,405.04,402.36,404.52,49351,109650,1995470.694,404.34,404.04,AU
85,AU2206,2022-05-06,406.54,406.88,401.2,403.6,145835,107145,5890154.948,403.88,404.34,AU
85,AU2206,2022-05-09,404.22,406.58,403.44,405.36,114119,106773,4623589.492,405.14,403.88,AU
85,AU2206,2022-05-10,403.56,405.76,402.04,402.3,129279,98089,5217525.638,403.58,405.14,AU
85,AU2206,2022-05-11,403.58,404.16,398.08,399.94,128547,92201,5152526.534,400.82,403.58,AU
85,AU2206,2022-05-12,399.94,404.58,399.62,404.24,130086,89191,5231675.738,402.16,400.82,AU
85,AU2206,2022-05-13,403.2,404.34,399.22,399.66,126324,82247,5070965.894,401.42,402.16,AU
85,AU2206,2022-05-16,396.62,398.06,394.82,395.84,132666,75447,5258726.906,396.38,401.42,AU
84,AU2206,2022-05-17,396.1,398.44,394.56,397.98,97417,65894,3864482.846,396.68,396.38,AU
84,AU2206,2022-05-18,396.98,396.98,393.04,393.32,94759,62145,3741097.51,394.8,396.68,AU
84,AU2206,2022-05-19,393.48,396.36,393.3,394.96,84776,57132,3348152.242,394.94,394.8,AU
84,AU2206,2022-05-20,398.42,398.94,396.48,397.18,97174,47535,3862803.094,397.5,394.94,AU
84,AU2206,2022-05-23,396.7,399.08,394.82,397.16,85395,41831,3389171.692,396.88,397.5,AU
84,AU2206,2022-05-24,397.6,398.48,395.8,398.08,65760,36863,2611644.588,397.14,396.88,AU
84,AU2206,2022-05-25,399.08,400.0,398.46,398.84,70105,29442,2798962.822,399.24,397.14,AU
84,AU2206,2022-05-26,399.22,400.58,397.8,400.36,60911,24257,2431113.458,399.12,399.24,AU
86,AU2208,2022-05-27,400.68,403.32,400.58,403.18,69911,64478,2811745.468,402.18,400.04,AU
86,AU2208,2022-05-30,401.68,402.22,399.56,399.92,90840,68431,3640537.094,400.76,402.18,AU
86,AU2208,2022-05-31,399.3,400.56,397.92,399.04,68298,70506,2726227.896,399.16,400.76,AU
86,AU2208,2022-06-01,398.58,399.54,395.0,396.36,95514,71583,3796655.634,397.48,399.16,AU
86,AU2208,2022-06-02,397.68,399.78,396.78,398.98,90356,70175,3597586.77,398.14,397.48,AU
86,AU2208,2022-06-06,397.28,398.6,397.08,398.0,24065,68402,957546.84,397.9,398.14,AU
86,AU2208,2022-06-07,397.28,397.46,395.16,396.0,67655,68849,2680632.704,396.22,397.9,AU
86,AU2208,2022-06-08,397.18,398.76,396.9,398.02,66358,66977,2640655.668,397.94,396.22,AU
86,AU2208,2022-06-09,399.46,400.5,398.72,398.82,60238,68632,2407688.476,399.68,397.94,AU
86,AU2208,2022-06-10,398.74,399.12,397.14,397.54,65595,68174,2610957.57,398.04,399.68,AU
86,AU2208,2022-06-13,397.72,406.12,396.46,404.22,162941,78049,6543757.388,401.6,398.04,AU
86,AU2208,2022-06-14,401.0,402.22,396.3,396.9,135012,72780,5380679.986,398.52,401.6,AU
86,AU2208,2022-06-15,395.86,396.0,393.52,394.46,104836,70940,4137373.566,394.64,398.52,AU
85,AU2208,2022-06-16,396.22,397.12,393.32,395.76,101969,70145,4028793.596,395.08,394.64,AU
85,AU2208,2022-06-17,395.48,398.8,395.28,398.58,102250,67768,4061469.872,397.2,395.08,AU
85,AU2208,2022-06-20,399.68,400.1,396.72,397.0,92530,68741,3684575.272,398.2,397.2,AU
85,AU2208,2022-06-21,396.36,397.46,396.04,396.26,48969,69055,1942621.326,396.7,398.2,AU
85,AU2208,2022-06-22,396.74,397.76,395.16,396.2,75377,68810,2988189.944,396.42,396.7,AU
85,AU2208,2022-06-23,398.44,399.2,396.3,396.7,85445,67153,3397760.522,397.64,396.42,AU
85,AU2208,2022-06-24,396.9,398.44,393.02,393.64,114804,67342,4543826.798,395.78,397.64,AU
85,AU2208,2022-06-27,393.44,396.36,392.46,396.32,81461,60854,3213562.212,394.48,395.78,AU
85,AU2208,2022-06-28,395.2,396.0,393.1,393.86,91042,44398,3590416.476,394.36,394.48,AU
85,AU2208,2022-06-29,394.38,395.24,393.14,393.34,68553,42209,2701131.982,394.02,394.36,AU
85,AU2208,2022-06-30,395.38,395.78,392.26,392.7,87446,41009,3442055.032,393.62,394.02,AU
85,AU2208,2022-07-01,393.9,394.36,388.44,388.94,98916,40811,3869132.882,391.14,393.62,AU
85,AU2208,2022-07-04,387.38,391.34,386.7,390.92,89714,38131,3493618.474,389.4,391.14,AU
85,AU2208,2022-07-05,389.9,391.18,389.9,390.52,39337,33312,1536205.888,390.52,389.4,AU
85,AU2208,2022-07-06,390.0,390.1,381.7,382.86,100756,33505,3876885.926,384.76,390.52,AU
85,AU2208,2022-07-07,382.18,382.68,375.06,377.44,112644,33934,4260483.958,378.22,384.76,AU
85,AU2208,2022-07-08,376.6,378.0,375.2,377.04,62329,32501,2348963.35,376.86,378.22,AU
88,AU2212,2022-07-11,377.62,380.18,377.0,378.54,76802,120132,2905877.294,378.34,378.34,AU
88,AU2212,2022-07-12,378.52,381.16,375.78,378.2,96671,121746,3654139.728,377.98,378.34,AU
88,AU2212,2022-07-13,377.8,378.3,375.1,375.6,85788,128351,3232715.052,376.82,377.98,AU
88,AU2212,2022-07-14,373.7,379.98,373.4,376.1,139404,128926,5253947.284,376.88,376.82,AU
88,AU2212,2022-07-15,374.98,375.6,372.16,373.38,123043,131170,4599301.924,373.78,376.88,AU
87,AU2212,2022-07-18,373.7,375.58,371.8,374.98,108560,130622,4059716.716,373.96,373.78,AU
87,AU2212,2022-07-19,374.94,376.0,373.02,373.84,84271,137330,3154528.14,374.32,373.96,AU
87,AU2212,2022-07-20,373.78,375.0,373.3,373.52,73963,138685,2767864.954,374.22,374.32,AU
87,AU2212,2022-07-21,374.08,375.24,369.82,370.32,97555,146300,3632631.576,372.36,374.22,AU
87,AU2212,2022-07-22,373.7,376.54,371.68,375.98,142536,137504,5341254.896,374.72,372.36,AU
87,AU2212,2022-07-25,376.66,379.72,376.06,377.18,105493,138104,3985265.902,377.76,374.72,AU
87,AU2212,2022-07-26,376.94,377.84,375.2,377.46,75446,139027,2840309.916,376.46,377.76,AU
87,AU2212,2022-07-27,376.4,377.1,375.8,376.64,66567,142175,2506574.226,376.54,376.46,AU
87,AU2212,2022-07-28,376.1,380.76,375.0,380.72,105414,142439,3985454.004,378.06,376.54,AU
87,AU2212,2022-07-29,381.7,386.48,380.84,386.1,132826,144045,5096984.408,383.72,378.06,AU
87,AU2212,2022-08-01,384.06,386.6,383.7,385.8,106224,142865,4093607.208,385.36,383.72,AU
87,AU2212,2022-08-02,388.0,391.1,387.2,389.16,101254,146991,3937487.486,388.86,385.36,AU
87,AU2212,2022-08-03,391.4,391.5,384.52,387.3,147045,147914,5710358.61,388.34,388.86,AU
87,AU2212,2022-08-04,388.16,388.52,384.64,387.9,98142,144753,3794928.454,386.66,388.34,AU
87,AU2212,2022-08-05,389.66,392.0,388.1,391.1,91461,145024,3569023.65,390.22,386.66,AU
87,AU2212,2022-08-08,387.08,389.52,386.62,388.7,80162,143959,3111602.19,388.16,390.22,AU
87,AU2212,2022-08-09,389.72,391.42,389.6,390.46,63863,145258,2494046.824,390.52,388.16,AU
87,AU2212,2022-08-10,391.8,393.24,391.0,391.18,68684,147290,2692921.662,392.06,390.52,AU
87,AU2212,2022-08-11,392.3,392.46,389.08,389.56,77324,147851,3021117.492,390.7,392.06,AU
87,AU2212,2022-08-12,391.04,391.88,389.78,391.22,61410,148698,2399544.344,390.74,390.7,AU
87,AU2212,2022-08-15,391.22,393.24,390.8,392.0,81211,151634,3184020.506,392.06,390.74,AU
87,AU2212,2022-08-16,390.54,391.76,389.42,391.52,67453,150845,2634613.558,390.58,392.06,AU
87,AU2212,2022-08-17,390.02,390.84,389.52,389.9,65455,151262,2554015.238,390.18,390.58,AU
87,AU2212,2022-08-18,389.64,389.64,386.7,387.76,72769,151912,2823711.136,388.02,390.18,AU
87,AU2212,2022-08-19,388.6,388.96,386.5,387.56,77205,152629,2992122.49,387.54,388.02,AU
87,AU2212,2022-08-22,387.9,388.66,386.02,386.26,68649,152993,2657922.044,387.16,387.54,AU
87,AU2212,2022-08-23,385.32,387.82,385.0,387.32,61676,154056,2384831.146,386.66,387.16,AU
87,AU2212,2022-08-24,386.58,389.6,386.5,389.54,62855,153425,2440534.92,388.28,386.66,AU
87,AU2212,2022-08-25,389.0,391.06,388.6,390.82,55400,153126,2160920.578,390.04,388.28,AU
87,AU2212,2022-08-26,390.82,391.6,389.62,391.28,56434,153994,2204507.072,390.62,390.04,AU
87,AU2212,2022-08-29,389.02,391.12,387.4,387.94,103273,150076,4016166.484,388.88,390.62,AU
87,AU2212,2022-08-30,389.74,390.82,389.22,389.3,60243,150886,2349187.732,389.94,388.88,AU
87,AU2212,2022-08-31,388.6,389.2,386.6,386.92,68549,152579,2658847.902,387.86,389.94,AU
87,AU2212,2022-09-01,385.02,386.8,382.96,383.7,97678,153021,3757604.37,384.68,387.86,AU
87,AU2212,2022-09-02,382.84,383.28,381.08,383.02,81362,152378,3109937.038,382.22,384.68,AU
87,AU2212,2022-09-05,384.5,387.58,383.5,386.86,76187,148539,2935749.502,385.32,382.22,AU
87,AU2212,2022-09-06,387.54,389.1,386.34,388.98,48930,146233,1897805.916,387.86,385.32,AU
87,AU2212,2022-09-07,387.8,388.38,385.0,386.36,71015,145708,2746576.29,386.76,387.86,AU
87,AU2212,2022-09-08,386.66,389.72,386.18,389.46,68825,143980,2672648.176,388.32,386.76,AU
87,AU2212,2022-09-09,388.46,389.52,386.7,389.52,75842,144703,2943589.902,388.12,388.32,AU
87,AU2212,2022-09-13,389.46,390.22,388.78,389.66,30917,147143,1203594.842,389.28,388.12,AU
87,AU2212,2022-09-14,387.14,388.6,386.66,387.2,83661,146422,3242593.6,387.58,389.28,AU
87,AU2212,2022-09-15,388.02,388.56,385.0,385.24,74428,150165,2879743.484,386.9,387.58,AU
86,AU2212,2022-09-16,386.22,386.72,382.92,383.6,105207,153193,4043218.882,384.3,386.9,AU
86,AU2212,2022-09-19,383.82,386.06,383.48,384.7,81940,151930,3153137.192,384.8,384.3,AU
86,AU2212,2022-09-20,384.58,387.0,384.0,385.84,68849,150312,2653931.04,385.46,384.8,AU
86,AU2212,2022-09-21,385.48,387.36,384.14,386.98,71320,149144,2748554.692,385.38,385.46,AU
86,AU2212,2022-09-22,387.08,387.18,384.26,386.04,74938,147751,2891957.822,385.9,385.38,AU
86,AU2212,2022-09-23,388.2,388.2,386.5,387.64,77093,145614,2987871.528,387.56,385.9,AU
86,AU2212,2022-09-26,385.0,386.56,382.88,384.38,116323,143474,4476789.142,384.84,387.56,AU
86,AU2212,2022-09-27,384.94,385.44,382.3,384.88,85615,143327,3289873.626,384.26,384.84,AU
86,AU2212,2022-09-28,385.1,386.0,384.26,385.9,87178,140837,3359162.154,385.32,384.26,AU
86,AU2212,2022-09-29,387.76,390.0,387.44,389.66,117404,144035,4563333.114,388.68,385.32,AU
86,AU2212,2022-09-30,387.98,391.0,387.34,390.82,89474,146605,3481190.266,389.06,388.68,AU
86,AU2212,2022-10-10,398.0,398.0,392.92,393.24,59687,147560,2356152.222,394.74,389.06,AU
86,AU2212,2022-10-11,392.6,393.0,391.28,392.72,66393,147396,2604889.04,392.34,394.74,AU
86,AU2212,2022-10-12,392.1,393.86,391.5,393.04,70108,147003,2752847.714,392.64,392.34,AU
86,AU2212,2022-10-13,393.38,394.0,392.58,393.0,52091,147080,2047743.458,393.1,392.64,AU
86,AU2212,2022-10-14,391.5,393.0,390.16,392.42,111854,147554,4380852.98,391.64,393.1,AU
86,AU2212,2022-10-17,391.7,392.08,389.52,390.28,79885,143075,3121646.278,390.76,391.64,AU
85,AU2212,2022-10-18,392.68,392.82,389.96,390.78,68304,142008,2672802.996,391.3,390.76,AU
85,AU2212,2022-10-19,391.5,391.5,389.84,390.18,56600,143312,2212014.32,390.8,391.3,AU
85,AU2212,2022-10-20,389.96,390.3,387.8,388.1,73576,139419,2861344.224,388.88,390.8,AU
85,AU2212,2022-10-21,388.68,389.46,387.08,387.46,64585,135755,2507878.342,388.3,388.88,AU
85,AU2212,2022-10-24,389.74,392.82,388.3,392.72,112181,131608,4379827.51,390.42,388.3,AU
85,AU2212,2022-10-25,393.24,394.92,392.62,393.82,72933,132127,2870369.558,393.56,390.42,AU
85,AU2212,2022-10-26,393.5,395.0,393.2,393.62,72139,127192,2842396.014,394.0,393.56,AU
85,AU2212,2022-10-27,391.7,393.0,391.5,392.7,73381,119135,2879869.396,392.44,394.0,AU
85,AU2212,2022-10-28,392.7,393.8,392.52,392.78,58869,117808,2314387.458,393.14,392.44,AU
85,AU2212,2022-10-31,391.06,391.92,390.28,391.66,67523,111118,2641577.218,391.2,393.14,AU
85,AU2212,2022-11-01,391.36,392.14,390.26,391.46,61577,105950,2409739.952,391.32,391.2,AU
85,AU2212,2022-11-02,392.18,393.0,390.8,392.1,58395,103430,2288255.532,391.84,391.32,AU
85,AU2212,2022-11-03,393.26,394.0,390.7,390.88,70630,97790,2768623.66,391.98,391.84,AU
85,AU2212,2022-11-04,389.08,391.28,388.78,390.8,63961,94019,2494617.772,390.02,391.98,AU
85,AU2212,2022-11-07,390.62,394.74,390.24,394.0,79427,92241,3118424.71,392.6,390.02,AU
85,AU2212,2022-11-08,394.42,395.58,393.82,394.82,55222,90021,2179886.1,394.74,392.6,AU
85,AU2212,2022-11-09,394.86,403.36,394.86,403.26,92727,87033,3710066.95,400.1,394.74,AU
85,AU2212,2022-11-10,402.5,404.32,401.9,403.54,65784,83584,2651686.18,403.08,400.1,AU
85,AU2212,2022-11-11,403.3,435.28,403.3,406.72,113887,79325,4644393.278,407.8,403.08,AU
87,AU2302,2022-11-14,407.48,407.98,403.08,403.6,71449,138708,2899963.16,405.86,407.96,AU
87,AU2302,2022-11-15,404.0,407.0,403.78,404.96,83648,142435,3391253.384,405.4,405.86,AU
86,AU2302,2022-11-16,406.0,407.84,404.64,407.12,106622,149572,4331156.812,406.2,405.4,AU
86,AU2302,2022-11-17,408.54,408.96,406.88,407.7,96880,151907,3950965.196,407.82,406.2,AU
86,AU2302,2022-11-18,408.36,408.44,406.82,407.42,88918,155916,3623286.654,407.48,407.82,AU
86,AU2302,2022-11-21,406.6,407.0,404.02,405.2,101950,155516,4131904.482,405.28,407.48,AU
86,AU2302,2022-11-22,404.74,405.58,403.88,404.86,94354,155423,3819128.604,404.76,405.28,AU
86,AU2302,2022-11-23,404.9,405.5,404.04,404.66,85143,156873,3445447.95,404.66,404.76,AU
86,AU2302,2022-11-24,404.8,407.36,402.7,406.4,129248,160764,5243848.94,405.7,404.66,AU
86,AU2302,2022-11-25,407.1,408.16,406.74,407.6,93404,167140,3805218.378,407.38,405.7,AU
86,AU2302,2022-11-28,407.3,409.96,406.62,408.02,123275,167282,5027808.088,407.84,407.38,AU
86,AU2302,2022-11-29,408.56,409.04,405.82,406.56,120432,163720,4905394.444,407.3,407.84,AU
86,AU2302,2022-11-30,406.7,407.4,404.6,406.12,111763,163566,4535870.142,405.84,407.3,AU
86,AU2302,2022-12-01,404.34,407.36,401.22,407.1,148311,162109,6003344.62,404.78,405.84,AU
86,AU2302,2022-12-02,407.7,410.12,407.64,409.72,126780,169115,5186970.09,409.12,404.78,AU
86,AU2302,2022-12-05,408.04,409.02,405.48,405.72,123776,159256,5046265.402,407.68,409.12,AU
86,AU2302,2022-12-06,404.42,404.46,401.36,401.78,128772,158153,5184240.426,402.58,407.68,AU
86,AU2302,2022-12-07,403.44,403.68,400.8,401.1,85143,155150,3422739.92,401.98,402.58,AU
86,AU2302,2022-12-08,401.4,403.0,401.22,402.44,82213,154121,3307050.308,402.24,401.98,AU
86,AU2302,2022-12-09,402.84,404.4,402.4,403.46,100719,150310,4062070.038,403.3,402.24,AU
86,AU2302,2022-12-12,404.58,406.56,403.0,403.3,108687,148210,4396345.754,404.48,403.3,AU
86,AU2302,2022-12-13,403.58,403.92,402.56,403.54,78634,146433,3171089.932,403.26,404.48,AU
86,AU2302,2022-12-14,404.3,409.3,403.92,408.1,154569,153039,6296816.096,407.36,403.26,AU
86,AU2302,2022-12-15,406.98,408.22,404.08,404.86,92213,151275,3745795.166,406.2,407.36,AU
85,AU2302,2022-12-16,402.02,403.42,401.44,402.9,105956,146476,4263055.33,402.34,406.2,AU
85,AU2302,2022-12-19,403.7,406.36,403.08,405.3,99517,140301,4026334.036,404.58,402.34,AU
85,AU2302,2022-12-20,404.86,405.68,403.5,405.42,84321,134573,3413125.584,404.76,404.58,AU
85,AU2302,2022-12-21,406.5,410.3,406.42,409.5,103246,141855,4219516.362,408.68,404.76,AU
85,AU2302,2022-12-22,410.0,411.38,409.58,409.86,77926,141571,3198696.418,410.46,408.68,AU
85,AU2302,2022-12-23,410.3,411.2,405.68,406.8,102230,133967,4172477.562,408.14,410.46,AU
85,AU2302,2022-12-26,407.44,408.58,406.8,407.24,90355,92944,3681199.396,407.4,408.14,AU
85,AU2302,2022-12-27,406.44,408.0,406.44,407.96,48226,84451,1964057.048,407.26,407.4,AU
85,AU2302,2022-12-28,408.86,412.48,407.48,408.6,78312,76278,3206244.344,409.4,407.26,AU
85,AU2302,2022-12-29,408.58,409.68,407.62,408.36,56145,69937,2294845.806,408.72,409.4,AU
87,AU2304,2022-12-30,409.28,411.56,409.0,411.46,60010,128439,2461687.936,410.2,409.6,AU
87,AU2304,2023-01-03,412.0,412.34,409.84,411.2,58029,138424,2384883.594,410.98,410.2,AU
87,AU2304,2023-01-04,411.26,413.88,410.7,413.26,120196,149575,4959565.108,412.62,410.98,AU
87,AU2304,2023-01-05,414.38,415.92,412.4,412.5,124302,156299,5152951.536,414.54,412.62,AU
87,AU2304,2023-01-06,411.52,412.78,408.5,409.54,126762,152078,5202285.508,410.38,414.54,AU
87,AU2304,2023-01-09,409.32,414.62,409.0,414.0,144195,159731,5944910.866,412.28,410.38,AU
87,AU2304,2023-01-10,414.06,414.24,412.14,413.7,101239,163399,4184390.602,413.3,412.28,AU
87,AU2304,2023-01-11,413.78,415.18,413.5,414.8,89422,167599,3705006.284,414.32,413.3,AU
87,AU2304,2023-01-12,414.2,414.92,411.38,414.58,103031,167155,4262302.08,413.68,414.32,AU
87,AU2304,2023-01-13,415.28,416.28,413.0,415.22,139230,166790,5778392.704,415.02,413.68,AU
87,AU2304,2023-01-16,415.22,419.36,414.8,417.28,129913,168405,5418370.706,417.06,415.02,AU
86,AU2304,2023-01-17,418.2,419.66,417.82,419.0,91941,173400,3851893.706,418.94,417.06,AU
86,AU2304,2023-01-18,419.76,420.94,417.04,418.4,131047,174445,5496693.814,419.44,418.94,AU
86,AU2304,2023-01-19,420.0,421.48,417.58,419.66,133678,174369,5611525.6,419.76,419.44,AU
86,AU2304,2023-01-20,420.28,424.3,419.88,423.5,118571,174298,5007231.446,422.28,419.76,AU
86,AU2304,2023-01-30,421.48,422.88,421.14,422.68,52184,173023,2201830.48,421.92,422.28,AU
86,AU2304,2023-01-31,421.84,422.3,419.08,419.48,104552,171875,4403002.208,421.12,421.92,AU
86,AU2304,2023-02-01,417.96,422.5,417.96,421.58,101480,173729,4269746.112,420.74,421.12,AU
86,AU2304,2023-02-02,421.7,425.68,420.44,424.86,109719,178222,4641335.362,423.02,420.74,AU
86,AU2304,2023-02-03,425.76,425.98,418.06,419.34,155328,170202,6544250.804,421.3,423.02,AU
86,AU2304,2023-02-06,419.34,419.34,412.8,413.8,191854,161566,7956104.748,414.68,421.3,AU
86,AU2304,2023-02-07,413.18,413.78,412.22,412.62,107868,157363,4454388.442,412.94,414.68,AU
86,AU2304,2023-02-08,412.32,414.22,411.42,412.7,118069,154103,4871458.102,412.58,412.94,AU
86,AU2304,2023-02-09,413.5,414.16,411.4,413.52,108221,152758,4469476.706,412.98,412.58,AU
86,AU2304,2023-02-10,413.4,414.68,409.74,410.76,130010,145344,5356197.816,411.98,412.98,AU
86,AU2304,2023-02-13,412.5,413.52,411.12,413.08,91353,141491,3765416.952,412.18,411.98,AU
86,AU2304,2023-02-14,412.3,412.94,410.18,412.74,92246,138685,3796783.53,411.58,412.18,AU
86,AU2304,2023-02-15,412.32,414.0,410.86,411.66,167137,137670,6896183.868,412.6,411.58,AU
85,AU2304,2023-02-16,410.4,411.66,410.1,411.48,98258,136191,4036076.706,410.76,412.6,AU
85,AU2304,2023-02-17,411.7,412.5,409.92,410.26,119229,135692,4899744.886,410.94,410.76,AU
85,AU2304,2023-02-20,410.68,413.02,410.22,412.3,104084,133851,4285453.776,411.72,410.94,AU
85,AU2304,2023-02-21,412.44,412.96,411.64,411.7,60697,133958,2502302.074,412.26,411.72,AU
85,AU2304,2023-02-22,411.5,413.28,411.3,412.94,94793,130244,3909287.288,412.4,412.26,AU
85,AU2304,2023-02-23,413.72,414.22,411.2,411.94,88063,127262,3633714.854,412.62,412.4,AU
85,AU2304,2023-02-24,411.62,413.5,410.46,413.14,120010,115265,4943094.826,411.88,412.62,AU
85,AU2304,2023-02-27,412.1,413.26,411.94,412.2,83014,107333,3424351.696,412.5,411.88,AU
85,AU2304,2023-02-28,412.04,413.4,412.04,412.64,92781,73840,3828178.5,412.6,412.5,AU
85,AU2304,2023-03-01,411.46,414.64,411.18,414.04,88817,70774,3670731.308,413.28,412.6,AU
85,AU2304,2023-03-02,412.98,413.9,412.58,413.62,81946,67693,3386240.736,413.22,413.28,AU
85,AU2304,2023-03-03,413.84,415.7,413.78,415.58,68066,66796,2822810.186,414.7,413.22,AU
85,AU2304,2023-03-06,416.4,418.64,415.54,418.44,64803,64044,2702219.164,416.98,414.7,AU
85,AU2304,2023-03-07,419.52,419.52,418.12,418.82,42751,61962,1790525.096,418.82,416.98,AU
85,AU2304,2023-03-08,417.56,417.62,413.8,414.08,77655,56424,3226667.84,415.5,418.82,AU
85,AU2304,2023-03-09,413.96,414.62,413.26,414.02,45268,53561,1874051.788,413.98,415.5,AU
85,AU2304,2023-03-10,414.96,417.14,414.4,416.76,53450,50636,2224155.754,416.1,413.98,AU
87,AU2306,2023-03-13,417.84,423.6,416.38,421.2,97318,144152,4090963.898,420.36,416.88,AU
87,AU2306,2023-03-14,423.9,426.74,423.0,426.36,133043,154711,5650482.13,424.7,420.36,AU
87,AU2306,2023-03-15,426.38,426.98,424.56,426.54,96764,164756,4122472.964,426.02,424.7,AU
86,AU2306,2023-03-16,432.88,434.48,428.44,430.48,165066,165886,7123339.884,431.54,426.02,AU
86,AU2306,2023-03-17,432.58,433.68,429.5,432.44,139787,174190,6035487.894,431.76,431.54,AU
86,AU2306,2023-03-20,435.18,445.94,435.08,445.02,234497,184872,10322227.256,440.18,431.76,AU
86,AU2306,2023-03-21,441.5,444.22,439.9,441.56,163544,183728,7231425.858,442.16,440.18,AU
86,AU2306,2023-03-22,439.08,439.58,433.3,435.42,193003,174208,8420218.838,436.26,442.16,AU
86,AU2306,2023-03-23,434.08,439.9,433.84,438.36,156312,178980,6833783.244,437.18,436.26,AU
86,AU2306,2023-03-24,437.88,442.36,437.4,440.7,159741,180777,7026208.052,439.84,437.18,AU
86,AU2306,2023-03-27,443.7,444.34,438.0,438.14,163748,175346,7225373.642,441.24,439.84,AU
86,AU2306,2023-03-28,434.24,437.28,434.0,436.18,120749,166728,5264158.95,435.94,441.24,AU
86,AU2306,2023-03-29,437.88,440.18,436.32,437.76,110786,167148,4852710.632,438.02,435.94,AU
86,AU2306,2023-03-30,438.1,439.7,437.06,438.9,103888,167592,4554345.228,438.38,438.02,AU
86,AU2306,2023-03-31,438.92,441.5,437.66,441.2,116913,170940,5140432.77,439.68,438.38,AU
86,AU2306,2023-04-03,440.8,441.2,434.6,435.62,139362,160589,6104215.45,438.0,439.68,AU
86,AU2306,2023-04-04,440.48,441.84,438.7,440.7,135008,163791,5946074.22,440.42,438.0,AU
86,AU2306,2023-04-06,447.56,448.0,446.12,447.18,57806,165653,2584252.114,447.04,440.42,AU
86,AU2306,2023-04-07,446.8,447.44,444.76,447.32,94427,168655,4214832.194,446.34,447.04,AU
86,AU2306,2023-04-10,446.48,446.82,441.64,442.8,83936,165314,3727379.418,444.06,446.34,AU
86,AU2306,2023-04-11,442.02,445.12,441.12,444.84,107590,165807,4766084.61,442.98,444.06,AU
86,AU2306,2023-04-12,444.44,450.2,444.04,448.84,129654,174723,5800245.222,447.36,442.98,AU
86,AU2306,2023-04-13,449.96,450.0,445.46,448.82,129532,174862,5796955.15,447.52,447.36,AU
86,AU2306,2023-04-14,452.96,453.28,449.88,451.0,148264,176001,6700813.328,451.94,447.52,AU
86,AU2306,2023-04-17,448.74,449.56,442.2,446.08,206577,164440,9201802.878,445.44,451.94,AU
85,AU2306,2023-04-18,444.3,444.8,440.7,444.26,125647,157994,5569673.88,443.26,445.44,AU
85,AU2306,2023-04-19,444.7,446.94,443.04,443.98,133379,151238,5937577.156,445.16,443.26,AU
85,AU2306,2023-04-20,441.9,445.18,441.02,444.54,139017,143699,6164991.62,443.46,445.16,AU
85,AU2306,2023-04-21,445.5,446.56,441.64,442.5,128761,137660,5725330.016,444.64,443.46,AU
85,AU2306,2023-04-24,442.22,444.66,439.56,441.16,169080,123763,7464456.134,441.46,444.64,AU
85,AU2306,2023-04-25,441.5,445.24,440.06,444.98,121581,117526,5385034.394,442.9,441.46,AU
85,AU2306,2023-04-26,445.42,448.56,444.02,446.34,107214,114524,4778037.642,445.64,442.9,AU
85,AU2306,2023-04-27,446.26,448.9,444.5,447.28,122132,112794,5458662.034,446.94,445.64,AU
87,AU2308,2023-04-28,446.46,446.86,443.8,445.2,120772,170468,5377461.888,445.24,448.32,AU
87,AU2308,2023-05-04,458.26,459.98,454.72,455.26,104705,181965,4778737.032,456.4,445.24,AU
87,AU2308,2023-05-05,455.5,459.96,455.14,457.92,187837,194220,8598416.322,457.74,456.4,AU
87,AU2308,2023-05-08,451.34,452.38,447.62,452.36,201777,184004,9084786.94,450.22,457.74,AU
87,AU2308,2023-05-09,452.84,454.1,451.38,453.18,142035,188589,6431453.426,452.8,450.22,AU
87,AU2308,2023-05-10,453.56,455.74,452.94,454.9,140134,192028,6365136.276,454.2,452.8,AU
87,AU2308,2023-05-11,457.48,457.48,453.26,454.82,170738,195037,7774247.094,455.32,454.2,AU
87,AU2308,2023-05-12,456.72,457.18,450.5,451.5,218450,189274,9900391.88,453.2,455.32,AU
87,AU2308,2023-05-15,452.64,454.56,452.08,453.42,186261,194528,8445300.848,453.4,453.2,AU
86,AU2308,2023-05-16,453.8,454.68,451.28,452.26,163253,188413,7402279.732,453.42,453.4,AU
86,AU2308,2023-05-17,453.8,453.92,448.6,450.24,217667,184116,9825592.736,451.4,453.42,AU
86,AU2308,2023-05-18,449.64,450.18,447.42,449.4,180446,185855,8103269.096,449.06,451.4,AU
86,AU2308,2023-05-19,448.7,448.7,446.1,447.62,203726,179045,9112857.054,447.3,449.06,AU
86,AU2308,2023-05-22,445.76,450.9,445.24,449.54,230236,187340,10323477.774,448.38,447.3,AU
86,AU2308,2023-05-23,449.6,450.46,447.26,447.62,161127,185611,7230122.352,448.72,448.38,AU
86,AU2308,2023-05-24,447.04,451.34,447.04,449.9,192522,187177,8656445.092,449.62,448.72,AU
86,AU2308,2023-05-25,450.9,451.08,447.08,448.0,212054,181895,9512422.462,448.58,449.62,AU
86,AU2308,2023-05-26,445.26,447.28,444.6,445.5,217222,169726,9684423.222,445.82,448.58,AU
86,AU2308,2023-05-29,445.4,446.3,443.62,445.66,170564,171217,7592925.788,445.16,445.82,AU
86,AU2308,2023-05-30,446.24,446.4,443.92,444.62,125731,170541,5597553.022,445.2,445.16,AU
86,AU2308,2023-05-31,448.36,451.72,447.26,450.86,198417,185105,8912249.424,449.16,445.2,AU
86,AU2308,2023-06-01,451.72,453.76,450.56,450.98,172141,186510,7783004.25,452.12,449.16,AU
86,AU2308,2023-06-02,452.2,454.38,451.82,452.3,134947,190399,6114065.492,453.06,452.12,AU
86,AU2308,2023-06-05,451.1,452.34,446.5,447.26,183974,180046,8263123.65,449.14,453.06,AU
86,AU2308,2023-06-06,447.12,450.86,447.12,450.28,122413,183120,5502271.688,449.48,449.14,AU
86,AU2308,2023-06-07,451.54,452.42,450.1,451.1,121200,187812,5471666.498,451.44,449.48,AU
86,AU2308,2023-06-08,450.34,452.46,447.92,448.46,186657,182768,8399076.286,449.96,451.44,AU
86,AU2308,2023-06-09,450.7,452.38,450.38,452.34,134045,190876,6053235.844,451.58,449.96,AU
86,AU2308,2023-06-12,452.12,453.22,451.04,452.5,136954,191169,6191506.186,452.08,451.58,AU
86,AU2308,2023-06-13,452.52,453.96,450.5,453.68,134095,195839,6063363.036,452.16,452.08,AU
86,AU2308,2023-06-14,453.16,453.7,449.9,450.9,163017,189090,7358703.286,451.4,452.16,AU
86,AU2308,2023-06-15,452.28,452.58,447.02,447.14,171681,181646,7726551.884,450.04,451.4,AU
85,AU2308,2023-06-16,446.8,451.54,446.8,450.5,155087,177996,6976732.94,449.84,450.04,AU
93,AU2308,2023-06-19,451.54,451.88,449.66,451.24,133052,176077,5998776.174,450.84,449.84,AU
93,AU2308,2023-06-20,451.18,451.98,450.48,451.76,81965,173751,3698471.71,451.22,450.84,AU
93,AU2308,2023-06-21,450.98,450.98,448.02,449.84,144371,161951,6487361.886,449.34,451.22,AU
93,AU2308,2023-06-26,448.3,449.54,448.28,449.14,53739,158358,2412258.19,448.88,449.34,AU
93,AU2308,2023-06-27,451.16,451.3,448.1,448.86,120398,153334,5414786.636,449.74,448.88,AU
93,AU2308,2023-06-28,448.4,449.32,446.04,447.1,176469,116750,7896082.736,447.44,449.74,AU
93,AU2308,2023-06-29,447.16,448.44,446.8,447.5,124723,109632,5582566.878,447.58,447.44,AU
93,AU2308,2023-06-30,446.04,448.98,445.84,448.6,138260,99794,6192690.704,447.9,447.58,AU
93,AU2308,2023-07-03,449.7,451.18,449.1,449.52,119485,93487,5376852.552,450.0,447.9,AU
93,AU2308,2023-07-04,450.34,451.58,449.44,449.94,88874,90508,4004656.272,450.58,450.0,AU
95,AU2310,2023-07-05,451.14,452.0,450.54,451.76,57909,166673,2613664.656,451.32,451.58,AU
95,AU2310,2023-07-06,453.26,453.84,450.94,451.66,148454,171663,6712615.122,452.16,451.32,AU
95,AU2310,2023-07-07,448.8,450.98,448.7,450.82,193374,176654,8700041.578,449.9,452.16,AU
95,AU2310,2023-07-10,451.66,452.98,451.04,452.08,175905,183553,7949722.89,451.92,449.9,AU
95,AU2310,2023-07-11,450.28,452.78,450.2,452.2,187560,184856,8471427.644,451.66,451.92,AU
95,AU2310,2023-07-12,451.98,452.96,451.78,452.12,167710,191378,7586080.802,452.32,451.66,AU
95,AU2310,2023-07-13,453.28,456.58,452.4,456.32,241639,210249,10991457.348,454.86,452.32,AU
95,AU2310,2023-07-14,455.6,456.36,453.34,454.0,218412,209338,9938500.01,455.02,454.86,AU
95,AU2310,2023-07-17,454.44,456.14,453.5,455.34,204571,209437,9302164.766,454.7,455.02,AU
95,AU2310,2023-07-18,454.48,457.0,454.24,456.94,170294,215470,7756774.614,455.48,454.7,AU
95,AU2310,2023-07-19,458.3,463.18,457.78,462.48,258530,227159,11904949.574,460.48,455.48,AU
95,AU2310,2023-07-20,462.98,463.68,461.12,461.96,194080,231248,8979026.874,462.64,460.48,AU
95,AU2310,2023-07-21,459.94,461.0,458.96,459.3,200703,229079,9227119.196,459.72,462.64,AU
95,AU2310,2023-07-24,458.78,459.28,457.58,459.1,196798,225606,9022059.106,458.44,459.72,AU
95,AU2310,2023-07-25,459.9,459.96,456.66,456.8,216924,222844,9939785.208,458.2,458.44,AU
95,AU2310,2023-07-26,455.9,458.8,455.24,458.68,182892,221741,8356245.058,456.88,458.2,AU
95,AU2310,2023-07-27,459.2,460.36,457.52,459.76,194289,223323,8914220.192,458.8,456.88,AU
95,AU2310,2023-07-28,457.5,458.0,455.22,456.3,286816,215865,13085921.118,456.24,458.8,AU
95,AU2310,2023-07-31,457.3,457.5,455.5,455.98,186783,211841,8527633.154,456.54,456.24,AU
95,AU2310,2023-08-01,458.2,458.62,457.3,457.58,152582,209774,6986571.838,457.88,456.54,AU
95,AU2310,2023-08-02,455.84,457.44,455.22,457.18,164609,209074,7509773.694,456.2,457.88,AU
95,AU2310,2023-08-03,456.5,456.86,454.96,455.04,161217,207551,7345506.914,455.62,456.2,AU
95,AU2310,2023-08-04,453.76,455.36,453.62,454.4,160981,204259,7317024.948,454.52,455.62,AU
95,AU2310,2023-08-07,455.4,456.82,454.88,455.64,171277,200039,7805861.098,455.74,454.52,AU
95,AU2310,2023-08-08,455.58,456.14,454.44,455.64,110788,199723,5046577.774,455.5,455.74,AU
95,AU2310,2023-08-09,454.96,456.22,454.66,455.36,147298,198669,6707796.22,455.38,455.5,AU
95,AU2310,2023-08-10,454.7,455.44,453.08,453.62,156507,201894,7107582.61,454.12,455.38,AU
95,AU2310,2023-08-11,454.58,455.82,453.76,455.56,169611,201635,7709984.636,454.56,454.12,AU
95,AU2310,2023-08-14,455.88,456.28,455.04,455.74,116013,200427,5286450.532,455.66,454.56,AU
95,AU2310,2023-08-15,455.82,456.0,454.68,455.86,124451,199820,5668472.98,455.46,455.66,AU
95,AU2310,2023-08-16,456.02,457.34,455.9,457.1,138953,203581,6345685.926,456.66,455.46,AU
95,AU2310,2023-08-17,457.0,457.58,455.52,456.86,120772,200472,5516760.388,456.78,456.66,AU
95,AU2310,2023-08-18,456.6,457.0,454.8,455.1,135693,194838,6185183.532,455.82,456.78,AU
95,AU2310,2023-08-21,455.12,457.48,454.5,457.08,127984,194884,5834616.204,455.88,455.82,AU
95,AU2310,2023-08-22,456.98,456.98,455.4,456.5,112821,188078,5146402.028,456.14,455.88,AU
95,AU2310,2023-08-23,456.66,458.26,455.86,457.88,121657,189995,5559928.484,457.0,456.14,AU
95,AU2310,2023-08-24,458.26,460.62,457.94,460.04,130300,188754,5986110.094,459.4,457.0,AU
95,AU2310,2023-08-25,459.12,459.9,458.44,458.5,120951,163763,5553846.868,459.18,459.4,AU
95,AU2310,2023-08-28,459.06,459.48,457.4,458.62,135152,143677,6195959.452,458.44,459.18,AU
95,AU2310,2023-08-29,459.02,460.72,458.3,460.14,88464,132728,4064998.086,459.5,458.44,AU
95,AU2310,2023-08-30,459.5,462.02,459.48,461.48,143858,88397,6626518.79,460.62,459.5,AU
95,AU2310,2023-08-31,462.6,463.24,461.66,463.16,86609,79700,4005635.002,462.48,460.62,AU
95,AU2310,2023-09-01,461.82,462.86,461.1,462.46,88338,69182,4079920.876,461.84,462.48,AU
97,AU2312,2023-09-04,463.8,466.1,462.0,464.82,94327,185143,4377350.348,464.06,462.3,AU
97,AU2312,2023-09-05,463.96,465.46,463.12,464.98,66963,190823,3109444.866,464.34,464.06,AU
97,AU2312,2023-09-06,464.8,465.06,463.6,464.24,83041,191966,3854957.796,464.22,464.34,AU
97,AU2312,2023-09-07,463.98,464.72,463.38,464.12,92595,197251,4297253.352,464.08,464.22,AU
97,AU2312,2023-09-08,465.0,467.58,463.96,466.84,106633,205721,4966475.478,465.74,464.08,AU
97,AU2312,2023-09-11,466.22,467.94,465.88,466.54,117227,205222,5473023.89,466.86,465.74,AU
97,AU2312,2023-09-12,466.82,467.24,465.94,466.76,83468,205639,3894929.8,466.62,466.86,AU
97,AU2312,2023-09-13,465.52,468.74,465.5,467.66,108723,206913,5076895.06,466.94,466.62,AU
97,AU2312,2023-09-14,468.02,472.98,466.86,472.0,162409,216794,7631154.66,469.86,466.94,AU
97,AU2312,2023-09-15,471.9,480.26,466.96,469.72,301876,210228,14305270.634,473.86,469.86,AU
97,AU2312,2023-09-18,470.2,473.12,465.88,467.32,208045,202374,9769240.262,469.56,473.86,AU
97,AU2312,2023-09-19,467.32,470.36,466.48,469.8,98489,202205,4612214.962,468.28,469.56,AU
97,AU2312,2023-09-20,470.24,472.76,469.54,471.38,101713,203158,4792341.772,471.16,468.28,AU
97,AU2312,2023-09-21,471.5,473.0,470.16,470.88,107823,202379,5085999.838,471.68,471.16,AU
97,AU2312,2023-09-22,469.22,472.02,468.02,470.48,142986,204284,6722329.552,470.12,471.68,AU
97,AU2312,2023-09-25,470.88,471.78,469.62,471.48,75993,204002,3577569.184,470.76,470.12,AU
97,AU2312,2023-09-26,472.0,472.2,470.3,470.6,95477,204379,4497734.994,471.08,470.76,AU
97,AU2312,2023-09-27,470.2,470.7,465.16,466.9,150432,195417,7044818.348,468.3,471.08,AU
97,AU2312,2023-09-28,465.04,465.74,455.0,459.5,217875,195595,10042586.62,460.92,468.3,AU
97,AU2312,2023-10-09,454.0,456.0,451.74,454.8,93951,188401,4270023.474,454.48,460.92,AU
97,AU2312,2023-10-10,453.04,454.4,450.06,450.58,152411,185579,6886914.136,451.86,454.48,AU
97,AU2312,2023-10-11,450.7,451.44,449.32,450.4,104754,178091,4717774.46,450.36,451.86,AU
97,AU2312,2023-10-12,451.92,454.04,450.94,453.66,98888,173726,4472731.396,452.3,450.36,AU
97,AU2312,2023-10-13,453.64,455.28,452.5,454.92,84889,167411,3852014.78,453.76,452.3,AU
97,AU2312,2023-10-16,461.4,465.76,459.72,461.2,179577,159552,8302981.186,462.36,453.76,AU
97,AU2312,2023-10-17,462.02,463.42,461.6,463.4,77915,155999,3605102.722,462.68,462.36,AU
97,AU2312,2023-10-18,465.04,468.18,463.88,467.94,116649,152948,5437127.838,466.1,462.68,AU
97,AU2312,2023-10-19,470.0,472.18,468.2,471.26,149768,154367,7043461.086,470.28,466.1,AU
97,AU2312,2023-10-20,472.46,477.56,471.44,476.68,170199,157375,8076767.67,474.54,470.28,AU
97,AU2312,2023-10-23,475.78,479.44,473.56,476.0,174064,155737,8295591.654,476.58,474.54,AU
97,AU2312,2023-10-24,476.0,476.7,474.5,475.2,103453,152349,4918728.01,475.44,476.58,AU
97,AU2312,2023-10-25,473.52,475.36,472.22,473.92,116511,146892,5519826.316,473.76,475.44,AU
97,AU2312,2023-10-26,474.66,477.22,472.6,476.66,150524,144170,7161241.746,475.74,473.76,AU
97,AU2312,2023-10-27,475.46,477.58,474.24,476.98,129089,135504,6144554.302,475.98,475.74,AU
97,AU2312,2023-10-30,475.98,482.34,475.62,478.12,135419,125881,6478387.454,478.38,475.98,AU
97,AU2312,2023-10-31,478.36,480.12,478.12,478.94,111271,114676,5329697.07,478.98,478.38,AU
99,AU2402,2023-11-01,479.56,482.08,476.96,477.86,123074,177101,5898620.136,479.26,480.02,AU
99,AU2402,2023-11-02,478.78,479.56,477.06,478.72,114608,183499,5483241.324,478.42,479.26,AU
99,AU2402,2023-11-03,479.0,479.28,477.08,478.2,121323,183840,5797834.772,477.88,478.42,AU
99,AU2402,2023-11-06,480.5,480.5,475.44,475.96,211131,184269,10102046.238,478.46,477.88,AU
99,AU2402,2023-11-07,475.8,476.76,473.66,474.0,123570,185431,5871109.962,475.12,478.46,AU
99,AU2402,2023-11-08,471.5,473.28,470.38,471.84,153684,183809,7252804.566,471.92,475.12,AU
99,AU2402,2023-11-09,471.44,472.38,468.44,468.9,161457,183936,7595027.75,470.4,471.92,AU
99,AU2402,2023-11-10,468.48,472.38,467.84,471.36,167802,183277,7897389.98,470.62,470.4,AU
99,AU2402,2023-11-13,469.44,470.12,467.3,469.98,154240,186537,7235111.614,469.08,470.62,AU
99,AU2402,2023-11-14,468.86,471.7,468.34,471.52,127375,187768,5986408.954,469.98,469.08,AU
99,AU2402,2023-11-15,471.26,474.24,470.48,472.98,169300,189569,8005477.832,472.84,469.98,AU
98,AU2402,2023-11-16,473.38,473.38,471.04,471.86,139289,190893,6576174.302,472.12,472.84,AU
98,AU2402,2023-11-17,471.76,474.44,471.28,473.44,157391,196056,7446569.662,473.12,472.12,AU
98,AU2402,2023-11-20,472.22,472.96,467.94,468.0,169359,197106,7972540.754,470.74,473.12,AU
98,AU2402,2023-11-21,466.7,467.34,463.82,466.98,176755,196248,8231164.08,465.68,470.74,AU
98,AU2402,2023-11-22,466.64,469.7,465.48,466.1,210209,201731,9835460.332,467.88,465.68,AU
98,AU2402,2023-11-23,467.0,468.1,464.46,465.46,156914,199626,7317726.438,466.34,467.88,AU
98,AU2402,2023-11-24,465.08,465.96,464.86,465.9,82652,198939,3846587.438,465.38,466.34,AU
98,AU2402,2023-11-27,466.16,471.2,466.16,470.08,174440,191754,8168883.932,468.28,465.38,AU
98,AU2402,2023-11-28,470.86,472.12,469.74,471.6,133867,193020,6304559.74,470.94,468.28,AU
98,AU2402,2023-11-29,471.6,477.0,471.22,475.46,204742,200916,9713441.262,474.42,470.94,AU
98,AU2402,2023-11-30,475.16,476.48,474.72,475.72,141553,203317,6733348.734,475.66,474.42,AU
98,AU2402,2023-12-01,475.4,476.7,474.32,475.78,140499,204166,6677433.242,475.26,475.66,AU
98,AU2402,2023-12-04,475.2,486.48,474.46,481.62,220202,206229,10572934.302,480.14,475.26,AU
98,AU2402,2023-12-05,480.52,481.38,472.38,475.0,244094,198339,11617400.264,475.92,480.14,AU
98,AU2402,2023-12-06,473.74,474.7,471.38,474.08,148771,197578,7042240.44,473.36,475.92,AU
98,AU2402,2023-12-07,474.0,475.94,474.0,474.88,127302,197216,6047026.376,475.0,473.36,AU
98,AU2402,2023-12-08,475.28,476.58,473.28,475.2,120772,194309,5736833.202,475.0,475.0,AU
98,AU2402,2023-12-11,475.0,475.18,469.92,471.6,171635,190295,8101409.676,472.0,475.0,AU
98,AU2402,2023-12-12,470.78,470.78,467.7,469.9,121372,185592,5697323.736,469.4,472.0,AU
98,AU2402,2023-12-13,469.86,471.52,468.58,469.02,129229,177187,6069052.248,469.62,469.4,AU
98,AU2402,2023-12-14,469.72,477.94,468.74,476.2,118460,177733,5603946.386,473.06,469.62,AU
98,AU2402,2023-12-15,476.54,477.16,474.34,475.46,123606,172647,5879877.69,475.68,473.06,AU
97,AU2402,2023-12-18,476.52,476.6,473.0,474.9,117349,171748,5574424.686,475.02,475.68,AU
97,AU2402,2023-12-19,475.04,476.92,474.64,475.9,69023,169353,3282227.62,475.52,475.02,AU
97,AU2402,2023-12-20,476.3,477.86,475.56,476.92,86361,172115,4117833.788,476.8,475.52,AU
97,AU2402,2023-12-21,476.1,477.46,475.46,477.02,88478,169432,4215871.498,476.48,476.8,AU
97,AU2402,2023-12-22,477.06,480.9,476.3,479.54,123188,167366,5896106.01,478.62,476.48,AU
97,AU2402,2023-12-25,481.22,482.92,479.36,480.8,126682,159260,6094838.022,481.1,478.62,AU
97,AU2402,2023-12-26,481.0,481.78,480.5,481.4,60716,152602,2921130.584,481.1,481.1,AU
97,AU2402,2023-12-27,481.06,483.12,479.6,482.6,78178,144614,3764429.216,481.52,481.1,AU
97,AU2402,2023-12-28,483.42,485.38,482.82,483.6,94297,137197,4565730.342,484.18,481.52,AU
97,AU2402,2023-12-29,481.6,482.68,479.86,481.7,112640,106807,5422875.176,481.42,484.18,AU
99,AU2404,2024-01-02,482.06,484.32,481.38,484.1,39658,152262,1915746.73,483.06,482.26,AU
99,AU2404,2024-01-03,483.7,484.26,482.0,483.58,103087,159693,4983891.694,483.46,483.06,AU
99,AU2404,2024-01-04,480.8,482.12,478.9,481.64,153003,162541,7349570.926,480.34,483.46,AU
99,AU2404,2024-01-05,481.74,483.18,480.86,482.38,94913,164224,4575188.042,482.04,480.34,AU
99,AU2404,2024-01-08,481.5,484.52,480.06,481.72,195026,166978,9406523.74,482.32,482.04,AU
99,AU2404,2024-01-09,479.68,482.0,478.82,481.02,130398,166784,6265627.158,480.5,482.32,AU
99,AU2404,2024-01-10,481.2,482.26,479.76,479.86,126122,169229,6067780.69,481.1,480.5,AU
99,AU2404,2024-01-11,480.62,481.48,479.48,480.24,115386,167979,5543488.086,480.42,481.1,AU
99,AU2404,2024-01-12,480.28,482.3,477.68,480.78,206543,171505,9912877.94,479.94,480.42,AU
99,AU2404,2024-01-15,482.7,484.4,482.04,483.58,183843,178695,8885995.89,483.34,479.94,AU
98,AU2404,2024-01-16,483.58,484.0,482.92,483.34,79238,180945,3830044.902,483.34,483.34,AU
98,AU2404,2024-01-17,482.0,483.18,479.42,479.66,194971,177231,9390317.674,481.62,483.34,AU
98,AU2404,2024-01-18,480.94,480.98,478.06,478.72,154120,173928,7389197.058,479.44,481.62,AU
98,AU2404,2024-01-19,479.2,480.74,478.46,480.36,102473,171230,4915205.664,479.64,479.44,AU
98,AU2404,2024-01-22,481.7,482.24,478.64,478.88,152765,169402,7343444.012,480.7,479.64,AU
98,AU2404,2024-01-23,480.3,480.3,477.22,479.18,119090,167077,5702290.954,478.82,480.7,AU
98,AU2404,2024-01-24,478.52,478.84,477.74,478.66,89558,163942,4284309.26,478.38,478.82,AU
98,AU2404,2024-01-25,478.96,479.16,476.32,476.84,158471,165828,7566403.45,477.46,478.38,AU
98,AU2404,2024-01-26,476.84,478.98,476.4,478.72,135260,161770,6464223.028,477.9,477.46,AU
98,AU2404,2024-01-29,478.72,480.44,477.96,480.04,125295,162194,6003577.312,479.14,477.9,AU
98,AU2404,2024-01-30,480.08,481.32,479.12,481.0,121527,163600,5837424.094,480.32,479.14,AU
98,AU2404,2024-01-31,481.42,482.74,480.58,481.58,145507,166590,7006344.492,481.5,480.32,AU
98,AU2404,2024-02-01,482.0,483.72,481.58,482.84,124204,170301,5994767.356,482.64,481.5,AU
98,AU2404,2024-02-02,481.5,484.9,480.84,484.82,154979,177788,7488381.988,483.18,482.64,AU
98,AU2404,2024-02-05,484.56,485.18,481.0,481.44,155373,167263,7497648.298,482.54,483.18,AU
98,AU2404,2024-02-06,480.38,481.86,479.76,480.66,86678,162750,4166590.514,480.68,482.54,AU
98,AU2404,2024-02-07,480.1,482.78,480.1,482.1,81489,162905,3927075.234,481.9,480.68,AU
98,AU2404,2024-02-08,482.86,484.28,482.36,483.54,68874,162056,3329585.702,483.42,481.9,AU
98,AU2404,2024-02-19,480.96,481.48,479.66,480.7,48395,157903,2325572.56,480.52,483.42,AU
97,AU2404,2024-02-20,480.2,481.06,480.08,480.42,50524,148828,2427548.432,480.46,480.52,AU
97,AU2404,2024-02-21,481.4,482.08,480.3,480.42,77555,145169,3732007.274,481.2,480.46,AU
97,AU2404,2024-02-22,480.7,481.02,479.32,480.06,53842,143293,2585290.2,480.16,481.2,AU
97,AU2404,2024-02-23,480.08,480.54,478.52,478.96,75190,142763,3606544.76,479.64,480.16,AU
97,AU2404,2024-02-26,479.96,481.8,479.74,481.54,84933,137700,4084450.048,480.9,479.64,AU
97,AU2404,2024-02-27,481.22,481.7,480.22,481.42,74016,123074,3561052.116,481.1,480.9,AU
97,AU2404,2024-02-28,482.1,482.3,481.12,481.28,90141,83882,4341881.002,481.66,481.1,AU
97,AU2404,2024-02-29,481.16,482.2,481.04,481.82,56471,75837,2720461.884,481.74,481.66,AU
97,AU2404,2024-03-01,480.8,484.04,480.8,483.8,82921,73095,4005883.722,483.08,481.74,AU
99,AU2406,2024-03-04,485.7,491.6,484.3,490.8,142439,201728,6962083.958,488.76,483.92,AU
99,AU2406,2024-03-05,490.44,498.24,490.44,497.36,223914,217027,11094935.626,495.48,488.76,AU
99,AU2406,2024-03-06,498.64,502.56,498.1,500.7,230223,226577,11504359.152,499.7,495.48,AU
99,AU2406,2024-03-07,501.9,507.0,500.6,505.88,242473,232372,12201325.286,503.2,499.7,AU
99,AU2406,2024-03-08,506.12,507.54,503.3,506.28,188923,230787,9548373.95,505.4,503.2,AU
99,AU2406,2024-03-11,507.0,511.66,505.06,508.3,304482,233524,15482772.354,508.48,505.4,AU
99,AU2406,2024-03-12,507.4,509.26,506.22,506.74,143399,232204,7285149.42,508.02,508.48,AU
99,AU2406,2024-03-13,505.92,506.2,503.94,505.62,181051,224985,9142768.026,504.98,508.02,AU
99,AU2406,2024-03-14,506.3,509.86,505.94,506.34,165628,226692,8407636.968,507.62,504.98,AU
99,AU2406,2024-03-15,505.08,508.4,504.74,508.16,136994,231111,6937547.74,506.4,507.62,AU
98,AU2406,2024-03-18,506.46,508.16,503.36,504.04,161567,224743,8174068.954,505.92,506.4,AU
98,AU2406,2024-03-19,506.2,506.78,504.28,505.22,126762,223609,6410048.112,505.66,505.92,AU
98,AU2406,2024-03-20,505.38,506.32,504.44,505.74,92479,224869,4674917.402,505.5,505.66,AU
98,AU2406,2024-03-21,505.24,516.0,504.9,515.7,238295,234834,12171548.222,510.76,505.5,AU
98,AU2406,2024-03-22,515.5,515.94,508.82,512.48,253868,228361,12992005.524,511.76,510.76,AU
98,AU2406,2024-03-25,513.54,516.66,511.56,513.42,230031,232983,11824632.06,514.04,511.76,AU
98,AU2406,2024-03-26,514.56,515.54,513.42,514.2,127396,226697,6554572.58,514.5,514.04,AU
98,AU2406,2024-03-27,517.02,519.24,514.34,516.42,231783,222000,11972705.81,516.54,514.5,AU
98,AU2406,2024-03-28,518.0,520.0,516.54,520.0,199172,229199,10318214.502,518.04,516.54,AU
98,AU2406,2024-03-29,523.12,532.54,519.6,531.3,324507,235163,17041954.412,525.16,518.04,AU
98,AU2406,2024-04-01,530.2,535.16,528.22,534.04,254438,232639,13544888.17,532.34,525.16,AU
98,AU2406,2024-04-02,532.92,534.92,528.26,534.74,319259,226252,16971276.308,531.58,532.34,AU
98,AU2406,2024-04-03,534.96,541.8,533.74,541.52,381323,221474,20499687.204,537.58,531.58,AU
98,AU2406,2024-04-08,545.58,560.78,543.28,554.74,388087,218577,21474162.954,553.32,537.58,AU
98,AU2406,2024-04-09,553.8,559.2,550.96,556.92,367778,211408,20425748.18,555.38,553.32,AU
98,AU2406,2024-04-10,558.02,560.88,555.14,558.78,414953,203451,23171587.88,558.4,555.38,AU
98,AU2406,2024-04-11,556.34,558.64,552.14,555.22,455540,195800,25307956.9,555.54,558.4,AU
98,AU2406,2024-04-12,556.2,570.56,555.3,570.5,367618,201747,20672484.23,562.32,555.54,AU
98,AU2406,2024-04-15,570.42,588.28,559.5,563.88,838531,182620,47942429.438,571.74,562.32,AU
97,AU2406,2024-04-16,563.96,571.5,555.5,567.0,537914,177218,30299852.008,563.28,571.74,AU
97,AU2406,2024-04-17,567.02,572.96,564.44,567.78,487229,176633,27689565.606,568.3,563.28,AU
97,AU2406,2024-04-18,568.2,570.96,558.82,565.52,387539,166054,21924092.25,565.72,568.3,AU
97,AU2406,2024-04-19,566.56,576.12,562.06,568.3,451771,161989,25647589.472,567.7,565.72,AU
97,AU2406,2024-04-22,566.48,570.36,557.52,558.42,235816,163006,13320257.716,564.84,567.7,AU
97,AU2406,2024-04-23,553.9,556.18,543.72,544.84,241289,149695,13286052.152,550.62,564.84,AU
97,AU2406,2024-04-24,546.8,552.34,546.02,551.0,194167,147224,10676407.774,549.84,550.62,AU
97,AU2406,2024-04-25,550.64,554.5,546.5,550.28,168167,134439,9259009.168,550.58,549.84,AU
97,AU2406,2024-04-26,552.0,555.2,547.78,554.58,167016,128613,9212319.496,551.58,550.58,AU
97,AU2406,2024-04-29,555.58,557.18,550.38,551.46,129272,117838,7152181.664,553.26,551.58,AU
99,AU2408,2024-04-30,553.42,555.36,549.96,551.72,102986,137452,5693067.374,552.8,555.02,AU
99,AU2408,2024-05-06,542.56,548.46,542.2,548.32,88686,145249,4844829.298,546.28,552.8,AU
99,AU2408,2024-05-07,549.6,552.12,548.86,549.82,134427,152555,7397260.85,550.28,546.28,AU
99,AU2408,2024-05-08,548.96,550.98,547.1,549.0,139701,158101,7674235.09,549.32,550.28,AU
99,AU2408,2024-05-09,549.3,550.24,547.52,548.1,132501,161484,7272181.816,548.82,549.32,AU
99,AU2408,2024-05-10,550.04,561.58,548.44,561.4,221130,175824,12251176.072,554.02,548.82,AU
99,AU2408,2024-05-13,560.14,562.36,557.06,557.62,218976,176328,12254117.828,559.6,554.02,AU
99,AU2408,2024-05-14,557.24,557.9,554.38,554.62,150091,174412,8346104.2,556.06,559.6,AU
99,AU2408,2024-05-15,556.98,559.9,556.14,559.02,155143,179472,8659772.966,558.18,556.06,AU
98,AU2408,2024-05-16,561.5,567.16,557.38,564.42,244803,184417,13779556.298,562.88,558.18,AU
98,AU2408,2024-05-17,563.16,564.96,561.32,564.86,143240,184510,8064680.914,563.0,562.88,AU
98,AU2408,2024-05-20,566.86,582.44,566.4,578.84,352510,201747,20252311.862,574.5,563.0,AU
98,AU2408,2024-05-21,572.92,581.22,571.0,572.22,288222,195252,16585422.548,575.42,574.5,AU
98,AU2408,2024-05-22,575.52,577.66,571.82,573.32,193737,194102,11134223.502,574.7,575.42,AU
98,AU2408,2024-05-23,572.16,572.76,556.88,559.72,298603,182550,16847696.19,564.2,574.7,AU
98,AU2408,2024-05-24,559.54,560.9,550.46,554.48,250531,181506,13908337.176,555.14,564.2,AU
98,AU2408,2024-05-27,554.3,557.76,553.44,555.78,157096,180776,8725727.172,555.42,555.14,AU
98,AU2408,2024-05-28,557.5,560.38,555.82,555.96,162654,180724,9085694.488,558.58,555.42,AU
98,AU2408,2024-05-29,558.5,561.98,557.16,559.7,197437,182283,11048369.218,559.58,558.58,AU
98,AU2408,2024-05-30,555.96,558.52,551.54,554.2,179983,180798,9999539.42,555.58,559.58,AU
98,AU2408,2024-05-31,555.68,557.96,554.36,556.86,142963,180458,7953662.978,556.34,555.58,AU
98,AU2408,2024-06-03,559.24,560.62,548.82,551.56,219911,177030,12187877.984,554.2,556.34,AU
98,AU2408,2024-06-04,553.98,557.68,552.48,556.24,143303,174072,7956740.722,555.22,554.2,AU
98,AU2408,2024-06-05,553.44,555.54,549.4,553.62,166558,171999,9198028.382,552.24,555.22,AU
98,AU2408,2024-06-06,556.0,564.4,554.2,562.14,198820,181560,11120225.172,559.3,552.24,AU
98,AU2408,2024-06-07,560.1,565.62,558.56,562.3,187056,183009,10520630.638,562.42,559.3,AU
98,AU2408,2024-06-11,548.84,548.86,543.9,544.78,114009,171918,6221528.422,545.7,562.42,AU
98,AU2408,2024-06-12,548.08,548.82,545.52,548.04,114508,167965,6268787.142,547.44,545.7,AU
98,AU2408,2024-06-13,552.76,553.7,545.86,548.44,172406,166473,9478882.046,549.8,547.44,AU
98,AU2408,2024-06-14,549.32,549.8,543.52,548.48,154506,164110,8449003.136,546.82,549.8,AU
98,AU2408,2024-06-17,552.4,553.44,548.9,549.46,151503,162957,8355607.51,551.5,546.82,AU
97,AU2408,2024-06-18,549.6,551.56,548.12,550.08,102515,159256,5640409.784,550.2,551.5,AU
97,AU2408,2024-06-19,548.7,552.92,548.68,552.4,112158,162498,6183720.034,551.34,550.2,AU
97,AU2408,2024-06-20,552.16,557.54,551.4,557.16,113593,166218,6294488.384,554.12,551.34,AU
97,AU2408,2024-06-21,556.0,561.96,555.82,559.74,138885,165287,7773069.62,559.66,554.12,AU
97,AU2408,2024-06-24,560.26,561.66,550.5,551.18,179860,156262,9967353.84,554.16,559.66,AU
97,AU2408,2024-06-25,552.1,554.3,551.3,552.16,95922,150594,5299279.824,552.44,554.16,AU
97,AU2408,2024-06-26,551.9,552.76,546.8,548.7,173933,118974,9568092.416,550.1,552.44,AU
97,AU2408,2024-06-27,548.48,548.48,544.0,545.4,124778,116018,6803706.93,545.26,550.1,AU
97,AU2408,2024-06-28,550.22,551.84,549.04,551.52,112648,110091,6200779.224,550.44,545.26,AU
97,AU2408,2024-07-01,553.3,554.1,549.4,551.42,104127,104969,5743947.564,551.62,550.44,AU
97,AU2408,2024-07-02,552.22,553.16,550.18,552.48,89881,102440,4961953.312,552.04,551.62,AU
97,AU2408,2024-07-03,552.08,556.12,550.9,555.7,115409,99858,6379088.18,552.72,552.04,AU
97,AU2408,2024-07-04,557.88,560.26,556.76,558.34,109938,97547,6142588.684,558.72,552.72,AU
97,AU2408,2024-07-05,558.38,560.12,557.64,559.66,62181,96114,3475579.546,558.94,558.72,AU
97,AU2408,2024-07-08,561.18,565.36,560.6,560.74,124643,93697,7018666.03,563.1,558.94,AU
97,AU2408,2024-07-09,560.12,561.94,555.38,558.66,89396,91030,4996694.398,558.92,563.1,AU
99,AU2410,2024-07-10,560.24,563.54,558.16,563.4,99705,135962,5595811.644,561.22,561.26,AU
99,AU2410,2024-07-11,564.8,566.48,563.06,565.46,119991,149987,6776491.4,564.74,561.22,AU
99,AU2410,2024-07-12,570.7,572.68,566.8,568.54,208248,160414,11863607.56,569.68,564.74,AU
99,AU2410,2024-07-15,566.8,571.44,566.24,568.34,151999,166090,8652073.446,569.2,569.68,AU
98,AU2410,2024-07-16,570.16,574.98,569.54,574.94,202686,182460,11609206.772,572.76,569.2,AU
98,AU2410,2024-07-17,574.86,585.84,574.4,581.56,308940,189097,17940960.376,580.72,572.76,AU
98,AU2410,2024-07-18,582.08,584.22,575.72,581.48,282721,188199,16400606.842,580.08,580.72,AU
98,AU2410,2024-07-19,580.0,580.54,563.82,565.94,307286,175466,17619286.648,573.38,580.08,AU
98,AU2410,2024-07-22,562.2,567.22,559.7,565.4,246819,170775,13914681.224,563.76,573.38,AU
98,AU2410,2024-07-23,563.76,566.92,561.32,562.6,214986,169409,12119329.398,563.72,563.76,AU
98,AU2410,2024-07-24,565.24,569.82,564.12,569.64,203989,177103,11561221.12,566.74,563.72,AU
98,AU2410,2024-07-25,570.52,571.48,554.4,555.68,342097,177651,19268516.732,563.24,566.74,AU
98,AU2410,2024-07-26,554.86,559.28,551.16,557.38,267377,178847,14836221.564,554.88,563.24,AU
98,AU2410,2024-07-29,559.58,564.6,557.84,561.24,224332,176731,12576615.588,560.62,554.88,AU
98,AU2410,2024-07-30,561.8,562.5,555.5,562.02,230894,173237,12922239.092,559.66,560.62,AU
98,AU2410,2024-07-31,560.86,568.3,559.34,566.28,263948,175987,14870073.258,563.36,559.66,AU
98,AU2410,2024-08-01,566.52,573.48,565.5,570.9,228522,178178,13006016.552,569.12,563.36,AU
98,AU2410,2024-08-02,572.42,574.3,568.18,574.04,263385,180478,15057026.574,571.66,569.12,AU
98,AU2410,2024-08-05,574.42,575.38,554.78,559.94,489030,174392,27538848.716,563.12,571.66,AU
98,AU2410,2024-08-06,546.0,559.16,545.44,554.18,349865,167620,19342683.864,552.86,563.12,AU
98,AU2410,2024-08-07,552.6,556.96,551.8,556.06,256432,166657,14209603.694,554.12,552.86,AU
98,AU2410,2024-08-08,557.82,558.08,552.8,556.1,181575,165949,10090133.99,555.7,554.12,AU
98,AU2410,2024-08-09,558.8,563.1,557.32,560.7,207332,164266,11618812.83,560.38,555.7,AU
98,AU2410,2024-08-12,562.3,565.48,560.0,565.3,172725,162861,9717337.284,562.58,560.38,AU
98,AU2410,2024-08-13,566.54,572.8,565.96,569.46,201710,166111,11482809.648,569.26,562.58,AU
98,AU2410,2024-08-14,569.7,570.5,565.06,568.22,177542,163666,10087425.02,568.16,569.26,AU
98,AU2410,2024-08-15,568.2,568.28,561.32,566.98,200643,160343,11330561.264,564.7,568.16,AU
97,AU2410,2024-08-16,565.18,569.56,563.0,567.74,196532,161705,11145411.488,567.1,564.7,AU
97,AU2410,2024-08-19,574.0,576.38,570.4,573.7,282788,164144,16209160.756,573.18,567.1,AU
97,AU2410,2024-08-20,571.66,575.16,570.7,574.24,190591,165080,10923692.106,573.14,573.18,AU
97,AU2410,2024-08-21,578.0,578.88,571.74,576.2,228314,165001,13147151.902,575.82,573.14,AU
97,AU2410,2024-08-22,575.2,576.78,572.08,574.46,191513,161858,10995676.336,574.14,575.82,AU
97,AU2410,2024-08-23,573.98,574.0,567.76,572.58,205112,155674,11712309.614,571.02,574.14,AU
97,AU2410,2024-08-26,574.2,576.34,572.22,576.2,218021,155282,12526035.172,574.52,571.02,AU
97,AU2410,2024-08-27,577.34,578.1,573.8,575.94,193436,133783,11137693.01,575.78,574.52,AU
97,AU2410,2024-08-28,575.2,577.7,574.0,575.16,177033,126012,10194697.026,575.86,575.78,AU
97,AU2410,2024-08-29,574.0,577.1,572.84,575.06,178399,122234,10266759.484,575.48,575.86,AU
97,AU2410,2024-08-30,573.3,576.98,572.88,574.06,208353,115051,11976519.216,574.8,575.48,AU
97,AU2410,2024-09-02,574.4,574.4,569.22,570.82,208531,107238,11919053.626,571.56,574.8,AU
97,AU2410,2024-09-03,572.38,572.88,570.1,572.12,109032,104324,6234674.364,571.82,571.56,AU
97,AU2410,2024-09-04,571.5,572.3,567.12,568.22,194110,95910,11053748.846,569.44,571.82,AU
97,AU2410,2024-09-05,569.0,572.36,567.42,572.04,168500,90347,9604615.806,570.0,569.44,AU
97,AU2410,2024-09-06,574.0,574.3,571.4,573.68,142148,89056,8145125.512,573.0,570.0,AU
97,AU2410,2024-09-09,574.4,574.5,567.04,569.22,252306,82376,14401441.68,570.78,573.0,AU
97,AU2410,2024-09-10,572.02,573.62,570.2,573.24,121401,81092,6945288.728,572.08,570.78,AU
97,AU2410,2024-09-11,575.16,576.56,571.88,576.12,145026,78225,8331004.746,574.44,572.08,AU
97,AU2410,2024-09-12,573.62,575.78,572.0,575.22,136237,71303,7818196.11,573.86,574.44,AU
97,AU2410,2024-09-13,577.24,585.2,576.12,583.58,185281,72187,10773879.774,581.48,573.86,AU
97,AU2410,2024-09-18,584.88,585.88,582.62,582.98,50534,66725,2950565.366,583.86,581.48,AU
98,AU2412,2024-09-19,585.58,589.2,581.3,583.88,129416,204531,7562144.284,584.32,585.7,AU
98,AU2412,2024-09-20,584.82,591.0,584.54,590.62,157150,219641,9224797.0,587.0,584.32,AU
98,AU2412,2024-09-23,592.58,596.32,589.68,595.14,219129,223747,12996257.692,593.08,587.0,AU
98,AU2412,2024-09-24,595.36,597.36,593.0,594.24,215966,220257,12865891.724,595.72,593.08,AU
98,AU2412,2024-09-25,594.2,601.88,593.78,598.36,229488,220984,13714681.362,597.62,595.72,AU
98,AU2412,2024-09-26,599.72,601.96,598.84,599.9,167856,219750,10076539.458,600.3,597.62,AU
98,AU2412,2024-09-27,601.84,602.3,597.02,599.42,210996,213171,12653367.44,599.68,600.3,AU
98,AU2412,2024-09-30,600.02,600.2,593.82,596.72,218851,206127,13057473.458,596.62,599.68,AU
98,AU2412,2024-10-08,598.0,599.8,595.8,596.22,104048,206129,6221197.852,597.9,596.62,AU
98,AU2412,2024-10-09,597.94,598.2,588.02,588.56,244379,198181,14455968.246,591.52,597.9,AU
98,AU2412,2024-10-10,590.54,591.18,587.32,590.7,157441,190664,9281361.874,589.5,591.52,AU
98,AU2412,2024-10-11,592.28,599.46,591.48,597.38,192063,187991,11430195.852,595.12,589.5,AU
98,AU2412,2024-10-14,597.38,604.4,597.18,603.3,170494,196568,10235608.558,600.34,595.12,AU
98,AU2412,2024-10-15,601.0,603.96,599.3,603.64,165111,194569,9935473.456,601.74,600.34,AU
97,AU2412,2024-10-16,603.46,612.0,603.18,611.98,230572,200322,14008152.772,607.52,601.74,AU
97,AU2412,2024-10-17,612.8,615.16,610.24,614.26,216396,200204,13261178.47,612.8,607.52,AU
97,AU2412,2024-10-18,613.88,622.88,613.18,619.06,322031,195366,19910327.236,618.26,612.8,AU
97,AU2412,2024-10-21,619.14,626.08,617.72,625.82,250464,196470,15582063.68,622.12,618.26,AU
97,AU2412,2024-10-22,627.34,628.38,621.0,626.5,254333,187431,15903726.532,625.3,622.12,AU
97,AU2412,2024-10-23,627.42,630.44,625.54,629.96,227818,190448,14305503.4,627.92,625.3,AU
97,AU2412,2024-10-24,628.72,628.72,617.84,624.54,351695,174608,21893925.562,622.52,627.92,AU
97,AU2412,2024-10-25,625.14,626.66,620.84,624.72,238915,165430,14902883.512,623.76,622.52,AU
97,AU2412,2024-10-28,624.3,627.8,621.88,626.58,238811,155368,14924080.246,624.92,623.76,AU
97,AU2412,2024-10-29,625.14,631.88,624.7,631.8,196824,158500,12376907.496,628.82,624.92,AU
97,AU2412,2024-10-30,630.8,639.48,630.04,638.62,238598,158293,15152193.138,635.04,628.82,AU
97,AU2412,2024-10-31,637.6,639.3,633.72,635.66,263617,145778,16780319.272,636.54,635.04,AU
97,AU2412,2024-11-01,633.86,634.0,624.18,629.72,323563,134619,20343129.62,628.72,636.54,AU
97,AU2412,2024-11-04,630.38,632.76,623.22,625.38,258488,124428,16228896.864,627.82,628.72,AU
97,AU2412,2024-11-05,625.5,626.78,621.4,625.02,175810,118123,10980995.506,624.58,627.82,AU
97,AU2412,2024-11-06,624.8,630.94,622.1,624.06,291828,114179,18296564.214,626.96,624.58,AU
97,AU2412,2024-11-07,621.66,622.0,610.7,611.32,362522,106837,22273842.498,614.4,626.96,AU
97,AU2412,2024-11-08,613.2,619.6,613.0,615.48,254000,102813,15653771.362,616.28,614.4,AU
97,AU2412,2024-11-11,617.72,621.9,614.3,615.78,236935,94600,14646928.206,618.18,616.28,AU
97,AU2412,2024-11-12,613.0,613.98,604.62,605.66,249456,89060,15167343.18,608.0,618.18,AU
97,AU2412,2024-11-13,604.1,607.16,602.54,604.46,188002,86327,11372512.802,604.9,608.0,AU
97,AU2412,2024-11-14,604.9,606.1,592.22,593.1,252658,82258,15169824.644,600.4,604.9,AU
97,AU2412,2024-11-15,592.48,597.18,592.12,593.3,190670,80118,11338055.078,594.64,600.4,AU
96,AU2412,2024-11-18,594.6,602.42,593.1,600.6,214624,78846,12822892.502,597.44,594.64,AU
96,AU2412,2024-11-19,602.14,610.12,601.7,609.84,156382,74960,9473402.186,605.78,597.44,AU
96,AU2412,2024-11-20,612.54,613.56,608.22,610.6,172759,67253,10558350.332,611.16,605.78,AU
98,AU2502,2024-11-21,613.8,620.22,613.4,619.94,173504,170696,10711092.51,617.32,613.38,AU
98,AU2502,2024-11-22,620.24,627.96,619.52,627.88,243349,180353,15160827.816,623.0,617.32,AU
98,AU2502,2024-11-25,630.0,631.14,616.84,619.16,405143,174508,25351389.47,625.72,623.0,AU
98,AU2502,2024-11-26,622.0,623.34,607.6,610.84,395721,166451,24288329.91,613.76,625.72,AU
98,AU2502,2024-11-27,612.6,616.86,609.3,616.46,318560,168097,19521217.682,612.78,613.76,AU
98,AU2502,2024-11-28,617.02,618.48,608.6,613.2,358088,172214,21974890.918,613.66,612.78,AU
98,AU2502,2024-11-29,615.0,619.24,611.42,618.8,279763,176302,17215243.438,615.34,613.66,AU
98,AU2502,2024-12-02,618.14,619.46,610.34,613.28,312505,173499,19229870.312,615.34,615.34,AU
98,AU2502,2024-12-03,617.04,620.52,615.22,619.32,253047,174879,15632581.31,617.76,615.34,AU
98,AU2502,2024-12-04,617.7,621.18,616.88,618.22,256109,170305,15849095.486,618.84,617.76,AU
98,AU2502,2024-12-05,616.0,620.4,614.74,618.4,247844,171666,15326448.638,618.38,618.84,AU
98,AU2502,2024-12-06,619.2,619.74,610.72,615.94,312138,163056,19205650.558,615.28,618.38,AU
98,AU2502,2024-12-09,615.78,620.88,612.82,619.12,294562,162414,18164809.142,616.66,615.28,AU
98,AU2502,2024-12-10,620.7,624.88,619.94,621.44,261386,164398,16267283.104,622.34,616.66,AU
98,AU2502,2024-12-11,624.2,629.4,622.7,627.06,299505,174105,18749094.086,626.0,622.34,AU
98,AU2502,2024-12-12,627.4,632.06,626.28,631.38,260864,176609,16415600.466,629.26,626.0,AU
98,AU2502,2024-12-13,628.6,630.0,622.7,625.6,297976,171425,18651694.49,625.94,629.26,AU
98,AU2502,2024-12-16,622.38,623.0,617.68,619.72,215352,163861,13356172.608,620.2,625.94,AU
97,AU2502,2024-12-17,621.1,622.7,618.36,619.14,175582,153307,10899842.926,620.78,620.2,AU
97,AU2502,2024-12-18,617.5,620.12,615.26,618.5,170427,152072,10527112.954,617.68,620.78,AU
97,AU2502,2024-12-19,618.1,619.58,608.88,613.52,232966,151916,14320659.066,614.7,617.68,AU
97,AU2502,2024-12-20,613.0,614.4,609.4,613.94,238580,151390,14590825.906,611.56,614.7,AU
97,AU2502,2024-12-23,613.3,620.38,612.68,620.14,238867,150296,14742351.618,617.16,611.56,AU
97,AU2502,2024-12-24,617.16,618.44,615.6,617.58,166109,142939,10252236.238,617.18,617.16,AU
97,AU2502,2024-12-25,616.56,619.78,615.84,619.0,121378,143306,7494338.866,617.42,617.18,AU
97,AU2502,2024-12-26,619.32,621.2,617.2,619.74,86289,141497,5346231.346,619.56,617.42,AU
97,AU2502,2024-12-27,619.74,621.92,618.6,620.22,152084,139590,9436220.982,620.46,619.56,AU
97,AU2502,2024-12-30,618.9,619.42,615.66,617.66,193424,116790,11946095.676,617.6,620.46,AU
97,AU2502,2024-12-31,618.78,619.2,614.92,617.6,185333,104047,11429222.81,616.68,617.6,AU
97,AU2502,2025-01-02,621.84,624.14,621.32,622.4,86999,103372,5415610.678,622.48,616.68,AU
97,AU2502,2025-01-03,625.7,628.8,623.38,627.96,175468,102944,10990780.854,626.36,622.48,AU
97,AU2502,2025-01-06,628.4,629.08,624.48,624.92,178204,95625,11178301.114,627.26,626.36,AU
97,AU2502,2025-01-07,626.66,626.94,619.08,625.02,224570,85017,13993936.43,623.14,627.26,AU
97,AU2502,2025-01-08,627.16,628.6,624.84,627.96,168121,85502,10541153.38,626.98,623.14,AU
97,AU2502,2025-01-09,628.68,631.48,626.66,631.3,172065,80559,10826559.31,629.2,626.98,AU
97,AU2502,2025-01-10,633.0,635.62,631.24,635.46,140465,77668,8894996.692,633.24,629.2,AU
97,AU2502,2025-01-13,635.0,639.36,631.26,637.14,236278,70408,15043425.204,636.68,633.24,AU
99,AU2504,2025-01-14,634.6,635.34,632.14,633.6,152096,163406,9639114.55,633.74,638.14,AU
99,AU2504,2025-01-15,633.24,637.46,631.16,636.84,187460,172863,11882396.4,633.86,633.74,AU
98,AU2504,2025-01-16,637.86,640.66,635.18,639.12,230185,175681,14687013.584,638.04,633.86,AU
98,AU2504,2025-01-17,640.36,643.92,639.6,640.68,239089,185487,15349963.892,642.0,638.04,AU
98,AU2504,2025-01-20,641.3,641.6,634.22,639.8,242354,186005,15475473.018,638.54,642.0,AU
98,AU2504,2025-01-21,638.6,640.26,633.56,639.78,262165,189041,16708061.466,637.3,638.54,AU
98,AU2504,2025-01-22,639.92,648.86,639.3,645.46,288931,208119,18594767.69,643.56,637.3,AU
98,AU2504,2025-01-23,646.8,647.62,645.1,646.2,214608,207871,13867435.75,646.16,643.56,AU
98,AU2504,2025-01-24,644.66,649.96,642.44,648.9,258223,206235,16691951.314,646.4,646.16,AU
98,AU2504,2025-01-27,649.52,651.9,645.06,647.54,224576,199780,14572378.738,648.88,646.4,AU
98,AU2504,2025-02-05,668.0,671.12,666.24,670.64,118435,205925,7922797.636,668.94,648.88,AU
98,AU2504,2025-02-06,672.42,674.2,668.28,668.46,227629,205601,15292349.784,671.8,668.94,AU
98,AU2504,2025-02-07,670.48,671.72,664.46,669.9,232702,199458,15568496.952,669.02,671.8,AU
98,AU2504,2025-02-10,670.5,679.5,668.2,679.08,371683,201630,25038963.73,673.66,669.02,AU
98,AU2504,2025-02-11,682.22,691.76,679.84,685.74,411552,193613,28174498.732,684.58,673.66,AU
98,AU2504,2025-02-12,680.0,685.12,677.0,681.22,354674,184048,24168688.76,681.42,684.58,AU
98,AU2504,2025-02-13,679.72,686.48,675.12,684.56,359775,186368,24525298.522,681.68,681.42,AU
98,AU2504,2025-02-14,685.72,688.66,683.86,688.4,254382,190906,17456533.396,686.22,681.68,AU
98,AU2504,2025-02-17,686.02,686.56,674.34,677.1,444374,174667,30193366.856,679.44,686.22,AU
97,AU2504,2025-02-18,678.0,683.88,677.2,682.82,200401,177308,13621719.034,679.72,679.44,AU
97,AU2504,2025-02-19,684.36,690.24,683.6,687.8,261476,179507,17956383.54,686.72,679.72,AU
97,AU2504,2025-02-20,688.5,690.46,684.18,690.0,289045,178648,19890379.08,688.14,686.72,AU
97,AU2504,2025-02-21,688.0,689.0,681.82,684.44,384739,170792,26383857.08,685.74,688.14,AU
97,AU2504,2025-02-24,684.8,686.9,682.2,685.98,310621,167268,21267797.472,684.68,685.74,AU
97,AU2504,2025-02-25,688.04,689.66,683.88,685.58,294200,157700,20209982.312,686.94,684.68,AU
97,AU2504,2025-02-26,683.78,686.54,674.6,679.42,436901,128515,29754490.384,681.02,686.94,AU
97,AU2504,2025-02-27,681.0,682.44,675.4,677.0,354469,120024,24058041.416,678.7,681.02,AU
97,AU2504,2025-02-28,675.0,677.98,671.6,672.12,346238,110653,23373326.958,675.06,678.7,AU
97,AU2504,2025-03-03,670.0,672.94,665.34,672.4,380464,94069,25452098.306,668.96,675.06,AU
97,AU2504,2025-03-04,674.88,678.72,672.9,676.82,251185,91834,16974681.62,675.78,668.96,AU
97,AU2504,2025-03-05,682.4,682.94,678.0,682.16,318450,84095,21673581.232,680.58,675.78,AU
97,AU2504,2025-03-06,681.56,681.9,675.76,680.64,303315,75770,20608809.37,679.44,680.58,AU
97,AU2504,2025-03-07,677.14,680.84,676.66,679.48,268127,70875,18193333.588,678.52,679.44,AU
97,AU2504,2025-03-10,680.32,682.12,677.1,681.5,302314,71086,20552787.606,679.84,678.52,AU
97,AU2504,2025-03-11,680.0,680.46,674.34,677.56,254007,67706,17215692.79,677.76,679.84,AU
97,AU2504,2025-03-12,678.98,680.44,677.14,679.56,192822,64124,13089517.666,678.82,677.76,AU
97,AU2504,2025-03-13,680.4,685.58,678.52,684.5,222190,64132,15163982.868,682.46,678.82,AU
97,AU2504,2025-03-14,686.02,697.6,685.46,694.96,278638,63787,19289985.21,692.28,682.46,AU
97,AU2504,2025-03-17,696.04,697.08,693.02,695.94,194491,61147,13518054.338,695.04,692.28,AU
96,AU2504,2025-03-18,695.0,701.26,694.68,700.7,184143,59911,12844024.9,697.5,695.04,AU
96,AU2504,2025-03-19,704.34,708.48,702.3,707.34,189910,55549,13381790.682,704.62,697.5,AU
98,AU2506,2025-03-20,708.0,712.1,705.0,710.5,176779,204027,12526173.536,708.56,706.7,AU
98,AU2506,2025-03-21,709.8,711.24,705.9,706.96,237974,207301,16865365.078,708.7,708.56,AU
98,AU2506,2025-03-24,708.0,708.7,701.32,707.14,283887,208073,20011677.726,704.9,708.7,AU
98,AU2506,2025-03-25,706.48,707.82,703.72,706.76,234643,206973,16558807.382,705.7,704.9,AU
98,AU2506,2025-03-26,707.0,710.02,706.84,709.02,238342,211694,16880732.83,708.24,705.7,AU
98,AU2506,2025-03-27,709.52,711.22,706.5,710.3,243137,211040,17235796.392,708.88,708.24,AU
98,AU2506,2025-03-28,714.66,722.88,711.82,722.8,413254,220712,29651116.188,717.5,708.88,AU
98,AU2506,2025-03-31,721.48,732.1,719.28,729.8,462428,223123,33473509.068,723.86,717.5,AU
98,AU2506,2025-04-01,731.74,739.8,726.14,736.3,510074,219054,37392185.366,733.06,723.86,AU
98,AU2506,2025-04-02,737.1,738.5,731.1,733.6,434172,213334,31931270.384,735.44,733.06,AU
98,AU2506,2025-04-03,735.88,747.98,731.9,739.04,537550,207567,39737227.426,739.22,735.44,AU
98,AU2506,2025-04-07,701.8,728.0,701.0,718.18,559347,191317,40082677.574,716.58,739.22,AU
98,AU2506,2025-04-08,718.6,720.38,710.04,719.22,559659,186814,40060523.938,715.8,716.58,AU
98,AU2506,2025-04-09,718.26,728.5,716.56,728.14,527616,193197,38058859.25,721.32,715.8,AU
98,AU2506,2025-04-10,729.0,744.88,728.6,744.48,703287,200633,51854692.384,737.3,721.32,AU
98,AU2506,2025-04-11,743.14,763.62,740.68,757.3,769599,194428,57930945.266,752.74,737.3,AU
98,AU2506,2025-04-14,763.0,766.5,757.18,763.64,610748,198620,46577380.766,762.62,752.74,AU
98,AU2506,2025-04-15,759.4,765.16,757.32,764.44,447203,200994,34040618.576,761.18,762.62,AU
97,AU2506,2025-04-16,763.94,782.38,762.3,781.6,449355,205198,34706798.1,772.36,761.18,AU
97,AU2506,2025-04-17,783.5,796.7,781.6,789.22,703879,197638,55517090.698,788.72,772.36,AU
97,AU2506,2025-04-18,788.1,791.9,778.14,791.02,595905,196309,46805722.08,785.44,788.72,AU
97,AU2506,2025-04-21,790.12,805.56,788.22,805.06,385994,198115,30820480.078,798.46,785.44,AU
97,AU2506,2025-04-22,810.3,836.3,808.4,831.42,872580,204671,71697983.742,821.66,798.46,AU
97,AU2506,2025-04-23,820.58,828.74,783.06,784.28,1365212,185566,110614681.128,810.22,821.66,AU
97,AU2506,2025-04-24,786.28,804.84,774.48,792.2,1125865,173030,88767696.514,788.42,810.22,AU
97,AU2506,2025-04-25,795.06,801.36,782.4,787.2,662672,166311,52446436.116,791.42,788.42,AU
97,AU2506,2025-04-28,784.5,790.68,777.16,780.04,543425,151572,42466419.886,781.44,791.42,AU
97,AU2506,2025-04-29,782.9,794.66,780.52,785.14,433745,143824,34148732.478,787.28,781.44,AU
97,AU2506,2025-04-30,784.0,788.34,780.02,780.3,246636,127440,19334519.67,783.92,787.28,AU
99,AU2508,2025-05-06,784.88,801.88,784.26,797.2,198879,173827,15841395.292,796.52,785.84,AU
99,AU2508,2025-05-07,802.0,809.36,795.6,803.5,413639,188308,33178476.854,802.1,796.52,AU
99,AU2508,2025-05-08,803.1,809.88,788.78,790.78,565698,198555,45309872.434,800.94,802.1,AU
99,AU2508,2025-05-09,795.86,797.5,777.1,788.42,663192,205859,52270662.404,788.16,800.94,AU
99,AU2508,2025-05-12,790.16,792.64,767.5,772.28,608130,210772,47457545.304,780.38,788.16,AU
99,AU2508,2025-05-13,760.8,768.66,756.02,767.68,625489,214581,47696499.646,762.54,780.38,AU
99,AU2508,2025-05-14,764.0,768.28,760.78,761.72,497536,214778,38025698.056,764.28,762.54,AU
99,AU2508,2025-05-15,750.0,752.74,732.64,739.82,744074,211188,55450695.022,745.22,764.28,AU
98,AU2508,2025-05-16,747.8,759.2,746.44,751.8,481303,211481,36186815.374,751.84,745.22,AU
98,AU2508,2025-05-19,743.7,761.04,743.04,755.86,354299,209904,26599134.016,750.74,751.84,AU
98,AU2508,2025-05-20,757.0,759.56,753.12,754.38,268945,211353,20338760.646,756.24,750.74,AU
98,AU2508,2025-05-21,760.6,779.2,758.68,778.78,396470,222494,30555128.124,770.66,756.24,AU
98,AU2508,2025-05-22,775.16,785.36,773.66,780.1,307544,224053,23967824.998,779.32,770.66,AU
98,AU2508,2025-05-23,775.22,780.58,770.0,780.1,330158,220512,25588594.458,775.04,779.32,AU
98,AU2508,2025-05-26,785.0,786.82,777.1,777.3,296331,216132,23159662.582,781.54,775.04,AU
98,AU2508,2025-05-27,777.9,780.98,770.38,771.6,228706,204795,17767399.46,776.86,781.54,AU
98,AU2508,2025-05-28,769.1,773.8,767.2,772.28,210848,199056,16247595.268,770.58,776.86,AU
98,AU2508,2025-05-29,772.7,773.74,759.3,764.32,250594,195076,19207374.768,766.46,770.58,AU
98,AU2508,2025-05-30,773.58,776.16,768.6,771.8,236013,181246,18226605.394,772.26,766.46,AU
98,AU2508,2025-06-03,789.4,790.0,781.6,783.1,131022,180833,10294298.556,785.68,772.26,AU
98,AU2508,2025-06-04,783.1,785.78,777.5,782.42,191944,180310,15009500.426,781.96,785.68,AU
98,AU2508,2025-06-05,782.4,787.96,780.72,783.72,198422,182808,15564104.74,784.38,781.96,AU
98,AU2508,2025-06-06,785.92,786.9,776.68,783.24,272195,178314,21304580.29,782.68,784.38,AU
98,AU2508,2025-06-09,781.12,783.08,767.08,774.72,255991,173184,19846298.062,775.26,782.68,AU
105,AU2508,2025-06-10,774.0,777.16,769.42,775.06,179960,170163,13915214.286,773.22,775.26,AU
105,AU2508,2025-06-11,777.7,779.76,774.02,777.54,165488,168745,12859517.778,777.06,773.22,AU
105,AU2508,2025-06-12,777.0,786.5,774.98,785.16,218198,172351,17040535.698,780.96,777.06,AU
105,AU2508,2025-06-13,786.98,801.14,785.16,794.36,294538,176354,23355920.018,792.96,780.96,AU
105,AU2508,2025-06-16,798.4,800.3,791.1,792.3,228842,176263,18232418.392,796.72,792.96,AU
105,AU2508,2025-06-17,792.68,792.68,782.1,785.08,192889,168935,15181476.4,787.04,796.72,AU
105,AU2508,2025-06-18,785.36,787.48,781.54,785.42,164233,162421,12893933.972,785.1,787.04,AU
105,AU2508,2025-06-19,786.5,789.1,779.26,781.24,190490,161031,14952069.06,784.92,785.1,AU
105,AU2508,2025-06-20,783.1,784.98,777.22,778.58,149695,156301,11692638.842,781.08,784.92,AU
105,AU2508,2025-06-23,777.26,784.48,776.46,781.3,158979,152462,12428270.406,781.74,781.08,AU
105,AU2508,2025-06-24,782.0,787.96,769.66,771.86,248445,147344,19373478.36,779.78,781.74,AU
105,AU2508,2025-06-25,769.86,774.42,764.98,773.94,159583,145732,12287880.806,769.98,779.78,AU
105,AU2508,2025-06-26,771.9,775.68,770.22,775.28,128026,135267,9898579.326,773.16,769.98,AU
107,AU2510,2025-06-27,774.18,776.86,767.1,768.64,174515,148475,13480436.72,772.44,775.18,AU
107,AU2510,2025-06-30,764.1,768.58,760.58,767.58,211285,155821,16160688.338,764.86,772.44,AU
107,AU2510,2025-07-01,766.18,776.64,765.4,776.1,171739,167465,13235042.232,770.64,764.86,AU
107,AU2510,2025-07-02,780.8,781.0,775.02,776.04,202457,168596,15743591.818,777.62,770.64,AU
107,AU2510,2025-07-03,779.02,782.24,776.22,781.28,189582,175461,14764416.506,778.78,777.62,AU
107,AU2510,2025-07-04,774.02,777.88,773.5,777.06,213782,175040,16579401.812,775.52,778.78,AU
107,AU2510,2025-07-07,775.38,777.2,769.34,771.3,190256,175760,14705482.712,772.92,775.52,AU
107,AU2510,2025-07-08,771.66,777.28,770.74,776.22,187574,179131,14528442.896,774.54,772.92,AU
107,AU2510,2025-07-09,774.98,775.3,765.22,766.82,310838,181258,23919863.856,769.52,774.54,AU
107,AU2510,2025-07-10,767.5,774.08,767.08,773.3,205604,184003,15855371.438,771.16,769.52,AU
107,AU2510,2025-07-11,773.3,775.88,770.46,773.56,217649,181932,16828343.05,773.18,771.16,AU
107,AU2510,2025-07-14,777.62,781.46,776.24,781.4,249578,191083,19428344.31,778.44,773.18,AU
107,AU2510,2025-07-15,777.0,781.52,775.84,780.4,216294,198270,16832505.994,778.22,778.44,AU
107,AU2510,2025-07-16,778.0,779.4,773.84,776.66,259450,200708,20146756.15,776.5,778.22,AU
107,AU2510,2025-07-17,776.22,782.84,773.64,776.28,375362,203084,29190723.688,777.66,776.5,AU
107,AU2510,2025-07-18,772.0,777.66,771.9,777.02,221277,202287,17156640.006,775.34,777.66,AU
107,AU2510,2025-07-21,780.1,782.58,778.08,781.7,216188,211239,16859247.668,779.84,775.34,AU
107,AU2510,2025-07-22,784.7,787.8,784.2,784.84,215395,216722,16926151.236,785.8,779.84,AU
107,AU2510,2025-07-23,788.5,794.0,787.6,792.9,286795,222387,22697461.88,791.4,785.8,AU
107,AU2510,2025-07-24,790.98,791.22,777.66,778.74,331217,213456,25975294.58,784.22,791.4,AU
107,AU2510,2025-07-25,774.88,779.24,774.32,777.32,190255,211851,14789388.516,777.34,784.22,AU
107,AU2510,2025-07-28,772.82,775.84,770.58,774.78,256019,209675,19797203.67,773.26,777.34,AU
107,AU2510,2025-07-29,772.66,773.3,767.68,771.44,219932,212407,16947193.734,770.56,773.26,AU
107,AU2510,2025-07-30,772.7,775.08,770.84,773.78,206379,214105,15955751.186,773.12,770.56,AU
107,AU2510,2025-07-31,771.3,772.44,766.86,770.28,260701,217080,20073002.212,769.96,773.12,AU
107,AU2510,2025-08-01,772.5,773.16,768.5,770.72,189185,218768,14584534.36,770.9,769.96,AU
107,AU2510,2025-08-04,778.5,781.78,778.42,781.42,271828,217696,21216116.7,780.48,770.9,AU
107,AU2510,2025-08-05,782.4,786.18,782.3,782.5,193353,218652,15165115.592,784.32,780.48,AU
107,AU2510,2025-08-06,782.8,785.82,782.58,783.68,191341,215212,15006141.312,784.26,784.32,AU
107,AU2510,2025-08-07,782.28,785.5,781.08,785.02,187081,217630,14655667.892,783.38,784.26,AU
107,AU2510,2025-08-08,784.18,788.36,783.34,787.8,251828,220321,19789583.952,785.82,783.38,AU
107,AU2510,2025-08-11,787.02,788.92,778.74,779.48,278074,211644,21823664.112,784.8,785.82,AU
107,AU2510,2025-08-12,777.52,778.78,775.52,776.04,194063,204736,15080928.644,777.1,784.8,AU
107,AU2510,2025-08-13,777.28,777.82,773.8,777.72,206809,201477,16053936.96,776.26,777.1,AU
107,AU2510,2025-08-14,778.12,780.58,777.02,778.7,149006,199577,11604602.43,778.8,776.26,AU
107,AU2510,2025-08-15,776.9,777.32,773.22,775.8,160609,197655,12450214.544,775.18,778.8,AU
107,AU2510,2025-08-18,775.92,777.84,774.52,777.66,129189,194004,10025911.074,776.06,775.18,AU
107,AU2510,2025-08-19,776.98,776.98,773.84,775.06,121675,191435,9434265.84,775.36,776.06,AU
107,AU2510,2025-08-20,774.72,775.54,770.38,772.68,153091,191474,11831072.658,772.8,775.36,AU
107,AU2510,2025-08-21,776.5,777.5,774.32,775.12,128755,183215,9993659.37,776.16,772.8,AU
107,AU2510,2025-08-22,776.0,777.22,772.74,773.4,139379,181769,10810615.984,775.62,776.16,AU
107,AU2510,2025-08-25,772.6,781.88,772.12,779.18,226253,180151,17624011.144,778.94,775.62,AU
107,AU2510,2025-08-26,778.44,782.4,778.26,781.12,118442,174588,9241445.458,780.24,778.94,AU
107,AU2510,2025-08-27,780.68,783.28,780.0,781.16,135834,166596,10616453.556,781.56,780.24,AU
107,AU2510,2025-08-28,782.0,784.58,781.4,783.22,148309,144469,11608835.668,782.74,781.56,AU
107,AU2510,2025-08-29,783.0,785.4,782.18,785.12,145863,136691,11439620.672,784.26,782.74,AU
107,AU2510,2025-09-01,786.1,802.38,785.7,800.56,313792,140691,24938096.908,794.72,784.26,AU
107,AU2510,2025-09-02,799.54,809.98,799.08,804.32,199052,138624,16010280.064,804.32,794.72,AU
107,AU2510,2025-09-03,804.42,816.78,802.5,814.88,265502,142330,21515529.906,810.36,804.32,AU
107,AU2510,2025-09-04,817.5,823.24,807.18,812.98,302967,136664,24725307.898,816.1,810.36,AU
107,AU2510,2025-09-05,815.06,817.76,811.36,815.6,183319,132985,14932591.618,814.56,816.1,AU
107,AU2510,2025-09-08,822.1,824.42,818.04,822.86,258829,129838,21259197.084,821.36,814.56,AU
107,AU2510,2025-09-09,827.5,836.96,827.36,834.48,262249,124881,21811075.896,831.68,821.36,AU
107,AU2510,2025-09-10,834.06,840.82,827.26,833.42,297857,119424,24823003.68,833.38,831.68,AU
107,AU2510,2025-09-11,833.38,836.62,828.5,830.78,165360,114423,13780848.944,833.38,833.38,AU
107,AU2510,2025-09-12,829.52,835.28,826.64,834.22,170217,109267,14140796.148,830.74,833.38,AU
107,AU2510,2025-09-15,833.82,835.34,828.42,831.6,131159,104349,10919934.566,832.56,830.74,AU
107,AU2510,2025-09-16,833.48,842.4,833.14,842.08,152819,104060,12808162.012,838.12,832.56,AU
107,AU2510,2025-09-17,841.16,843.42,834.16,835.08,164311,96007,13785765.838,839.0,838.12,AU
109,AU2512,2025-09-18,838.1,842.14,826.56,826.82,221255,228640,18452160.494,833.96,841.3,AU
109,AU2512,2025-09-19,832.12,833.16,826.86,830.56,210003,240177,17425977.12,829.78,833.96,AU
109,AU2512,2025-09-22,831.02,847.26,829.86,846.5,230847,260256,19362392.028,838.74,829.78,AU
109,AU2512,2025-09-23,847.5,856.3,845.04,855.44,258495,271554,22003110.91,851.2,838.74,AU
109,AU2512,2025-09-24,861.34,862.1,853.74,860.0,285621,274765,24523704.26,858.6,851.2,AU
109,AU2512,2025-09-25,860.0,861.22,852.08,854.72,270576,266629,23160739.75,855.96,858.6,AU
109,AU2512,2025-09-26,854.0,859.04,850.74,856.06,270430,264305,23122263.712,855.0,855.96,AU
109,AU2512,2025-09-29,857.7,867.0,855.56,866.52,333591,263220,28744472.076,861.66,855.0,AU
109,AU2512,2025-09-30,866.88,880.0,865.08,874.4,226548,256876,19761872.168,872.3,861.66,AU
109,AU2512,2025-10-09,909.96,918.88,903.4,914.32,196141,251137,17907124.342,912.96,872.3,AU
109,AU2512,2025-10-10,918.06,921.4,898.06,901.56,434566,238522,39521514.528,909.44,912.96,AU
109,AU2512,2025-10-13,904.88,928.88,901.8,927.56,446705,239996,40842241.104,914.3,909.44,AU
109,AU2512,2025-10-14,929.5,958.1,929.14,938.98,555171,228459,52221802.826,940.64,914.3,AU
109,AU2512,2025-10-15,937.5,960.42,934.5,960.34,420246,230686,39878109.112,948.92,940.64,AU
109,AU2512,2025-10-16,958.0,971.58,956.38,966.42,459193,225159,44220366.134,963.0,948.92,AU
109,AU2512,2025-10-17,968.56,1001.0,968.56,999.8,640615,222192,63189863.072,986.38,963.0,AU
109,AU2512,2025-10-20,989.7,989.8,960.06,970.32,728228,207916,70959799.436,974.4,986.38,AU
109,AU2512,2025-10-21,990.0,1001.96,982.28,994.06,496445,205110,49219816.062,991.44,974.4,AU
109,AU2512,2025-10-22,962.82,966.64,933.08,952.56,728934,192803,69218964.966,949.58,991.44,AU
109,AU2512,2025-10-23,927.66,948.0,923.62,942.28,555735,189131,51910955.426,934.08,949.58,AU
109,AU2512,2025-10-24,945.02,951.86,935.56,938.1,370912,185813,35082340.772,945.84,934.08,AU
109,AU2512,2025-10-27,936.16,948.46,931.2,934.14,386272,180815,36343252.654,940.86,945.84,AU
109,AU2512,2025-10-28,926.92,928.56,900.62,901.38,474483,175916,43457153.224,915.88,940.86,AU
109,AU2512,2025-10-29,895.12,911.98,893.64,910.88,363239,168691,32863248.434,904.72,915.88,AU
109,AU2512,2025-10-30,919.7,920.24,896.0,912.16,412100,163611,37514426.156,910.32,904.72,AU
109,AU2512,2025-10-31,910.0,926.3,908.8,921.92,395964,156891,36362124.292,918.3,910.32,AU
109,AU2512,2025-11-03,924.6,927.28,911.18,922.58,341261,151373,31403790.546,920.22,918.3,AU
109,AU2512,2025-11-04,921.9,925.86,912.08,915.58,332993,144602,30615269.666,919.38,920.22,AU
109,AU2512,2025-11-05,915.42,918.7,903.86,912.26,338110,141428,30788877.538,910.6,919.38,AU
109,AU2512,2025-11-06,913.5,917.8,911.68,917.8,238433,137883,21809269.902,914.68,910.6,AU
109,AU2512,2025-11-07,920.3,922.84,912.0,921.26,274053,136660,25148650.84,917.64,914.68,AU
109,AU2512,2025-11-10,918.74,937.08,916.28,935.98,320688,136657,29637709.542,924.18,917.64,AU
109,AU2512,2025-11-11,940.18,952.9,936.2,948.88,282349,131045,26661894.424,944.28,924.18,AU
109,AU2512,2025-11-12,949.84,952.08,940.78,945.76,260377,124540,24644178.452,946.48,944.28,AU
109,AU2512,2025-11-13,947.6,963.96,945.96,961.22,307850,124239,29428926.342,955.94,946.48,AU
109,AU2512,2025-11-14,967.2,967.96,952.0,953.2,307687,113597,29510926.536,959.12,955.94,AU
109,AU2512,2025-11-17,940.88,940.88,921.38,929.46,402784,101723,37493814.216,930.86,959.12,AU
108,AU2512,2025-11-18,932.26,935.52,917.58,918.52,236915,90872,21959791.884,926.9,930.86,AU
108,AU2512,2025-11-19,922.54,938.32,922.54,937.0,239515,82838,22287566.926,930.52,926.9,AU
110,AU2602,2025-11-20,945.0,948.86,932.44,935.46,261738,153257,24606892.244,940.12,933.82,AU
110,AU2602,2025-11-21,938.54,942.94,926.12,926.94,352583,160310,32973728.858,935.2,940.12,AU
110,AU2602,2025-11-24,933.98,940.08,927.52,930.32,314958,164620,29376591.33,932.7,935.2,AU
110,AU2602,2025-11-25,935.6,949.78,933.38,946.5,299689,181169,28216588.202,941.52,932.7,AU
110,AU2602,2025-11-26,942.56,950.8,939.04,946.72,341225,188763,32273234.062,945.8,941.52,AU
110,AU2602,2025-11-27,947.0,949.94,943.2,947.16,273359,195755,25880427.944,946.74,945.8,AU
110,AU2602,2025-11-28,947.02,955.5,945.74,953.92,189713,202129,18034755.328,950.62,946.74,AU
110,AU2602,2025-12-01,951.92,968.16,948.14,963.28,342979,205325,32870076.906,958.36,950.62,AU
110,AU2602,2025-12-02,964.82,968.26,955.22,958.42,313720,202038,30180563.574,962.02,958.36,AU
110,AU2602,2025-12-03,958.0,962.18,948.18,956.7,300096,197799,28713020.424,956.78,962.02,AU
110,AU2602,2025-12-04,958.0,964.12,949.78,953.42,310489,197638,29733818.422,957.64,956.78,AU
110,AU2602,2025-12-05,954.5,962.3,952.62,961.04,237697,196953,22755111.494,957.3,957.64,AU
110,AU2602,2025-12-08,962.34,967.88,954.5,958.7,298231,197193,28642867.058,960.42,957.3,AU
110,AU2602,2025-12-09,958.04,958.5,949.0,951.54,229564,194493,21898868.148,953.92,960.42,AU
110,AU2602,2025-12-10,955.7,959.02,952.22,956.4,222609,192659,21280230.892,955.94,953.92,AU
110,AU2602,2025-12-11,954.48,966.6,953.2,957.9,242710,192178,23250837.756,957.96,955.94,AU
110,AU2602,2025-12-12,958.9,970.88,955.5,970.66,291736,203874,28141997.738,964.62,957.96,AU
110,AU2602,2025-12-15,980.62,985.78,963.5,983.16,439762,203038,42977622.478,977.28,964.62,AU
109,AU2602,2025-12-16,983.34,983.8,967.08,971.42,293904,196206,28673383.522,975.6,977.28,AU
109,AU2602,2025-12-17,972.5,982.78,971.72,979.72,275889,197105,26962893.536,977.3,975.6,AU
109,AU2602,2025-12-18,977.0,982.92,976.54,980.5,241116,196752,23628723.08,979.96,977.3,AU
109,AU2602,2025-12-19,977.6,988.8,975.14,979.9,328878,189662,32238515.594,980.24,979.96,AU
109,AU2602,2025-12-22,979.9,1000.86,978.32,1000.86,278793,202290,27526105.664,987.32,980.24,AU
109,AU2602,2025-12-23,999.36,1018.68,998.0,1014.24,276418,199893,27873266.048,1008.36,987.32,AU
109,AU2602,2025-12-24,1015.0,1022.88,1000.5,1014.68,351301,186798,35575393.426,1012.66,1008.36,AU
109,AU2602,2025-12-25,1013.94,1014.28,1003.12,1008.76,220136,182179,22206526.366,1008.76,1012.66,AU
109,AU2602,2025-12-26,1007.0,1023.96,1007.0,1016.3,224588,180712,22827465.054,1016.4,1008.76,AU
109,AU2602,2025-12-29,1015.38,1024.0,1006.0,1007.18,345222,166024,35090745.14,1016.46,1016.4,AU
109,AU2602,2025-12-30,1004.72,1007.12,970.02,984.84,391541,144462,38603892.156,985.94,1016.46,AU
109,AU2602,2025-12-31,993.76,993.76,964.0,977.56,284555,136303,27921590.32,981.22,985.94,AU
