date,return,extreme_left,extreme_right,extreme_event
2015-03-30,-0.010552045961246927,0,0,0
2015-03-31,-0.008193409211989211,0,0,0
2015-04-01,-0.017009329390567,1,0,-1
2015-04-02,-0.020288100767893686,1,0,-1
2015-04-03,-0.0004270766667519373,0,0,0
2015-04-07,-0.012897857216529996,0,0,0
2015-04-08,0.005609507697421113,0,0,0
2015-04-09,-0.014738021423516571,1,0,-1
2015-04-10,-0.010535654960333755,0,0,0
2015-04-13,0.02742282829638932,0,1,1
2015-04-14,-0.002149151912539126,0,0,0
2015-04-15,-0.011685915282703614,0,0,0
2015-04-16,0.0091008212105987,0,0,0
2015-04-17,-0.0030244136253162477,0,0,0
2015-04-20,-0.013943581028696493,0,0,0
2015-04-21,0.000877193038703871,0,0,0
2015-04-22,0.01996594101790366,0,1,1
2015-04-23,-0.001720430531882623,0,0,0
2015-04-24,0.023400344480317952,0,1,1
2015-04-27,0.01253672917798452,0,0,0
2015-04-28,-0.004161470841252158,0,0,0
2015-04-29,-0.02448412723571249,1,0,-1
2015-04-30,0.010627092574286193,0,0,0
2015-05-04,0.020092764698998313,0,1,1
2015-05-05,0.00619708655435716,0,0,0
2015-05-06,0.0008233841552053568,0,0,0
2015-05-07,-0.009510098551522135,0,0,0
2015-05-08,0.0020751200640041975,0,0,0
2015-05-11,0.003724399090982494,0,0,0
2015-05-12,-0.012468989479733723,0,0,0
2015-05-13,-0.0033514903595825976,0,0,0
2015-05-14,-0.00842819991183434,0,0,0
2015-05-15,0.0038014829307082363,0,0,0
2015-05-18,-0.009743775458703275,0,0,0
2015-05-19,-0.002984440501250105,0,0,0
2015-05-20,-0.012027636404040774,0,0,0
2015-05-21,0.012881242943281399,0,0,0
2015-05-22,0.002981897843166293,0,0,0
2015-05-25,-0.001702852689045985,0,0,0
2015-05-26,0.001702852689045987,0,0,0
2015-05-27,0.0016999579104486008,0,0,0
2015-05-28,0.0,0,0,0
2015-05-29,0.0016970729571569058,0,0,0
2015-06-01,0.005495680709941121,0,0,0
2015-06-02,0.0012639563511255456,0,0,0
2015-06-03,-0.011007731809828754,0,0,0
2015-06-04,0.0029755601125646064,0,0,0
2015-06-05,-0.006387077280566536,0,0,0
2015-06-08,-0.0029946546444095104,0,0,0
2015-06-09,0.001284521692356619,0,0,0
2015-06-10,-0.0004279905907403048,0,0,0
2015-06-11,0.008100662502400439,0,0,0
2015-06-12,-0.02406648168733657,1,0,-1
2015-06-15,-0.007860302478793537,0,0,0
2015-06-16,-0.01679968776417973,1,0,-1
2015-06-17,-0.008956620556011752,0,0,0
2015-06-18,0.009847886212158182,0,0,0
2015-06-19,0.0004453351220338586,0,0,0
2015-06-23,-0.0031215186996336633,0,0,0
2015-06-24,0.0008928572021722385,0,0,0
2015-06-25,-0.010316305890614708,0,0,0
2015-06-26,-0.0022568278592627234,0,0,0
2015-06-29,-0.014565573849420614,1,0,-1
2015-06-30,-0.021316840538904102,1,0,-1
2015-07-01,-0.0051655433008954595,0,0,0
2015-07-02,0.0,0,0,0
2015-07-03,-0.001413427797146964,0,0,0
2015-07-06,-0.045330808112682426,1,0,-1
2015-07-07,-0.03514417905592376,1,0,-1
2015-07-08,-0.03430689873761871,1,0,-1
2015-07-09,0.058039393546297946,0,1,1
2015-07-10,0.001495886591582708,0,0,0
2015-07-13,0.0004981320152816992,0,0,0
2015-07-14,0.026537183765285396,0,1,1
2015-07-15,-0.00876771325331015,0,0,0
2015-07-16,0.0014666343376944343,0,0,0
2015-07-17,0.0029268313576440975,0,0,0
2015-07-20,0.02833322780721849,0,1,1
2015-07-21,-0.01478681843251764,1,0,-1
2015-07-22,-0.024320264813249757,1,0,-1
2015-07-23,0.00931151055206924,0,0,0
2015-07-24,-0.002931120808858812,0,0,0
2015-07-27,0.014570437465877611,0,0,0
2015-07-28,-0.000964785410099001,0,0,0
2015-07-29,0.01817362309073852,0,1,1
2015-07-30,-0.011919092237210311,0,0,0
2015-07-31,0.004784698123336253,0,0,0
2015-08-03,-0.008147660697065417,0,0,0
2015-08-04,0.009101859242747267,0,0,0
2015-08-05,0.0004767580543225214,0,0,0
2015-08-06,-0.010541544670463183,0,0,0
2015-08-07,-0.006281731214527435,0,0,0
2015-08-10,-0.008763444594349693,0,0,0
2015-08-11,0.0039043485420314247,0,0,0
2015-08-12,0.008729444376650627,0,0,0
2015-08-13,0.01008896378922946,0,0,0
2015-08-14,-0.0033516909519116667,0,0,0
2015-08-17,-0.012548427205112341,0,0,0
2015-08-18,-0.004868558788889699,0,0,0
2015-08-19,-0.002443196915304674,0,0,0
2015-08-20,-0.00785858661252127,0,0,0
2015-08-21,-0.0019743343037176295,0,0,0
2015-08-24,-0.045485354394116495,1,0,-1
2015-08-25,-0.0005171968049087384,0,0,0
2015-08-26,0.0020671841986649032,0,0,0
2015-08-27,0.01638541523212959,0,1,1
2015-08-28,0.0035487996686876157,0,0,0
2015-08-31,-0.012220111334775331,0,0,0
2015-09-01,0.005619427303423254,0,0,0
2015-09-02,-0.0040837218569949405,0,0,0
2015-09-07,-0.018065007397638888,1,0,-1
2015-09-08,0.014991234485733609,0,0,0
2015-09-09,-0.0005132153050804211,0,0,0
2015-09-10,0.004098366392282185,0,0,0
2015-09-11,-0.005125587848812317,0,0,0
2015-09-14,-0.008774249840221335,0,0,0
2015-09-15,-0.010422189179981493,0,0,0
2015-09-16,0.013010852287492039,0,0,0
2015-09-17,-0.004145083655168775,0,0,0
2015-09-18,-0.0020790028278331015,0,0,0
2015-09-21,-0.009409374178927144,0,0,0
2015-09-22,-0.006851146692853104,0,0,0
2015-09-23,0.00580017444687817,0,0,0
2015-09-24,-0.004743091896012737,0,0,0
2015-09-25,-0.001057082550865361,0,0,0
2015-09-28,-0.01706708093701345,1,0,-1
2015-09-29,-0.014084739881738972,0,0,0
2015-09-30,-0.006568168112097044,0,0,0
2015-10-08,0.0027419814273059243,0,0,0
2015-10-09,0.014138354051210911,0,0,0
2015-10-12,-0.0027034350068847754,0,0,0
2015-10-13,-0.004884677283607573,0,0,0
2015-10-14,-0.0043620570801657455,0,0,0
2015-10-15,0.0021834069809435813,0,0,0
2015-10-16,-0.0021834069809435063,0,0,0
2015-10-19,-0.012647955243238123,0,0,0
2015-10-20,-0.0033259454162724196,0,0,0
2015-10-21,0.0016643554466128868,0,0,0
2015-10-22,0.0005541701444122678,0,0,0
2015-10-23,-0.0022185255910252173,0,0,0
2015-10-26,0.0,0,0,0
2015-10-27,0.0016643554466128868,0,0,0
2015-10-28,-0.006674107087693132,0,0,0
2015-10-29,0.0016727073875035306,0,0,0
2015-10-30,-0.007268692891624585,0,0,0
2015-11-02,0.0028019071286733534,0,0,0
2015-11-03,-0.00617459160731266,0,0,0
2015-11-04,0.002249719734015546,0,0,0
2015-11-05,-0.0022497197340154416,0,0,0
2015-11-06,0.010084119066626008,0,0,0
2015-11-09,0.0061128281482398265,0,0,0
2015-11-10,-0.004441983983422257,0,0,0
2015-11-11,-0.0111920586289077,0,0,0
2015-11-12,-0.006775858787254142,0,0,0
2015-11-13,-0.003405224629838988,0,0,0
2015-11-16,-0.003416859816323681,0,0,0
2015-11-17,-0.0005706134248977352,0,0,0
2015-11-18,-0.00917437627604127,0,0,0
2015-11-19,-0.018018505502678365,1,0,-1
2015-11-20,-0.0058823699030665245,0,0,0
2015-11-23,-0.0214677296241062,1,0,-1
2015-11-24,0.004810592560349548,0,0,0
2015-11-25,0.005384398291234321,0,0,0
2015-11-26,0.0023837913552761975,0,0,0
2015-11-27,-0.014388737452099556,1,0,-1
2015-11-30,-0.01828204483744907,1,0,-1
2015-12-01,0.004295802862709264,0,0,0
2015-12-02,0.01579619721997929,0,1,1
2015-12-03,-0.014572206859090723,1,0,-1
2015-12-04,0.009132483563272474,0,0,0
2015-12-07,0.012048338516174574,0,0,0
2015-12-08,-0.009627029827164199,0,0,0
2015-12-09,0.001208459361568327,0,0,0
2015-12-10,-0.004842624475788015,0,0,0
2015-12-11,0.006049625225823218,0,0,0
2015-12-14,0.004213066719304004,0,0,0
2015-12-15,-0.004816384987981315,0,0,0
2015-12-16,0.009609683560260976,0,0,0
2015-12-17,0.0023880608363849166,0,0,0
2015-12-18,0.020655794878478514,0,1,1
2015-12-21,0.02138191831691456,0,1,1
2015-12-22,-0.010344919842392773,0,0,0
2015-12-23,-0.00812069427873369,0,0,0
2015-12-24,0.004068590326162931,0,0,0
2015-12-25,0.007512315017466559,0,0,0
2015-12-28,0.002300173527084214,0,0,0
2015-12-29,0.02215370351794174,0,1,1
2015-12-30,0.0,0,0,0
2015-12-31,0.0022446698538239494,0,0,0
2016-01-04,-0.003931484985303337,0,0,0
2016-01-05,0.006730255354067889,0,0,0
2016-01-06,-0.007856381599202957,0,0,0
2016-01-07,-0.001127395835308235,0,0,0
2016-01-08,-0.007927561336649718,0,0,0
2016-01-11,-0.000568666492435883,0,0,0
2016-01-12,-0.009717138476933224,0,0,0
2016-01-13,-0.0005745475596143543,0,0,0
2016-01-14,0.010291686036547506,0,0,0
2016-01-15,0.011312337828727675,0,0,0
2016-01-18,0.02718614030415678,0,1,1
2016-01-19,0.006546668226314368,0,0,0
2016-01-20,-0.011484949866896957,0,0,0
2016-01-21,-0.005515733785302329,0,0,0
2016-01-22,0.00826223372654134,0,0,0
2016-01-25,0.00928207592436823,0,0,0
2016-01-26,0.0027137058715963258,0,0,0
2016-01-27,0.009708814126960903,0,0,0
2016-01-28,-0.026102623902637307,1,0,-1
2016-01-29,-0.0005511160238692251,0,0,0
2016-02-01,0.00275254784304034,0,0,0
2016-02-02,-0.00220143181917106,0,0,0
2016-02-03,0.006042314455962662,0,0,0
2016-02-04,0.013598251418583817,0,0,0
2016-02-05,-0.004331354903674198,0,0,0
2016-02-15,0.015612699367713997,0,0,0
2016-02-16,-0.003746324959621427,0,0,0
2016-02-17,-0.0021470754356651823,0,0,0
2016-02-18,0.004824453206381661,0,0,0
2016-02-19,0.014335260086381866,0,0,0
2016-02-22,0.03369067019029429,0,1,1
2016-02-23,-0.018519047767237527,1,0,-1
2016-02-24,0.001556420547658158,0,0,0
2016-02-25,-0.0005185377352381119,0,0,0
2016-02-26,-0.003116885640253111,0,0,0
2016-02-29,0.024159489108887648,0,1,1
2016-03-01,0.012616871882657992,0,0,0
2016-03-02,-0.0005016303089888839,0,0,0
2016-03-03,-0.009579100219367783,0,0,0
2016-03-04,0.006564022558389989,0,0,0
2016-03-07,0.042370869883962735,0,1,1
2016-03-08,0.056729528399395907,0,1,1
2016-03-09,-0.0418860669775751,1,0,-1
2016-03-10,0.012281684845870229,0,0,0
2016-03-11,-0.05055227916283133,1,0,-1
2016-03-14,-0.019447134935521665,1,0,-1
2016-03-15,-0.007074309442537154,0,0,0
2016-03-16,0.018090945649039045,0,1,1
2016-03-17,0.03426669084755286,0,1,1
2016-03-18,0.019066354502178997,0,1,1
2016-03-21,0.013599271717429298,0,0,0
2016-03-22,0.005110347939298937,0,0,0
2016-03-23,0.016088602599808124,0,1,1
2016-03-24,-0.033854380751830074,1,0,-1
2016-03-25,0.029741969198737516,0,1,1
2016-03-28,-0.02409755157906053,1,0,-1
2016-03-29,0.012584645229072274,0,0,0
2016-03-30,-0.021536412898750683,1,0,-1
2016-03-31,0.010826182464028805,0,0,0
2016-04-01,0.026335548337802772,0,1,1
2016-04-05,0.0004558924172873741,0,0,0
2016-04-06,-0.005484474442159452,0,0,0
2016-04-07,0.004116173202450393,0,0,0
2016-04-08,0.0022794630339548374,0,0,0
2016-04-11,0.043223480228483116,0,1,1
2016-04-12,0.021997867838998857,0,1,1
2016-04-13,0.0038322380304593334,0,0,0
2016-04-14,-0.012401270755560613,0,0,0
2016-04-15,-0.010380716054560741,0,0,0
2016-04-18,0.03880256554108369,0,1,1
2016-04-19,0.04217615878165702,0,1,1
2016-04-20,0.03854193123218354,0,1,1
2016-04-21,0.05917113318845176,0,1,1
2016-04-22,-0.04880834615290503,1,0,-1
2016-04-25,0.009122070096577272,0,0,0
2016-04-26,-0.03425387801180465,1,0,-1
2016-04-27,-0.02137002573619252,1,0,-1
2016-04-28,0.015479570848386375,0,0,0
2016-04-29,0.01601909621098467,0,1,1
2016-05-03,-0.05129329438755058,1,0,-1
2016-05-04,-0.02897553704124984,1,0,-1
2016-05-05,-0.030706037132367397,1,0,-1
2016-05-06,0.011625534593622417,0,0,0
2016-05-09,-0.07141140042533325,1,0,-1
2016-05-10,-0.012957145644003474,0,0,0
2016-05-11,-0.0004658746881372776,0,0,0
2016-05-12,-0.03412653440117114,1,0,-1
2016-05-13,-0.02144331675363962,1,0,-1
2016-05-16,0.01077913425482719,0,0,0
2016-05-17,0.029766960139522763,0,1,1
2016-05-18,-0.028306039499847946,1,0,-1
2016-05-19,-0.005856532112712871,0,0,0
2016-05-20,0.009257069759283176,0,0,0
2016-05-23,-0.05738665920470552,1,0,-1
2016-05-24,0.005633817718256064,0,0,0
2016-05-25,-0.021683864559649862,1,0,-1
2016-05-26,0.019126972345873145,0,1,1
2016-05-27,0.040145882751667764,0,1,1
2016-05-30,-0.02137789590980854,1,0,-1
2016-05-31,-0.006048405535880704,0,0,0
2016-06-01,-0.011696039763191298,0,0,0
2016-06-02,-0.0005116398167380603,0,0,0
2016-06-03,0.017250554613791234,0,1,1
2016-06-06,0.03509131981127019,0,1,1
2016-06-07,0.0087041168483228,0,0,0
2016-06-08,0.010536495944520578,0,0,0
2016-06-13,0.0332661267138723,0,1,1
2016-06-14,-0.046212843155131564,1,0,-1
2016-06-15,-0.0024160436976053833,0,0,0
2016-06-16,0.003380829107704444,0,0,0
2016-06-17,0.0,0,0,0
2016-06-20,-0.005802724212567423,0,0,0
2016-06-21,0.009652584598008973,0,0,0
2016-06-22,0.028877746298662858,0,1,1
2016-06-23,-0.0009337068838942209,0,0,0
2016-06-24,-0.007030729687789574,0,0,0
2016-06-27,0.06465610594574947,0,1,1
2016-06-28,-0.001323626930508253,0,0,0
2016-06-29,-0.010652564116207361,0,0,0
2016-06-30,0.041945860737931044,0,1,1
2016-07-01,0.005121650120054924,0,0,0
2016-07-04,0.03142936253029225,0,1,1
2016-07-05,-0.009117344549276192,0,0,0
2016-07-06,-0.01004192538920175,0,0,0
2016-07-07,0.0037775490881028894,0,0,0
2016-07-08,0.02400777557014222,0,1,1
2016-07-11,-0.0061538655743782235,0,0,0
2016-07-12,0.051334445804193884,0,1,1
2016-07-13,-0.0165553643184568,1,0,-1
2016-07-14,0.0031746058407726395,0,0,0
2016-07-15,0.0011878837270904153,0,0,0
2016-07-18,-0.06752411063088662,1,0,-1
2016-07-19,-0.027904794068209365,1,0,-1
2016-07-20,0.005643600826740879,0,0,0
2016-07-21,0.03655315571950079,0,1,1
2016-07-22,-0.03655315571950071,1,0,-1
2016-07-25,0.013757740641823358,0,0,0
2016-07-26,0.015674966145294945,0,0,0
2016-07-27,0.016260520871780326,0,1,1
2016-07-28,0.025317807984289786,0,1,1
2016-07-29,-0.02780228131195184,1,0,-1
2016-08-01,0.03383245033854307,0,1,1
2016-08-02,0.007586380964573677,0,0,0
2016-08-03,-0.006785098870419486,0,0,0
2016-08-04,-0.017778246021283944,1,0,-1
2016-08-05,0.034064604015843665,0,1,1
2016-08-08,0.026823765659168743,0,1,1
2016-08-09,-0.006928434181964099,0,0,0
2016-08-10,-0.00077279756550856,0,0,0
2016-08-11,0.0027021826903601484,0,0,0
2016-08-12,-0.006575154224024109,0,0,0
2016-08-15,-0.0023310033864755897,0,0,0
2016-08-16,0.029509709791009357,0,1,1
2016-08-17,-0.04558533533533296,1,0,-1
2016-08-18,0.0074818226545494805,0,0,0
2016-08-19,0.007036776495025027,0,0,0
2016-08-22,-0.0054687636296566235,0,0,0
2016-08-23,0.01670266058249676,0,1,1
2016-08-24,-0.002700098072442929,0,0,0
2016-08-25,-0.008533798880397275,0,0,0
2016-08-26,-0.025647489844283992,1,0,-1
2016-08-29,-0.010042261537496867,0,0,0
2016-08-30,-0.02245450537632196,1,0,-1
2016-08-31,-0.012463809042515225,0,0,0
2016-09-01,0.004171887569406548,0,0,0
2016-09-02,0.00166389389469538,0,0,0
2016-09-05,0.012391732295163457,0,0,0
2016-09-06,-0.0032894766503987574,0,0,0
2016-09-07,-0.03948433933288759,1,0,-1
2016-09-08,0.0017123291855125188,0,0,0
2016-09-09,0.002136296475782039,0,0,0
2016-09-12,-0.028573372444056,1,0,-1
2016-09-13,-0.009265453445790123,0,0,0
2016-09-14,-0.002663117419483662,0,0,0
2016-09-19,-0.004900878599711043,0,0,0
2016-09-20,0.011103822724318797,0,0,0
2016-09-21,-0.003096662505537882,0,0,0
2016-09-22,0.010138945130950785,0,0,0
2016-09-23,0.012639087406008997,0,0,0
2016-09-26,0.0030270293383903996,0,0,0
2016-09-27,-0.018741014840342685,1,0,-1
2016-09-28,0.0052654794757618865,0,0,0
2016-09-29,-0.005265479475761878,0,0,0
2016-09-30,-0.008837883420298762,0,0,0
2016-10-10,0.007517170043203855,0,0,0
2016-10-11,0.029943656108730746,0,1,1
2016-10-12,0.00809031451313713,0,0,0
2016-10-13,-0.0016977932770942247,0,0,0
2016-10-14,0.018935975019472456,0,1,1
2016-10-17,0.013250711476428754,0,0,0
2016-10-18,0.004105096076836674,0,0,0
2016-10-19,-0.002871796845487541,0,0,0
2016-10-20,0.021138998523183978,0,1,1
2016-10-21,-0.00040233353992732165,0,0,0
2016-10-24,0.00241157673145138,0,0,0
2016-10-25,0.03083248184770306,0,1,1
2016-10-26,-0.013717636228799195,0,0,0
2016-10-27,-0.00871983329299506,0,0,0
2016-10-28,0.02980612803270183,0,1,1
2016-10-31,0.004626068388782243,0,0,0
2016-11-01,0.004987541511038968,0,0,0
2016-11-02,-0.0011487652038733708,0,0,0
2016-11-03,0.030562650410166668,0,1,1
2016-11-04,0.009247337951681029,0,0,0
2016-11-07,0.061750211787648494,0,1,1
2016-11-08,-0.018515812814217183,1,0,-1
2016-11-09,0.06120522150926766,0,1,1
2016-11-10,-0.009330290945176066,0,0,0
2016-11-11,0.0454846927653122,0,1,1
2016-11-14,-0.0596454148957349,1,0,-1
2016-11-15,-0.0299867375958744,1,0,-1
2016-11-16,-0.014804641211879707,1,0,-1
2016-11-17,-0.000710479603598674,0,0,0
2016-11-18,-0.015037877364540559,1,0,-1
2016-11-21,-0.021145519914979375,1,0,-1
2016-11-22,0.06628717557975103,0,1,1
2016-11-23,0.018449447116759686,0,1,1
2016-11-24,-0.0010160881483857334,0,0,0
2016-11-25,0.06652739258004432,0,1,1
2016-11-28,0.054901235763749626,0,1,1
2016-11-29,-0.08450442706910422,1,0,-1
2016-11-30,-0.020456008567382375,1,0,-1
2016-12-01,0.060467746767089686,0,1,1
2016-12-02,-0.019325803435914522,1,0,-1
2016-12-05,0.024645797206827948,0,1,1
2016-12-06,0.004049219050776573,0,0,0
2016-12-07,0.05001800221949931,0,1,1
2016-12-08,0.0035419163356459906,0,0,0
2016-12-09,-0.014542473231842826,1,0,-1
2016-12-12,0.029166892985292504,0,1,1
2016-12-13,0.017556933921068957,0,1,1
2016-12-14,-0.037795196162060236,1,0,-1
2016-12-15,0.011196345600076886,0,0,0
2016-12-16,-0.03579266653034276,1,0,-1
2016-12-19,-0.037752007838017,1,0,-1
2016-12-20,-0.0028422567689300286,0,0,0
2016-12-21,0.002211341921503404,0,0,0
2016-12-22,-0.04617446534261947,1,0,-1
2016-12-23,-0.013976933024649772,0,0,0
2016-12-26,-0.020996369013006635,1,0,-1
2016-12-27,0.028341978002275097,0,1,1
2016-12-28,-0.005671408028981979,0,0,0
2016-12-29,-0.012455976563574759,0,0,0
2016-12-30,-0.029216719836993255,1,0,-1
2017-01-03,-0.005596376970697825,0,0,0
2017-01-04,0.027332613098441035,0,1,1
2017-01-05,0.0037472365428820706,0,0,0
2017-01-06,-0.009909529237418438,0,0,0
2017-01-09,0.04564550748996036,0,1,1
2017-01-10,0.03829912973210291,0,1,1
2017-01-11,0.004725162359092371,0,0,0
2017-01-12,0.007825990795422634,0,0,0
2017-01-13,-0.0040618709181972,0,0,0
2017-01-16,0.05512127453167242,0,1,1
2017-01-17,-0.02733313273431136,1,0,-1
2017-01-18,0.002433091224641651,0,0,0
2017-01-19,-0.010995834674529465,0,0,0
2017-01-20,-0.01922539834747315,1,0,-1
2017-01-23,-0.004392853000735216,0,0,0
2017-01-24,0.034614086022737904,0,1,1
2017-01-25,0.002124109431621045,0,0,0
2017-01-26,0.020996572177971403,0,1,1
2017-02-03,-0.07902907296494469,1,0,-1
2017-02-06,-0.010008154561547139,0,0,0
2017-02-07,0.026574318698215565,0,1,1
2017-02-08,0.02434577172904144,0,1,1
2017-02-09,-0.011474773137819664,0,0,0
2017-02-10,0.03734746877160087,0,1,1
2017-02-13,0.03222747490873457,0,1,1
2017-02-14,0.0014536999216507563,0,0,0
2017-02-15,-0.01492783464584614,1,0,-1
2017-02-16,-0.0029533394177525918,0,0,0
2017-02-17,0.026847250036188056,0,1,1
2017-02-20,0.02080143389007921,0,1,1
2017-02-21,0.00814496849395486,0,0,0
2017-02-22,-0.014084739881738972,0,0,0
2017-02-23,-0.01198644488036781,0,0,0
2017-02-24,0.004297385212546173,0,0,0
2017-02-27,0.03207025895832867,0,1,1
2017-02-28,-0.03981889867508978,1,0,-1
2017-03-01,0.020248802480992648,0,1,1
2017-03-02,0.0031007776782481854,0,0,0
2017-03-03,0.0036522024020585546,0,0,0
2017-03-06,-0.028154852738062296,1,0,-1
2017-03-07,0.007757545008978505,0,0,0
2017-03-08,-0.019945739997676182,1,0,-1
2017-03-09,-0.010566579089274346,0,0,0
2017-03-10,0.003828601348755768,0,0,0
2017-03-13,0.05768084577242137,0,1,1
2017-03-14,-0.002778551384724216,0,0,0
2017-03-15,0.012992580831929116,0,0,0
2017-03-16,-0.004404080886658308,0,0,0
2017-03-17,-0.01388911216066715,0,0,0
2017-03-20,-0.06979239181736868,1,0,-1
2017-03-21,-0.03200029255246409,1,0,-1
2017-03-22,-0.035301490990938086,1,0,-1
2017-03-23,0.003203077690504115,0,0,0
2017-03-24,0.004148721444457818,0,0,0
2017-03-27,-0.026788757011464596,1,0,-1
2017-03-28,-0.0022924522893772075,0,0,0
2017-03-29,0.038274490089463355,0,1,1
2017-03-30,-0.008556540875354289,0,0,0
2017-03-31,0.003177632162203344,0,0,0
2017-04-05,0.02196511275915005,0,1,1
2017-04-06,-0.01879754596750234,1,0,-1
2017-04-07,-0.04000533461369913,1,0,-1
2017-04-10,-0.012587115505471367,0,0,0
2017-04-11,-0.006018072325563021,0,0,0
2017-04-12,-0.030300190348548587,1,0,-1
2017-04-13,0.008261664891586334,0,0,0
2017-04-14,0.008533931293661385,0,0,0
2017-04-17,-0.01024949184480619,0,0,0
2017-04-18,-0.030685810703443898,1,0,-1
2017-04-19,0.009866182921053759,0,0,0
2017-04-20,0.012889918932048671,0,0,0
2017-04-21,0.013409174614966895,0,0,0
2017-04-24,-0.0003415883893162874,0,0,0
2017-04-25,0.0071489666173413895,0,0,0
2017-04-26,0.006424366981594637,0,0,0
2017-04-27,0.016380108837024877,0,1,1
2017-04-28,0.03229770209370674,0,1,1
2017-05-02,0.0060809916944126845,0,0,0
2017-05-03,-0.0009577015895604776,0,0,0
2017-05-04,-0.06600878061551321,1,0,-1
2017-05-05,0.0,0,0,0
2017-05-08,0.02460107217313289,0,1,1
2017-05-09,0.003986716243821383,0,0,0
2017-05-10,0.020023646194195072,0,1,1
2017-05-11,-0.005540180375615356,0,0,0
2017-05-12,-0.0396652563924314,1,0,-1
2017-05-15,0.016858120075952953,0,1,1
2017-05-16,0.0026711201190610175,0,0,0
2017-05-17,0.03634382642427079,0,1,1
2017-05-18,0.01087314837581737,0,0,0
2017-05-19,0.03131126168620641,0,1,1
2017-05-22,0.029762293920035578,0,1,1
2017-05-23,-0.01416326221873138,0,0,0
2017-05-24,-0.014982698862071122,1,0,-1
2017-05-25,-0.008352716775728354,0,0,0
2017-05-26,0.006502577487566847,0,0,0
2017-05-31,-0.04578542366767857,1,0,-1
2017-06-01,-0.0009697754113839125,0,0,0
2017-06-02,-0.021576515359011304,1,0,-1
2017-06-05,-0.029172227929383912,1,0,-1
2017-06-06,0.00678198598129227,0,0,0
2017-06-07,0.0010133424275343542,0,0,0
2017-06-08,0.0020236094595269924,0,0,0
2017-06-09,0.016374634871790104,0,1,1
2017-06-12,0.005289268529519951,0,0,0
2017-06-13,-0.03284477542638427,1,0,-1
2017-06-14,0.04952000242102326,0,1,1
2017-06-15,0.008716762214416881,0,0,0
2017-06-16,-0.006449554765520758,0,0,0
2017-06-19,0.015728136770182703,0,1,1
2017-06-20,-0.009921668843545292,0,0,0
2017-06-21,-0.012949355439017658,0,0,0
2017-06-22,-0.012459177561933047,0,0,0
2017-06-23,0.023799004245306243,0,1,1
2017-06-26,0.014075728234184428,0,0,0
2017-06-27,0.023855494089225132,0,1,1
2017-06-28,0.016915673218129267,0,1,1
2017-06-29,0.005474466227082769,0,0,0
2017-06-30,0.015051458139595646,0,0,0
2017-07-03,0.019527247695380397,0,1,1
2017-07-04,-0.015650695949457075,1,0,-1
2017-07-05,0.017699577099400857,0,1,1
2017-07-06,-0.0008775779413590076,0,0,0
2017-07-07,0.003214027602378569,0,0,0
2017-07-10,0.004075697053814311,0,0,0
2017-07-11,0.03511135607691158,0,1,1
2017-07-12,0.0028011222797117733,0,0,0
2017-07-13,0.02267796302127313,0,1,1
2017-07-14,-0.02941388520629334,1,0,-1
2017-07-17,0.021176606339814438,0,1,1
2017-07-18,-0.011368485117824173,0,0,0
2017-07-19,0.025603600939696245,0,1,1
2017-07-20,-0.05102151832934824,1,0,-1
2017-07-21,0.00826097847094299,0,0,0
2017-07-24,-0.002556456441301437,0,0,0
2017-07-25,0.014681234894832305,0,0,0
2017-07-26,0.0,0,0,0
2017-07-27,0.0005603810737846829,0,0,0
2017-07-28,-0.0033670065479042954,0,0,0
2017-07-31,0.048013610688803304,0,1,1
2017-08-01,-0.00942006696751368,0,0,0
2017-08-02,0.007274718866589803,0,0,0
2017-08-03,0.013598396451731524,0,0,0
2017-08-04,-0.000529801336895808,0,0,0
2017-08-07,0.03999494354586096,0,1,1
2017-08-08,-0.011264840063140989,0,0,0
2017-08-09,0.030927686814548036,0,1,1
2017-08-10,-0.010539620775884944,0,0,0
2017-08-11,-0.026068432461418822,1,0,-1
2017-08-14,-0.014343706605962346,1,0,-1
2017-08-15,-0.015885957588810007,1,0,-1
2017-08-16,-0.010732595642955138,0,0,0
2017-08-17,0.027143763327871835,0,1,1
2017-08-18,0.022326991826244674,0,1,1
2017-08-21,0.017055268953647548,0,1,1
2017-08-22,-0.007346454826686726,0,0,0
2017-08-23,-0.03994306908232059,1,0,-1
2017-08-24,0.020689490116185427,0,1,1
2017-08-25,0.01849051139763254,0,1,1
2017-08-28,0.0005087764037502004,0,0,0
2017-08-29,-0.01279771753810163,0,0,0
2017-08-30,-0.0036129071557706558,0,0,0
2017-08-31,0.015138198004824587,0,0,0
2017-09-01,0.03379968756232035,0,1,1
2017-09-04,-0.0004924895445516657,0,0,0
2017-09-05,0.005893926688777798,0,0,0
2017-09-06,-0.024288678511816188,1,0,-1
2017-09-07,-0.007049374610229036,0,0,0
2017-09-08,-0.01066812251211008,0,0,0
2017-09-11,-0.0002553952254975612,0,0,0
2017-09-12,0.011176138681227075,0,0,0
2017-09-13,-0.011431599150109082,0,0,0
2017-09-14,-0.02143400325537252,1,0,-1
2017-09-15,-0.0068098744048628035,0,0,0
2017-09-18,-0.001051801306537454,0,0,0
2017-09-19,-0.0161785785806711,1,0,-1
2017-09-20,0.00480128956483307,0,0,0
2017-09-21,-0.02779080778953176,1,0,-1
2017-09-22,-0.028022363469282278,1,0,-1
2017-09-25,0.013693102033496543,0,0,0
2017-09-26,0.0030483604040805762,0,0,0
2017-09-27,0.017825783952600666,0,1,1
2017-09-28,-0.020041851341511777,1,0,-1
2017-09-29,0.02438142961903955,0,1,1
2017-10-09,0.0016224990038538466,0,0,0
2017-10-10,-0.04081073636512885,1,0,-1
2017-10-11,-0.008479417679789394,0,0,0
2017-10-12,0.04006098973008843,0,1,1
2017-10-13,0.03956677564723139,0,1,1
2017-10-16,0.0023563304527346117,0,0,0
2017-10-17,-0.022211383762714275,1,0,-1
2017-10-18,-0.014543752178808995,1,0,-1
2017-10-19,-0.02249751950154006,1,0,-1
2017-10-20,0.04662090853716288,0,1,1
2017-10-23,-0.020332428633075498,1,0,-1
2017-10-24,0.01048537634479791,0,0,0
2017-10-25,-0.009674894063501013,0,0,0
2017-10-26,-0.014416134337075542,1,0,-1
2017-10-27,-0.020202707317519466,1,0,-1
2017-10-30,-0.0016787916645693425,0,0,0
2017-10-31,0.015835863640578787,0,1,1
2017-11-01,-0.012760228614370083,0,0,0
2017-11-02,0.030247013002085613,0,1,1
2017-11-03,-0.0097986630487021,0,0,0
2017-11-06,0.03044006069309489,0,1,1
2017-11-07,-0.004254194132114551,0,0,0
2017-11-08,-0.0024009615375381503,0,0,0
2017-11-09,0.004264398786457518,0,0,0
2017-11-10,0.009528923345878326,0,0,0
2017-11-13,0.0018423481984412061,0,0,0
2017-11-14,0.00026291573702118113,0,0,0
2017-11-15,-0.02636988593509361,1,0,-1
2017-11-16,-0.006770506567210602,0,0,0
2017-11-17,-0.013129291441792736,0,0,0
2017-11-20,0.01746769304039078,0,1,1
2017-11-21,0.017965357831862455,0,1,1
2017-11-22,0.014248262151792524,0,0,0
2017-11-23,0.00235509725496853,0,0,0
2017-11-24,-0.003141363839833795,0,0,0
2017-11-27,0.004969279220190803,0,0,0
2017-11-28,0.010123383015912623,0,0,0
2017-11-29,0.02171499298895671,0,1,1
2017-11-30,0.008305068498484874,0,0,0
2017-12-01,-0.003263464676218509,0,0,0
2017-12-04,0.019669500063328377,0,1,1
2017-12-05,-0.007672355418355302,0,0,0
2017-12-06,-0.0274541862022627,1,0,-1
2017-12-07,-0.022728251077556175,1,0,-1
2017-12-08,0.017351205732003674,0,1,1
2017-12-11,0.004355072849859377,0,0,0
2017-12-12,-0.007183201743492419,0,0,0
2017-12-13,-0.013739684710566538,0,0,0
2017-12-14,-0.01181581293138087,0,0,0
2017-12-15,0.009986942402023757,0,0,0
2017-12-18,0.012990569795649363,0,0,0
2017-12-19,-0.021657728450606293,1,0,-1
2017-12-20,0.0034233081489461865,0,0,0
2017-12-21,0.012798920960876583,0,0,0
2017-12-22,0.02283614308650796,0,1,1
2017-12-25,-0.04011405981087071,1,0,-1
2017-12-26,0.009199696898423416,0,0,0
2017-12-27,-0.007880261425305976,0,0,0
2017-12-28,-0.009006683401501773,0,0,0
2017-12-29,0.009533970521548887,0,0,0
2018-01-02,0.020866693471981702,0,1,1
2018-01-03,-0.016920877488337177,1,0,-1
2018-01-04,0.002621920746912276,0,0,0
2018-01-05,-0.005513995853284981,0,0,0
2018-01-08,0.005252112913461765,0,0,0
2018-01-09,0.00026188293982330995,0,0,0
2018-01-10,0.007824766058229942,0,0,0
2018-01-11,-0.0028619767161008514,0,0,0
2018-01-12,-0.012585378491173223,0,0,0
2018-01-15,0.0031612249719023505,0,0,0
2018-01-16,-0.0031612249719024875,0,0,0
2018-01-17,0.00971518734923018,0,0,0
2018-01-18,0.00832687611191657,0,0,0
2018-01-19,0.017213013298787532,0,1,1
2018-01-22,0.00025467974160313687,0,0,0
2018-01-23,-0.003827023423301714,0,0,0
2018-01-24,0.006370259789029511,0,0,0
2018-01-25,0.007339018136003662,0,0,0
2018-01-26,-0.0053090757997667215,0,0,0
2018-01-29,0.0,0,0,0
2018-01-30,-0.006102230987642941,0,0,0
2018-01-31,-0.0015313938674281365,0,0,0
2018-02-01,0.0040785169969568226,0,0,0
2018-02-02,0.007602672200056262,0,0,0
2018-02-05,0.0015136228924136018,0,0,0
2018-02-06,-0.006068286636702969,0,0,0
2018-02-07,-0.001522842933889651,0,0,0
2018-02-08,-0.0017795860804305892,0,0,0
2018-02-09,-0.008945746558458277,0,0,0
2018-02-12,0.0058876401996375335,0,0,0
2018-02-13,0.0007654037878455252,0,0,0
2018-02-14,0.0033099966566727573,0,0,0
2018-02-22,-0.017436339180728164,1,0,-1
2018-02-23,0.02124200151837328,0,1,1
2018-02-26,0.01980759255180344,0,1,1
2018-02-27,0.0017363268655962792,0,0,0
2018-02-28,-0.0037243990909824397,0,0,0
2018-03-01,0.00298062813813772,0,0,0
2018-03-02,-0.001986097971629403,0,0,0
2018-03-05,-0.01679027039415085,1,0,-1
2018-03-06,0.003028011397641195,0,0,0
2018-03-07,-0.020105016170573437,1,0,-1
2018-03-08,-0.02498828611753244,1,0,-1
2018-03-09,-0.02265857300536866,1,0,-1
2018-03-12,0.0,0,0,0
2018-03-13,-0.0037817441072886897,0,0,0
2018-03-14,0.01076726418461559,0,0,0
2018-03-15,0.00454121255919758,0,0,0
2018-03-16,-0.005612736904957436,0,0,0
2018-03-19,-0.021675191565520967,1,0,-1
2018-03-20,-0.0005479452191892714,0,0,0
2018-03-21,-0.008808204484349654,0,0,0
2018-03-22,0.0005527916116444348,0,0,0
2018-03-23,-0.0715817801571896,1,0,-1
2018-03-26,-0.0017825316662833017,0,0,0
2018-03-27,0.020601081717422393,0,1,1
2018-03-28,-0.002625056196059355,0,0,0
2018-03-29,-0.04022589107257579,1,0,-1
2018-03-30,0.0305412959365817,0,1,1
2018-04-02,-0.013957167921046404,0,0,0
2018-04-03,0.002985968178562003,0,0,0
2018-04-04,-0.010791471632764319,0,0,0
2018-04-09,0.026763417198816506,0,1,1
2018-04-10,0.0032225016900949972,0,0,0
2018-04-11,-0.007044349646504837,0,0,0
2018-04-12,0.0020597329630105622,0,0,0
2018-04-13,0.014590279247511474,0,0,0
2018-04-16,-0.027906055223283672,1,0,-1
2018-04-17,0.008010723746078979,0,0,0
2018-04-18,0.01815569636176114,0,1,1
2018-04-19,0.020109841717192673,0,1,1
2018-04-20,-0.01779100009844371,1,0,-1
2018-04-23,0.02572305301834763,0,1,1
2018-04-24,0.005066152124635375,0,0,0
2018-04-25,0.0030833941738028017,0,0,0
2018-04-26,-0.004206989797629326,0,0,0
2018-04-27,0.009788918887738215,0,0,0
2018-05-02,0.03661611236573967,0,1,1
2018-05-03,-0.014594853659591159,1,0,-1
2018-05-04,-0.0024533200256464205,0,0,0
2018-05-07,-0.0019123076446396256,0,0,0
2018-05-08,-0.0054839731623921514,0,0,0
2018-05-09,-0.01831349739254064,1,0,-1
2018-05-10,0.012246186998416593,0,0,0
2018-05-11,0.01646127705407193,0,1,1
2018-05-14,-0.002179243575611028,0,0,0
2018-05-15,0.0038105653076950952,0,0,0
2018-05-16,-0.0010872520777491638,0,0,0
2018-05-17,0.0005437738035023187,0,0,0
2018-05-18,-0.013132883690438574,0,0,0
2018-05-21,-0.011634480266728468,0,0,0
2018-05-22,-0.004468033124197518,0,0,0
2018-05-23,-0.011824462095023386,0,0,0
2018-05-24,0.014619321376567485,0,0,0
2018-05-25,-0.005036384456557527,0,0,0
2018-05-28,0.00391937791762957,0,0,0
2018-05-29,0.015525679201593997,0,0,0
2018-05-30,0.0024728684122292156,0,0,0
2018-05-31,0.01416917438172578,0,0,0
2018-06-01,0.01022889134009309,0,0,0
2018-06-04,-0.00402523017659786,0,0,0
2018-06-05,0.004560705423663194,0,0,0
2018-06-06,0.010649727916658148,0,0,0
2018-06-07,0.00817622911710612,0,0,0
2018-06-08,-0.00026270852640251533,0,0,0
2018-06-11,-0.0007885399278351606,0,0,0
2018-06-12,0.013840147802176668,0,0,0
2018-06-13,0.0007777058071825193,0,0,0
2018-06-14,0.00979894380109055,0,0,0
2018-06-15,0.0012822158443473591,0,0,0
2018-06-19,-0.03467952791592105,1,0,-1
2018-06-20,0.012655059478094385,0,0,0
2018-06-21,-0.011594332780919257,0,0,0
2018-06-22,-0.003451483580370225,0,0,0
2018-06-25,-0.009889162511223291,0,0,0
2018-06-26,-0.012976662225779902,0,0,0
2018-06-27,-0.0008166599065559779,0,0,0
2018-06-28,0.019418085857101516,0,1,1
2018-06-29,0.016686918785014736,0,1,1
2018-07-02,-0.014819006300609965,1,0,-1
2018-07-03,0.0005330490531335171,0,0,0
2018-07-04,0.007961825498008442,0,0,0
2018-07-05,0.0013208296729396085,0,0,0
2018-07-06,-0.0021141656923355256,0,0,0
2018-07-09,0.013140793561058328,0,0,0
2018-07-10,0.008320380813768031,0,0,0
2018-07-11,0.004392204451507522,0,0,0
2018-07-12,0.024698900336497576,0,1,1
2018-07-13,-0.0042848206703340235,0,0,0
2018-07-16,-0.00025262094361962314,0,0,0
2018-07-17,-0.004304348967507314,0,0,0
2018-07-18,-0.0002537749030241501,0,0,0
2018-07-19,0.005820590898455522,0,0,0
2018-07-20,0.005535998033880488,0,0,0
2018-07-23,0.0065032745457374854,0,0,0
2018-07-24,-0.007005282588408688,0,0,0
2018-07-25,0.008500051177638036,0,0,0
2018-07-26,0.0,0,0,0
2018-07-27,0.026773059271914878,0,1,1
2018-07-30,0.0009689923238812569,0,0,0
2018-07-31,0.009878408241866886,0,0,0
2018-08-01,-0.0077016024482128,0,0,0
2018-08-02,-0.0007250755604673787,0,0,0
2018-08-03,0.012255349830878335,0,0,0
2018-08-06,0.0087980593669541,0,0,0
2018-08-07,0.0030729252404619045,0,0,0
2018-08-08,-0.00023604390526209496,0,0,0
2018-08-09,-0.002126906154507179,0,0,0
2018-08-10,-0.006407996295330183,0,0,0
2018-08-13,0.03394123342803283,0,1,1
2018-08-14,-0.004151297474607606,0,0,0
2018-08-15,-0.03863849302990938,1,0,-1
2018-08-16,0.0,0,0,0
2018-08-17,0.032611585588760796,0,1,1
2018-08-20,0.02184748273977577,0,1,1
2018-08-21,-0.013512171688145735,0,0,0
2018-08-22,-0.0006919617390618215,0,0,0
2018-08-23,-0.012537893520461911,0,0,0
2018-08-24,0.012537893520461923,0,0,0
2018-08-27,-0.030454450099462575,1,0,-1
2018-08-28,0.006638241541293665,0,0,0
2018-08-29,-0.017159620282826395,1,0,-1
2018-08-30,-0.010147465667574173,0,0,0
2018-08-31,-0.007801112210167376,0,0,0
2018-09-03,0.0002447081867099061,0,0,0
2018-09-04,0.0068276295468928366,0,0,0
2018-09-05,-0.00536063661876724,0,0,0
2018-09-06,0.013348092857014856,0,0,0
2018-09-07,0.009119333656527033,0,0,0
2018-09-10,0.02314152856169433,0,1,1
2018-09-11,-0.0509984830646606,1,0,-1
2018-09-12,-0.005171788402393956,0,0,0
2018-09-13,0.005171788402394005,0,0,0
2018-09-14,0.004656300533868655,0,0,0
2018-09-17,0.002442003655551809,0,0,0
2018-09-18,0.015969369128518145,0,1,1
2018-09-19,-0.0052948378815983405,0,0,0
2018-09-20,-0.004837938802468489,0,0,0
2018-09-21,0.006043775196017256,0,0,0
2018-09-25,-0.02168436773708963,1,0,-1
2018-09-26,0.0009847366625395598,0,0,0
2018-09-27,-0.013875346493617068,0,0,0
2018-09-28,-0.016096927042174667,1,0,-1
2018-10-08,0.006822515408725496,0,0,0
2018-10-09,0.01697918443216134,0,1,1
2018-10-10,0.0039535509861004904,0,0,0
2018-10-11,0.00024657872150585475,0,0,0
2018-10-12,0.012252052307859796,0,0,0
2018-10-15,0.010659015645865197,0,0,0
2018-10-16,-0.007983591454839274,0,0,0
2018-10-17,0.01924524156368611,0,1,1
2018-10-18,-0.021433692285141966,1,0,-1
2018-10-19,-0.012985604498935563,0,0,0
2018-10-22,0.024121037886544367,0,1,1
2018-10-23,-0.0028929624805280963,0,0,0
2018-10-24,0.011521970960653842,0,0,0
2018-10-25,0.0004772130846946639,0,0,0
2018-10-26,0.008551120989250217,0,0,0
2018-10-29,-0.0186207337653843,1,0,-1
2018-10-30,0.0052872028959190685,0,0,0
2018-10-31,-0.0108447863680813,0,0,0
2018-11-01,-0.0171069665461346,1,0,-1
2018-11-02,0.0017239260518705302,0,0,0
2018-11-05,0.0019665689720408473,0,0,0
2018-11-06,-0.027385330971862378,1,0,-1
2018-11-07,-0.008109522395189361,0,0,0
2018-11-08,0.014148795909433015,0,0,0
2018-11-09,-0.013385728340930544,0,0,0
2018-11-12,-0.021848960646212393,1,0,-1
2018-11-13,0.005184044787587919,0,0,0
2018-11-14,0.017681434370552487,0,1,1
2018-11-15,-0.012266956787990224,0,0,0
2018-11-16,-0.0012865047445318016,0,0,0
2018-11-19,-0.011914152843570319,0,0,0
2018-11-20,-0.025331169733610253,1,0,-1
2018-11-21,-0.004821868437077263,0,0,0
2018-11-22,0.0013417417818631485,0,0,0
2018-11-23,-0.02883768928374358,1,0,-1
2018-11-26,-0.01951009487405011,1,0,-1
2018-11-27,0.0072911147449987845,0,0,0
2018-11-28,0.017998547613823038,0,1,1
2018-11-29,-0.0107602086607995,0,0,0
2018-11-30,-0.10182232259661857,1,0,-1
2018-12-03,0.023373351185308804,0,1,1
2018-12-04,0.012226184798173941,0,0,0
2018-12-05,0.02603628129650826,0,1,1
2018-12-06,-0.025739941095791797,1,0,-1
2018-12-07,0.006497364853953791,0,0,0
2018-12-10,-0.025340452655433568,1,0,-1
2018-12-11,0.00451876051332638,0,0,0
2018-12-12,-0.00301023707142432,0,0,0
2018-12-13,0.030287350692248843,0,1,1
2018-12-14,0.007575793808457723,0,0,0
2018-12-17,-0.0029069787913092726,0,0,0
2018-12-18,0.0,0,0,0
2018-12-19,-0.0029154539601240195,0,0,0
2018-12-20,0.016218137115113312,0,1,1
2018-12-21,0.0077264656806348385,0,0,0
2018-12-24,-0.016382030394070272,1,0,-1
2018-12-25,-0.015477020866126113,1,0,-1
2018-12-26,0.003231969906025686,0,0,0
2018-12-27,-0.003820724706665194,0,0,0
2018-12-28,0.002352942262026836,0,0,0
2019-01-02,-0.006483960234739172,0,0,0
2019-01-03,0.02135520674324456,0,1,1
2019-01-04,0.008932489878196054,0,0,0
2019-01-07,0.00970604251217651,0,0,0
2019-01-08,-0.00427046912345232,0,0,0
2019-01-09,0.0005704506714877389,0,0,0
2019-01-10,0.0019940186068644495,0,0,0
2019-01-11,0.007089211598420968,0,0,0
2019-01-14,0.010120974782644692,0,0,0
2019-01-15,-0.015788317806522883,1,0,-1
2019-01-16,0.004253515558056663,0,0,0
2019-01-17,0.0047988800634462874,0,0,0
2019-01-18,0.022829499278113997,0,1,1
2019-01-21,0.003297612221556673,0,0,0
2019-01-22,-0.003297612221556609,0,0,0
2019-01-23,0.0030232261586468972,0,0,0
2019-01-24,0.009830772783127734,0,0,0
2019-01-25,0.008119124438504191,0,0,0
2019-01-28,-0.007847422222459708,0,0,0
2019-01-29,-0.0016313217320840852,0,0,0
2019-01-30,0.0005440696543350363,0,0,0
2019-01-31,0.008125721849460178,0,0,0
2019-02-01,0.012599013995721962,0,0,0
2019-02-11,0.01873652911418214,0,1,1
2019-02-12,-0.010512580389087024,0,0,0
2019-02-13,-0.022172672738106372,1,0,-1
2019-02-14,-0.004874095758245407,0,0,0
2019-02-15,-0.023343089296166776,1,0,-1
2019-02-18,0.016533856940176207,0,1,1
2019-02-19,-0.0010937928353278981,0,0,0
2019-02-20,-0.003837724008445461,0,0,0
2019-02-21,0.00983883312583862,0,0,0
2019-02-22,0.014579091919885776,0,0,0
2019-02-25,-0.013220211428134718,0,0,0
2019-02-26,0.014559437555709995,0,0,0
2019-02-27,-0.005636842196873687,0,0,0
2019-02-28,0.009377161812597005,0,0,0
2019-03-01,0.01718482475410097,0,1,1
2019-03-04,-0.0010490428446971174,0,0,0
2019-03-05,-0.004734359184961315,0,0,0
2019-03-06,-0.014874112203415007,1,0,-1
2019-03-07,0.022229017961416152,0,1,1
2019-03-08,-0.012906803693551818,0,0,0
2019-03-11,-0.013075569880631268,0,0,0
2019-03-12,0.024410869845840504,0,1,1
2019-03-13,-0.006574645642085357,0,0,0
2019-03-14,0.0013183917532582322,0,0,0
2019-03-15,-0.008467899236293071,0,0,0
2019-03-18,0.004772013297495614,0,0,0
2019-03-19,0.0018496504150359162,0,0,0
2019-03-20,-0.00290813159351197,0,0,0
2019-03-21,-0.0013246789591087227,0,0,0
2019-03-22,-0.0010610080570943841,0,0,0
2019-03-25,-0.020376040073510897,1,0,-1
2019-03-26,0.003514942107444592,0,0,0
2019-03-27,0.0016181233304102998,0,0,0
2019-03-28,-0.005674924026024768,0,0,0
2019-03-29,0.01826044293883772,0,1,1
2019-04-01,0.012691867882684244,0,0,0
2019-04-02,-0.06681822401001863,1,0,-1
2019-04-03,0.007555653686206447,0,0,0
2019-04-04,0.0019495898112218653,0,0,0
2019-04-08,0.037142445294356875,0,1,1
2019-04-09,0.007212532936107654,0,0,0
2019-04-10,0.004514680354526613,0,0,0
2019-04-11,0.008968669982760316,0,0,0
2019-04-12,-0.003683245416296405,0,0,0
2019-04-15,0.009182800982334982,0,0,0
2019-04-16,-0.01287966286366114,0,0,0
2019-04-17,0.003960401216096914,0,0,0
2019-04-18,-0.022652534228249498,1,0,-1
2019-04-19,0.007518832414027319,0,0,0
2019-04-22,0.009319731948802227,0,0,0
2019-04-23,-0.0042496743903416056,0,0,0
2019-04-24,-0.007212532936107705,0,0,0
2019-04-25,-0.004837418731770058,0,0,0
2019-04-26,0.007247381071022624,0,0,0
2019-04-29,0.010111847735343146,0,0,0
2019-04-30,0.013412429860387959,0,0,0
2019-05-06,-0.018987912244691343,1,0,-1
2019-05-07,0.002924367363887515,0,0,0
2019-05-08,-0.00960263447088321,0,0,0
2019-05-09,0.001606856264325969,0,0,0
2019-05-10,0.0024054535185499774,0,0,0
2019-05-13,-0.014791179974035206,1,0,-1
2019-05-14,-0.007614940251184223,0,0,0
2019-05-15,0.011130832987255632,0,0,0
2019-05-16,0.010206911067964956,0,0,0
2019-05-17,0.007719990424322092,0,0,0
2019-05-20,0.0023837913552761975,0,0,0
2019-05-21,0.036112509585998105,0,1,1
2019-05-22,-0.0022991452202200187,0,0,0
2019-05-23,-0.0074445216105051325,0,0,0
2019-05-24,0.0020592027868409296,0,0,0
2019-05-27,-0.01215899082724533,0,0,0
2019-05-28,0.0007805386112424117,0,0,0
2019-05-29,-0.0052151356791081595,0,0,0
2019-05-30,-0.012628423548179377,0,0,0
2019-05-31,-0.00717420374800033,0,0,0
2019-06-03,-0.011532915813724188,0,0,0
2019-06-04,0.010198692800587494,0,0,0
2019-06-05,0.0005339028423675204,0,0,0
2019-06-06,-0.0026723693082034536,0,0,0
2019-06-10,-0.005366259188231807,0,0,0
2019-06-11,0.03073089508330305,0,1,1
2019-06-12,-0.014982538115163731,1,0,-1
2019-06-13,0.004228336109521105,0,0,0
2019-06-14,-0.009805299176677282,0,0,0
2019-06-17,-0.013674968432165148,0,0,0
2019-06-18,0.0075309662011644315,0,0,0
2019-06-19,0.010130718474821939,0,0,0
2019-06-20,0.014483465818579752,0,0,0
2019-06-21,0.0088496152769826,0,0,0
2019-06-24,0.01159358599536444,0,0,0
2019-06-25,0.02279156644277752,0,1,1
2019-06-26,0.0010010010845848043,0,0,0
2019-06-27,0.0007500937968895462,0,0,0
2019-06-28,0.015869413124675838,0,1,1
2019-07-01,0.010279091974647695,0,0,0
2019-07-02,-0.013235487328250018,0,0,0
2019-07-03,-0.005690971687579844,0,0,0
2019-07-04,-0.001489943161153501,0,0,0
2019-07-05,-0.009990093075086299,0,0,0
2019-07-08,0.002006018726865766,0,0,0
2019-07-09,0.012447260532211657,0,0,0
2019-07-10,-0.005208991066292312,0,0,0
2019-07-11,-0.0009952725379918077,0,0,0
2019-07-12,-0.013029500290333795,0,0,0
2019-07-15,0.016260520871780326,0,1,1
2019-07-16,0.0017354659122122437,0,0,0
2019-07-17,0.0037087445156331477,0,0,0
2019-07-18,-0.02094839696381055,1,0,-1
2019-07-19,0.008282140452471602,0,0,0
2019-07-22,-0.013335208303862782,0,0,0
2019-07-23,-0.0017746233583684897,0,0,0
2019-07-24,-0.010714388212406369,0,0,0
2019-07-25,0.010460613309382177,0,0,0
2019-07-26,0.0,0,0,0
2019-07-29,-0.016119064621050415,1,0,-1
2019-07-30,0.0023186922664561968,0,0,0
2019-07-31,0.0012858430471681848,0,0,0
2019-08-01,-0.011632546835828511,0,0,0
2019-08-02,-0.007830893580547945,0,0,0
2019-08-05,-0.016647233433156283,1,0,-1
2019-08-06,-0.012332595984288586,0,0,0
2019-08-07,0.0010784579098653594,0,0,0
2019-08-08,-0.010564909320216469,0,0,0
2019-08-09,-0.022305757514298277,1,0,-1
2019-08-12,0.023666487075189275,0,1,1
2019-08-13,0.0,0,0,0
2019-08-14,-0.0019055402526560387,0,0,0
2019-08-15,0.012187016103243598,0,0,0
2019-08-16,0.0,0,0,0
2019-08-19,0.008576841641827926,0,0,0
2019-08-20,-0.012893006961233335,0,0,0
2019-08-21,-0.003520653602685369,0,0,0
2019-08-22,0.00783681892209091,0,0,0
2019-08-23,-0.07516454006398463,1,0,-1
2019-08-26,-0.02170809796612889,1,0,-1
2019-08-27,-0.027357786160644496,1,0,-1
2019-08-28,0.010912505985950761,0,0,0
2019-08-29,-0.015494765416641985,1,0,-1
2019-08-30,0.025394351288701607,0,1,1
2019-09-02,0.016871792841854544,0,1,1
2019-09-03,-0.001174743160060808,0,0,0
2019-09-04,0.005859964029279595,0,0,0
2019-09-05,0.0046633719020809546,0,0,0
2019-09-06,-0.015236157614494476,1,0,-1
2019-09-09,0.03196088424560407,0,1,1
2019-09-10,-0.0051605619114337845,0,0,0
2019-09-11,0.0005747126594968735,0,0,0
2019-09-12,0.01934626483505755,0,1,1
2019-09-16,0.004217635944203513,0,0,0
2019-09-17,-0.008736141231554698,0,0,0
2019-09-18,-0.011386402552313215,0,0,0
2019-09-19,-0.027868276646248066,1,0,-1
2019-09-20,-0.002652912388638899,0,0,0
2019-09-23,0.035376260687966385,0,1,1
2019-09-24,-0.00944618445205006,0,0,0
2019-09-25,0.006021523570685893,0,0,0
2019-09-26,-0.01526747213078842,1,0,-1
2019-09-27,-0.0023249065979250947,0,0,0
2019-09-30,0.009555596091071034,0,0,0
2019-10-08,-0.019203383247640125,1,0,-1
2019-10-09,0.002640459213442323,0,0,0
2019-10-10,0.0005858230981832988,0,0,0
2019-10-11,-0.0023453543439238504,0,0,0
2019-10-14,-0.016274956058992852,1,0,-1
2019-10-15,-0.0017915800552043316,0,0,0
2019-10-16,-0.016574132603429326,1,0,-1
2019-10-17,0.009977407031998972,0,0,0
2019-10-18,-0.004220687604230211,0,0,0
2019-10-21,-0.006060624611690958,0,0,0
2019-10-22,0.008474626990972236,0,0,0
2019-10-23,-0.0018099552452395303,0,0,0
2019-10-24,0.0018099552452393861,0,0,0
2019-10-25,0.007805503454202473,0,0,0
2019-10-28,-0.005096698186115549,0,0,0
2019-10-29,0.006292155590889272,0,0,0
2019-10-30,0.007439403452284274,0,0,0
2019-10-31,-0.0017804159005757583,0,0,0
2019-11-01,0.0038535693159899723,0,0,0
2019-11-04,0.0005915409814611231,0,0,0
2019-11-05,0.015258511998895339,0,0,0
2019-11-06,0.002036364340059569,0,0,0
2019-11-07,-0.006706542121944129,0,0,0
2019-11-08,-0.0017569550639664733,0,0,0
2019-11-11,-0.011496073549919503,0,0,0
2019-11-12,0.02228177787519059,0,1,1
2019-11-13,-0.0020316361653561657,0,0,0
2019-11-14,0.019848199396947586,0,1,1
2019-11-15,0.00963726279779565,0,0,0
2019-11-18,0.0030981576675672743,0,0,0
2019-11-19,0.021972793333824597,0,1,1
2019-11-20,0.011216093507957952,0,0,0
2019-11-21,-0.015627459911835208,1,0,-1
2019-11-22,0.009898348620136473,0,0,0
2019-11-25,0.011425586752753118,0,0,0
2019-11-26,-0.023536937659174154,1,0,-1
2019-11-27,-0.004162625685946816,0,0,0
2019-11-28,0.006099270363729653,0,0,0
2019-11-29,0.0005526388645764054,0,0,0
2019-12-02,0.0038599441362997112,0,0,0
2019-12-03,-0.009677940877085778,0,0,0
2019-12-04,0.0011108026690626281,0,0,0
2019-12-05,-0.056815621054828444,1,0,-1
2019-12-06,0.009647787156569113,0,0,0
2019-12-09,0.021301899318598258,0,1,1
2019-12-10,-0.0017103766997417942,0,0,0
2019-12-11,0.009088389736790202,0,0,0
2019-12-12,-0.0036822021494104682,0,0,0
2019-12-13,-0.00028380871483249797,0,0,0
2019-12-16,-0.012280605572717576,0,0,0
2019-12-17,0.0011487652038733585,0,0,0
2019-12-18,-0.0022988515871107127,0,0,0
2019-12-19,0.012010438912220806,0,0,0
2019-12-20,-0.0031316751573254305,0,0,0
2019-12-23,0.008800624579552555,0,0,0
2019-12-24,-0.007945558259819057,0,0,0
2019-12-25,-0.007147993265287284,0,0,0
2019-12-26,0.01254650048064587,0,0,0
2019-12-27,0.0033946284366337155,0,0,0
2019-12-30,0.0011289868543241665,0,0,0
2019-12-31,0.006747284523932507,0,0,0
2020-01-02,-0.006183268716538523,0,0,0
2020-01-03,-0.0011283499081498494,0,0,0
2020-01-06,0.004505780644720668,0,0,0
2020-01-07,0.004205810209180626,0,0,0
2020-01-08,0.01195953623272459,0,0,0
2020-01-09,-0.017289889714756684,1,0,-1
2020-01-10,0.004490605357107241,0,0,0
2020-01-13,-0.011547797667106022,0,0,0
2020-01-14,0.011267724846342288,0,0,0
2020-01-15,-0.00928668556820411,0,0,0
2020-01-16,0.007885143642915763,0,0,0
2020-01-17,0.008379937306750697,0,0,0
2020-01-20,0.0027777795639023694,0,0,0
2020-01-21,-0.009756174945364685,0,0,0
2020-01-22,-0.0033670065479042954,0,0,0
2020-01-23,-0.016435620748275453,1,0,-1
2020-02-03,-0.07935246975207197,1,0,-1
2020-02-04,0.024141737779717284,0,1,1
2020-02-05,-0.004539272433419222,0,0,0
2020-02-06,0.0021208915691376296,0,0,0
2020-02-07,0.006335818449085924,0,0,0
2020-02-10,-0.006033200804167809,0,0,0
2020-02-11,0.025983244626007065,0,1,1
2020-02-12,0.0035314927814711593,0,0,0
2020-02-13,-0.002647449700468288,0,0,0
2020-02-14,0.000883262239080828,0,0,0
2020-02-17,0.008498219642731416,0,0,0
2020-02-18,-0.010855321500112926,0,0,0
2020-02-19,0.001179245419675653,0,0,0
2020-02-20,0.01925942225759827,0,1,1
2020-02-21,0.007199455142854329,0,0,0
2020-02-24,-0.0025858368093415844,0,0,0
2020-02-25,0.0037329548014915595,0,0,0
2020-02-26,-0.012110874669908775,0,0,0
2020-02-27,-0.008156176877564114,0,0,0
2020-02-28,-0.02487543128957721,1,0,-1
2020-03-02,0.025752496102414764,0,1,1
2020-03-03,-0.00029226947453407756,0,0,0
2020-03-04,0.01623694703025676,0,1,1
2020-03-05,-0.002303485038111652,0,0,0
2020-03-06,-0.008104241172269322,0,0,0
2020-03-09,-0.0005813953652141653,0,0,0
2020-03-10,0.011564164719675876,0,0,0
2020-03-11,0.005160561911433844,0,0,0
2020-03-12,0.006839582091676708,0,0,0
2020-03-13,0.013540404335107788,0,0,0
2020-03-16,-0.004493127469133308,0,0,0
2020-03-17,0.0005627462163142746,0,0,0
2020-03-18,-0.0019709988078711774,0,0,0
2020-03-19,-0.005652926302788212,0,0,0
2020-03-20,-0.012837146760680719,0,0,0
2020-03-23,-0.024118559761748478,1,0,-1
2020-03-24,0.01024149405219692,0,0,0
2020-03-25,-0.020588962577621547,1,0,-1
2020-03-26,-0.007157799722071619,0,0,0
2020-03-27,-0.0035982047817315786,0,0,0
2020-03-30,-0.026481535279403577,1,0,-1
2020-03-31,-0.0027799245701883176,0,0,0
2020-04-01,-0.019994418034512382,1,0,-1
2020-04-02,0.018756411067354394,0,1,1
2020-04-03,-0.012465103748217644,0,0,0
2020-04-07,0.005316666159440619,0,0,0
2020-04-08,0.011783082065805351,0,0,0
2020-04-09,0.018931863145665844,0,1,1
2020-04-10,0.02006355668068066,0,1,1
2020-04-13,0.004142017756121428,0,0,0
2020-04-14,-0.0008861320916577988,0,0,0
2020-04-15,-0.0032558856644636447,0,0,0
2020-04-16,0.003551350284725124,0,0,0
2020-04-17,-0.0011823826384893693,0,0,0
2020-04-20,-0.005635488739325091,0,0,0
2020-04-21,-0.007463835217186929,0,0,0
2020-04-22,0.011323124555256222,0,0,0
2020-04-23,-0.013423020332140661,0,0,0
2020-04-24,0.0038963034456091328,0,0,0
2020-04-27,-0.008109370164913065,0,0,0
2020-04-28,-0.007263954458225169,0,0,0
2020-04-29,0.003033062683112899,0,0,0
2020-04-30,0.019493794681001132,0,1,1
2020-05-06,0.007397577750719292,0,0,0
2020-05-07,0.013761013520472579,0,0,0
2020-05-08,0.003773041771052435,0,0,0
2020-05-11,0.0,0,0,0
2020-05-12,0.0034702174790071237,0,0,0
2020-05-13,0.0,0,0,0
2020-05-14,-0.005500086234566822,0,0,0
2020-05-15,0.005500086234566744,0,0,0
2020-05-18,0.018307147444356107,0,1,1
2020-05-19,0.009591046722925068,0,0,0
2020-05-20,-0.00874106792122059,0,0,0
2020-05-21,0.010424097771513518,0,0,0
2020-05-22,-0.01695914020782633,1,0,-1
2020-05-25,-0.0022831060145686323,0,0,0
2020-05-26,-0.0020020026706730793,0,0,0
2020-05-27,0.00028624588716985653,0,0,0
2020-05-28,0.0011441648845455675,0,0,0
2020-05-29,0.022892055187478333,0,1,1
2020-06-01,-0.0005589715070080912,0,0,0
2020-06-02,0.015809509697098652,0,1,1
2020-06-03,0.0,0,0,0
2020-06-04,-0.007734845192853946,0,0,0
2020-06-05,-0.0005547850350340463,0,0,0
2020-06-08,0.003324102783838621,0,0,0
2020-06-09,0.000829302051675287,0,0,0
2020-06-10,-0.008881546031459851,0,0,0
2020-06-11,0.002505918059228244,0,0,0
2020-06-12,0.00830799572328545,0,0,0
2020-06-15,-0.015004449318406748,1,0,-1
2020-06-16,0.007530366082641055,0,0,0
2020-06-17,-0.003897555045309967,0,0,0
2020-06-18,0.00833338155914424,0,0,0
2020-06-19,0.008264509849893431,0,0,0
2020-06-22,-0.006882339622941789,0,0,0
2020-06-23,-0.002766253492890185,0,0,0
2020-06-24,0.00276625349289011,0,0,0
2020-06-29,-0.018963200707756055,1,0,-1
2020-06-30,0.0036532287363356605,0,0,0
2020-07-01,0.00028046557468941187,0,0,0
2020-07-02,0.0019610596003241574,0,0,0
2020-07-03,0.01279216554033272,0,0,0
2020-07-06,-0.00027635760850203063,0,0,0
2020-07-07,0.004412583000876031,0,0,0
2020-07-08,0.018539244177326334,0,1,1
2020-07-09,0.006462058028091024,0,0,0
2020-07-10,-0.009708814126960938,0,0,0
2020-07-13,0.013191737942540908,0,0,0
2020-07-14,0.0013363626203688956,0,0,0
2020-07-15,0.000534045406551155,0,0,0
2020-07-16,-0.01154530209042119,0,0,0
2020-07-17,0.00619197024792098,0,0,0
2020-07-20,-0.00673221877537782,0,0,0
2020-07-21,0.01687916831911433,0,1,1
2020-07-22,0.004770748513132529,0,0,0
2020-07-23,0.006325798637691889,0,0,0
2020-07-24,-0.015623249062407403,1,0,-1
2020-07-27,-0.006425724920970445,0,0,0
2020-07-28,0.0002685645242408634,0,0,0
2020-07-29,0.011215070820140003,0,0,0
2020-07-30,0.0002654984749433726,0,0,0
2020-07-31,0.0026511150204157484,0,0,0
2020-08-03,0.015500113290872013,0,0,0
2020-08-04,0.0010422095784438116,0,0,0
2020-08-05,-0.0020855064910213707,0,0,0
2020-08-06,0.006762054374923171,0,0,0
2020-08-07,-0.006762054374923222,0,0,0
2020-08-10,-0.002613014290532795,0,0,0
2020-08-11,-0.007089434970488037,0,0,0
2020-08-12,0.0026315804660558212,0,0,0
2020-08-13,-0.0036861547794513803,0,0,0
2020-08-14,0.0021080376712907774,0,0,0
2020-08-17,0.008648985903125588,0,0,0
2020-08-18,0.004166672694845912,0,0,0
2020-08-19,-0.014132661290637553,0,0,0
2020-08-20,-0.007673010260965602,0,0,0
2020-08-21,0.004769484399035205,0,0,0
2020-08-24,-0.0005288207420963923,0,0,0
2020-08-25,-0.020575208124862847,1,0,-1
2020-08-26,0.005921955395463771,0,0,0
2020-08-27,-0.002418380864281638,0,0,0
2020-08-28,0.004563153804415832,0,0,0
2020-08-31,0.011979379247821094,0,0,0
2020-09-01,-0.0013239774209934368,0,0,0
2020-09-02,0.0010593221329593383,0,0,0
2020-09-03,0.003171250015017277,0,0,0
2020-09-04,-0.00954408093001786,0,0,0
2020-09-07,-0.004806417797720867,0,0,0
2020-09-08,-0.004560705423663175,0,0,0
2020-09-09,-0.01653826497425909,1,0,-1
2020-09-10,-0.004932868320024699,0,0,0
2020-09-11,0.006844653689965499,0,0,0
2020-09-14,-0.00027288852673103254,0,0,0
2020-09-15,-0.019846296371930656,1,0,-1
2020-09-16,-0.004743974293982219,0,0,0
2020-09-17,0.0005592841309096111,0,0,0
2020-09-18,0.007242371489075477,0,0,0
2020-09-21,-0.017922630402629838,1,0,-1
2020-09-22,-0.0005652911399828014,0,0,0
2020-09-23,0.0014126291372981883,0,0,0
2020-09-24,0.0028192857692818487,0,0,0
2020-09-25,-0.00848181505590923,0,0,0
2020-09-28,0.00509771707166858,0,0,0
2020-09-29,-0.0011305823702860267,0,0,0
2020-09-30,0.006764400088542063,0,0,0
2020-10-09,0.020298208375125748,0,1,1
2020-10-12,0.0011004127657871963,0,0,0
2020-10-13,-0.00247763375196183,0,0,0
2020-10-14,-0.002760145279786777,0,0,0
2020-10-15,-0.0016597514183643968,0,0,0
2020-10-16,0.005521825184307947,0,0,0
2020-10-19,-0.00579871844372614,0,0,0
2020-10-20,0.0013837002346092804,0,0,0
2020-10-21,0.00935872506446999,0,0,0
2020-10-22,-0.0021941862889839603,0,0,0
2020-10-23,-0.007164538775486099,0,0,0
2020-10-26,-0.000829990364426858,0,0,0
2020-10-27,0.000829990364426967,0,0,0
2020-10-28,0.014278111864288292,0,0,0
2020-10-29,0.0,0,0,0
2020-10-30,0.009226659757087448,0,0,0
2020-11-02,0.004581600791627244,0,0,0
2020-11-03,-0.0029621672393242565,0,0,0
2020-11-04,0.012062872449275163,0,0,0
2020-11-05,-0.0013331557767080658,0,0,0
2020-11-06,0.00903060586008999,0,0,0
2020-11-09,0.02015511231921601,0,1,1
2020-11-10,-0.008588211537420525,0,0,0
2020-11-11,0.0044334405646457775,0,0,0
2020-11-12,-0.0028664514740927394,0,0,0
2020-11-13,0.002085506491021361,0,0,0
2020-11-16,0.0031201273362436777,0,0,0
2020-11-17,0.01724402528161533,0,1,1
2020-11-18,-0.0030667031445608933,0,0,0
2020-11-19,0.008410907236908833,0,0,0
2020-11-20,0.009347042915711049,0,0,0
2020-11-23,-0.01673467045217648,1,0,-1
2020-11-24,-0.0002557217761026516,0,0,0
2020-11-25,-0.01157569195788915,0,0,0
2020-11-26,0.004903868389693126,0,0,0
2020-11-27,0.010245991274038227,0,0,0
2020-11-30,-0.0045977092486294314,0,0,0
2020-12-01,-0.003590668130728596,0,0,0
2020-12-02,0.00538117890451675,0,0,0
2020-12-03,-0.012083962442136225,0,0,0
2020-12-04,0.008756172349461543,0,0,0
2020-12-07,0.003072199036970059,0,0,0
2020-12-08,0.0005111168013135466,0,0,0
2020-12-09,0.018980703949385065,0,1,1
2020-12-10,0.012704119049789119,0,0,0
2020-12-11,-0.0017341760818276105,0,0,0
2020-12-14,-0.01122066379163914,0,0,0
2020-12-15,0.021089976566683613,0,1,1
2020-12-16,0.01824646170100545,0,1,1
2020-12-17,0.006488067935537958,0,0,0
2020-12-18,0.03321468909306947,0,1,1
2020-12-21,0.032819718636084426,0,1,1
2020-12-22,-0.020843527589368773,1,0,-1
2020-12-23,-0.019651539809370035,1,0,-1
2020-12-24,0.0018661073761537513,0,0,0
2020-12-25,0.011584930308068939,0,0,0
2020-12-28,-0.022598515565719842,1,0,-1
2020-12-29,-0.002359048039063332,0,0,0
2020-12-30,0.005182579326669905,0,0,0
2020-12-31,0.030543790373640637,0,1,1
2021-01-04,-0.001140120976311738,0,0,0
2021-01-05,0.0031890687620010545,0,0,0
2021-01-06,-0.004558931989914797,0,0,0
2021-01-07,0.017663502714014345,0,1,1
2021-01-08,0.007157266071073584,0,0,0
2021-01-11,-0.03146835773488326,1,0,-1
2021-01-12,-0.004841508016215293,0,0,0
2021-01-13,-0.007888672000324197,0,0,0
2021-01-14,0.00023291021416568068,0,0,0
2021-01-15,0.015253357904353655,0,0,0
2021-01-18,0.007312646846286557,0,0,0
2021-01-19,-0.023964280438728596,1,0,-1
2021-01-20,0.005117480347155536,0,0,0
2021-01-21,0.013596245853642493,0,0,0
2021-01-22,-0.017315450512709593,1,0,-1
2021-01-25,0.006268157493206846,0,0,0
2021-01-26,-0.00417440309333356,0,0,0
2021-01-27,0.01887717196768379,0,1,1
2021-01-28,-0.02540552343542283,1,0,-1
2021-01-29,-0.001873098182860661,0,0,0
2021-02-01,-0.010838937405501235,0,0,0
2021-02-02,-0.01600034134644119,1,0,-1
2021-02-03,0.005042632848898267,0,0,0
2021-02-04,0.016863004978245597,0,1,1
2021-02-05,0.009143188768678812,0,0,0
2021-02-08,0.011601058182761975,0,0,0
2021-02-09,0.019418085857101516,0,1,1
2021-02-10,-0.003626477229173215,0,0,0
2021-02-18,0.027987945713643346,0,1,1
2021-02-19,-0.001104606320202757,0,0,0
2021-02-22,0.012739025777429712,0,0,0
2021-02-23,-0.006568887207273982,0,0,0
2021-02-24,0.014395014108273742,0,0,0
2021-02-25,0.014617629153300293,0,0,0
2021-02-26,-0.0019224613418547427,0,0,0
2021-03-01,-0.008158052974142503,0,0,0
2021-03-02,0.019849120346533647,0,1,1
2021-03-03,0.022979912399726472,0,1,1
2021-03-04,0.0014446396073485638,0,0,0
2021-03-05,-0.03206141559741996,1,0,-1
2021-03-08,0.011854499534548379,0,0,0
2021-03-09,-0.034249923043078466,1,0,-1
2021-03-10,-0.0006535236045688517,0,0,0
2021-03-11,0.02113058352787267,0,1,1
2021-03-12,0.008921044721169556,0,0,0
2021-03-15,0.012190146748633307,0,0,0
2021-03-16,-0.018128658368378552,1,0,-1
2021-03-17,0.01771077286292414,0,1,1
2021-03-18,-0.005448462765944125,0,0,0
2021-03-19,-0.0027354041254016,0,0,0
2021-03-22,0.003575563805151527,0,0,0
2021-03-23,-0.01012880573330247,0,0,0
2021-03-24,0.021194791921099087,0,1,1
2021-03-25,-0.004369999671118379,0,0,0
2021-03-26,0.028576309771763356,0,1,1
2021-03-29,0.007471009005370512,0,0,0
2021-03-30,-0.001409159770174758,0,0,0
2021-03-31,-0.005859194456915894,0,0,0
2021-04-01,0.013685059620623167,0,0,0
2021-04-02,0.030317282562754,0,1,1
2021-04-06,-0.0019409943982044403,0,0,0
2021-04-07,-0.005845690847662725,0,0,0
2021-04-08,-0.00039093041936494885,0,0,0
2021-04-09,-0.009231136944697155,0,0,0
2021-04-12,-0.016512859045090943,1,0,-1
2021-04-13,0.02593948030279458,0,1,1
2021-04-14,0.0,0,0,0
2021-04-15,-0.0017607360510894046,0,0,0
2021-04-16,0.001760736051089455,0,0,0
2021-04-19,-0.006667998818623863,0,0,0
2021-04-20,0.016200217673629603,0,1,1
2021-04-21,0.004443163882595667,0,0,0
2021-04-22,0.0038476384520707363,0,0,0
2021-04-23,0.017322218604357006,0,1,1
2021-04-26,0.013495987412697173,0,0,0
2021-04-27,0.007419807737275947,0,0,0
2021-04-28,-0.009843147538181206,0,0,0
2021-04-29,0.01739174271186924,0,1,1
2021-04-30,-0.011251617364754541,0,0,0
2021-05-06,0.04957599801043793,0,1,1
2021-05-07,0.002292163570809891,0,0,0
2021-05-10,0.05715841383994862,0,1,1
2021-05-11,0.012233579584051269,0,0,0
2021-05-12,0.013869847864150377,0,0,0
2021-05-13,-0.04236940190857971,1,0,-1
2021-05-14,-0.04743014267251104,1,0,-1
2021-05-17,-0.008009297954604339,0,0,0
2021-05-18,0.0024986627313701346,0,0,0
2021-05-19,-0.055147225933070566,1,0,-1
2021-05-20,-0.023440806485061815,1,0,-1
2021-05-21,-0.014371970041239007,1,0,-1
2021-05-24,-0.027366371694020758,1,0,-1
2021-05-25,-0.011119087568010166,0,0,0
2021-05-26,-0.052588790845524154,1,0,-1
2021-05-27,0.03163486068040514,0,1,1
2021-05-28,0.02379599460351751,0,1,1
2021-05-31,0.018876062458836915,0,1,1
2021-06-01,0.019892334907930704,0,1,1
2021-06-02,-0.024877887162941616,1,0,-1
2021-06-03,0.028770457278452857,0,1,1
2021-06-04,0.0021344725286326196,0,0,0
2021-06-07,-0.03953865475551604,1,0,-1
2021-06-08,0.009033485097667826,0,0,0
2021-06-09,0.0061759335658609455,0,0,0
2021-06-10,0.026072240309775105,0,1,1
2021-06-11,0.029363406075196725,0,1,1
2021-06-15,-0.029363406075196673,1,0,-1
2021-06-16,-0.030251766744199087,1,0,-1
2021-06-17,0.017202599204687957,0,1,1
2021-06-18,-0.00787250670884857,0,0,0
2021-06-21,-0.03457630863543243,1,0,-1
2021-06-22,-0.0008184981017624346,0,0,0
2021-06-23,0.009980732612418943,0,0,0
2021-06-24,-0.0002026958555637709,0,0,0
2021-06-25,0.02660422932788233,0,1,1
2021-06-28,0.0007892660236082114,0,0,0
2021-06-29,-0.0067287014209910295,0,0,0
2021-06-30,0.021801904488516773,0,1,1
2021-07-01,-0.0001943068110649986,0,0,0
2021-07-02,-0.004284329825064585,0,0,0
2021-07-05,0.018945086242449203,0,1,1
2021-07-06,0.015580782606624259,0,0,0
2021-07-07,0.025133967557262223,0,1,1
2021-07-08,-0.00849340408573372,0,0,0
2021-07-09,0.006468925617532809,0,0,0
2021-07-12,0.0007366482837723511,0,0,0
2021-07-13,0.004775032029751708,0,0,0
2021-07-14,0.02210635410707285,0,1,1
2021-07-15,-0.006111829199633322,0,0,0
2021-07-16,0.002341288777746171,0,0,0
2021-07-19,0.0016176870607860282,0,0,0
2021-07-20,0.0059092301955767455,0,0,0
2021-07-21,-0.007167205022268299,0,0,0
2021-07-22,0.015523551985514092,0,0,0
2021-07-23,0.004063968840950012,0,0,0
2021-07-26,0.0028173992927715674,0,0,0
2021-07-27,-0.013097532364600314,0,0,0
2021-07-28,0.00798513691931327,0,0,0
2021-07-29,0.016650985001780846,0,1,1
2021-07-30,-0.002785032261422409,0,0,0
2021-08-02,-0.05794823442762461,1,0,-1
2021-08-03,-0.031331706487534715,1,0,-1
2021-08-04,0.03869279971882199,0,1,1
2021-08-05,-0.014962872676712377,1,0,-1
2021-08-06,0.0011160715444211294,0,0,0
2021-08-09,-0.00915124511335233,0,0,0
2021-08-10,0.030851250700770196,0,1,1
2021-08-11,0.018028251030699192,0,1,1
2021-08-12,-0.028084099548168016,1,0,-1
2021-08-13,0.007323357519539567,0,0,0
2021-08-16,-0.028494064642506037,1,0,-1
2021-08-17,0.003185611238920512,0,0,0
2021-08-18,-0.03833055754169024,1,0,-1
2021-08-19,-0.024998841433202322,1,0,-1
2021-08-20,0.016408394228164223,0,1,1
2021-08-23,0.0003920799893396521,0,0,0
2021-08-24,0.025734224602880433,0,1,1
2021-08-25,0.00019100372515334829,0,0,0
2021-08-26,-0.024749909877360674,1,0,-1
2021-08-27,0.02207253210664431,0,1,1
2021-08-30,0.024963474821223554,0,1,1
2021-08-31,-0.008628828628199709,0,0,0
2021-09-01,-0.012512011568746508,0,0,0
2021-09-02,0.0058963556471181445,0,0,0
2021-09-03,0.02527987819233022,0,1,1
2021-09-06,0.011947573421118202,0,0,0
2021-09-07,0.003829675511301117,0,0,0
2021-09-08,-0.0076740738387958965,0,0,0
2021-09-09,0.04132076959771009,0,1,1
2021-09-10,-0.007419217922028677,0,0,0
2021-09-13,0.0003545470698370992,0,0,0
2021-09-14,-0.026946124674079943,1,0,-1
2021-09-15,0.004722987889369729,0,0,0
2021-09-16,0.004159514090118273,0,0,0
2021-09-17,-0.011434919044326152,0,0,0
2021-09-22,0.031976857753385254,0,1,1
2021-09-23,-0.00905787207014839,0,0,0
2021-09-24,-0.024746137662420117,1,0,-1
2021-09-27,0.017404355199493442,0,1,1
2021-09-28,0.012502395392984294,0,0,0
2021-09-29,0.004074046906837727,0,0,0
2021-09-30,0.00862453643028967,0,0,0
2021-10-08,0.007681602017950917,0,0,0
2021-10-11,0.01003642271323595,0,0,0
2021-10-12,-0.04327852171072192,1,0,-1
2021-10-13,-0.025677455533571984,1,0,-1
2021-10-14,0.008083821350300837,0,0,0
2021-10-15,0.009107531076963856,0,0,0
2021-10-18,-0.017006901628992002,1,0,-1
2021-10-19,0.022612196117112404,0,1,1
2021-10-20,-0.044615694310024906,1,0,-1
2021-10-21,-0.06383489744668307,1,0,-1
2021-10-22,-0.015391150320297408,1,0,-1
2021-10-25,-0.015424470325631639,1,0,-1
2021-10-26,0.018887853638853116,0,1,1
2021-10-27,-0.054756677700771896,1,0,-1
2021-10-28,0.012170535620255114,0,0,0
2021-10-29,-0.014105812001068176,0,0,0
2021-11-01,-0.029931234909270236,1,0,-1
2021-11-02,-0.0638734063807605,1,0,-1
2021-11-03,0.03598763276595976,0,1,1
2021-11-04,-0.03693370663028137,1,0,-1
2021-11-05,0.004956932137269093,0,0,0
2021-11-08,0.015188982275561955,0,0,0
2021-11-09,-0.012837146760680719,0,0,0
2021-11-10,-0.0025873235649509123,0,0,0
2021-11-11,0.04535246067270698,0,1,1
2021-11-12,-0.044646162821096846,1,0,-1
2021-11-15,-0.026471081809323192,1,0,-1
2021-11-16,-0.0024195511440896988,0,0,0
2021-11-17,0.02109378305979963,0,1,1
2021-11-18,-0.011210612340401327,0,0,0
2021-11-19,0.02744435315108336,0,1,1
2021-11-22,0.003494470649773557,0,0,0
2021-11-23,0.0034823018358744904,0,0,0
2021-11-24,0.04242441794914917,0,1,1
2021-11-25,-0.056426980459203,1,0,-1
2021-11-26,-0.03613265415686909,1,0,-1
2021-11-29,0.009940680718789948,0,0,0
2021-11-30,0.004333179625580114,0,0,0
2021-12-01,0.03377343072933297,0,1,1
2021-12-02,-0.0041889751736704,0,0,0
2021-12-03,0.0221411258772135,0,1,1
2021-12-06,-0.005718876389458843,0,0,0
2021-12-07,0.020661422921893328,0,1,1
2021-12-08,-0.022728251077556175,1,0,-1
2021-12-09,-0.01319005585816918,0,0,0
2021-12-10,0.006732468842270789,0,0,0
2021-12-13,0.02128957597122916,0,1,1
2021-12-14,-0.007502592882648512,0,0,0
2021-12-15,0.013374335136690526,0,0,0
2021-12-16,0.0196215882641115,0,1,1
2021-12-17,-0.005313273513775548,0,0,0
2021-12-20,-0.006681539333482509,0,0,0
2021-12-21,-0.00044702727610759123,0,0,0
2021-12-22,-0.007855499940308883,0,0,0
2021-12-23,0.009195982714760917,0,0,0
2021-12-24,0.00889092320397951,0,0,0
2021-12-27,-0.04804912435716912,1,0,-1
2021-12-28,0.0027822879065905804,0,0,0
2021-12-29,-0.000926569443172746,0,0,0
2021-12-30,-0.007677134367900222,0,0,0
2021-12-31,0.0076771343679001534,0,0,0
2022-01-04,0.018370206601749033,0,1,1
2022-01-05,0.011087340640243347,0,0,0
2022-01-06,0.011188301985753974,0,0,0
2022-01-07,0.007095373448208143,0,0,0
2022-01-10,-0.007540510335148893,0,0,0
2022-01-11,0.021364098536499784,0,1,1
2022-01-12,0.00932660485799757,0,0,0
2022-01-13,0.00021586616381712772,0,0,0
2022-01-14,0.006668842613679928,0,0,0
2022-01-17,-0.024087092695546236,1,0,-1
2022-01-18,0.010052532205141655,0,0,0
2022-01-19,0.024485759383807138,0,1,1
2022-01-20,0.0,0,0,0
2022-01-21,-0.0004244482236897106,0,0,0
2022-01-24,-0.009812365418596874,0,0,0
2022-01-25,0.01214460436401395,0,0,0
2022-01-26,-0.005947341234489363,0,0,0
2022-01-27,-0.004483833710542626,0,0,0
2022-01-28,0.03283814317311563,0,1,1
2022-02-07,0.003720549971834131,0,0,0
2022-02-08,0.013321233981602463,0,0,0
2022-02-09,-0.014146827423749292,0,0,0
2022-02-10,0.022862804360859326,0,1,1
2022-02-11,-0.010142074764624927,0,0,0
2022-02-14,-0.018103765369242717,1,0,-1
2022-02-15,-0.01864904754428665,1,0,-1
2022-02-16,0.021758180528716777,0,1,1
2022-02-17,-0.03068112054690994,1,0,-1
2022-02-18,0.019651979510417302,0,1,1
2022-02-21,0.013715925746708314,0,0,0
2022-02-22,-0.023176734250937317,1,0,-1
2022-02-23,0.010924478394389434,0,0,0
2022-02-24,-0.031627384076857806,1,0,-1
2022-02-25,-0.004322461884471898,0,0,0
2022-02-28,0.016326893287428666,0,1,1
2022-03-01,0.030222657028565542,0,1,1
2022-03-02,0.004743744071556173,0,0,0
2022-03-03,0.004106781952653502,0,0,0
2022-03-04,0.004294046062354695,0,0,0
2022-03-07,0.0386241106298548,0,1,1
2022-03-08,-0.027464412790369222,1,0,-1
2022-03-09,-0.009936206659129719,0,0,0
2022-03-10,-0.002244211897741351,0,0,0
2022-03-11,0.004280043219777462,0,0,0
2022-03-14,-0.04620047576957606,1,0,-1
2022-03-15,0.012277884971646206,0,0,0
2022-03-16,0.031275201002037845,0,1,1
2022-03-17,-0.0004079135279894755,0,0,0
2022-03-18,0.010350168500179776,0,0,0
2022-03-21,-0.0060753528300370755,0,0,0
2022-03-22,-0.0010161569820626745,0,0,0
2022-03-23,0.013130175505266758,0,0,0
2022-03-24,-0.0076551542245920845,0,0,0
2022-03-25,0.013657573206690903,0,0,0
2022-03-28,0.0037829811167731137,0,0,0
2022-03-29,-0.003982482364317486,0,0,0
2022-03-30,0.0043798596793022965,0,0,0
2022-03-31,0.005349195518816865,0,0,0
2022-04-01,0.019372487261530357,0,1,1
2022-04-06,-0.007586847013058105,0,0,0
2022-04-07,-0.010008914877321496,0,0,0
2022-04-08,-0.01011010693029519,0,0,0
2022-04-11,-0.03075297982147936,1,0,-1
2022-04-12,0.03393579531920833,0,1,1
2022-04-13,-0.024121772571395795,1,0,-1
2022-04-14,0.017945839005534783,0,1,1
2022-04-15,0.008952611272113884,0,0,0
2022-04-18,0.00276898911099337,0,0,0
2022-04-19,-0.010323697010184566,0,0,0
2022-04-20,0.018780822841704507,0,1,1
2022-04-21,-0.009445170571518646,0,0,0
2022-04-22,-0.018759280905412644,1,0,-1
2022-04-25,-0.03818981843874303,1,0,-1
2022-04-26,0.010617357987787129,0,0,0
2022-04-27,0.007221737772461124,0,0,0
2022-04-28,-0.002882439714474025,0,0,0
2022-04-29,0.012295236857037338,0,0,0
2022-05-05,0.0026441589696343123,0,0,0
2022-05-06,-0.039147589684271344,1,0,-1
2022-05-09,-0.01704344621169221,1,0,-1
2022-05-10,-0.010150178926320056,0,0,0
2022-05-11,0.015934876364153625,0,1,1
2022-05-12,-0.014850159911120955,1,0,-1
2022-05-13,0.012497469273993353,0,0,0
2022-05-16,0.0019253402032733062,0,0,0
2022-05-17,-0.006217192284814293,0,0,0
2022-05-18,-0.025703876433505076,1,0,-1
2022-05-19,0.010317290509198428,0,0,0
2022-05-20,0.012802605158381566,0,0,0
2022-05-23,-0.007357747973703723,0,0,0
2022-05-24,-0.029984609652681904,1,0,-1
2022-05-25,0.016206370908859905,0,1,1
2022-05-26,-0.007959361055512823,0,0,0
2022-05-27,0.015637363017195587,0,0,0
2022-05-30,0.009785877810632511,0,0,0
2022-05-31,0.013541313847341606,0,0,0
2022-06-01,0.005960000613814732,0,0,0
2022-06-02,0.01600034134644112,0,1,1
2022-06-06,-0.007968169649176845,0,0,0
2022-06-07,-0.006547705302299407,0,0,0
2022-06-08,0.01597679559115114,0,1,1
2022-06-09,-0.0008345504344164466,0,0,0
2022-06-10,0.00041736227650913466,0,0,0
2022-06-13,-0.0215107408311732,1,0,-1
2022-06-14,-0.01590063582146915,1,0,-1
2022-06-15,-0.015277468681978395,1,0,-1
2022-06-16,-0.009057832832820826,0,0,0
2022-06-17,-0.03431487919769704,1,0,-1
2022-06-20,-0.04822762146162487,1,0,-1
2022-06-21,0.01791520505322955,0,1,1
2022-06-22,-0.02298951822469872,1,0,-1
2022-06-23,0.025590299924756206,0,1,1
2022-06-24,-0.010921286139119869,0,0,0
2022-06-27,0.020088114932057984,0,1,1
2022-06-28,0.017395776718545447,0,1,1
2022-06-29,0.0025261237454415816,0,0,0
2022-06-30,0.004119941739728343,0,0,0
2022-07-01,-0.02614981815702871,1,0,-1
2022-07-04,-0.02300587649257662,1,0,-1
2022-07-05,0.01665515539504161,0,1,1
2022-07-06,0.001650359917203387,0,0,0
2022-07-07,-0.00851672997487703,0,0,0
2022-07-08,-0.0030933992543828452,0,0,0
2022-07-11,-0.03566175348402663,1,0,-1
2022-07-12,-0.03493256305274971,1,0,-1
2022-07-13,0.0,0,0,0
2022-07-14,-0.019889587598856385,1,0,-1
2022-07-15,-0.06577417423294787,1,0,-1
2022-07-18,0.05185039746602612,0,1,1
2022-07-19,-0.0015885626851378416,0,0,0
2022-07-20,0.014729356246196179,0,0,0
2022-07-21,0.0002610625259573209,0,0,0
2022-07-22,0.008318217965632242,0,0,0
2022-07-25,-0.001036001128662573,0,0,0
2022-07-26,0.007486804042710998,0,0,0
2022-07-27,0.007175838070071412,0,0,0
2022-07-28,0.03561951673535905,0,1,1
2022-07-29,-0.01539638061731586,1,0,-1
2022-08-01,0.023984336723958898,0,1,1
2022-08-02,0.0026839103582023535,0,0,0
2022-08-03,-0.010040490862878665,0,0,0
2022-08-04,-0.020639797709243304,1,0,-1
2022-08-05,0.013972283195016115,0,0,0
2022-08-08,0.024475034714765448,0,1,1
2022-08-09,-0.011428695823622744,0,0,0
2022-08-10,-0.005640726176350344,0,0,0
2022-08-11,0.010276576860156879,0,0,0
2022-08-12,0.01017204217629512,0,0,0
2022-08-15,-0.005799919593546895,0,0,0
2022-08-16,0.0065225499995565095,0,0,0
2022-08-17,-0.03928813656753226,1,0,-1
2022-08-18,0.011949358015252452,0,0,0
2022-08-19,-0.028107245520013875,1,0,-1
2022-08-22,0.020406300742155093,0,1,1
2022-08-23,0.010419345067959121,0,0,0
2022-08-24,0.008355910008993266,0,0,0
2022-08-25,-0.008355910008993396,0,0,0
2022-08-26,0.011044412178297013,0,0,0
2022-08-29,-0.03274914347792271,1,0,-1
2022-08-30,-0.07976952094871213,1,0,-1
2022-08-31,0.004360868181035888,0,0,0
2022-09-01,-0.009564221013718793,0,0,0
2022-09-02,-0.0013738153005642788,0,0,0
2022-09-05,0.014738258043009636,0,0,0
2022-09-06,0.0005417118225646402,0,0,0
2022-09-07,-0.005430369032895906,0,0,0
2022-09-08,0.01244604810540264,0,0,0
2022-09-09,0.01917502159126472,0,1,1
2022-09-13,0.000791034978624665,0,0,0
2022-09-14,-0.014067916146813422,0,0,0
2022-09-15,-0.005091797145950061,0,0,0
2022-09-16,-0.009719298972427475,0,0,0
2022-09-19,0.0027092945318061656,0,0,0
2022-09-20,-0.010061267742367984,0,0,0
2022-09-21,0.0013655607748140888,0,0,0
2022-09-22,0.027192414439972987,0,1,1
2022-09-23,0.0002655689831038127,0,0,0
2022-09-26,-0.0002655689831037932,0,0,0
2022-09-27,0.0189429500129585,0,1,1
2022-09-28,-0.0036553565505395517,0,0,0
2022-09-29,0.0033947023069161157,0,0,0
2022-09-30,-0.009692282815703284,0,0,0
2022-10-10,0.0198077885998218,0,1,1
2022-10-11,-0.026410215858951855,1,0,-1
2022-10-12,-0.005313508782041409,0,0,0
2022-10-13,-0.009367123221384074,0,0,0
2022-10-14,0.010698149639107956,0,0,0
2022-10-17,-0.02259983191724092,1,0,-1
2022-10-18,0.0008159935173293592,0,0,0
2022-10-19,-0.008464214355586136,0,0,0
2022-10-20,-0.014639123465175865,1,0,-1
2022-10-21,0.009966859915392074,0,0,0
2022-10-24,-0.002206288815537817,0,0,0
2022-10-25,-0.013340942723985387,0,0,0
2022-10-26,0.0016773836753726074,0,0,0
2022-10-27,-0.004759913788909895,0,0,0
2022-10-28,-0.020701150409363205,1,0,-1
2022-10-31,-0.027009047035888897,1,0,-1
2022-11-01,0.025575355034040376,0,1,1
2022-11-02,0.0,0,0,0
2022-11-03,0.005437128861657726,0,0,0
2022-11-04,0.01641701179332495,0,1,1
2022-11-07,-0.007608885518933808,0,0,0
2022-11-08,0.010132369263775354,0,0,0
2022-11-09,0.005306533887876042,0,0,0
2022-11-10,-0.014590606762593997,1,0,-1
2022-11-11,0.027597570267258432,0,1,1
2022-11-14,0.0030199062072329076,0,0,0
2022-11-15,0.011989244428520668,0,0,0
2022-11-16,0.013451911211292182,0,0,0
2022-11-17,-0.004284955672501159,0,0,0
2022-11-18,-0.0026874512278046415,0,0,0
2022-11-21,-0.012183716436894854,0,0,0
2022-11-22,0.0016330978044376248,0,0,0
2022-11-23,0.0038002217287265395,0,0,0
2022-11-24,-0.0027129696509774906,0,0,0
2022-11-25,0.014831065969712051,0,0,0
2022-11-28,0.0005351886667747975,0,0,0
2022-11-29,0.007197152218485809,0,0,0
2022-11-30,-0.004525496875681119,0,0,0
2022-12-01,-0.004010164443728982,0,0,0
2022-12-02,0.01989191699667205,0,1,1
2022-12-05,-0.0010509722459750043,0,0,0
2022-12-06,0.0010509722459750015,0,0,0
2022-12-07,-0.006851146692853104,0,0,0
2022-12-08,0.01495894578239498,0,0,0
2022-12-09,0.027237038279176916,0,1,1
2022-12-12,-0.002538072428471,0,0,0
2022-12-13,0.0005081300922340215,0,0,0
2022-12-14,0.012369209829002439,0,0,0
2022-12-15,0.024288678511816136,0,1,1
2022-12-16,-0.00860696325239509,0,0,0
2022-12-19,-0.030594161454151475,1,0,-1
2022-12-20,0.0030511083928962063,0,0,0
2022-12-21,0.02383155554325118,0,1,1
2022-12-22,-0.01826192089224047,1,0,-1
2022-12-23,0.011047061880542863,0,0,0
2022-12-26,0.0002496567233038788,0,0,0
2022-12-27,0.01486647796252843,0,0,0
2022-12-28,-0.003942834087707113,0,0,0
2022-12-29,-0.0004939491332833672,0,0,0
2022-12-30,0.013982810919227071,0,0,0
2023-01-03,-0.010284125898801837,0,0,0
2023-01-04,-0.008899935136272545,0,0,0
2023-01-05,-0.0024863264921720237,0,0,0
2023-01-06,0.022157479597276437,0,1,1
2023-01-09,-0.00341463746415557,0,0,0
2023-01-10,0.007545368644447582,0,0,0
2023-01-11,0.008931863846090772,0,0,0
2023-01-12,-0.006026292794676277,0,0,0
2023-01-13,0.008906064403287615,0,0,0
2023-01-16,-0.019357004099149575,1,0,-1
2023-01-17,0.0063322179436776874,0,0,0
2023-01-18,0.011105860164862291,0,0,0
2023-01-19,0.007415414915244766,0,0,0
2023-01-20,-0.004059707068272367,0,0,0
2023-01-30,0.0052506087214667764,0,0,0
2023-01-31,-0.013902429091980247,0,0,0
2023-02-01,-0.014343262792845665,1,0,-1
2023-02-02,-0.010337281320989856,0,0,0
2023-02-03,0.003211068585946869,0,0,0
2023-02-06,-0.0014807505173521933,0,0,0
2023-02-07,-0.007685670657281419,0,0,0
2023-02-08,0.009166421174633638,0,0,0
2023-02-09,0.00737104074458995,0,0,0
2023-02-10,-0.002696410507352175,0,0,0
2023-02-13,-0.020082489723529846,1,0,-1
2023-02-14,0.008478853788232868,0,0,0
2023-02-15,0.009638033336837682,0,0,0
2023-02-16,0.019484298807433038,0,1,1
2023-02-17,0.005052338426728493,0,0,0
2023-02-20,0.004071374322305408,0,0,0
2023-02-21,0.016591990015423743,0,1,1
2023-02-22,-0.004004245133623275,0,0,0
2023-02-23,-0.0021264036364309954,0,0,0
2023-02-24,-0.0009465216040308245,0,0,0
2023-02-27,-0.007843177461025893,0,0,0
2023-02-28,-0.004064560287925395,0,0,0
2023-03-01,0.010012002584052226,0,0,0
2023-03-02,0.0021324495700760235,0,0,0
2023-03-03,0.011062840848756628,0,0,0
2023-03-06,-0.014619453963603618,1,0,-1
2023-03-07,0.008985636245347733,0,0,0
2023-03-08,0.0002353771930368913,0,0,0
2023-03-09,0.014950056533031565,0,0,0
2023-03-10,0.00023183030125857948,0,0,0
2023-03-13,0.01312626791421286,0,0,0
2023-03-14,0.00045745654960597295,0,0,0
2023-03-15,-0.00941994329203941,0,0,0
2023-03-16,-0.029755035713832798,1,0,-1
2023-03-17,0.01346424025151404,0,0,0
2023-03-20,-0.01608360119669723,1,0,-1
2023-03-21,-0.009101859242747293,0,0,0
2023-03-22,-0.0007221085883644979,0,0,0
2023-03-23,-0.020187965194112818,1,0,-1
2023-03-24,0.009049835519917856,0,0,0
2023-03-27,-0.0004870920700299669,0,0,0
2023-03-28,0.007523394301736517,0,0,0
2023-03-29,0.0036201318647736272,0,0,0
2023-03-30,0.003847083369414632,0,0,0
2023-03-31,-0.0014409224395122218,0,0,0
2023-04-03,-0.0285211288425793,1,0,-1
2023-04-04,-0.017209553051929765,1,0,-1
2023-04-06,-0.009351767889361446,0,0,0
2023-04-07,0.01286759270633567,0,0,0
2023-04-10,-0.020770756850336046,1,0,-1
2023-04-11,0.00764919588866692,0,0,0
2023-04-12,-0.009442458825999764,0,0,0
2023-04-13,-0.003596202180352431,0,0,0
2023-04-14,0.002570034825040338,0,0,0
2023-04-17,0.00818000471193069,0,0,0
2023-04-18,0.005585188420810941,0,0,0
2023-04-19,-0.0058398033171578965,0,0,0
2023-04-20,-0.003315906621988099,0,0,0
2023-04-21,-0.026930679835274873,1,0,-1
2023-04-24,-0.025519726208095544,1,0,-1
2023-04-25,-0.007838937289214174,0,0,0
2023-04-26,0.009184289301632979,0,0,0
2023-04-27,-0.007557390895071455,0,0,0
2023-04-28,-0.008434276634586676,0,0,0
2023-05-04,-0.012371291802546829,0,0,0
2023-05-05,0.001934503850493623,0,0,0
2023-05-08,0.02991792352387567,0,1,1
2023-05-09,-0.011046858937235856,0,0,0
2023-05-10,-0.0008131183535141389,0,0,0
2023-05-11,-0.024150460232283098,1,0,-1
2023-05-12,-0.005850413678175589,0,0,0
2023-05-15,0.02429045730530024,0,1,1
2023-05-16,-0.007390207440539706,0,0,0
2023-05-17,0.020394996521073124,0,1,1
2023-05-18,-0.007565558917714975,0,0,0
2023-05-19,-0.011456753791386018,0,0,0
2023-05-22,-0.02107092095259814,1,0,-1
2023-05-23,0.005309499688526472,0,0,0
2023-05-24,-0.034593752903135364,1,0,-1
2023-05-25,-0.009858009667698443,0,0,0
2023-05-26,0.017617784198979147,0,1,1
2023-05-29,0.005139931361600309,0,0,0
2023-05-30,-0.014632308116662331,1,0,-1
2023-05-31,0.0008666763506519515,0,0,0
2023-06-01,0.023684942231731173,0,1,1
2023-06-02,0.014001908957357723,0,0,0
2023-06-05,0.011611963486556683,0,0,0
2023-06-06,0.0008242890973658395,0,0,0
2023-06-07,-0.005508138409792297,0,0,0
2023-06-08,0.009072227172310859,0,0,0
2023-06-09,0.015478924122645602,0,0,0
2023-06-12,-0.01602641934573847,1,0,-1
2023-06-13,0.024077992633286978,0,1,1
2023-06-14,-0.0005347593710324513,0,0,0
2023-06-15,0.0056007614068263965,0,0,0
2023-06-16,0.01031891680368527,0,0,0
2023-06-19,-0.012448843061510268,0,0,0
2023-06-20,-0.0024016022216862896,0,0,0
2023-06-21,-0.015345569674660421,1,0,-1
2023-06-26,-0.005167970158442561,0,0,0
2023-06-27,0.016498007734155745,0,1,1
2023-06-28,0.0008043974156759336,0,0,0
2023-06-29,-0.0021464993484409094,0,0,0
2023-06-30,-0.0005373455260944424,0,0,0
2023-07-03,0.012286479345418566,0,0,0
2023-07-04,0.00026542800421251554,0,0,0
2023-07-05,-0.0045218856143663146,0,0,0
2023-07-06,0.0018644298915232486,0,0,0
2023-07-07,-0.02342279647657636,1,0,-1
2023-07-10,-0.004641646558882238,0,0,0
2023-07-11,0.006818518166822236,0,0,0
2023-07-12,0.010006844828954744,0,0,0
2023-07-13,0.00295579954552935,0,0,0
2023-07-14,0.012531826449237124,0,0,0
2023-07-17,-0.023322327694351008,1,0,-1
2023-07-18,0.01667601850176754,0,1,1
2023-07-19,-0.0021361823877658706,0,0,0
2023-07-20,0.01142869582362285,0,0,0
2023-07-21,0.010253803524643876,0,0,0
2023-07-24,-0.007878192007513801,0,0,0
2023-07-25,0.016732416519328785,0,1,1
2023-07-26,-0.0015568243933188938,0,0,0
2023-07-27,0.0025933624493275132,0,0,0
2023-07-28,-0.002593362449327512,0,0,0
2023-07-31,-0.0010392310626137658,0,0,0
2023-08-01,0.003891560236164599,0,0,0
2023-08-02,-0.015920993999211024,1,0,-1
2023-08-03,-0.019392293183766923,1,0,-1
2023-08-04,0.002143623543251369,0,0,0
2023-08-07,-0.0010712373814988035,0,0,0
2023-08-08,-0.010775966344491635,0,0,0
2023-08-09,0.00216450300957305,0,0,0
2023-08-10,-0.007868715135481551,0,0,0
2023-08-11,0.005433319533164204,0,0,0
2023-08-14,-0.013639054854565144,0,0,0
2023-08-15,0.014451512583751797,0,0,0
2023-08-16,0.005130293417894822,0,0,0
2023-08-17,0.0034950969844535903,0,0,0
2023-08-18,-0.007002452529217985,0,0,0
2023-08-21,-0.009231670232665506,0,0,0
2023-08-22,0.015428645473066662,0,0,0
2023-08-23,0.0,0,0,0
2023-08-24,-0.009445489196232417,0,0,0
2023-08-25,0.007563515257244776,0,0,0
2023-08-28,-0.013273931862403143,0,0,0
2023-08-29,0.0029952370929403876,0,0,0
2023-08-30,0.009471049012813688,0,0,0
2023-08-31,0.007245436231497613,0,0,0
2023-09-01,0.010109157652877327,0,0,0
2023-09-04,0.009221511796108877,0,0,0
2023-09-05,-0.0036784066699381613,0,0,0
2023-09-06,0.004726899557604142,0,0,0
2023-09-07,-0.005780362915499425,0,0,0
2023-09-08,-0.020767519532478153,1,0,-1
2023-09-11,0.011236073266925752,0,0,0
2023-09-12,0.008476871952156774,0,0,0
2023-09-13,-0.003699792803878005,0,0,0
2023-09-14,0.004490827782502561,0,0,0
2023-09-15,0.007876123676332347,0,0,0
2023-09-18,0.0046960691572100035,0,0,0
2023-09-19,-0.0028671986278529407,0,0,0
2023-09-20,0.0028671986278530656,0,0,0
2023-09-21,-0.02104233346752626,1,0,-1
2023-09-22,0.004508693488513178,0,0,0
2023-09-25,-0.016811603415759834,1,0,-1
2023-09-26,-0.011094688286792092,0,0,0
2023-09-27,0.0019029501460860636,0,0,0
2023-09-28,0.0021703752415496605,0,0,0
2023-10-09,-0.014192377956505296,0,0,0
2023-10-10,-0.007726307751140933,0,0,0
2023-10-11,0.0024899722368158747,0,0,0
2023-10-12,0.00220811571916001,0,0,0
2023-10-13,-0.0019318344630856426,0,0,0
2023-10-16,0.010169113329564489,0,0,0
2023-10-17,-0.002738227340700978,0,0,0
2023-10-18,-0.008813056215815216,0,0,0
2023-10-19,0.00799012378698385,0,0,0
2023-10-20,-0.009374207052922358,0,0,0
2023-10-23,-0.010582109330536972,0,0,0
2023-10-24,0.016106985262506777,0,1,1
2023-10-25,0.011776118560770932,0,0,0
2023-10-26,0.003261758803769662,0,0,0
2023-10-27,0.010527833773520729,0,0,0
2023-10-30,0.0042872520116199915,0,0,0
2023-10-31,-0.0018734114939937393,0,0,0
2023-11-01,0.00427693782132808,0,0,0
2023-11-02,0.0018654235922414913,0,0,0
2023-11-03,0.012961429967632587,0,0,0
2023-11-06,0.0,0,0,0
2023-11-07,-0.0036861547794513803,0,0,0
2023-11-08,0.014923696269262286,0,0,0
2023-11-09,0.0012985328405604435,0,0,0
2023-11-10,0.006725322813809557,0,0,0
2023-11-13,-0.0018062190434994904,0,0,0
2023-11-14,-0.004140792666031388,0,0,0
2023-11-15,0.01646127705407193,0,1,1
2023-11-16,0.013178092380555036,0,0,0
2023-11-17,-0.010884805606603421,0,0,0
2023-11-20,0.013650363623184525,0,0,0
2023-11-21,0.0,0,0,0
2023-11-22,0.0045090256755907065,0,0,0
2023-11-23,-0.01688760990823061,1,0,-1
2023-11-24,0.010619568827460351,0,0,0
2023-11-27,-0.0042848206703340235,0,0,0
2023-11-28,-0.016811399495674888,1,0,-1
2023-11-29,0.0007703171519699595,0,0,0
2023-11-30,0.00435395744798672,0,0,0
2023-12-01,0.0025523239991401157,0,0,0
2023-12-04,-0.013343795631904427,0,0,0
2023-12-05,-0.00025836455382062003,0,0,0
2023-12-06,0.021220277272858072,0,1,1
2023-12-07,0.01456580247336733,0,0,0
2023-12-08,0.0076990321935134715,0,0,0
2023-12-11,-0.004214708110902528,0,0,0
2023-12-12,0.008658062743114531,0,0,0
2023-12-13,-0.029494764883112857,1,0,-1
2023-12-14,-0.004321857496156678,0,0,0
2023-12-15,-0.00255102179160533,0,0,0
2023-12-18,0.00458716400690614,0,0,0
2023-12-19,-0.0020361422153006834,0,0,0
2023-12-20,0.0038143720754706925,0,0,0
2023-12-21,0.012109128789749396,0,0,0
2023-12-22,0.004004009353382181,0,0,0
2023-12-25,-0.0014996253747658359,0,0,0
2023-12-26,0.0062336568894428976,0,0,0
2023-12-27,0.0,0,0,0
2023-12-28,-0.006734032181344068,0,0,0
2023-12-29,0.001500375375234492,0,0,0
2024-01-02,0.011181629732186843,0,0,0
2024-01-03,0.00197482167364767,0,0,0
2024-01-04,-0.002221948821822495,0,0,0
2024-01-05,-0.016698207300762137,1,0,-1
2024-01-08,-0.00731495253176105,0,0,0
2024-01-09,-0.00177372401754034,0,0,0
2024-01-10,-0.014304203025404017,0,0,0
2024-01-11,0.009983443984183205,0,0,0
2024-01-12,-0.006131853653349885,0,0,0
2024-01-15,-0.0015388564206307972,0,0,0
2024-01-16,0.0007697242201716818,0,0,0
2024-01-17,-0.010571195516922944,0,0,0
2024-01-18,0.014155428744738116,0,0,0
2024-01-19,0.0005109862144910146,0,0,0
2024-01-22,-0.003326087241846991,0,0,0
2024-01-23,0.00765896008400074,0,0,0
2024-01-24,0.005832398934697119,0,0,0
2024-01-25,0.0030295403125757876,0,0,0
2024-01-26,0.0015113353002688058,0,0,0
2024-01-29,-0.001259287409835529,0,0,0
2024-01-30,-0.013957846194350998,0,0,0
2024-01-31,-0.011308267509899463,0,0,0
2024-02-01,-0.000258498127328049,0,0,0
2024-02-02,-0.011179110312548748,0,0,0
2024-02-05,0.002089319119918825,0,0,0
2024-02-06,0.0007823706227738589,0,0,0
2024-02-07,0.0010422095784438116,0,0,0
2024-02-08,0.0036392033925391736,0,0,0
2024-02-19,-0.012007453063055715,0,0,0
2024-02-20,-0.014548596776235049,1,0,-1
2024-02-21,0.010074316381313921,0,0,0
2024-02-22,0.0015814447154674646,0,0,0
2024-02-23,-0.001845262155330277,0,0,0
2024-02-26,-0.010876881340560038,0,0,0
2024-02-27,0.019807857435379984,0,1,1
2024-02-28,-0.003667806050545217,0,0,0
2024-02-29,-0.005791013814777827,0,0,0
2024-03-01,-0.006621663712531579,0,0,0
2024-03-04,-0.0002657807324615106,0,0,0
2024-03-05,-0.010420935988258757,0,0,0
2024-03-06,-0.0029589799666257565,0,0,0
2024-03-07,-0.0010781672203454436,0,0,0
2024-03-08,-0.004595223655747249,0,0,0
2024-03-11,-0.023298299266735954,1,0,-1
2024-03-12,0.008285051534106865,0,0,0
2024-03-13,-0.014683737992415603,1,0,-1
2024-03-14,-0.02172465182377399,1,0,-1
2024-03-15,-0.004574050284706956,0,0,0
2024-03-18,0.006568637069354195,0,0,0
2024-03-19,0.016935205757582835,0,1,1
2024-03-20,-0.0008399832497249873,0,0,0
2024-03-21,0.01280284673838231,0,0,0
2024-03-22,-0.0011068069751911064,0,0,0
2024-03-25,-0.007503161503155271,0,0,0
2024-03-26,-0.02428126066603268,1,0,-1
2024-03-27,-0.005732317215745942,0,0,0
2024-03-28,0.0005747126594968735,0,0,0
2024-03-29,-0.02002097919986915,1,0,-1
2024-04-01,0.01281322131237642,0,0,0
2024-04-02,0.014363935557233535,0,0,0
2024-04-03,-0.012340521078757867,0,0,0
2024-04-08,0.027625279443654085,0,1,1
2024-04-09,0.009505243497428111,0,0,0
2024-04-10,-0.0030653500385504884,0,0,0
2024-04-11,0.00833801384268638,0,0,0
2024-04-12,0.004143080087386931,0,0,0
2024-04-15,-0.0033130897229601266,0,0,0
2024-04-16,-0.0022148403295527874,0,0,0
2024-04-17,0.020302480610508888,0,1,1
2024-04-18,0.0,0,0,0
2024-04-19,-0.0019029501460860756,0,0,0
2024-04-22,-0.0013614705983210744,0,0,0
2024-04-23,-0.00793329287318246,0,0,0
2024-04-24,0.010926085203587774,0,0,0
2024-04-25,-0.0032653090237390967,0,0,0
2024-04-26,0.004351380268155022,0,0,0
2024-04-29,-0.002717392976499915,0,0,0
2024-04-30,-0.0051834790728964115,0,0,0
2024-05-06,0.02137816499287706,0,1,1
2024-05-07,-0.003218023694200731,0,0,0
2024-05-08,-0.013248808097645956,0,0,0
2024-05-09,-0.0013618414197888995,0,0,0
2024-05-10,-0.0019096991208260793,0,0,0
2024-05-13,0.006532412995312588,0,0,0
2024-05-14,-0.015309210970872096,1,0,-1
2024-05-15,-0.0024824174932553066,0,0,0
2024-05-16,0.022393071147971507,0,1,1
2024-05-17,0.0035045190201164513,0,0,0
2024-05-20,0.0050999976331886285,0,0,0
2024-05-21,0.002940785437116134,0,0,0
2024-05-22,0.014312462710443315,0,0,0
2024-05-23,-0.006600684031352024,0,0,0
2024-05-24,0.003437792622843829,0,0,0
2024-05-27,-0.006621663712531579,0,0,0
2024-05-28,-0.0047948946421174175,0,0,0
2024-05-29,0.002133903183701004,0,0,0
2024-05-30,-0.0042723696495369345,0,0,0
2024-05-31,-0.008330022640178856,0,0,0
2024-06-03,-0.011124792524553229,0,0,0
2024-06-04,-0.005197659082143503,0,0,0
2024-06-05,-0.003847215517424413,0,0,0
2024-06-06,0.009044874599568011,0,0,0
2024-06-07,-0.0027322421368729507,0,0,0
2024-06-11,-0.015995928488254915,1,0,-1
2024-06-12,0.003053437486890248,0,0,0
2024-06-13,0.0035966285831269705,0,0,0
2024-06-14,0.004408935221347801,0,0,0
2024-06-17,-0.006620713839348819,0,0,0
2024-06-18,0.0013829348076001232,0,0,0
2024-06-19,-0.0011061948030666356,0,0,0
2024-06-20,-0.004715027456549846,0,0,0
2024-06-21,-0.009497278089787935,0,0,0
2024-06-24,-0.008738603881985453,0,0,0
2024-06-25,0.0,0,0,0
2024-06-26,0.008738603881985434,0,0,0
2024-06-27,-0.007889587275162932,0,0,0
2024-06-28,0.002542733394298501,0,0,0
2024-07-01,0.005066152124635375,0,0,0
2024-07-02,0.0,0,0,0
2024-07-03,0.0158755597141355,0,1,1
2024-07-04,-0.000829302051675323,0,0,0
2024-07-05,-0.017576125491039995,1,0,-1
2024-07-08,-0.014172572823540291,0,0,0
2024-07-09,0.0034197810472785554,0,0,0
2024-07-10,-0.010582109330536972,0,0,0
2024-07-11,0.010297573832814162,0,0,0
2024-07-12,0.00255790959419507,0,0,0
2024-07-15,0.00791635460185027,0,0,0
2024-07-16,-0.001973221218116304,0,0,0
2024-07-17,-0.016214265049320418,1,0,-1
2024-07-18,0.0014328702838415559,0,0,0
2024-07-19,-0.003729741807550779,0,0,0
2024-07-22,-0.008080852053938672,0,0,0
2024-07-23,-0.015771354937419442,1,0,-1
2024-07-24,-0.0017678260349453373,0,0,0
2024-07-25,-0.018452904550613717,1,0,-1
2024-07-26,0.012537477659035812,0,0,0
2024-07-29,-0.002376003493791078,0,0,0
2024-07-30,-0.018607979887076572,1,0,-1
2024-07-31,0.007544927899680055,0,0,0
2024-08-01,0.008681389652909221,0,0,0
2024-08-02,0.007128037308507731,0,0,0
2024-08-05,-0.0035576675532155077,0,0,0
2024-08-06,-0.01828314078010504,1,0,-1
2024-08-07,-0.0006051437401008443,0,0,0
2024-08-08,-0.015248846861885568,1,0,-1
2024-08-09,0.007043360919831559,0,0,0
2024-08-12,-0.01692608496189495,1,0,-1
2024-08-13,-0.015324772153724133,1,0,-1
2024-08-14,-0.02359803379544733,1,0,-1
2024-08-15,0.006432958820054949,0,0,0
2024-08-16,-0.013232402208978717,0,0,0
2024-08-19,0.02502536756694038,0,1,1
2024-08-20,0.0050569007889737115,0,0,0
2024-08-21,0.019666624180262396,0,1,1
2024-08-22,-0.019036305848646535,1,0,-1
2024-08-23,-0.0063211335633707125,0,0,0
2024-08-26,0.034281948561013846,0,1,1
2024-08-27,-0.004606180414897364,0,0,0
2024-08-28,0.004606180414897281,0,0,0
2024-08-29,-0.0015330372464361362,0,0,0
2024-08-30,-0.0114181151006419,0,0,0
2024-09-02,0.00031031807851818904,0,0,0
2024-09-03,-0.023227660714413192,1,0,-1
2024-09-04,-0.01278381104227081,0,0,0
2024-09-05,-0.008397982172603426,0,0,0
2024-09-06,-0.01043374316948076,0,0,0
2024-09-09,0.008810629682154906,0,0,0
2024-09-10,0.0006495615687955615,0,0,0
2024-09-11,0.01833733222305807,0,1,1
2024-09-12,0.015185359815585466,0,0,0
2024-09-13,0.001568627772626434,0,0,0
2024-09-18,-0.012618463959211462,0,0,0
2024-09-19,0.01762160134981941,0,1,1
2024-09-20,-0.01287099859122166,0,0,0
2024-09-23,-0.024953310076117296,1,0,-1
2024-09-24,0.04124950273686699,0,1,1
2024-09-25,0.0024837019908464466,0,0,0
2024-09-26,0.017215303731228745,0,1,1
2024-09-27,0.018121909395655004,0,1,1
2024-09-30,0.06095909058633136,0,1,1
2024-10-08,-0.018474306863121667,1,0,-1
2024-10-09,-0.005753755804414864,0,0,0
2024-10-10,-0.006948493504066695,0,0,0
2024-10-11,0.007525361128947811,0,0,0
2024-10-14,0.009756174945364656,0,0,0
2024-10-15,-0.010044567160773742,0,0,0
2024-10-16,-0.005785379168158024,0,0,0
2024-10-17,-0.04358181906229372,1,0,-1
2024-10-18,0.010850016024065844,0,0,0
2024-10-21,0.006573074158848712,0,0,0
2024-10-22,-0.002683764843281519,0,0,0
2024-10-23,-0.009902556539018984,0,0,0
2024-10-24,0.004213066719304004,0,0,0
2024-10-25,0.013719272741358157,0,0,0
2024-10-28,0.021972467382155653,0,1,1
2024-10-29,-0.008438868645864595,0,0,0
2024-10-30,0.005827522319345978,0,0,0
2024-10-31,-0.004367454896875936,0,0,0
2024-11-01,-0.009970757090378705,0,0,0
2024-11-04,0.009386985912095615,0,0,0
2024-11-05,0.0023330427613663706,0,0,0
2024-11-06,-0.012014796545898343,0,0,0
2024-11-07,0.012888286192352282,0,0,0
2024-11-08,-0.020285863943071518,1,0,-1
2024-11-11,-0.010749580967394786,0,0,0
2024-11-12,0.0038951360109125382,0,0,0
2024-11-13,-0.002095495453218182,0,0,0
2024-11-14,-0.007218076451478196,0,0,0
2024-11-15,-0.024752982658909864,1,0,-1
2024-11-18,0.014437357203662184,0,0,0
2024-11-19,0.013028513328592,0,0,0
2024-11-20,-0.0009034784532656254,0,0,0
2024-11-21,0.003909191566758607,0,0,0
2024-11-22,-0.016644354587918703,1,0,-1
2024-11-25,0.006084594372916513,0,0,0
2024-11-26,0.001818182319058505,0,0,0
2024-11-27,0.0018148825308225342,0,0,0
2024-11-28,0.0009062075835380904,0,0,0
2024-11-29,0.0018099552452393861,0,0,0
2024-12-02,0.004510607557349879,0,0,0
2024-12-03,0.005684383294233911,0,0,0
2024-12-04,-0.0038858216583191486,0,0,0
2024-12-05,0.0005988024131020228,0,0,0
2024-12-06,-0.00901990480951023,0,0,0
2024-12-09,0.005722045427243146,0,0,0
2024-12-10,0.02139118998131756,0,1,1
2024-12-11,0.003228175950899868,0,0,0
2024-12-12,0.004385330810963298,0,0,0
2024-12-13,-0.020036026760420496,1,0,-1
2024-12-16,0.0005950610113109969,0,0,0
2024-12-17,0.0005947071242777133,0,0,0
2024-12-18,-0.015578505587688335,1,0,-1
2024-12-19,-0.0075769418409308825,0,0,0
2024-12-20,-0.002436796819571136,0,0,0
2024-12-23,0.003349066914769378,0,0,0
2024-12-24,0.007268354227090624,0,0,0
2024-12-25,-0.0042334505319365666,0,0,0
2024-12-26,0.0015140048312150113,0,0,0
2024-12-27,-0.011258296305893157,0,0,0
2024-12-30,0.014882582967158829,0,0,0
2024-12-31,-0.0024147310254402075,0,0,0
2025-01-02,-0.0009070295406427261,0,0,0
2025-01-03,-0.01033758065833183,0,0,0
2025-01-06,-0.006131227054936408,0,0,0
2025-01-07,-0.004005551496371914,0,0,0
2025-01-08,-0.00868222508181535,0,0,0
2025-01-09,-0.0018703247347435098,0,0,0
2025-01-10,-0.0009364757981103758,0,0,0
2025-01-13,0.014571642112440298,0,0,0
2025-01-14,0.010410381832492268,0,0,0
2025-01-15,0.002129926257824849,0,0,0
2025-01-16,0.011183432259059238,0,0,0
2025-01-17,0.01343504310326935,0,0,0
2025-01-20,-0.005352376738591954,0,0,0
2025-01-21,0.0,0,0,0
2025-01-22,-0.005081463631780204,0,0,0
2025-01-23,0.00448498285059964,0,0,0
2025-01-24,0.007430558783593958,0,0,0
2025-01-27,0.0014795090729578502,0,0,0
2025-02-05,-0.018502467547991355,1,0,-1
2025-02-06,0.011082935069500791,0,0,0
2025-02-07,-0.0014905353780612905,0,0,0
2025-02-10,-0.0062846234082939555,0,0,0
2025-02-11,-0.016954690124327345,1,0,-1
2025-02-12,0.0051774137276081504,0,0,0
2025-02-13,-0.008235520086428959,0,0,0
2025-02-14,-0.0009192585295722163,0,0,0
2025-02-17,0.008547060578458348,0,0,0
2025-02-18,0.006966558540478256,0,0,0
2025-02-19,0.0006035003200670177,0,0,0
2025-02-20,0.012887935017523201,0,0,0
2025-02-21,0.0008929900876194885,0,0,0
2025-02-24,-0.006267741754359514,0,0,0
2025-02-25,-0.020263811469565622,1,0,-1
2025-02-26,0.019964365442473986,0,1,1
2025-02-27,-0.0029994023686296316,0,0,0
2025-02-28,-0.00030043563392572695,0,0,0
2025-03-03,-0.009661910911736859,0,0,0
2025-03-04,-0.004256619379326137,0,0,0
2025-03-05,-0.00703259281247463,0,0,0
2025-03-06,0.00703259281247457,0,0,0
2025-03-07,-0.00918280098233498,0,0,0
2025-03-10,-0.009888832129247198,0,0,0
2025-03-11,-0.0034219974285971313,0,0,0
2025-03-12,0.005283617575297228,0,0,0
2025-03-13,0.009256468437276743,0,0,0
2025-03-14,0.003372684478639156,0,0,0
2025-03-17,-0.015422884362043846,1,0,-1
2025-03-18,-0.008114900960782833,0,0,0
2025-03-19,-0.009129608508826154,0,0,0
2025-03-20,0.004417804597608984,0,0,0
2025-03-21,-0.006317140401261455,0,0,0
2025-03-24,0.015094626222484888,0,0,0
2025-03-25,0.004981330350204162,0,0,0
2025-03-26,-0.0034219974285971313,0,0,0
2025-03-27,-0.0003116721234517518,0,0,0
2025-03-28,-0.0034348199265637164,0,0,0
2025-03-31,-0.011957348257756248,0,0,0
2025-04-01,0.003476066069241183,0,0,0
2025-04-02,-0.0012626264303688105,0,0,0
2025-04-03,-0.0006319115534129395,0,0,0
2025-04-07,-0.005705245269321304,0,0,0
2025-04-08,-0.014407164517774185,1,0,-1
2025-04-09,-0.004201007955782171,0,0,0
2025-04-10,0.01638064569728682,0,1,1
2025-04-11,-0.0025518355155478892,0,0,0
2025-04-14,-0.0015982103449837435,0,0,0
2025-04-15,-0.00031994881092005476,0,0,0
2025-04-16,-0.010292789485432283,0,0,0
2025-04-17,-0.0003233629777570145,0,0,0
2025-04-18,-0.005188079081777945,0,0,0
2025-04-21,0.011956839816073511,0,0,0
2025-04-22,-0.01228199020098989,0,0,0
2025-04-23,0.019962027950059996,0,1,1
2025-04-24,-0.009931204482045724,0,0,0
2025-04-25,-0.0016110846081834637,0,0,0
2025-04-28,0.00898882456843328,0,0,0
2025-04-29,-0.009311353195644552,0,0,0
2025-04-30,-0.0012911557636199273,0,0,0
2025-05-06,-0.006155859387575955,0,0,0
2025-05-07,0.006801645654772025,0,0,0
2025-05-08,-0.014959628572466285,1,0,-1
2025-05-09,-0.009878249571662702,0,0,0
2025-05-12,0.01965987304737625,0,1,1
2025-05-13,-0.0009738679555606942,0,0,0
2025-05-14,0.015469209533340848,0,0,0
2025-05-15,-0.002882307840119406,0,0,0
2025-05-16,-0.011613033737660818,0,0,0
2025-05-19,-0.004226961260324846,0,0,0
2025-05-20,-0.003590668130728596,0,0,0
2025-05-21,0.0009805524564049292,0,0,0
2025-05-22,0.0,0,0,0
2025-05-23,-0.004912405490305366,0,0,0
2025-05-26,-0.013884520571081726,0,0,0
2025-05-27,-0.008021433384575227,0,0,0
2025-05-28,-0.005383593083472643,0,0,0
2025-05-29,0.0047122268279768875,0,0,0
2025-05-30,-0.005724885142362977,0,0,0
2025-06-03,-0.011207453020389144,0,0,0
2025-06-04,0.015588251938898304,0,0,0
2025-06-05,-0.005056474619890733,0,0,0
2025-06-06,0.005392665579520462,0,0,0
2025-06-09,0.002014775698341347,0,0,0
2025-06-10,-0.00235096665797107,0,0,0
2025-06-11,0.005699931609847552,0,0,0
2025-06-12,-0.007719454342676979,0,0,0
2025-06-13,0.0003368704764887547,0,0,0
2025-06-16,0.007048191620972216,0,0,0
2025-06-17,-0.003014572706660709,0,0,0
2025-06-18,0.0016758844210642886,0,0,0
2025-06-19,0.0,0,0,0
2025-06-20,0.002007360995232145,0,0,0
2025-06-23,0.0010021714551818378,0,0,0
2025-06-24,-0.006028149533773381,0,0,0
2025-06-25,-0.00033596506279385814,0,0,0
2025-06-26,-0.0010085729548847744,0,0,0
2025-06-27,0.007372687551451946,0,0,0
2025-06-30,0.0006675567671135282,0,0,0
2025-07-01,0.0020000006666670215,0,0,0
2025-07-02,0.020435780386981465,0,1,1
2025-07-03,0.003582482255222879,0,0,0
2025-07-04,-0.0013012363579717858,0,0,0
2025-07-07,-0.003587155322150243,0,0,0
2025-07-08,0.0006531678873626649,0,0,0
2025-07-09,0.0,0,0,0
2025-07-10,0.01939925045030332,0,1,1
2025-07-11,0.003196933669113188,0,0,0
2025-07-14,0.0015946423407861645,0,0,0
2025-07-15,-0.007677580899034306,0,0,0
2025-07-16,-0.0025723486853112465,0,0,0
2025-07-17,0.008655287243559281,0,0,0
2025-07-18,0.0044586061122151195,0,0,0
2025-07-21,0.024173206562111978,0,1,1
2025-07-22,0.025418609355273826,0,1,1
2025-07-23,-0.010028955050712563,0,0,0
2025-07-24,0.006090152806505493,0,0,0
2025-07-25,0.01864715684951116,0,1,1
2025-07-28,-0.0327103663055282,1,0,-1
2025-07-29,0.030024999929758024,0,1,1
2025-07-30,-0.009606798591363677,0,0,0
2025-07-31,-0.03374553326519246,1,0,-1
2025-08-01,-0.0006242197456122789,0,0,0
2025-08-04,0.00031215857909170155,0,0,0
2025-08-05,0.00901046953718332,0,0,0
2025-08-06,0.0003092624116190139,0,0,0
2025-08-07,-0.0009280743125538598,0,0,0
2025-08-08,-0.005586606708639823,0,0,0
2025-08-11,0.011449916207924815,0,0,0
2025-08-12,0.0024585138382073233,0,0,0
2025-08-13,-0.011111225425070722,0,0,0
2025-08-14,-0.010294896726862086,0,0,0
2025-08-15,-0.0003136270999519472,0,0,0
2025-08-18,-0.01040526493479214,0,0,0
2025-08-19,-0.009234263993891595,0,0,0
2025-08-20,0.0019175461292718545,0,0,0
2025-08-21,-0.003518314839914283,0,0,0
2025-08-22,-0.0006410256629761212,0,0,0
2025-08-25,0.006073216685174641,0,0,0
2025-08-26,-0.007998762851369773,0,0,0
2025-08-27,-0.0006426735439711932,0,0,0
2025-08-28,0.005769246771245137,0,0,0
2025-08-29,0.009858562912075588,0,0,0
2025-09-01,-0.014342875359404244,1,0,-1
2025-09-02,0.0006418485457835613,0,0,0
2025-09-03,-0.0035352760587046552,0,0,0
2025-09-04,0.0035352760587047663,0,0,0
2025-09-05,0.008306757030230557,0,0,0
2025-09-08,-0.003505979686873832,0,0,0
2025-09-09,-0.002877699827615169,0,0,0
2025-09-10,-0.004492947224324719,0,0,0
2025-09-11,-0.005483000351441287,0,0,0
2025-09-12,0.011255947750528635,0,0,0
2025-09-15,0.0028740240124571327,0,0,0
2025-09-16,0.009520858970659036,0,0,0
2025-09-17,0.0006315124933591015,0,0,0
2025-09-18,-0.006650855869909574,0,0,0
2025-09-19,0.007912685690331748,0,0,0
2025-09-22,0.004089985251525066,0,0,0
2025-09-23,-0.00946379303095014,0,0,0
2025-09-24,0.0028485539122310127,0,0,0
2025-09-25,0.000947717651095202,0,0,0
2025-09-26,-0.01687669414469616,1,0,-1
2025-09-29,-0.005474172420740858,0,0,0
2025-09-30,-0.008105085705640057,0,0,0
2025-10-09,0.007782140442054949,0,0,0
2025-10-10,0.002258429738762396,0,0,0
2025-10-13,-0.006466236562229797,0,0,0
2025-10-14,-0.00716148894073782,0,0,0
2025-10-15,-0.008859779036934912,0,0,0
2025-10-16,0.004931787079777276,0,0,0
2025-10-17,-0.003943481942506011,0,0,0
2025-10-20,0.0026307150982485847,0,0,0
2025-10-21,0.0006565988417116893,0,0,0
2025-10-22,0.006868383501437658,0,0,0
2025-10-23,0.0009773579536754573,0,0,0
2025-10-24,-0.008173986985715278,0,0,0
2025-10-27,0.017572857018130394,0,1,1
2025-10-28,-0.002907448341121329,0,0,0
2025-10-29,0.013496348820075419,0,0,0
2025-10-30,-0.008655287243559321,0,0,0
2025-10-31,0.0,0,0,0
2025-11-03,-0.008730855784132045,0,0,0
2025-11-04,-0.011432428942923904,0,0,0
2025-11-05,-0.006591981682152837,0,0,0
2025-11-06,0.004289727746325209,0,0,0
2025-11-07,-0.0009883051372711644,0,0,0
2025-11-10,0.0032905590730988588,0,0,0
2025-11-11,-0.006261348516634572,0,0,0
2025-11-12,0.004288312690776376,0,0,0
2025-11-13,0.0026298502993889433,0,0,0
2025-11-14,0.0022954592797708303,0,0,0
2025-11-17,0.014309187238325043,0,0,0
2025-11-18,-0.00226281008141167,0,0,0
2025-11-19,-0.006493529310548343,0,0,0
2025-11-20,-0.006535970979785533,0,0,0
2025-11-21,0.0022924522893772578,0,0,0
2025-11-24,0.010413371027747307,0,0,0
2025-11-25,0.005488310790050572,0,0,0
2025-11-26,-0.00225624592088418,0,0,0
2025-11-27,-0.001937985102678577,0,0,0
2025-11-28,0.005481232488210166,0,0,0
2025-12-01,0.007687417742686375,0,0,0
2025-12-02,0.011105936774954596,0,0,0
2025-12-03,0.0,0,0,0
2025-12-04,0.00189155163587118,0,0,0
2025-12-05,-0.005685422768800319,0,0,0
2025-12-08,-0.0108281312749131,0,0,0
2025-12-09,-0.014189209358578252,0,0,0
2025-12-10,0.01226613184283665,0,0,0
2025-12-11,-0.015519225147600967,1,0,-1
2025-12-12,-0.0029368596733097135,0,0,0
2025-12-15,0.0045647291521146985,0,0,0
2025-12-16,0.0022745744981268077,0,0,0
2025-12-17,0.0009732360865521751,0,0,0
2025-12-18,0.013206827487281718,0,0,0
2025-12-19,-0.0019218455626986459,0,0,0
2025-12-22,0.002241794373618682,0,0,0
2025-12-23,0.0006395906837797982,0,0,0
2025-12-24,0.0025542798050967007,0,0,0
2025-12-25,-0.0028740240124571956,0,0,0
2025-12-26,-0.002882307840119406,0,0,0
2025-12-29,0.003841233916477162,0,0,0
2025-12-30,0.001277139381767342,0,0,0
2025-12-31,-0.0038363218405888014,0,0,0
