date,return,extreme_left,extreme_right,extreme_event
2015-03-30,-0.026566646878873564,1,0,-1
2015-03-31,-0.035047780026785144,1,0,-1
2015-04-01,-0.02708921109595527,1,0,-1
2015-04-02,0.03880482626851789,0,1,1
2015-04-03,0.011785518405062029,0,0,0
2015-04-07,-0.009085340214483196,0,0,0
2015-04-08,-0.025950923118001894,1,0,-1
2015-04-09,0.0037184637799374627,0,0,0
2015-04-10,0.002541835725678456,0,0,0
2015-04-13,0.007271992840864276,0,0,0
2015-04-14,-0.022620833922933292,1,0,-1
2015-04-15,0.017356555604421665,0,1,1
2015-04-16,0.007047838566797829,0,0,0
2015-04-17,0.004705891037412714,0,0,0
2015-04-20,-0.004601074727898965,0,0,0
2015-04-21,0.004914014802429163,0,0,0
2015-04-22,0.004682387203348658,0,0,0
2015-04-23,-0.004891003038046993,0,0,0
2015-04-24,0.02034248473785229,0,1,1
2015-04-27,0.036728992991389445,0,1,1
2015-04-28,0.011364872004215728,0,0,0
2015-04-29,-0.01600662642503609,0,0,0
2015-04-30,0.0482149122450998,0,1,1
2015-05-04,0.014701327560090224,0,0,0
2015-05-05,0.0035260313047073,0,0,0
2015-05-06,0.0489842207463538,0,1,1
2015-05-07,-0.007791787251682819,0,0,0
2015-05-08,-0.0017793599000773153,0,0,0
2015-05-11,0.013971400665439362,0,0,0
2015-05-12,-0.02022421246262622,1,0,-1
2015-05-13,0.0013431835464677597,0,0,0
2015-05-14,-0.021253343505797412,1,0,-1
2015-05-15,0.007376746715569807,0,0,0
2015-05-18,-0.014624152411505902,0,0,0
2015-05-19,-0.020275992238991725,1,0,-1
2015-05-20,-0.039186888676007156,1,0,-1
2015-05-21,-0.012487257290374568,0,0,0
2015-05-22,-0.009943404984206464,0,0,0
2015-05-25,-0.005913322167160826,0,0,0
2015-05-26,0.005313562053220658,0,0,0
2015-05-27,0.006577659752907246,0,0,0
2015-05-28,0.0045589771727470455,0,0,0
2015-05-29,-0.01926880362325198,1,0,-1
2015-06-01,-0.011762455630915306,0,0,0
2015-06-02,0.022590714630180763,0,1,1
2015-06-03,-0.01224054613000097,0,0,0
2015-06-04,-0.0053646568257085,0,0,0
2015-06-05,-0.001421897456709129,0,0,0
2015-06-08,0.021914829578714923,0,1,1
2015-06-09,0.0033750280200483137,0,0,0
2015-06-10,0.004153486983788663,0,0,0
2015-06-11,0.0016762810216157907,0,0,0
2015-06-12,-0.03437728907761313,1,0,-1
2015-06-15,-0.005008955016537773,0,0,0
2015-06-16,-0.019454255928782603,1,0,-1
2015-06-17,-0.0043983734118638925,0,0,0
2015-06-18,0.010648393757035265,0,0,0
2015-06-19,-0.017705140087726976,1,0,-1
2015-06-23,0.004639890218085378,0,0,0
2015-06-24,0.01399939286143858,0,0,0
2015-06-25,-0.016105765414853562,0,0,0
2015-06-26,-0.010598933348505403,0,0,0
2015-06-29,-0.03789607143271528,1,0,-1
2015-06-30,-0.03410764517416094,1,0,-1
2015-07-01,0.011725332126274872,0,0,0
2015-07-02,0.012260431402811639,0,0,0
2015-07-03,-0.0023504403903964266,0,0,0
2015-07-06,-0.042462177971641396,1,0,-1
2015-07-07,-0.015434768858908647,0,0,0
2015-07-08,-0.031235581270517114,1,0,-1
2015-07-09,0.02384667862739132,0,1,1
2015-07-10,0.011536073703474864,0,0,0
2015-07-13,-0.027816204148649586,1,0,-1
2015-07-14,0.026988144717646975,0,1,1
2015-07-15,0.028811697238545597,0,1,1
2015-07-16,-0.01786590443814657,1,0,-1
2015-07-17,0.0019879559841690904,0,0,0
2015-07-20,-0.0032763895445466376,0,0,0
2015-07-21,0.02944955590460197,0,1,1
2015-07-22,-0.030622301435985863,1,0,-1
2015-07-23,-0.009550270076137363,0,0,0
2015-07-24,-0.012517299990571832,0,0,0
2015-07-27,-0.008553753738023575,0,0,0
2015-07-28,0.0010883367662323318,0,0,0
2015-07-29,0.019034512553284668,0,1,1
2015-07-30,-0.02048589161793174,1,0,-1
2015-07-31,-0.010219067032122258,0,0,0
2015-08-03,-0.01776508600536012,1,0,-1
2015-08-04,0.009415332190231088,0,0,0
2015-08-05,0.0011091257529878956,0,0,0
2015-08-06,-0.005062676739088328,0,0,0
2015-08-07,-0.0009908348593636544,0,0,0
2015-08-10,0.018416726786231068,0,1,1
2015-08-11,0.0020659908910230997,0,0,0
2015-08-12,0.003877382780918055,0,0,0
2015-08-13,0.0,0,0,0
2015-08-14,-0.013637128421586268,0,0,0
2015-08-17,0.0064764691458934365,0,0,0
2015-08-18,-0.011885210051408942,0,0,0
2015-08-19,0.008957664657283274,0,0,0
2015-08-20,-0.01489166649303904,0,0,0
2015-08-21,-0.0034778323465908057,0,0,0
2015-08-24,-0.04543633207100057,1,0,-1
2015-08-25,-0.04255961441879589,1,0,-1
2015-08-26,0.010273137118412792,0,0,0
2015-08-27,0.02391822762986665,0,1,1
2015-08-28,0.0316625273225553,0,1,1
2015-08-31,-0.023164077795074595,1,0,-1
2015-09-01,-0.01310462994237798,0,0,0
2015-09-02,0.009191241175547862,0,0,0
2015-09-07,0.006383970609923313,0,0,0
2015-09-08,-0.010575201368765535,0,0,0
2015-09-09,0.020782667733764453,0,1,1
2015-09-10,0.011757323935676071,0,0,0
2015-09-11,0.008854092752760858,0,0,0
2015-09-14,-0.014587688124853183,0,0,0
2015-09-15,-0.016750810424815354,0,0,0
2015-09-16,0.025528934344200133,0,1,1
2015-09-17,-0.00457027582356752,0,0,0
2015-09-18,-0.008946889946226368,0,0,0
2015-09-21,0.002820514690348855,0,0,0
2015-09-22,-0.013144519151035164,0,0,0
2015-09-23,-0.004550485652364546,0,0,0
2015-09-24,0.0002605863206927411,0,0,0
2015-09-25,0.004419609429784555,0,0,0
2015-09-28,0.004012690647338229,0,0,0
2015-09-29,-0.024453653932311265,1,0,-1
2015-09-30,0.020440963284973024,0,1,1
2015-10-08,0.0045292862935938155,0,0,0
2015-10-09,0.02549532611984741,0,1,1
2015-10-12,0.010766253217645846,0,0,0
2015-10-13,-0.008628828628199709,0,0,0
2015-10-14,-0.0044055707231067005,0,0,0
2015-10-15,0.013407882082071713,0,0,0
2015-10-16,0.0006221614087332248,0,0,0
2015-10-19,-0.01554500401284833,0,0,0
2015-10-20,-0.010541788104766229,0,0,0
2015-10-21,-0.002428892213601948,0,0,0
2015-10-22,0.006760660995010454,0,0,0
2015-10-23,0.016641836415008774,0,0,0
2015-10-26,-0.017532138540588757,1,0,-1
2015-10-27,0.007100321448937614,0,0,0
2015-10-28,0.000126334407343929,0,0,0
2015-10-29,-0.00037905111326298394,0,0,0
2015-10-30,-0.025340490811932195,1,0,-1
2015-11-02,-0.007285058887667748,0,0,0
2015-11-03,-0.0034004741111231356,0,0,0
2015-11-04,0.0023554054333814116,0,0,0
2015-11-05,-0.02233622232376041,1,0,-1
2015-11-06,0.002269542393297967,0,0,0
2015-11-09,-0.01342482237583846,0,0,0
2015-11-10,-0.0013524481369033598,0,0,0
2015-11-11,-0.013077423804414505,0,0,0
2015-11-12,0.004924096941617111,0,0,0
2015-11-13,-0.004924096941617098,0,0,0
2015-11-16,0.003422082594919076,0,0,0
2015-11-17,-0.02686770116959986,1,0,-1
2015-11-18,-0.004079054815409213,0,0,0
2015-11-19,-0.016771285654906518,0,0,0
2015-11-20,-0.014872846529457378,0,0,0
2015-11-23,-0.05625174118073356,1,0,-1
2015-11-24,-0.00015390534851464336,0,0,0
2015-11-25,0.049251809172629515,0,1,1
2015-11-26,0.03668156663460505,0,1,1
2015-11-27,-0.020404503302464155,1,0,-1
2015-11-30,-0.003899766623585682,0,0,0
2015-12-01,-0.0018831033304243544,0,0,0
2015-12-02,0.016964179105270177,0,1,1
2015-12-03,-0.0289246484059283,1,0,-1
2015-12-04,0.01065470197693363,0,0,0
2015-12-07,0.024522631287905546,0,1,1
2015-12-08,-0.034883906032686915,1,0,-1
2015-12-09,0.0,0,0,0
2015-12-10,-0.010025146619378818,0,0,0
2015-12-11,0.02256175396006897,0,1,1
2015-12-14,-0.004064456168703535,0,0,0
2015-12-15,-0.004519287522687944,0,0,0
2015-12-16,0.008149055573266662,0,0,0
2015-12-17,0.01181399707963054,0,0,0
2015-12-18,0.009692208141332896,0,0,0
2015-12-21,0.008896478927200814,0,0,0
2015-12-22,-0.004085375830790992,0,0,0
2015-12-23,-0.008790642174346587,0,0,0
2015-12-24,-0.01174630322752733,0,0,0
2015-12-25,-0.003898077555585194,0,0,0
2015-12-28,-0.01574606085969852,0,0,0
2015-12-29,0.01834646683241819,0,1,1
2015-12-30,0.010905546452549186,0,0,0
2015-12-31,0.007960241038388324,0,0,0
2016-01-04,-0.02436348652327049,1,0,-1
2016-01-05,0.008379130214834017,0,0,0
2016-01-06,-0.00997622674306025,0,0,0
2016-01-07,-0.01966314269156673,1,0,-1
2016-01-08,0.0064992843253243015,0,0,0
2016-01-11,-0.013637922612125802,0,0,0
2016-01-12,-0.01579574022764242,0,0,0
2016-01-13,0.004085652955776656,0,0,0
2016-01-14,0.017068837814971014,0,1,1
2016-01-15,0.012246556598490159,0,0,0
2016-01-18,0.016435538314843755,0,0,0
2016-01-19,0.011617197701413817,0,0,0
2016-01-20,-0.009455657844029533,0,0,0
2016-01-21,-0.003171859637341695,0,0,0
2016-01-22,0.01305520299647964,0,0,0
2016-01-25,-0.011468015591641182,0,0,0
2016-01-26,-0.0033215425151127244,0,0,0
2016-01-27,0.019907567572495927,0,1,1
2016-01-28,-0.011265716296750142,0,0,0
2016-01-29,-0.0020097623761607206,0,0,0
2016-02-01,-0.009239274617447899,0,0,0
2016-02-02,0.0008698173931995451,0,0,0
2016-02-03,-0.0018855615130351376,0,0,0
2016-02-04,0.006656080137401904,0,0,0
2016-02-05,-0.008690668835189496,0,0,0
2016-02-15,-0.035839760594648294,1,0,-1
2016-02-16,0.005113562052554166,0,0,0
2016-02-17,-0.003908016397205447,0,0,0
2016-02-18,0.004208001400205049,0,0,0
2016-02-19,0.00657700427635755,0,0,0
2016-02-22,0.023703722974563104,0,1,1
2016-02-23,-0.00043658590521023334,0,0,0
2016-02-24,-0.002185793219980208,0,0,0
2016-02-25,-0.010853729312572691,0,0,0
2016-02-26,-0.007698039495524163,0,0,0
2016-02-29,-0.004020554891062284,0,0,0
2016-03-01,0.011571112637185497,0,0,0
2016-03-02,0.016819409292960868,0,0,0
2016-03-03,0.006505263273448035,0,0,0
2016-03-04,0.027710476410086705,0,1,1
2016-03-07,0.027099681312649854,0,1,1
2016-03-08,-0.022624775229667386,1,0,-1
2016-03-09,-0.033915985751648184,1,0,-1
2016-03-10,-0.005064767356619286,0,0,0
2016-03-11,0.0075155723027923275,0,0,0
2016-03-14,-0.002017873270459421,0,0,0
2016-03-15,-0.014240287137206369,0,0,0
2016-03-16,-0.0033716956372202506,0,0,0
2016-03-17,0.006440303290996052,0,0,0
2016-03-18,0.019075722932223094,0,1,1
2016-03-21,-0.025662879883810667,1,0,-1
2016-03-22,0.005273192239582705,0,0,0
2016-03-23,-0.0027796082558968604,0,0,0
2016-03-24,-0.0019062986929842057,0,0,0
2016-03-25,0.004978048347394828,0,0,0
2016-03-28,-0.00512483733848406,0,0,0
2016-03-29,0.0024924871785102663,0,0,0
2016-03-30,-0.022958869649769894,1,0,-1
2016-03-31,-0.0073690084568963565,0,0,0
2016-04-01,0.0013575686525747971,0,0,0
2016-04-05,-0.009846326614524762,0,0,0
2016-04-06,0.015408159817042508,0,0,0
2016-04-07,0.00508374300626359,0,0,0
2016-04-08,-0.007935955402960597,0,0,0
2016-04-11,0.02538169650260541,0,1,1
2016-04-12,0.011222153769927088,0,0,0
2016-04-13,0.018096142240421532,0,1,1
2016-04-14,0.006384358778468572,0,0,0
2016-04-15,-0.00666905628928827,0,0,0
2016-04-18,0.00850586358777159,0,0,0
2016-04-19,0.0023968992793694686,0,0,0
2016-04-20,0.012177349721356125,0,0,0
2016-04-21,0.027037947062030446,0,1,1
2016-04-22,-0.028012266855162643,1,0,-1
2016-04-25,0.003336580323304974,0,0,0
2016-04-26,-0.009762978522685718,0,0,0
2016-04-27,0.00781799319155734,0,0,0
2016-04-28,0.003609109969779121,0,0,0
2016-04-29,0.01608171555899813,0,0,0
2016-05-03,0.034837392160476245,0,1,1
2016-05-04,-0.02102539195041296,1,0,-1
2016-05-05,-0.012721784784555087,0,0,0
2016-05-06,-0.03775080516616114,1,0,-1
2016-05-09,-0.023904380187142877,1,0,-1
2016-05-10,0.0026041681383877297,0,0,0
2016-05-11,0.0027415066589867943,0,0,0
2016-05-12,0.010463795036060168,0,0,0
2016-05-13,-0.027173228483750006,1,0,-1
2016-05-16,0.008752791109594708,0,0,0
2016-05-17,0.008100724176828502,0,0,0
2016-05-18,-0.011738414619652743,0,0,0
2016-05-19,-0.002481209767433137,0,0,0
2016-05-20,0.001314348491512768,0,0,0
2016-05-23,-0.01975008927177252,1,0,-1
2016-05-24,-0.0023845018749823798,0,0,0
2016-05-25,-0.0029886453805538305,0,0,0
2016-05-26,0.0061171395523348234,0,0,0
2016-05-27,0.0023770624771802143,0,0,0
2016-05-30,-0.00044526902405435295,0,0,0
2016-05-31,0.010778989560804095,0,0,0
2016-06-01,-0.013901436525628667,0,0,0
2016-06-02,0.004161099777243912,0,0,0
2016-06-03,0.0017780416597172463,0,0,0
2016-06-06,0.021093502151809464,0,1,1
2016-06-07,-0.003048561553897161,0,0,0
2016-06-08,0.0015980246009843295,0,0,0
2016-06-13,0.020260769211514762,0,1,1
2016-06-14,0.0017055149102872618,0,0,0
2016-06-15,0.011577144694554486,0,0,0
2016-06-16,-0.011577144694554465,0,0,0
2016-06-17,0.01452059064896987,0,0,0
2016-06-20,0.014864481510773965,0,0,0
2016-06-21,-0.0017942175816002374,0,0,0
2016-06-22,0.005098185344871478,0,0,0
2016-06-23,-0.00980603120439039,0,0,0
2016-06-24,-0.022173235106600023,1,0,-1
2016-06-27,0.016606066935249724,0,0,0
2016-06-28,0.012896247510743458,0,0,0
2016-06-29,0.011915500834962034,0,0,0
2016-06-30,0.019415467641389423,0,1,1
2016-07-01,0.00890667237203313,0,0,0
2016-07-04,0.04755417919704139,0,1,1
2016-07-05,0.01701742768223239,0,1,1
2016-07-06,-0.03202088776011374,1,0,-1
2016-07-07,-0.010171979806976454,0,0,0
2016-07-08,-0.005580444045136611,0,0,0
2016-07-11,0.03151279074044637,0,1,1
2016-07-12,0.023184386316811776,0,1,1
2016-07-13,-0.009035274041636327,0,0,0
2016-07-14,0.016523187257908283,0,0,0
2016-07-15,-0.006995181006253649,0,0,0
2016-07-18,-0.004443354632211967,0,0,0
2016-07-19,0.012782868257668532,0,0,0
2016-07-20,-0.004038431726065896,0,0,0
2016-07-21,0.008547060578458348,0,0,0
2016-07-22,-0.01260186738732953,0,0,0
2016-07-25,-0.008655921486561044,0,0,0
2016-07-26,-0.014133185034568691,0,0,0
2016-07-27,0.0032696206190355195,0,0,0
2016-07-28,0.021610378982892586,0,1,1
2016-07-29,-0.01310926515322894,0,0,0
2016-08-01,0.025806298139415023,0,1,1
2016-08-02,0.011578949773757792,0,0,0
2016-08-03,0.005858807934825294,0,0,0
2016-08-04,-0.021449189575336657,1,0,-1
2016-08-05,0.010541080217811298,0,0,0
2016-08-08,0.017443692005214735,0,1,1
2016-08-09,-0.00760912005621347,0,0,0
2016-08-10,0.00476248072437763,0,0,0
2016-08-11,-0.01026752095545716,0,0,0
2016-08-12,-0.0027639265327128733,0,0,0
2016-08-15,-0.027449115838286707,1,0,-1
2016-08-16,0.007884727309012532,0,0,0
2016-08-17,-0.00393459255904406,0,0,0
2016-08-18,0.003320832029128315,0,0,0
2016-08-19,0.0012271445888946892,0,0,0
2016-08-22,-0.011719125054687429,0,0,0
2016-08-23,0.006431685745833441,0,0,0
2016-08-24,-0.0016040474782382597,0,0,0
2016-08-25,-0.03174073142497348,1,0,-1
2016-08-26,-0.001786170416195341,0,0,0
2016-08-29,0.003314638424884009,0,0,0
2016-08-30,-0.005359890320244622,0,0,0
2016-08-31,-0.0011522951150167184,0,0,0
2016-09-01,0.009562130613089302,0,0,0
2016-09-02,0.012734207255029606,0,0,0
2016-09-05,0.00512341014497681,0,0,0
2016-09-06,0.010045350174863273,0,0,0
2016-09-07,-0.0014818476408832455,0,0,0
2016-09-08,0.0007411983044702794,0,0,0
2016-09-09,0.0041897781561308816,0,0,0
2016-09-12,-0.03262177660578705,1,0,-1
2016-09-13,0.00759401194086951,0,0,0
2016-09-14,-0.013072081567352775,0,0,0
2016-09-19,0.008649252597350611,0,0,0
2016-09-20,0.020681316170283424,0,1,1
2016-09-21,-0.001241310983620129,0,0,0
2016-09-22,0.014672601554067851,0,0,0
2016-09-23,0.011197780102661304,0,0,0
2016-09-26,-0.013894190610013372,0,0,0
2016-09-27,0.014862010671040508,0,0,0
2016-09-28,-0.007403395669470792,0,0,0
2016-09-29,-0.002805735295917848,0,0,0
2016-09-30,-0.005880928490713027,0,0,0
2016-10-10,0.003434743317885804,0,0,0
2016-10-11,0.014346750635953625,0,0,0
2016-10-12,-0.005932579903734049,0,0,0
2016-10-13,-0.012340556144570821,0,0,0
2016-10-14,0.0030688049616302542,0,0,0
2016-10-17,0.0028150070605436578,0,0,0
2016-10-18,-0.0017125386448423661,0,0,0
2016-10-19,-0.012070598580506966,0,0,0
2016-10-20,0.0006193868268627174,0,0,0
2016-10-21,-0.01673365719564633,0,0,0
2016-10-24,0.012514241652938,0,0,0
2016-10-25,0.013096307762492784,0,0,0
2016-10-26,-0.005168606140865334,0,0,0
2016-10-27,-0.0008640375776700172,0,0,0
2016-10-28,0.019444207825322177,0,1,1
2016-10-31,0.0165749650942126,0,0,0
2016-11-01,-0.004656446835184824,0,0,0
2016-11-02,-0.015072329703812474,0,0,0
2016-11-03,0.01171581732216078,0,0,0
2016-11-04,-0.00433213673913457,0,0,0
2016-11-07,0.05752684036144719,0,1,1
2016-11-08,0.023183572656281858,0,1,1
2016-11-09,0.010513016652049706,0,0,0
2016-11-10,0.0510731028199979,0,1,1
2016-11-11,0.00563264240845893,0,0,0
2016-11-14,-0.047501209499385175,1,0,-1
2016-11-15,-0.01096742732710114,0,0,0
2016-11-16,0.02019609062161073,0,1,1
2016-11-17,-0.014039518844751606,0,0,0
2016-11-18,-0.005715557436745368,0,0,0
2016-11-21,0.006701480724145557,0,0,0
2016-11-22,0.02176941981808193,0,1,1
2016-11-23,-0.003971880053903041,0,0,0
2016-11-24,0.016851934636699838,0,0,0
2016-11-25,0.006851146692853086,0,0,0
2016-11-28,0.025000005389554013,0,1,1
2016-11-29,-0.04612493511380802,1,0,-1
2016-11-30,-0.020704224472142888,1,0,-1
2016-12-01,0.0182336286615158,0,1,1
2016-12-02,-0.0059328149857524656,0,0,0
2016-12-05,0.03204617651297433,0,1,1
2016-12-06,-0.0014679671295042996,0,0,0
2016-12-07,0.0155138725008407,0,0,0
2016-12-08,-0.01750956666670312,1,0,-1
2016-12-09,0.0004204772478644025,0,0,0
2016-12-12,-0.007278129274187424,0,0,0
2016-12-13,0.01575497350352284,0,0,0
2016-12-14,0.0031214259034694257,0,0,0
2016-12-15,-0.0013514217972385202,0,0,0
2016-12-16,-0.008881517030680157,0,0,0
2016-12-19,-0.020035651925418153,1,0,-1
2016-12-20,-0.009467526338399217,0,0,0
2016-12-21,0.0016201332052751187,0,0,0
2016-12-22,-0.02779476442445863,1,0,-1
2016-12-23,0.0003328340852826138,0,0,0
2016-12-26,-0.06839880029975365,1,0,-1
2016-12-27,0.016024850988629824,0,0,0
2016-12-28,0.003151079225176089,0,0,0
2016-12-29,0.006156725029308909,0,0,0
2016-12-30,-0.009190920378482697,0,0,0
2017-01-03,0.0052456843491832175,0,0,0
2017-01-04,-0.010284068667422522,0,0,0
2017-01-05,0.001408616267660482,0,0,0
2017-01-06,-0.005174655790017474,0,0,0
2017-01-09,0.018226932918585504,0,1,1
2017-01-10,0.008760862951001204,0,0,0
2017-01-11,0.00709060610277973,0,0,0
2017-01-12,-0.02247285585205863,1,0,-1
2017-01-13,-0.003385678326052636,0,0,0
2017-01-16,0.011279845163088824,0,0,0
2017-01-17,-0.014677025259186884,0,0,0
2017-01-18,-0.001526628210299995,0,0,0
2017-01-19,-0.0019998830264106675,0,0,0
2017-01-20,-0.03767692189855913,1,0,-1
2017-01-23,0.01179129932067611,0,0,0
2017-01-24,-0.003874565932036104,0,0,0
2017-01-25,-0.009752606861871497,0,0,0
2017-01-26,0.011086182861171212,0,0,0
2017-02-03,0.025714506609071965,0,1,1
2017-02-06,0.017208501914625404,0,1,1
2017-02-07,-0.0004643603519707994,0,0,0
2017-02-08,0.007980149907554374,0,0,0
2017-02-09,-0.002999540781498403,0,0,0
2017-02-10,0.0023081372047503686,0,0,0
2017-02-13,0.026953357352005353,0,1,1
2017-02-14,0.01271061821988121,0,0,0
2017-02-15,-0.004998066715996729,0,0,0
2017-02-16,0.006547939715272392,0,0,0
2017-02-17,0.003202830061345626,0,0,0
2017-02-20,0.010966224602333093,0,0,0
2017-02-21,-0.0019650661345226115,0,0,0
2017-02-22,-0.019531655379449567,1,0,-1
2017-02-23,-0.012897616123896343,0,0,0
2017-02-24,0.005852577200687559,0,0,0
2017-02-27,0.017685795496462473,0,1,1
2017-02-28,-0.00011025966161454756,0,0,0
2017-03-01,0.004400931297242033,0,0,0
2017-03-02,0.0006584723679536624,0,0,0
2017-03-03,-0.003847215517424413,0,0,0
2017-03-06,0.0026396847707732454,0,0,0
2017-03-07,0.0010978154577156488,0,0,0
2017-03-08,-0.03392425289360271,1,0,-1
2017-03-09,-0.04610931137941155,1,0,-1
2017-03-10,-0.005243725517939486,0,0,0
2017-03-13,0.00453028910242274,0,0,0
2017-03-14,-0.0010711098911582726,0,0,0
2017-03-15,0.011837259430618375,0,0,0
2017-03-16,0.006217393481198478,0,0,0
2017-03-17,-0.012355278662066416,0,0,0
2017-03-20,-0.00011840625198846851,0,0,0
2017-03-21,-0.001777778245999272,0,0,0
2017-03-22,-0.022311108985551463,1,0,-1
2017-03-23,0.006649362588098417,0,0,0
2017-03-24,-0.005800620494104762,0,0,0
2017-03-27,-0.026900842172832798,1,0,-1
2017-03-28,0.007565927564191417,0,0,0
2017-03-29,0.019819586858526556,0,1,1
2017-03-30,-0.002790078840342794,0,0,0
2017-03-31,0.00906953432518609,0,0,0
2017-04-05,0.03466367040252756,0,1,1
2017-04-06,0.005103235385177466,0,0,0
2017-04-07,-0.028990939443213397,1,0,-1
2017-04-10,0.012779726646399021,0,0,0
2017-04-11,0.0021141656923355564,0,0,0
2017-04-12,-0.0432791545565466,1,0,-1
2017-04-13,0.0037908941760636072,0,0,0
2017-04-14,-0.015374511067712305,0,0,0
2017-04-17,0.0001239387744042635,0,0,0
2017-04-18,-0.005592508206735052,0,0,0
2017-04-19,-0.01304584483329991,0,0,0
2017-04-20,0.006042314455962662,0,0,0
2017-04-21,-0.0017585734967982484,0,0,0
2017-04-24,-0.009473954521947858,0,0,0
2017-04-25,-0.012644654073250858,0,0,0
2017-04-26,0.0024391821580608307,0,0,0
2017-04-27,-0.0008979540081270538,0,0,0
2017-04-28,0.017555469306522565,0,1,1
2017-05-02,0.009163435738152466,0,0,0
2017-05-03,-0.008155117024035447,0,0,0
2017-05-04,-0.03996677117877209,1,0,-1
2017-05-05,-0.01919444725614718,1,0,-1
2017-05-08,0.012089154205731164,0,0,0
2017-05-09,0.009985630208043416,0,0,0
2017-05-10,-0.001177317161299886,0,0,0
2017-05-11,0.00950961377343302,0,0,0
2017-05-12,-0.0018167666559496338,0,0,0
2017-05-15,0.004535742889192797,0,0,0
2017-05-16,-0.009614209432605363,0,0,0
2017-05-17,0.0035186066144950578,0,0,0
2017-05-18,-0.017850585545706447,1,0,-1
2017-05-19,0.006731365745768451,0,0,0
2017-05-22,0.023787434718904616,0,1,1
2017-05-23,-0.0028299478624183383,0,0,0
2017-05-24,-0.017674274241441714,1,0,-1
2017-05-25,-0.0045995218744748125,0,0,0
2017-05-26,-0.00952892334587828,0,0,0
2017-05-31,-0.030376955986999507,1,0,-1
2017-06-01,0.002874548553870216,0,0,0
2017-06-02,-0.014872210222582474,0,0,0
2017-06-05,0.014188543005142128,0,0,0
2017-06-06,-0.0017797252969229131,0,0,0
2017-06-07,0.0068278293386234215,0,0,0
2017-06-08,-0.0038178393796589865,0,0,0
2017-06-09,-0.004106781952653359,0,0,0
2017-06-12,0.013353516316426811,0,0,0
2017-06-13,-0.018304021476282913,1,0,-1
2017-06-14,0.008920665758379362,0,0,0
2017-06-15,0.0015018092794700623,0,0,0
2017-06-16,0.004084416842224855,0,0,0
2017-06-19,0.004067802219325527,0,0,0
2017-06-20,0.011302596103181666,0,0,0
2017-06-21,-0.008330022640178856,0,0,0
2017-06-22,-0.003784811222562324,0,0,0
2017-06-23,0.023158788838031772,0,1,1
2017-06-26,-0.003048176768733469,0,0,0
2017-06-27,-0.0009295532174544068,0,0,0
2017-06-28,0.00820327436938074,0,0,0
2017-06-29,0.011789499926630745,0,0,0
2017-06-30,-0.001824818024629059,0,0,0
2017-07-03,0.007667852242490461,0,0,0
2017-07-04,-0.0267662266045195,1,0,-1
2017-07-05,0.0006646726731909598,0,0,0
2017-07-06,-0.0005317027906733809,0,0,0
2017-07-07,-0.0074736768531123345,0,0,0
2017-07-10,-0.014845076937752817,0,0,0
2017-07-11,0.011356077155803574,0,0,0
2017-07-12,0.018776768445075878,0,1,1
2017-07-13,0.00552560279738825,0,0,0
2017-07-14,0.005495238216890862,0,0,0
2017-07-17,0.032225652664416064,0,1,1
2017-07-18,-0.0022767528175315663,0,0,0
2017-07-19,0.010204812967770947,0,0,0
2017-07-20,-0.011091618625432065,0,0,0
2017-07-21,-0.003427921848403845,0,0,0
2017-07-24,0.004061434698226359,0,0,0
2017-07-25,0.027114799141221908,0,1,1
2017-07-26,-0.0024685275433282737,0,0,0
2017-07-27,0.010816231309156694,0,0,0
2017-07-28,0.007065445399233305,0,0,0
2017-07-31,0.007497918788663291,0,0,0
2017-08-01,-0.012487281131658616,0,0,0
2017-08-02,0.0018282654857935115,0,0,0
2017-08-03,0.006675187113851508,0,0,0
2017-08-04,0.011306350897382286,0,0,0
2017-08-07,0.015899717955974536,0,0,0
2017-08-08,-0.007680983110131287,0,0,0
2017-08-09,0.0436365353197979,0,1,1
2017-08-10,-0.0013636365749436815,0,0,0
2017-08-11,-0.014777747591048981,0,0,0
2017-08-14,-0.005322854502307244,0,0,0
2017-08-15,-0.009090971701251963,0,0,0
2017-08-16,-0.0003513086282398737,0,0,0
2017-08-17,0.02954288242284803,0,1,1
2017-08-18,0.0017042553690402992,0,0,0
2017-08-21,0.03283010339549303,0,1,1
2017-08-22,0.015803282406869856,0,0,0
2017-08-23,-0.002706947676439782,0,0,0
2017-08-24,0.01900932502237648,0,1,1
2017-08-25,0.002974295797926462,0,0,0
2017-08-28,-0.008093760904117344,0,0,0
2017-08-29,0.00586386882004716,0,0,0
2017-08-30,-0.006719666903943175,0,0,0
2017-08-31,0.0018176963037363327,0,0,0
2017-09-01,0.011048662271678635,0,0,0
2017-09-04,0.017282441148747968,0,1,1
2017-09-05,0.004455273390375692,0,0,0
2017-09-06,-0.019099886578573488,1,0,-1
2017-09-07,0.005359689147872327,0,0,0
2017-09-08,-0.028275693276210025,1,0,-1
2017-09-11,-0.016523911130161557,0,0,0
2017-09-12,0.009491152903878173,0,0,0
2017-09-13,0.0029273073432576255,0,0,0
2017-09-14,-0.04393028096092094,1,0,-1
2017-09-15,-0.007266153676622919,0,0,0
2017-09-18,0.008735661655982822,0,0,0
2017-09-19,-0.012846194961467956,0,0,0
2017-09-20,0.028425103483891143,0,1,1
2017-09-21,-0.02203822045882051,1,0,-1
2017-09-22,-0.048329833575745565,1,0,-1
2017-09-25,0.0029784974661558007,0,0,0
2017-09-26,0.005575671363865608,0,0,0
2017-09-27,0.005309433745829217,0,0,0
2017-09-28,-0.017449549521527496,1,0,-1
2017-09-29,0.015329157632719335,0,0,0
2017-10-09,0.028940365949400894,0,1,1
2017-10-10,0.0012593739142314616,0,0,0
2017-10-11,0.006500564603093463,0,0,0
2017-10-12,0.027469634601875865,0,1,1
2017-10-13,0.02047031141102629,0,1,1
2017-10-16,0.012276699527378962,0,0,0
2017-10-17,-0.0003211475700673797,0,0,0
2017-10-18,0.013928246003213034,0,0,0
2017-10-19,-0.004444451760424018,0,0,0
2017-10-20,0.03501451784510205,0,1,1
2017-10-23,-0.029620248061711842,1,0,-1
2017-10-24,0.01663305253490075,0,0,0
2017-10-25,-0.0093809318337656,0,0,0
2017-10-26,0.0011512900952445374,0,0,0
2017-10-27,-0.03253183657850211,1,0,-1
2017-10-30,0.0009720797870826489,0,0,0
2017-10-31,0.02747191503166393,0,1,1
2017-11-01,0.04246333138160436,0,1,1
2017-11-02,0.021017756592619407,0,1,1
2017-11-03,-0.0012822411383492907,0,0,0
2017-11-06,0.018675683344024127,0,1,1
2017-11-07,-0.002910362939030618,0,0,0
2017-11-08,-0.017642327624388977,1,0,-1
2017-11-09,-0.02017647349546198,1,0,-1
2017-11-10,0.007839236125441153,0,0,0
2017-11-13,0.007182075759901034,0,0,0
2017-11-14,-0.009989095146885067,0,0,0
2017-11-15,-0.05107668350174246,1,0,-1
2017-11-16,-0.0062530011384299864,0,0,0
2017-11-17,-0.014025175029357358,0,0,0
2017-11-20,0.011790061544973333,0,0,0
2017-11-21,0.004465242375541047,0,0,0
2017-11-22,0.007819143810599102,0,0,0
2017-11-23,-0.008349675946763113,0,0,0
2017-11-24,0.027840625972941662,0,1,1
2017-11-27,-0.02964654349779737,1,0,-1
2017-11-28,-0.02084304074689517,1,0,-1
2017-11-29,-0.0043520904292913744,0,0,0
2017-11-30,-0.007002982991125577,0,0,0
2017-12-01,-0.010153491930400882,0,0,0
2017-12-04,0.024327300955192484,0,1,1
2017-12-05,-0.021005038763214506,1,0,-1
2017-12-06,-0.027460397363097657,1,0,-1
2017-12-07,-0.006727121885809914,0,0,0
2017-12-08,0.01937408358657728,0,1,1
2017-12-11,-0.014352961545867638,0,0,0
2017-12-12,0.019836106263021895,0,1,1
2017-12-13,0.00234074676346389,0,0,0
2017-12-14,-0.006814526733899942,0,0,0
2017-12-15,0.010038005321253825,0,0,0
2017-12-18,0.03949384624761405,0,1,1
2017-12-19,0.009660885160771848,0,0,0
2017-12-20,0.005058499563033739,0,0,0
2017-12-21,0.0063918067459973115,0,0,0
2017-12-22,0.0015655172012268642,0,0,0
2017-12-25,-0.008693429979726447,0,0,0
2017-12-26,0.005978307175587973,0,0,0
2017-12-27,-0.010934816136372207,0,0,0
2017-12-28,0.02319853250690104,0,1,1
2017-12-29,0.0006195787063133173,0,0,0
2018-01-02,0.023465675759740113,0,1,1
2018-01-03,-0.005561468402053634,0,0,0
2018-01-04,0.0056623002650076975,0,0,0
2018-01-05,-0.006067979783756056,0,0,0
2018-01-08,-0.000913381095620723,0,0,0
2018-01-09,0.00899586599256363,0,0,0
2018-01-10,0.01041050443238482,0,0,0
2018-01-11,0.01000751478134497,0,0,0
2018-01-12,-0.018507990987911362,1,0,-1
2018-01-15,0.006407069670244618,0,0,0
2018-01-16,-0.024241162767835934,1,0,-1
2018-01-17,-0.008831439613740775,0,0,0
2018-01-18,-0.0017550203234882945,0,0,0
2018-01-19,0.0005165022582673569,0,0,0
2018-01-22,0.017505693492377284,0,1,1
2018-01-23,0.011903701539540132,0,0,0
2018-01-24,-0.01088939979926832,0,0,0
2018-01-25,0.060004229995252845,0,1,1
2018-01-26,-0.0036346285828139295,0,0,0
2018-01-29,0.014837631920170416,0,0,0
2018-01-30,-0.020410818249104526,1,0,-1
2018-01-31,-0.011240428425774785,0,0,0
2018-02-01,-0.005178068332894732,0,0,0
2018-02-02,0.023619334363691697,0,1,1
2018-02-05,-0.02264028592049803,1,0,-1
2018-02-06,-0.0091423590823546,0,0,0
2018-02-07,0.009827123110090171,0,0,0
2018-02-08,-0.017659414177630266,1,0,-1
2018-02-09,-0.017065260554186983,0,0,0
2018-02-12,0.010574649121427322,0,0,0
2018-02-13,0.010463995025280937,0,0,0
2018-02-14,0.025642430613337652,0,1,1
2018-02-22,-0.006300607282392924,0,0,0
2018-02-23,0.020309663868953304,0,1,1
2018-02-26,0.00494250602188076,0,0,0
2018-02-27,0.0050125418235441935,0,0,0
2018-02-28,-0.009383510394165158,0,0,0
2018-03-01,-0.002192669737828378,0,0,0
2018-03-02,-0.02512695007742176,1,0,-1
2018-03-05,-0.007268473213736104,0,0,0
2018-03-06,0.009516873398430476,0,0,0
2018-03-07,0.001268602268208199,0,0,0
2018-03-08,-0.012660260368905987,0,0,0
2018-03-09,-0.004255957332163693,0,0,0
2018-03-12,0.03211128383217673,0,1,1
2018-03-13,-0.0019228926221062208,0,0,0
2018-03-14,0.009005617483373671,0,0,0
2018-03-15,-0.009872126948845969,0,0,0
2018-03-16,-0.0010600877974400555,0,0,0
2018-03-19,-0.014960449998310614,0,0,0
2018-03-20,0.00566076077301173,0,0,0
2018-03-21,-0.012437118645262884,0,0,0
2018-03-22,0.0029518864296055004,0,0,0
2018-03-23,-0.03255404790834948,1,0,-1
2018-03-26,-0.022168395505666537,1,0,-1
2018-03-27,0.013605652055778678,0,0,0
2018-03-28,-0.011118088583976936,0,0,0
2018-03-29,0.02262007298839918,0,1,1
2018-03-30,0.009969369110546899,0,0,0
2018-04-02,0.006690992156804665,0,0,0
2018-04-03,0.003179968892563694,0,0,0
2018-04-04,-0.004375069124439373,0,0,0
2018-04-09,-0.007200751185582209,0,0,0
2018-04-10,0.012963883194003276,0,0,0
2018-04-11,0.007305067036301609,0,0,0
2018-04-12,0.004710046976561326,0,0,0
2018-04-13,0.015638218744557338,0,0,0
2018-04-16,0.005670093515021207,0,0,0
2018-04-17,-0.005284662791421486,0,0,0
2018-04-18,0.009110588070458876,0,0,0
2018-04-19,0.03166516260599967,0,1,1
2018-04-20,-0.036353942068287,1,0,-1
2018-04-23,0.006405681829859783,0,0,0
2018-04-24,-0.015365710943556097,0,0,0
2018-04-25,-0.0002903741006706504,0,0,0
2018-04-26,0.00048391000218447774,0,0,0
2018-04-27,0.013359802723564419,0,0,0
2018-05-02,0.0034311890315638313,0,0,0
2018-05-03,-0.0032402582433943114,0,0,0
2018-05-04,-0.008146879774955838,0,0,0
2018-05-07,0.006235929451411193,0,0,0
2018-05-08,0.005721930545713855,0,0,0
2018-05-09,-0.012054101756498736,0,0,0
2018-05-10,-0.00125198648799463,0,0,0
2018-05-11,0.001444460745157119,0,0,0
2018-05-14,0.024429711664948315,0,1,1
2018-05-15,0.006178637892293616,0,0,0
2018-05-16,0.0054911953328015805,0,0,0
2018-05-17,0.000742252771134966,0,0,0
2018-05-18,0.02219663724182585,0,1,1
2018-05-21,-0.012689019584792042,0,0,0
2018-05-22,-0.0055274207979571785,0,0,0
2018-05-23,0.001753657747865546,0,0,0
2018-05-24,-0.002308083930982761,0,0,0
2018-05-25,0.01549992052759105,0,0,0
2018-05-28,0.005807638828142609,0,0,0
2018-05-29,0.021128807489342784,0,1,1
2018-05-30,-0.010956329258391719,0,0,0
2018-05-31,0.027996706453323836,0,1,1
2018-06-01,0.011172332899423966,0,0,0
2018-06-04,0.00618186909014229,0,0,0
2018-06-05,-0.0019706128126649944,0,0,0
2018-06-06,0.015910490050275786,0,0,0
2018-06-07,-0.0038056623376450205,0,0,0
2018-06-08,-0.0267919167743127,1,0,-1
2018-06-11,0.007629653796148631,0,0,0
2018-06-12,-0.005282540970042562,0,0,0
2018-06-13,-0.003914920829505846,0,0,0
2018-06-14,0.00460930502544777,0,0,0
2018-06-15,0.004501782340879214,0,0,0
2018-06-19,-0.02386372584136504,1,0,-1
2018-06-20,0.0062613194547877305,0,0,0
2018-06-21,0.012232568435634451,0,0,0
2018-06-22,0.01593830853106201,0,0,0
2018-06-25,-0.0028244979619904543,0,0,0
2018-06-26,-0.019998069381654607,1,0,-1
2018-06-27,0.0016600414453935173,0,0,0
2018-06-28,0.014473537747455066,0,0,0
2018-06-29,0.012484129646222638,0,0,0
2018-07-02,-0.02017149205533468,1,0,-1
2018-07-03,0.006568168112097169,0,0,0
2018-07-04,-0.029991318883376476,1,0,-1
2018-07-05,-0.007841779625015779,0,0,0
2018-07-06,-0.007182648943796863,0,0,0
2018-07-09,0.007629856142341825,0,0,0
2018-07-10,0.001429720554505293,0,0,0
2018-07-11,-0.023672952247467745,1,0,-1
2018-07-12,0.041461819047361105,0,1,1
2018-07-13,-0.013778702356164284,0,0,0
2018-07-16,-0.020032109334880532,1,0,-1
2018-07-17,-0.009756174945364685,0,0,0
2018-07-18,-0.0021096086704908068,0,0,0
2018-07-19,0.0012846395600429766,0,0,0
2018-07-20,0.007582368579435108,0,0,0
2018-07-23,0.0040870135451415305,0,0,0
2018-07-24,-0.0070035303773373445,0,0,0
2018-07-25,0.012336876352699892,0,0,0
2018-07-26,0.0035997159101126756,0,0,0
2018-07-27,0.007963179019084766,0,0,0
2018-07-30,-0.004734476662712594,0,0,0
2018-07-31,0.011838671357997143,0,0,0
2018-08-01,0.000353888351919558,0,0,0
2018-08-02,-0.023720064880983886,1,0,-1
2018-08-03,-0.01175358617598758,0,0,0
2018-08-06,0.013563541421227107,0,0,0
2018-08-07,0.018188020971370816,0,1,1
2018-08-08,0.01305478538698309,0,0,0
2018-08-09,0.002975150951987314,0,0,0
2018-08-10,-0.010451985712916787,0,0,0
2018-08-13,0.008878008472963474,0,0,0
2018-08-14,-0.020243785237875164,1,0,-1
2018-08-15,-0.017839918128331005,1,0,-1
2018-08-16,-0.007757282796463293,0,0,0
2018-08-17,0.008575130086358854,0,0,0
2018-08-20,0.01818231908319033,0,1,1
2018-08-21,0.006401728984852555,0,0,0
2018-08-22,-0.01581166533689353,0,0,0
2018-08-23,-0.015242537894834492,0,0,0
2018-08-24,0.006560985810007635,0,0,0
2018-08-27,-0.012245423964364273,0,0,0
2018-08-28,0.005867270223610767,0,0,0
2018-08-29,0.004468975470951825,0,0,0
2018-08-30,0.0033613477027049274,0,0,0
2018-08-31,-0.02442056543385345,1,0,-1
2018-09-03,-0.02322296813994452,1,0,-1
2018-09-04,-0.01804444774659738,1,0,-1
2018-09-05,-0.00895034674247807,0,0,0
2018-09-06,0.004193287143018771,0,0,0
2018-09-07,-0.016286046215257106,0,0,0
2018-09-10,0.00748919543003285,0,0,0
2018-09-11,0.00577555322845017,0,0,0
2018-09-12,-0.0050885715045873876,0,0,0
2018-09-13,0.019046343902118946,0,1,1
2018-09-14,-0.0006740166833572783,0,0,0
2018-09-17,-0.016803853218158884,0,0,0
2018-09-18,-0.0004898839073134598,0,0,0
2018-09-19,0.012659629585427858,0,0,0
2018-09-20,-0.00416970301103823,0,0,0
2018-09-21,0.01886666799831343,0,1,1
2018-09-25,0.004946267099531586,0,0,0
2018-09-26,0.0030317408347264076,0,0,0
2018-09-27,-0.015059377238767109,0,0,0
2018-09-28,0.004025307332837969,0,0,0
2018-10-08,-0.012705917397143829,0,0,0
2018-10-09,0.021467043811024097,0,1,1
2018-10-10,0.006991714044925312,0,0,0
2018-10-11,-0.027200226299156485,1,0,-1
2018-10-12,0.0221029904186477,0,1,1
2018-10-15,-0.014008901133672922,0,0,0
2018-10-16,-0.017718428387587127,1,0,-1
2018-10-17,0.007493587691133453,0,0,0
2018-10-18,-0.01958159297097588,1,0,-1
2018-10-19,0.022486038811765113,0,1,1
2018-10-22,0.007512315017466559,0,0,0
2018-10-23,-0.014497209539417525,0,0,0
2018-10-24,0.004952668535847707,0,0,0
2018-10-25,-0.011594615203888112,0,0,0
2018-10-26,-0.027118622358343444,1,0,-1
2018-10-29,-0.011138227745584301,0,0,0
2018-10-30,0.0018311297079911873,0,0,0
2018-10-31,-0.0064236774543889215,0,0,0
2018-11-01,-0.010591903228829597,0,0,0
2018-11-02,0.019958699466700383,0,1,1
2018-11-05,-0.01367228725584767,0,0,0
2018-11-06,0.011338800679826204,0,0,0
2018-11-07,-0.013601477773946446,0,0,0
2018-11-08,0.00041177682278355394,0,0,0
2018-11-09,-0.008786948561198852,0,0,0
2018-11-12,-0.017386277917441063,1,0,-1
2018-11-13,0.005583958037632549,0,0,0
2018-11-14,-0.013326479613178115,0,0,0
2018-11-15,0.014061657927023977,0,0,0
2018-11-16,-0.012359529856493502,0,0,0
2018-11-19,-0.009397762458771273,0,0,0
2018-11-20,0.0011795615543850804,0,0,0
2018-11-21,-0.01577047158479592,0,0,0
2018-11-22,-0.01635512006133214,0,0,0
2018-11-23,-0.02091214032054365,1,0,-1
2018-11-26,0.008999948249866172,0,0,0
2018-11-27,-0.006742356140764117,0,0,0
2018-11-28,0.00976164834219303,0,0,0
2018-11-29,0.004011594414826839,0,0,0
2018-11-30,0.01555893455820669,0,0,0
2018-12-03,0.005132976922857257,0,0,0
2018-12-04,0.0023936471008778235,0,0,0
2018-12-05,-0.011915964989501118,0,0,0
2018-12-06,-0.0036357666888878577,0,0,0
2018-12-07,-0.009871967477741448,0,0,0
2018-12-10,-0.004468781875397458,0,0,0
2018-12-11,-0.005389032914185105,0,0,0
2018-12-12,0.0005627145497650054,0,0,0
2018-12-13,0.006504452673327581,0,0,0
2018-12-14,-0.004481298111145749,0,0,0
2018-12-17,0.02066969909078624,0,1,1
2018-12-18,-0.0034154167503731834,0,0,0
2018-12-19,-0.013667638728663757,0,0,0
2018-12-20,0.007801220886074893,0,0,0
2018-12-21,-0.0036701370229920076,0,0,0
2018-12-24,0.006109433054551522,0,0,0
2018-12-25,-0.015850315091565204,0,0,0
2018-12-26,-0.011428695823622744,0,0,0
2018-12-27,0.0010237161788086264,0,0,0
2018-12-28,0.0012497871308075898,0,0,0
2019-01-02,-0.020534131296412468,1,0,-1
2019-01-03,0.0239347240089574,0,1,1
2019-01-04,0.01772141486662906,0,1,1
2019-01-07,0.00973566711758004,0,0,0
2019-01-08,0.0,0,0,0
2019-01-09,0.005599180242730778,0,0,0
2019-01-10,0.002405687327512972,0,0,0
2019-01-11,0.0017459629053378492,0,0,0
2019-01-14,-0.00021807872728455503,0,0,0
2019-01-15,0.004026778037335323,0,0,0
2019-01-16,0.01252040100884774,0,0,0
2019-01-17,-0.004407424495572553,0,0,0
2019-01-18,0.013483350337286988,0,0,0
2019-01-21,0.009520858970659036,0,0,0
2019-01-22,-0.009946119449107024,0,0,0
2019-01-23,-0.003942256450829534,0,0,0
2019-01-24,-0.000854427051874102,0,0,0
2019-01-25,0.013373156211858127,0,0,0
2019-01-28,0.0021063725534149593,0,0,0
2019-01-29,0.0013667667585263049,0,0,0
2019-01-30,0.02387739306404117,0,1,1
2019-01-31,0.003584049712332083,0,0,0
2019-02-01,0.016423726830643783,0,0,0
2019-02-11,0.00900906994236591,0,0,0
2019-02-12,-0.011727694181359303,0,0,0
2019-02-13,-0.008403836225919736,0,0,0
2019-02-14,0.005475576446831286,0,0,0
2019-02-15,-0.02291191562755956,1,0,-1
2019-02-18,0.017842967223334175,0,1,1
2019-02-19,0.007795534289315695,0,0,0
2019-02-20,0.015510392493063406,0,0,0
2019-02-21,0.0026773777707163942,0,0,0
2019-02-22,0.016889639503742934,0,1,1
2019-02-25,0.0010705076201145294,0,0,0
2019-02-26,-0.008890684325948073,0,0,0
2019-02-27,-0.006992002487010564,0,0,0
2019-02-28,0.014714803468535051,0,0,0
2019-03-01,0.019766347641138035,0,1,1
2019-03-04,0.0016217508920524498,0,0,0
2019-03-05,0.007218190709545346,0,0,0
2019-03-06,0.00349535096788544,0,0,0
2019-03-07,-0.018368348934163274,1,0,-1
2019-03-08,-0.019495307316041707,1,0,-1
2019-03-11,0.0014680697522911604,0,0,0
2019-03-12,0.0027346437590888345,0,0,0
2019-03-13,-0.015034921840740416,0,0,0
2019-03-14,0.004839754619467352,0,0,0
2019-03-15,-0.009404613196297594,0,0,0
2019-03-18,-0.00478565220437019,0,0,0
2019-03-19,0.022041910408857095,0,1,1
2019-03-20,0.0038054395340236845,0,0,0
2019-03-21,-0.004294365373715034,0,0,0
2019-03-22,-0.017165263130094227,1,0,-1
2019-03-25,-0.013019713208303318,0,0,0
2019-03-26,0.005428785827149313,0,0,0
2019-03-27,0.01186040713279158,0,0,0
2019-03-28,-0.007458639321297367,0,0,0
2019-03-29,0.004183689736168062,0,0,0
2019-04-01,0.024838070662338802,0,1,1
2019-04-02,-0.008765151559054923,0,0,0
2019-04-03,0.014951734848264297,0,0,0
2019-04-04,-0.008905295518220814,0,0,0
2019-04-08,-0.00048626307790143364,0,0,0
2019-04-09,0.004271021829348368,0,0,0
2019-04-10,0.000677802010941025,0,0,0
2019-04-11,-0.006311619729196987,0,0,0
2019-04-12,-0.01828420149488892,1,0,-1
2019-04-15,0.0027739268827252244,0,0,0
2019-04-16,0.011704092297927998,0,0,0
2019-04-17,-0.012594872779455922,0,0,0
2019-04-18,-0.02151912091805619,1,0,-1
2019-04-19,0.003938006805740756,0,0,0
2019-04-22,-0.006876354327420986,0,0,0
2019-04-23,-0.0011168080758740615,0,0,0
2019-04-24,-0.008672196369485382,0,0,0
2019-04-25,0.0011265298953673085,0,0,0
2019-04-26,0.0007162224688427335,0,0,0
2019-04-29,0.00703259281247457,0,0,0
2019-04-30,-0.0066235530276530135,0,0,0
2019-05-06,-0.02274940420504683,1,0,-1
2019-05-07,0.008954662085107479,0,0,0
2019-05-08,-0.001556097621951338,0,0,0
2019-05-09,-0.012431604342145224,0,0,0
2019-05-10,0.016265607277090578,0,0,0
2019-05-13,-0.0016561436349324726,0,0,0
2019-05-14,-0.008113212799768395,0,0,0
2019-05-15,0.01533867776081031,0,0,0
2019-05-16,0.006356388020519467,0,0,0
2019-05-17,0.00030654473238568987,0,0,0
2019-05-20,-0.0056349721360686765,0,0,0
2019-05-21,0.007880100132915084,0,0,0
2019-05-22,-0.006032429724289728,0,0,0
2019-05-23,-0.00896220266052284,0,0,0
2019-05-24,0.034077446801253096,0,1,1
2019-05-27,0.006678320360455923,0,0,0
2019-05-28,-0.003184082292107031,0,0,0
2019-05-29,-0.016682127394950914,0,0,0
2019-05-30,-0.00497791447995715,0,0,0
2019-05-31,0.0008144151931365547,0,0,0
2019-06-03,-0.012801649557265038,0,0,0
2019-06-04,-0.003200333088198644,0,0,0
2019-06-05,-0.003729414868496462,0,0,0
2019-06-06,-0.006769096401466818,0,0,0
2019-06-10,0.005522860909400941,0,0,0
2019-06-11,0.010543823130246106,0,0,0
2019-06-12,0.0014385534745521898,0,0,0
2019-06-13,0.025946524973301105,0,1,1
2019-06-14,0.001099945113649902,0,0,0
2019-06-17,-0.0063161270680768145,0,0,0
2019-06-18,-0.005041349656851032,0,0,0
2019-06-19,0.0013131978249603929,0,0,0
2019-06-20,0.008243738251480892,0,0,0
2019-06-21,-0.015843714032739556,0,0,0
2019-06-24,0.0036551974902423196,0,0,0
2019-06-25,0.009682375187689492,0,0,0
2019-06-26,0.0044066170455997755,0,0,0
2019-06-27,0.012315181963221398,0,0,0
2019-06-28,0.0017751483951408391,0,0,0
2019-07-01,-0.01809554248136194,1,0,-1
2019-07-02,-0.0219097921323372,1,0,-1
2019-07-03,-0.0024643199656787093,0,0,0
2019-07-04,0.005638438229862172,0,0,0
2019-07-05,0.002144499162423679,0,0,0
2019-07-08,0.02319119866388672,0,1,1
2019-07-09,-0.003894747021462402,0,0,0
2019-07-10,0.020500841778368535,0,1,1
2019-07-11,0.01508030718890945,0,0,0
2019-07-12,0.0027000980724430565,0,0,0
2019-07-15,0.01992724565262476,0,1,1
2019-07-16,0.03278068710736737,0,1,1
2019-07-17,0.014331311042722308,0,0,0
2019-07-18,0.05108614036779654,0,1,1
2019-07-19,0.01030103179272736,0,0,0
2019-07-22,-0.03956294160597074,1,0,-1
2019-07-23,-0.004503915415931513,0,0,0
2019-07-24,-0.0058588716196150414,0,0,0
2019-07-25,-0.020508004221127238,1,0,-1
2019-07-26,0.010846093309390384,0,0,0
2019-07-29,-0.01622220539689212,0,0,0
2019-07-30,0.02810742639784065,0,1,1
2019-07-31,-0.002757640852659434,0,0,0
2019-08-01,0.0029352923009858924,0,0,0
2019-08-02,0.01821832566519755,0,1,1
2019-08-05,0.028798139157420754,0,1,1
2019-08-06,0.004987119925967808,0,0,0
2019-08-07,-0.017865213557869845,1,0,-1
2019-08-08,0.06954207686923854,0,1,1
2019-08-09,0.011147499783084852,0,0,0
2019-08-12,-0.042955606979310494,1,0,-1
2019-08-13,0.027635750986881414,0,1,1
2019-08-14,-0.0012873121095472488,0,0,0
2019-08-15,-0.0041144021576601545,0,0,0
2019-08-16,0.018501989483159523,0,1,1
2019-08-19,-0.0007939028679925839,0,0,0
2019-08-20,-0.020217295103166773,1,0,-1
2019-08-21,0.0036403389309746727,0,0,0
2019-08-22,-0.007375322162167323,0,0,0
2019-08-23,0.008101802397533102,0,0,0
2019-08-26,0.0014513790646469855,0,0,0
2019-08-27,0.011774736544533537,0,0,0
2019-08-28,0.002306622617450313,0,0,0
2019-08-29,0.011611046285465613,0,0,0
2019-08-30,0.026426428356153102,0,1,1
2019-09-02,0.04640180944839961,0,1,1
2019-09-03,0.06883709611472266,0,1,1
2019-09-04,0.0008856491364742669,0,0,0
2019-09-05,-0.02740654051644012,1,0,-1
2019-09-06,-0.03048518304747783,1,0,-1
2019-09-09,0.020567746390131928,0,1,1
2019-09-10,0.01835042387399986,0,1,1
2019-09-11,-0.0006248047688420847,0,0,0
2019-09-12,0.005056638073512487,0,0,0
2019-09-16,-0.05124602054288717,1,0,-1
2019-09-17,-0.017534655634758235,1,0,-1
2019-09-18,0.01038186256663861,0,0,0
2019-09-19,-0.0007327618119330059,0,0,0
2019-09-20,0.014192894454719752,0,0,0
2019-09-23,0.0031748349057249253,0,0,0
2019-09-24,-0.001586157506306739,0,0,0
2019-09-25,-0.01827698599310476,1,0,-1
2019-09-26,0.0036675754453368713,0,0,0
2019-09-27,0.01012574668699892,0,0,0
2019-09-30,-0.003557818238309061,0,0,0
2019-10-08,-0.0037165282349033288,0,0,0
2019-10-09,-0.0010957304138778706,0,0,0
2019-10-10,0.0050304484020014945,0,0,0
2019-10-11,0.0009449391944261678,0,0,0
2019-10-14,-0.013679303317089725,0,0,0
2019-10-15,-0.02876659936084637,1,0,-1
2019-10-16,0.004386967174933421,0,0,0
2019-10-17,-0.028710105882431367,1,0,-1
2019-10-18,0.00426274623396624,0,0,0
2019-10-21,-0.022762921118776976,1,0,-1
2019-10-22,-0.005553806722288756,0,0,0
2019-10-23,0.033485096656751,0,1,1
2019-10-24,0.023646796556779003,0,1,1
2019-10-25,0.0019518060396379862,0,0,0
2019-10-28,-0.009494457578041397,0,0,0
2019-10-29,0.004230891775112216,0,0,0
2019-10-30,0.011394426127968548,0,0,0
2019-10-31,-0.003434633407055949,0,0,0
2019-11-01,0.006411712116740344,0,0,0
2019-11-04,-0.002455449725093144,0,0,0
2019-11-05,-0.023060554672490453,1,0,-1
2019-11-06,-0.00650122753326466,0,0,0
2019-11-07,0.00962206736406203,0,0,0
2019-11-08,-0.007705550237904626,0,0,0
2019-11-11,-0.047844758407061004,1,0,-1
2019-11-12,-0.022094961050187042,1,0,-1
2019-11-13,-0.005518277809181264,0,0,0
2019-11-14,0.003956483895074507,0,0,0
2019-11-15,-0.02574820408192461,1,0,-1
2019-11-18,-0.0077109224159511046,0,0,0
2019-11-19,-0.018891168014077638,1,0,-1
2019-11-20,-0.01625483661518163,0,0,0
2019-11-21,0.0044833269241710645,0,0,0
2019-11-22,-0.007129998076545841,0,0,0
2019-11-25,0.0075684599593102,0,0,0
2019-11-26,0.0009639399598430959,0,0,0
2019-11-27,-0.0014901172937402997,0,0,0
2019-11-28,-0.021904835388049864,1,0,-1
2019-11-29,-0.019922781560052068,1,0,-1
2019-12-02,-0.011499137794449986,0,0,0
2019-12-03,0.0014792902105891243,0,0,0
2019-12-04,-0.03976779551760615,1,0,-1
2019-12-05,-0.0007693787646305629,0,0,0
2019-12-06,0.02188687614782788,0,1,1
2019-12-09,-0.01450606142875302,0,0,0
2019-12-10,0.004288375562309857,0,0,0
2019-12-11,0.026555630382987847,0,1,1
2019-12-12,0.020167518255017263,0,1,1
2019-12-13,0.00705374601278674,0,0,0
2019-12-16,-0.002255402643112916,0,0,0
2019-12-17,0.005045055745827997,0,0,0
2019-12-18,-0.022905927850917548,1,0,-1
2019-12-19,0.019304915677323165,0,1,1
2019-12-20,0.00745769214116395,0,0,0
2019-12-23,0.01774512005387444,0,1,1
2019-12-24,-0.007857719324801404,0,0,0
2019-12-25,-0.006491508278826001,0,0,0
2019-12-26,0.0024948778868069585,0,0,0
2019-12-27,-0.021407545350785706,1,0,-1
2019-12-30,0.015606288507950632,0,0,0
2019-12-31,0.0036631713958134087,0,0,0
2020-01-02,-0.00733981096765491,0,0,0
2020-01-03,-0.03204144303023761,1,0,-1
2020-01-06,0.0036112822245852744,0,0,0
2020-01-07,0.011030537432217468,0,0,0
2020-01-08,-0.0014637272762476148,0,0,0
2020-01-09,0.02092752010595582,0,1,1
2020-01-10,0.0034904049397685676,0,0,0
2020-01-13,0.011370825188841995,0,0,0
2020-01-14,-0.038814471151103244,1,0,-1
2020-01-15,0.002201431819171033,0,0,0
2020-01-16,0.01878884407266462,0,1,1
2020-01-17,-0.025223281200285823,1,0,-1
2020-01-20,-0.003140299985302191,0,0,0
2020-01-21,-0.006403437035206913,0,0,0
2020-01-22,0.00862114261979722,0,0,0
2020-01-23,-0.024764149208496827,1,0,-1
2020-02-03,-0.03367645539713828,1,0,-1
2020-02-04,0.021587402358288692,0,1,1
2020-02-05,0.006776451605333214,0,0,0
2020-02-06,-0.0005708848870556466,0,0,0
2020-02-07,0.0018066852249490513,0,0,0
2020-02-10,-0.007724991923058095,0,0,0
2020-02-11,0.016521454413179433,0,0,0
2020-02-12,-0.010032262828014653,0,0,0
2020-02-13,0.004744742247331358,0,0,0
2020-02-14,-0.009320972943062104,0,0,0
2020-02-17,0.005336903928187641,0,0,0
2020-02-18,-0.001141226942691256,0,0,0
2020-02-19,-0.012254820672351134,0,0,0
2020-02-20,0.0025975289990957775,0,0,0
2020-02-21,-0.01676152209695125,0,0,0
2020-02-24,0.0036085278343525244,0,0,0
2020-02-25,0.0024308437270083253,0,0,0
2020-02-26,-0.019119166628752928,1,0,-1
2020-02-27,0.0008905160634011658,0,0,0
2020-02-28,-0.02098817796888442,1,0,-1
2020-03-02,0.03444680245405542,0,1,1
2020-03-03,0.0037983975544597865,0,0,0
2020-03-04,-0.0005834305883115679,0,0,0
2020-03-05,0.005722337519701706,0,0,0
2020-03-06,-0.003681817936889552,0,0,0
2020-03-09,-0.03366058298036485,1,0,-1
2020-03-10,0.04514553284726186,0,1,1
2020-03-11,-0.018009781897037596,1,0,-1
2020-03-12,-0.017643747825306557,1,0,-1
2020-03-13,-0.012608993230865085,0,0,0
2020-03-16,0.0010065426114014722,0,0,0
2020-03-17,0.0015079168476769278,0,0,0
2020-03-18,-0.04625696157576707,1,0,-1
2020-03-19,0.002101945072372136,0,0,0
2020-03-20,0.006279455484843101,0,0,0
2020-03-23,-0.04186583595115323,1,0,-1
2020-03-24,-0.002505311478690818,0,0,0
2020-03-25,0.002178887450984148,0,0,0
2020-03-26,-0.0033793022838441607,0,0,0
2020-03-27,0.020106611850967574,0,1,1
2020-03-30,-0.0024645070068512417,0,0,0
2020-03-31,-0.014915970447634928,0,0,0
2020-04-01,0.009213657938744615,0,0,0
2020-04-02,0.0023709462556173173,0,0,0
2020-04-03,-0.0028026319951077582,0,0,0
2020-04-07,0.007420585752970257,0,0,0
2020-04-08,0.020993137371879127,0,1,1
2020-04-09,-0.003573684694673298,0,0,0
2020-04-10,0.024340706579036538,0,1,1
2020-04-13,-0.009084402311604603,0,0,0
2020-04-14,0.007541747611678678,0,0,0
2020-04-15,0.0008230453139508139,0,0,0
2020-04-16,-0.01533708819820493,0,0,0
2020-04-17,0.03297171265888207,0,1,1
2020-04-20,0.030450113778613952,0,1,1
2020-04-21,-0.01093876391435675,0,0,0
2020-04-22,-0.02803499355445471,1,0,-1
2020-04-23,0.015370916440401443,0,0,0
2020-04-24,0.0021051584136595677,0,0,0
2020-04-27,0.017077460300635783,0,1,1
2020-04-28,-0.00979381622685212,0,0,0
2020-04-29,-0.004383787034419574,0,0,0
2020-04-30,-0.0019990011654182037,0,0,0
2020-05-06,0.013909811951599868,0,0,0
2020-05-07,0.0053139270881848305,0,0,0
2020-05-08,-0.0016698594322750975,0,0,0
2020-05-11,-0.001081985056128821,0,0,0
2020-05-12,-0.005625477455554362,0,0,0
2020-05-13,0.000989217609601323,0,0,0
2020-05-14,0.0002965745659621598,0,0,0
2020-05-15,-0.017650156555270722,1,0,-1
2020-05-18,0.004617091409934803,0,0,0
2020-05-19,0.02198761452401649,0,1,1
2020-05-20,0.004886162364642604,0,0,0
2020-05-21,0.024364438874140592,0,1,1
2020-05-22,-0.052240119463481983,1,0,-1
2020-05-25,0.010073390920530159,0,0,0
2020-05-26,0.0024778247475954747,0,0,0
2020-05-27,-0.010148331051815196,0,0,0
2020-05-28,0.00727348396649847,0,0,0
2020-05-29,-0.006473803795934064,0,0,0
2020-06-01,0.031183365682486426,0,1,1
2020-06-02,-0.00038748426330015144,0,0,0
2020-06-03,0.002515968039017309,0,0,0
2020-06-04,-0.012447889992741558,0,0,0
2020-06-05,0.01553580135307994,0,0,0
2020-06-08,-0.00019271536001055692,0,0,0
2020-06-09,0.0089222062593042,0,0,0
2020-06-10,-0.01462408205998732,0,0,0
2020-06-11,-0.0131702796329298,0,0,0
2020-06-12,-0.0008842167889551557,0,0,0
2020-06-15,-0.014354550294502024,0,0,0
2020-06-16,0.03276087409600902,0,1,1
2020-06-17,-0.0014485058782976324,0,0,0
2020-06-18,-0.0022251254766862227,0,0,0
2020-06-19,0.009158897478124326,0,0,0
2020-06-22,-0.022712807862808007,1,0,-1
2020-06-23,-0.003048033430064891,0,0,0
2020-06-24,0.00481360524721704,0,0,0
2020-06-29,0.00848992657438974,0,0,0
2020-06-30,0.0026202159685034935,0,0,0
2020-07-01,-0.009152045187279214,0,0,0
2020-07-02,0.0092489584983982,0,0,0
2020-07-03,0.025356570679077237,0,1,1
2020-07-06,0.011927823969838052,0,0,0
2020-07-07,-0.0003735176063596437,0,0,0
2020-07-08,0.004287052232256172,0,0,0
2020-07-09,0.000929540873771959,0,0,0
2020-07-10,-0.020462512351423295,1,0,-1
2020-07-13,0.02860542770733272,0,1,1
2020-07-14,0.004964158015521751,0,0,0
2020-07-15,-0.004411366403877309,0,0,0
2020-07-16,-0.02235354321827909,1,0,-1
2020-07-17,0.0014118313795082288,0,0,0
2020-07-20,-0.00670035064660685,0,0,0
2020-07-21,0.003402971428361618,0,0,0
2020-07-22,0.006302640683708595,0,0,0
2020-07-23,-0.005642294449628395,0,0,0
2020-07-24,0.014790122640448725,0,0,0
2020-07-27,0.023145779773061922,0,1,1
2020-07-28,-0.012792572116560779,0,0,0
2020-07-29,0.006964837538780885,0,0,0
2020-07-30,0.0166640334988061,0,0,0
2020-07-31,-0.008116195693408077,0,0,0
2020-08-03,-0.012757599673676496,0,0,0
2020-08-04,0.01655335660338141,0,0,0
2020-08-05,0.01903117522949632,0,1,1
2020-08-06,0.013624787744556445,0,0,0
2020-08-07,0.004703431717635878,0,0,0
2020-08-10,-0.016648066968969425,0,0,0
2020-08-11,-0.009320559241588443,0,0,0
2020-08-12,0.0015149492716080466,0,0,0
2020-08-13,0.002312551061736095,0,0,0
2020-08-14,0.013588844061896359,0,0,0
2020-08-17,0.01608380683351077,0,0,0
2020-08-18,0.0029280076034111065,0,0,0
2020-08-19,0.0004298671776635698,0,0,0
2020-08-20,-0.0018066852249490357,0,0,0
2020-08-21,-0.005786103624878893,0,0,0
2020-08-24,0.01589585388484138,0,0,0
2020-08-25,0.0009372471184109942,0,0,0
2020-08-26,0.019064263590127306,0,1,1
2020-08-27,-0.002091088545831576,0,0,0
2020-08-28,0.007673738548745329,0,0,0
2020-08-31,0.00736788796052155,0,0,0
2020-09-01,0.015062498264238652,0,0,0
2020-09-02,-0.007339183232220143,0,0,0
2020-09-03,-0.017920294578270945,1,0,-1
2020-09-04,-0.006352942874899444,0,0,0
2020-09-07,-0.0014265936208749698,0,0,0
2020-09-08,0.004440913913797709,0,0,0
2020-09-09,-0.03194019918298817,1,0,-1
2020-09-10,-0.0006907866607481408,0,0,0
2020-09-11,0.0032769949987810952,0,0,0
2020-09-14,0.022727283711177305,0,1,1
2020-09-15,-0.0002525146261471204,0,0,0
2020-09-16,-0.01057852711694383,0,0,0
2020-09-17,-0.015950942774049872,0,0,0
2020-09-18,0.009292787575459415,0,0,0
2020-09-21,-0.02208168692339832,1,0,-1
2020-09-22,-0.0071174677688639896,0,0,0
2020-09-23,-0.004064687048961021,0,0,0
2020-09-24,-0.007108613549164173,0,0,0
2020-09-25,0.013023439886286604,0,0,0
2020-09-28,-0.001233045778915089,0,0,0
2020-09-29,0.0033433077068505566,0,0,0
2020-09-30,-0.01906508643459355,1,0,-1
2020-10-09,0.03725610983643168,0,1,1
2020-10-12,0.009784645912098228,0,0,0
2020-10-13,0.0001708087799865583,0,0,0
2020-10-14,-0.0005979584169968078,0,0,0
2020-10-15,0.007067167223092353,0,0,0
2020-10-16,0.013400394362051302,0,0,0
2020-10-19,-0.00016744809148301078,0,0,0
2020-10-20,0.006426596420771655,0,0,0
2020-10-21,0.012648455320397796,0,0,0
2020-10-22,-0.015481082391465818,0,0,0
2020-10-23,-0.00016687526112987895,0,0,0
2020-10-26,-0.01649036189941535,0,0,0
2020-10-27,0.012728287487802952,0,0,0
2020-10-28,0.04759688232355942,0,1,1
2020-10-29,-0.02909089798889261,1,0,-1
2020-10-30,-0.03889844967708393,1,0,-1
2020-11-02,-0.011088779974082206,0,0,0
2020-11-03,0.0047428192212299715,0,0,0
2020-11-04,0.0006879945231818285,0,0,0
2020-11-05,0.0005156854433147274,0,0,0
2020-11-06,-0.0036153951750691055,0,0,0
2020-11-09,0.016845924048423937,0,0,0
2020-11-10,8.479247047949995e-05,0,0,0
2020-11-11,0.0017789830605588043,0,0,0
2020-11-12,0.007252519561431672,0,0,0
2020-11-13,-0.0036196849151268642,0,0,0
2020-11-16,0.013901907165497383,0,0,0
2020-11-17,-0.0350378567408732,1,0,-1
2020-11-18,0.0015491869868293187,0,0,0
2020-11-19,0.0016326534238853118,0,0,0
2020-11-20,0.003685139363462328,0,0,0
2020-11-23,0.024337858358293694,0,1,1
2020-11-24,0.011785346798897697,0,0,0
2020-11-25,-0.012787685673328386,0,0,0
2020-11-26,0.009067904570796263,0,0,0
2020-11-27,0.017241806434505954,0,1,1
2020-11-30,-0.007270976847134138,0,0,0
2020-12-01,-0.02255485331018332,1,0,-1
2020-12-02,0.004100938918881478,0,0,0
2020-12-03,-0.018375432742673687,1,0,-1
2020-12-04,0.0016999579104486008,0,0,0
2020-12-07,0.027144164656859288,0,1,1
2020-12-08,0.004124057313264327,0,0,0
2020-12-09,0.0016448724820579456,0,0,0
2020-12-10,0.01541189228412489,0,0,0
2020-12-11,0.04485979375570511,0,1,1
2020-12-14,0.012914315851123378,0,0,0
2020-12-15,0.004191919556356799,0,0,0
2020-12-16,-0.016178232866208064,0,0,0
2020-12-17,0.00831349565292692,0,0,0
2020-12-18,0.010295610485669368,0,0,0
2020-12-21,0.009439375355291279,0,0,0
2020-12-22,-0.056508714468783174,1,0,-1
2020-12-23,-0.013854075440234002,0,0,0
2020-12-24,0.009070903055536426,0,0,0
2020-12-25,0.018840104471687383,0,1,1
2020-12-28,0.0021933269015294967,0,0,0
2020-12-29,-0.00793436740357782,0,0,0
2020-12-30,-0.012220434574882446,0,0,0
2020-12-31,-0.013423020332140661,0,0,0
2021-01-04,0.03678082493177585,0,1,1
2021-01-05,0.010628906457201865,0,0,0
2021-01-06,-0.0008492569512552504,0,0,0
2021-01-07,0.028927951521079635,0,1,1
2021-01-08,-0.0058699747116037915,0,0,0
2021-01-11,-0.03846924073000085,1,0,-1
2021-01-12,0.018880946263337008,0,1,1
2021-01-13,0.009651549452221598,0,0,0
2021-01-14,0.007367215184708701,0,0,0
2021-01-15,0.0018144708992672378,0,0,0
2021-01-18,0.01900401349313035,0,1,1
2021-01-19,-0.010954317967235507,0,0,0
2021-01-20,0.004187235069564104,0,0,0
2021-01-21,0.012383829612836766,0,0,0
2021-01-22,-0.017170674953701285,1,0,-1
2021-01-25,0.018937850142996322,0,1,1
2021-01-26,-0.015644433992485652,0,0,0
2021-01-27,-0.0009719263596396937,0,0,0
2021-01-28,-0.018191240213195688,1,0,-1
2021-01-29,-0.0054229653618882235,0,0,0
2021-02-01,0.01648284629783159,0,0,0
2021-02-02,-0.013118671552199637,0,0,0
2021-02-03,-0.010589417553627816,0,0,0
2021-02-04,0.00668898815079671,0,0,0
2021-02-05,0.017847445443074386,0,1,1
2021-02-08,0.0052552673501472845,0,0,0
2021-02-09,0.012648978170621128,0,0,0
2021-02-10,0.007146308086581487,0,0,0
2021-02-18,0.017248708267538895,0,1,1
2021-02-19,0.0386405274498264,0,1,1
2021-02-22,0.015020263093250271,0,0,0
2021-02-23,-0.008653900160981633,0,0,0
2021-02-24,-0.018308262591681064,1,0,-1
2021-02-25,0.018446212653977237,0,1,1
2021-02-26,-0.03152846266154228,1,0,-1
2021-03-01,-0.013255666456209462,0,0,0
2021-03-02,-0.0031787340737811426,0,0,0
2021-03-03,0.0007233273371430259,0,0,0
2021-03-04,-0.05797538649127624,1,0,-1
2021-03-05,-0.06948009021673708,1,0,-1
2021-03-08,0.0026248887190090634,0,0,0
2021-03-09,-0.023456381871837524,1,0,-1
2021-03-10,0.004434968149544776,0,0,0
2021-03-11,0.02286427033809308,0,1,1
2021-03-12,-0.013060270241472275,0,0,0
2021-03-15,0.008561837104609987,0,0,0
2021-03-16,-0.012704345099765849,0,0,0
2021-03-17,-0.0023273221376720076,0,0,0
2021-03-18,0.0029083073388921957,0,0,0
2021-03-19,0.0007464853330511067,0,0,0
2021-03-22,0.01742462101426537,0,1,1
2021-03-23,0.01608440414010416,0,0,0
2021-03-24,-0.03176939003892587,1,0,-1
2021-03-25,-0.007643772677126599,0,0,0
2021-03-26,0.027069816940414226,0,1,1
2021-03-29,0.004535522474916943,0,0,0
2021-03-30,-0.002022245380767809,0,0,0
2021-03-31,-0.023347363996991177,1,0,-1
2021-04-01,0.0029793947389203886,0,0,0
2021-04-02,0.020125024769691108,0,1,1
2021-04-06,0.012955321009988306,0,0,0
2021-04-07,0.007328374361837434,0,0,0
2021-04-08,0.005461250662483837,0,0,0
2021-04-09,-0.0041129536743120835,0,0,0
2021-04-12,-0.031480279339070556,1,0,-1
2021-04-13,-0.004426599571809001,0,0,0
2021-04-14,-0.0016444667412529386,0,0,0
2021-04-15,-0.0013999261149070367,0,0,0
2021-04-16,0.017481248957120648,0,1,1
2021-04-19,-0.0171516782200188,1,0,-1
2021-04-20,-0.003548590478489358,0,0,0
2021-04-21,-0.0009098052817308278,0,0,0
2021-04-22,-0.008893380313175638,0,0,0
2021-04-23,0.003833018608402729,0,0,0
2021-04-26,0.02391337912182776,0,1,1
2021-04-27,0.02731337945279673,0,1,1
2021-04-28,0.006065637566000498,0,0,0
2021-04-29,0.02013673482802355,0,1,1
2021-04-30,0.011403330242178766,0,0,0
2021-05-06,0.006144995249885304,0,0,0
2021-05-07,0.010906874077949599,0,0,0
2021-05-10,-0.0038977637234404432,0,0,0
2021-05-11,-0.01102563653781252,0,0,0
2021-05-12,0.00907104262128763,0,0,0
2021-05-13,-0.03141619623337893,1,0,-1
2021-05-14,-7.765482434503165e-05,0,0,0
2021-05-17,0.015565116215368583,0,0,0
2021-05-18,0.02759939921381267,0,1,1
2021-05-19,-0.012272847302714275,0,0,0
2021-05-20,-0.03462620915091047,1,0,-1
2021-05-21,-0.0318367084433456,1,0,-1
2021-05-24,-0.003143262712901188,0,0,0
2021-05-25,0.010758835212162424,0,0,0
2021-05-26,0.0015959147977103237,0,0,0
2021-05-27,0.007941591929277816,0,0,0
2021-05-28,0.045537957010167024,0,1,1
2021-05-31,0.00437406428909683,0,0,0
2021-06-01,0.015160291850033203,0,0,0
2021-06-02,-0.00990660219172879,0,0,0
2021-06-03,-0.003374201829163159,0,0,0
2021-06-04,-0.013535690041008724,0,0,0
2021-06-07,-0.013953001589384303,0,0,0
2021-06-08,0.004237131257335861,0,0,0
2021-06-09,0.020694591242832957,0,1,1
2021-06-10,-0.012807571531022997,0,0,0
2021-06-11,0.031827350548999746,0,1,1
2021-06-15,-0.021281370634033275,1,0,-1
2021-06-16,-0.03252319170556006,1,0,-1
2021-06-17,-0.004219085874135599,0,0,0
2021-06-18,0.004530903775009432,0,0,0
2021-06-21,0.0046656383235509835,0,0,0
2021-06-22,0.02943075017690641,0,1,1
2021-06-23,0.007130823985849266,0,0,0
2021-06-24,0.008342071317395273,0,0,0
2021-06-25,0.020192323047611385,0,1,1
2021-06-28,7.268762496394753e-05,0,0,0
2021-06-29,-0.014791219359017475,0,0,0
2021-06-30,0.018274026536478995,0,1,1
2021-07-01,-0.02917715698377883,1,0,-1
2021-07-02,-0.0006714163406393049,0,0,0
2021-07-05,0.021410932343491864,0,1,1
2021-07-06,0.00814786989805246,0,0,0
2021-07-07,-0.018574574242884775,1,0,-1
2021-07-08,0.01152179479922373,0,0,0
2021-07-09,0.020653535996399658,0,1,1
2021-07-12,-0.005878153126155725,0,0,0
2021-07-13,0.010086283154761778,0,0,0
2021-07-14,-0.0038508212743131836,0,0,0
2021-07-15,-0.006307360359826601,0,0,0
2021-07-16,0.01633125973928049,0,0,0
2021-07-19,0.007189204913962124,0,0,0
2021-07-20,-0.025319608746192216,1,0,-1
2021-07-21,-0.014510883654992274,0,0,0
2021-07-22,0.015878528280621165,0,0,0
2021-07-23,0.030043353513965337,0,1,1
2021-07-26,0.017025810954057894,0,1,1
2021-07-27,-0.006609773444821344,0,0,0
2021-07-28,0.012494155802162418,0,0,0
2021-07-29,0.006256821282170329,0,0,0
2021-07-30,-0.004076092600042942,0,0,0
2021-08-02,-0.004297854280834652,0,0,0
2021-08-03,-0.027727568235921308,1,0,-1
2021-08-04,0.008678058519764826,0,0,0
2021-08-05,-0.006501473493358111,0,0,0
2021-08-06,0.018139983806114018,0,1,1
2021-08-09,-0.03483061171677476,1,0,-1
2021-08-10,-0.0007134194495354916,0,0,0
2021-08-11,0.0017825952169485927,0,0,0
2021-08-12,0.04424421496192012,0,1,1
2021-08-13,0.0006132252432142669,0,0,0
2021-08-16,-0.00402689688619914,0,0,0
2021-08-17,-0.0026022064947622183,0,0,0
2021-08-18,-0.024502353674839005,1,0,-1
2021-08-19,-0.007688818607367836,0,0,0
2021-08-20,-0.008605109458366867,0,0,0
2021-08-23,0.011221708667045456,0,0,0
2021-08-24,0.005072219398689168,0,0,0
2021-08-25,0.014787184417506797,0,0,0
2021-08-26,-0.015560443743934898,0,0,0
2021-08-27,-0.0025348556031880663,0,0,0
2021-08-30,0.037635875158870055,0,1,1
2021-08-31,0.010603550536963003,0,0,0
2021-09-01,-0.0040390495839506095,0,0,0
2021-09-02,-0.009216030534511326,0,0,0
2021-09-03,-0.009233044424383104,0,0,0
2021-09-06,0.003840355837713461,0,0,0
2021-09-07,-0.006730332389827288,0,0,0
2021-09-08,0.02079927685381673,0,1,1
2021-09-09,0.01726257238665156,0,1,1
2021-09-10,0.014815085785140682,0,0,0
2021-09-13,-0.026424503605066672,1,0,-1
2021-09-14,-0.016714989055551008,0,0,0
2021-09-15,0.0022494130339532625,0,0,0
2021-09-16,-0.012538275319175458,0,0,0
2021-09-17,-0.010744220086280383,0,0,0
2021-09-22,0.0037562648506434025,0,0,0
2021-09-23,0.010772840874275777,0,0,0
2021-09-24,0.0014413674893233028,0,0,0
2021-09-27,-0.023104368345417577,1,0,-1
2021-09-28,-0.009946119449107024,0,0,0
2021-09-29,-0.011622648573103501,0,0,0
2021-09-30,-0.009801880278868632,0,0,0
2021-10-08,0.02968466265407574,0,1,1
2021-10-11,0.02581863171798708,0,1,1
2021-10-12,-0.008394159650610517,0,0,0
2021-10-13,-0.005890318822089995,0,0,0
2021-10-14,0.0072022471994532995,0,0,0
2021-10-15,0.016900268821790163,0,1,1
2021-10-18,0.0241314746077118,0,1,1
2021-10-19,0.0003310929408121542,0,0,0
2021-10-20,-0.009713335633669024,0,0,0
2021-10-21,0.04125511370698704,0,1,1
2021-10-22,-0.029623597771573657,1,0,-1
2021-10-25,-0.009627908773448211,0,0,0
2021-10-26,0.01772298736667701,0,1,1
2021-10-27,-0.02805102498375156,1,0,-1
2021-10-28,-0.016105815165925297,0,0,0
2021-10-29,-0.012130550568507632,0,0,0
2021-11-01,-0.006888660995185268,0,0,0
2021-11-02,0.0029282597790883597,0,0,0
2021-11-03,0.016570387429554023,0,0,0
2021-11-04,-0.022295460666472196,1,0,-1
2021-11-05,-0.003999023114523628,0,0,0
2021-11-08,0.0034387205364809067,0,0,0
2021-11-09,0.01439774479758999,0,0,0
2021-11-10,-0.012228318844391985,0,0,0
2021-11-11,0.021576108405082124,0,1,1
2021-11-12,-0.002465923573007466,0,0,0
2021-11-15,-0.005570661907619498,0,0,0
2021-11-16,-0.010398707220898622,0,0,0
2021-11-17,-0.003350554579425943,0,0,0
2021-11-18,-0.014082756329355343,0,0,0
2021-11-19,0.044519589070673375,0,1,1
2021-11-22,0.007365644679873427,0,0,0
2021-11-23,0.01337544183097122,0,0,0
2021-11-24,0.013919807827563737,0,0,0
2021-11-25,0.012370754805461426,0,0,0
2021-11-26,-0.03128541168421677,1,0,-1
2021-11-29,-0.003879863051560583,0,0,0
2021-11-30,-0.009495340543179182,0,0,0
2021-12-01,0.008757803213826527,0,0,0
2021-12-02,-0.011468015591641182,0,0,0
2021-12-03,0.010125643418792601,0,0,0
2021-12-06,-0.02193263947769007,1,0,-1
2021-12-07,0.007795977390646044,0,0,0
2021-12-08,0.009491596681571391,0,0,0
2021-12-09,-0.014134510934904806,0,0,0
2021-12-10,-0.006109509307369088,0,0,0
2021-12-13,-0.0004132231463758258,0,0,0
2021-12-14,-0.017231024530852998,1,0,-1
2021-12-15,-0.010426300861323276,0,0,0
2021-12-16,0.012246774687160242,0,0,0
2021-12-17,0.01719995242129789,0,1,1
2021-12-20,-0.023023100036792418,1,0,-1
2021-12-21,0.01369692971487438,0,0,0
2021-12-22,0.012004283510583597,0,0,0
2021-12-23,0.021707540747297114,0,1,1
2021-12-24,-0.0020824244249891912,0,0,0
2021-12-27,-0.005461730983838082,0,0,0
2021-12-28,0.008751318052906293,0,0,0
2021-12-29,0.0010048568924584122,0,0,0
2021-12-30,0.007338258413935398,0,0,0
2021-12-31,0.010775895104119549,0,0,0
2022-01-04,0.003216808944937042,0,0,0
2022-01-05,-0.002690908328030595,0,0,0
2022-01-06,-0.01476408029026835,0,0,0
2022-01-07,0.016930501620109055,0,1,1
2022-01-10,0.01529330558252648,0,0,0
2022-01-11,0.026260272534113997,0,1,1
2022-01-12,0.021040303089468134,0,1,1
2022-01-13,-0.0013560995729218928,0,0,0
2022-01-14,0.03121268619327181,0,1,1
2022-01-17,-0.028379299634953482,1,0,-1
2022-01-18,0.009732287988000509,0,0,0
2022-01-19,-0.0025005349533927385,0,0,0
2022-01-20,0.07367169862075225,0,1,1
2022-01-21,0.00993460417386723,0,0,0
2022-01-24,-0.026061218891343902,1,0,-1
2022-01-25,-0.059378713168326026,1,0,-1
2022-01-26,0.010830650440580108,0,0,0
2022-01-27,-0.008264509849893424,0,0,0
2022-01-28,-0.0007935781633090238,0,0,0
2022-02-07,0.04021845364747225,0,1,1
2022-02-08,0.010561732023076371,0,0,0
2022-02-09,-0.013028548732705375,0,0,0
2022-02-10,0.022330403940773118,0,1,1
2022-02-11,-0.010521544628911172,0,0,0
2022-02-14,0.025532813636280214,0,1,1
2022-02-15,-0.02095216607685429,1,0,-1
2022-02-16,0.0032343796245221925,0,0,0
2022-02-17,-0.002367001653583397,0,0,0
2022-02-18,0.027815985441747557,0,1,1
2022-02-21,0.009176943145559113,0,0,0
2022-02-22,-0.004466037680450308,0,0,0
2022-02-23,-0.01937749527509841,1,0,-1
2022-02-24,0.02389923240135368,0,1,1
2022-02-25,-0.02875985669575925,1,0,-1
2022-02-28,0.018908663180745758,0,1,1
2022-03-01,-0.010062835775377135,0,0,0
2022-03-02,0.023916258090111907,0,1,1
2022-03-03,0.0429986984503558,0,1,1
2022-03-04,-0.005274807765381857,0,0,0
2022-03-07,0.11949699475710997,0,1,1
2022-03-08,0.08127082627390919,0,1,1
2022-03-09,0.14781851222194992,0,1,1
2022-03-10,-0.22648547857987417,1,0,-1
2022-03-11,-0.07810211744806458,1,0,-1
2022-03-14,0.09008675155268707,0,1,1
2022-03-15,0.01133472440838389,0,0,0
2022-03-16,0.08289185902513273,0,1,1
2022-03-17,-0.06935736939512402,1,0,-1
2022-03-18,0.0008199335402194966,0,0,0
2022-03-21,-0.06562583760819893,1,0,-1
2022-03-22,0.0053824835971789204,0,0,0
2022-03-23,0.02493084851346537,0,1,1
2022-03-24,0.1476877917674127,0,1,1
2022-03-25,0.07243232564879971,0,1,1
2022-03-28,-0.1633653489714063,1,0,-1
2022-03-29,-0.00558648187040677,0,0,0
2022-03-30,0.03054211535506567,0,1,1
2022-03-31,-0.05481129768356267,1,0,-1
2022-04-01,0.0005967545909152972,0,0,0
2022-04-06,0.02443402533728204,0,1,1
2022-04-07,-0.04567589628257598,1,0,-1
2022-04-08,0.022434312840396597,0,1,1
2022-04-11,-0.033890487919203946,1,0,-1
2022-04-12,0.008122447375730117,0,0,0
2022-04-13,0.03888238541179298,0,1,1
2022-04-14,0.012721273750906658,0,0,0
2022-04-15,0.024357010672111556,0,1,1
2022-04-18,0.011873433245206202,0,0,0
2022-04-19,0.03258970108159746,0,1,1
2022-04-20,-0.025549836842449693,1,0,-1
2022-04-21,0.009154648678997792,0,0,0
2022-04-22,0.011169532995177823,0,0,0
2022-04-25,-0.07640624494244896,1,0,-1
2022-04-26,0.006403918340700076,0,0,0
2022-04-27,0.023370532288522698,0,1,1
2022-04-28,-0.0018901519946409205,0,0,0
2022-04-29,0.021545522338799153,0,1,1
2022-05-05,-0.0391673192379359,1,0,-1
2022-05-06,-0.04216445328816481,1,0,-1
2022-05-09,-0.0230579551630741,1,0,-1
2022-05-10,-0.03309259478224642,1,0,-1
2022-05-11,0.0177758518410573,0,1,1
2022-05-12,-0.026310189638315506,1,0,-1
2022-05-13,0.014445685060315485,0,0,0
2022-05-16,-0.007543112650962886,0,0,0
2022-05-17,0.01170927478524646,0,0,0
2022-05-18,-0.02772238725872382,1,0,-1
2022-05-19,0.03415798062741225,0,1,1
2022-05-20,0.03359371728814951,0,1,1
2022-05-23,-0.02401732373193169,1,0,-1
2022-05-24,-0.008362182280010236,0,0,0
2022-05-25,-0.015112159466669954,0,0,0
2022-05-26,0.005111832217600575,0,0,0
2022-05-27,0.03426428433098925,0,1,1
2022-05-30,0.031018554526760396,0,1,1
2022-05-31,-0.004511147403576355,0,0,0
2022-06-01,-0.020085020106452807,1,0,-1
2022-06-02,0.013744314346536448,0,0,0
2022-06-06,0.013191464754362503,0,0,0
2022-06-07,0.0057568578601288395,0,0,0
2022-06-08,0.03037674394801034,0,1,1
2022-06-09,-0.03695872218500067,1,0,-1
2022-06-10,-0.005887239890631817,0,0,0
2022-06-13,-0.05270731971117078,1,0,-1
2022-06-14,-0.007565624860633964,0,0,0
2022-06-15,-0.024501548041817128,1,0,-1
2022-06-16,0.0074535749389437935,0,0,0
2022-06-17,-0.018358367974937184,1,0,-1
2022-06-20,-0.008718095443297531,0,0,0
2022-06-21,0.017260187870306837,0,1,1
2022-06-22,-0.03477141815134356,1,0,-1
2022-06-23,-0.02511740316588732,1,0,-1
2022-06-24,-0.08256181969275879,1,0,-1
2022-06-27,0.04076860095277435,0,1,1
2022-06-28,-0.012333377548863557,0,0,0
2022-06-29,-0.036242301043901054,1,0,-1
2022-06-30,0.029507125457668742,0,1,1
2022-07-01,-0.06511036196933358,1,0,-1
2022-07-04,0.009350654804320315,0,0,0
2022-07-05,0.013419817893163072,0,0,0
2022-07-06,0.0034303322021934433,0,0,0
2022-07-07,-0.030817786553560333,1,0,-1
2022-07-08,-0.021106527604603624,1,0,-1
2022-07-11,0.04189604438781131,0,1,1
2022-07-12,-0.005201960966713246,0,0,0
2022-07-13,0.01806025444062891,0,1,1
2022-07-14,-0.06878262402491508,1,0,-1
2022-07-15,-0.10028595927555611,1,0,-1
2022-07-18,0.06648444087189424,0,1,1
2022-07-19,0.010319071350250874,0,0,0
2022-07-20,0.06825223915980572,0,1,1
2022-07-21,0.009602762543837738,0,0,0
2022-07-22,0.004648122306937341,0,0,0
2022-07-25,0.014636710780951597,0,0,0
2022-07-26,0.05848555404801113,0,1,1
2022-07-27,-0.07645718931093953,1,0,-1
2022-07-28,0.008434858443910821,0,0,0
2022-07-29,0.014271274367274107,0,0,0
2022-08-01,0.05059621785153123,0,1,1
2022-08-02,-0.016375942312395288,0,0,0
2022-08-03,-0.018254181766558443,1,0,-1
2022-08-04,-0.011369989454723478,0,0,0
2022-08-05,0.028496521124342054,0,1,1
2022-08-08,-0.042878528739034485,1,0,-1
2022-08-09,-0.007981360173104675,0,0,0
2022-08-10,-0.014408523564228162,0,0,0
2022-08-11,0.06391355170684627,0,1,1
2022-08-12,0.023338673068148,0,1,1
2022-08-15,-0.039626976682586974,1,0,-1
2022-08-16,-0.003220614700042172,0,0,0
2022-08-17,-0.005313631538973086,0,0,0
2022-08-18,-0.017584796632428613,1,0,-1
2022-08-19,0.011194256089971035,0,0,0
2022-08-22,0.039538971074874696,0,1,1
2022-08-23,-0.030776910781386405,1,0,-1
2022-08-24,-0.012616079662483225,0,0,0
2022-08-25,0.02724083491769258,0,1,1
2022-08-26,-0.008232381275114296,0,0,0
2022-08-29,-0.05389502025386424,1,0,-1
2022-08-30,-0.0006060238958884078,0,0,0
2022-08-31,0.03344274938413181,0,1,1
2022-09-01,-0.03307909097658443,1,0,-1
2022-09-02,-0.02088065331564504,1,0,-1
2022-09-05,0.04807979555848395,0,1,1
2022-09-06,0.03037664230239906,0,1,1
2022-09-07,-0.014231219927949365,0,0,0
2022-09-08,0.015489009814199357,0,0,0
2022-09-09,0.07684676195195726,0,1,1
2022-09-13,0.014706147389695487,0,0,0
2022-09-14,-0.014706147389695449,0,0,0
2022-09-15,0.00026451527729940777,0,0,0
2022-09-16,-0.011651856972132285,0,0,0
2022-09-19,0.014556916456111903,0,0,0
2022-09-20,0.02813424947922788,0,1,1
2022-09-21,0.035216858101055404,0,1,1
2022-09-22,-0.026079712783051736,1,0,-1
2022-09-23,-0.021728260626356563,1,0,-1
2022-09-26,-0.026680878581330933,1,0,-1
2022-09-27,-0.000907077937497994,0,0,0
2022-09-28,-0.05677853367030507,1,0,-1
2022-09-29,0.018085093004228784,0,1,1
2022-09-30,0.022766281275408102,0,1,1
2022-10-10,-0.028442107541469273,1,0,-1
2022-10-11,0.024256977645559962,0,1,1
2022-10-12,-0.023085788755097036,1,0,-1
2022-10-13,-0.002790803329561658,0,0,0
2022-10-14,0.03563276703002327,0,1,1
2022-10-17,-0.01955346740057334,1,0,-1
2022-10-18,-0.009449933549271095,0,0,0
2022-10-19,0.023106870381620882,0,1,1
2022-10-20,0.020673542146730707,0,1,1
2022-10-21,-0.03658812702922592,1,0,-1
2022-10-24,0.031579858262562446,0,1,1
2022-10-25,0.01030882183207644,0,0,0
2022-10-26,0.0002114388421029302,0,0,0
2022-10-27,-0.025155193137196028,1,0,-1
2022-10-28,-0.012544478654723955,0,0,0
2022-10-31,-0.018277994311184473,1,0,-1
2022-11-01,0.055977666103104486,0,1,1
2022-11-02,0.015835892777360472,0,0,0
2022-11-03,-0.003230683858378116,0,0,0
2022-11-04,0.0036987877859958685,0,0,0
2022-11-07,-0.009929011336267536,0,0,0
2022-11-08,0.009304824059824857,0,0,0
2022-11-09,0.004102090545924432,0,0,0
2022-11-10,0.03947379623463326,0,1,1
2022-11-11,0.02717411635588713,0,1,1
2022-11-14,-0.02807115618480281,1,0,-1
2022-11-15,0.028943376039488506,0,1,1
2022-11-16,-0.00043601483141157986,0,0,0
2022-11-17,-0.018832027104324016,1,0,-1
2022-11-18,-0.011521780220588178,0,0,0
2022-11-21,-0.015453457303234006,0,0,0
2022-11-22,0.00556456312423333,0,0,0
2022-11-23,0.0019151301085806197,0,0,0
2022-11-24,-0.0012595411897671095,0,0,0
2022-11-25,0.006331997637507326,0,0,0
2022-11-28,-0.04839198676487071,1,0,-1
2022-11-29,0.02471954293503665,0,1,1
2022-11-30,0.026523800155018505,0,1,1
2022-12-01,0.011176630762252277,0,0,0
2022-12-02,-0.0005929439841675326,0,0,0
2022-12-05,0.02648483137384782,0,1,1
2022-12-06,-0.005066967047834955,0,0,0
2022-12-07,0.0045855033890400436,0,0,0
2022-12-08,0.052349803265797454,0,1,1
2022-12-09,0.012309105520146402,0,0,0
2022-12-12,-0.01583434666662633,0,0,0
2022-12-13,0.027770768396869254,0,1,1
2022-12-14,-0.02018632120238482,1,0,-1
2022-12-15,-0.0102940403469171,0,0,0
2022-12-16,-0.008497718895186438,0,0,0
2022-12-19,-0.008757683960741672,0,0,0
2022-12-20,-0.007749974206949208,0,0,0
2022-12-21,0.014092983207571555,0,0,0
2022-12-22,0.017832519544081993,0,1,1
2022-12-23,-0.0065982644082083495,0,0,0
2022-12-26,0.0053644015760164155,0,0,0
2022-12-27,0.04059333423983607,0,1,1
2022-12-28,0.0021929833350100864,0,0,0
2022-12-29,0.002800019329479203,0,0,0
2022-12-30,0.01349583286175302,0,0,0
2023-01-03,-0.013801703393512183,0,0,0
2023-01-04,0.0026187165803237826,0,0,0
2023-01-05,-0.04060952472149284,1,0,-1
2023-01-06,-0.04688540168877808,1,0,-1
2023-01-09,0.009045549588274226,0,0,0
2023-01-10,-0.02913175657557762,1,0,-1
2023-01-11,0.016893675745469277,0,1,1
2023-01-12,-0.029053513036228888,1,0,-1
2023-01-13,0.023501931417321105,0,1,1
2023-01-16,-0.0248785971541888,1,0,-1
2023-01-17,0.007597144737432645,0,0,0
2023-01-18,0.004239049396015425,0,0,0
2023-01-19,0.02458943465043505,0,1,1
2023-01-20,0.03930464296611231,0,1,1
2023-01-30,0.0032786914616982953,0,0,0
2023-01-31,0.011661149089940382,0,0,0
2023-02-01,0.012814105464314551,0,0,0
2023-02-02,-0.03351765073270328,1,0,-1
2023-02-03,0.01719240054037277,0,1,1
2023-02-06,-0.037443793531955004,1,0,-1
2023-02-07,-0.01775893268998348,1,0,-1
2023-02-08,0.011937046674607623,0,0,0
2023-02-09,-0.008844383331771436,0,0,0
2023-02-10,0.03757492325998906,0,1,1
2023-02-13,-0.047121535143569156,1,0,-1
2023-02-14,-0.0063027945664649145,0,0,0
2023-02-15,-0.010333627430446024,0,0,0
2023-02-16,-0.0002926401035369697,0,0,0
2023-02-17,-0.009311510552069186,0,0,0
2023-02-20,0.0068695068965174,0,0,0
2023-02-21,0.027539055567695824,0,1,1
2023-02-22,-0.015146721058975967,0,0,0
2023-02-23,-0.007854966687156514,0,0,0
2023-02-24,-0.02683797800642479,1,0,-1
2023-02-27,-0.025729451737445664,1,0,-1
2023-02-28,0.015375519272094391,0,0,0
2023-03-01,-0.01173943097029685,0,0,0
2023-03-02,-0.038775050283727276,1,0,-1
2023-03-03,-0.005809167081292397,0,0,0
2023-03-06,0.008144624618411481,0,0,0
2023-03-07,0.0008479067810596536,0,0,0
2023-03-08,-0.01038320342505229,0,0,0
2023-03-09,-0.0017142555223902038,0,0,0
2023-03-10,-0.03736302200487518,1,0,-1
2023-03-13,-0.007654310075386028,0,0,0
2023-03-14,-0.004102627498351351,0,0,0
2023-03-15,-0.005704135422262425,0,0,0
2023-03-16,-0.015237846554503453,0,0,0
2023-03-17,0.01183378108654156,0,0,0
2023-03-20,-0.006271042727774112,0,0,0
2023-03-21,-0.007750419139164507,0,0,0
2023-03-22,0.021664378455316848,0,1,1
2023-03-23,-0.024261257890304422,1,0,-1
2023-03-24,0.04712130777463836,0,1,1
2023-03-27,-0.03940815147835202,1,0,-1
2023-03-28,0.026369433731130654,0,1,1
2023-03-29,0.0027327754660819922,0,0,0
2023-03-30,-0.016679689198655426,0,0,0
2023-03-31,-0.013742197729742871,0,0,0
2023-04-03,0.03236930721279383,0,1,1
2023-04-04,-0.017042681808898417,0,0,0
2023-04-06,-0.020045787016556665,1,0,-1
2023-04-07,0.03374770848005466,0,1,1
2023-04-10,-0.00430372628621678,0,0,0
2023-04-11,0.00820019656534001,0,0,0
2023-04-12,0.01357412002711795,0,0,0
2023-04-13,-0.006433011875751424,0,0,0
2023-04-14,0.02160830513461948,0,1,1
2023-04-17,0.02442267062625414,0,1,1
2023-04-18,-0.0058644997030309655,0,0,0
2023-04-19,0.037390935000521236,0,1,1
2023-04-20,-0.028475728113452416,1,0,-1
2023-04-21,-0.027743319774409393,1,0,-1
2023-04-24,-0.01797923668800246,1,0,-1
2023-04-25,0.0067938021555095035,0,0,0
2023-04-26,-0.019685783625779635,1,0,-1
2023-04-27,-0.0008356779226690074,0,0,0
2023-04-28,0.01603395880629133,0,0,0
2023-05-04,0.02684143824522644,0,1,1
2023-05-05,-0.021698913645588142,1,0,-1
2023-05-08,0.010152371464017908,0,0,0
2023-05-09,-0.029713840457154472,1,0,-1
2023-05-10,-0.0013920986740190552,0,0,0
2023-05-11,-0.05662754999405466,1,0,-1
2023-05-12,-0.0039587631836033,0,0,0
2023-05-15,0.011419949869047081,0,0,0
2023-05-16,-0.03181478374418323,1,0,-1
2023-05-17,-0.001209189990139109,0,0,0
2023-05-18,0.0009070295406426232,0,0,0
2023-05-19,0.011119573625157204,0,0,0
2023-05-22,-0.005935091310729786,0,0,0
2023-05-23,-0.02317551491225642,1,0,-1
2023-05-24,0.02773488449989475,0,1,1
2023-05-25,0.011959089428902288,0,0,0
2023-05-26,-0.039878606356930225,1,0,-1
2023-05-29,-0.002033209782097845,0,0,0
2023-05-30,0.01012495993472697,0,0,0
2023-05-31,-0.04808829197290175,1,0,-1
2023-06-01,0.02336362562991072,0,1,1
2023-06-02,0.020257778083467647,0,1,1
2023-06-05,-0.03051105237240325,1,0,-1
2023-06-06,0.002715076648148072,0,0,0
2023-06-07,0.003147824306638732,0,0,0
2023-06-08,-0.0006916716721816804,0,0,0
2023-06-09,0.022760761175124676,0,1,1
2023-06-12,0.00527382101721683,0,0,0
2023-06-13,-0.013485010847611624,0,0,0
2023-06-14,0.052176296652428636,0,1,1
2023-06-15,0.006802348401753955,0,0,0
2023-06-16,0.012832972327829604,0,0,0
2023-06-19,-0.027847827375775038,1,0,-1
2023-06-20,-0.0008902870279706834,0,0,0
2023-06-21,-0.0027351664096611924,0,0,0
2023-06-26,-0.026853325720993693,1,0,-1
2023-06-27,-0.025082596881241485,1,0,-1
2023-06-28,-0.009705142977514796,0,0,0
2023-06-29,-0.017375077795018408,1,0,-1
2023-06-30,0.01477528558215446,0,0,0
2023-07-03,0.010987039866428624,0,0,0
2023-07-04,0.001631424092782906,0,0,0
2023-07-05,-0.007615128527252307,0,0,0
2023-07-06,0.046112165373471244,0,1,1
2023-07-07,-0.014095008561751676,0,0,0
2023-07-10,-0.014855267479462031,0,0,0
2023-07-11,0.018397688578360456,0,1,1
2023-07-12,0.006502408131511907,0,0,0
2023-07-13,0.010844133015534519,0,0,0
2023-07-14,-0.00414303033396375,0,0,0
2023-07-17,-0.006761677536966771,0,0,0
2023-07-18,-0.001636909638292368,0,0,0
2023-07-19,0.003392092416016346,0,0,0
2023-07-20,0.030491256315034854,0,1,1
2023-07-21,0.00023459034768310612,0,0,0
2023-07-24,-0.009545205632569274,0,0,0
2023-07-25,0.011888087275923007,0,0,0
2023-07-26,0.01197967339070933,0,0,0
2023-07-27,-0.026891687550659658,1,0,-1
2023-07-28,0.012158563285925114,0,0,0
2023-07-31,0.010504298266875975,0,0,0
2023-08-01,-0.0057637047167501294,0,0,0
2023-08-02,0.004369490479055862,0,0,0
2023-08-03,-0.026149899938193076,1,0,-1
2023-08-04,0.01416110170411965,0,0,0
2023-08-07,-0.0231523509117363,1,0,-1
2023-08-08,-0.0008433227413845757,0,0,0
2023-08-09,0.003849397271055116,0,0,0
2023-08-10,-0.01591417121653721,0,0,0
2023-08-11,0.00807950208067105,0,0,0
2023-08-14,-0.0034546535767439558,0,0,0
2023-08-15,0.0016379026380012893,0,0,0
2023-08-16,-0.016377779912040147,0,0,0
2023-08-17,0.016256545748104194,0,0,0
2023-08-18,0.013308238445889705,0,0,0
2023-08-21,-0.003295488167776195,0,0,0
2023-08-22,0.010626331261463227,0,0,0
2023-08-23,0.0011276300194834165,0,0,0
2023-08-24,-0.003624807130228731,0,0,0
2023-08-25,0.009008002123023811,0,0,0
2023-08-28,-0.014440040550817995,0,0,0
2023-08-29,-0.012770488595096493,0,0,0
2023-08-30,0.005139845026604083,0,0,0
2023-08-31,-0.005806936230577959,0,0,0
2023-09-01,0.02017844106823102,0,1,1
2023-09-04,0.014812462853813744,0,0,0
2023-09-05,0.006364799157493547,0,0,0
2023-09-06,0.0003491823349220343,0,0,0
2023-09-07,-0.024980679214316792,1,0,-1
2023-09-08,-0.008387300545879819,0,0,0
2023-09-11,0.0013827518961536708,0,0,0
2023-09-12,-0.02604979628975091,1,0,-1
2023-09-13,-0.0035210216442880604,0,0,0
2023-09-14,0.004322328433550584,0,0,0
2023-09-15,0.0030759790478942857,0,0,0
2023-09-18,0.0006140620395594859,0,0,0
2023-09-19,-0.0075792949944843745,0,0,0
2023-09-20,0.011500388120316113,0,0,0
2023-09-21,-0.03775914265829445,1,0,-1
2023-09-22,-0.0017159748721141985,0,0,0
2023-09-25,0.0,0,0,0
2023-09-26,-0.012867883454304119,0,0,0
2023-09-27,-0.03414598254185028,1,0,-1
2023-09-28,0.012719615012303153,0,0,0
2023-10-09,-0.006074630763192997,0,0,0
2023-10-10,0.004361624678211895,0,0,0
2023-10-11,-0.006217773703005136,0,0,0
2023-10-12,0.01069175971702464,0,0,0
2023-10-13,-0.007313490018485901,0,0,0
2023-10-16,0.0076416709147398235,0,0,0
2023-10-17,-0.01734338831558171,1,0,-1
2023-10-18,-0.0015369711335295644,0,0,0
2023-10-19,-0.004087792591236128,0,0,0
2023-10-20,-0.019802627296179754,1,0,-1
2023-10-23,0.018391478992255763,0,1,1
2023-10-24,-0.007763227972117383,0,0,0
2023-10-25,0.0023014969882791674,0,0,0
2023-10-26,-0.00617181246285777,0,0,0
2023-10-27,-0.009570105168661785,0,0,0
2023-10-30,0.006026177244981236,0,0,0
2023-10-31,-0.01992825818187887,1,0,-1
2023-11-01,-0.0206889372114701,1,0,-1
2023-11-02,0.0013500552730921383,0,0,0
2023-11-03,0.014101622664578256,0,0,0
2023-11-06,7.001085171066557e-05,0,0,0
2023-11-07,-0.009778824978671519,0,0,0
2023-11-08,-0.001485726687390549,0,0,0
2023-11-09,0.007266089602889952,0,0,0
2023-11-10,-0.014086235391098226,0,0,0
2023-11-13,-0.004429527854088157,0,0,0
2023-11-14,-0.01000260201736259,0,0,0
2023-11-15,0.007421585385233501,0,0,0
2023-11-16,-0.0035237891987420842,0,0,0
2023-11-17,-0.018321123147596246,1,0,-1
2023-11-20,-0.009880628975407913,0,0,0
2023-11-21,-0.018246225187468927,1,0,-1
2023-11-22,-0.023672455442966023,1,0,-1
2023-11-23,-0.013145290986997512,0,0,0
2023-11-24,0.007643746755499651,0,0,0
2023-11-27,-0.047089978602730745,1,0,-1
2023-11-28,0.05065780989072419,0,1,1
2023-11-29,0.01498471962123593,0,0,0
2023-11-30,0.0007624276063138416,0,0,0
2023-12-01,-0.01404528250178499,0,0,0
2023-12-04,-0.007136238786192961,0,0,0
2023-12-05,-0.02634429503264544,1,0,-1
2023-12-06,0.04248301834813692,0,1,1
2023-12-07,-7.660193806651817e-05,0,0,0
2023-12-08,0.024815920147599608,0,1,1
2023-12-11,-0.013239248588245546,0,0,0
2023-12-12,-0.0019707426980184804,0,0,0
2023-12-13,-0.010678972575854255,0,0,0
2023-12-14,0.013179636933572826,0,0,0
2023-12-15,-0.0003784868142529346,0,0,0
2023-12-18,0.00986936854108003,0,0,0
2023-12-19,-0.017545636521498504,1,0,-1
2023-12-20,0.0009913448785344614,0,0,0
2023-12-21,-0.010496974137826654,0,0,0
2023-12-22,0.006984715812421484,0,0,0
2023-12-25,0.0018340216053240443,0,0,0
2023-12-26,-0.014147552591586609,0,0,0
2023-12-27,0.0031698198097980623,0,0,0
2023-12-28,-0.0003088087726231505,0,0,0
2023-12-29,-0.03376577055463956,1,0,-1
2024-01-02,0.01820246521459424,0,1,1
2024-01-03,0.004538348947594055,0,0,0
2024-01-04,-0.0212245136442244,1,0,-1
2024-01-05,-0.014943637931067195,0,0,0
2024-01-08,0.007339038545848016,0,0,0
2024-01-09,0.010391780166247606,0,0,0
2024-01-10,-0.0066222765649707254,0,0,0
2024-01-11,0.031906286761422105,0,1,1
2024-01-12,0.003483110452820178,0,0,0
2024-01-15,-0.01730227872309828,1,0,-1
2024-01-16,-0.0027553648607309025,0,0,0
2024-01-17,0.0014179929900785544,0,0,0
2024-01-18,0.009636174685347564,0,0,0
2024-01-19,-0.002419891114919004,0,0,0
2024-01-22,-0.01583395954520121,0,0,0
2024-01-23,0.03011215663907089,0,1,1
2024-01-24,-7.705050664520413e-05,0,0,0
2024-01-25,-0.00046242775390514297,0,0,0
2024-01-26,0.005228368053435438,0,0,0
2024-01-29,-0.00862605471976728,0,0,0
2024-01-30,-0.016298563309392163,0,0,0
2024-01-31,-0.001573688262451101,0,0,0
2024-02-01,-0.005923486103377901,0,0,0
2024-02-02,0.0015039382262421865,0,0,0
2024-02-05,-0.012495685690208303,0,0,0
2024-02-06,0.0008005764577777148,0,0,0
2024-02-07,-0.007308975953565769,0,0,0
2024-02-08,0.017579358017659114,0,1,1
2024-02-19,-0.0027761271051677267,0,0,0
2024-02-20,0.005307573754055486,0,0,0
2024-02-21,0.013419860020597078,0,0,0
2024-02-22,0.023421717808437752,0,1,1
2024-02-23,0.03221976462230423,0,1,1
2024-02-26,-0.01830544454887188,1,0,-1
2024-02-27,0.00785432470289029,0,0,0
2024-02-28,0.0005959031833694142,0,0,0
2024-02-29,0.02514838414595072,0,1,1
2024-03-01,-0.00465828049574466,0,0,0
2024-03-04,-0.003288394939586552,0,0,0
2024-03-05,-0.0014649870771300127,0,0,0
2024-03-06,-0.008687384386888052,0,0,0
2024-03-07,0.0064858717930198,0,0,0
2024-03-08,0.017189061235248868,0,1,1
2024-03-11,-0.006084329938674129,0,0,0
2024-03-12,0.019070127801401215,0,1,1
2024-03-13,0.012467399569516067,0,0,0
2024-03-14,-0.012538683028219552,0,0,0
2024-03-15,0.011270720051916724,0,0,0
2024-03-18,-0.013625929362431545,0,0,0
2024-03-19,-0.01795225026800333,1,0,-1
2024-03-20,-0.006568887207273982,0,0,0
2024-03-21,0.010344668631777522,0,0,0
2024-03-22,-0.023984427407486054,1,0,-1
2024-03-25,-0.01029706158310947,0,0,0
2024-03-26,-0.011693392641693251,0,0,0
2024-03-27,-0.01737576725017795,1,0,-1
2024-03-28,0.007844987165202502,0,0,0
2024-03-29,0.0029833642322814233,0,0,0
2024-04-01,0.005180569258237123,0,0,0
2024-04-02,0.007494641235410669,0,0,0
2024-04-03,0.006465215723905651,0,0,0
2024-04-08,0.02347647345317005,0,1,1
2024-04-09,0.003434295144105589,0,0,0
2024-04-10,0.018716447643483097,0,1,1
2024-04-11,-0.0005012710907354879,0,0,0
2024-04-12,-0.009789180598112387,0,0,0
2024-04-15,0.007135422540793984,0,0,0
2024-04-16,-0.034337510345778435,1,0,-1
2024-04-17,0.011528357059960713,0,0,0
2024-04-18,0.01581838574310619,0,0,0
2024-04-19,0.02309142168276569,0,1,1
2024-04-22,0.01459265406504462,0,0,0
2024-04-23,-0.018345269365502934,1,0,-1
2024-04-24,0.014227595961921791,0,0,0
2024-04-25,0.005787819929592183,0,0,0
2024-04-26,0.014153296423773885,0,0,0
2024-04-29,-0.020920685421339784,1,0,-1
2024-04-30,0.002028043633669317,0,0,0
2024-05-06,0.013186394136144232,0,0,0
2024-05-07,-0.006016407622783267,0,0,0
2024-05-08,-0.020886657802378687,1,0,-1
2024-05-09,0.004099525108106511,0,0,0
2024-05-10,0.02087117256600156,0,1,1
2024-05-13,-0.00867247951270126,0,0,0
2024-05-14,0.0065979334398602926,0,0,0
2024-05-15,-0.0005539399116858048,0,0,0
2024-05-16,0.015395493084425654,0,0,0
2024-05-17,0.04559574095407856,0,1,1
2024-05-20,0.025286854813990456,0,1,1
2024-05-21,0.0026649761965317252,0,0,0
2024-05-22,-0.002537911393311218,0,0,0
2024-05-23,-0.038862477346449376,1,0,-1
2024-05-24,0.009007589092932986,0,0,0
2024-05-27,0.000981322246818253,0,0,0
2024-05-28,0.017693841171210235,0,1,1
2024-05-29,0.00480662315490802,0,0,0
2024-05-30,-0.03255542368280182,1,0,-1
2024-05-31,0.0016498931312416867,0,0,0
2024-06-03,-0.028221747272861728,1,0,-1
2024-06-04,-0.0057821323640242835,0,0,0
2024-06-05,-0.03174429689644334,1,0,-1
2024-06-06,0.006457975553948219,0,0,0
2024-06-07,-0.001050089354080316,0,0,0
2024-06-11,-0.022382122800572203,1,0,-1
2024-06-12,0.0011453934962583929,0,0,0
2024-06-13,-0.008983494962593892,0,0,0
2024-06-14,-0.010960803669203927,0,0,0
2024-06-17,-0.013520670369280868,0,0,0
2024-06-18,-0.010112362178838907,0,0,0
2024-06-19,0.004920242518881073,0,0,0
2024-06-20,0.006892234642395932,0,0,0
2024-06-21,-0.01405697907617103,0,0,0
2024-06-24,0.004036483279964637,0,0,0
2024-06-25,0.011127711262706286,0,0,0
2024-06-26,0.003608384194320158,0,0,0
2024-06-27,-0.013617735601413328,0,0,0
2024-06-28,0.009492803411989624,0,0,0
2024-07-01,0.011156897878553952,0,0,0
2024-07-02,0.007417676364330929,0,0,0
2024-07-03,-0.001014860543791176,0,0,0
2024-07-04,-0.0021054932089394763,0,0,0
2024-07-05,0.003627398057534575,0,0,0
2024-07-08,0.003758587728001861,0,0,0
2024-07-09,-0.008549537658501203,0,0,0
2024-07-10,-0.027217079940927966,1,0,-1
2024-07-11,0.0010462597172934262,0,0,0
2024-07-12,0.008404973426028903,0,0,0
2024-07-15,-0.005049390694232942,0,0,0
2024-07-16,-0.0026089239948003645,0,0,0
2024-07-17,-0.016329043355747114,0,0,0
2024-07-18,-0.008150873539790864,0,0,0
2024-07-19,-0.004369329706214458,0,0,0
2024-07-22,-0.012056719200373555,0,0,0
2024-07-23,-0.004910567566681224,0,0,0
2024-07-24,0.004288338410726226,0,0,0
2024-07-25,-0.031455098413851,1,0,-1
2024-07-26,0.017114845618903914,0,1,1
2024-07-29,0.00441015047755279,0,0,0
2024-07-30,-0.004804861356961876,0,0,0
2024-07-31,0.04016168971347739,0,1,1
2024-08-01,0.003105004577247134,0,0,0
2024-08-02,-0.00957308632885117,0,0,0
2024-08-05,-0.018569705696016885,1,0,-1
2024-08-06,0.0010105329477456515,0,0,0
2024-08-07,0.003799779687215013,0,0,0
2024-08-08,-0.015758185509239752,0,0,0
2024-08-09,0.028830267076592465,0,1,1
2024-08-12,-0.019984462008927284,1,0,-1
2024-08-13,0.00015586034944267699,0,0,0
2024-08-14,-0.008530004375426246,0,0,0
2024-08-15,0.017219639316603266,0,1,1
2024-08-16,-0.011889637671847844,0,0,0
2024-08-19,0.018894785443662056,0,1,1
2024-08-20,-0.008009901112128435,0,0,0
2024-08-21,0.01709705462906943,0,1,1
2024-08-22,-0.02190289288422079,1,0,-1
2024-08-23,0.01733145635163994,0,1,1
2024-08-26,0.003049945177827885,0,0,0
2024-08-27,0.005163653359560757,0,0,0
2024-08-28,-0.006992503979799296,0,0,0
2024-08-29,0.004945420358074449,0,0,0
2024-08-30,-0.001899191515511374,0,0,0
2024-09-02,-0.0289293904471165,1,0,-1
2024-09-03,0.008184946501239606,0,0,0
2024-09-04,-0.02603269183615795,1,0,-1
2024-09-05,-0.01646954278065012,0,0,0
2024-09-06,0.003799980317424781,0,0,0
2024-09-09,-0.009079180395571148,0,0,0
2024-09-10,-0.009737812720133888,0,0,0
2024-09-11,0.011609025079169397,0,0,0
2024-09-12,0.01026977044458795,0,0,0
2024-09-13,-0.0015297293752356265,0,0,0
2024-09-18,0.002092724524219748,0,0,0
2024-09-19,0.01238579100344337,0,0,0
2024-09-20,-0.004536960064790684,0,0,0
2024-09-23,-0.004157012941342789,0,0,0
2024-09-24,0.014790345951002403,0,0,0
2024-09-25,0.006059432272186129,0,0,0
2024-09-26,0.010458223784105186,0,0,0
2024-09-27,0.004338401598598141,0,0,0
2024-09-30,0.026997750450348138,0,1,1
2024-10-08,0.0009025271370753952,0,0,0
2024-10-09,0.015367702661091925,0,0,0
2024-10-10,-0.020568392732408906,1,0,-1
2024-10-11,0.015893579929915528,0,0,0
2024-10-14,0.0011893259411279225,0,0,0
2024-10-15,-0.014441494577150013,0,0,0
2024-10-16,-0.0009802813438171106,0,0,0
2024-10-17,-0.030641999023136114,1,0,-1
2024-10-18,0.001554605831947057,0,0,0
2024-10-21,0.015185091567847166,0,0,0
2024-10-22,-0.026432574038138774,1,0,-1
2024-10-23,-0.010343150122076029,0,0,0
2024-10-24,0.0032486855559882752,0,0,0
2024-10-25,-0.002296757830606154,0,0,0
2024-10-28,0.0022176470358970133,0,0,0
2024-10-29,-0.02005740658510962,1,0,-1
2024-10-30,0.0064365818808472496,0,0,0
2024-10-31,-0.006840247167077862,0,0,0
2024-11-01,0.0016943002963930856,0,0,0
2024-11-04,0.005386514611710973,0,0,0
2024-11-05,-0.0016048791761136421,0,0,0
2024-11-06,-0.0004819664323356286,0,0,0
2024-11-07,0.022247858663574246,0,1,1
2024-11-08,0.0180662132171651,0,1,1
2024-11-11,-0.011955735920148884,0,0,0
2024-11-12,-0.010047180278942316,0,0,0
2024-11-13,-0.007045906519306447,0,0,0
2024-11-14,-0.007896352096236934,0,0,0
2024-11-15,-0.014031356724112504,0,0,0
2024-11-18,0.012669122449591685,0,0,0
2024-11-19,0.005198556115109675,0,0,0
2024-11-20,0.011105936774954596,0,0,0
2024-11-21,0.007857969084037002,0,0,0
2024-11-22,-0.021120025680107016,1,0,-1
2024-11-25,0.01712017720398204,0,1,1
2024-11-26,0.00204113746481843,0,0,0
2024-11-27,-0.007794394458002469,0,0,0
2024-11-28,0.0037866880211431353,0,0,0
2024-11-29,-0.007825817576989455,0,0,0
2024-12-02,-0.0025427109448556665,0,0,0
2024-12-03,0.0025427109448556908,0,0,0
2024-12-04,0.014809250563626947,0,0,0
2024-12-05,-0.022296938884413458,1,0,-1
2024-12-06,0.009944789386571545,0,0,0
2024-12-09,0.005368716511204548,0,0,0
2024-12-10,-0.0014183281867057253,0,0,0
2024-12-11,-0.009746125241850132,0,0,0
2024-12-12,0.03150730840524834,0,1,1
2024-12-13,-0.0038651872486564175,0,0,0
2024-12-16,-0.020343397760049124,1,0,-1
2024-12-17,-0.018428186927199802,1,0,-1
2024-12-18,-0.004276441745412736,0,0,0
2024-12-19,-0.006815442202962657,0,0,0
2024-12-20,-0.0034252194635818983,0,0,0
2024-12-23,0.020617620003954645,0,1,1
2024-12-24,0.0011197313814897151,0,0,0
2024-12-25,0.001836841150565476,0,0,0
2024-12-26,0.009212995036019444,0,0,0
2024-12-27,-0.013450797724123104,0,0,0
2024-12-30,0.00016024357056974964,0,0,0
2024-12-31,-0.0005609648742688849,0,0,0
2025-01-02,-0.0074828365405419485,0,0,0
2025-01-03,-0.009575663527527435,0,0,0
2025-01-06,-0.0031033099629793302,0,0,0
2025-01-07,0.0037554130183667365,0,0,0
2025-01-08,0.020246708956995117,0,1,1
2025-01-09,0.0022333900964136774,0,0,0
2025-01-10,-0.00023905334987736653,0,0,0
2025-01-13,0.01753737971601619,0,1,1
2025-01-14,-0.00015662933699500472,0,0,0
2025-01-15,-0.0009402915596417441,0,0,0
2025-01-16,0.008119969661662209,0,0,0
2025-01-17,-0.003349304061786387,0,0,0
2025-01-20,-0.012009092168975924,0,0,0
2025-01-21,0.011384726270287996,0,0,0
2025-01-22,-0.010516499371752175,0,0,0
2025-01-23,-0.02072613051711697,1,0,-1
2025-01-24,-0.0035503950794353385,0,0,0
2025-01-27,0.0035503950794354778,0,0,0
2025-02-05,-0.00735683822570844,0,0,0
2025-02-06,0.03319806940959583,0,1,1
2025-02-07,-0.0016497116746698437,0,0,0
2025-02-10,0.0038451022381054186,0,0,0
2025-02-11,-0.023135241961896175,1,0,-1
2025-02-12,-0.0016846500314130451,0,0,0
2025-02-13,-0.0021701571833427497,0,0,0
2025-02-14,0.003293572483648078,0,0,0
2025-02-17,-0.006678761498579968,0,0,0
2025-02-18,-0.00105012328403045,0,0,0
2025-02-19,0.0008078850011228497,0,0,0
2025-02-20,0.018482744008497864,0,1,1
2025-02-21,-0.017110835630468318,0,0,0
2025-02-24,0.015524037455559738,0,0,0
2025-02-25,-0.012705432811183,0,0,0
2025-02-26,-0.001770766721557243,0,0,0
2025-02-27,0.011533968473016023,0,0,0
2025-02-28,0.008564004446811822,0,0,0
2025-03-03,0.0034681204462948894,0,0,0
2025-03-04,0.0009437672741404833,0,0,0
2025-03-05,0.01280967293025461,0,0,0
2025-03-06,-0.003576430495381753,0,0,0
2025-03-07,0.008994400405126618,0,0,0
2025-03-10,0.0238733070707326,0,1,1
2025-03-11,0.0023337233462200966,0,0,0
2025-03-12,0.005174946862066402,0,0,0
2025-03-13,-0.0027716411615527118,0,0,0
2025-03-14,0.0026220189573384913,0,0,0
2025-03-17,0.0017939906142027818,0,0,0
2025-03-18,-0.03348959461637813,1,0,-1
2025-03-19,0.016619183958981903,0,0,0
2025-03-20,-0.015230080478937697,0,0,0
2025-03-21,-0.0037085725885830454,0,0,0
2025-03-24,0.005865572115289465,0,0,0
2025-03-25,-0.005633382957479865,0,0,0
2025-03-26,0.0034763834307735696,0,0,0
2025-03-27,0.0027724315024355182,0,0,0
2025-03-28,0.012001825827988392,0,0,0
2025-03-31,-0.01825064076119748,1,0,-1
2025-04-01,0.008783475839341337,0,0,0
2025-04-02,-0.0069279008519966875,0,0,0
2025-04-03,-0.016589811532019983,0,0,0
2025-04-07,-0.07068844375566752,1,0,-1
2025-04-08,0.005379972626806287,0,0,0
2025-04-09,-0.0027704337075162996,0,0,0
2025-04-10,0.022033732783100057,0,1,1
2025-04-11,-0.0024701535820621447,0,0,0
2025-04-14,0.014648979172200045,0,0,0
2025-04-15,0.009299383718227241,0,0,0
2025-04-16,-0.0008052178549249802,0,0,0
2025-04-17,0.015110012863893827,0,0,0
2025-04-18,-0.003417719815302092,0,0,0
2025-04-21,0.002623942983656752,0,0,0
2025-04-22,-0.002862825016882588,0,0,0
2025-04-23,0.005954997946514172,0,0,0
2025-04-24,-0.004363527888322442,0,0,0
2025-04-25,0.00023850220727602382,0,0,0
2025-04-28,-0.008862687257845317,0,0,0
2025-04-29,-0.004098531071748025,0,0,0
2025-04-30,-0.0037111781198778918,0,0,0
2025-05-06,0.007328400021416656,0,0,0
2025-05-07,-0.0014453190246845034,0,0,0
2025-05-08,-0.006610794794765302,0,0,0
2025-05-09,-0.001457018227647112,0,0,0
2025-05-12,0.021476905307913373,0,1,1
2025-05-13,-0.01816122558918691,1,0,-1
2025-05-14,0.01100015106602629,0,0,0
2025-05-15,-0.013101501552350733,0,0,0
2025-05-16,0.0037147745213811697,0,0,0
2025-05-19,-0.0016941636096028737,0,0,0
2025-05-20,-0.00794427005588865,0,0,0
2025-05-21,0.0033313051323803633,0,0,0
2025-05-22,0.0009729204594271364,0,0,0
2025-05-23,-0.00642252522699178,0,0,0
2025-05-26,0.0013855497550546068,0,0,0
2025-05-27,-0.0038353305000786153,0,0,0
2025-05-28,-0.019483816213568178,1,0,-1
2025-05-29,0.004408774765879783,0,0,0
2025-05-30,0.0051328865074632265,0,0,0
2025-06-03,0.0012378792585461004,0,0,0
2025-06-04,0.01099092428931036,0,0,0
2025-06-05,-0.008355225539200262,0,0,0
2025-06-06,0.005168818169792348,0,0,0
2025-06-09,0.004164801250961534,0,0,0
2025-06-10,-0.01081534507874417,0,0,0
2025-06-11,0.0032897471893067937,0,0,0
2025-06-12,-0.014806507316973144,0,0,0
2025-06-13,-0.0006668889877037677,0,0,0
2025-06-16,-0.0019197869090632137,0,0,0
2025-06-17,-0.009401563415299973,0,0,0
2025-06-18,-0.0007593335104358082,0,0,0
2025-06-19,0.0034545259109100843,0,0,0
2025-06-20,-0.005144000886176877,0,0,0
2025-06-23,-0.007127130118071035,0,0,0
2025-06-24,8.514623871631176e-05,0,0,0
2025-06-25,0.010333820572125884,0,0,0
2025-06-26,0.01803806736216905,0,1,1
2025-06-27,-0.0029008349876334105,0,0,0
2025-06-30,0.0029008349876333155,0,0,0
2025-07-01,-0.0009107845796233234,0,0,0
2025-07-02,0.0041332620635455945,0,0,0
2025-07-03,0.004691173575880239,0,0,0
2025-07-04,0.003933464057079483,0,0,0
2025-07-07,-0.014250066101200685,0,0,0
2025-07-08,-0.0014113156632546166,0,0,0
2025-07-09,-0.010271060191102108,0,0,0
2025-07-10,0.01664762935225979,0,0,0
2025-07-11,0.00206160135691114,0,0,0
2025-07-14,-0.002391852350665713,0,0,0
2025-07-15,-0.014304967818542793,0,0,0
2025-07-16,0.009752921886676234,0,0,0
2025-07-17,-0.005573362178717552,0,0,0
2025-07-18,0.005158510482247165,0,0,0
2025-07-21,0.016869357043411835,0,0,0
2025-07-22,0.009501837842747182,0,0,0
2025-07-23,-0.0028329777334956388,0,0,0
2025-07-24,0.007992615107179834,0,0,0
2025-07-25,0.0,0,0,0
2025-07-28,-0.02227915549858934,1,0,-1
2025-07-29,0.0014789255838329929,0,0,0
2025-07-30,-0.0006570302470263655,0,0,0
2025-07-31,-0.015649253334345047,0,0,0
2025-08-01,-0.0005008347350098785,0,0,0
2025-08-04,0.007154772617876951,0,0,0
2025-08-05,0.002318457608862994,0,0,0
2025-08-06,0.0013224235334934537,0,0,0
2025-08-07,0.006421889351566325,0,0,0
2025-08-08,-0.005513736554372285,0,0,0
2025-08-11,0.007809007666154265,0,0,0
2025-08-12,0.002535062894214694,0,0,0
2025-08-13,-0.0008170602627929074,0,0,0
2025-08-14,-0.009361980179204697,0,0,0
2025-08-15,-0.004962789342129014,0,0,0
2025-08-18,-0.0021582145008793557,0,0,0
2025-08-19,-8.310134213448611e-05,0,0,0
2025-08-20,-0.002246350626374193,0,0,0
2025-08-21,-0.0019175461292718174,0,0,0
2025-08-22,-0.001837621633051904,0,0,0
2025-08-25,0.005835294984059882,0,0,0
2025-08-26,0.0004985873462101926,0,0,0
2025-08-27,0.01148156172173238,0,0,0
2025-08-28,-0.006343996559989204,0,0,0
2025-08-29,0.005851102440095113,0,0,0
2025-09-01,0.014277215797707124,0,0,0
2025-09-02,-0.007480317829833394,0,0,0
2025-09-03,-0.006057647862335988,0,0,0
2025-09-04,-0.007748142949527165,0,0,0
2025-09-05,0.003799145633336076,0,0,0
2025-09-08,0.006818675012160586,0,0,0
2025-09-09,-0.01185979969150292,0,0,0
2025-09-10,0.0012419790460061338,0,0,0
2025-09-11,-0.0019049991266513375,0,0,0
2025-09-12,0.011211988845469529,0,0,0
2025-09-15,0.00490678118927539,0,0,0
2025-09-16,0.0002447081867099061,0,0,0
2025-09-17,-0.0067103361452765225,0,0,0
2025-09-18,-0.007003695253952251,0,0,0
2025-09-19,0.004619707935536238,0,0,0
2025-09-22,-0.0008233841552052118,0,0,0
2025-09-23,-0.004044411439242522,0,0,0
2025-09-24,0.004456188262026127,0,0,0
2025-09-25,0.012600395806137624,0,0,0
2025-09-26,-0.013176930846610002,0,0,0
2025-09-29,-0.002309469848662529,0,0,0
2025-09-30,-0.0016528929382996255,0,0,0
2025-10-09,0.029181302809334387,0,1,1
2025-10-10,-0.018649693208460553,1,0,-1
2025-10-13,-0.006322119665736991,0,0,0
2025-10-14,-0.004788648516667039,0,0,0
2025-10-15,0.0028924444776261,0,0,0
2025-10-16,0.0007424211518573352,0,0,0
2025-10-17,-0.0009074785096639338,0,0,0
2025-10-20,-0.0037210114460008285,0,0,0
2025-10-21,0.005535145694673442,0,0,0
2025-10-22,0.0,0,0,0
2025-10-23,0.0,0,0,0
2025-10-24,0.006323677296040289,0,0,0
2025-10-27,0.0020445723744762284,0,0,0
2025-10-28,-0.015146815759985633,0,0,0
2025-10-29,0.00809587238896914,0,0,0
2025-10-30,-0.0046181840284409735,0,0,0
2025-10-31,-0.0032288805632669747,0,0,0
2025-11-03,0.0029808749405349985,0,0,0
2025-11-04,-0.010388624492108792,0,0,0
2025-11-05,0.002753098973325959,0,0,0
2025-11-06,-0.0023354752462287757,0,0,0
2025-11-07,-0.0025920830600896275,0,0,0
2025-11-10,0.002007360995232145,0,0,0
2025-11-11,-0.0025098314856633634,0,0,0
2025-11-12,-0.0056281386750611445,0,0,0
2025-11-13,0.0018515406737114263,0,0,0
2025-11-14,-0.015677622915468904,0,0,0
2025-11-17,-0.0028225652746784137,0,0,0
2025-11-18,-0.016495041296143476,0,0,0
2025-11-19,0.008583743691391435,0,0,0
2025-11-20,-0.0038925701155113302,0,0,0
2025-11-21,-0.011594080098346367,0,0,0
2025-11-24,0.012893287764530097,0,0,0
2025-11-25,0.005438314581558649,0,0,0
2025-11-26,0.009425140459583113,0,0,0
2025-11-27,-0.003074823058046323,0,0,0
2025-11-28,0.0015385933456623488,0,0,0
2025-12-01,0.006555167558454924,0,0,0
2025-12-02,0.0016956341493818178,0,0,0
2025-12-03,-0.0015259412930438174,0,0,0
2025-12-04,-0.0009336672579120323,0,0,0
2025-12-05,0.0002547229901271142,0,0,0
2025-12-08,0.002035451470284602,0,0,0
2025-12-09,-0.005777907143945121,0,0,0
2025-12-10,-0.002218052436399218,0,0,0
2025-12-11,-0.01047399685166231,0,0,0
2025-12-12,-0.0024194257027950797,0,0,0
2025-12-15,-0.00781661092974484,0,0,0
2025-12-16,-0.021148025791983868,1,0,-1
2025-12-17,0.013357711107783202,0,0,0
2025-12-18,0.001229472360018945,0,0,0
2025-12-19,0.028039220064393126,0,1,1
2025-12-22,0.037847785876838895,0,1,1
2025-12-23,0.01419620806142388,0,0,0
2025-12-24,0.03627505586471172,0,1,1
2025-12-25,-0.020441894083658808,1,0,-1
2025-12-26,0.010628272635334241,0,0,0
2025-12-29,-0.008238975544552845,0,0,0
2025-12-30,0.05177444502282576,0,1,1
2025-12-31,0.0034685602562568867,0,0,0
