date,return,extreme_left,extreme_right,extreme_event
2015-03-30,-0.0015015017835970255,0,0,0
2015-03-31,0.004497758706831612,0,0,0
2015-04-01,0.0,0,0,0
2015-04-02,0.0,0,0,0
2015-04-03,0.00037390166821847914,0,0,0
2015-04-07,0.002613404511516942,0,0,0
2015-04-08,-0.0018660203212713161,0,0,0
2015-04-09,-0.009759837231326928,1,0,-1
2015-04-10,0.0007541478487140704,0,0,0
2015-04-13,-0.012135150814333275,1,0,-1
2015-04-14,-0.006507199994946452,0,0,0
2015-04-15,0.0030674870678618796,0,0,0
2015-04-16,0.009146405226076203,0,0,0
2015-04-17,0.00075843765486218,0,0,0
2015-04-20,-0.006083668953614753,0,0,0
2015-04-21,0.0,0,0,0
2015-04-22,0.0034266167166475134,0,0,0
2015-04-23,0.004172204041977953,0,0,0
2015-04-24,0.0015128595926304088,0,0,0
2015-04-27,0.009778189981635264,0,0,0
2015-04-28,-0.0029985029962565574,0,0,0
2015-04-29,-0.0011267606825906176,0,0,0
2015-04-30,0.0030018784268349835,0,0,0
2015-05-04,0.00560434868704826,0,0,0
2015-05-05,-0.0037327404296839083,0,0,0
2015-05-06,0.01558473101669833,0,1,1
2015-05-07,-0.008875797913968291,0,0,0
2015-05-08,-0.00037154003771261245,0,0,0
2015-05-11,0.0018563213052918172,0,0,0
2015-05-12,-0.012315886218265414,1,0,-1
2015-05-13,0.004869835434186729,0,0,0
2015-05-14,-0.003743920509465064,0,0,0
2015-05-15,0.0003750234433603988,0,0,0
2015-05-18,-0.0037565784222008004,0,0,0
2015-05-19,-0.0037707435327122584,0,0,0
2015-05-20,-0.004923319923874921,0,0,0
2015-05-21,0.008317628293098074,0,0,0
2015-05-22,-0.001130156458584776,0,0,0
2015-05-25,-0.0064284585153417785,0,0,0
2015-05-26,0.001516300517964008,0,0,0
2015-05-27,-0.00037885963703776797,0,0,0
2015-05-28,-0.0015168755278613315,0,0,0
2015-05-29,0.0037878833169371563,0,0,0
2015-06-01,-0.0037878833169370917,0,0,0
2015-06-02,-0.0015191799351699207,0,0,0
2015-06-03,-0.0011409014357915558,0,0,0
2015-06-04,-0.0026671762810947753,0,0,0
2015-06-05,-0.007275544250955785,0,0,0
2015-06-08,-0.004622504378867133,0,0,0
2015-06-09,0.0,0,0,0
2015-06-10,-0.0015455953617805973,0,0,0
2015-06-11,-0.007374378460662395,0,0,0
2015-06-12,-0.006252462729329013,0,0,0
2015-06-15,-0.006291802116527868,0,0,0
2015-06-16,0.00236406729488047,0,0,0
2015-06-17,-0.002364067294880507,0,0,0
2015-06-18,0.0,0,0,0
2015-06-19,0.0035440084347293315,0,0,0
2015-06-23,0.005878911699776059,0,0,0
2015-06-24,0.0011716462968907578,0,0,0
2015-06-25,-0.004302764314868164,0,0,0
2015-06-26,0.00039192632286918155,0,0,0
2015-06-29,-0.001961169485223544,0,0,0
2015-06-30,-0.008675133269996794,0,0,0
2015-07-01,-0.009950330853168092,1,0,-1
2015-07-02,0.0135083500247923,0,1,1
2015-07-03,0.0003945551441991361,0,0,0
2015-07-06,-0.01390290516899138,1,0,-1
2015-07-07,-0.005615738785635745,0,0,0
2015-07-08,-0.031463269455785106,1,0,-1
2015-07-09,0.028240059574216287,0,1,1
2015-07-10,0.001612903575464779,0,0,0
2015-07-13,-0.0012094337293620196,0,0,0
2015-07-14,0.0008064516566105101,0,0,0
2015-07-15,0.0024154601116035583,0,0,0
2015-07-16,0.008807102563017666,0,0,0
2015-07-17,-0.0019948141464331843,0,0,0
2015-07-20,-0.0048038523126453896,0,0,0
2015-07-21,-0.0012045775397517213,0,0,0
2015-07-22,-0.007258096378981926,0,0,0
2015-07-23,0.0,0,0,0
2015-07-24,-0.006903580717753304,0,0,0
2015-07-27,-0.002039568318688988,0,0,0
2015-07-28,0.004074985264024769,0,0,0
2015-07-29,0.004058447128986959,0,0,0
2015-07-30,-0.005686449116558578,0,0,0
2015-07-31,-0.0016306567005084044,0,0,0
2015-08-03,-0.013141872918085338,1,0,-1
2015-08-04,0.004125418392145329,0,0,0
2015-08-05,-0.0020605818129674153,0,0,0
2015-08-06,-0.007869164649343485,0,0,0
2015-08-07,-0.005420067469339145,0,0,0
2015-08-10,0.0004179728378509955,0,0,0
2015-08-11,0.006248718520338279,0,0,0
2015-08-12,0.007859399297889707,0,0,0
2015-08-13,0.0004119464527874422,0,0,0
2015-08-14,-0.002474228066351277,0,0,0
2015-08-17,-0.0033085224555607327,0,0,0
2015-08-18,-0.006233138817782236,0,0,0
2015-08-19,-0.0025041749313212025,0,0,0
2015-08-20,0.0058333498746986935,0,0,0
2015-08-21,-0.00374610219561242,0,0,0
2015-08-24,-0.013434291049127509,1,0,-1
2015-08-25,0.003375530631281214,0,0,0
2015-08-26,-0.0012644891042078112,0,0,0
2015-08-27,0.0025273812947884,0,0,0
2015-08-28,0.00419815897863624,0,0,0
2015-08-31,-0.003777549088102999,0,0,0
2015-09-01,-0.005481776324693815,0,0,0
2015-09-02,0.0021119332031435513,0,0,0
2015-09-07,0.002949233231016996,0,0,0
2015-09-08,0.002521009738548108,0,0,0
2015-09-09,0.012096080748333862,0,1,1
2015-09-10,-0.004154555207147248,0,0,0
2015-09-11,0.00290999997494259,0,0,0
2015-09-14,-0.0029099999749424886,0,0,0
2015-09-15,-0.00920123597440849,0,0,0
2015-09-16,0.0029368596733097057,0,0,0
2015-09-17,0.0016743411194947292,0,0,0
2015-09-18,0.00417362876292856,0,0,0
2015-09-21,-0.00962551897052607,1,0,-1
2015-09-22,-0.0016835020811137647,0,0,0
2015-09-23,-0.005491038084100374,0,0,0
2015-09-24,-0.00042363906585717796,0,0,0
2015-09-25,0.0021164029063776937,0,0,0
2015-09-28,-0.006362693787828657,0,0,0
2015-09-29,-0.007689059667821615,0,0,0
2015-09-30,0.001713796477734598,0,0,0
2015-10-08,-0.016400885539416668,1,0,-1
2015-10-09,0.009528006251654732,0,0,0
2015-10-12,0.0012922681100535742,0,0,0
2015-10-13,-0.009950330853168092,1,0,-1
2015-10-14,-0.014451751409712048,1,0,-1
2015-10-15,-0.0035351340395257157,0,0,0
2015-10-16,-0.008892899869248471,0,0,0
2015-10-19,-0.00942344868844253,1,0,-1
2015-10-20,-0.006785821107969221,0,0,0
2015-10-21,-0.017399706365752898,1,0,-1
2015-10-22,-0.009747118245897588,1,0,-1
2015-10-23,-0.00937213982886321,0,0,0
2015-10-26,-0.014702659915829705,1,0,-1
2015-10-27,0.005717023670482088,0,0,0
2015-10-28,-0.022580829722486862,1,0,-1
2015-10-29,0.0053307613515480735,0,0,0
2015-10-30,0.0004832085138716423,0,0,0
2015-11-02,-0.0033873731881629275,0,0,0
2015-11-03,0.00579991959354677,0,0,0
2015-11-04,0.012928118772097808,0,1,1
2015-11-05,0.004746093389255759,0,0,0
2015-11-06,-0.0014214643473775366,0,0,0
2015-11-09,0.00047404599133756746,0,0,0
2015-11-10,-0.026898835981608693,1,0,-1
2015-11-11,-0.023148041692165455,1,0,-1
2015-11-12,0.0094223360122906,0,0,0
2015-11-13,0.001972387227204354,0,0,0
2015-11-16,-0.004443354632211967,0,0,0
2015-11-17,-0.003469644125113453,0,0,0
2015-11-18,-0.004478733537838095,0,0,0
2015-11-19,-0.0206608508262584,1,0,-1
2015-11-20,0.011642753637405752,0,1,1
2015-11-23,-0.006564022558389994,0,0,0
2015-11-24,-0.010183387390698826,1,0,-1
2015-11-25,0.009676673419887379,0,0,0
2015-11-26,0.03486408879500673,0,1,1
2015-11-27,0.020349539415279703,0,1,1
2015-11-30,-0.02722579440708707,1,0,-1
2015-12-01,0.0054067470124472515,0,0,0
2015-12-02,-0.000980873055591948,0,0,0
2015-12-03,-0.000981836112256813,0,0,0
2015-12-04,0.00880201281809018,0,0,0
2015-12-07,0.0019455259054913527,0,0,0
2015-12-08,0.0038797332855888492,0,0,0
2015-12-09,0.012028049749049748,0,1,1
2015-12-10,-0.007681266763834938,0,0,0
2015-12-11,0.027568285806552,0,1,1
2015-12-14,-0.007057192309998751,0,0,0
2015-12-15,-0.008534902449837444,0,0,0
2015-12-16,-0.0014295928095944335,0,0,0
2015-12-17,0.005231878759333054,0,0,0
2015-12-18,0.014131181923737525,0,1,1
2015-12-21,0.013011335975945369,0,1,1
2015-12-22,-0.0023110710540499243,0,0,0
2015-12-23,0.005537623749543558,0,0,0
2015-12-24,0.00367478594519951,0,0,0
2015-12-25,0.0009165903483148848,0,0,0
2015-12-28,-0.03353830870162327,1,0,-1
2015-12-29,0.01411124074136213,0,1,1
2015-12-30,0.007445357799473511,0,0,0
2015-12-31,0.003239993577215666,0,0,0
2016-01-04,-0.017716081064478903,1,0,-1
2016-01-05,0.013084298814440693,0,1,1
2016-01-06,-0.007923602397186284,0,0,0
2016-01-07,-0.0009363296564226753,0,0,0
2016-01-08,0.006535970979785449,0,0,0
2016-01-11,0.0064935293105483115,0,0,0
2016-01-12,-0.021968632974868795,1,0,-1
2016-01-13,0.0014167652901090277,0,0,0
2016-01-14,0.009861549747598107,0,1,1
2016-01-15,-0.004683849312426314,0,0,0
2016-01-18,0.00701757265864654,0,0,0
2016-01-19,0.007894166837036172,0,0,0
2016-01-20,-0.011162906614163078,1,0,-1
2016-01-21,-0.003279459486373447,0,0,0
2016-01-22,0.014904793854441665,0,1,1
2016-01-25,-0.009756174945364685,1,0,-1
2016-01-26,0.0013995803544232636,0,0,0
2016-01-27,0.005578815027038934,0,0,0
2016-01-28,-0.0037157497466459716,0,0,0
2016-01-29,-0.0018630652803930657,0,0,0
2016-02-01,-0.00748716646863789,0,0,0
2016-02-02,0.002814260769245438,0,0,0
2016-02-03,0.0032733253449691085,0,0,0
2016-02-04,0.017584904775440554,0,1,1
2016-02-05,-0.009216655104923952,0,0,0
2016-02-15,0.006920442844573757,0,0,0
2016-02-16,0.015511259897332721,0,1,1
2016-02-17,-0.005902400790695974,0,0,0
2016-02-18,-0.0013670542115330011,0,0,0
2016-02-19,0.008626614224337264,0,0,0
2016-02-22,0.01347124098987978,0,1,1
2016-02-23,0.0013371965442493393,0,0,0
2016-02-24,-0.006703935722190218,0,0,0
2016-02-25,0.007149270844224112,0,0,0
2016-02-26,0.003111805133855946,0,0,0
2016-02-29,0.0,0,0,0
2016-03-01,-0.0035571402558897546,0,0,0
2016-03-02,0.00886923774077979,0,0,0
2016-03-03,0.003525785935408873,0,0,0
2016-03-04,0.006140370170237918,0,0,0
2016-03-07,0.001747488430714463,0,0,0
2016-03-08,0.006959575720258189,0,0,0
2016-03-09,-0.014407583863272296,1,0,-1
2016-03-10,-0.004849028676943986,0,0,0
2016-03-11,0.005288685751513486,0,0,0
2016-03-14,-0.0035226808775217612,0,0,0
2016-03-15,-0.0030925582411974795,0,0,0
2016-03-16,-0.0022148403295527874,0,0,0
2016-03-17,0.005748412910864052,0,0,0
2016-03-18,0.010090017605852845,0,1,1
2016-03-21,0.002615520235602774,0,0,0
2016-03-22,0.0026086971315870218,0,0,0
2016-03-23,-0.0013034979034440947,0,0,0
2016-03-24,0.0021715535135079325,0,0,0
2016-03-25,0.015070252920998173,0,1,1
2016-03-28,0.0034129725962399426,0,0,0
2016-03-29,0.0012768675920824721,0,0,0
2016-03-30,-0.0012768675920824344,0,0,0
2016-03-31,0.0029768255025309754,0,0,0
2016-04-01,0.009719070800209015,0,0,0
2016-04-05,-0.003369843121550324,0,0,0
2016-04-06,-0.007198845401814388,0,0,0
2016-04-07,0.0012741560441148472,0,0,0
2016-04-08,-0.01238538146918557,1,0,-1
2016-04-11,0.011960843148226395,0,1,1
2016-04-12,0.0008488964856129904,0,0,0
2016-04-13,0.013485244389678524,0,1,1
2016-04-14,0.0012549677447127264,0,0,0
2016-04-15,0.0,0,0,0
2016-04-18,-0.0004181476121976519,0,0,0
2016-04-19,0.0066694703247472,0,0,0
2016-04-20,0.003318128303601206,0,0,0
2016-04-21,0.02655927307235488,0,1,1
2016-04-22,0.032139247040497435,0,1,1
2016-04-25,0.0062281244528398045,0,0,0
2016-04-26,-0.007400228513577013,0,0,0
2016-04-27,0.002342835901772667,0,0,0
2016-04-28,-0.026478527760787414,1,0,-1
2016-04-29,0.01746769304039078,0,1,1
2016-05-03,0.003927734821647318,0,0,0
2016-05-04,-0.02219670995619234,1,0,-1
2016-05-05,-0.0016044929234385983,0,0,0
2016-05-06,-0.009276130236901955,0,0,0
2016-05-09,-0.023366506844107366,1,0,-1
2016-05-10,-0.012101128265925588,1,0,-1
2016-05-11,0.017478597273959763,0,1,1
2016-05-12,0.004116926358267489,0,0,0
2016-05-13,-0.008250871889995634,0,0,0
2016-05-16,0.012760000251495637,0,1,1
2016-05-17,0.01703204189443217,0,1,1
2016-05-18,-0.013357818532547874,1,0,-1
2016-05-19,0.004472461205933673,0,0,0
2016-05-20,0.008885357326614267,0,0,0
2016-05-23,-0.012950403574783685,1,0,-1
2016-05-24,-0.0004074149577642133,0,0,0
2016-05-25,-0.016848559645825063,1,0,-1
2016-05-26,0.009896988000174555,0,1,1
2016-05-27,0.002868266666279753,0,0,0
2016-05-30,0.006118721924706588,0,0,0
2016-05-31,-0.0028507451600904956,0,0,0
2016-06-01,-0.013963265881364016,1,0,-1
2016-06-02,0.004538897827434613,0,0,0
2016-06-03,-0.019959082515309763,1,0,-1
2016-06-06,-0.01055530171538541,1,0,-1
2016-06-07,-0.010667905735720153,1,0,-1
2016-06-08,0.018278936133856227,0,1,1
2016-06-13,-0.0016863410404364776,0,0,0
2016-06-14,0.0004218519362285388,0,0,0
2016-06-15,0.0012644891042078448,0,0,0
2016-06-16,0.0037839019291287224,0,0,0
2016-06-17,0.005857757335642229,0,0,0
2016-06-20,0.009549584716347717,0,0,0
2016-06-21,0.008640251242227948,0,0,0
2016-06-22,0.011405418952219472,0,1,1
2016-06-23,-0.000810372815822793,0,0,0
2016-06-24,-0.013466842981884167,1,0,-1
2016-06-27,0.01670440145531813,0,1,1
2016-06-28,0.0008077544865688867,0,0,0
2016-06-29,-0.0016161619679433783,0,0,0
2016-06-30,0.013255867934597466,0,1,1
2016-07-01,0.004777079148278907,0,0,0
2016-07-04,-0.004378116445999136,0,0,0
2016-07-05,-0.004397368668975101,0,0,0
2016-07-06,0.0,0,0,0
2016-07-07,-0.001603849581974516,0,0,0
2016-07-08,0.00839165763624838,0,0,0
2016-07-11,0.0067420441779736705,0,0,0
2016-07-12,-0.011928570865273845,1,0,-1
2016-07-13,0.012323749688831903,0,1,1
2016-07-14,0.0035495994674581257,0,0,0
2016-07-15,-0.001181800413300368,0,0,0
2016-07-18,-0.01349226816750762,1,0,-1
2016-07-19,-0.018956002164741116,1,0,-1
2016-07-20,0.004063394457256417,0,0,0
2016-07-21,0.004854378464798143,0,0,0
2016-07-22,-0.0187378191030301,1,0,-1
2016-07-25,0.0024640669551592785,0,0,0
2016-07-26,-0.0057589628520117436,0,0,0
2016-07-27,-0.004133945531728226,0,0,0
2016-07-28,0.02252808768770265,0,1,1
2016-07-29,-0.006909192289077496,0,0,0
2016-08-01,0.005287789420688547,0,0,0
2016-08-02,-0.009784016083830413,1,0,-1
2016-08-03,-0.012781043908259343,1,0,-1
2016-08-04,0.0012440391403310493,0,0,0
2016-08-05,0.012765254666454116,0,1,1
2016-08-08,0.013412109197873712,0,1,1
2016-08-09,-0.006074122744960779,0,0,0
2016-08-10,0.012512776779159091,0,1,1
2016-08-11,-0.006035021334470138,0,0,0
2016-08-12,-0.0032336325670649104,0,0,0
2016-08-15,-0.004463387405830345,0,0,0
2016-08-16,0.010920229854463958,0,1,1
2016-08-17,0.0016077173880968793,0,0,0
2016-08-18,0.026160826038672057,0,1,1
2016-08-19,-0.007461255898143601,0,0,0
2016-08-22,-0.0247418845964912,1,0,-1
2016-08-23,0.00523877885627942,0,0,0
2016-08-24,-0.0016090108057006626,0,0,0
2016-08-25,-0.00646205802809098,0,0,0
2016-08-26,0.0024281679271546926,0,0,0
2016-08-29,-0.002023063607253651,0,0,0
2016-08-30,-0.0020271646917690775,0,0,0
2016-08-31,-0.008559253395669948,0,0,0
2016-09-01,0.0012272449893771938,0,0,0
2016-09-02,-0.002046245854157645,0,0,0
2016-09-05,-0.019859982484586747,1,0,-1
2016-09-06,0.002504174931321184,0,0,0
2016-09-07,0.0012497398002342531,0,0,0
2016-09-08,-0.0016666670524693402,0,0,0
2016-09-09,0.004991690897241196,0,0,0
2016-09-12,-0.007496911414178298,0,0,0
2016-09-13,0.005420067469339113,0,0,0
2016-09-14,-0.012552466071119973,1,0,-1
2016-09-19,0.003362760630000647,0,0,0
2016-09-20,0.01251058852628969,0,1,1
2016-09-21,0.00660886337714066,0,0,0
2016-09-22,0.0134943777422264,0,1,1
2016-09-23,0.014916624090553453,0,1,1
2016-09-26,-0.006020487781583025,0,0,0
2016-09-27,0.006020487781583025,0,0,0
2016-09-28,-0.0040096284673603955,0,0,0
2016-09-29,0.011583912236700555,0,1,1
2016-09-30,-0.009978131080734597,1,0,-1
2016-10-10,0.0315857287581862,0,1,1
2016-10-11,-0.01212136053234485,1,0,-1
2016-10-12,-0.0035468017477241374,0,0,0
2016-10-13,0.007864767239808659,0,0,0
2016-10-14,0.007803395040260407,0,0,0
2016-10-17,-0.01133488782173146,1,0,-1
2016-10-18,0.005097050831173897,0,0,0
2016-10-19,-0.015369760686894104,1,0,-1
2016-10-20,-0.0011921320704529087,0,0,0
2016-10-21,0.004364220376596915,0,0,0
2016-10-24,0.02347525642136645,0,1,1
2016-10-25,0.028213842443941973,0,1,1
2016-10-26,0.023775265493658267,0,1,1
2016-10-27,-0.0066298585386696885,0,0,0
2016-10-28,0.024097551579060524,0,1,1
2016-10-31,0.017167803622365498,0,1,1
2016-11-01,0.0010632643213300838,0,0,0
2016-11-02,-0.0670212321131275,1,0,-1
2016-11-03,0.01578386770126195,0,1,1
2016-11-04,-0.012380574569554091,1,0,-1
2016-11-07,0.007146917763444722,0,0,0
2016-11-08,0.001123806074446575,0,0,0
2016-11-09,0.010057823657740272,0,1,1
2016-11-10,0.04138521616285428,0,1,1
2016-11-11,0.0031954580714408185,0,0,0
2016-11-14,0.01582589738612088,0,1,1
2016-11-15,-0.03768664967692144,1,0,-1
2016-11-16,-0.014598799421152636,1,0,-1
2016-11-17,-0.012578782206860073,1,0,-1
2016-11-18,0.015149005762405658,0,1,1
2016-11-21,0.03282530961303709,0,1,1
2016-11-22,0.008480616198420353,0,0,0
2016-11-23,-0.007771144724886634,0,0,0
2016-11-24,-0.0017746233583684897,0,0,0
2016-11-25,-0.00820407669152768,0,0,0
2016-11-28,0.008914303994109408,0,0,0
2016-11-29,-0.03724892748155819,1,0,-1
2016-11-30,-0.022355625502661645,1,0,-1
2016-12-01,0.018664222270701802,0,1,1
2016-12-02,-0.014528100562909744,1,0,-1
2016-12-05,-0.010562150246658278,1,0,-1
2016-12-06,-0.0015180268569772474,0,0,0
2016-12-07,-0.003424009432329725,0,0,0
2016-12-08,-0.0007624857403344817,0,0,0
2016-12-09,0.01589136733663466,0,1,1
2016-12-12,0.00934062460858491,0,0,0
2016-12-13,-0.010843254493119887,1,0,-1
2016-12-14,-0.01974247872920115,1,0,-1
2016-12-15,-0.0026876575978920405,0,0,0
2016-12-16,-0.006944472352811046,0,0,0
2016-12-19,-0.022314490185404115,1,0,-1
2016-12-20,0.002767347091238775,0,0,0
2016-12-21,0.01683343722256907,0,1,1
2016-12-22,-0.006230549750636086,0,0,0
2016-12-23,-0.007843177461025893,0,0,0
2016-12-26,-0.004735604745834239,0,0,0
2016-12-27,0.011797226872039912,0,1,1
2016-12-28,-0.011006400417222081,1,0,-1
2016-12-29,0.005518342738446812,0,0,0
2016-12-30,0.005878911699776059,0,0,0
2017-01-03,-0.016151621555496355,1,0,-1
2017-01-04,0.007123100952824149,0,0,0
2017-01-05,-0.006726039204506308,0,0,0
2017-01-06,-0.006771585325753749,0,0,0
2017-01-09,0.005579926793474733,0,0,0
2017-01-10,0.02279077033574093,0,1,1
2017-01-11,0.013122534890471632,0,1,1
2017-01-12,0.018237587549780793,0,1,1
2017-01-13,0.00862235894828421,0,0,0
2017-01-16,-0.0003733432934909751,0,0,0
2017-01-17,-0.005241494590838067,0,0,0
2017-01-18,0.0011254925217345582,0,0,0
2017-01-19,0.0014986889279467019,0,0,0
2017-01-20,-0.0014986889279465588,0,0,0
2017-01-23,0.026273481666379873,0,1,1
2017-01-24,0.0025533480952368297,0,0,0
2017-01-25,0.023403408384160395,0,1,1
2017-01-26,-0.015420782540865504,1,0,-1
2017-02-03,-0.005435780733691596,0,0,0
2017-02-06,-0.009492586796756318,1,0,-1
2017-02-07,-0.0022034529664349094,0,0,0
2017-02-08,0.006961009973035242,0,0,0
2017-02-09,0.002916516832195721,0,0,0
2017-02-10,0.001818512957960438,0,0,0
2017-02-13,0.01978837730864811,0,1,1
2017-02-14,0.02671512127651975,0,1,1
2017-02-15,-0.004867881657037423,0,0,0
2017-02-16,0.0013932429979247472,0,0,0
2017-02-17,-0.021105250489432733,1,0,-1
2017-02-20,0.005671762811710401,0,0,0
2017-02-21,0.005639775258864054,0,0,0
2017-02-22,-0.01916311302410917,1,0,-1
2017-02-23,-0.008274916798761975,0,0,0
2017-02-24,-0.009072825799956965,0,0,0
2017-02-27,0.002912269986971305,0,0,0
2017-02-28,0.0010899183640256005,0,0,0
2017-03-01,0.029340208363418028,0,1,1
2017-03-02,-0.0024713163504509836,0,0,0
2017-03-03,0.0014129285289492962,0,0,0
2017-03-06,-0.031190913502600236,1,0,-1
2017-03-07,0.0014556043327005853,0,0,0
2017-03-08,-0.004373184812222763,0,0,0
2017-03-09,-0.0010962909923125797,0,0,0
2017-03-10,0.01847543948366952,0,1,1
2017-03-13,-0.003595832713055841,0,0,0
2017-03-14,-0.016343200152990147,1,0,-1
2017-03-15,0.006933069186911968,0,0,0
2017-03-16,0.015157273221646167,0,1,1
2017-03-17,-0.014430264829028783,1,0,-1
2017-03-20,0.000726480235365932,0,0,0
2017-03-21,0.007956642338094962,0,0,0
2017-03-22,-0.005418109696540702,0,0,0
2017-03-23,0.0021707678567714737,0,0,0
2017-03-24,-0.010170810523847744,1,0,-1
2017-03-27,0.0014593216745249701,0,0,0
2017-03-28,-0.004750602758597865,0,0,0
2017-03-29,0.013462091607920442,0,1,1
2017-03-30,-0.0010847948993653624,0,0,0
2017-03-31,0.012583304627893055,0,1,1
2017-04-05,0.011720965298156893,0,1,1
2017-04-06,-0.004600963699497837,0,0,0
2017-04-07,-0.0064057158540040075,0,0,0
2017-04-10,0.004630462414225864,0,0,0
2017-04-11,-0.00641713432063354,0,0,0
2017-04-12,-0.0007155635367937264,0,0,0
2017-04-13,0.011034103763634232,0,1,1
2017-04-14,0.007054702979890033,0,0,0
2017-04-17,0.01811265120891906,0,1,1
2017-04-18,0.0006901311523051566,0,0,0
2017-04-19,-0.016696040008983542,1,0,-1
2017-04-20,0.00664221984099482,0,0,0
2017-04-21,0.0003483713673972248,0,0,0
2017-04-24,-0.001743071732946779,0,0,0
2017-04-25,0.003135344843333704,0,0,0
2017-04-26,0.0,0,0,0
2017-04-27,0.0,0,0,0
2017-04-28,-0.025362402066662584,1,0,-1
2017-05-02,-0.011482006301809913,1,0,-1
2017-05-03,0.007549919019284685,0,0,0
2017-05-04,-0.0050269405679740625,0,0,0
2017-05-05,0.004310351501122263,0,0,0
2017-05-08,-0.018448705552333182,1,0,-1
2017-05-09,0.006912889090169028,0,0,0
2017-05-10,0.0039804648177147,0,0,0
2017-05-11,0.0,0,0,0
2017-05-12,0.0007220216920166442,0,0,0
2017-05-15,0.009339148338981374,0,0,0
2017-05-16,-0.0014311272567829295,0,0,0
2017-05-17,0.006424004961355101,0,0,0
2017-05-18,-0.008933416566780868,0,0,0
2017-05-19,0.007153106322655144,0,0,0
2017-05-22,-0.002855105436979806,0,0,0
2017-05-23,-0.005734782742038279,0,0,0
2017-05-24,0.005377320718571469,0,0,0
2017-05-25,0.007479999256665702,0,0,0
2017-05-26,-0.0003549245822529426,0,0,0
2017-05-31,-0.026620276938769324,1,0,-1
2017-06-01,0.0065407209925513,0,0,0
2017-06-02,-0.001087153576907308,0,0,0
2017-06-05,-0.003268570188001426,0,0,0
2017-06-06,-0.005105773309164144,0,0,0
2017-06-07,0.001096290992312545,0,0,0
2017-06-08,0.009812908108040965,0,1,1
2017-06-09,-0.013105393248096757,1,0,-1
2017-06-12,0.0073019674569073335,0,0,0
2017-06-13,-0.0029143918624598805,0,0,0
2017-06-14,-0.0018258175603446793,0,0,0
2017-06-15,-0.009179429243775593,0,0,0
2017-06-16,0.002946595133805273,0,0,0
2017-06-19,0.01605288029094588,0,1,1
2017-06-20,0.012945164592036986,0,1,1
2017-06-21,-0.006451635281488719,0,0,0
2017-06-22,-0.010119349091357534,1,0,-1
2017-06-23,0.012274522339340973,0,1,1
2017-06-26,-0.002874597739444469,0,0,0
2017-06-27,0.0025157245972473705,0,0,0
2017-06-28,0.0017930791965711918,0,0,0
2017-06-29,0.0021474596656376106,0,0,0
2017-06-30,-0.0028643055744708144,0,0,0
2017-07-03,0.013179175616983866,0,1,1
2017-07-04,-0.00638979809877101,0,0,0
2017-07-05,0.009216655104924048,0,0,0
2017-07-06,0.002818888406420201,0,0,0
2017-07-07,0.001055037903385308,0,0,0
2017-07-10,-0.003521130398578825,0,0,0
2017-07-11,0.0007052186469989253,0,0,0
2017-07-12,0.0021126768421484126,0,0,0
2017-07-13,0.0073594164295363584,0,0,0
2017-07-14,0.003833425150914504,0,0,0
2017-07-17,0.008658062743114531,0,0,0
2017-07-18,-0.010398707220898622,1,0,-1
2017-07-19,0.009018444751940293,0,0,0
2017-07-20,-0.004152255100767307,0,0,0
2017-07-21,0.0017322020613956628,0,0,0
2017-07-24,0.0006920415501107148,0,0,0
2017-07-25,0.007924244738804037,0,0,0
2017-07-26,-0.004126553311016978,0,0,0
2017-07-27,-0.005182253781198023,0,0,0
2017-07-28,-0.0038174608219978105,0,0,0
2017-07-31,0.011408939654264417,0,1,1
2017-08-01,-0.008284479553001687,0,0,0
2017-08-02,0.02329670280172267,0,1,1
2017-08-03,-0.005432950545302597,0,0,0
2017-08-04,0.005432950545302548,0,0,0
2017-08-07,0.02508073281341672,0,1,1
2017-08-08,0.019297409944819998,0,1,1
2017-08-09,0.0492990818051586,0,1,1
2017-08-10,-0.008049579068291653,0,0,0
2017-08-11,0.0003108003133021071,0,0,0
2017-08-14,-0.019454645586563638,1,0,-1
2017-08-15,0.0018993358036525374,0,0,0
2017-08-16,0.018176620769036634,0,1,1
2017-08-17,0.025752496102414764,0,1,1
2017-08-18,-0.010343870749569661,1,0,-1
2017-08-21,0.004881034705914388,0,0,0
2017-08-22,-0.002742649898398804,0,0,0
2017-08-23,-0.01073794640319317,1,0,-1
2017-08-24,0.01560858008074277,0,1,1
2017-08-25,0.009369873598974598,0,0,0
2017-08-28,-0.015461881474158296,1,0,-1
2017-08-29,-0.007359738832080157,0,0,0
2017-08-30,0.008275909303859661,0,0,0
2017-08-31,0.0051758374034042215,0,0,0
2017-09-01,0.018354660006789952,0,1,1
2017-09-04,-0.011092903436101795,1,0,-1
2017-09-05,-0.0012066366471565324,0,0,0
2017-09-06,-0.010925753601081216,1,0,-1
2017-09-07,-0.014446232482112414,1,0,-1
2017-09-08,-0.017489515130347796,1,0,-1
2017-09-11,0.04074637729461506,0,1,1
2017-09-12,0.004828011792270793,0,0,0
2017-09-13,-0.0030147746680899068,0,0,0
2017-09-14,0.0018099552452393861,0,0,0
2017-09-15,-0.02070719542660662,1,0,-1
2017-09-18,0.007357482607296982,0,0,0
2017-09-19,0.007303745188464087,0,0,0
2017-09-20,0.033689279299101614,0,1,1
2017-09-21,-0.01565994478115956,1,0,-1
2017-09-22,-0.022892565987449976,1,0,-1
2017-09-25,0.0006091989222825442,0,0,0
2017-09-26,0.005466153907754393,0,0,0
2017-09-27,-0.0012121213605291218,0,0,0
2017-09-28,-0.010975719938584993,1,0,-1
2017-09-29,0.002143623543251369,0,0,0
2017-10-09,0.0205880720271633,0,1,1
2017-10-10,-0.013576916954413544,1,0,-1
2017-10-11,-0.007929288266550061,0,0,0
2017-10-12,0.007321570229007097,0,0,0
2017-10-13,0.013285219551321661,0,1,1
2017-10-16,-0.012070152573153718,1,0,-1
2017-10-17,-0.007312646846286602,0,0,0
2017-10-18,-0.016651633592442032,1,0,-1
2017-10-19,0.004343785917845313,0,0,0
2017-10-20,0.010777625493829115,0,1,1
2017-10-23,-0.005220340428962825,0,0,0
2017-10-24,0.0012307693861326667,0,0,0
2017-10-25,0.0006148171112820002,0,0,0
2017-10-26,0.01343121534056103,0,1,1
2017-10-27,-0.013738576646192708,1,0,-1
2017-10-30,0.0006146281693181382,0,0,0
2017-10-31,-0.0006146281693181736,0,0,0
2017-11-01,-0.0018461543705055436,0,0,0
2017-11-02,0.0006157635662544091,0,0,0
2017-11-03,-0.0003078343875317299,0,0,0
2017-11-06,-0.004938281640582566,0,0,0
2017-11-07,-0.0077652199478310605,0,0,0
2017-11-08,-0.01160433282182865,1,0,-1
2017-11-09,-0.023943681752629783,1,0,-1
2017-11-10,0.00290369618441283,0,0,0
2017-11-13,0.0025740039951728426,0,0,0
2017-11-14,-0.00580085416527082,0,0,0
2017-11-15,0.00032315398568504483,0,0,0
2017-11-16,0.00032304959092122607,0,0,0
2017-11-17,-0.005181358741997629,0,0,0
2017-11-20,-0.0176879816193189,1,0,-1
2017-11-21,-0.014647399023617483,1,0,-1
2017-11-22,0.00568468342432527,0,0,0
2017-11-23,0.0006666666913580855,0,0,0
2017-11-24,0.002662231189678155,0,0,0
2017-11-27,-0.007673098530909569,0,0,0
2017-11-28,-0.011113096355213016,1,0,-1
2017-11-29,-0.010211116632676705,1,0,-1
2017-11-30,-0.003427008151811291,0,0,0
2017-12-01,0.0024001383028927317,0,0,0
2017-12-04,-0.004118056608917486,0,0,0
2017-12-05,0.0054869822162591985,0,0,0
2017-12-06,-0.015509530257493218,1,0,-1
2017-12-07,-0.013286908757987962,1,0,-1
2017-12-08,0.008063146226348322,0,0,0
2017-12-11,-0.005602255548669898,0,0,0
2017-12-12,0.0007020007308297848,0,0,0
2017-12-13,0.0,0,0,0
2017-12-14,0.0017528488274143868,0,0,0
2017-12-15,0.012184659016367219,0,1,1
2017-12-18,0.004488182918152006,0,0,0
2017-12-19,-0.00241421051902293,0,0,0
2017-12-20,0.014058177693013183,0,1,1
2017-12-21,-0.0013628622211690814,0,0,0
2017-12-22,-0.002389487397381467,0,0,0
2017-12-25,0.0057931666534030675,0,0,0
2017-12-26,-0.007161155922827953,0,0,0
2017-12-27,0.00919781650463145,0,0,0
2017-12-28,0.02544496164966569,0,1,1
2017-12-29,0.006589809679055583,0,0,0
2018-01-02,-0.00990107098271157,1,0,-1
2018-01-03,-0.0006635700309846013,0,0,0
2018-01-04,-0.0009961813873798676,0,0,0
2018-01-05,0.003647823643750586,0,0,0
2018-01-08,-0.011318363170562132,1,0,-1
2018-01-09,0.0030085264210003592,0,0,0
2018-01-10,0.005326244282674163,0,0,0
2018-01-11,0.00991088389945396,0,1,1
2018-01-12,-0.007920833491443997,0,0,0
2018-01-15,0.0026472550205070547,0,0,0
2018-01-16,-0.025775485533024955,1,0,-1
2018-01-17,-0.007829827235206643,0,0,0
2018-01-18,-0.0006837607104005313,0,0,0
2018-01-19,0.00986906087425346,0,1,1
2018-01-22,-0.007136818737380575,0,0,0
2018-01-23,-0.0006823609954291395,0,0,0
2018-01-24,-0.0006828269299107778,0,0,0
2018-01-25,0.010193768189543024,0,1,1
2018-01-26,-0.01121888360478829,1,0,-1
2018-01-29,0.003072199036970059,0,0,0
2018-01-30,-0.013727051511497826,1,0,-1
2018-01-31,-0.0020754071787123067,0,0,0
2018-02-01,-0.007298034129347026,0,0,0
2018-02-02,0.003829421563943182,0,0,0
2018-02-05,-0.004876359366776929,0,0,0
2018-02-06,-0.01264950106407286,1,0,-1
2018-02-07,0.00458635483772447,0,0,0
2018-02-08,0.0007037297968118593,0,0,0
2018-02-09,-0.002112676842148408,0,0,0
2018-02-12,0.009472093271684898,0,0,0
2018-02-13,0.0041811907604011106,0,0,0
2018-02-14,-0.019309007838941065,1,0,-1
2018-02-22,0.0014169325785450756,0,0,0
2018-02-23,0.016848415398748148,0,1,1
2018-02-26,-0.0048848666569778,0,0,0
2018-02-27,-0.0006997900915387793,0,0,0
2018-02-28,0.002796226918066868,0,0,0
2018-03-01,0.004527258298473232,0,0,0
2018-03-02,-0.003480685727802112,0,0,0
2018-03-05,-0.00314300939719914,0,0,0
2018-03-06,0.010092307690405125,0,1,1
2018-03-07,-0.012543718478530285,1,0,-1
2018-03-08,-0.0021060028843889185,0,0,0
2018-03-09,-0.010952238076006973,1,0,-1
2018-03-12,-0.0007107320839339375,0,0,0
2018-03-13,-0.014682448180062953,1,0,-1
2018-03-14,0.007189103572469256,0,0,0
2018-03-15,0.0025040256331905035,0,0,0
2018-03-16,0.0,0,0,0
2018-03-19,-0.002504025633190425,0,0,0
2018-03-20,0.0021466913431633337,0,0,0
2018-03-21,-0.003939127743478292,0,0,0
2018-03-22,0.002508512334958858,0,0,0
2018-03-23,-0.014783034674299766,1,0,-1
2018-03-26,-0.003639014205004093,0,0,0
2018-03-27,0.007988423018832042,0,0,0
2018-03-28,-0.006167260614195201,0,0,0
2018-03-29,0.005805531545320496,0,0,0
2018-03-30,-0.00362450559896036,0,0,0
2018-04-02,0.01585047593682632,0,1,1
2018-04-03,0.006412562052506479,0,0,0
2018-04-04,-0.004983990380980737,0,0,0
2018-04-09,0.01347060425829944,0,1,1
2018-04-10,0.010507977598415165,0,1,1
2018-04-11,0.0017406444777841182,0,0,0
2018-04-12,-0.0034843240826109225,0,0,0
2018-04-13,0.017644463979708837,0,1,1
2018-04-16,0.0030816665374081144,0,0,0
2018-04-17,0.019970201657694663,0,1,1
2018-04-18,0.0006700167754842812,0,0,0
2018-04-19,0.029695352526398797,0,1,1
2018-04-20,-0.028022271995586573,1,0,-1
2018-04-23,0.005335124358580949,0,0,0
2018-04-24,-0.04419481943698113,1,0,-1
2018-04-25,0.0013893715329805695,0,0,0
2018-04-26,-0.0027806761052389674,0,0,0
2018-04-27,0.00797369452631742,0,0,0
2018-05-02,-0.0034590141717907807,0,0,0
2018-05-03,0.009312017625618394,0,0,0
2018-05-04,0.0006863418251581539,0,0,0
2018-05-07,0.005814964221949437,0,0,0
2018-05-08,0.0064593119363973075,0,0,0
2018-05-09,-0.00850779336286978,0,0,0
2018-05-10,-0.0003418219141127127,0,0,0
2018-05-11,0.003072199036970059,0,0,0
2018-05-14,-0.0023886720110411386,0,0,0
2018-05-15,0.00579119315688102,0,0,0
2018-05-16,0.004744163421978203,0,0,0
2018-05-17,0.0064027177450312,0,0,0
2018-05-18,-0.0030277567285052725,0,0,0
2018-05-21,-0.005066722543348362,0,0,0
2018-05-22,-0.010553289433277923,1,0,-1
2018-05-23,-0.0006846970483173513,0,0,0
2018-05-24,0.00988251355294884,0,1,1
2018-05-25,0.005410902616549558,0,0,0
2018-05-28,-0.0016877641137197409,0,0,0
2018-05-29,-0.005080451232418952,0,0,0
2018-05-30,-0.002379739351864467,0,0,0
2018-05-31,-0.0068306276510916525,0,0,0
2018-06-01,0.004103972928382017,0,0,0
2018-06-04,-0.0006828269299107778,0,0,0
2018-06-05,0.000341471746531259,0,0,0
2018-06-06,0.016255014188042802,0,1,1
2018-06-07,0.009028651868248957,0,0,0
2018-06-08,-0.007350517559341588,0,0,0
2018-06-11,0.0003352891900648109,0,0,0
2018-06-12,-0.0016775712707941758,0,0,0
2018-06-13,-0.014885254541027222,1,0,-1
2018-06-14,-0.0034141378332578965,0,0,0
2018-06-15,-0.014468044310201718,1,0,-1
2018-06-19,-0.02139306555747112,1,0,-1
2018-06-20,0.0067126201532554846,0,0,0
2018-06-21,-0.00105689634640043,0,0,0
2018-06-22,0.001760873848194691,0,0,0
2018-06-25,-0.004938281640582566,0,0,0
2018-06-26,-0.007453450654580891,0,0,0
2018-06-27,0.009925639799969998,0,1,1
2018-06-28,0.0,0,0,0
2018-06-29,-0.0007057163313359158,0,0,0
2018-07-02,-0.013504114241317007,1,0,-1
2018-07-03,0.0035714323675971795,0,0,0
2018-07-04,-0.005003584420474533,0,0,0
2018-07-05,-0.002511212082011858,0,0,0
2018-07-06,0.01142869582362285,0,1,1
2018-07-09,0.006018782552583592,0,0,0
2018-07-10,0.0014109349783349007,0,0,0
2018-07-11,-0.01241370791189902,1,0,-1
2018-07-12,0.008174916683588994,0,0,0
2018-07-13,-0.006035878434839571,0,0,0
2018-07-16,-0.002853068982406399,0,0,0
2018-07-17,0.005342844410495446,0,0,0
2018-07-18,-0.0035587226169941063,0,0,0
2018-07-19,0.0028479905330602295,0,0,0
2018-07-20,-0.0007112375833250059,0,0,0
2018-07-23,0.013427763591376351,0,1,1
2018-07-24,0.00629813138546161,0,0,0
2018-07-25,0.003481897668178038,0,0,0
2018-07-26,-0.0038307551634307476,0,0,0
2018-07-27,0.004872964741874408,0,0,0
2018-07-30,0.0010411245084105101,0,0,0
2018-07-31,0.008634141015007701,0,0,0
2018-08-01,-0.007594099319593804,0,0,0
2018-08-02,-0.007652211253279929,0,0,0
2018-08-03,0.0048763593667769355,0,0,0
2018-08-06,0.0003474031648627086,0,0,0
2018-08-07,0.002428448721640352,0,0,0
2018-08-08,0.004494389587839267,0,0,0
2018-08-09,0.022511182510170265,0,1,1
2018-08-10,-0.013924490562156729,1,0,-1
2018-08-13,0.004776535864153526,0,0,0
2018-08-14,0.0006805035989046138,0,0,0
2018-08-15,-0.010944021679317255,1,0,-1
2018-08-16,-0.006901338640693157,0,0,0
2018-08-17,-0.0024267649281883696,0,0,0
2018-08-20,0.003465006931817485,0,0,0
2018-08-21,0.017147196537648863,0,1,1
2018-08-22,-0.0034059978431025873,0,0,0
2018-08-23,-0.001707359130822818,0,0,0
2018-08-24,0.010877061690675389,0,1,1
2018-08-27,-0.0037256605330503647,0,0,0
2018-08-28,0.015822582241878963,0,1,1
2018-08-29,-0.006366246999843557,0,0,0
2018-08-30,0.0050293484050019585,0,0,0
2018-08-31,-0.004021453140777836,0,0,0
2018-09-03,-0.0030267384801945284,0,0,0
2018-09-04,-0.0054035930198371475,0,0,0
2018-09-05,-0.006454923040995631,0,0,0
2018-09-06,0.0010219724956929677,0,0,0
2018-09-07,-0.0020449904877275966,0,0,0
2018-09-10,-0.0006825938831589556,0,0,0
2018-09-11,0.005108133021033345,0,0,0
2018-09-12,-0.01127253610314366,1,0,-1
2018-09-13,-0.0034411596242191846,0,0,0
2018-09-14,0.0055001857463173355,0,0,0
2018-09-17,-0.009645269401486198,1,0,-1
2018-09-18,0.0027652973031152012,0,0,0
2018-09-19,0.0034459027895256066,0,0,0
2018-09-20,0.0027481982257167386,0,0,0
2018-09-21,0.008539761548134581,0,0,0
2018-09-25,-0.006141268022082465,0,0,0
2018-09-26,-0.004802753657234859,0,0,0
2018-09-27,-0.012456908485295154,1,0,-1
2018-09-28,-0.003487970051718531,0,0,0
2018-10-08,0.00973582099008165,0,0,0
2018-10-09,0.007583628210098639,0,0,0
2018-10-10,-0.011049836186584935,1,0,-1
2018-10-11,-0.015043138321140268,1,0,-1
2018-10-12,0.00877352530754489,0,0,0
2018-10-15,-0.010184460285879713,1,0,-1
2018-10-16,0.0056318346673917144,0,0,0
2018-10-17,0.0038535693159899723,0,0,0
2018-10-18,-0.01125187679743492,1,0,-1
2018-10-19,0.0003535442851039067,0,0,0
2018-10-22,0.002118644860285155,0,0,0
2018-10-23,0.0017621149933992233,0,0,0
2018-10-24,0.003514942107444592,0,0,0
2018-10-25,0.0003508156499758725,0,0,0
2018-10-26,-0.00598066866204626,0,0,0
2018-10-29,0.0014104374693621117,0,0,0
2018-10-30,-0.007427089843615341,0,0,0
2018-10-31,-0.008914303994109562,0,0,0
2018-11-01,-0.0064678630074862355,0,0,0
2018-11-02,0.0064678630074861375,0,0,0
2018-11-05,-0.00286944242795282,0,0,0
2018-11-06,-0.0003592599284195314,0,0,0
2018-11-07,0.0,0,0,0
2018-11-08,0.002153626101598283,0,0,0
2018-11-09,-0.0032321809428062227,0,0,0
2018-11-12,-0.0028818463748889263,0,0,0
2018-11-13,-0.0025284463533586377,0,0,0
2018-11-14,-0.007623925110659371,0,0,0
2018-11-15,0.004726422178020835,0,0,0
2018-11-16,-0.001815211970562456,0,0,0
2018-11-19,0.00471271490320093,0,0,0
2018-11-20,-0.008353053834175487,0,0,0
2018-11-21,0.002549628042986122,0,0,0
2018-11-22,0.004355723764908823,0,0,0
2018-11-23,-0.0021754903431395666,0,0,0
2018-11-26,0.002175490343139491,0,0,0
2018-11-27,-0.0032650128769201475,0,0,0
2018-11-28,-0.006196484197152739,0,0,0
2018-11-29,-0.001829826677076116,0,0,0
2018-11-30,-0.006984038680339866,0,0,0
2018-12-03,0.01863748447057195,0,1,1
2018-12-04,-0.0007243752580417329,0,0,0
2018-12-05,-0.006178467773592436,0,0,0
2018-12-06,-0.009155896226514254,0,0,0
2018-12-07,0.0029390175453888434,0,0,0
2018-12-10,0.0003667705891105811,0,0,0
2018-12-11,-0.0007336757482440227,0,0,0
2018-12-12,-0.0007342144235848961,0,0,0
2018-12-13,0.00403152461013517,0,0,0
2018-12-14,-0.0021969983205421635,0,0,0
2018-12-17,0.0007328692156526977,0,0,0
2018-12-18,0.006571765163234519,0,0,0
2018-12-19,-0.005473467414171931,0,0,0
2018-12-20,0.0018278199203260988,0,0,0
2018-12-21,0.0043731848122228485,0,0,0
2018-12-24,-0.00036370249537124477,0,0,0
2018-12-25,0.0032685701880013213,0,0,0
2018-12-26,0.0,0,0,0
2018-12-27,-0.010204170174241736,1,0,-1
2018-12-28,-0.0044052934679163795,0,0,0
2019-01-02,-0.014452725166480244,1,0,-1
2019-01-03,-0.007493478301588878,0,0,0
2019-01-04,0.007866682261882543,0,0,0
2019-01-07,0.0018639334380627327,0,0,0
2019-01-08,-0.0026104806918472987,0,0,0
2019-01-09,0.006327957091979744,0,0,0
2019-01-10,-0.005208345107138235,0,0,0
2019-01-11,-0.0014930947156067945,0,0,0
2019-01-14,-0.007499097760538972,0,0,0
2019-01-15,0.0022556400541186286,0,0,0
2019-01-16,0.006363487690970057,0,0,0
2019-01-17,-0.0003732039602935865,0,0,0
2019-01-18,0.005954613798488753,0,0,0
2019-01-21,0.004442806271203688,0,0,0
2019-01-22,-0.010397420069692425,1,0,-1
2019-01-23,0.009288567618245968,0,0,0
2019-01-24,0.0022164767108919688,0,0,0
2019-01-25,-0.0022164767108918443,0,0,0
2019-01-28,-0.0025921140231247447,0,0,0
2019-01-29,-0.005577259298106154,0,0,0
2019-01-30,0.0037216269229945727,0,0,0
2019-01-31,0.00370782775552573,0,0,0
2019-02-01,0.0025873235649509544,0,0,0
2019-02-11,-0.017126256271162908,1,0,-1
2019-02-12,0.0037481303249868566,0,0,0
2019-02-13,-0.0011229647446237823,0,0,0
2019-02-14,0.002991774856822654,0,0,0
2019-02-15,-0.0003734827307653165,0,0,0
2019-02-18,0.005587647244265947,0,0,0
2019-02-19,-0.0022313136814355317,0,0,0
2019-02-20,0.006679060079671758,0,0,0
2019-02-21,0.002585412335810926,0,0,0
2019-02-22,0.009544859542013498,0,0,0
2019-02-25,0.00619197024792098,0,0,0
2019-02-26,-0.005826673440205924,0,0,0
2019-02-27,0.0,0,0,0
2019-02-28,-0.0007307271059530922,0,0,0
2019-03-01,0.0003654302982380061,0,0,0
2019-03-04,0.0036469770545947554,0,0,0
2019-03-05,-0.012085845700459376,1,0,-1
2019-03-06,-0.004801486602198909,0,0,0
2019-03-07,-0.0018528817604179613,0,0,0
2019-03-08,0.0022230464879464517,0,0,0
2019-03-11,0.001109672760437797,0,0,0
2019-03-12,0.0007390983337192519,0,0,0
2019-03-13,0.005158449168945212,0,0,0
2019-03-14,0.0033021493957590318,0,0,0
2019-03-15,0.001098297749062592,0,0,0
2019-03-18,-0.0047680266380250285,0,0,0
2019-03-19,0.009513427037873324,0,0,0
2019-03-20,0.004722987889369729,0,0,0
2019-03-21,0.0010867597519512602,0,0,0
2019-03-22,-0.003990573044662833,0,0,0
2019-03-25,-0.008029240216236078,0,0,0
2019-03-26,-0.0010999084518605064,0,0,0
2019-03-27,0.0014662759225274112,0,0,0
2019-03-28,0.0025608208616736505,0,0,0
2019-03-29,0.0025542798050967007,0,0,0
2019-04-01,0.01087361202900098,0,1,1
2019-04-02,-0.007235921586176743,0,0,0
2019-04-03,0.0021762794225954484,0,0,0
2019-04-04,0.0003622532189587246,0,0,0
2019-04-08,0.0,0,0,0
2019-04-09,0.0003621220390829972,0,0,0
2019-04-10,0.002892265212146717,0,0,0
2019-04-11,-0.0014450869566806853,0,0,0
2019-04-12,0.0007228045128565787,0,0,0
2019-04-15,-0.0003613369506343235,0,0,0
2019-04-16,0.0025266210878509636,0,0,0
2019-04-17,0.007183938942130338,0,0,0
2019-04-18,0.006066031089624782,0,0,0
2019-04-19,0.0017771463714010736,0,0,0
2019-04-22,0.007782140442054949,0,0,0
2019-04-23,-0.00035242291113666093,0,0,0
2019-04-24,-0.0031774077923879406,0,0,0
2019-04-25,0.007047245515402922,0,0,0
2019-04-26,-0.0038698377230150394,0,0,0
2019-04-29,0.002815911751579918,0,0,0
2019-04-30,-0.003521130398578825,0,0,0
2019-05-06,-0.01779406380046805,1,0,-1
2019-05-07,0.006085574535567996,0,0,0
2019-05-08,0.0024951002072914484,0,0,0
2019-05-09,-0.002852051844135158,0,0,0
2019-05-10,0.011712644990517159,0,1,1
2019-05-13,0.003873926309805467,0,0,0
2019-05-14,-0.0024634888404432872,0,0,0
2019-05-15,0.010515343999522907,0,1,1
2019-05-16,0.0010454784015529657,0,0,0
2019-05-17,-0.0031397200046677527,0,0,0
2019-05-20,-0.0017485578856231575,0,0,0
2019-05-21,-0.002453128968076863,0,0,0
2019-05-22,-0.00881062968215492,0,0,0
2019-05-23,-0.0010625111677819573,0,0,0
2019-05-24,0.009171140119107083,0,0,0
2019-05-27,0.004903687584529776,0,0,0
2019-05-28,-0.004903687584529843,0,0,0
2019-05-29,-0.004927852281240694,0,0,0
2019-05-30,-0.0021193932341623156,0,0,0
2019-05-31,0.0010602580954362905,0,0,0
2019-06-03,-0.0021216415313582452,0,0,0
2019-06-04,-0.006748382918135066,0,0,0
2019-06-05,0.003912507213966408,0,0,0
2019-06-06,-0.0096308930609613,1,0,-1
2019-06-10,-0.000717102934996861,0,0,0
2019-06-11,0.006791804481468007,0,0,0
2019-06-12,-0.003926473008181609,0,0,0
2019-06-13,0.0010723861617527185,0,0,0
2019-06-14,-0.00429646203350534,0,0,0
2019-06-17,-0.009010693512710756,0,0,0
2019-06-18,0.0,0,0,0
2019-06-19,0.003974711646540666,0,0,0
2019-06-20,0.00324032686761021,0,0,0
2019-06-21,-0.010478867340780875,1,0,-1
2019-06-24,0.004711007082096197,0,0,0
2019-06-25,0.005767860258684671,0,0,0
2019-06-26,0.0,0,0,0
2019-06-27,-0.0007191657987054853,0,0,0
2019-06-28,-0.0050486944599792225,0,0,0
2019-07-01,-0.005801321564086513,0,0,0
2019-07-02,-0.0029133305383572295,0,0,0
2019-07-03,-0.004385971943254329,0,0,0
2019-07-04,0.009115833408009413,0,0,0
2019-07-05,0.0010883367662323318,0,0,0
2019-07-08,-0.0014513790646469864,0,0,0
2019-07-09,-0.0018171911233544114,0,0,0
2019-07-10,0.005079836758170836,0,0,0
2019-07-11,-0.0007241129932621064,0,0,0
2019-07-12,-0.002538532641554273,0,0,0
2019-07-15,0.006875366327177809,0,0,0
2019-07-16,0.001441441691021573,0,0,0
2019-07-17,0.0,0,0,0
2019-07-18,-0.0010808864320226402,0,0,0
2019-07-19,0.004675426607171282,0,0,0
2019-07-22,-0.005396667172154388,0,0,0
2019-07-23,-0.007968169649176845,0,0,0
2019-07-24,0.002904867692630207,0,0,0
2019-07-25,0.007225464961041944,0,0,0
2019-07-26,-0.0010804971337541407,0,0,0
2019-07-29,0.000360295446160232,0,0,0
2019-07-30,0.003595832713055897,0,0,0
2019-07-31,-0.002515724597247247,0,0,0
2019-08-01,-0.0028828848795253307,0,0,0
2019-08-02,-0.004339970645692351,0,0,0
2019-08-05,0.006142747409409009,0,0,0
2019-08-06,-0.00108127601091713,0,0,0
2019-08-07,-0.004336833685623572,0,0,0
2019-08-08,0.005778275376645113,0,0,0
2019-08-09,0.002158274219091212,0,0,0
2019-08-12,0.019217673282960656,0,1,1
2019-08-13,0.0010568963464004757,0,0,0
2019-08-14,-0.0017621149933993321,0,0,0
2019-08-15,0.0017621149933992233,0,0,0
2019-08-16,-0.0021149109046259755,0,0,0
2019-08-19,0.01575387036155021,0,1,1
2019-08-20,-0.004176824728806062,0,0,0
2019-08-21,0.0,0,0,0
2019-08-22,0.0003487358361410712,0,0,0
2019-08-23,-0.0038427994887379013,0,0,0
2019-08-26,-0.004912290579773292,0,0,0
2019-08-27,0.0024591616116963963,0,0,0
2019-08-28,0.002803085227116559,0,0,0
2019-08-29,-0.0045590119293814554,0,0,0
2019-08-30,0.00245743497375522,0,0,0
2019-09-02,0.0066398985868773635,0,0,0
2019-09-03,-0.0031397200046677527,0,0,0
2019-09-04,0.0031397200046678463,0,0,0
2019-09-05,-0.001743071732946779,0,0,0
2019-09-06,0.004525682224058684,0,0,0
2019-09-09,-0.0006949270606279089,0,0,0
2019-09-10,-0.0020876834304839552,0,0,0
2019-09-11,0.004171017517338325,0,0,0
2019-09-12,0.0006934813037977092,0,0,0
2019-09-16,-0.010102855482724913,1,0,-1
2019-09-17,-0.0028050509276086096,0,0,0
2019-09-18,-0.0017571608808666138,0,0,0
2019-09-19,-0.00564375395740948,0,0,0
2019-09-20,0.00634698886684091,0,0,0
2019-09-23,-0.0007032349094314855,0,0,0
2019-09-24,-0.004229826539100128,0,0,0
2019-09-25,-0.003184152699140342,0,0,0
2019-09-26,-0.004973367267057598,0,0,0
2019-09-27,-0.004640379556502225,0,0,0
2019-09-30,0.0028581655755887192,0,0,0
2019-10-08,-0.003932087282525191,0,0,0
2019-10-09,-0.002510311520878662,0,0,0
2019-10-10,-0.0003591309070740833,0,0,0
2019-10-11,-0.009382963101063195,1,0,-1
2019-10-14,-0.0025412974286725325,0,0,0
2019-10-15,0.000726744218032764,0,0,0
2019-10-16,0.005072474644318651,0,0,0
2019-10-17,0.0,0,0,0
2019-10-18,0.0010836193944583606,0,0,0
2019-10-21,-0.0065194001281498855,0,0,0
2019-10-22,0.002540375164051892,0,0,0
2019-10-23,-0.0003625158640389352,0,0,0
2019-10-24,0.0025348556031881157,0,0,0
2019-10-25,-0.0014477020262807989,0,0,0
2019-10-28,0.0014477020262807423,0,0,0
2019-10-29,-0.0028975029326384323,0,0,0
2019-10-30,0.004343112147165008,0,0,0
2019-10-31,-0.00036120643340170356,0,0,0
2019-11-01,0.0025257094429747924,0,0,0
2019-11-04,0.005032361446954017,0,0,0
2019-11-05,0.001433178317687768,0,0,0
2019-11-06,-0.000716332408854639,0,0,0
2019-11-07,0.0017898698173786404,0,0,0
2019-11-08,0.003570157308705482,0,0,0
2019-11-11,-0.009668830919902562,1,0,-1
2019-11-12,-0.005774104819087235,0,0,0
2019-11-13,-0.0007241129932621064,0,0,0
2019-11-14,0.0,0,0,0
2019-11-15,-0.009827194646259552,1,0,-1
2019-11-18,0.009102556933391117,0,0,0
2019-11-19,-0.0039949208750461535,0,0,0
2019-11-20,0.0029069787913093108,0,0,0
2019-11-21,0.006149413482228868,0,0,0
2019-11-22,-0.0007215007527996543,0,0,0
2019-11-25,-0.0036153329328239827,0,0,0
2019-11-26,-0.0036284510055798864,0,0,0
2019-11-27,-0.0014550748293006583,0,0,0
2019-11-28,0.0054456478739636285,0,0,0
2019-11-29,0.005416153337562158,0,0,0
2019-12-02,0.004670387508611725,0,0,0
2019-12-03,-0.0003584871879223296,0,0,0
2019-12-04,0.001791152189418123,0,0,0
2019-12-05,-0.002867385477156091,0,0,0
2019-12-06,-0.006481837602190806,0,0,0
2019-12-09,0.0068407107443879895,0,0,0
2019-12-10,0.0039391277434783715,0,0,0
2019-12-11,0.0007145409378688503,0,0,0
2019-12-12,-0.008608374536600164,0,0,0
2019-12-13,0.0046720660007938866,0,0,0
2019-12-16,-0.0021536261015982247,0,0,0
2019-12-17,0.007160789638897418,0,0,0
2019-12-18,0.0060466127673710875,0,0,0
2019-12-19,0.007067167223092353,0,0,0
2019-12-20,-0.0017621149933993321,0,0,0
2019-12-23,0.0007052186469989253,0,0,0
2019-12-24,0.003518652469186172,0,0,0
2019-12-25,0.0,0,0,0
2019-12-26,-0.012725516371505633,1,0,-1
2019-12-27,0.001421969667258824,0,0,0
2019-12-30,0.001065151884834704,0,0,0
2019-12-31,0.0014184399541338495,0,0,0
2020-01-02,-0.0014184399541337456,0,0,0
2020-01-03,-0.0003549245822529426,0,0,0
2020-01-06,0.0014189431256236074,0,0,0
2020-01-07,-0.002484473327661945,0,0,0
2020-01-08,0.006023047437565185,0,0,0
2020-01-09,-0.005312567833966597,0,0,0
2020-01-10,0.0021284151348263543,0,0,0
2020-01-13,-0.01068766853049619,1,0,-1
2020-01-14,-0.002151309542512133,0,0,0
2020-01-15,0.002867385477156034,0,0,0
2020-01-16,0.023347363996991107,0,1,1
2020-01-17,-0.0013995803544232435,0,0,0
2020-01-20,-0.00491401480242904,0,0,0
2020-01-21,-0.0063537100439132275,0,0,0
2020-01-22,0.0031819012173838154,0,0,0
2020-01-23,-0.004599335898357285,0,0,0
2020-02-03,-0.03573742514891294,1,0,-1
2020-02-04,0.0,0,0,0
2020-02-05,0.0014689683140982136,0,0,0
2020-02-06,0.003297310186550454,0,0,0
2020-02-07,0.0054714708813508725,0,0,0
2020-02-10,0.0,0,0,0
2020-02-11,0.0025431439683034824,0,0,0
2020-02-12,-0.0025431439683034716,0,0,0
2020-02-13,-0.0029143918624598805,0,0,0
2020-02-14,0.0010938925429900997,0,0,0
2020-02-17,-0.002188982997381608,0,0,0
2020-02-18,0.0025533480952368297,0,0,0
2020-02-19,-0.0010934938213713295,0,0,0
2020-02-20,-0.00292184283836486,0,0,0
2020-02-21,-0.00660552860530816,0,0,0
2020-02-24,-0.003688679947853384,0,0,0
2020-02-25,0.0003694808835679423,0,0,0
2020-02-26,-0.003330252846599978,0,0,0
2020-02-27,-0.0044576596845183536,0,0,0
2020-02-28,-0.024115712759537722,1,0,-1
2020-03-02,0.010999541965380298,0,1,1
2020-03-03,0.0018843043072988236,0,0,0
2020-03-04,-0.0022615916160566058,0,0,0
2020-03-05,-0.0003774297081982322,0,0,0
2020-03-06,-0.005299028296607024,0,0,0
2020-03-09,-0.02186927747632998,1,0,-1
2020-03-10,0.00734302816361584,0,0,0
2020-03-11,-0.003858029476719269,0,0,0
2020-03-12,-0.005037794029957181,0,0,0
2020-03-13,0.003877476746420402,0,0,0
2020-03-16,-0.007770046861931788,0,0,0
2020-03-17,-0.006259801348506666,0,0,0
2020-03-18,-0.03514738776564548,1,0,-1
2020-03-19,-0.041076091840895605,1,0,-1
2020-03-20,0.0159667257541817,0,1,1
2020-03-23,-0.05571277805985281,1,0,-1
2020-03-24,0.007901709242939302,0,0,0
2020-03-25,0.022910014328966048,0,1,1
2020-03-26,-0.005141399500418652,0,0,0
2020-03-27,0.008554372096658595,0,0,0
2020-03-30,-0.0171825533199969,1,0,-1
2020-03-31,0.004323396271706801,0,0,0
2020-04-01,-0.0125897039471303,1,0,-1
2020-04-02,0.00261780254207888,0,0,0
2020-04-03,0.006081686859849733,0,0,0
2020-04-07,0.006475308617306422,0,0,0
2020-04-08,0.0,0,0,0
2020-04-09,0.0030075210639553224,0,0,0
2020-04-10,0.01617056512302825,0,1,1
2020-04-13,-0.007627155618715962,0,0,0
2020-04-14,0.0012752392801525072,0,0,0
2020-04-15,0.015177357105334426,0,1,1
2020-04-16,0.011233735777926673,0,1,1
2020-04-17,0.02653758506106957,0,1,1
2020-04-20,-0.0056565807392741085,0,0,0
2020-04-21,-0.019227428087219993,1,0,-1
2020-04-22,0.007407441277861818,0,0,0
2020-04-23,0.004091658736247402,0,0,0
2020-04-24,0.0032613155690112854,0,0,0
2020-04-27,0.010123593243373441,0,1,1
2020-04-28,0.006025324515220724,0,0,0
2020-04-29,0.007977704855542651,0,0,0
2020-04-30,0.005941788128751043,0,0,0
2020-05-06,0.0062992334279871505,0,0,0
2020-05-07,-0.022223136784710235,1,0,-1
2020-05-08,-0.0024106078366873777,0,0,0
2020-05-11,0.008411826087636872,0,0,0
2020-05-12,-0.009619312650126798,1,0,-1
2020-05-13,0.006423145326785865,0,0,0
2020-05-14,0.002797204621061219,0,0,0
2020-05-15,0.0055710450494554295,0,0,0
2020-05-18,0.012618463959211464,0,1,1
2020-05-19,0.007028533424584992,0,0,0
2020-05-20,0.0019436352085710307,0,0,0
2020-05-21,-0.00779731046003173,0,0,0
2020-05-22,0.0011734795009832016,0,0,0
2020-05-25,0.0039016826710638803,0,0,0
2020-05-26,0.007757990810939337,0,0,0
2020-05-27,0.005779249373774263,0,0,0
2020-05-28,0.010699376045727274,0,1,1
2020-05-29,0.004550633563996509,0,0,0
2020-06-01,-0.00417062215908137,0,0,0
2020-06-02,-0.010311338257740476,1,0,-1
2020-06-03,0.009551170984342987,0,0,0
2020-06-04,0.001140034324499077,0,0,0
2020-06-05,0.0011387361260883563,0,0,0
2020-06-08,0.018045602469174554,0,1,1
2020-06-09,0.01000935140709317,0,1,1
2020-06-10,0.008448167785229313,0,0,0
2020-06-11,-0.009924727669593741,1,0,-1
2020-06-12,0.006627417483043238,0,0,0
2020-06-15,-0.001468968314098133,0,0,0
2020-06-16,0.019651287397288494,0,1,1
2020-06-17,-0.0025257094429746744,0,0,0
2020-06-18,-0.006887828572314437,0,0,0
2020-06-19,0.0036310860520403485,0,0,0
2020-06-22,-0.007275404954207925,0,0,0
2020-06-23,-0.0029250477893731667,0,0,0
2020-06-24,-0.003668382690458713,0,0,0
2020-06-29,0.012417982803768619,0,1,1
2020-06-30,0.003984790637688701,0,0,0
2020-07-01,0.014357748437702768,0,1,1
2020-07-02,-0.004643694717229444,0,0,0
2020-07-03,0.006424004961355101,0,0,0
2020-07-06,0.004968072674009474,0,0,0
2020-07-07,-0.004612390649985775,0,0,0
2020-07-08,0.006380737706727895,0,0,0
2020-07-09,0.009845367852529301,0,1,1
2020-07-10,0.005930594741638119,0,0,0
2020-07-13,0.02439564379112473,0,1,1
2020-07-14,-0.016772599253225128,1,0,-1
2020-07-15,-0.0006906077622547311,0,0,0
2020-07-16,-0.035153004417896136,1,0,-1
2020-07-17,0.012797899522700062,0,1,1
2020-07-20,0.0063380493860088,0,0,0
2020-07-21,0.0,0,0,0
2020-07-22,0.010127552949404893,0,1,1
2020-07-23,0.0003474031648627086,0,0,0
2020-07-24,0.00069444447235256,0,0,0
2020-07-27,-0.012925944161396976,1,0,-1
2020-07-28,0.007705817464985753,0,0,0
2020-07-29,0.01213817573328685,0,1,1
2020-07-30,0.014713695727362787,0,1,1
2020-07-31,-0.0023805486501467586,0,0,0
2020-08-03,-0.005805035936292605,0,0,0
2020-08-04,0.006485771156589826,0,0,0
2020-08-05,-0.0023846034123752432,0,0,0
2020-08-06,-0.0106292788851381,1,0,-1
2020-08-07,0.0034411596242191387,0,0,0
2020-08-10,-0.013836263624559288,1,0,-1
2020-08-11,-0.009448889197932507,1,0,-1
2020-08-12,0.0010542963549059923,0,0,0
2020-08-13,0.008742842890077138,0,0,0
2020-08-14,0.0031288049164137455,0,0,0
2020-08-17,0.0,0,0,0
2020-08-18,0.002080444578406555,0,0,0
2020-08-19,0.01376010702895076,0,1,1
2020-08-20,0.00272944557031098,0,0,0
2020-08-21,0.0023821688991860286,0,0,0
2020-08-24,0.003054473781556558,0,0,0
2020-08-25,-0.011245645860208413,1,0,-1
2020-08-26,0.005127339894720114,0,0,0
2020-08-27,-0.007529125231827776,0,0,0
2020-08-28,0.003429358642117826,0,0,0
2020-08-31,-0.004460463734331005,0,0,0
2020-09-01,0.0010311050922132102,0,0,0
2020-09-02,-0.0034411596242191846,0,0,0
2020-09-03,-0.013534824005007818,1,0,-1
2020-09-04,-0.002799162079614466,0,0,0
2020-09-07,0.014608955468825355,0,1,1
2020-09-08,0.00034524426374337895,0,0,0
2020-09-09,-0.009015317648286461,0,0,0
2020-09-10,-0.0010454784015529453,0,0,0
2020-09-11,-0.007349114441473454,0,0,0
2020-09-14,0.01947887674659232,0,1,1
2020-09-15,0.0037820227305202696,0,0,0
2020-09-16,-0.001373626589611979,0,0,0
2020-09-17,-0.0030975760441341693,0,0,0
2020-09-18,0.009264090959798172,0,0,0
2020-09-21,0.001706193896248874,0,0,0
2020-09-22,-0.009592399691439409,1,0,-1
2020-09-23,-0.012469853304646849,1,0,-1
2020-09-24,-0.02863904410095029,1,0,-1
2020-09-25,0.0003586157470743461,0,0,0
2020-09-28,0.011053776304670228,0,1,1
2020-09-29,0.007419217922028647,0,0,0
2020-09-30,-0.004232810552620709,0,0,0
2020-10-09,0.019254927103272552,0,1,1
2020-10-12,0.012062872449275163,0,1,1
2020-10-13,0.0017114500155543898,0,0,0
2020-10-14,0.002049881141443819,0,0,0
2020-10-15,0.0020456877232931073,0,0,0
2020-10-16,0.00204151142697663,0,0,0
2020-10-19,0.006099646156723178,0,0,0
2020-10-20,-0.0033840979842405684,0,0,0
2020-10-21,-0.0020359694850986204,0,0,0
2020-10-22,0.00033961623692020453,0,0,0
2020-10-23,0.0,0,0,0
2020-10-26,0.0010181572235401738,0,0,0
2020-10-27,-0.001697505075754468,0,0,0
2020-10-28,-0.021639175103481182,1,0,-1
2020-10-29,0.0027739268827252244,0,0,0
2020-10-30,-0.004859433373746622,0,0,0
2020-11-02,0.031172244792855488,0,1,1
2020-11-03,-0.0043941257114626575,0,0,0
2020-11-04,-0.0006777363864975816,0,0,0
2020-11-05,0.006756782462879687,0,0,0
2020-11-06,-0.0003367570329854649,0,0,0
2020-11-09,0.0016826522563404738,0,0,0
2020-11-10,0.005031035263837477,0,0,0
2020-11-11,0.015601976231582703,0,1,1
2020-11-12,0.011136702065722301,0,1,1
2020-11-13,0.01165816312738946,0,1,1
2020-11-16,-0.00905568930980789,0,0,0
2020-11-17,0.0,0,0,0
2020-11-18,0.025342174159167036,0,1,1
2020-11-19,-0.0019023468007170312,0,0,0
2020-11-20,0.012927816812424883,0,1,1
2020-11-23,-0.005970166986503796,0,0,0
2020-11-24,0.0009450307838307757,0,0,0
2020-11-25,0.011271252699625972,0,1,1
2020-11-26,-0.011901173980297957,1,0,-1
2020-11-27,0.013767426465974121,0,1,1
2020-11-30,0.024252915519402573,0,1,1
2020-12-01,0.007855025282863255,0,0,0
2020-12-02,0.013154150806480299,0,1,1
2020-12-03,-0.040302379024022277,1,0,-1
2020-12-04,0.011070223754246893,0,1,1
2020-12-07,-0.016962627219579363,1,0,-1
2020-12-08,-0.0003110903742619069,0,0,0
2020-12-09,-0.007181920019214437,0,0,0
2020-12-10,0.02353778532282676,0,1,1
2020-12-11,-0.013869847864150502,1,0,-1
2020-12-14,0.012644732856400947,0,1,1
2020-12-15,-0.005223548518784113,0,0,0
2020-12-16,0.008589009856543652,0,0,0
2020-12-17,0.008818667459709493,0,0,0
2020-12-18,0.015918642196307193,0,1,1
2020-12-21,-0.030250340464665855,1,0,-1
2020-12-22,-0.027398974188114388,1,0,-1
2020-12-23,-0.008559253395669948,0,0,0
2020-12-24,0.014852540371459035,0,1,1
2020-12-25,-0.0025125641358831594,0,0,0
2020-12-28,-0.0212943053326144,1,0,-1
2020-12-29,-0.012932608311123524,1,0,-1
2020-12-30,0.00810245884632923,0,0,0
2020-12-31,-0.0019386112695014093,0,0,0
2021-01-04,-0.0019423767842064576,0,0,0
2021-01-05,-0.003896108824564938,0,0,0
2021-01-06,0.001949951869078935,0,0,0
2021-01-07,-0.005208345107138235,0,0,0
2021-01-08,0.0013046316266649492,0,0,0
2021-01-11,-0.02174715029373956,1,0,-1
2021-01-12,-0.003670953563459232,0,0,0
2021-01-13,-0.013463683687008586,1,0,-1
2021-01-14,0.0027072774572702092,0,0,0
2021-01-15,0.005392665579520462,0,0,0
2021-01-18,0.004360228272977686,0,0,0
2021-01-19,-0.013138137437431734,1,0,-1
2021-01-20,0.004060919286315012,0,0,0
2021-01-21,0.011417182447958371,0,1,1
2021-01-22,-0.004685416871478238,0,0,0
2021-01-25,0.0026800686058665196,0,0,0
2021-01-26,-0.006713687520178064,0,0,0
2021-01-27,0.002690886252016589,0,0,0
2021-01-28,-0.004713813442211111,0,0,0
2021-01-29,0.012743297866801867,0,1,1
2021-02-01,0.01685154696398059,0,1,1
2021-02-02,-0.02085823012040981,1,0,-1
2021-02-03,0.0013373455687610755,0,0,0
2021-02-04,0.02083064243371213,0,1,1
2021-02-05,0.017837346611226,0,1,1
2021-02-08,0.01436118506812778,0,1,1
2021-02-09,0.005372109617430797,0,0,0
2021-02-10,0.0022036841910268814,0,0,0
2021-02-18,0.0376471487058509,0,1,1
2021-02-19,-0.0012121213605291218,0,0,0
2021-02-22,0.014748198091782346,0,1,1
2021-02-23,-0.0026925969895461887,0,0,0
2021-02-24,-0.003601444468907368,0,0,0
2021-02-25,0.049849077022553014,0,1,1
2021-02-26,-0.0008584919685941476,0,0,0
2021-03-01,-0.025809755113567225,1,0,-1
2021-03-02,-0.007667392325519351,0,0,0
2021-03-03,0.04344731975893654,0,1,1
2021-03-04,-0.02933773824261668,1,0,-1
2021-03-05,0.006690934052775665,0,0,0
2021-03-08,0.0008694392664777153,0,0,0
2021-03-09,-0.015766749971441285,1,0,-1
2021-03-10,0.011411974617956538,0,1,1
2021-03-11,0.01987678863134591,0,1,1
2021-03-12,-0.012629329745025258,1,0,-1
2021-03-15,0.01689858341889788,0,1,1
2021-03-16,-0.0017055149102872544,0,0,0
2021-03-17,0.007652014098013481,0,0,0
2021-03-18,-0.013358163674868268,1,0,-1
2021-03-19,-0.0034393843019094672,0,0,0
2021-03-22,0.006866979774176976,0,0,0
2021-03-23,-0.025997998024886303,1,0,-1
2021-03-24,-0.0005854801104013515,0,0,0
2021-03-25,-0.0008788633933206512,0,0,0
2021-03-26,0.02088242936082368,0,1,1
2021-03-29,-0.0008614501609544688,0,0,0
2021-03-30,-0.0034532408416892276,0,0,0
2021-03-31,-0.011014604111300019,1,0,-1
2021-04-01,0.014180529910070232,0,1,1
2021-04-02,0.006587450428966815,0,0,0
2021-04-06,0.0,0,0,0
2021-04-07,-0.0031451062379939635,0,0,0
2021-04-08,0.0037158825091976283,0,0,0
2021-04-09,-0.0022850624053145797,0,0,0
2021-04-12,-0.0051605619114337845,0,0,0
2021-04-13,0.019639168277528096,0,1,1
2021-04-14,0.008699367336555644,0,0,0
2021-04-15,0.023472015027995022,0,1,1
2021-04-16,-0.0173438621451457,1,0,-1
2021-04-19,0.011870394730973618,0,1,1
2021-04-20,-0.0068842348161064545,0,0,0
2021-04-21,-0.00526389911954112,0,0,0
2021-04-22,0.005540180375615351,0,0,0
2021-04-23,0.013990078677017523,0,1,1
2021-04-26,0.00027236824354688583,0,0,0
2021-04-27,0.013255976606241442,0,1,1
2021-04-28,-0.006741295585047683,0,0,0
2021-04-29,0.02061928720273561,0,1,1
2021-04-30,0.00660417140792067,0,0,0
2021-05-06,0.0205870462986979,0,1,1
2021-05-07,0.023956293460322343,0,1,1
2021-05-10,0.028058948153304702,0,1,1
2021-05-11,-0.023536327379149524,1,0,-1
2021-05-12,0.0020035068059168866,0,0,0
2021-05-13,-0.01563319785981991,1,0,-1
2021-05-14,-0.018466798185222275,1,0,-1
2021-05-17,0.019736639625698296,0,1,1
2021-05-18,0.0007611315856477853,0,0,0
2021-05-19,-0.02179294041195277,1,0,-1
2021-05-20,-0.007806440892829529,0,0,0
2021-05-21,-0.022722245738809942,1,0,-1
2021-05-24,-0.032869997068393685,1,0,-1
2021-05-25,0.014530756009429744,0,1,1
2021-05-26,-0.008748005487517717,0,0,0
2021-05-27,0.014718172474021485,0,1,1
2021-05-28,0.01022889134009309,0,1,1
2021-05-31,0.008267816132325995,0,0,0
2021-06-01,0.0026525214491311235,0,0,0
2021-06-02,-0.014407933336502534,1,0,-1
2021-06-03,-0.009721923723185574,1,0,-1
2021-06-04,-0.007900872049396383,0,0,0
2021-06-07,0.008443465660103868,0,0,0
2021-06-08,-0.009538156519285374,1,0,-1
2021-06-09,0.0070941634494074216,0,0,0
2021-06-10,0.002715179512218112,0,0,0
2021-06-11,0.0401276103243132,0,1,1
2021-06-15,-0.013109783982196902,1,0,-1
2021-06-16,-0.01891624273721149,1,0,-1
2021-06-17,0.005364819734118926,0,0,0
2021-06-18,-0.016725504539930502,1,0,-1
2021-06-21,-0.0054555509015370264,0,0,0
2021-06-22,0.01869719823961931,0,1,1
2021-06-23,0.004286103534486308,0,0,0
2021-06-24,-0.0032128541693253938,0,0,0
2021-06-25,0.015169951590447378,0,1,1
2021-06-28,-0.0018506284197791752,0,0,0
2021-06-29,-0.003977202644218698,0,0,0
2021-06-30,-0.0010632643213300003,0,0,0
2021-07-01,-0.009889162511223291,1,0,-1
2021-07-02,0.014135453392674389,0,1,1
2021-07-05,0.01966760654951757,0,1,1
2021-07-06,-0.006512983814710719,0,0,0
2021-07-07,-0.010509818230930017,1,0,-1
2021-07-08,-0.009287581687380858,0,0,0
2021-07-09,0.006377911601237758,0,0,0
2021-07-12,0.008703734228130882,0,0,0
2021-07-13,0.010189506841039263,0,1,1
2021-07-14,0.014195618430761362,0,1,1
2021-07-15,-0.005911853743089389,0,0,0
2021-07-16,0.003859518492177903,0,0,0
2021-07-19,-0.010065899934715145,1,0,-1
2021-07-20,-0.010430342278872446,1,0,-1
2021-07-21,-0.01001062100610057,1,0,-1
2021-07-22,0.013151162713245408,0,1,1
2021-07-23,0.011689962970765392,0,1,1
2021-07-26,0.009766204582943857,0,0,0
2021-07-27,-0.0005116398167380603,0,0,0
2021-07-28,-0.008738169195732141,0,0,0
2021-07-29,0.01587741420520279,0,1,1
2021-07-30,0.020370376187138092,0,1,1
2021-08-02,-0.006493529310548343,0,0,0
2021-08-03,-0.011086029385886756,1,0,-1
2021-08-04,0.002277617079755559,0,0,0
2021-08-05,-0.0007586294459171952,0,0,0
2021-08-06,0.008062527927629994,0,0,0
2021-08-09,-0.0007531066001738086,0,0,0
2021-08-10,0.0020070252597674345,0,0,0
2021-08-11,0.007988060448688303,0,0,0
2021-08-12,-0.00099502495771767,0,0,0
2021-08-13,0.0019890608248571803,0,0,0
2021-08-16,0.0009930487409918532,0,0,0
2021-08-17,0.01795203750145751,0,1,1
2021-08-18,-0.01596889356940326,1,0,-1
2021-08-19,-0.011707693824048874,1,0,-1
2021-08-20,0.007737465283863555,0,0,0
2021-08-23,0.013827380801803207,0,1,1
2021-08-24,0.001715056159702749,0,0,0
2021-08-25,0.008531435049468796,0,0,0
2021-08-26,-0.009021151023996274,0,0,0
2021-08-27,0.02300065079693543,0,1,1
2021-08-30,0.028549774379770368,0,1,1
2021-08-31,-0.00513060826937289,0,0,0
2021-09-01,-0.014602237790952769,1,0,-1
2021-09-02,0.018103233314633267,0,1,1
2021-09-03,-0.009598575391798996,1,0,-1
2021-09-06,0.02210163245758491,0,1,1
2021-09-07,0.0,0,0,0
2021-09-08,0.009389740349839137,0,0,0
2021-09-09,0.024320045739506684,0,1,1
2021-09-10,0.008638884161753659,0,0,0
2021-09-13,0.04062788657798392,0,1,1
2021-09-14,-0.056187213584311356,1,0,-1
2021-09-15,0.007809924780025325,0,0,0
2021-09-16,0.0,0,0,0
2021-09-17,0.005099223996742943,0,0,0
2021-09-22,0.02057415535002023,0,1,1
2021-09-23,0.018033979510214532,0,1,1
2021-09-24,-0.017167803622365446,1,0,-1
2021-09-27,-0.01636697746420536,1,0,-1
2021-09-28,-0.001982161203991211,0,0,0
2021-09-29,0.006153865574378286,0,0,0
2021-09-30,-0.011237311154965086,1,0,-1
2021-10-08,0.008384868189640692,0,0,0
2021-10-11,0.015264142853624336,0,1,1
2021-10-12,0.016738588232549412,0,1,1
2021-10-13,0.004459079476785343,0,0,0
2021-10-14,0.0006353913165160817,0,0,0
2021-10-15,0.03085506391042547,0,1,1
2021-10-18,0.01386362673408222,0,1,1
2021-10-19,-0.014479706433207062,1,0,-1
2021-10-20,-0.06295117577567348,1,0,-1
2021-10-21,0.0024035846816963654,0,0,0
2021-10-22,-0.05980653663541558,1,0,-1
2021-10-25,0.003931095361884109,0,0,0
2021-10-26,-0.01934115982144689,1,0,-1
2021-10-27,-0.05389730106700839,1,0,-1
2021-10-28,-0.010735342146965263,1,0,-1
2021-10-29,-0.002513195592726726,0,0,0
2021-11-01,0.007770436390697501,0,0,0
2021-11-02,0.0034895349467416103,0,0,0
2021-11-03,0.013837631225761936,0,1,1
2021-11-04,-0.029637332932360313,1,0,-1
2021-11-05,-0.057217893393869464,1,0,-1
2021-11-08,0.015932360381085146,0,1,1
2021-11-09,0.001316309259430188,0,0,0
2021-11-10,-0.005804765639759809,0,0,0
2021-11-11,0.027148626382178326,0,1,1
2021-11-12,-0.0033535437078398398,0,0,0
2021-11-15,-0.0057009742382303765,0,0,0
2021-11-16,-0.028200577437451003,1,0,-1
2021-11-17,-0.0032128541693253938,0,0,0
2021-11-18,-0.009159546796518632,0,0,0
2021-11-19,0.03875219496360255,0,1,1
2021-11-22,-0.005744141120388564,0,0,0
2021-11-23,0.0020925982001859713,0,0,0
2021-11-24,0.005991941856127543,0,0,0
2021-11-25,0.01597560387287812,0,1,1
2021-11-26,-0.031155167779795576,1,0,-1
2021-11-29,0.0028966445533472125,0,0,0
2021-11-30,-0.005801704037326791,0,0,0
2021-12-01,0.011308470280358964,0,1,1
2021-12-02,-0.018741475036271098,1,0,-1
2021-12-03,0.011128890694709547,0,1,1
2021-12-06,-0.01406418299569537,1,0,-1
2021-12-07,0.004266673139375699,0,0,0
2021-12-08,0.0042485459550849975,0,0,0
2021-12-09,-0.005313508782041409,0,0,0
2021-12-10,0.0069020714671793005,0,0,0
2021-12-13,0.016789481476549826,0,1,1
2021-12-14,-0.0005204267616811197,0,0,0
2021-12-15,-0.013099479953589548,1,0,-1
2021-12-16,0.01283916497099248,0,1,1
2021-12-17,0.026462687376621195,0,1,1
2021-12-20,-0.00584871343019443,0,0,0
2021-12-21,-0.0002550695078233751,0,0,0
2021-12-22,0.02419472858705697,0,1,1
2021-12-23,0.011635234616161668,0,1,1
2021-12-24,-0.006419775134785962,0,0,0
2021-12-27,-0.026099348421131298,1,0,-1
2021-12-28,0.009867252733253756,0,1,1
2021-12-29,0.0025144594590784607,0,0,0
2021-12-30,0.02724964244737554,0,1,1
2021-12-31,-0.003917732728901664,0,0,0
2022-01-04,-0.008376496379049164,0,0,0
2022-01-05,0.00837649637904902,0,0,0
2022-01-06,0.014854772118796055,0,1,1
2022-01-07,0.021285031714590417,0,1,1
2022-01-10,0.004485900569445649,0,0,0
2022-01-11,0.012640617750833808,0,1,1
2022-01-12,0.005104419435651714,0,0,0
2022-01-13,-0.010702754561072537,1,0,-1
2022-01-14,-0.010109407832725306,1,0,-1
2022-01-17,-0.0016554337468610767,0,0,0
2022-01-18,0.0077803056621505275,0,0,0
2022-01-19,0.012370329293709917,0,1,1
2022-01-20,-0.003252790972139496,0,0,0
2022-01-21,-0.002563207741472815,0,0,0
2022-01-24,-0.01907960362647389,1,0,-1
2022-01-25,0.0014258557548793933,0,0,0
2022-01-26,0.022076988699903474,0,1,1
2022-01-27,0.0006966214144479138,0,0,0
2022-01-28,0.01885546779293793,0,1,1
2022-02-07,0.01537100787659716,0,1,1
2022-02-08,0.017565765718149752,0,1,1
2022-02-09,0.008122094918762635,0,0,0
2022-02-10,0.01819807586155982,0,1,1
2022-02-11,-0.026981619376812014,1,0,-1
2022-02-14,0.0019830346919290738,0,0,0
2022-02-15,-0.001321586095439384,0,0,0
2022-02-16,-0.003090510186120798,0,0,0
2022-02-17,-0.0013274338232390397,0,0,0
2022-02-18,0.011227415681241876,0,1,1
2022-02-21,-0.010784741924566459,1,0,-1
2022-02-22,0.014717454006570152,0,1,1
2022-02-23,-0.005466286706149264,0,0,0
2022-02-24,0.006338126342890447,0,0,0
2022-02-25,-0.019358281587913254,1,0,-1
2022-02-28,0.015210256865066718,0,1,1
2022-03-01,-0.005484273919255879,0,0,0
2022-03-02,0.009850139836733595,0,1,1
2022-03-03,0.03509883073026861,0,1,1
2022-03-04,-0.008659891483414292,0,0,0
2022-03-07,0.018912099703797664,0,1,1
2022-03-08,-0.03883777232960778,1,0,-1
2022-03-09,-0.05676387376037724,1,0,-1
2022-03-10,-0.004361306121097155,0,0,0
2022-03-11,0.01370823385319483,0,1,1
2022-03-14,-0.008202369978672441,0,0,0
2022-03-15,-0.012199483788561886,1,0,-1
2022-03-16,0.016992372114613827,0,1,1
2022-03-17,0.011320021265006296,0,1,1
2022-03-18,0.027532822635368,0,1,1
2022-03-21,0.011973583780525616,0,1,1
2022-03-22,-0.006731107815675549,0,0,0
2022-03-23,0.005865119452398058,0,0,0
2022-03-24,0.0045380953084881,0,0,0
2022-03-25,-0.004321527901036316,0,0,0
2022-03-28,-0.0026019095338101327,0,0,0
2022-03-29,-0.0030441423812281325,0,0,0
2022-03-30,-0.0010894434022303311,0,0,0
2022-03-31,-0.008978490184683432,0,0,0
2022-04-01,-0.0039673845294696105,0,0,0
2022-04-06,-0.004426744723351974,0,0,0
2022-04-07,-0.03269370203605732,1,0,-1
2022-04-08,0.000458295150092976,0,0,0
2022-04-11,-0.0382955971043205,1,0,-1
2022-04-12,0.003089723194752262,0,0,0
2022-04-13,0.009447401396048218,0,0,0
2022-04-14,0.007960706990455403,0,0,0
2022-04-15,0.018942585338997925,0,1,1
2022-04-18,-0.00045777066489488533,0,0,0
2022-04-19,0.003656311203110479,0,0,0
2022-04-20,-0.00548949228477148,0,0,0
2022-04-21,-0.0011474470564767983,0,0,0
2022-04-22,0.006636939341248318,0,0,0
2022-04-25,-0.057265761808491425,1,0,-1
2022-04-26,0.0007243752580417016,0,0,0
2022-04-27,0.0024108015533516967,0,0,0
2022-04-28,0.007197727811444866,0,0,0
2022-04-29,-0.0011960293256873538,0,0,0
2022-05-05,-0.017626920229982444,1,0,-1
2022-05-06,-0.02541150674284988,1,0,-1
2022-05-09,-0.011813634941924453,1,0,-1
2022-05-10,0.0035335725813110445,0,0,0
2022-05-11,0.020943173845243173,0,1,1
2022-05-12,-0.010915513985801572,1,0,-1
2022-05-13,0.012887415043790863,0,1,1
2022-05-16,0.012237059211580656,0,1,1
2022-05-17,-0.012483334302100052,1,0,-1
2022-05-18,0.0029513056345803197,0,0,0
2022-05-19,0.009775248904642465,0,0,0
2022-05-20,0.012566622599858423,0,1,1
2022-05-23,0.0023986579022866345,0,0,0
2022-05-24,-0.019596611144743068,1,0,-1
2022-05-25,0.0009768010544680145,0,0,0
2022-05-26,0.0007319751455280935,0,0,0
2022-05-27,0.013325454597149405,0,1,1
2022-05-30,-0.00048146365879499686,0,0,0
2022-05-31,0.0014436961121582165,0,0,0
2022-06-01,-0.02507739447189256,1,0,-1
2022-06-02,0.018806269240713335,0,1,1
2022-06-06,0.013935833413339082,0,1,1
2022-06-07,-0.010795354929346572,1,0,-1
2022-06-08,0.0012052550573138233,0,0,0
2022-06-09,0.0043269298277580585,0,0,0
2022-06-10,-0.011580346541979501,1,0,-1
2022-06-13,-0.03005152249199901,1,0,-1
2022-06-14,0.0005000000104165892,0,0,0
2022-06-15,-0.01004781123531843,1,0,-1
2022-06-16,0.010047811235318442,0,1,1
2022-06-17,-0.01004781123531843,1,0,-1
2022-06-20,-0.015007276438860085,1,0,-1
2022-06-21,0.013744171559546284,0,1,1
2022-06-22,-0.017853062805217357,1,0,-1
2022-06-23,0.0028266754013237614,0,0,0
2022-06-24,-0.03207157941021374,1,0,-1
2022-06-27,0.01394575949720671,0,1,1
2022-06-28,0.016070848730044968,0,1,1
2022-06-29,-0.008521678425311107,0,0,0
2022-06-30,-0.01147639095634346,1,0,-1
2022-07-01,-0.008429976160459375,0,0,0
2022-07-04,0.004223871116185022,0,0,0
2022-07-05,-0.026426200793186527,1,0,-1
2022-07-06,-0.008420530536981542,0,0,0
2022-07-07,0.001635323340730838,0,0,0
2022-07-08,0.0,0,0,0
2022-07-11,-0.009852296443011594,1,0,-1
2022-07-12,-0.033275822823387015,1,0,-1
2022-07-13,-0.02068444902622347,1,0,-1
2022-07-14,0.0017401396502443821,0,0,0
2022-07-15,-0.005812280239553657,0,0,0
2022-07-18,0.03859275556463611,0,1,1
2022-07-19,0.007264630999004576,0,0,0
2022-07-20,-0.003067059423657466,0,0,0
2022-07-21,0.0022315211491744885,0,0,0
2022-07-22,0.002782416931423393,0,0,0
2022-07-25,-0.010333844229423787,1,0,-1
2022-07-26,0.010333844229423806,0,1,1
2022-07-27,0.0033287131984271125,0,0,0
2022-07-28,0.03670386172657616,0,1,1
2022-07-29,0.0010672359604227174,0,0,0
2022-08-01,-0.029497470789023074,1,0,-1
2022-08-02,-0.007443177023259631,0,0,0
2022-08-03,0.00991197542436329,0,1,1
2022-08-04,-0.003293087498469678,0,0,0
2022-08-05,0.01770922183554517,0,1,1
2022-08-08,-0.005415664468547406,0,0,0
2022-08-09,0.006765010240680514,0,0,0
2022-08-10,0.007790502799738132,0,0,0
2022-08-11,0.0032059872504280485,0,0,0
2022-08-12,-0.0010675207845921657,0,0,0
2022-08-15,-0.03893237021541848,1,0,-1
2022-08-16,0.011867118706857124,0,1,1
2022-08-17,0.023587917524475966,0,1,1
2022-08-18,-0.017843133567584168,1,0,-1
2022-08-19,0.0051693762237866835,0,0,0
2022-08-22,0.008377295310292054,0,0,0
2022-08-23,0.005635329551754735,0,0,0
2022-08-24,0.021443574800209034,0,1,1
2022-08-25,-0.009473755067290155,1,0,-1
2022-08-26,-0.004770748513132581,0,0,0
2022-08-29,-0.0077344031383526236,0,0,0
2022-08-30,-0.017011345826536562,1,0,-1
2022-08-31,0.002719610052642147,0,0,0
2022-09-01,-0.02809328239827716,1,0,-1
2022-09-02,0.011663559048612717,0,1,1
2022-09-05,0.013437745053475555,0,1,1
2022-09-06,0.00813894888932168,0,0,0
2022-09-07,-0.011139905990744015,1,0,-1
2022-09-08,0.016529301951210506,0,1,1
2022-09-09,0.019164813342276547,0,1,1
2022-09-13,-0.010601742553878146,1,0,-1
2022-09-14,-0.007488668321360994,0,0,0
2022-09-15,0.013598396451731524,0,1,1
2022-09-16,-0.007709728471703989,0,0,0
2022-09-19,-0.0013352919596524883,0,0,0
2022-09-20,-0.0032119941961737553,0,0,0
2022-09-21,0.0010718114638066545,0,0,0
2022-09-22,0.00080310538381599,0,0,0
2022-09-23,-0.002947878323950129,0,0,0
2022-09-26,-0.030243416568668725,1,0,-1
2022-09-27,0.004966897628336864,0,0,0
2022-09-28,-0.01665317419779217,1,0,-1
2022-09-29,0.00697255648706859,0,0,0
2022-09-30,0.015444322427473556,0,1,1
2022-10-10,0.016017717239128128,0,1,1
2022-10-11,-0.00540103932451687,0,0,0
2022-10-12,-0.006792581476207696,0,0,0
2022-10-13,0.0008175501204789253,0,0,0
2022-10-14,0.02554932572026346,0,1,1
2022-10-17,-0.021200310982953156,1,0,-1
2022-10-18,-0.006530635455330189,0,0,0
2022-10-19,-0.0005461496585781328,0,0,0
2022-10-20,0.008431982502506465,0,0,0
2022-10-21,0.004054607527989546,0,0,0
2022-10-24,0.0021557540011273454,0,0,0
2022-10-25,-0.002425550306554401,0,0,0
2022-10-26,0.008330022640178788,0,0,0
2022-10-27,-0.009950330853168092,1,0,-1
2022-10-28,-0.023240964039450737,1,0,-1
2022-10-31,-0.030330884452686963,1,0,-1
2022-11-01,0.020881119858254645,0,1,1
2022-11-02,-0.0025164280020430877,0,0,0
2022-11-03,0.012519289955708243,0,1,1
2022-11-04,0.016452249349173994,0,1,1
2022-11-07,-0.006001109117393073,0,0,0
2022-11-08,0.009530364850694062,0,0,0
2022-11-09,0.010781775603288413,0,1,1
2022-11-10,-0.0032223443564718796,0,0,0
2022-11-11,0.008836581800497944,0,0,0
2022-11-14,0.0013320902462661312,0,0,0
2022-11-15,0.0076913255433957144,0,0,0
2022-11-16,-0.0015864625220602167,0,0,0
2022-11-17,0.006330804578770753,0,0,0
2022-11-18,0.009682137653512803,0,0,0
2022-11-21,-0.013370234563171763,1,0,-1
2022-11-22,-0.0037017493354757594,0,0,0
2022-11-23,0.0010590416663638859,0,0,0
2022-11-24,0.008432197524371259,0,0,0
2022-11-25,-0.008432197524371302,0,0,0
2022-11-28,-0.010908715333980802,1,0,-1
2022-11-29,0.01802805984058667,0,1,1
2022-11-30,-0.01242580429191682,1,0,-1
2022-12-01,0.017405502696458155,0,1,1
2022-12-02,0.006254907023109973,0,0,0
2022-12-05,0.003889542048662553,0,0,0
2022-12-06,-0.0070121050854562335,0,0,0
2022-12-07,-0.002348337674107508,0,0,0
2022-12-08,0.004951150179450313,0,0,0
2022-12-09,0.0012988701657209686,0,0,0
2022-12-12,-0.02550420871978105,1,0,-1
2022-12-13,-0.0018659208399222859,0,0,0
2022-12-14,0.0031965930256274942,0,0,0
2022-12-15,0.0,0,0,0
2022-12-16,-0.0031965930256273693,0,0,0
2022-12-19,-0.010729716672567079,1,0,-1
2022-12-20,0.0026932415956435027,0,0,0
2022-12-21,0.0034904049397685676,0,0,0
2022-12-22,-0.0010726737418994135,0,0,0
2022-12-23,0.0024118998694749273,0,0,0
2022-12-26,-0.0018754191699123944,0,0,0
2022-12-27,0.02437206726807911,0,1,1
2022-12-28,-0.016891401872931037,1,0,-1
2022-12-29,-0.005337616088484989,0,0,0
2022-12-30,0.0008024609230938132,0,0,0
2023-01-03,-0.02326315347062555,1,0,-1
2023-01-04,-0.02241687891454226,1,0,-1
2023-01-05,0.002236511975022852,0,0,0
2023-01-06,-0.0030764952247479176,0,0,0
2023-01-09,0.005586606708639776,0,0,0
2023-01-10,0.011631258238859313,0,1,1
2023-01-11,0.004669696715263752,0,0,0
2023-01-12,0.005193396939907736,0,0,0
2023-01-13,0.009496747537257207,0,0,0
2023-01-16,-0.0016216219769807569,0,0,0
2023-01-17,0.007008114936085097,0,0,0
2023-01-18,0.020997449175657507,0,1,1
2023-01-19,0.003151263111989953,0,0,0
2023-01-20,0.02050156145009129,0,1,1
2023-01-30,-0.024179001895978634,1,0,-1
2023-01-31,-0.003955179842927943,0,0,0
2023-02-01,0.011818916303142605,0,1,1
2023-02-02,-0.0028761949491754885,0,0,0
2023-02-03,0.0,0,0,0
2023-02-06,-0.0018346224514234658,0,0,0
2023-02-07,0.0018346224514235634,0,0,0
2023-02-08,0.004441548777812625,0,0,0
2023-02-09,-0.013120104234060721,1,0,-1
2023-02-10,-0.015974780607734385,1,0,-1
2023-02-13,-0.004303395560052961,0,0,0
2023-02-14,0.0024229383235891406,0,0,0
2023-02-15,-0.015172331146255639,1,0,-1
2023-02-16,0.009239196157817434,0,0,0
2023-02-17,0.0024314479086730697,0,0,0
2023-02-20,0.013135157352930008,0,1,1
2023-02-21,0.0005324813757337702,0,0,0
2023-02-22,-0.0010652464389481072,0,0,0
2023-02-23,-0.004539999786287575,0,0,0
2023-02-24,-0.0024118998694747885,0,0,0
2023-02-27,-0.014050487832321358,1,0,-1
2023-02-28,0.0046151839758056335,0,0,0
2023-03-01,0.011579501944174897,0,1,1
2023-03-02,-0.0013395849290564722,0,0,0
2023-03-03,0.0066800515603737875,0,0,0
2023-03-06,-0.009902395916845766,1,0,-1
2023-03-07,0.001075268920806807,0,0,0
2023-03-08,-0.003768510516450269,0,0,0
2023-03-09,-0.002430134853291782,0,0,0
2023-03-10,-0.012513765037171522,1,0,-1
2023-03-13,0.009264371438862067,0,0,0
2023-03-14,-0.008990661296192526,0,0,0
2023-03-15,0.0057306747089850745,0,0,0
2023-03-16,-0.013147272364034733,1,0,-1
2023-03-17,0.005224815955705921,0,0,0
2023-03-20,-0.010477074056094077,1,0,-1
2023-03-21,0.0038727572608444386,0,0,0
2023-03-22,0.0022062888155377058,0,0,0
2023-03-23,0.00467226354978384,0,0,0
2023-03-24,0.012804969950505056,0,1,1
2023-03-27,0.0005412720023895905,0,0,0
2023-03-28,0.011299555253933466,0,1,1
2023-03-29,0.0,0,0,0
2023-03-30,0.00026748696160559083,0,0,0
2023-03-31,0.0010692329273152956,0,0,0
2023-04-03,-0.003747327725608186,0,0,0
2023-04-04,0.0016077173880968793,0,0,0
2023-04-06,-0.005099997633188542,0,0,0
2023-04-07,0.00590288808177893,0,0,0
2023-04-10,-0.00402091414279127,0,0,0
2023-04-11,-0.007008114936084941,0,0,0
2023-04-12,-0.00379404249156657,0,0,0
2023-04-13,0.004064495502004925,0,0,0
2023-04-14,0.01262948400424976,0,1,1
2023-04-17,0.002400321195134304,0,0,0
2023-04-18,0.011652674225776986,0,1,1
2023-04-19,0.002104156483863536,0,0,0
2023-04-20,0.009153980489810051,0,0,0
2023-04-21,-0.01653798028444988,1,0,-1
2023-04-24,-0.0029158403694137984,0,0,0
2023-04-25,-0.0018599713081008855,0,0,0
2023-04-26,-0.004798729549905295,0,0,0
2023-04-27,-0.014807108599890454,1,0,-1
2023-04-28,0.001896762525040726,0,0,0
2023-05-04,-0.0029822443141199833,0,0,0
2023-05-05,-0.005172190651044428,0,0,0
2023-05-08,0.007612869828721935,0,0,0
2023-05-09,-0.010072223438863936,1,0,-1
2023-05-10,0.0010937928353278766,0,0,0
2023-05-11,-0.01459076125594428,1,0,-1
2023-05-12,-0.008913708043889221,0,0,0
2023-05-15,0.013616995175703842,0,1,1
2023-05-16,0.0,0,0,0
2023-05-17,0.01425072075185991,0,1,1
2023-05-18,0.005427421735365015,0,0,0
2023-05-19,-0.010064004431491193,1,0,-1
2023-05-22,-0.015704965301935738,1,0,-1
2023-05-23,-0.002224076535356469,0,0,0
2023-05-24,-0.02337147065360722,1,0,-1
2023-05-25,0.005681833467430864,0,0,0
2023-05-26,0.029861295059646575,0,1,1
2023-05-29,-0.008837395267939595,0,0,0
2023-05-30,-0.0036126202969592497,0,0,0
2023-05-31,0.003057681326002957,0,0,0
2023-06-01,0.015696315647318673,0,1,1
2023-06-02,0.009788006366162944,0,0,0
2023-06-05,-0.02188271124950771,1,0,-1
2023-06-06,0.0011055833077496541,0,0,0
2023-06-07,0.00027620494582451306,0,0,0
2023-06-08,0.006331748614207799,0,0,0
2023-06-09,0.01118854624358798,0,1,1
2023-06-12,-0.012836445545369446,1,0,-1
2023-06-13,0.007394255242684366,0,0,0
2023-06-14,0.010044878812690864,0,1,1
2023-06-15,-0.002434078280879641,0,0,0
2023-06-16,0.010773064062020669,0,1,1
2023-06-19,-0.01131477588458522,1,0,-1
2023-06-20,0.004864874459592317,0,0,0
2023-06-21,-0.008393172325324362,0,0,0
2023-06-26,-0.011484949866896957,1,0,-1
2023-06-27,-0.004410150477552729,0,0,0
2023-06-28,-0.0016588336676429667,0,0,0
2023-06-29,-0.004993075560662862,0,0,0
2023-06-30,0.0016671301443904028,0,0,0
2023-07-03,0.006089141426968555,0,0,0
2023-07-04,-0.007756271571359097,0,0,0
2023-07-05,-0.00893860700081091,0,0,0
2023-07-06,0.002522069432709939,0,0,0
2023-07-07,-0.0011201345332494223,0,0,0
2023-07-10,0.00809269102031812,0,0,0
2023-07-11,0.00830339672454878,0,0,0
2023-07-12,-0.002207506415210458,0,0,0
2023-07-13,0.011262308300419497,0,1,1
2023-07-14,-0.0002731867248242223,0,0,0
2023-07-17,-0.004381168015562977,0,0,0
2023-07-18,0.0016451881966881474,0,0,0
2023-07-19,0.00027393507909959764,0,0,0
2023-07-20,0.001094990528242113,0,0,0
2023-07-21,0.002459353610141994,0,0,0
2023-07-24,-0.0032804840791618353,0,0,0
2023-07-25,0.00763778944811754,0,0,0
2023-07-26,-0.0038116027633262944,0,0,0
2023-07-27,0.004897968975547156,0,0,0
2023-07-28,-0.0016299922109310643,0,0,0
2023-07-31,-0.0005439216886887005,0,0,0
2023-08-01,0.010284258437073418,0,1,1
2023-08-02,-0.0024262041824638257,0,0,0
2023-08-03,-0.003514942107444497,0,0,0
2023-08-04,0.00216450300957305,0,0,0
2023-08-07,-0.0008111396956838905,0,0,0
2023-08-08,-0.0008117981774466812,0,0,0
2023-08-09,0.0032432460861198734,0,0,0
2023-08-10,-0.001350074459149126,0,0,0
2023-08-11,-0.004332527762719044,0,0,0
2023-08-14,-0.011188546243588032,1,0,-1
2023-08-15,0.013898575002453131,0,1,1
2023-08-16,-0.0010831303523036282,0,0,0
2023-08-17,0.0005417118225646402,0,0,0
2023-08-18,-0.0035263836895865876,0,0,0
2023-08-21,0.004879380784093488,0,0,0
2023-08-22,0.009955685619847481,0,1,1
2023-08-23,0.002673798384402205,0,0,0
2023-08-24,-0.00912023489072226,0,0,0
2023-08-25,0.0,0,0,0
2023-08-28,0.0016155092366545928,0,0,0
2023-08-29,0.004830927269665592,0,0,0
2023-08-30,0.005340466631317504,0,0,0
2023-08-31,0.010859595531583322,0,1,1
2023-09-01,0.018272500038457828,0,1,1
2023-09-04,-0.019063118079377266,1,0,-1
2023-09-05,0.0007906180409195191,0,0,0
2023-09-06,0.007349114441473331,0,0,0
2023-09-07,0.002872439630064626,0,0,0
2023-09-08,-0.011012172112457579,1,0,-1
2023-09-11,0.009707540485792693,0,0,0
2023-09-12,0.005727690743324552,0,0,0
2023-09-13,-0.006511287492313904,0,0,0
2023-09-14,0.009103977562757553,0,0,0
2023-09-15,0.0012938286188372927,0,0,0
2023-09-18,-0.007267096606499402,0,0,0
2023-09-19,0.002341616784799316,0,0,0
2023-09-20,0.003631651202862546,0,0,0
2023-09-21,0.005165300740495896,0,0,0
2023-09-22,0.000257566002711685,0,0,0
2023-09-25,-0.004129038124370204,0,0,0
2023-09-26,0.0,0,0,0
2023-09-27,0.004386537803918406,0,0,0
2023-09-28,0.0012865047445317912,0,0,0
2023-10-09,-0.014504268775192215,1,0,-1
2023-10-10,-0.007594641715274214,0,0,0
2023-10-11,0.004720701134937394,0,0,0
2023-10-12,-0.00026167735331837996,0,0,0
2023-10-13,-0.008673993140931072,0,0,0
2023-10-16,0.0023731059258333635,0,0,0
2023-10-17,-0.010856719903648799,1,0,-1
2023-10-18,0.0068984088902492744,0,0,0
2023-10-19,0.0034314406113274756,0,0,0
2023-10-20,-0.0023743580604621293,0,0,0
2023-10-23,-0.004235051327211739,0,0,0
2023-10-24,-0.0021242705810807895,0,0,0
2023-10-25,0.012415956617628258,0,1,1
2023-10-26,-0.0023656207641269567,0,0,0
2023-10-27,-0.005012541823544286,0,0,0
2023-10-30,0.015223391109864825,0,1,1
2023-10-31,0.0010413955640461668,0,0,0
2023-11-01,0.001040312187451113,0,0,0
2023-11-02,-0.0015608744063903568,0,0,0
2023-11-03,-0.000520833345107119,0,0,0
2023-11-06,0.002341616784799316,0,0,0
2023-11-07,-0.0033840979842405684,0,0,0
2023-11-08,0.004942135172955095,0,0,0
2023-11-09,-0.006246766799620008,0,0,0
2023-11-10,-0.0026143805740708207,0,0,0
2023-11-13,-0.011585174335229537,1,0,-1
2023-11-14,0.0044920144235075215,0,0,0
2023-11-15,0.001580611498726579,0,0,0
2023-11-16,-0.0015806114987266635,0,0,0
2023-11-17,-0.005286821724588442,0,0,0
2023-11-20,0.0029112102074585343,0,0,0
2023-11-21,-0.0023812684886438725,0,0,0
2023-11-22,-0.005844862548104227,0,0,0
2023-11-23,-0.0021339031837009775,0,0,0
2023-11-24,0.0026666682469152977,0,0,0
2023-11-27,0.0069002396926976396,0,0,0
2023-11-28,-0.005037794029957181,0,0,0
2023-11-29,-0.015537414094905689,1,0,-1
2023-11-30,0.004310351501122263,0,0,0
2023-12-01,-0.003770540421887169,0,0,0
2023-12-04,0.0035016870797649393,0,0,0
2023-12-05,-0.008099396328394362,0,0,0
2023-12-06,0.0018957351648991973,0,0,0
2023-12-07,-0.0024380345274302873,0,0,0
2023-12-08,0.0029790137129256564,0,0,0
2023-12-11,-0.005966928471492504,0,0,0
2023-12-12,0.0027166547541908606,0,0,0
2023-12-13,-0.005713523909016769,0,0,0
2023-12-14,0.01757989831710939,0,1,1
2023-12-15,0.004814130720451496,0,0,0
2023-12-18,0.00903060586008999,0,0,0
2023-12-19,0.002113048858069266,0,0,0
2023-12-20,0.00368712558880879,0,0,0
2023-12-21,-0.0013152704776553449,0,0,0
2023-12-22,0.008909912192929427,0,0,0
2023-12-25,-0.002873940580336695,0,0,0
2023-12-26,0.006519777952076689,0,0,0
2023-12-27,0.004668058269227311,0,0,0
2023-12-28,0.01003998651146077,0,1,1
2023-12-29,-0.0007687380263266131,0,0,0
2024-01-02,0.012735780904734114,0,1,1
2024-01-03,-0.02123113383820583,1,0,-1
2024-01-04,-0.006484266008341017,0,0,0
2024-01-05,-0.0010413955640462677,0,0,0
2024-01-08,-0.003392045000599485,0,0,0
2024-01-09,-0.008398999505238706,0,0,0
2024-01-10,0.0015801952195175699,0,0,0
2024-01-11,0.002890555159383098,0,0,0
2024-01-12,-0.0013128530177654682,0,0,0
2024-01-15,-0.007648725143637961,0,0,0
2024-01-16,-0.004245164242120442,0,0,0
2024-01-17,0.0013285507467613973,0,0,0
2024-01-18,-0.0018604656529196783,0,0,0
2024-01-19,-0.0072086815969435005,0,0,0
2024-01-22,0.0018739130098792739,0,0,0
2024-01-23,-0.0010703774101960852,0,0,0
2024-01-24,0.01856817272886854,0,1,1
2024-01-25,-0.008445550331475754,0,0,0
2024-01-26,0.010021180909549773,0,1,1
2024-01-29,-0.002627431884611468,0,0,0
2024-01-30,-0.002898170912776672,0,0,0
2024-01-31,0.0031612249719023505,0,0,0
2024-02-01,-0.00580323443474115,0,0,0
2024-02-02,-0.00477327875265766,0,0,0
2024-02-05,0.00026578073246156673,0,0,0
2024-02-06,0.0018584898486191852,0,0,0
2024-02-07,0.0023844229074326184,0,0,0
2024-02-08,0.0005291005414439304,0,0,0
2024-02-19,-0.006900239692697778,0,0,0
2024-02-20,-0.004537576182727022,0,0,0
2024-02-21,0.013551423003092611,0,1,1
2024-02-22,-0.007683174634660615,0,0,0
2024-02-23,0.0026560440581162104,0,0,0
2024-02-26,-0.002922036877878452,0,0,0
2024-02-27,0.0021259641278631686,0,0,0
2024-02-28,-0.0023920277186304964,0,0,0
2024-02-29,0.007158985898138633,0,0,0
2024-03-01,0.0021113758173496827,0,0,0
2024-03-04,0.0034215061671958175,0,0,0
2024-03-05,0.0015752169179979651,0,0,0
2024-03-06,-0.00026236390023246447,0,0,0
2024-03-07,0.003928249126337908,0,0,0
2024-03-08,0.003652495581574248,0,0,0
2024-03-11,-0.001042209578443754,0,0,0
2024-03-12,0.0,0,0,0
2024-03-13,0.002863466748966252,0,0,0
2024-03-14,-0.004428820577603429,0,0,0
2024-03-15,0.0075432793629269974,0,0,0
2024-03-18,-0.0012965125633070652,0,0,0
2024-03-19,-0.0028582584094678015,0,0,0
2024-03-20,0.0036363676433839335,0,0,0
2024-03-21,0.01031734713048146,0,1,1
2024-03-22,-0.004371872721390092,0,0,0
2024-03-25,0.0028310403672344386,0,0,0
2024-03-26,0.0017974070829524897,0,0,0
2024-03-27,-0.003855550335838845,0,0,0
2024-03-28,0.0030856285731813613,0,0,0
2024-03-29,0.011994529407816954,0,1,1
2024-04-01,0.0030395160178968176,0,0,0
2024-04-02,0.002021223527933943,0,0,0
2024-04-03,0.0057883639658191524,0,0,0
2024-04-08,0.013954873854158242,0,1,1
2024-04-09,0.0012365526492171756,0,0,0
2024-04-10,0.013502107664368415,0,1,1
2024-04-11,-0.0021969983205421635,0,0,0
2024-04-12,0.013351333174864196,0,1,1
2024-04-15,-0.002414293784969757,0,0,0
2024-04-16,-0.025460371588043377,1,0,-1
2024-04-17,0.009623763356990582,0,0,0
2024-04-18,0.00489956884115848,0,0,0
2024-04-19,-0.005390848634876423,0,0,0
2024-04-22,0.008319108413964825,0,0,0
2024-04-23,-0.015717415895409707,1,0,-1
2024-04-24,0.002472189145389073,0,0,0
2024-04-25,0.011538117446286338,0,1,1
2024-04-26,0.00681102122191026,0,0,0
2024-04-29,-0.004373184812222763,0,0,0
2024-04-30,0.0019459991546115385,0,0,0
2024-05-06,0.008228507221697639,0,0,0
2024-05-07,-0.005316590580286039,0,0,0
2024-05-08,-0.010718738433006083,1,0,-1
2024-05-09,0.00902115102399629,0,0,0
2024-05-10,0.006049625225823218,0,0,0
2024-05-13,-0.007263954458225169,0,0,0
2024-05-14,-0.0014591442277604786,0,0,0
2024-05-15,-0.0019488434913504553,0,0,0
2024-05-16,0.014284227863249744,0,1,1
2024-05-17,0.009331327428884222,0,0,0
2024-05-20,-0.0023843597371583547,0,0,0
2024-05-21,0.007136091177303735,0,0,0
2024-05-22,0.0131859692465219,0,1,1
2024-05-23,-0.02823102915174261,1,0,-1
2024-05-24,0.0036027419778272484,0,0,0
2024-05-27,0.002633785791633532,0,0,0
2024-05-28,0.013301858839665528,0,1,1
2024-05-29,0.015453363013376045,0,1,1
2024-05-30,0.0018570107472126892,0,0,0
2024-05-31,-0.0011602275347224814,0,0,0
2024-06-03,-0.017094433359300068,1,0,-1
2024-06-04,0.01057216472200642,0,1,1
2024-06-05,-0.012226815850026978,1,0,-1
2024-06-06,0.006837230454690337,0,0,0
2024-06-07,-0.0028235312876066067,0,0,0
2024-06-11,-0.014955768377308783,1,0,-1
2024-06-12,-0.005035378101256044,0,0,0
2024-06-13,-0.007479827369218761,0,0,0
2024-06-14,-0.0016967644356859258,0,0,0
2024-06-17,-0.01564824106464431,1,0,-1
2024-06-18,0.004671182433493271,0,0,0
2024-06-19,0.004405293467916418,0,0,0
2024-06-20,0.005843698148910921,0,0,0
2024-06-21,-0.006087928214845874,0,0,0
2024-06-24,-0.005388207990876195,0,0,0
2024-06-25,-0.0017205362484477118,0,0,0
2024-06-26,-0.00024603272359314263,0,0,0
2024-06-27,-0.0069136077848182325,0,0,0
2024-06-28,0.006913607784818279,0,0,0
2024-07-01,0.0,0,0,0
2024-07-02,0.0036841500592406816,0,0,0
2024-07-03,0.004647189481286687,0,0,0
2024-07-04,-0.0034221495142889176,0,0,0
2024-07-05,-0.005893926688777801,0,0,0
2024-07-08,0.0022142954059117185,0,0,0
2024-07-09,0.005636579069827042,0,0,0
2024-07-10,-0.01775194545845034,1,0,-1
2024-07-11,0.005210283465406847,0,0,0
2024-07-12,-0.009697949934794933,1,0,-1
2024-07-15,-0.0020010011679181716,0,0,0
2024-07-16,-0.005523488810697297,0,0,0
2024-07-17,-0.006060624611690958,0,0,0
2024-07-18,0.001265662743313417,0,0,0
2024-07-19,-0.007618117087132893,0,0,0
2024-07-22,-0.008447509597060532,0,0,0
2024-07-23,-0.008260243146817581,0,0,0
2024-07-24,0.0015540018667343205,0,0,0
2024-07-25,-0.007533481531052008,0,0,0
2024-07-26,0.0039037134804733704,0,0,0
2024-07-29,-0.002861232281032235,0,0,0
2024-07-30,-0.012845896924325629,1,0,-1
2024-07-31,0.00971518734923018,0,0,0
2024-08-01,0.005212417326592771,0,0,0
2024-08-02,-0.000780132662112028,0,0,0
2024-08-05,-0.017054066740694134,1,0,-1
2024-08-06,-0.005306459785310954,0,0,0
2024-08-07,0.006628686607590888,0,0,0
2024-08-08,0.0013204808468319472,0,0,0
2024-08-09,0.009456335242035444,0,0,0
2024-08-12,0.0028716897426925283,0,0,0
2024-08-13,-0.009692282815703284,1,0,-1
2024-08-14,0.0010523547406341793,0,0,0
2024-08-15,0.009942520417645194,0,1,1
2024-08-16,0.008554815621036355,0,0,0
2024-08-19,0.012314162789350401,0,1,1
2024-08-20,0.003817284187445963,0,0,0
2024-08-21,0.00759112957059267,0,0,0
2024-08-22,0.0017630025974320214,0,0,0
2024-08-23,-0.0037816760056315025,0,0,0
2024-08-26,0.006545844118184779,0,0,0
2024-08-27,-0.0012554929458319796,0,0,0
2024-08-28,0.0002512247218337631,0,0,0
2024-08-29,-0.00984483528765171,1,0,-1
2024-08-30,0.007077885968570694,0,0,0
2024-09-02,-0.01522872070182467,1,0,-1
2024-09-03,-0.002560820861673704,0,0,0
2024-09-04,-0.007722046093910278,0,0,0
2024-09-05,-0.008042591023029828,0,0,0
2024-09-06,0.005973267987662072,0,0,0
2024-09-09,-0.004931872423615792,0,0,0
2024-09-10,0.00906624523775326,0,0,0
2024-09-11,0.0030896008098948748,0,0,0
2024-09-12,0.014039796667482615,0,1,1
2024-09-13,0.001013428006674794,0,0,0
2024-09-18,0.009074929937666001,0,0,0
2024-09-19,0.010236014975421275,0,1,1
2024-09-20,-0.0029850768434533967,0,0,0
2024-09-23,-0.016579128802911222,1,0,-1
2024-09-24,0.012084739215071827,0,1,1
2024-09-25,0.0037467260016087306,0,0,0
2024-09-26,0.004725789170675688,0,0,0
2024-09-27,0.015023062988669832,0,1,1
2024-09-30,0.0002444091421184363,0,0,0
2024-10-08,0.008032171697264253,0,0,0
2024-10-09,-0.006079046076382226,0,0,0
2024-10-10,0.004137769077505519,0,0,0
2024-10-11,0.011591532831038337,0,1,1
2024-10-14,0.00263757496153151,0,0,0
2024-10-15,-0.01325799822365727,1,0,-1
2024-10-16,0.004841452206749806,0,0,0
2024-10-17,-0.008487985966688382,0,0,0
2024-10-18,0.0053437095825197185,0,0,0
2024-10-21,0.014430264829028837,0,1,1
2024-10-22,-0.0047869885572245805,0,0,0
2024-10-23,0.0016780538517529736,0,0,0
2024-10-24,0.010957708497542783,0,1,1
2024-10-25,-0.016481920936774187,1,0,-1
2024-10-28,0.006481837602190746,0,0,0
2024-10-29,-0.005037794029957181,0,0,0
2024-10-30,0.003601012173594375,0,0,0
2024-10-31,-0.007456438636023123,0,0,0
2024-11-01,0.004095897787382206,0,0,0
2024-11-04,0.0028811544540336734,0,0,0
2024-11-05,0.007404787208000501,0,0,0
2024-11-06,-0.0023826554040676526,0,0,0
2024-11-07,0.02310878592118446,0,1,1
2024-11-08,0.011126679464757053,0,1,1
2024-11-11,-0.0139278017444687,1,0,-1
2024-11-12,-0.02245691820015251,1,0,-1
2024-11-13,-0.007197727811444921,0,0,0
2024-11-14,-0.009921436495752528,1,0,-1
2024-11-15,0.01160554612030789,0,1,1
2024-11-18,-0.013796660813122889,1,0,-1
2024-11-19,0.0034063293277185836,0,0,0
2024-11-20,0.010390331485404258,0,1,1
2024-11-21,-0.0038535693159899662,0,0,0
2024-11-22,-0.01458460465476284,1,0,-1
2024-11-25,0.009746665852294474,0,0,0
2024-11-26,-0.0029140380018495347,0,0,0
2024-11-27,0.0007293059761691479,0,0,0
2024-11-28,-0.017157283618578097,1,0,-1
2024-11-29,0.008125121641808427,0,0,0
2024-12-02,0.0,0,0,0
2024-12-03,-0.0002452483151471106,0,0,0
2024-12-04,0.009520394134686798,0,0,0
2024-12-05,-0.0036509715618809856,0,0,0
2024-12-06,-0.009555383251729235,1,0,-1
2024-12-09,0.0014760150281206794,0,0,0
2024-12-10,-0.0022148403295527874,0,0,0
2024-12-11,0.005160350559309611,0,0,0
2024-12-12,0.007812539736793625,0,0,0
2024-12-13,-0.010266528698360327,1,0,-1
2024-12-16,-0.006656008795869785,0,0,0
2024-12-17,-0.014449678416455449,1,0,-1
2024-12-18,0.0,0,0,0
2024-12-19,-0.0037712175430792915,0,0,0
2024-12-20,0.00627748451913903,0,0,0
2024-12-23,-0.0030082750187307742,0,0,0
2024-12-24,-0.0017590154051795588,0,0,0
2024-12-25,0.0007542426504639742,0,0,0
2024-12-26,-0.006808751559170198,0,0,0
2024-12-27,0.001769688238372166,0,0,0
2024-12-30,0.0005050505157861119,0,0,0
2024-12-31,-0.0012631048793138922,0,0,0
2025-01-02,0.008307159162803812,0,0,0
2025-01-03,-0.005278383500643242,0,0,0
2025-01-06,-0.013957846194350998,1,0,-1
2025-01-07,0.0058606359617315055,0,0,0
2025-01-08,0.0017768757054830724,0,0,0
2025-01-09,0.011598718027779426,0,1,1
2025-01-10,0.00997763328594059,0,1,1
2025-01-13,0.005445558011343342,0,0,0
2025-01-14,0.0022192093930877665,0,0,0
2025-01-15,-0.005681131742837497,0,0,0
2025-01-16,0.005681131742837544,0,0,0
2025-01-17,0.008339513625456514,0,0,0
2025-01-20,-0.003180430815429197,0,0,0
2025-01-21,0.0004899559137700884,0,0,0
2025-01-22,-0.0049103953318490315,0,0,0
2025-01-23,-0.00914828978799,0,0,0
2025-01-24,0.013323661198470664,0,1,1
2025-01-27,-0.007874056430905883,0,0,0
2025-02-05,-0.001235941326530623,0,0,0
2025-02-06,0.005918636266453706,0,0,0
2025-02-07,0.012947536436347454,0,1,1
2025-02-10,-0.002430134853291782,0,0,0
2025-02-11,0.006064299967511446,0,0,0
2025-02-12,-0.004848494346621521,0,0,0
2025-02-13,-0.001215805620889878,0,0,0
2025-02-14,0.00944431284258772,0,0,0
2025-02-17,-0.004105790093338762,0,0,0
2025-02-18,0.00024198427220323006,0,0,0
2025-02-19,0.001692252307627749,0,0,0
2025-02-20,0.0062605550015571755,0,0,0
2025-02-21,-0.00024006721997420395,0,0,0
2025-02-24,-0.006503696295454718,0,0,0
2025-02-25,-0.007763260726609437,0,0,0
2025-02-26,0.004131735128021032,0,0,0
2025-02-27,0.0002425124299504561,0,0,0
2025-02-28,0.0009694620245481637,0,0,0
2025-03-03,0.0014524330803148008,0,0,0
2025-03-04,-0.0019370466105164295,0,0,0
2025-03-05,-0.00048484849434656316,0,0,0
2025-03-06,0.011811635454702008,0,1,1
2025-03-07,-0.0014388491690991783,0,0,0
2025-03-10,0.0028756310254620257,0,0,0
2025-03-11,-0.002395784567118468,0,0,0
2025-03-12,0.007408326390662876,0,0,0
2025-03-13,-0.0014295928095944335,0,0,0
2025-03-14,0.00095328891871301,0,0,0
2025-03-17,-0.003101517457002647,0,0,0
2025-03-18,-0.010086540846173936,1,0,-1
2025-03-19,-0.0004828585318345485,0,0,0
2025-03-20,0.009134678902348146,0,0,0
2025-03-21,-0.009376195628555333,0,0,0
2025-03-24,0.002412546405383926,0,0,0
2025-03-25,-0.002171029679176772,0,0,0
2025-03-26,0.0007242003937517331,0,0,0
2025-03-27,0.004574463255656345,0,0,0
2025-03-28,-0.011354150241035192,1,0,-1
2025-03-31,-0.004870930234596566,0,0,0
2025-04-01,0.002194855167184883,0,0,0
2025-04-02,-0.004394538322251331,0,0,0
2025-04-03,-0.0007343042797211215,0,0,0
2025-04-07,-0.03665788834081866,1,0,-1
2025-04-08,-0.0025432363657279153,0,0,0
2025-04-09,-0.01591409355648728,1,0,-1
2025-04-10,0.02453483660039433,0,1,1
2025-04-11,-0.008366128147560183,0,0,0
2025-04-14,0.002288621469380979,0,0,0
2025-04-15,-0.004582492744106112,0,0,0
2025-04-16,-0.0025549324066766288,0,0,0
2025-04-17,0.005103353765504906,0,0,0
2025-04-18,0.0025419434124462166,0,0,0
2025-04-21,0.008846260140856259,0,0,0
2025-04-22,-0.006310761825112752,0,0,0
2025-04-23,0.005807363878413827,0,0,0
2025-04-24,0.003518475607676917,0,0,0
2025-04-25,0.005005015453023582,0,0,0
2025-04-28,-0.004754168844408505,0,0,0
2025-04-29,-0.00025084660861495194,0,0,0
2025-04-30,-0.0010040161485984818,0,0,0
2025-05-06,-0.00629804323871734,0,0,0
2025-05-07,-0.016306093774968514,1,0,-1
2025-05-08,0.0023091735726006994,0,0,0
2025-05-09,0.003836812482774829,0,0,0
2025-05-12,0.016458150958310346,0,1,1
2025-05-13,0.00476012423309348,0,0,0
2025-05-14,0.011678602110066385,0,1,1
2025-05-15,-0.0027210901143606132,0,0,0
2025-05-16,-0.0027285146532040625,0,0,0
2025-05-19,-0.0009940358671394183,0,0,0
2025-05-20,-0.0017419439517353185,0,0,0
2025-05-21,0.005712172491920825,0,0,0
2025-05-22,0.0009900990907835108,0,0,0
2025-05-23,-0.002725134846400564,0,0,0
2025-05-26,0.0,0,0,0
2025-05-27,-0.005722120352465083,0,0,0
2025-05-28,0.002740751684500427,0,0,0
2025-05-29,0.005211576505994713,0,0,0
2025-05-30,-0.006456441598912309,0,0,0
2025-06-03,-0.010518504191220234,1,0,-1
2025-06-04,0.010767601215798922,0,1,1
2025-06-05,-0.003243111237183275,0,0,0
2025-06-06,0.0029940142126046996,0,0,0
2025-06-09,-0.002244669853823862,0,0,0
2025-06-10,-0.0022497197340154416,0,0,0
2025-06-11,0.01342302033214077,0,1,1
2025-06-12,0.007134979216973687,0,0,0
2025-06-13,0.0022039925659820153,0,0,0
2025-06-16,-0.0017137964777346304,0,0,0
2025-06-17,0.002691791665711353,0,0,0
2025-06-18,0.01069528911674795,0,1,1
2025-06-19,-0.004604394418360378,0,0,0
2025-06-20,-0.010499424983153536,1,0,-1
2025-06-23,-0.0002454891383385474,0,0,0
2025-06-24,-0.0024582116606858286,0,0,0
2025-06-25,0.0019670525152520775,0,0,0
2025-06-26,0.004411771861663365,0,0,0
2025-06-27,0.006581376589297994,0,0,0
2025-06-30,0.0,0,0,0
2025-07-01,0.002668932798641681,0,0,0
2025-07-02,0.0,0,0,0
2025-07-03,0.002178386435683319,0,0,0
2025-07-04,-0.0021783864356832213,0,0,0
2025-07-07,-0.010963686382791764,1,0,-1
2025-07-08,0.005618678516738433,0,0,0
2025-07-09,-0.0004873294443424785,0,0,0
2025-07-10,0.008977374377173887,0,0,0
2025-07-11,-0.00024157507062768594,0,0,0
2025-07-14,-0.0136222004291566,1,0,-1
2025-07-15,0.0007344840579916562,0,0,0
2025-07-16,0.0002447081867099061,0,0,0
2025-07-17,-0.0009791922447014915,0,0,0
2025-07-18,0.0046426473127502655,0,0,0
2025-07-21,0.015961644800877004,0,1,1
2025-07-22,0.00287494208559912,0,0,0
2025-07-23,-0.005277057100843781,0,0,0
2025-07-24,-0.0014440435722336913,0,0,0
2025-07-25,0.0,0,0,0
2025-07-28,-0.007009092138824536,0,0,0
2025-07-29,-0.00048520136808261776,0,0,0
2025-07-30,0.0009701674299639006,0,0,0
2025-07-31,-0.00559136013645543,0,0,0
2025-08-01,0.0,0,0,0
2025-08-04,0.0007310832542026391,0,0,0
2025-08-05,0.0017037852484724377,0,0,0
2025-08-06,0.004367878820077388,0,0,0
2025-08-07,0.004830927269665592,0,0,0
2025-08-08,-0.003137446763332531,0,0,0
2025-08-11,0.0007249003579485184,0,0,0
2025-08-12,0.001689393427021292,0,0,0
2025-08-13,0.0026490081715768625,0,0,0
2025-08-14,-0.0036140263405564305,0,0,0
2025-08-15,0.0026515623586557692,0,0,0
2025-08-18,-0.008461309999976917,0,0,0
2025-08-19,-0.002430725552671043,0,0,0
2025-08-20,-0.00048685492685118955,0,0,0
2025-08-21,0.0026747736311760846,0,0,0
2025-08-22,0.0019408060434622878,0,0,0
2025-08-25,0.006763310804860574,0,0,0
2025-08-26,-0.0026515623586558343,0,0,0
2025-08-27,0.004575564876177863,0,0,0
2025-08-28,-0.002887393728835705,0,0,0
2025-08-29,-0.0004820438753259825,0,0,0
2025-09-01,-0.004591043463327682,0,0,0
2025-09-02,0.0036262580532287086,0,0,0
2025-09-03,-0.0004827419837894886,0,0,0
2025-09-04,-0.005082910616712171,0,0,0
2025-09-05,0.00435836040991501,0,0,0
2025-09-08,0.0012072921905866385,0,0,0
2025-09-09,0.0014468292854250197,0,0,0
2025-09-10,0.0019258551932142657,0,0,0
2025-09-11,0.0059945030242402044,0,0,0
2025-09-12,0.009753853943899018,0,0,0
2025-09-15,-0.0047460933892556805,0,0,0
2025-09-16,-0.0021431130955352168,0,0,0
2025-09-17,-0.0016700469108790771,0,0,0
2025-09-18,-0.007429632737789999,0,0,0
2025-09-19,0.0004810004902741555,0,0,0
2025-09-22,-0.002407319410043815,0,0,0
2025-09-23,-0.0028964538714563834,0,0,0
2025-09-24,0.0009664170841557649,0,0,0
2025-09-25,0.0028936600851862866,0,0,0
2025-09-26,-0.0009636232978855832,0,0,0
2025-09-29,-0.000723327337143028,0,0,0
2025-09-30,-0.0024148768074598753,0,0,0
2025-10-09,0.019631944850454927,0,1,1
2025-10-10,-0.005229391522532152,0,0,0
2025-10-13,-0.004538405019012406,0,0,0
2025-10-14,-0.0011977483765122927,0,0,0
2025-10-15,0.002394063867915856,0,0,0
2025-10-16,0.004056800695614469,0,0,0
2025-10-17,-0.00405680069561443,0,0,0
2025-10-20,0.0,0,0,0
2025-10-21,0.002626867182183819,0,0,0
2025-10-22,0.0038086215998079935,0,0,0
2025-10-23,0.005685871750353147,0,0,0
2025-10-24,0.0028308582245239132,0,0,0
2025-10-27,0.006340281894583166,0,0,0
2025-10-28,-0.010353033649902484,1,0,-1
2025-10-29,0.007305322933085248,0,0,0
2025-10-30,-0.0023507298084019246,0,0,0
2025-10-31,0.0025854991486046214,0,0,0
2025-11-03,0.01398624197473987,0,1,1
2025-11-04,-0.006269613013595374,0,0,0
2025-11-05,-0.003266451807743733,0,0,0
2025-11-06,0.012540805323092635,0,1,1
2025-11-07,-0.0018480023739296573,0,0,0
2025-11-10,0.004613618333512715,0,0,0
2025-11-11,-0.0027656159595830306,0,0,0
2025-11-12,0.009874922361907769,0,1,1
2025-11-13,0.007739624339074508,0,0,0
2025-11-14,-0.009569451016150672,1,0,-1
2025-11-17,-0.005279479725248538,0,0,0
2025-11-18,-0.012039969474931847,1,0,-1
2025-11-19,0.00487975872454099,0,0,0
2025-11-20,-0.0018561490247933747,0,0,0
2025-11-21,-0.00886406550266433,0,0,0
2025-11-24,0.0018726597232918325,0,0,0
2025-11-25,0.003967796079624706,0,0,0
2025-11-26,-0.000465983233035891,0,0,0
2025-11-27,0.0020952166901291565,0,0,0
2025-11-28,0.005103235385177466,0,0,0
2025-12-01,0.01173101434608928,0,1,1
2025-12-02,0.0020559687424912335,0,0,0
2025-12-03,0.0013683012397090989,0,0,0
2025-12-04,0.005454558978272139,0,0,0
2025-12-05,0.012836568560058407,0,1,1
2025-12-08,-0.0031376090285418555,0,0,0
2025-12-09,-0.022702450618306523,1,0,-1
2025-12-10,0.00982528182810333,0,1,1
2025-12-11,-0.0009099181701509259,0,0,0
2025-12-12,0.009062137231701219,0,0,0
2025-12-15,-0.01134056154840529,1,0,-1
2025-12-16,-0.003427399676415569,0,0,0
2025-12-17,0.0031992714673732834,0,0,0
2025-12-18,0.0018235701429081756,0,0,0
2025-12-19,0.010421480817191993,0,1,1
2025-12-22,0.001576399380611202,0,0,0
2025-12-23,-0.0011257459254853822,0,0,0
2025-12-24,0.006064027566067859,0,0,0
2025-12-25,-0.002466092495193554,0,0,0
2025-12-26,0.005819174881233404,0,0,0
2025-12-29,0.00733744259133804,0,0,0
2025-12-30,-0.00022155755047976737,0,0,0
2025-12-31,0.015827984863564144,0,1,1
