date,return,extreme_left,extreme_right,extreme_event
2015-03-30,0.001253525704724339,0,0,0
2015-03-31,0.0012519563450593806,0,0,0
2015-04-01,-0.000625782248206304,0,0,0
2015-04-02,0.0015637219761827589,0,0,0
2015-04-03,0.009950330853168092,0,0,0
2015-04-07,0.0033976866663320018,0,0,0
2015-04-08,-0.0015429720697375268,0,0,0
2015-04-09,-0.0015453565121473242,0,0,0
2015-04-10,0.011990919997204539,0,0,0
2015-04-13,0.0054861460367798855,0,0,0
2015-04-14,-0.007321570229007133,0,0,0
2015-04-15,0.005800657388300428,0,0,0
2015-04-16,0.008185584586439502,0,0,0
2015-04-17,0.003616640470188515,0,0,0
2015-04-20,-0.008762709038731267,0,0,0
2015-04-21,-0.0033439763642887942,0,0,0
2015-04-22,0.008188066974927414,0,0,0
2015-04-23,0.00030197795790401033,0,0,0
2015-04-24,-0.0003019779579039844,0,0,0
2015-04-27,0.015285776421314753,0,1,1
2015-04-28,0.01212136053234482,0,0,0
2015-04-29,-0.009151355379159695,0,0,0
2015-04-30,0.008269391482506766,0,0,0
2015-05-04,0.012277266167232058,0,0,0
2015-05-05,-0.008168073417098768,0,0,0
2015-05-06,0.017422043446664415,0,1,1
2015-05-07,-0.01070766995121641,0,0,0
2015-05-08,-0.004666091872229168,0,0,0
2015-05-11,-0.0005847953383033449,0,0,0
2015-05-12,-0.013249126533387705,1,0,-1
2015-05-13,0.01587801661175674,0,1,1
2015-05-14,-0.008201569113417633,0,0,0
2015-05-15,-0.003830857786481013,0,0,0
2015-05-18,-0.003549249511141463,0,0,0
2015-05-19,-0.0005927682449799505,0,0,0
2015-05-20,-0.014032175308777277,1,0,-1
2015-05-21,-0.0006015037775342237,0,0,0
2015-05-22,-0.00030088762074449764,0,0,0
2015-05-25,-0.004221960432982077,0,0,0
2015-05-26,-0.0012095556358254597,0,0,0
2015-05-27,0.006333907467086387,0,0,0
2015-05-28,0.012251759408201607,0,0,0
2015-05-29,0.0008906041853328359,0,0,0
2015-06-01,-0.014044754991813133,1,0,-1
2015-06-02,-0.004524212211012303,0,0,0
2015-06-03,-0.011859649419371263,0,0,0
2015-06-04,0.0036641262368910113,0,0,0
2015-06-05,-0.01195783066548021,0,0,0
2015-06-08,0.0040018523470482,0,0,0
2015-06-09,0.003373718887740871,0,0,0
2015-06-10,0.005496197041908431,0,0,0
2015-06-11,-0.008255665296085332,0,0,0
2015-06-12,-0.009563546591079369,0,0,0
2015-06-15,-0.002482931132825652,0,0,0
2015-06-16,0.00031070374647968683,0,0,0
2015-06-17,-0.012189555524585678,1,0,-1
2015-06-18,-0.0009438415047064242,0,0,0
2015-06-19,-0.012033077427562561,0,0,0
2015-06-23,-0.006391840234150321,0,0,0
2015-06-24,0.012426478207784173,0,0,0
2015-06-25,-0.009864837357746169,0,0,0
2015-06-26,-0.0006397952873394624,0,0,0
2015-06-29,-0.014504686202881688,1,0,-1
2015-06-30,-0.011757156986043644,0,0,0
2015-07-01,0.0006568144735307536,0,0,0
2015-07-02,0.022399897766446426,0,1,1
2015-07-03,-0.0035375499184441225,0,0,0
2015-07-06,-0.024459070275872092,1,0,-1
2015-07-07,0.004611338869733698,0,0,0
2015-07-08,-0.044003740580394524,1,0,-1
2015-07-09,0.04268838360021644,0,1,1
2015-07-10,0.006232593572214553,0,0,0
2015-07-13,-0.002947439500752821,0,0,0
2015-07-14,0.014651084144756557,0,1,1
2015-07-15,0.014439525708942072,0,1,1
2015-07-16,0.00413289413581626,0,0,0
2015-07-17,-0.006046160025578052,0,0,0
2015-07-20,-0.007368285778911887,0,0,0
2015-07-21,0.001927401817359134,0,0,0
2015-07-22,-0.02436371931327421,1,0,-1
2015-07-23,0.0029551819240926404,0,0,0
2015-07-24,-0.017529802284794126,1,0,-1
2015-07-27,-0.01580661798279768,1,0,-1
2015-07-28,0.005746170956956316,0,0,0
2015-07-29,0.022330539617655742,0,1,1
2015-07-30,-0.021319928111732205,1,0,-1
2015-07-31,0.0023541292190310606,0,0,0
2015-08-03,-0.020360391148055004,1,0,-1
2015-08-04,0.010232012869973365,0,0,0
2015-08-05,0.0,0,0,0
2015-08-06,-0.007493223071737895,0,0,0
2015-08-07,-0.014809983106489462,1,0,-1
2015-08-10,0.00829306757076073,0,0,0
2015-08-11,0.010270545604177953,0,0,0
2015-08-12,0.008478938367185157,0,0,0
2015-08-13,0.01175101653551873,0,0,0
2015-08-14,-0.007370217617009692,0,0,0
2015-08-17,0.002350966657970973,0,0,0
2015-08-18,-0.014529736944248868,1,0,-1
2015-08-19,0.00034030968509481623,0,0,0
2015-08-20,0.003057586890309824,0,0,0
2015-08-21,-0.002717392976499915,0,0,0
2015-08-24,-0.025841231183887328,1,0,-1
2015-08-25,0.002440301019274972,0,0,0
2015-08-26,0.005901770298120467,0,0,0
2015-08-27,0.0017292067251940095,0,0,0
2015-08-28,0.015769953141298042,0,1,1
2015-08-31,0.0016992357529598428,0,0,0
2015-09-01,-0.003060706351280865,0,0,0
2015-09-02,0.008816605093337829,0,0,0
2015-09-07,-0.00270453173641893,0,0,0
2015-09-08,-0.009523881511255479,0,0,0
2015-09-09,0.01862251209800185,0,1,1
2015-09-10,0.000670690836677044,0,0,0
2015-09-11,0.0013400337013611985,0,0,0
2015-09-14,-0.016200151797192468,1,0,-1
2015-09-15,-0.021668947577980057,1,0,-1
2015-09-16,0.004163781171779514,0,0,0
2015-09-17,0.0010382420036292304,0,0,0
2015-09-18,-0.010081781899949885,0,0,0
2015-09-21,-0.04465825107571711,1,0,-1
2015-09-22,-0.011390900309945716,0,0,0
2015-09-23,0.006996898366611153,0,0,0
2015-09-24,0.01421047779021599,0,1,1
2015-09-25,-0.008356088584774757,0,0,0
2015-09-28,-0.012112462270620147,0,0,0
2015-09-29,-0.0011084427515837378,0,0,0
2015-09-30,0.027349015404100764,0,1,1
2015-10-08,-0.01998249958733829,1,0,-1
2015-10-09,0.048003485224967335,0,1,1
2015-10-12,0.02725716441151086,0,1,1
2015-10-13,-0.00854559977438806,0,0,0
2015-10-14,-0.007581014943088583,0,0,0
2015-10-15,0.005175102113882143,0,0,0
2015-10-16,-0.009334553518052334,0,0,0
2015-10-19,-0.009773201699503829,0,0,0
2015-10-20,-0.0017553102628742785,0,0,0
2015-10-21,-0.0003514320893664061,0,0,0
2015-10-22,-0.01451609840595064,1,0,-1
2015-10-23,0.012404908318490424,0,0,0
2015-10-26,-0.0017627362223454294,0,0,0
2015-10-27,0.003873926309805467,0,0,0
2015-10-28,-0.008471635558435013,0,0,0
2015-10-29,0.0017708522424764634,0,0,0
2015-10-30,-0.026171058101865468,1,0,-1
2015-11-02,0.0,0,0,0
2015-11-03,-0.005098335879529103,0,0,0
2015-11-04,0.006187462870470927,0,0,0
2015-11-05,-0.018308823402815852,1,0,-1
2015-11-06,0.0022148403295528213,0,0,0
2015-11-09,-0.002584457779704287,0,0,0
2015-11-10,-0.022430846988182086,1,0,-1
2015-11-11,-0.03266380681879157,1,0,-1
2015-11-12,0.017809220211182353,0,1,1
2015-11-13,-0.0057725771226804275,0,0,0
2015-11-16,-0.00425450264644686,0,0,0
2015-11-17,-0.02234072927460538,1,0,-1
2015-11-18,-0.01316595918230445,1,0,-1
2015-11-19,-0.0334861830300417,1,0,-1
2015-11-20,0.039492207090253466,0,1,1
2015-11-23,-0.013665807530355126,1,0,-1
2015-11-24,0.03733555161625981,0,1,1
2015-11-25,-0.0007800312407987771,0,0,0
2015-11-26,0.027704734611391515,0,1,1
2015-11-27,-0.011450506787995378,0,0,0
2015-11-30,-0.01158314108963076,0,0,0
2015-12-01,-0.010148408721721092,0,0,0
2015-12-02,-0.015418372250285892,1,0,-1
2015-12-03,-0.007197152218485779,0,0,0
2015-12-04,0.010379334696948692,0,0,0
2015-12-07,0.01888333057128926,0,1,1
2015-12-08,-0.022862643422770463,1,0,-1
2015-12-09,0.008733679968754631,0,0,0
2015-12-10,-0.006742044177973702,0,0,0
2015-12-11,0.02631214037207094,0,1,1
2015-12-14,0.0,0,0,0
2015-12-15,-0.013658748931040016,1,0,-1
2015-12-16,-0.007493626074186674,0,0,0
2015-12-17,-0.006354270784606832,0,0,0
2015-12-18,0.007541214544135615,0,0,0
2015-12-21,0.017248565611779038,0,1,1
2015-12-22,-0.003894085917673094,0,0,0
2015-12-23,0.006998473354542737,0,0,0
2015-12-24,0.006180011944134472,0,0,0
2015-12-25,0.011866167941752782,0,0,0
2015-12-28,-0.01611082027269837,1,0,-1
2015-12-29,0.01611082027269827,0,1,1
2015-12-30,0.01847366391585139,0,1,1
2015-12-31,0.002238806905271732,0,0,0
2016-01-04,-0.020332025695742915,1,0,-1
2016-01-05,0.014350699452133126,0,1,1
2016-01-06,-0.020072629997847046,1,0,-1
2016-01-07,-0.014255683531802172,1,0,-1
2016-01-08,0.0,0,0,0
2016-01-11,-0.0034985458425132814,0,0,0
2016-01-12,-0.03688698980706116,1,0,-1
2016-01-13,0.009250015682732367,0,0,0
2016-01-14,0.010354532975580798,0,0,0
2016-01-15,-0.007157088205090185,0,0,0
2016-01-18,0.012688512818319252,0,1,1
2016-01-19,0.010971896901248782,0,0,0
2016-01-20,-0.008610620715568944,0,0,0
2016-01-21,-0.007496582750552519,0,0,0
2016-01-22,0.01259363358172643,0,0,0
2016-01-25,-0.0019573308265061636,0,0,0
2016-01-26,0.0027391916951082272,0,0,0
2016-01-27,0.023176008347923115,0,1,1
2016-01-28,-0.00882076668373129,0,0,0
2016-01-29,0.007674634753108666,0,0,0
2016-02-01,0.0045766670274118935,0,0,0
2016-02-02,0.011727011638518667,0,0,0
2016-02-03,0.01456064552468146,0,1,1
2016-02-04,0.03317235085978781,0,1,1
2016-02-05,-0.007919407840563046,0,0,0
2016-02-15,-0.001446654863509369,0,0,0
2016-02-16,-0.011283104232735859,0,0,0
2016-02-17,-0.007716371192015164,0,0,0
2016-02-18,0.00441664317509398,0,0,0
2016-02-19,0.021795268852131146,0,1,1
2016-02-22,0.02168202939724071,0,1,1
2016-02-23,-0.005641763906668126,0,0,0
2016-02-24,-0.013169793480141185,1,0,-1
2016-02-25,0.008207004138012295,0,0,0
2016-02-26,-0.008923850046845396,0,0,0
2016-02-29,0.007501374700302506,0,0,0
2016-03-01,0.0035524016043679218,0,0,0
2016-03-02,0.018967902706811045,0,1,1
2016-03-03,0.0034734317658693574,0,0,0
2016-03-04,0.004152255100767288,0,0,0
2016-03-07,-0.004152255100767307,0,0,0
2016-03-08,-0.009056139915026976,0,0,0
2016-03-09,-0.014094666031187152,1,0,-1
2016-03-10,-0.0017758839687686443,0,0,0
2016-03-11,0.006731646323753537,0,0,0
2016-03-14,0.0014114328384078085,0,0,0
2016-03-15,-0.008498634721462582,0,0,0
2016-03-16,-0.006421713113648395,0,0,0
2016-03-17,0.014214880433718713,0,1,1
2016-03-18,0.016448314833902765,0,1,1
2016-03-21,-0.00034716195453685995,0,0,0
2016-03-22,0.0027739268827252244,0,0,0
2016-03-23,-0.0038161364611689276,0,0,0
2016-03-24,-0.012944032396296172,1,0,-1
2016-03-25,0.003514942107444592,0,0,0
2016-03-28,-0.0031628914085083067,0,0,0
2016-03-29,-0.004940024160597564,0,0,0
2016-03-30,-0.0010617590804576026,0,0,0
2016-03-31,-0.00035417035964338956,0,0,0
2016-04-01,0.02311027221274584,0,1,1
2016-04-05,0.0010378828124200214,0,0,0
2016-04-06,-0.015331310746788866,1,0,-1
2016-04-07,-0.0038698377230150394,0,0,0
2016-04-08,-0.016347201272529234,1,0,-1
2016-04-11,0.007140337370209671,0,0,0
2016-04-12,0.0042598573469575084,0,0,0
2016-04-13,0.0456985015867093,0,1,1
2016-04-14,0.006072893157899082,0,0,0
2016-04-15,0.004028202828604788,0,0,0
2016-04-18,0.004345652835840446,0,0,0
2016-04-19,0.00995693589479638,0,0,0
2016-04-20,-0.0006607202090381347,0,0,0
2016-04-21,0.012805954022010442,0,1,1
2016-04-22,-0.018107490627390328,1,0,-1
2016-04-25,0.004640379556502301,0,0,0
2016-04-26,-0.022067094028678545,1,0,-1
2016-04-27,0.009086382555957442,0,0,0
2016-04-28,-0.0016764463272523713,0,0,0
2016-04-29,0.02583780698955756,0,1,1
2016-05-03,0.00032695766189578266,0,0,0
2016-05-04,-0.024488318324200963,1,0,-1
2016-05-05,-0.0016764463272523713,0,0,0
2016-05-06,-0.0023517565013524665,0,0,0
2016-05-09,-0.008105414182821454,0,0,0
2016-05-10,-0.002036660581803459,0,0,0
2016-05-11,0.012829345444598626,0,1,1
2016-05-12,0.018282044837449073,0,1,1
2016-05-13,-0.010596125631495158,0,0,0
2016-05-16,0.005643168502646571,0,0,0
2016-05-17,0.005611501769046097,0,0,0
2016-05-18,-0.012253837715351054,1,0,-1
2016-05-19,-0.0040066831564292155,0,0,0
2016-05-20,0.004339849909469409,0,0,0
2016-05-23,-0.012401700761581485,1,0,-1
2016-05-24,-0.02458300645569073,1,0,-1
2016-05-25,0.004139364309876403,0,0,0
2016-05-26,0.026831292037639787,0,1,1
2016-05-27,0.005680884116715677,0,0,0
2016-05-30,0.002662231189678155,0,0,0
2016-05-31,0.0033178530767935493,0,0,0
2016-06-01,-0.008315364727265143,0,0,0
2016-06-02,0.03993984201106529,0,1,1
2016-06-03,0.0006416426270830401,0,0,0
2016-06-06,0.010210682201956936,0,0,0
2016-06-07,0.0003174099375958141,0,0,0
2016-06-08,-0.008285579586772762,0,0,0
2016-06-13,0.014928020584236673,0,1,1
2016-06-14,-0.009821083216092055,0,0,0
2016-06-15,0.001272669595894252,0,0,0
2016-06-16,-0.008301452526737679,0,0,0
2016-06-17,0.003201027061078784,0,0,0
2016-06-20,-0.003521694051160362,0,0,0
2016-06-21,0.00416067170868391,0,0,0
2016-06-22,0.0073190461965780594,0,0,0
2016-06-23,0.0012674272926038045,0,0,0
2016-06-24,-0.018859437027839137,1,0,-1
2016-06-27,0.012187450402929817,0,0,0
2016-06-28,0.013614267583544353,0,1,1
2016-06-29,0.019309226521399,0,1,1
2016-06-30,0.012262569354414865,0,0,0
2016-07-01,0.008193036271575853,0,0,0
2016-07-04,0.0126127798156983,0,0,0
2016-07-05,-0.018371243977892856,1,0,-1
2016-07-06,-0.0018253731870987858,0,0,0
2016-07-07,-0.0015236937276706262,0,0,0
2016-07-08,0.004260505531716079,0,0,0
2016-07-11,0.020439545348741477,0,1,1
2016-07-12,-0.002084885341951486,0,0,0
2016-07-13,0.00801786032473183,0,0,0
2016-07-14,0.00501549952399125,0,0,0
2016-07-15,0.0038184801867684674,0,0,0
2016-07-18,-0.006765726646700665,0,0,0
2016-07-19,0.02045061047129084,0,1,1
2016-07-20,-0.004928260445755388,0,0,0
2016-07-21,0.010120080587802385,0,0,0
2016-07-22,-0.005481046463658142,0,0,0
2016-07-25,0.00806688327299981,0,0,0
2016-07-26,-0.015033529736932177,1,0,-1
2016-07-27,-0.008777118956786283,0,0,0
2016-07-28,-0.007965818785058039,0,0,0
2016-07-29,-0.0005925926099341434,0,0,0
2016-08-01,0.028919789638160307,0,1,1
2016-08-02,0.0043097322847961824,0,0,0
2016-08-03,-0.006904515346544487,0,0,0
2016-08-04,-0.0005775339461711768,0,0,0
2016-08-05,0.007195310939496683,0,0,0
2016-08-08,0.00571920346452695,0,0,0
2016-08-09,-0.01204833851617448,0,0,0
2016-08-10,0.02648595660177689,0,1,1
2016-08-11,-0.007617472297394023,0,0,0
2016-08-12,-0.009103903560698373,0,0,0
2016-08-15,-0.02195985383750265,1,0,-1
2016-08-16,0.012772307154838207,0,1,1
2016-08-17,-0.004915435659617962,0,0,0
2016-08-18,0.017241806434505954,0,1,1
2016-08-19,-0.0025673955052458097,0,0,0
2016-08-22,-0.006878788946804306,0,0,0
2016-08-23,0.010300520257965738,0,0,0
2016-08-24,0.0017064850557581056,0,0,0
2016-08-25,-0.0051282163669194554,0,0,0
2016-08-26,0.024546302224021047,0,1,1
2016-08-29,0.0013925639348320844,0,0,0
2016-08-30,-0.005581929090108923,0,0,0
2016-08-31,0.00697255648706859,0,0,0
2016-09-01,0.020902851264592473,0,1,1
2016-09-02,0.007862315138541643,0,0,0
2016-09-05,-0.006230549750636086,0,0,0
2016-09-06,-0.006269613013595374,0,0,0
2016-09-07,-0.002738227340700978,0,0,0
2016-09-08,-0.010474186165891691,0,0,0
2016-09-09,0.006077366771547305,0,0,0
2016-09-12,-0.024252059689364187,1,0,-1
2016-09-13,0.00281769698962509,0,0,0
2016-09-14,-0.011318739967554097,0,0,0
2016-09-19,-0.002564469278352081,0,0,0
2016-09-20,0.022009917836263264,0,1,1
2016-09-21,0.0011157602273286714,0,0,0
2016-09-22,-0.0013948949116255225,0,0,0
2016-09-23,0.0022308988616675284,0,0,0
2016-09-26,-0.01628791975847388,1,0,-1
2016-09-27,0.020180057004377822,0,1,1
2016-09-28,0.0011092624542857557,0,0,0
2016-09-29,0.007730574114855223,0,0,0
2016-09-30,0.004116926358267489,0,0,0
2016-10-10,0.007368023508629482,0,0,0
2016-10-11,-0.012035156208149884,0,0,0
2016-10-12,-0.021135380730336096,1,0,-1
2016-10-13,-0.0022509857563189337,0,0,0
2016-10-14,0.004216450378934825,0,0,0
2016-10-17,0.009214081662082063,0,0,0
2016-10-18,0.012154845777074806,0,0,0
2016-10-19,-0.0027495205663693404,0,0,0
2016-10-20,0.006312632462694918,0,0,0
2016-10-21,-0.004112411553092548,0,0,0
2016-10-24,-0.0013745706631665985,0,0,0
2016-10-25,0.044918133080754756,0,1,1
2016-10-26,-0.006597200335917621,0,0,0
2016-10-27,-0.000529661029331749,0,0,0
2016-10-28,0.011588225542391096,0,0,0
2016-10-31,0.012231772542760026,0,0,0
2016-11-01,0.021748330643114627,0,1,1
2016-11-02,-0.0191650174007339,1,0,-1
2016-11-03,0.013326696463699736,0,1,1
2016-11-04,0.006091389393401913,0,0,0
2016-11-07,0.015566470488524985,0,1,1
2016-11-08,-0.010266773541684489,0,0,0
2016-11-09,-0.001259287409835529,0,0,0
2016-11-10,0.04941400947603338,0,1,1
2016-11-11,0.003113402107782047,0,0,0
2016-11-14,0.017305161018895517,0,1,1
2016-11-15,-0.007548986073530931,0,0,0
2016-11-16,0.006608473424846593,0,0,0
2016-11-17,-0.03275845814588763,1,0,-1
2016-11-18,0.01543687190360858,0,1,1
2016-11-21,0.02248349352751376,0,1,1
2016-11-22,0.020155900699054968,0,1,1
2016-11-23,-0.009679725268327383,0,0,0
2016-11-24,0.04439134630272831,0,1,1
2016-11-25,0.020827235343027287,0,1,1
2016-11-28,0.057544058232397055,0,1,1
2016-11-29,-0.02614799314223296,1,0,-1
2016-11-30,-0.053331579389588255,1,0,-1
2016-12-01,0.015405234236011167,0,1,1
2016-12-02,-0.024092225049480925,1,0,-1
2016-12-05,0.015979035057889193,0,1,1
2016-12-06,0.008549871221238261,0,0,0
2016-12-07,0.01752722570896032,0,1,1
2016-12-08,-0.019931335707452105,1,0,-1
2016-12-09,-0.010337714410407229,0,0,0
2016-12-12,-0.010892627427768187,0,0,0
2016-12-13,0.010229130776201866,0,0,0
2016-12-14,-0.005101486055569523,0,0,0
2016-12-15,0.019597676647142338,0,1,1
2016-12-16,-0.013832693940006644,1,0,-1
2016-12-19,-0.048237586380049706,1,0,-1
2016-12-20,-0.026329682717215152,1,0,-1
2016-12-21,0.015599465465102155,0,1,1
2016-12-22,-0.023251344024763202,1,0,-1
2016-12-23,0.02043311764092119,0,1,1
2016-12-26,-0.07089294183992184,1,0,-1
2016-12-27,0.0229608290063918,0,1,1
2016-12-28,0.016395815715263468,0,1,1
2016-12-29,0.021609484332855127,0,1,1
2016-12-30,-0.0026162459922338117,0,0,0
2017-01-03,0.002378688086377416,0,0,0
2017-01-04,0.00639433795072654,0,0,0
2017-01-05,0.008228564120169517,0,0,0
2017-01-06,-0.006577425639141673,0,0,0
2017-01-09,0.02605404408427836,0,1,1
2017-01-10,0.035194248121792684,0,1,1
2017-01-11,-0.0031083506376884933,0,0,0
2017-01-12,-0.00244907169055382,0,0,0
2017-01-13,-0.0011152002940106028,0,0,0
2017-01-16,0.016159731837541828,0,1,1
2017-01-17,-0.032131278182793294,1,0,-1
2017-01-18,0.015525117766408438,0,1,1
2017-01-19,-0.0042510411931902786,0,0,0
2017-01-20,-0.006974941090911545,0,0,0
2017-01-23,0.029806477004204378,0,1,1
2017-01-24,-0.002413605121235734,0,0,0
2017-01-25,0.003070851283573938,0,0,0
2017-01-26,0.016292312151434972,0,1,1
2017-02-03,-0.02442869568496197,1,0,-1
2017-02-06,-0.00998565936416332,0,0,0
2017-02-07,0.011309578357186522,0,0,0
2017-02-08,0.011837051845596554,0,0,0
2017-02-09,0.0015242245738128321,0,0,0
2017-02-10,0.018752570214895358,0,1,1
2017-02-13,0.022800227699580466,0,1,1
2017-02-14,-0.0041832313670151205,0,0,0
2017-02-15,-0.00841932988495892,0,0,0
2017-02-16,-0.013405882224701498,1,0,-1
2017-02-17,-0.0025740039951728773,0,0,0
2017-02-20,-0.011883039255805111,0,0,0
2017-02-21,0.01873238110137998,0,1,1
2017-02-22,-0.011585626264527062,0,0,0
2017-02-23,-0.008016509186093576,0,0,0
2017-02-24,-0.0026138111156627634,0,0,0
2017-02-27,-0.00634506012349245,0,0,0
2017-02-28,0.003505700347628487,0,0,0
2017-03-01,0.018635425529584974,0,1,1
2017-03-02,-0.00085910658204921,0,0,0
2017-03-03,-0.016901810802603254,1,0,-1
2017-03-06,-0.025900728432157124,1,0,-1
2017-03-07,-0.0038198001731039083,0,0,0
2017-03-08,-0.009045742367965726,0,0,0
2017-03-09,-0.018340725019575684,1,0,-1
2017-03-10,0.015610969002385853,0,1,1
2017-03-13,0.02696792642750697,0,1,1
2017-03-14,0.00022170491167191684,0,0,0
2017-03-15,0.009487109215289013,0,0,0
2017-03-16,0.025581277884378032,0,1,1
2017-03-17,0.00021401819236317897,0,0,0
2017-03-20,0.017605715110246348,0,1,1
2017-03-21,-0.014187638721086127,1,0,-1
2017-03-22,-0.008137089865489253,0,0,0
2017-03-23,0.006856679959444752,0,0,0
2017-03-24,-0.0047089128108008345,0,0,0
2017-03-27,-0.02784604543189165,1,0,-1
2017-03-28,-0.004200293563368206,0,0,0
2017-03-29,0.03525936521447806,0,1,1
2017-03-30,0.0019228720805634474,0,0,0
2017-03-31,-0.0019228720805635035,0,0,0
2017-04-05,-0.011399198603733564,0,0,0
2017-04-06,-0.001082134073784722,0,0,0
2017-04-07,-0.039532585080405386,1,0,-1
2017-04-10,-0.0056478180173535,0,0,0
2017-04-11,-0.03433912689090223,1,0,-1
2017-04-12,-0.002347418918305008,0,0,0
2017-04-13,0.020930996692017964,0,1,1
2017-04-14,-0.013905206667612262,1,0,-1
2017-04-17,0.020100018264548918,0,1,1
2017-04-18,-0.02126756072058669,1,0,-1
2017-04-19,-0.01767871616879409,1,0,-1
2017-04-20,0.029755035713832725,0,1,1
2017-04-21,0.009191241175547862,0,0,0
2017-04-24,-0.015443432434597967,1,0,-1
2017-04-25,0.0013927578853034758,0,0,0
2017-04-26,0.004166672694845912,0,0,0
2017-04-27,0.004839276640749232,0,0,0
2017-04-28,0.0068728792877620504,0,0,0
2017-05-02,0.014956091153650177,0,1,1
2017-05-03,-0.015184427722743508,1,0,-1
2017-05-04,-0.023802394656462493,1,0,-1
2017-05-05,-0.0035141186450238656,0,0,0
2017-05-08,0.007714824938814364,0,0,0
2017-05-09,0.018230572974194167,0,1,1
2017-05-10,0.002284149005888674,0,0,0
2017-05-11,0.011794194324870621,0,0,0
2017-05-12,-0.02580935767684859,1,0,-1
2017-05-15,-0.0004628558286752976,0,0,0
2017-05-16,-0.013516868579593574,1,0,-1
2017-05-17,0.009806289183057863,0,0,0
2017-05-18,-0.008868202810324452,0,0,0
2017-05-19,0.0046772770022264175,0,0,0
2017-05-22,0.0350752288005129,0,1,1
2017-05-23,0.007853737216039606,0,0,0
2017-05-24,0.0006703161908905419,0,0,0
2017-05-25,-0.006273827434923737,0,0,0
2017-05-26,0.0031418338232281373,0,0,0
2017-05-31,-0.01991466583755509,1,0,-1
2017-06-01,-0.0032051309489483358,0,0,0
2017-06-02,-0.0016064260482736878,0,0,0
2017-06-05,-0.01574106576097044,1,0,-1
2017-06-06,-0.012679202495387011,1,0,-1
2017-06-07,-0.0021289186041917835,0,0,0
2017-06-08,0.024790792508036983,0,1,1
2017-06-09,0.007823325681629103,0,0,0
2017-06-12,-0.018973266978663444,1,0,-1
2017-06-13,-0.03252512220562715,1,0,-1
2017-06-14,0.015325970478226772,0,1,1
2017-06-15,0.00450504614924404,0,0,0
2017-06-16,0.00023654642333828082,0,0,0
2017-06-19,0.005660392471710355,0,0,0
2017-06-20,0.007497692105800935,0,0,0
2017-06-21,0.0013995803544232636,0,0,0
2017-06-22,0.02486315919264383,0,1,1
2017-06-23,0.012203541280729063,0,0,0
2017-06-26,-0.006761350978043795,0,0,0
2017-06-27,0.015483311670346538,0,1,1
2017-06-28,0.005551252181814679,0,0,0
2017-06-29,0.0024328221664060034,0,0,0
2017-06-30,0.004847960134045486,0,0,0
2017-07-03,0.014187731163694985,0,1,1
2017-07-04,-0.005650960484437719,0,0,0
2017-07-05,-0.001090393740137248,0,0,0
2017-07-06,0.002179599816669376,0,0,0
2017-07-07,0.004995123862142125,0,0,0
2017-07-10,-0.019248188304916578,1,0,-1
2017-07-11,0.015341085440108104,0,1,1
2017-07-12,0.014680747258248337,0,1,1
2017-07-13,-0.0002143392999310703,0,0,0
2017-07-14,-0.017515854886868666,1,0,-1
2017-07-17,0.017301469635752867,0,1,1
2017-07-18,-0.014687089061681983,1,0,-1
2017-07-19,0.0021734414119842357,0,0,0
2017-07-20,-0.009160369398664278,0,0,0
2017-07-21,0.0008760403538798185,0,0,0
2017-07-24,0.00502239291337594,0,0,0
2017-07-25,0.01276935433217996,0,1,1
2017-07-26,0.000644953263246597,0,0,0
2017-07-27,0.0030042941051670394,0,0,0
2017-07-28,-0.011204599012863132,0,0,0
2017-07-31,0.012275377571110555,0,0,0
2017-08-01,-0.01748938025884089,1,0,-1
2017-08-02,0.004346887957483539,0,0,0
2017-08-03,0.014425914937418734,0,1,1
2017-08-04,0.0076661363519521615,0,0,0
2017-08-07,-0.0033999182772183477,0,0,0
2017-08-08,0.014999753079366272,0,1,1
2017-08-09,0.03644252978313722,0,1,1
2017-08-10,-0.018364115342027327,1,0,-1
2017-08-11,-0.01347589585621203,1,0,-1
2017-08-14,0.004581432419987224,0,0,0
2017-08-15,0.008070400760831417,0,0,0
2017-08-16,0.01979454488794529,0,1,1
2017-08-17,0.04851108858144168,0,1,1
2017-08-18,0.006714653525640903,0,0,0
2017-08-21,0.009514819641338488,0,0,0
2017-08-22,-0.003414915100069124,0,0,0
2017-08-23,-0.013199617755919135,1,0,-1
2017-08-24,-0.001348877745709263,0,0,0
2017-08-25,0.010358811216478107,0,0,0
2017-08-28,-0.014222803659302018,1,0,-1
2017-08-29,-0.005824128285988651,0,0,0
2017-08-30,0.008530489883731559,0,0,0
2017-08-31,-0.0100893366530228,0,0,0
2017-09-01,0.014519662689797552,0,1,1
2017-09-04,0.0026871417320891607,0,0,0
2017-09-05,0.00287109011464192,0,0,0
2017-09-06,-0.043557319779417875,1,0,-1
2017-09-07,-0.007414120727015061,0,0,0
2017-09-08,-0.011530420049334767,0,0,0
2017-09-11,0.01333892049201642,0,1,1
2017-09-12,0.009789310020501416,0,0,0
2017-09-13,-0.013006686614511922,1,0,-1
2017-09-14,-0.007277169773895157,0,0,0
2017-09-15,-0.0010149194010336707,0,0,0
2017-09-18,0.021895019472015873,0,1,1
2017-09-19,0.010278801706300423,0,0,0
2017-09-20,0.007640354533964579,0,0,0
2017-09-21,-0.016330908933993984,1,0,-1
2017-09-22,-0.021251802215048864,1,0,-1
2017-09-25,0.020060853285080678,0,1,1
2017-09-26,0.017131461606807948,0,1,1
2017-09-27,0.010873893552012476,0,0,0
2017-09-28,-0.008144314941685863,0,0,0
2017-09-29,0.015072749123649842,0,1,1
2017-10-09,0.014092787038075243,0,1,1
2017-10-10,-0.021214364629620844,1,0,-1
2017-10-11,0.009611761811020515,0,0,0
2017-10-12,-0.002490184219474842,0,0,0
2017-10-13,0.007832688817604495,0,0,0
2017-10-16,0.0003805175083964597,0,0,0
2017-10-17,-0.02796980476207731,1,0,-1
2017-10-18,-0.010421881765434593,0,0,0
2017-10-19,-0.003961185611338046,0,0,0
2017-10-20,0.012228949242328391,0,0,0
2017-10-23,-0.0029449319408616534,0,0,0
2017-10-24,0.012310854064076492,0,0,0
2017-10-25,-0.0050623161069391215,0,0,0
2017-10-26,0.015110709833870115,0,1,1
2017-10-27,-0.022752561463727766,1,0,-1
2017-10-30,0.009007305855470537,0,0,0
2017-10-31,0.012398454057878622,0,0,0
2017-11-01,0.0007698229787418284,0,0,0
2017-11-02,-0.005594690005396298,0,0,0
2017-11-03,0.003476249155360909,0,0,0
2017-11-06,0.0023108040323156637,0,0,0
2017-11-07,-0.011218686328211106,0,0,0
2017-11-08,-0.012527077108110353,1,0,-1
2017-11-09,0.0043239061077614905,0,0,0
2017-11-10,0.004305290407394643,0,0,0
2017-11-13,0.00836174050398279,0,0,0
2017-11-14,-0.0023264841823435363,0,0,0
2017-11-15,-0.029547156346625157,1,0,-1
2017-11-16,0.0005995803117565037,0,0,0
2017-11-17,0.0035899520007237205,0,0,0
2017-11-20,0.0019888630263152508,0,0,0
2017-11-21,-0.00019870839608355535,0,0,0
2017-11-22,0.020457046989520583,0,1,1
2017-11-23,-0.005075162172047026,0,0,0
2017-11-24,0.0013689256073417405,0,0,0
2017-11-27,-0.022330737218290105,1,0,-1
2017-11-28,-0.006013247223451746,0,0,0
2017-11-29,-0.002415460111603662,0,0,0
2017-11-30,0.006027745797517245,0,0,0
2017-12-01,0.008974035696386969,0,0,0
2017-12-04,0.01458441302262901,0,1,1
2017-12-05,-0.013988997702865246,1,0,-1
2017-12-06,-0.027966816155866814,1,0,-1
2017-12-07,-0.0004081632709726519,0,0,0
2017-12-08,0.00853663720717518,0,0,0
2017-12-11,-0.0026345136323943402,0,0,0
2017-12-12,0.013103705287253666,0,1,1
2017-12-13,0.00897224641194631,0,0,0
2017-12-14,-0.0033800608778500074,0,0,0
2017-12-15,0.009908919760313566,0,0,0
2017-12-18,0.010202168144183205,0,0,0
2017-12-19,-0.012966782859219279,1,0,-1
2017-12-20,0.00944702951878286,0,0,0
2017-12-21,-0.0025497709214688195,0,0,0
2017-12-22,0.00411563540270207,0,0,0
2017-12-25,-0.010419832798488024,0,0,0
2017-12-26,0.008853968317254761,0,0,0
2017-12-27,-0.005893926688777801,0,0,0
2017-12-28,0.013115583915846654,0,1,1
2017-12-29,0.0005832604423152533,0,0,0
2018-01-02,0.004847319234324776,0,0,0
2018-01-03,-0.002905571051414524,0,0,0
2018-01-04,0.007921981339429833,0,0,0
2018-01-05,0.004799855620062132,0,0,0
2018-01-08,-0.001725295165816633,0,0,0
2018-01-09,0.011066703290672206,0,0,0
2018-01-10,-0.011834457647002796,0,0,0
2018-01-11,0.008222629749454032,0,0,0
2018-01-12,0.0045601447064080305,0,0,0
2018-01-15,-0.0005688821619240812,0,0,0
2018-01-16,-0.011254291414237241,0,0,0
2018-01-17,-0.00038372985889130614,0,0,0
2018-01-18,-0.0023054765254988505,0,0,0
2018-01-19,0.004031102492968522,0,0,0
2018-01-22,0.0042057030066671944,0,0,0
2018-01-23,0.00019074868918111888,0,0,0
2018-01-24,-0.013054514438963006,1,0,-1
2018-01-25,0.015911387156256732,0,1,1
2018-01-26,-0.004001911010338795,0,0,0
2018-01-29,0.03268510336324763,0,1,1
2018-01-30,-0.00853754257793639,0,0,0
2018-01-31,-0.001678948253735715,0,0,0
2018-02-01,-0.004116002069103528,0,0,0
2018-02-02,0.0067264827609508126,0,0,0
2018-02-05,-0.0016773836753726098,0,0,0
2018-02-06,-0.009370383405138584,0,0,0
2018-02-07,-0.0028283228055550665,0,0,0
2018-02-08,-0.00853328397898487,0,0,0
2018-02-09,-0.0051551426815923005,0,0,0
2018-02-12,-0.006915125519932468,0,0,0
2018-02-13,0.011117614990484519,0,0,0
2018-02-14,0.015885356733071294,0,1,1
2018-02-22,-0.01208017710363554,0,0,0
2018-02-23,0.00869735110001505,0,0,0
2018-02-26,0.004133013585689906,0,0,0
2018-02-27,-0.0003750234433603165,0,0,0
2018-02-28,-0.009800304598292167,0,0,0
2018-03-01,0.0011357184639274286,0,0,0
2018-03-02,-0.0064528597415477494,0,0,0
2018-03-05,-0.023113509687159754,1,0,-1
2018-03-06,-0.01038105493428199,0,0,0
2018-03-07,-0.0037479085197337516,0,0,0
2018-03-08,-0.007936549595736303,0,0,0
2018-03-09,-0.01951183292757434,1,0,-1
2018-03-12,0.014919631586004426,0,1,1
2018-03-13,0.005786706759332555,0,0,0
2018-03-14,0.0025832105770605966,0,0,0
2018-03-15,-0.013385476049996353,1,0,-1
2018-03-16,0.0020092431915238913,0,0,0
2018-03-19,-0.004224083521076816,0,0,0
2018-03-20,-0.0014120022517439931,0,0,0
2018-03-21,-0.014845214162157418,1,0,-1
2018-03-22,0.01786849571517299,0,1,1
2018-03-23,-0.007068594513018539,0,0,0
2018-03-26,-0.0012167918759462676,0,0,0
2018-03-27,0.01250268353220859,0,0,0
2018-03-28,-0.005828576444515452,0,0,0
2018-03-29,0.006028957168560341,0,0,0
2018-03-30,-0.0004008016085718826,0,0,0
2018-04-02,0.0010017029786811684,0,0,0
2018-04-03,-0.00824373825148079,0,0,0
2018-04-04,-0.0058722452838936064,0,0,0
2018-04-09,-0.01082195349780149,0,0,0
2018-04-10,0.005935950292175402,0,0,0
2018-04-11,0.003259986587207501,0,0,0
2018-04-12,-0.03962763075808228,1,0,-1
2018-04-13,-0.004666957982795184,0,0,0
2018-04-16,0.007414502773682791,0,0,0
2018-04-17,0.0,0,0,0
2018-04-18,0.008406943167024011,0,0,0
2018-04-19,0.02643689693267981,0,1,1
2018-04-20,-0.005518665002597449,0,0,0
2018-04-23,0.004294924282880871,0,0,0
2018-04-24,-0.002861232281032235,0,0,0
2018-04-25,-0.010906579972601686,0,0,0
2018-04-26,-0.020063368921332266,1,0,-1
2018-04-27,0.011126387481209095,0,0,0
2018-05-02,-0.002089864919459242,0,0,0
2018-05-03,-0.007138388489792732,0,0,0
2018-05-04,-0.018286709876017285,1,0,-1
2018-05-07,0.025843420898578585,0,1,1
2018-05-08,-0.003981147217409616,0,0,0
2018-05-09,-0.004840586111738194,0,0,0
2018-05-10,0.001686341040436412,0,0,0
2018-05-11,-0.0018973337619703303,0,0,0
2018-05-14,-0.0059259432675471575,0,0,0
2018-05-15,0.009506779110631306,0,0,0
2018-05-16,0.0,0,0,0
2018-05-17,-0.008870174314595984,0,0,0
2018-05-18,0.006554627547951756,0,0,0
2018-05-21,0.009647725839093813,0,0,0
2018-05-22,-0.015566153598860419,1,0,-1
2018-05-23,0.0008476372620249928,0,0,0
2018-05-24,-0.007227922623580572,0,0,0
2018-05-25,0.01082238679602473,0,0,0
2018-05-28,0.008825440766770847,0,0,0
2018-05-29,0.008748233255614782,0,0,0
2018-05-30,-0.006240918945831027,0,0,0
2018-05-31,0.019016695435309948,0,1,1
2018-06-01,-0.006573565166654603,0,0,0
2018-06-04,-0.006409615658318497,0,0,0
2018-06-05,0.007439587940122576,0,0,0
2018-06-06,0.01430932019821833,0,1,1
2018-06-07,-0.00733350200460587,0,0,0
2018-06-08,-0.0006135596879259318,0,0,0
2018-06-11,0.0002045617272143694,0,0,0
2018-06-12,0.004286158209920734,0,0,0
2018-06-13,-0.011470834502019531,0,0,0
2018-06-14,0.0012353306079928082,0,0,0
2018-06-15,-0.008472000254206686,0,0,0
2018-06-19,-0.02309086639677818,1,0,-1
2018-06-20,-0.0017003192194240783,0,0,0
2018-06-21,-0.008116234215809714,0,0,0
2018-06-22,-0.009913874301331976,0,0,0
2018-06-25,-0.023669744085904734,1,0,-1
2018-06-26,0.004425765135129657,0,0,0
2018-06-27,0.011852640952910252,0,0,0
2018-06-28,0.008473706325201932,0,0,0
2018-06-29,0.008402505538414897,0,0,0
2018-07-02,-0.010568414983791312,0,0,0
2018-07-03,0.006052763831351252,0,0,0
2018-07-04,-0.03643150317022606,1,0,-1
2018-07-05,-0.028107017967345143,1,0,-1
2018-07-06,0.013698844358161927,0,1,1
2018-07-09,0.007004886851210506,0,0,0
2018-07-10,-0.02047387257142219,1,0,-1
2018-07-11,-0.05722601383727039,1,0,-1
2018-07-12,0.020475242578455472,0,1,1
2018-07-13,-0.01804451702578451,1,0,-1
2018-07-16,-0.012213146434390844,1,0,-1
2018-07-17,-0.0056685302739991825,0,0,0
2018-07-18,0.024174049841704553,0,1,1
2018-07-19,0.01911647222187889,0,1,1
2018-07-20,0.005429023130500586,0,0,0
2018-07-23,0.011003271496581016,0,0,0
2018-07-24,-0.00747841765314542,0,0,0
2018-07-25,0.006080467751670092,0,0,0
2018-07-26,-0.0030356123719446565,0,0,0
2018-07-27,-0.0025758122191563916,0,0,0
2018-07-30,-0.018218887935352056,1,0,-1
2018-07-31,0.012811563134200368,0,1,1
2018-08-01,0.003999534798585629,0,0,0
2018-08-02,-0.0007046389017331989,0,0,0
2018-08-03,0.0014087816370820495,0,0,0
2018-08-06,-0.001173846830410073,0,0,0
2018-08-07,0.004920923814198496,0,0,0
2018-08-08,0.006291527219480251,0,0,0
2018-08-09,0.003246756098869873,0,0,0
2018-08-10,-0.014459207132548724,1,0,-1
2018-08-13,-0.0021164029063776126,0,0,0
2018-08-14,-0.019972133186915243,1,0,-1
2018-08-15,-0.015489177042460304,1,0,-1
2018-08-16,-0.03171722752733599,1,0,-1
2018-08-17,-0.009104766992919204,0,0,0
2018-08-20,0.02136564872512988,0,1,1
2018-08-21,0.02335119005666618,0,1,1
2018-08-22,-0.010993148450961429,0,0,0
2018-08-23,0.01244981294742557,0,0,0
2018-08-24,0.02207383291373003,0,1,1
2018-08-27,0.011091559135777598,0,0,0
2018-08-28,0.00887856299636959,0,0,0
2018-08-29,-0.01878430437194292,1,0,-1
2018-08-30,0.010140400534223852,0,0,0
2018-08-31,0.011895183989280633,0,0,0
2018-09-03,-0.01730632529520598,1,0,-1
2018-09-04,-0.0028348707858471857,0,0,0
2018-09-05,-0.020072358489388088,1,0,-1
2018-09-06,0.019835756098600152,0,1,1
2018-09-07,-0.0007101432420583937,0,0,0
2018-09-10,0.006137885180867904,0,0,0
2018-09-11,-0.009696185697265804,0,0,0
2018-09-12,-0.029665747123442495,1,0,-1
2018-09-13,0.021073808826559796,0,1,1
2018-09-14,-0.006010355874281737,0,0,0
2018-09-17,-0.014329328362840899,1,0,-1
2018-09-18,0.029169236887030315,0,1,1
2018-09-19,0.02533562678490681,0,1,1
2018-09-20,0.006234866058293858,0,0,0
2018-09-21,-0.006930034664669632,0,0,0
2018-09-25,0.0071602107503906404,0,0,0
2018-09-26,-0.007623925110659371,0,0,0
2018-09-27,0.00046371436026864266,0,0,0
2018-09-28,0.015867873469707493,0,1,1
2018-10-08,0.0006842285590243227,0,0,0
2018-10-09,0.030978908258177635,0,1,1
2018-10-10,0.013829657361160977,0,1,1
2018-10-11,-0.014050725119328832,1,0,-1
2018-10-12,0.010337714410407126,0,0,0
2018-10-15,-0.01299434647985446,1,0,-1
2018-10-16,-0.014064301477977614,1,0,-1
2018-10-17,0.0064986223105472155,0,0,0
2018-10-18,0.0033448576173683094,0,0,0
2018-10-19,0.0006676310473868325,0,0,0
2018-10-22,-0.019771482063733643,1,0,-1
2018-10-23,-0.006602186759178764,0,0,0
2018-10-24,0.02926159707685861,0,1,1
2018-10-25,-0.01677704041461343,1,0,-1
2018-10-26,-0.008381519221541563,0,0,0
2018-10-29,0.0022722118387764985,0,0,0
2018-10-30,-0.010495191019208426,0,0,0
2018-10-31,-0.002756088101979969,0,0,0
2018-11-01,-0.009938831379268835,0,0,0
2018-11-02,0.016586420329064114,0,1,1
2018-11-05,-0.024047401546870347,1,0,-1
2018-11-06,0.014174746452279325,0,1,1
2018-11-07,-0.016517765331094076,1,0,-1
2018-11-08,-0.02542006454609232,1,0,-1
2018-11-09,0.007192550786827059,0,0,0
2018-11-12,0.0,0,0,0
2018-11-13,0.0038149783990007774,0,0,0
2018-11-14,-0.011729637774192208,0,0,0
2018-11-15,0.027314368790890407,0,1,1
2018-11-16,0.008167120416955562,0,0,0
2018-11-19,0.002784870678928728,0,0,0
2018-11-20,-0.004180219742533196,0,0,0
2018-11-21,-0.016188036784866907,1,0,-1
2018-11-22,-0.00545477458307978,0,0,0
2018-11-23,-0.006441630290537331,0,0,0
2018-11-26,-0.013979499772938983,1,0,-1
2018-11-27,-0.02681257657351918,1,0,-1
2018-11-28,0.008440963722539304,0,0,0
2018-11-29,0.0024691370569213276,0,0,0
2018-11-30,0.020020199911898146,0,1,1
2018-12-03,0.02459238176459201,0,1,1
2018-12-04,0.0023557136924589835,0,0,0
2018-12-05,0.00164570390968976,0,0,0
2018-12-06,-0.0011752263663138288,0,0,0
2018-12-07,0.008430963288799422,0,0,0
2018-12-10,-0.02479173130843954,1,0,-1
2018-12-11,0.003817709241994884,0,0,0
2018-12-12,-0.0007147111680054565,0,0,0
2018-12-13,-0.00023835061488123354,0,0,0
2018-12-14,-0.014889804389574181,1,0,-1
2018-12-17,0.022962022960756313,0,1,1
2018-12-18,-0.005453481209843511,0,0,0
2018-12-19,-0.0033341302617669556,0,0,0
2018-12-20,-0.0007159050538431684,0,0,0
2018-12-21,0.007136091177303735,0,0,0
2018-12-24,-0.022289718493141493,1,0,-1
2018-12-25,0.0004846135302015043,0,0,0
2018-12-26,0.0036271349160032097,0,0,0
2018-12-27,0.0009650181689794845,0,0,0
2018-12-28,0.009121522677194452,0,0,0
2019-01-02,-0.02345085104003536,1,0,-1
2019-01-03,-0.005642109901629347,0,0,0
2019-01-04,0.00808530681693399,0,0,0
2019-01-07,0.0014630580517603152,0,0,0
2019-01-08,0.004861458286244999,0,0,0
2019-01-09,0.010852632743946255,0,0,0
2019-01-10,-0.020844186561221074,1,0,-1
2019-01-11,-0.0007350239213684315,0,0,0
2019-01-14,-0.00565320419176013,0,0,0
2019-01-15,0.011274629235738956,0,0,0
2019-01-16,0.01667712367847697,0,1,1
2019-01-17,0.001197748376512289,0,0,0
2019-01-18,0.02809107169152525,0,1,1
2019-01-21,-0.002797204621061254,0,0,0
2019-01-22,-0.005617992304223261,0,0,0
2019-01-23,0.013754733697284959,0,1,1
2019-01-24,-0.005339536772000532,0,0,0
2019-01-25,0.0020927806731305776,0,0,0
2019-01-28,0.013153529899743171,0,1,1
2019-01-29,-0.005747802926208148,0,0,0
2019-01-30,0.0013824886994555307,0,0,0
2019-01-31,0.021187715935435794,0,1,1
2019-02-01,0.009646737737042319,0,0,0
2019-02-11,-0.03568154914046874,1,0,-1
2019-02-12,0.0004626416922675112,0,0,0
2019-02-13,-0.008360476008460944,0,0,0
2019-02-14,0.0023293744518177823,0,0,0
2019-02-15,-0.004196788626613325,0,0,0
2019-02-18,0.0011675424560376464,0,0,0
2019-02-19,0.0004666355660969392,0,0,0
2019-02-20,0.009056139915027048,0,0,0
2019-02-21,-0.008356594590941418,0,0,0
2019-02-22,0.010665531197419585,0,0,0
2019-02-25,0.00849700829343855,0,0,0
2019-02-26,-0.0073445361133270895,0,0,0
2019-02-27,0.005742521810295597,0,0,0
2019-02-28,-0.003901324512250805,0,0,0
2019-03-01,0.025202832416471404,0,1,1
2019-03-04,-0.007878487572079828,0,0,0
2019-03-05,-0.009765037286618055,0,0,0
2019-03-06,0.002051750406305601,0,0,0
2019-03-07,-0.005938802288014851,0,0,0
2019-03-08,-0.029526729445458207,1,0,-1
2019-03-11,0.016382299448034893,0,1,1
2019-03-12,0.0025501346844219713,0,0,0
2019-03-13,0.01288262583101361,0,1,1
2019-03-14,0.002511130186118678,0,0,0
2019-03-15,-0.012619187763206884,1,0,-1
2019-03-18,-0.002774568253925551,0,0,0
2019-03-19,0.00300543516018005,0,0,0
2019-03-20,0.009191241175547862,0,0,0
2019-03-21,0.0015998175049692224,0,0,0
2019-03-22,0.0045568545473213635,0,0,0
2019-03-25,-0.013733335550369081,1,0,-1
2019-03-26,0.02413596214965426,0,1,1
2019-03-27,-0.0006751434936322026,0,0,0
2019-03-28,0.01607895292310825,0,1,1
2019-03-29,0.007064047035007538,0,0,0
2019-04-01,0.017660984494511055,0,1,1
2019-04-02,-0.013928407979596989,1,0,-1
2019-04-03,0.003937012959339599,0,0,0
2019-04-04,0.008260916543863234,0,0,0
2019-04-08,-0.010665026542355046,0,0,0
2019-04-09,-0.004825629017823697,0,0,0
2019-04-10,-0.006839519215822454,0,0,0
2019-04-11,-0.008448249447304075,0,0,0
2019-04-12,-0.0026827648551813713,0,0,0
2019-04-15,0.007360354406292537,0,0,0
2019-04-16,-0.01816397062767118,1,0,-1
2019-04-17,-0.014129679013297836,1,0,-1
2019-04-18,-0.011542141063331528,0,0,0
2019-04-19,0.004863935472206942,0,0,0
2019-04-22,0.0006929206883092568,0,0,0
2019-04-23,0.0011538019048553752,0,0,0
2019-04-24,-0.01909254735929969,1,0,-1
2019-04-25,0.011220314067492842,0,0,0
2019-04-26,0.009715551786095978,0,0,0
2019-04-29,0.0,0,0,0
2019-04-30,0.005738567337664511,0,0,0
2019-05-06,-0.015919127269782143,1,0,-1
2019-05-07,0.0055658770774451765,0,0,0
2019-05-08,-0.019146043634471175,1,0,-1
2019-05-09,-0.005673774085907825,0,0,0
2019-05-10,0.0002370510856188696,0,0,0
2019-05-13,-0.001660538870472577,0,0,0
2019-05-14,-0.004282661792000848,0,0,0
2019-05-15,-0.00023846429110259607,0,0,0
2019-05-16,0.00570750657579712,0,0,0
2019-05-17,-0.010249166109413807,0,0,0
2019-05-20,-0.012293754930246004,1,0,-1
2019-05-21,0.002664407534813601,0,0,0
2019-05-22,-0.010456022312315055,0,0,0
2019-05-23,-0.009085390917453234,0,0,0
2019-05-24,0.008107156552332032,0,0,0
2019-05-27,-0.0036769253339186863,0,0,0
2019-05-28,0.0148692562813737,0,1,1
2019-05-29,-0.00436470140056212,0,0,0
2019-05-30,0.007263954458225057,0,0,0
2019-05-31,-0.008723098685985647,0,0,0
2019-06-03,-0.0031688021640660907,0,0,0
2019-06-04,-0.008581639033045922,0,0,0
2019-06-05,-0.0014785611367844895,0,0,0
2019-06-06,0.02026189175597504,0,1,1
2019-06-10,-0.0014510280659591427,0,0,0
2019-06-11,0.006993878743412053,0,0,0
2019-06-12,-0.00917437627604127,0,0,0
2019-06-13,-0.016137269500452803,1,0,-1
2019-06-14,-0.009161881593380541,0,0,0
2019-06-17,-0.01000008333458331,0,0,0
2019-06-18,0.0015064024942565682,0,0,0
2019-06-19,0.0007523511326666374,0,0,0
2019-06-20,-0.004019096090807662,0,0,0
2019-06-21,-0.02111231920210694,1,0,-1
2019-06-24,0.006916897053339363,0,0,0
2019-06-25,0.017713013715523737,0,1,1
2019-06-26,0.0074962869779272865,0,0,0
2019-06-27,-0.0074962869779271225,0,0,0
2019-06-28,-0.008058467179600801,0,0,0
2019-07-01,0.00428914496330902,0,0,0
2019-07-02,-0.012413078955510665,1,0,-1
2019-07-03,0.0017827586537543176,0,0,0
2019-07-04,0.0007630675685026486,0,0,0
2019-07-05,-0.013309641062903223,1,0,-1
2019-07-08,-0.00879922861661113,0,0,0
2019-07-09,-0.006781455305395202,0,0,0
2019-07-10,0.003917988556428892,0,0,0
2019-07-11,-0.0062761712292361,0,0,0
2019-07-12,-0.0007872982954886457,0,0,0
2019-07-15,0.009146803611579001,0,0,0
2019-07-16,0.00155965719164681,0,0,0
2019-07-17,0.005439723295818121,0,0,0
2019-07-18,0.012578782206860185,0,0,0
2019-07-19,-0.0012763243596047896,0,0,0
2019-07-22,-0.01752170567260836,1,0,-1
2019-07-23,0.0025960554559327238,0,0,0
2019-07-24,0.0033648278155996997,0,0,0
2019-07-25,-0.004142937049515827,0,0,0
2019-07-26,-0.0010384216924818263,0,0,0
2019-07-29,0.01264696170076739,0,1,1
2019-07-30,0.0099528702164735,0,0,0
2019-07-31,-0.01561132152814175,1,0,-1
2019-08-01,-0.006209593044771495,0,0,0
2019-08-02,0.0005189413712722584,0,0,0
2019-08-05,0.00465839351732231,0,0,0
2019-08-06,-0.005177334888594628,0,0,0
2019-08-07,-0.0262965454911368,1,0,-1
2019-08-08,-0.005343320220437043,0,0,0
2019-08-09,-0.00618032331310298,0,0,0
2019-08-12,0.006715941965436809,0,0,0
2019-08-13,0.002673798384402205,0,0,0
2019-08-14,0.000266987052713973,0,0,0
2019-08-15,-0.003208558902365912,0,0,0
2019-08-16,-0.001608148296186157,0,0,0
2019-08-19,-0.005379249119736084,0,0,0
2019-08-20,0.003768510516450268,0,0,0
2019-08-21,-0.007551276443010745,0,0,0
2019-08-22,0.008356970054474685,0,0,0
2019-08-23,0.0021453481009238683,0,0,0
2019-08-26,-0.01702053786596792,1,0,-1
2019-08-27,0.019962896548866675,0,1,1
2019-08-28,0.006124370094558492,0,0,0
2019-08-29,-0.0015940492217046754,0,0,0
2019-08-30,-0.0031957417344243284,0,0,0
2019-09-02,-0.005617240930430189,0,0,0
2019-09-03,0.002143623543251369,0,0,0
2019-09-04,0.005605246225235754,0,0,0
2019-09-05,0.01400842254677778,0,1,1
2019-09-06,0.0007870917368170026,0,0,0
2019-09-09,0.0018341417430572315,0,0,0
2019-09-10,-0.0039344313048346735,0,0,0
2019-09-11,0.012536074330371435,0,0,0
2019-09-12,-0.0010386913424114293,0,0,0
2019-09-16,0.0018170024466901847,0,0,0
2019-09-17,-0.008856530930217854,0,0,0
2019-09-18,0.0007846214604179258,0,0,0
2019-09-19,-0.009192448184164148,0,0,0
2019-09-20,-0.002377494185539221,0,0,0
2019-09-23,-0.0029135234488763917,0,0,0
2019-09-24,-0.0026560440581162963,0,0,0
2019-09-25,-0.007474674416705737,0,0,0
2019-09-26,-0.002414488094517575,0,0,0
2019-09-27,0.006959342863195078,0,0,0
2019-09-30,-0.0026709417587982907,0,0,0
2019-10-08,0.00026741543146380003,0,0,0
2019-10-09,-0.0021413284413432264,0,0,0
2019-10-10,0.010130718474821939,0,0,0
2019-10-11,0.006609409387673807,0,0,0
2019-10-14,-0.0034314406113275142,0,0,0
2019-10-15,0.008425536941961503,0,0,0
2019-10-16,-0.008161161527335163,0,0,0
2019-10-17,-0.009561825839341849,0,0,0
2019-10-18,0.0066498449596607565,0,0,0
2019-10-21,0.0034405221182011174,0,0,0
2019-10-22,0.00026416589771899426,0,0,0
2019-10-23,-0.006891095385327949,0,0,0
2019-10-24,0.004246290881451004,0,0,0
2019-10-25,-0.010917429698473612,0,0,0
2019-10-28,0.023026027233300647,0,1,1
2019-10-29,0.0,0,0,0
2019-10-30,-0.00026167735331837996,0,0,0
2019-10-31,-0.005774294259274332,0,0,0
2019-11-01,-0.0021080376712906976,0,0,0
2019-11-04,0.006834937228894878,0,0,0
2019-11-05,-0.008947428112200511,0,0,0
2019-11-06,-0.00929498127471641,0,0,0
2019-11-07,-0.003742319256644854,0,0,0
2019-11-08,-0.004294155820278584,0,0,0
2019-11-11,0.001075268920806807,0,0,0
2019-11-12,0.010423721268140233,0,0,0
2019-11-13,-0.014192231784590647,1,0,-1
2019-11-14,-0.007851671580971421,0,0,0
2019-11-15,-0.0029944217284189226,0,0,0
2019-11-18,0.002722571787910897,0,0,0
2019-11-19,-0.00463279204403015,0,0,0
2019-11-20,0.0019102202561192452,0,0,0
2019-11-21,-0.015384918839479456,1,0,-1
2019-11-22,-0.004995847193371666,0,0,0
2019-11-25,0.0036106135600345556,0,0,0
2019-11-26,-0.003332410748391876,0,0,0
2019-11-27,0.005547864437717963,0,0,0
2019-11-28,-0.0019382534103507783,0,0,0
2019-11-29,0.0,0,0,0
2019-12-02,-0.0142361092340591,1,0,-1
2019-12-03,0.0016853936573807456,0,0,0
2019-12-04,0.001402328094064058,0,0,0
2019-12-05,0.008928630744301398,0,0,0
2019-12-06,0.0013879252748480759,0,0,0
2019-12-09,-0.0069589703243034574,0,0,0
2019-12-10,0.0013956736389747558,0,0,0
2019-12-11,-0.004192878260035927,0,0,0
2019-12-12,0.011419146503772947,0,0,0
2019-12-13,0.002489283542358924,0,0,0
2019-12-16,-0.004152255100767307,0,0,0
2019-12-17,0.0008318314634647366,0,0,0
2019-12-18,-0.004444451760424018,0,0,0
2019-12-19,0.006106041730083473,0,0,0
2019-12-20,0.002211167291184892,0,0,0
2019-12-23,-0.006092513999157305,0,0,0
2019-12-24,-0.004733407139247519,0,0,0
2019-12-25,0.0016731738426535372,0,0,0
2019-12-26,-0.0058683974477072975,0,0,0
2019-12-27,0.006703935722190134,0,0,0
2019-12-30,0.00804108034355105,0,0,0
2019-12-31,-0.008598028283316668,0,0,0
2020-01-02,-0.003907345188919782,0,0,0
2020-01-03,-0.007015603350316861,0,0,0
2020-01-06,0.022278838471247845,0,1,1
2020-01-07,0.001101018553283898,0,0,0
2020-01-08,0.010399655852047662,0,0,0
2020-01-09,-0.0010896214643852991,0,0,0
2020-01-10,-0.00027259097892657036,0,0,0
2020-01-13,-0.004371591661496437,0,0,0
2020-01-14,-0.004115796727870011,0,0,0
2020-01-15,0.0027457458216911088,0,0,0
2020-01-16,0.003284974210526552,0,0,0
2020-01-17,0.0035465867211742176,0,0,0
2020-01-20,0.0032626456348163694,0,0,0
2020-01-21,-0.012015436744411126,0,0,0
2020-01-22,0.006298802148028005,0,0,0
2020-01-23,-0.008499023057630511,0,0,0
2020-02-03,-0.04851487166941395,1,0,-1
2020-02-04,0.00230946984866264,0,0,0
2020-02-05,-0.003466207976486284,0,0,0
2020-02-06,0.003177815761077283,0,0,0
2020-02-07,-0.0023101367478547013,0,0,0
2020-02-10,-0.008127766078718969,0,0,0
2020-02-11,-0.0017502921621241057,0,0,0
2020-02-12,-0.0026311957878652147,0,0,0
2020-02-13,0.002339182353172241,0,0,0
2020-02-14,0.006114446186126229,0,0,0
2020-02-17,0.0020298687555597044,0,0,0
2020-02-18,-0.004063866260524009,0,0,0
2020-02-19,-0.0011641444853737134,0,0,0
2020-02-20,0.0005822416467251893,0,0,0
2020-02-21,-0.00876942188151243,0,0,0
2020-02-24,-0.02587504950265899,1,0,-1
2020-02-25,-0.0021112962148242776,0,0,0
2020-02-26,-0.006360766561810347,0,0,0
2020-02-27,0.0003038128536204023,0,0,0
2020-02-28,-0.037132979042221854,1,0,-1
2020-03-02,0.018738836886247483,0,1,1
2020-03-03,0.0018547145965944988,0,0,0
2020-03-04,-0.01211759428806245,0,0,0
2020-03-05,0.003744154139995998,0,0,0
2020-03-06,0.0,0,0,0
2020-03-09,-0.030995523647905743,1,0,-1
2020-03-10,0.02912519891316231,0,1,1
2020-03-11,-0.0009364757981103758,0,0,0
2020-03-12,-0.010990847018020163,0,0,0
2020-03-13,-0.0018963343230220643,0,0,0
2020-03-16,-0.01690900072807972,1,0,-1
2020-03-17,0.007692345623155645,0,0,0
2020-03-18,-0.05109166115771121,1,0,-1
2020-03-19,-0.03140189754814276,1,0,-1
2020-03-20,0.043094030076894226,0,1,1
2020-03-23,-0.02863594690166424,1,0,-1
2020-03-24,0.017951371133212764,0,1,1
2020-03-25,0.0006711409647891796,0,0,0
2020-03-26,-0.0030236878404216396,0,0,0
2020-03-27,0.034719969484391947,0,1,1
2020-03-30,-0.020023646194195183,1,0,-1
2020-03-31,0.006279974365752045,0,0,0
2020-04-01,-0.0023090889362592467,0,0,0
2020-04-02,0.018000813328810907,0,1,1
2020-04-03,0.00936245741213185,0,0,0
2020-04-07,0.018150474392638526,0,1,1
2020-04-08,-0.012383076156721884,1,0,-1
2020-04-09,-0.006088786636561882,0,0,0
2020-04-10,0.006727560213056759,0,0,0
2020-04-13,0.004777839953713076,0,0,0
2020-04-14,0.010431578709815719,0,0,0
2020-04-15,-0.005992763558604846,0,0,0
2020-04-16,0.010385616559339924,0,0,0
2020-04-17,0.009968929910196347,0,0,0
2020-04-20,0.0,0,0,0
2020-04-21,-0.03116890122731288,1,0,-1
2020-04-22,0.014288225296897293,0,1,1
2020-04-23,-0.004106781952653359,0,0,0
2020-04-24,0.0018975337761914111,0,0,0
2020-04-27,0.016606992974051944,0,1,1
2020-04-28,0.0021729016775444217,0,0,0
2020-04-29,0.01477404527130769,0,1,1
2020-04-30,0.002136426877008799,0,0,0
2020-05-06,0.005169541693541587,0,0,0
2020-05-07,0.011759520406906258,0,0,0
2020-05-08,0.01546729229330754,0,1,1
2020-05-11,-0.006514681021193642,0,0,0
2020-05-12,-0.0008916630104816811,0,0,0
2020-05-13,-0.011965443385675317,0,0,0
2020-05-14,-0.011196969757380893,0,0,0
2020-05-15,0.002127983779150975,0,0,0
2020-05-18,0.007864529343610288,0,0,0
2020-05-19,0.009296813099137546,0,0,0
2020-05-20,0.0,0,0,0
2020-05-21,-0.015340953590530731,1,0,-1
2020-05-22,-0.006080894383933205,0,0,0
2020-05-25,-0.003972503314237844,0,0,0
2020-05-26,-0.0027594682541769366,0,0,0
2020-05-27,-0.012979168604513678,1,0,-1
2020-05-28,0.006510641506662627,0,0,0
2020-05-29,0.01350542319980719,0,1,1
2020-06-01,0.0069877240126003,0,0,0
2020-06-02,0.006337730584549139,0,0,0
2020-06-03,-0.0018066852249490357,0,0,0
2020-06-04,-0.0036231923694202838,0,0,0
2020-06-05,0.006331997637507326,0,0,0
2020-06-08,-0.007845544165283724,0,0,0
2020-06-09,0.0,0,0,0
2020-06-10,-0.005163261280874207,0,0,0
2020-06-11,-0.0015236937276706262,0,0,0
2020-06-12,0.0036529720986916633,0,0,0
2020-06-15,-0.010384943667106456,0,0,0
2020-06-16,0.015537250867348414,0,1,1
2020-06-17,0.012616568675530095,0,1,1
2020-06-18,-0.0017926506145198283,0,0,0
2020-06-19,0.01277687861317939,0,1,1
2020-06-22,-0.0065166107389435166,0,0,0
2020-06-23,-0.0020824044413420423,0,0,0
2020-06-24,-0.0029824060281202266,0,0,0
2020-06-29,-0.006893478519411369,0,0,0
2020-06-30,0.012552466071119879,0,0,0
2020-07-01,-0.008949940409700494,0,0,0
2020-07-02,0.005379570654408058,0,0,0
2020-07-03,-0.0017899766115775683,0,0,0
2020-07-06,0.004468948298634132,0,0,0
2020-07-07,-0.006860578736082151,0,0,0
2020-07-08,0.022785421318779586,0,1,1
2020-07-09,0.025990489816537513,0,1,1
2020-07-10,0.0008548226763586609,0,0,0
2020-07-13,0.02669822759483023,0,1,1
2020-07-14,-0.004725512615655309,0,0,0
2020-07-15,-0.0036287548542024537,0,0,0
2020-07-16,-0.008424649659251578,0,0,0
2020-07-17,0.00814496849395486,0,0,0
2020-07-20,-0.01068626592262742,0,0,0
2020-07-21,0.008726304494419291,0,0,0
2020-07-22,0.010316556019149497,0,0,0
2020-07-23,0.002216681428590684,0,0,0
2020-07-24,-0.008617148526983141,0,0,0
2020-07-27,0.012208808694139378,0,0,0
2020-07-28,-0.008307995723285487,0,0,0
2020-07-29,0.03899607938560282,0,1,1
2020-07-30,0.002670941758798203,0,0,0
2020-07-31,0.01771361583226502,0,1,1
2020-08-03,-0.015315852594766536,1,0,-1
2020-08-04,0.0042485459550849975,0,0,0
2020-08-05,-0.0010604454864390803,0,0,0
2020-08-06,0.02695439907269574,0,1,1
2020-08-07,0.0033509504226331486,0,0,0
2020-08-10,-0.010866859847202282,0,0,0
2020-08-11,0.0033761881180446357,0,0,0
2020-08-12,0.004397885758713464,0,0,0
2020-08-13,0.0010319918356559094,0,0,0
2020-08-14,0.00334663718195638,0,0,0
2020-08-17,0.01707265317795745,0,1,1
2020-08-18,0.0055429721159723335,0,0,0
2020-08-19,0.01372448242556576,0,1,1
2020-08-20,-0.003973186254848084,0,0,0
2020-08-21,-0.004488785591966093,0,0,0
2020-08-24,-0.008030156074169601,0,0,0
2020-08-25,-0.00025198437830195597,0,0,0
2020-08-26,-0.0015132411462671297,0,0,0
2020-08-27,0.0020171464227398406,0,0,0
2020-08-28,0.010523775400590117,0,0,0
2020-08-31,-0.007756826081508961,0,0,0
2020-09-01,0.02701192603653013,0,1,1
2020-09-02,-0.006131227054936408,0,0,0
2020-09-03,-0.007159640508411405,0,0,0
2020-09-04,-0.015984356308436365,1,0,-1
2020-09-07,-0.002773227543146533,0,0,0
2020-09-08,-0.00025249337339043403,0,0,0
2020-09-09,-0.02687301825109634,1,0,-1
2020-09-10,-0.011479385123569608,0,0,0
2020-09-11,0.019746029978363003,0,1,1
2020-09-14,0.017090072878339097,0,1,1
2020-09-15,0.012066511413116486,0,0,0
2020-09-16,-0.0027524100949447993,0,0,0
2020-09-17,-0.013622814104996411,1,0,-1
2020-09-18,0.026567978697033354,0,1,1
2020-09-21,-0.00969312920565968,0,0,0
2020-09-22,-0.012566136704548949,1,0,-1
2020-09-23,-0.02665457644873232,1,0,-1
2020-09-24,-0.013861867050027576,1,0,-1
2020-09-25,0.00446722592856206,0,0,0
2020-09-28,-0.0007868852865041748,0,0,0
2020-09-29,0.015621249703787865,0,1,1
2020-09-30,-0.0036231923694202838,0,0,0
2020-10-09,-0.0010376135820701633,0,0,0
2020-10-12,0.010328002984298203,0,0,0
2020-10-13,-0.011366694326709564,0,0,0
2020-10-14,-0.006516379112454198,0,0,0
2020-10-15,0.007555070454865602,0,0,0
2020-10-16,-0.011747948714901668,0,0,0
2020-10-19,0.01485756511026646,0,1,1
2020-10-20,0.002325882945418748,0,0,0
2020-10-21,0.020945848775661607,0,1,1
2020-10-22,0.003280760040462745,0,0,0
2020-10-23,0.0012589703286967422,0,0,0
2020-10-26,-0.012916476902209645,1,0,-1
2020-10-27,-0.0002549394532610178,0,0,0
2020-10-28,0.02293736351062505,0,1,1
2020-10-29,-0.018866111067845914,1,0,-1
2020-10-30,-0.005602255548669898,0,0,0
2020-11-02,0.008897986760989768,0,0,0
2020-11-03,0.009822519472518434,0,0,0
2020-11-04,-0.007042282625412923,0,0,0
2020-11-05,0.0017652255245691492,0,0,0
2020-11-06,0.006529405417309681,0,0,0
2020-11-09,0.024234618292028047,0,1,1
2020-11-10,-0.01725030454261475,1,0,-1
2020-11-11,0.0009937889016659173,0,0,0
2020-11-12,-0.005727820416342912,0,0,0
2020-11-13,0.0,0,0,0
2020-11-16,0.012903404835907782,0,1,1
2020-11-17,0.003691403231959677,0,0,0
2020-11-18,0.02018305593307885,0,1,1
2020-11-19,0.0036044734447393265,0,0,0
2020-11-20,0.018772085040977923,0,1,1
2020-11-23,-0.008035968557640447,0,0,0
2020-11-24,-0.006666691358189345,0,0,0
2020-11-25,-0.010566861050415549,0,0,0
2020-11-26,0.016046326815041142,0,1,1
2020-11-27,0.00023755790585654814,0,0,0
2020-11-30,0.0227789583776834,0,1,1
2020-12-01,-0.010268468288900254,0,0,0
2020-12-02,-0.0072984432270750575,0,0,0
2020-12-03,-0.0068761385330185975,0,0,0
2020-12-04,0.0021390382487494423,0,0,0
2020-12-07,-0.00071250448329545,0,0,0
2020-12-08,0.010869672236903891,0,0,0
2020-12-09,0.008425043984050177,0,0,0
2020-12-10,-0.0006993822408868116,0,0,0
2020-12-11,0.003956714111193163,0,0,0
2020-12-14,-0.008163310639160981,0,0,0
2020-12-15,0.0049059787688544056,0,0,0
2020-12-16,0.008816762450455857,0,0,0
2020-12-17,0.013764842246253364,0,1,1
2020-12-18,0.0002278163809830082,0,0,0
2020-12-21,0.010423842401040587,0,0,0
2020-12-22,-0.030673038642582327,1,0,-1
2020-12-23,-0.008169026639675404,0,0,0
2020-12-24,0.0053757287340626975,0,0,0
2020-12-25,0.012278620612759255,0,0,0
2020-12-28,-0.009717799751085537,0,0,0
2020-12-29,-0.02257326037668793,1,0,-1
2020-12-30,-0.005006566662289548,0,0,0
2020-12-31,-0.011780398286967147,0,0,0
2021-01-04,0.011063123898773387,0,0,0
2021-01-05,0.011651540683758748,0,0,0
2021-01-06,0.010582109330537008,0,0,0
2021-01-07,0.011396797388238355,0,0,0
2021-01-08,0.0,0,0,0
2021-01-11,-0.028144446762257105,1,0,-1
2021-01-12,-0.0064431674996663696,0,0,0
2021-01-13,-0.006003139651450768,0,0,0
2021-01-14,-0.01651324556116843,1,0,-1
2021-01-15,-0.00638665889879608,0,0,0
2021-01-18,0.00614177093381563,0,0,0
2021-01-19,-0.005402763633278023,0,0,0
2021-01-20,0.003932175132955526,0,0,0
2021-01-21,0.0075748682291955334,0,0,0
2021-01-22,-0.02689196220163044,1,0,-1
2021-01-25,0.022011523036721978,0,1,1
2021-01-26,-0.021511523026305282,1,0,-1
2021-01-27,-0.011310916114632264,0,0,0
2021-01-28,-0.013487925561987723,1,0,-1
2021-01-29,-0.005137437448947673,0,0,0
2021-02-01,0.010758300484841504,0,0,0
2021-02-02,-0.006133420709852273,0,0,0
2021-02-03,0.007406495356650342,0,0,0
2021-02-04,0.013897886361008535,0,1,1
2021-02-05,0.007749070147249695,0,0,0
2021-02-08,-0.002243550735420622,0,0,0
2021-02-09,0.007211270837355123,0,0,0
2021-02-10,0.015488939030838008,0,1,1
2021-02-18,0.03829134941887601,0,1,1
2021-02-19,0.015608936589790593,0,1,1
2021-02-22,0.016051709010507825,0,1,1
2021-02-23,-0.00638979809877101,0,0,0
2021-02-24,-0.025505671971316212,1,0,-1
2021-02-25,0.017922043761217487,0,1,1
2021-02-26,-0.008571812012186441,0,0,0
2021-03-01,-0.0070044647808118025,0,0,0
2021-03-02,0.010256500167189061,0,0,0
2021-03-03,0.006702902710760435,0,0,0
2021-03-04,-0.03444980383772834,1,0,-1
2021-03-05,0.012793351459909542,0,1,1
2021-03-08,0.0009411765400636845,0,0,0
2021-03-09,0.0014101059915861678,0,0,0
2021-03-10,-0.003764710328796997,0,0,0
2021-03-11,0.026289754161975425,0,1,1
2021-03-12,0.004353311950110049,0,0,0
2021-03-15,-0.00022864982379250832,0,0,0
2021-03-16,-0.012888555857443055,1,0,-1
2021-03-17,0.006004636979344316,0,0,0
2021-03-18,-0.012744929784184008,1,0,-1
2021-03-19,-0.0009332711829985457,0,0,0
2021-03-22,0.03147876225860392,0,1,1
2021-03-23,-0.01114534452981402,0,0,0
2021-03-24,-0.010346109071544384,0,0,0
2021-03-25,-0.010220762609513793,0,0,0
2021-03-26,0.009295907052260705,0,0,0
2021-03-29,0.008522451675448215,0,0,0
2021-03-30,0.0027485129533490935,0,0,0
2021-03-31,-0.013818736707596126,1,0,-1
2021-04-01,-0.007215206443886975,0,0,0
2021-04-02,0.002566197605643038,0,0,0
2021-04-06,0.013882684785189529,0,1,1
2021-04-07,0.004813762877142093,0,0,0
2021-04-08,0.007063946429649933,0,0,0
2021-04-09,-0.004779797423761451,0,0,0
2021-04-12,-0.017491815364698567,1,0,-1
2021-04-13,-0.008627778831440395,0,0,0
2021-04-14,-0.0007028230346702944,0,0,0
2021-04-15,0.015810606026642245,0,1,1
2021-04-16,0.009870388868166026,0,0,0
2021-04-19,0.002509411605425707,0,0,0
2021-04-20,-0.009155477090595589,0,0,0
2021-04-21,-0.014825381565758258,1,0,-1
2021-04-22,-0.002804395387855246,0,0,0
2021-04-23,0.0007018365009108683,0,0,0
2021-04-26,0.02311707195688121,0,1,1
2021-04-27,0.016094646408879365,0,1,1
2021-04-28,-0.004507557778555389,0,0,0
2021-04-29,0.005855872589561366,0,0,0
2021-04-30,-0.02133535308330979,1,0,-1
2021-05-06,0.01004345351736133,0,0,0
2021-05-07,0.01800633839968558,0,1,1
2021-05-10,0.017249432556261032,0,1,1
2021-05-11,-0.01279805641012876,1,0,-1
2021-05-12,0.00022204951795460354,0,0,0
2021-05-13,-0.02381599870481979,1,0,-1
2021-05-14,0.0013633267278641253,0,0,0
2021-05-17,0.01621657158924529,0,1,1
2021-05-18,0.036846273385966286,0,1,1
2021-05-19,-0.01935053312372347,1,0,-1
2021-05-20,-0.011259639874532412,0,0,0
2021-05-21,-0.0037815638435429455,0,0,0
2021-05-24,-0.012559034776493797,1,0,-1
2021-05-25,-0.0004514672762913132,0,0,0
2021-05-26,0.007199131205066521,0,0,0
2021-05-27,0.012917774283014834,0,1,1
2021-05-28,0.019720183309228617,0,1,1
2021-05-31,-0.006311915612277643,0,0,0
2021-06-01,0.007612869828721935,0,0,0
2021-06-02,0.0028129413766146577,0,0,0
2021-06-03,-0.010862587801055153,0,0,0
2021-06-04,-0.016296330692985733,1,0,-1
2021-06-07,-0.004896515458654016,0,0,0
2021-06-08,0.004230218932060364,0,0,0
2021-06-09,0.00796640637103121,0,0,0
2021-06-10,-0.012642954254933106,1,0,-1
2021-06-11,0.01506452946139587,0,1,1
2021-06-15,-0.01238953901209281,1,0,-1
2021-06-16,-0.006700940865855929,0,0,0
2021-06-17,0.015124843484601838,0,1,1
2021-06-18,-0.03207631731086569,1,0,-1
2021-06-21,-0.019333168327614326,1,0,-1
2021-06-22,0.006255088157935885,0,0,0
2021-06-23,0.007821525956425907,0,0,0
2021-06-24,-0.005514719858510855,0,0,0
2021-06-25,0.0027611614413280655,0,0,0
2021-06-28,-0.0006895759381401938,0,0,0
2021-06-29,0.00733107521625996,0,0,0
2021-06-30,0.002735356161881044,0,0,0
2021-07-01,0.00974070449447818,0,0,0
2021-07-02,-0.007239850627687124,0,0,0
2021-07-05,0.008141157583699866,0,0,0
2021-07-06,0.004270149201206114,0,0,0
2021-07-07,0.0024638829801378968,0,0,0
2021-07-08,-0.007184584115075307,0,0,0
2021-07-09,0.007631911342395938,0,0,0
2021-07-12,-0.007857263456025552,0,0,0
2021-07-13,-0.00860123003018978,0,0,0
2021-07-14,-0.0006822058252077386,0,0,0
2021-07-15,0.006801205087482906,0,0,0
2021-07-16,0.015024388459164921,0,1,1
2021-07-19,0.0013345197710124353,0,0,0
2021-07-20,0.002220249579911791,0,0,0
2021-07-21,-0.016773288244827402,1,0,-1
2021-07-22,0.0006763612026527606,0,0,0
2021-07-23,0.0011262530754633498,0,0,0
2021-07-26,0.007625064977443069,0,0,0
2021-07-27,-0.00022343872286008782,0,0,0
2021-07-28,-0.0060517947785374455,0,0,0
2021-07-29,0.00538117890451675,0,0,0
2021-07-30,0.006019414006237144,0,0,0
2021-08-02,0.0033285285363087833,0,0,0
2021-08-03,-0.020139414175310306,1,0,-1
2021-08-04,-0.0031695747612790672,0,0,0
2021-08-05,0.0018124155391707046,0,0,0
2021-08-06,0.0219395412894901,0,1,1
2021-08-09,-0.008226839062252588,0,0,0
2021-08-10,0.0015616288728535332,0,0,0
2021-08-11,0.0040044547393727785,0,0,0
2021-08-12,0.012137410393915133,0,0,0
2021-08-13,-0.019267565378506338,1,0,-1
2021-08-16,0.0017873105740956587,0,0,0
2021-08-17,0.017260884396598716,0,1,1
2021-08-18,-0.0066035899226106615,0,0,0
2021-08-19,-0.00976483569096829,0,0,0
2021-08-20,0.000891663010481642,0,0,0
2021-08-23,-0.009402352678390393,0,0,0
2021-08-24,0.00448833787596134,0,0,0
2021-08-25,0.011576264627845358,0,0,0
2021-08-26,-0.0035476755612710606,0,0,0
2021-08-27,-0.00556856322571204,0,0,0
2021-08-30,0.011106289194992978,0,0,0
2021-08-31,-0.012671059828344123,1,0,-1
2021-09-01,-0.008311852862561028,0,0,0
2021-09-02,0.004726013072259301,0,0,0
2021-09-03,0.0064898963381265305,0,0,0
2021-09-06,0.007555591499164663,0,0,0
2021-09-07,-0.0035484623616715,0,0,0
2021-09-08,0.005538952900549976,0,0,0
2021-09-09,0.014477111805919691,0,1,1
2021-09-10,-0.000871459750141086,0,0,0
2021-09-13,-0.0024004375956191695,0,0,0
2021-09-14,-0.01319570499903789,1,0,-1
2021-09-15,-0.00044286980351834277,0,0,0
2021-09-16,-0.00243929603155953,0,0,0
2021-09-17,0.01147915474754644,0,0,0
2021-09-22,0.0004388852385567769,0,0,0
2021-09-23,-0.005279378738155296,0,0,0
2021-09-24,0.013581807901172015,0,1,1
2021-09-27,0.0017391308731268974,0,0,0
2021-09-28,-0.01333790408236994,1,0,-1
2021-09-29,-0.0011012004196163047,0,0,0
2021-09-30,-0.014203523289712144,1,0,-1
2021-10-08,0.025379272344758588,0,1,1
2021-10-11,0.012774884136913666,0,1,1
2021-10-12,0.020865138463961756,0,1,1
2021-10-13,0.011313759900273314,0,0,0
2021-10-14,0.06843716155322847,0,1,1
2021-10-15,0.000777907468244521,0,0,0
2021-10-18,0.07488527495228385,0,1,1
2021-10-19,-0.01618364260256801,1,0,-1
2021-10-20,-0.07063098082026864,1,0,-1
2021-10-21,-0.0019692798802125686,0,0,0
2021-10-22,-0.027579685699108052,1,0,-1
2021-10-25,0.003034903695154111,0,0,0
2021-10-26,-0.012808958292581135,1,0,-1
2021-10-27,-0.02234729869199666,1,0,-1
2021-10-28,-0.0014658153603514625,0,0,0
2021-10-29,-0.016480406806837863,1,0,-1
2021-11-01,0.02461986528848496,0,1,1
2021-11-02,-0.01888432115316695,1,0,-1
2021-11-03,0.007386337264385699,0,0,0
2021-11-04,0.0023101973941532924,0,0,0
2021-11-05,-0.04286064201982668,1,0,-1
2021-11-08,0.0037154452095765817,0,0,0
2021-11-09,0.011495625996885311,0,0,0
2021-11-10,0.006234568189914543,0,0,0
2021-11-11,0.008111036997087498,0,0,0
2021-11-12,-0.013698844358161915,1,0,-1
2021-11-15,-0.005619206486602027,0,0,0
2021-11-16,-0.019035691297740343,1,0,-1
2021-11-17,0.011857846450783468,0,0,0
2021-11-18,-0.02632021889426428,1,0,-1
2021-11-19,0.022164027851855582,0,1,1
2021-11-22,0.005247060573516485,0,0,0
2021-11-23,0.033450803207501115,0,1,1
2021-11-24,0.0018961345615705026,0,0,0
2021-11-25,0.0010518566237510399,0,0,0
2021-11-26,-0.014187638721086127,1,0,-1
2021-11-29,-0.0224292343990211,1,0,-1
2021-11-30,-0.0024020101078387887,0,0,0
2021-12-01,0.006754574106680697,0,0,0
2021-12-02,-0.005662036032311744,0,0,0
2021-12-03,0.016031539187553116,0,1,1
2021-12-06,-0.02348444523306927,1,0,-1
2021-12-07,0.005923018303122071,0,0,0
2021-12-08,0.01368545308525423,0,1,1
2021-12-09,0.014139053024175043,0,1,1
2021-12-10,-0.002555911934544206,0,0,0
2021-12-13,0.013977355889904326,0,1,1
2021-12-14,-0.008872048055759843,0,0,0
2021-12-15,-0.02231373420322255,1,0,-1
2021-12-16,0.015714455330347894,0,1,1
2021-12-17,0.03112109859576229,0,1,1
2021-12-20,-0.02813538513868599,1,0,-1
2021-12-21,0.0004258037109258092,0,0,0
2021-12-22,0.022520156185534854,0,1,1
2021-12-23,0.01876150278776915,0,1,1
2021-12-24,-0.006557400546159052,0,0,0
2021-12-27,-0.015121986762880792,1,0,-1
2021-12-28,0.0060347701615238785,0,0,0
2021-12-29,-0.00041502386982931344,0,0,0
2021-12-30,0.003108488670267409,0,0,0
2021-12-31,-0.0016566580719978047,0,0,0
2022-01-04,-0.00311365067327947,0,0,0
2022-01-05,0.015062700961853477,0,1,1
2022-01-06,-0.0012295083516076426,0,0,0
2022-01-07,0.004704928388665443,0,0,0
2022-01-10,-0.009432097812171289,0,0,0
2022-01-11,-0.0012368585373963583,0,0,0
2022-01-12,0.02626105110940388,0,1,1
2022-01-13,-0.003018414606807862,0,0,0
2022-01-14,0.00662852683090752,0,0,0
2022-01-17,-0.017367157024601437,1,0,-1
2022-01-18,0.002035002737287344,0,0,0
2022-01-19,0.009912086817974826,0,0,0
2022-01-20,0.014785484134550506,0,1,1
2022-01-21,0.0001983143288602033,0,0,0
2022-01-24,-0.014178969446123516,1,0,-1
2022-01-25,-0.004838719118223221,0,0,0
2022-01-26,0.008652835957230634,0,0,0
2022-01-27,-0.005424423145111409,0,0,0
2022-01-28,0.018956967967438232,0,1,1
2022-02-07,-0.008735413895900218,0,0,0
2022-02-08,0.017003177526890755,0,1,1
2022-02-09,-0.010246395064010877,0,0,0
2022-02-10,0.0207769135921447,0,1,1
2022-02-11,-0.00876771325331015,0,0,0
2022-02-14,-0.003921573653181691,0,0,0
2022-02-15,-0.012255539834430392,1,0,-1
2022-02-16,-0.004185357380193277,0,0,0
2022-02-17,-0.005206259256661359,0,0,0
2022-02-18,0.014747178381288441,0,1,1
2022-02-21,-0.016555678823970056,1,0,-1
2022-02-22,0.0,0,0,0
2022-02-23,0.009408537024332001,0,0,0
2022-02-24,-0.01424725614255511,1,0,-1
2022-02-25,-0.0010110202054192511,0,0,0
2022-02-28,0.013263860050657404,0,1,1
2022-03-01,0.005574372388033748,0,0,0
2022-03-02,0.021797622970366706,0,1,1
2022-03-03,0.014655102240249617,0,1,1
2022-03-04,-0.00961730821029257,0,0,0
2022-03-07,0.026322328410295293,0,1,1
2022-03-08,0.05973833265091236,0,1,1
2022-03-09,-0.07606057772662436,1,0,-1
2022-03-10,-0.022251087312278227,1,0,-1
2022-03-11,0.00019563728909109083,0,0,0
2022-03-14,-0.008644454616341075,0,0,0
2022-03-15,-0.002766253492890185,0,0,0
2022-03-16,0.008079657708685718,0,0,0
2022-03-17,-0.006498004551755856,0,0,0
2022-03-18,0.009242028225728564,0,0,0
2022-03-21,0.0005870267265728045,0,0,0
2022-03-22,-0.0019580973556140007,0,0,0
2022-03-23,0.009364094956025196,0,0,0
2022-03-24,0.01522334053034881,0,1,1
2022-03-25,0.008948179649074654,0,0,0
2022-03-28,-0.0024670284834263046,0,0,0
2022-03-29,0.01001993447935706,0,0,0
2022-03-30,0.007309563048713141,0,0,0
2022-03-31,0.0003734129991111907,0,0,0
2022-04-01,0.003354457114903131,0,0,0
2022-04-06,0.018433701688837966,0,1,1
2022-04-07,-0.0034763551614035797,0,0,0
2022-04-08,-0.0047767865953169016,0,0,0
2022-04-11,0.0033094349013672304,0,0,0
2022-04-12,0.022864360212545128,0,1,1
2022-04-13,0.018662231835539014,0,1,1
2022-04-14,-0.019559656287763915,1,0,-1
2022-04-15,0.016914851783887103,0,1,1
2022-04-18,0.0028208763416412634,0,0,0
2022-04-19,0.003690365316384744,0,0,0
2022-04-20,0.005073932677203283,0,0,0
2022-04-21,-0.008764297993588242,0,0,0
2022-04-22,0.0015832530354503822,0,0,0
2022-04-25,-0.02834667023426686,1,0,-1
2022-04-26,-0.0025348556031880663,0,0,0
2022-04-27,0.00036251586403894027,0,0,0
2022-04-28,0.010994073068296882,0,0,0
2022-04-29,0.001969738303616428,0,0,0
2022-05-05,-0.018051031645568535,1,0,-1
2022-05-06,-0.02172797686044814,1,0,-1
2022-05-09,-0.024687958840961883,1,0,-1
2022-05-10,-0.016545202351106007,1,0,-1
2022-05-11,-0.0033032187812314364,0,0,0
2022-05-12,-0.005660208339030894,0,0,0
2022-05-13,-0.0007832387320319885,0,0,0
2022-05-16,-0.0009799118863488012,0,0,0
2022-05-17,0.009561981333724143,0,0,0
2022-05-18,-0.01054285438931617,0,0,0
2022-05-19,0.0011769322661014723,0,0,0
2022-05-20,0.007032652544341231,0,0,0
2022-05-23,-0.00801333321526859,0,0,0
2022-05-24,-0.005706991776089505,0,0,0
2022-05-25,0.01196679312459621,0,0,0
2022-05-26,-0.009798236335882228,0,0,0
2022-05-27,0.018341977627124372,0,1,1
2022-05-30,0.007704198352987574,0,0,0
2022-05-31,0.005548660557430486,0,0,0
2022-06-01,-0.0009544717723756862,0,0,0
2022-06-02,0.007231239883441384,0,0,0
2022-06-06,0.01206196305123736,0,0,0
2022-06-07,-0.02120488388391168,1,0,-1
2022-06-08,0.004772367557301492,0,0,0
2022-06-09,0.007777711596987041,0,0,0
2022-06-10,-0.013698844358161915,1,0,-1
2022-06-13,-0.010205152589499744,0,0,0
2022-06-14,0.008863256480921285,0,0,0
2022-06-15,-0.009831404489546787,0,0,0
2022-06-16,0.009447674630655508,0,0,0
2022-06-17,-0.010610690850136665,0,0,0
2022-06-20,-0.019387662979094927,1,0,-1
2022-06-21,0.003158936486706873,0,0,0
2022-06-22,-0.0027635232747539496,0,0,0
2022-06-23,-0.003961185611338046,0,0,0
2022-06-24,-0.052557920054494674,1,0,-1
2022-06-27,-0.009034623907372545,0,0,0
2022-06-28,0.02336359921279807,0,1,1
2022-06-29,-0.009113567635114693,0,0,0
2022-06-30,-0.011089139682404742,0,0,0
2022-07-01,-0.03664041360056863,1,0,-1
2022-07-04,-0.005690538446368095,0,0,0
2022-07-05,0.015247518224311743,0,1,1
2022-07-06,-0.010430342278872446,0,0,0
2022-07-07,0.01603501312604296,0,1,1
2022-07-08,0.008987862772413719,0,0,0
2022-07-11,0.002978091969198496,0,0,0
2022-07-12,-0.0034042586068012653,0,0,0
2022-07-13,-0.03403384722412912,1,0,-1
2022-07-14,-0.029311864706666434,1,0,-1
2022-07-15,-0.013717636228799195,1,0,-1
2022-07-18,0.04236776053412562,0,1,1
2022-07-19,-0.014670189747793742,1,0,-1
2022-07-20,0.02258231893574306,0,1,1
2022-07-21,-0.007912129187949172,0,0,0
2022-07-22,0.004403353658269974,0,0,0
2022-07-25,0.0,0,0,0
2022-07-26,0.005913936850928605,0,0,0
2022-07-27,-0.007672952256108215,0,0,0
2022-07-28,0.03842475724447086,0,1,1
2022-07-29,0.015341269672080283,0,1,1
2022-08-01,0.0035390897770308303,0,0,0
2022-08-02,-0.006044833414272571,0,0,0
2022-08-03,-0.009241821712708573,0,0,0
2022-08-04,-0.0016895463364402623,0,0,0
2022-08-05,0.039171933855205794,0,1,1
2022-08-08,-0.010419953303652902,0,0,0
2022-08-09,-0.0018501392881614773,0,0,0
2022-08-10,0.023386932698153725,0,1,1
2022-08-11,0.015556755699215363,0,1,1
2022-08-12,-0.004164606911632128,0,0,0
2022-08-15,-0.023525765799009533,1,0,-1
2022-08-16,0.020938957073666727,0,1,1
2022-08-17,0.012867642654410953,0,1,1
2022-08-18,-0.03319640953320674,1,0,-1
2022-08-19,0.010920229854463958,0,0,0
2022-08-22,0.01060328029667473,0,0,0
2022-08-23,0.009506904639413455,0,0,0
2022-08-24,0.0051120834884657825,0,0,0
2022-08-25,0.005866266334112696,0,0,0
2022-08-26,-0.005670168676851268,0,0,0
2022-08-29,-0.018803126963096224,1,0,-1
2022-08-30,-0.00742006813600626,0,0,0
2022-08-31,0.005019586887294501,0,0,0
2022-09-01,-0.028645940436668557,1,0,-1
2022-09-02,-0.022721144186359062,1,0,-1
2022-09-05,0.01879754596750242,0,1,1
2022-09-06,0.00680485149838379,0,0,0
2022-09-07,-0.022234682222357412,1,0,-1
2022-09-08,0.014601844752431349,0,1,1
2022-09-09,0.023130700675013435,0,1,1
2022-09-13,0.004643189930717564,0,0,0
2022-09-14,-0.002621762114840944,0,0,0
2022-09-15,-0.0034388624968500416,0,0,0
2022-09-16,-0.013258735790946437,1,0,-1
2022-09-19,0.005324608115526514,0,0,0
2022-09-20,0.0010207207173855964,0,0,0
2022-09-21,0.008735454227979146,0,0,0
2022-09-22,0.004842624475787991,0,0,0
2022-09-23,-0.003225809248882677,0,0,0
2022-09-26,-0.019576481625097827,1,0,-1
2022-09-27,-0.01284991774500447,1,0,-1
2022-09-28,-0.030067901355774602,1,0,-1
2022-09-29,0.0223199827937264,0,1,1
2022-09-30,-0.004846706358352205,0,0,0
2022-10-10,0.026473666971526224,0,1,1
2022-10-11,0.012470773905545698,0,0,0
2022-10-12,0.0028403346342226123,0,0,0
2022-10-13,-0.00568875975442164,0,0,0
2022-10-14,0.01737066500891647,0,1,1
2022-10-17,-0.013912917233529259,1,0,-1
2022-10-18,-0.0038653287877545976,0,0,0
2022-10-19,0.01717734465117463,0,1,1
2022-10-20,0.005793643216165531,0,0,0
2022-10-21,-0.018496707472419226,1,0,-1
2022-10-24,0.0014194466542262925,0,0,0
2022-10-25,-0.0036540844556425707,0,0,0
2022-10-26,-0.023874358880999005,1,0,-1
2022-10-27,0.00477922987608112,0,0,0
2022-10-28,-0.026040950708871465,1,0,-1
2022-10-31,-0.038608134860234775,1,0,-1
2022-11-01,0.003972638197478465,0,0,0
2022-11-02,0.009426793473730473,0,0,0
2022-11-03,-0.006347837885439095,0,0,0
2022-11-04,0.026009268475118332,0,1,1
2022-11-07,0.011063942648049885,0,0,0
2022-11-08,0.00359066813072854,0,0,0
2022-11-09,0.005676458004805122,0,0,0
2022-11-10,-0.01393309430392405,1,0,-1
2022-11-11,0.016236519047640573,0,1,1
2022-11-14,0.0033409928759606175,0,0,0
2022-11-15,0.019610495304999115,0,1,1
2022-11-16,-0.003070941097010393,0,0,0
2022-11-17,0.0014342795205427767,0,0,0
2022-11-18,-0.0010242754147581595,0,0,0
2022-11-21,-0.007818969876142886,0,0,0
2022-11-22,-0.02150620522096362,1,0,-1
2022-11-23,-0.003806306139129658,0,0,0
2022-11-24,0.0008470987376519031,0,0,0
2022-11-25,0.0033812373718693574,0,0,0
2022-11-28,-0.005712487765391361,0,0,0
2022-11-29,0.017457589223674012,0,1,1
2022-11-30,-0.005645597849180569,0,0,0
2022-12-01,0.02709856580049372,0,1,1
2022-12-02,0.007320081486505851,0,0,0
2022-12-05,-0.006504087969176377,0,0,0
2022-12-06,0.003866902142153177,0,0,0
2022-12-07,-0.00020314880719938494,0,0,0
2022-12-08,0.008899735117110756,0,0,0
2022-12-09,0.005422244432497339,0,0,0
2022-12-12,-0.011886913411307256,0,0,0
2022-12-13,0.0024291509920594373,0,0,0
2022-12-14,0.0034312275060792486,0,0,0
2022-12-15,-0.010125643418792516,0,0,0
2022-12-16,-0.019525848993831595,1,0,-1
2022-12-19,-0.01253149231191374,1,0,-1
2022-12-20,-0.014608071773316649,1,0,-1
2022-12-21,0.0014917424183460432,0,0,0
2022-12-22,-0.005980368101485722,0,0,0
2022-12-23,-0.007957886925694675,0,0,0
2022-12-26,0.015640383097710858,0,1,1
2022-12-27,0.012254537468345324,0,0,0
2022-12-28,0.006488772112823283,0,0,0
2022-12-29,-0.006908851934165544,0,0,0
2022-12-30,-0.0014716706114562507,0,0,0
2023-01-03,-0.013130218285551453,1,0,-1
2023-01-04,-0.015034647458191646,1,0,-1
2023-01-05,0.002809294122055146,0,0,0
2023-01-06,0.002586208338032851,0,0,0
2023-01-09,0.01219396861469351,0,0,0
2023-01-10,0.009312236606270147,0,0,0
2023-01-11,-0.0027423284773888347,0,0,0
2023-01-12,0.004846706358352346,0,0,0
2023-01-13,0.015436268122125112,0,1,1
2023-01-16,0.004955616171018521,0,0,0
2023-01-17,-0.008688511422315921,0,0,0
2023-01-18,0.012799514128838257,0,1,1
2023-01-19,-0.0014369293245297724,0,0,0
2023-01-20,0.01731027848081997,0,1,1
2023-01-30,-0.024112324700843,1,0,-1
2023-01-31,0.005157309007144757,0,0,0
2023-02-01,0.0057447839568917965,0,0,0
2023-02-02,-0.012972487078344964,1,0,-1
2023-02-03,-0.0008293593674640396,0,0,0
2023-02-06,-0.02478077246057432,1,0,-1
2023-02-07,-0.00639933924462181,0,0,0
2023-02-08,0.004483833710542741,0,0,0
2023-02-09,-0.008128386999695024,0,0,0
2023-02-10,-0.0017196908795265881,0,0,0
2023-02-13,-0.01212136053234485,1,0,-1
2023-02-14,0.009536266460239959,0,0,0
2023-02-15,-0.013901179544941045,1,0,-1
2023-02-16,0.0008745081449325757,0,0,0
2023-02-17,-0.0006558094015786081,0,0,0
2023-02-20,0.02120373684405289,0,1,1
2023-02-21,0.00937573456544991,0,0,0
2023-02-22,-0.0008487163675167845,0,0,0
2023-02-23,-0.0014869891215782557,0,0,0
2023-02-24,-0.0006379585543322953,0,0,0
2023-02-27,-0.026949997964496684,1,0,-1
2023-02-28,0.011947573421118202,0,0,0
2023-03-01,0.016065462806555846,0,1,1
2023-03-02,0.0006372809562467905,0,0,0
2023-03-03,-0.0029774586011913004,0,0,0
2023-03-06,-0.008341402231089552,0,0,0
2023-03-07,0.008554372096658595,0,0,0
2023-03-08,-0.009413847869377285,0,0,0
2023-03-09,-0.0032296292470941922,0,0,0
2023-03-10,-0.013679509808734374,1,0,-1
2023-03-13,0.005015821223501611,0,0,0
2023-03-14,-0.005671917474483634,0,0,0
2023-03-15,-0.005044423461317734,0,0,0
2023-03-16,-0.02877414973968668,1,0,-1
2023-03-17,0.01905246468878637,0,1,1
2023-03-20,-0.007130154984591191,0,0,0
2023-03-21,-0.0029112102074584415,0,0,0
2023-03-22,-0.0017957356116223724,0,0,0
2023-03-23,-0.009934604173867313,0,0,0
2023-03-24,0.028851380565600996,0,1,1
2023-03-27,-0.005970166986503796,0,0,0
2023-03-28,0.0013297874300016482,0,0,0
2023-03-29,0.007062487973924797,0,0,0
2023-03-30,0.005264324506733814,0,0,0
2023-03-31,-0.003945642996962302,0,0,0
2023-04-03,-0.011708959576371,0,0,0
2023-04-04,-0.0022246950221111624,0,0,0
2023-04-06,-0.014130548004158992,1,0,-1
2023-04-07,0.0002258610963864294,0,0,0
2023-04-10,-0.0004517732175325501,0,0,0
2023-04-11,-0.00022596316896508886,0,0,0
2023-04-12,-0.007713286880312473,0,0,0
2023-04-13,0.0018202507870023418,0,0,0
2023-04-14,0.01802256485858035,0,1,1
2023-04-17,0.003343366537974366,0,0,0
2023-04-18,-0.005354765137659916,0,0,0
2023-04-19,-0.0008952552075112774,0,0,0
2023-04-20,-0.014434170313696253,1,0,-1
2023-04-21,-0.005923917984589806,0,0,0
2023-04-24,-0.020781168068294772,1,0,-1
2023-04-25,-0.0035059051920558293,0,0,0
2023-04-26,-0.004458531379627938,0,0,0
2023-04-27,-0.007080511053572635,0,0,0
2023-04-28,0.008020802613214435,0,0,0
2023-05-04,-0.008494623991422857,0,0,0
2023-05-05,0.008729558798094759,0,0,0
2023-05-08,0.011676919225958263,0,0,0
2023-05-09,-0.003954873132047946,0,0,0
2023-05-10,-0.0025673955052458097,0,0,0
2023-05-11,-0.020064404954951594,1,0,-1
2023-05-12,-0.01537752550678678,1,0,-1
2023-05-15,0.01107644360739619,0,0,0
2023-05-16,-0.01325799822365727,1,0,-1
2023-05-17,0.011820183454029675,0,0,0
2023-05-18,0.006930365891346189,0,0,0
2023-05-19,-0.009571740941281631,0,0,0
2023-05-22,-0.03200468590445871,1,0,-1
2023-05-23,-0.02234309086754707,1,0,-1
2023-05-24,-0.011489977038760936,0,0,0
2023-05-25,-0.0218077178113983,1,0,-1
2023-05-26,0.012260490087481138,0,0,0
2023-05-29,0.006975871202987758,0,0,0
2023-05-30,-0.006198366952339019,0,0,0
2023-05-31,-0.00311365067327947,0,0,0
2023-06-01,0.003372684478639156,0,0,0
2023-06-02,-0.00025903380535982493,0,0,0
2023-06-05,-0.013300495980272506,1,0,-1
2023-06-06,0.018468466138715004,0,1,1
2023-06-07,0.0082135985373888,0,0,0
2023-06-08,0.009666826740459506,0,0,0
2023-06-09,0.010827249168053872,0,0,0
2023-06-12,-0.010827249168053717,0,0,0
2023-06-13,0.005302373236083807,0,0,0
2023-06-14,0.012263950481815304,0,0,0
2023-06-15,0.012606766889912135,0,0,0
2023-06-16,0.010020858632022154,0,0,0
2023-06-19,-0.005853675251460653,0,0,0
2023-06-20,-0.0036760242351277896,0,0,0
2023-06-21,-0.010365344531246757,0,0,0
2023-06-26,-0.006470903614706179,0,0,0
2023-06-27,0.0007487832622410887,0,0,0
2023-06-28,-0.004250537715966866,0,0,0
2023-06-29,0.0012520347197103336,0,0,0
2023-06-30,0.003247972874062773,0,0,0
2023-07-03,0.005472650474658816,0,0,0
2023-07-04,-0.0034791287578836067,0,0,0
2023-07-05,-0.0007471050029987642,0,0,0
2023-07-06,0.0009960160185963247,0,0,0
2023-07-07,-0.006241438311658412,0,0,0
2023-07-10,-0.0015037596818662875,0,0,0
2023-07-11,0.014195232759007022,0,1,1
2023-07-12,-0.009690720637902467,0,0,0
2023-07-13,0.025149254454099088,0,1,1
2023-07-14,-0.004147864919711117,0,0,0
2023-07-17,-0.012547833473434548,1,0,-1
2023-07-18,0.0024728004687482666,0,0,0
2023-07-19,-0.0029680951792202715,0,0,0
2023-07-20,-0.005215459481375708,0,0,0
2023-07-21,0.005958309583630625,0,0,0
2023-07-24,-0.009200611962622144,0,0,0
2023-07-25,0.022722637294596136,0,1,1
2023-07-26,0.009236818224562527,0,0,0
2023-07-27,0.0033816457346490304,0,0,0
2023-07-28,-0.0043499343602911205,0,0,0
2023-07-31,0.011797416230420969,0,0,0
2023-08-01,0.0135506649696437,0,1,1
2023-08-02,-0.0056831789242269655,0,0,0
2023-08-03,-0.012185074906618855,1,0,-1
2023-08-04,0.008139858206556373,0,0,0
2023-08-07,-0.0045405741769093694,0,0,0
2023-08-08,-0.0016780538517530324,0,0,0
2023-08-09,-0.0009601536983433704,0,0,0
2023-08-10,0.006224583181323984,0,0,0
2023-08-11,-0.014181225519418849,1,0,-1
2023-08-14,-0.01585979320847262,1,0,-1
2023-08-15,0.008083326316045518,0,0,0
2023-08-16,-0.030466752727872932,1,0,-1
2023-08-17,0.005517947283880727,0,0,0
2023-08-18,-0.004763704633416787,0,0,0
2023-08-21,0.007261832337772165,0,0,0
2023-08-22,0.00646607574945636,0,0,0
2023-08-23,0.003711497518004097,0,0,0
2023-08-24,0.008117127337628994,0,0,0
2023-08-25,0.011690342585288402,0,0,0
2023-08-28,-0.0019389245046740526,0,0,0
2023-08-29,0.006528858882463631,0,0,0
2023-08-30,0.011025998568438578,0,0,0
2023-08-31,-0.00071539290042846,0,0,0
2023-09-01,0.014211513460960548,0,1,1
2023-09-04,-0.0018832397279648176,0,0,0
2023-09-05,-0.0018867930125766445,0,0,0
2023-09-06,0.009632401505611508,0,0,0
2023-09-07,-0.0007016723478157009,0,0,0
2023-09-08,-0.00563117396063043,0,0,0
2023-09-11,0.010765374270238073,0,0,0
2023-09-12,0.012951152347077981,0,1,1
2023-09-13,-0.008538185018250275,0,0,0
2023-09-14,0.017231902551688723,0,1,1
2023-09-15,-0.00159580565040787,0,0,0
2023-09-18,-0.003657146933248246,0,0,0
2023-09-19,-0.005741203047323751,0,0,0
2023-09-20,-0.00484821450630395,0,0,0
2023-09-21,0.0030040461643712677,0,0,0
2023-09-22,0.008043246855131617,0,0,0
2023-09-25,-0.007120737564616166,0,0,0
2023-09-26,0.007349596702816121,0,0,0
2023-09-27,-0.014521403035525241,1,0,-1
2023-09-28,0.0016239418949910598,0,0,0
2023-10-09,0.013583724463818857,0,1,1
2023-10-10,-0.030886003186917158,1,0,-1
2023-10-11,0.004001417602148807,0,0,0
2023-10-12,0.0016430000175280872,0,0,0
2023-10-13,-0.004937120643355558,0,0,0
2023-10-16,0.004702571562885554,0,0,0
2023-10-17,-0.021817322568265074,1,0,-1
2023-10-18,0.014046177843378516,0,1,1
2023-10-19,-0.006403437035206913,0,0,0
2023-10-20,-0.005487309486314689,0,0,0
2023-10-23,-0.0026350476380051138,0,0,0
2023-10-24,0.011447775865762929,0,0,0
2023-10-25,0.003078018293763877,0,0,0
2023-10-26,-0.0021299262578248533,0,0,0
2023-10-27,-0.0011852555613005354,0,0,0
2023-10-30,0.010382349042217907,0,0,0
2023-10-31,-0.006594465725280825,0,0,0
2023-11-01,-0.011167990614559581,0,0,0
2023-11-02,0.028502695000732745,0,1,1
2023-11-03,-0.00348959293278369,0,0,0
2023-11-06,-0.0009326183935476006,0,0,0
2023-11-07,0.003957635243643186,0,0,0
2023-11-08,0.01063102224110937,0,0,0
2023-11-09,-0.001610491547907921,0,0,0
2023-11-10,-0.0020744504385174617,0,0,0
2023-11-13,-0.0032355008581484044,0,0,0
2023-11-14,0.002081166203824671,0,0,0
2023-11-15,0.010798496659836674,0,0,0
2023-11-16,-0.011029523575499732,0,0,0
2023-11-17,-0.009751644492795078,0,0,0
2023-11-20,-0.0016345596167054897,0,0,0
2023-11-21,-0.010099909695519799,0,0,0
2023-11-22,-0.012351700976538206,1,0,-1
2023-11-23,0.0007167602743844929,0,0,0
2023-11-24,0.006902324202054821,0,0,0
2023-11-27,0.005204648607046043,0,0,0
2023-11-28,-0.0007081317420895649,0,0,0
2023-11-29,-0.012115601341395893,0,0,0
2023-11-30,-0.007436762114005336,0,0,0
2023-12-01,-0.007007398493902961,0,0,0
2023-12-04,0.006766579708874121,0,0,0
2023-12-05,-0.01700308147593445,1,0,-1
2023-12-06,0.013867148378942323,0,1,1
2023-12-07,-0.0004833252873209234,0,0,0
2023-12-08,0.001931901107983873,0,0,0
2023-12-11,-0.004109760407996724,0,0,0
2023-12-12,0.011560822401076006,0,0,0
2023-12-13,-0.010834342165710118,0,0,0
2023-12-14,0.00819676720417849,0,0,0
2023-12-15,-0.0016820861829848262,0,0,0
2023-12-18,0.003121625778986975,0,0,0
2023-12-19,0.0014374703002301727,0,0,0
2023-12-20,0.016384077766026038,0,1,1
2023-12-21,-0.0030664017422776906,0,0,0
2023-12-22,0.003301889792347481,0,0,0
2023-12-25,0.003760286451939227,0,0,0
2023-12-26,0.005847285985427533,0,0,0
2023-12-27,0.0006993822408867454,0,0,0
2023-12-28,0.00348959293278353,0,0,0
2023-12-29,0.0006964596915296963,0,0,0
2024-01-02,0.004168602609046788,0,0,0
2024-01-03,0.0004621072170957034,0,0,0
2024-01-04,-0.01559803478341816,1,0,-1
2024-01-05,-0.0028195507400999415,0,0,0
2024-01-08,-0.0007061316051913985,0,0,0
2024-01-09,-0.0007066305793974602,0,0,0
2024-01-10,-0.0066194095126754435,0,0,0
2024-01-11,0.006383754981126549,0,0,0
2024-01-12,-0.003778044635534921,0,0,0
2024-01-15,0.004249298178657749,0,0,0
2024-01-16,-0.0023584916592929396,0,0,0
2024-01-17,-0.0035482000560973304,0,0,0
2024-01-18,-0.01576340259399987,1,0,-1
2024-01-19,-0.004584396978265885,0,0,0
2024-01-22,0.0004835590036197494,0,0,0
2024-01-23,0.009622398035763745,0,0,0
2024-01-24,0.017325697421287166,0,1,1
2024-01-25,0.005631173960630343,0,0,0
2024-01-26,0.0018700332705351445,0,0,0
2024-01-29,-0.0007008527328113039,0,0,0
2024-01-30,-0.005624575409342281,0,0,0
2024-01-31,0.0009396289157390744,0,0,0
2024-02-01,-0.019680540360738782,1,0,-1
2024-02-02,-0.00793368748507282,0,0,0
2024-02-05,-0.008727328120843222,0,0,0
2024-02-06,0.001459854273865451,0,0,0
2024-02-07,0.0,0,0,0
2024-02-08,-0.0024342757882379845,0,0,0
2024-02-19,-0.012261065813877505,1,0,-1
2024-02-20,-0.003212655673112817,0,0,0
2024-02-21,0.01083220832936043,0,0,0
2024-02-22,-0.0017154764653027346,0,0,0
2024-02-23,0.0004904364983050769,0,0,0
2024-02-26,0.006597458261320523,0,0,0
2024-02-27,0.0067961426628346715,0,0,0
2024-02-28,-0.006309169193264721,0,0,0
2024-02-29,0.0046144587041330775,0,0,0
2024-03-01,-0.0019403353165010206,0,0,0
2024-03-04,0.002666991518997638,0,0,0
2024-03-05,0.0016934805063331477,0,0,0
2024-03-06,0.0055441867938974855,0,0,0
2024-03-07,0.01289724110882544,0,1,1
2024-03-08,0.011560822401076006,0,0,0
2024-03-11,-0.0037602864519391947,0,0,0
2024-03-12,0.005869250326759602,0,0,0
2024-03-13,0.0014035090023200904,0,0,0
2024-03-14,0.0009345795072771869,0,0,0
2024-03-15,0.0041948325320256726,0,0,0
2024-03-18,-0.007469689260009829,0,0,0
2024-03-19,-0.009889414245642002,0,0,0
2024-03-20,0.00307147317663517,0,0,0
2024-03-21,0.015449745509194113,0,1,1
2024-03-22,-0.013799774598629723,1,0,-1
2024-03-25,-0.00401180479071286,0,0,0
2024-03-26,-0.005691265065440131,0,0,0
2024-03-27,-0.0109996326641368,0,0,0
2024-03-28,0.004079189819562987,0,0,0
2024-03-29,0.0031081913845601673,0,0,0
2024-04-01,0.004763047823535716,0,0,0
2024-04-02,0.0033206861633729187,0,0,0
2024-04-03,0.007313940826238938,0,0,0
2024-04-08,0.021166041939309987,0,1,1
2024-04-09,0.005279479725248485,0,0,0
2024-04-10,0.03685810472315605,0,1,1
2024-04-11,0.009224752434829571,0,0,0
2024-04-12,0.007622818137781794,0,0,0
2024-04-15,-0.01068829021207655,0,0,0
2024-04-16,-0.023071120901311772,1,0,-1
2024-04-17,0.013596554047484286,0,1,1
2024-04-18,0.011227415681241876,0,0,0
2024-04-19,-0.004387896465419491,0,0,0
2024-04-22,-0.009055832179778428,0,0,0
2024-04-23,-0.011829174873335397,0,0,0
2024-04-24,0.012716289591083077,0,1,1
2024-04-25,0.009487109215289013,0,0,0
2024-04-26,0.006129616389755991,0,0,0
2024-04-29,0.004572680803800683,0,0,0
2024-04-30,0.021492338127806473,0,1,1
2024-05-06,-0.00897058557230708,0,0,0
2024-05-07,-0.0012881066615735106,0,0,0
2024-05-08,-0.006681779358954045,0,0,0
2024-05-09,0.002807474039247461,0,0,0
2024-05-10,0.02281305628610049,0,1,1
2024-05-13,-0.007829899276419043,0,0,0
2024-05-14,0.007829899276419175,0,0,0
2024-05-15,0.009232126000302335,0,0,0
2024-05-16,-0.010497681959133023,0,0,0
2024-05-17,0.007988270353707165,0,0,0
2024-05-20,0.01578761499150282,0,1,1
2024-05-21,0.022417894187805563,0,1,1
2024-05-22,0.004423896215542791,0,0,0
2024-05-23,-0.023344204284588204,1,0,-1
2024-05-24,0.015488387874111682,0,1,1
2024-05-27,-0.0014165741516876911,0,0,0
2024-05-28,0.004243716584009161,0,0,0
2024-05-29,0.02213671009609491,0,1,1
2024-05-30,-0.025570710036673463,1,0,-1
2024-05-31,0.0072580963789818705,0,0,0
2024-06-03,-0.02894027119285398,1,0,-1
2024-06-04,0.008647367041182326,0,0,0
2024-06-05,-0.014454102560822113,1,0,-1
2024-06-06,0.0018701304151773923,0,0,0
2024-06-07,0.0033160652148632873,0,0,0
2024-06-11,-0.019641249877495826,1,0,-1
2024-06-12,-0.0059259432675471575,0,0,0
2024-06-13,0.005925943267547168,0,0,0
2024-06-14,-0.007412932389125411,0,0,0
2024-06-17,-0.013698844358161915,1,0,-1
2024-06-18,0.009011002830555186,0,0,0
2024-06-19,0.017991807153969582,0,1,1
2024-06-20,0.0002097535403599865,0,0,0
2024-06-21,-0.002519950934513276,0,0,0
2024-06-24,-0.005270382179524395,0,0,0
2024-06-25,0.00021134946712930044,0,0,0
2024-06-26,0.019670021086699543,0,1,1
2024-06-27,-0.00041450777795566516,0,0,0
2024-06-28,0.022343862826716982,0,1,1
2024-07-01,-0.011827217801790706,0,0,0
2024-07-02,0.003072199036970059,0,0,0
2024-07-03,0.00428528357032686,0,0,0
2024-07-04,0.004672431050057359,0,0,0
2024-07-05,-0.0006082108651759355,0,0,0
2024-07-08,-0.011626852038974577,0,0,0
2024-07-09,0.0016400167677538648,0,0,0
2024-07-10,-0.011951512545884056,0,0,0
2024-07-11,0.015223499105091583,0,1,1
2024-07-12,-0.013566497897462162,1,0,-1
2024-07-15,0.003099496230725025,0,0,0
2024-07-16,0.00020629190377443677,0,0,0
2024-07-17,-0.02105340919783238,1,0,-1
2024-07-18,-0.00042140750728977,0,0,0
2024-07-19,-0.01165884960370316,0,0,0
2024-07-22,-0.0008532423725840597,0,0,0
2024-07-23,-0.014401108637135583,1,0,-1
2024-07-24,-0.0023843080548782017,0,0,0
2024-07-25,-0.02061024499824619,1,0,-1
2024-07-26,0.0013283154487958044,0,0,0
2024-07-29,0.00837193697935261,0,0,0
2024-07-30,-0.013028780964457223,1,0,-1
2024-07-31,0.01522032249467387,0,1,1
2024-08-01,-0.0024109600719636106,0,0,0
2024-08-02,0.00590746713069303,0,0,0
2024-08-05,-0.034172395355394125,1,0,-1
2024-08-06,-0.005659324668901467,0,0,0
2024-08-07,-0.008435020945538918,0,0,0
2024-08-08,-0.00022896393918001227,0,0,0
2024-08-09,0.03465693380904419,0,1,1
2024-08-12,0.023391601018961965,0,1,1
2024-08-13,-0.003246404755746681,0,0,0
2024-08-14,-0.018156465080740817,1,0,-1
2024-08-15,0.010540282035432268,0,0,0
2024-08-16,0.018825612768932097,0,1,1
2024-08-19,0.0008570816894928291,0,0,0
2024-08-20,-0.003217851108700026,0,0,0
2024-08-21,0.011536124517930346,0,0,0
2024-08-22,0.005507321693761993,0,0,0
2024-08-23,0.013845406822053135,0,1,1
2024-08-26,0.008298802814695064,0,0,0
2024-08-27,-0.008507157852431835,0,0,0
2024-08-28,0.0008331598065787945,0,0,0
2024-08-29,0.0033257149755083143,0,0,0
2024-08-30,-0.0018693535405258537,0,0,0
2024-09-02,-0.017617905352953718,1,0,-1
2024-09-03,-0.00402841634571089,0,0,0
2024-09-04,-0.004898316683534354,0,0,0
2024-09-05,-0.031445722261142325,1,0,-1
2024-09-06,0.006806481431784712,0,0,0
2024-09-09,-0.00021884232497889995,0,0,0
2024-09-10,-0.0024104317576419403,0,0,0
2024-09-11,0.006778204589203973,0,0,0
2024-09-12,0.02687466910124298,0,1,1
2024-09-13,0.010970574162611093,0,0,0
2024-09-18,0.0035605860216093603,0,0,0
2024-09-19,0.013498284068853584,0,1,1
2024-09-20,-0.0028919664857220244,0,0,0
2024-09-23,-0.028963199755495973,1,0,-1
2024-09-24,0.022321415273266143,0,1,1
2024-09-25,0.018773114507925005,0,1,1
2024-09-26,0.009964495259431728,0,0,0
2024-09-27,0.011267724846342288,0,0,0
2024-09-30,0.005188596753136958,0,0,0
2024-10-08,0.006546992931948347,0,0,0
2024-10-09,-0.009736788300048567,0,0,0
2024-10-10,-0.0096308930609613,0,0,0
2024-10-11,0.021935076866255714,0,1,1
2024-10-14,-0.0005918911093190636,0,0,0
2024-10-15,-0.015112636006300507,1,0,-1
2024-10-16,0.013730192811902037,0,1,1
2024-10-17,-0.030296228223458788,1,0,-1
2024-10-18,0.020166039299564353,0,1,1
2024-10-21,0.007359555843386247,0,0,0
2024-10-22,-0.008758017763438732,0,0,0
2024-10-23,0.0005995803117565037,0,0,0
2024-10-24,0.03359514443141555,0,1,1
2024-10-25,-0.033395364189016966,1,0,-1
2024-10-28,-0.0024000011520009436,0,0,0
2024-10-29,0.0016006405978457453,0,0,0
2024-10-30,0.0007993605541551843,0,0,0
2024-10-31,0.00974065946285236,0,0,0
2024-11-01,-0.016354572739833265,1,0,-1
2024-11-04,0.010402174212537937,0,0,0
2024-11-05,-0.0023909156637731428,0,0,0
2024-11-06,-0.004398247793894187,0,0,0
2024-11-07,0.008578606225651885,0,0,0
2024-11-08,-0.005777483945940195,0,0,0
2024-11-11,-0.00200000066666711,0,0,0
2024-11-12,-0.0050175719919794805,0,0,0
2024-11-13,-0.010721251678735003,0,0,0
2024-11-14,-0.004892976122815838,0,0,0
2024-11-15,0.00712761392423214,0,0,0
2024-11-18,0.0030392080936036446,0,0,0
2024-11-19,0.006050845407779164,0,0,0
2024-11-20,0.013581195367892256,0,1,1
2024-11-21,-0.00019839301721652345,0,0,0
2024-11-22,-0.001191185370153118,0,0,0
2024-11-25,-0.010985829053078463,0,0,0
2024-11-26,0.01118445851047993,0,0,0
2024-11-27,0.025685168503123034,0,1,1
2024-11-28,-0.018560657860766737,1,0,-1
2024-11-29,-0.006131954729604724,0,0,0
2024-12-02,0.010068192836921671,0,0,0
2024-12-03,-0.006503126672425534,0,0,0
2024-12-04,0.006895899654694231,0,0,0
2024-12-05,0.0033323563131454894,0,0,0
2024-12-06,-0.0021549621425943646,0,0,0
2024-12-09,0.0037192956645783273,0,0,0
2024-12-10,0.007203379731326111,0,0,0
2024-12-11,0.003678966294914049,0,0,0
2024-12-12,0.0036654810983445915,0,0,0
2024-12-13,-0.004438876341844141,0,0,0
2024-12-16,-0.0030995762901644677,0,0,0
2024-12-17,-0.0048624038230419015,0,0,0
2024-12-18,-0.015918583168219404,1,0,-1
2024-12-19,-0.0015860431556347402,0,0,0
2024-12-20,-0.009569451016150672,0,0,0
2024-12-23,0.0026007817000574403,0,0,0
2024-12-24,0.008158437451682106,0,0,0
2024-12-25,0.0076991792816573125,0,0,0
2024-12-26,-0.0011806376814152912,0,0,0
2024-12-27,-0.00870086564858237,0,0,0
2024-12-30,0.005940611530121155,0,0,0
2024-12-31,0.005316542994513459,0,0,0
2025-01-02,-0.00768855438538853,0,0,0
2025-01-03,-0.024034804058170336,1,0,-1
2025-01-06,-0.0071203637216251895,0,0,0
2025-01-07,-0.003886677696275906,0,0,0
2025-01-08,-0.006993035490970637,0,0,0
2025-01-09,-0.0047584655837502945,0,0,0
2025-01-10,0.0014506271324255923,0,0,0
2025-01-13,0.0059874236885758365,0,0,0
2025-01-14,-0.010137668284455116,0,0,0
2025-01-15,-0.018892249551275126,1,0,-1
2025-01-16,0.0069686693160934355,0,0,0
2025-01-17,0.019381663282385643,0,1,1
2025-01-20,-0.00041288192163744695,0,0,0
2025-01-21,-0.000619642692551756,0,0,0
2025-01-22,-0.0035185796417055207,0,0,0
2025-01-23,-0.017148057166853584,1,0,-1
2025-01-24,0.007145890012712383,0,0,0
2025-01-27,-0.009257377283682552,0,0,0
2025-02-05,-0.016839361992593057,1,0,-1
2025-02-06,0.017684491981623567,0,1,1
2025-02-07,0.014258996044645733,0,1,1
2025-02-10,-0.008782992470305562,0,0,0
2025-02-11,-0.0025236606453969117,0,0,0
2025-02-12,0.002313598676343939,0,0,0
2025-02-13,-0.0010509722459750043,0,0,0
2025-02-14,0.01461403879359553,0,1,1
2025-02-17,-0.011464429890699374,0,0,0
2025-02-18,0.0012570711900511137,0,0,0
2025-02-19,0.0018826488146165888,0,0,0
2025-02-20,0.009153381986487201,0,0,0
2025-02-21,-0.0051905026736676985,0,0,0
2025-02-24,-0.0012497398002343097,0,0,0
2025-02-25,-0.016602251673252386,1,0,-1
2025-02-26,-0.0012722648026566544,0,0,0
2025-02-27,-0.0004244482236897106,0,0,0
2025-02-28,-0.005534284027518528,0,0,0
2025-03-03,0.012936242323186225,0,1,1
2025-03-04,-0.0021092604318673097,0,0,0
2025-03-05,-0.0014791339199658605,0,0,0
2025-03-06,0.01490215425210645,0,1,1
2025-03-07,-0.0016680571006970587,0,0,0
2025-03-10,-0.005230684590459641,0,0,0
2025-03-11,0.0002097535403599865,0,0,0
2025-03-12,0.0012575981535897908,0,0,0
2025-03-13,0.007512556201031547,0,0,0
2025-03-14,0.004356401454599776,0,0,0
2025-03-17,0.002067825385287649,0,0,0
2025-03-18,-0.018134942019555098,1,0,-1
2025-03-19,0.005244950658018959,0,0,0
2025-03-20,-0.001675393062051263,0,0,0
2025-03-21,-0.0035695575959677245,0,0,0
2025-03-24,0.017928351790538057,0,1,1
2025-03-25,-0.0031039859375911073,0,0,0
2025-03-26,0.001242750781320336,0,0,0
2025-03-27,-0.0020721101487843497,0,0,0
2025-03-28,-0.013995006485483094,1,0,-1
2025-03-31,-0.013340589591681223,1,0,-1
2025-04-01,0.006798411567659166,0,0,0
2025-04-02,-0.010001147304158057,0,0,0
2025-04-03,-0.009670216111207094,0,0,0
2025-04-07,-0.02315525034672546,1,0,-1
2025-04-08,-0.014693051506549879,1,0,-1
2025-04-09,-0.016506875649643128,1,0,-1
2025-04-10,0.0347296021201177,0,1,1
2025-04-11,-0.013301016311808076,1,0,-1
2025-04-14,0.004897605515428588,0,0,0
2025-04-15,-0.008474626990972232,0,0,0
2025-04-16,-0.018307664682747922,1,0,-1
2025-04-17,0.0031883424868550613,0,0,0
2025-04-18,0.002724797326185257,0,0,0
2025-04-21,0.015525117766408438,0,1,1
2025-04-22,-0.0049239132607442025,0,0,0
2025-04-23,0.00782214291177803,0,0,0
2025-04-24,0.005771381169614716,0,0,0
2025-04-25,0.007057814917047589,0,0,0
2025-04-28,-0.010161342125469843,0,0,0
2025-04-29,0.001331262677197806,0,0,0
2025-04-30,-0.004889985294191792,0,0,0
2025-05-06,-0.0037950709685516094,0,0,0
2025-05-07,-0.006507371779607922,0,0,0
2025-05-08,-0.0015771097106929398,0,0,0
2025-05-09,0.0006762087488594199,0,0,0
2025-05-12,0.013429029026721837,0,1,1
2025-05-13,-0.007363639208661535,0,0,0
2025-05-14,0.017098229354904456,0,1,1
2025-05-15,-0.005298025637555161,0,0,0
2025-05-16,-0.00399202126953745,0,0,0
2025-05-19,-0.0020020026706730793,0,0,0
2025-05-20,-0.0008910671117547534,0,0,0
2025-05-21,0.0064423192935693695,0,0,0
2025-05-22,-0.014947294463510844,1,0,-1
2025-05-23,-0.0013495278701333038,0,0,0
2025-05-26,-0.001351351556998958,0,0,0
2025-05-27,0.006514681021193672,0,0,0
2025-05-28,-0.005388427945730478,0,0,0
2025-05-29,0.012750424386799474,0,1,1
2025-05-30,-0.012075280893167393,0,0,0
2025-06-03,-0.002026799477747305,0,0,0
2025-06-04,0.01076243572179279,0,0,0
2025-06-05,-0.0035746240029592455,0,0,0
2025-06-06,0.0020122980518743035,0,0,0
2025-06-09,-0.02144793808555375,1,0,-1
2025-06-10,-0.002971091203975983,0,0,0
2025-06-11,0.01341386487709157,0,1,1
2025-06-12,-0.002487282232000983,0,0,0
2025-06-13,-0.012300838472916843,1,0,-1
2025-06-16,0.001145344301131258,0,0,0
2025-06-17,0.00297177038915748,0,0,0
2025-06-18,0.007051092559494643,0,0,0
2025-06-19,-0.008878828960472528,0,0,0
2025-06-20,-0.0009151224614846682,0,0,0
2025-06-23,-0.002979944898584778,0,0,0
2025-06-24,0.006407344575000474,0,0,0
2025-06-25,0.005686356730086141,0,0,0
2025-06-26,0.008806650572480665,0,0,0
2025-06-27,0.007614818430454011,0,0,0
2025-06-30,0.0037857744802998823,0,0,0
2025-07-01,-0.010726359825318017,0,0,0
2025-07-02,-0.0011239744917123846,0,0,0
2025-07-03,0.004264398786457518,0,0,0
2025-07-04,0.0038001610502728504,0,0,0
2025-07-07,-0.014382270380809817,1,0,-1
2025-07-08,-0.001812415539170856,0,0,0
2025-07-09,0.0031695747612790395,0,0,0
2025-07-10,0.011908915038794774,0,0,0
2025-07-11,-0.00022338880914972821,0,0,0
2025-07-14,-0.005825694271529921,0,0,0
2025-07-15,-0.007443363563759435,0,0,0
2025-07-16,-0.001812826238588783,0,0,0
2025-07-17,0.0033963578442331634,0,0,0
2025-07-18,0.007880261425305965,0,0,0
2025-07-21,0.027865580063088535,0,1,1
2025-07-22,0.000872029704268224,0,0,0
2025-07-23,0.0013066203949538243,0,0,0
2025-07-24,0.0017395090274540165,0,0,0
2025-07-25,-0.005664503163599398,0,0,0
2025-07-28,-0.010542597097428233,0,0,0
2025-07-29,0.0004415011109242233,0,0,0
2025-07-30,0.0006618864003361225,0,0,0
2025-07-31,-0.014439882134022844,1,0,-1
2025-08-01,-0.0011194448723046665,0,0,0
2025-08-04,-0.002916435045292523,0,0,0
2025-08-05,0.005601000415961504,0,0,0
2025-08-06,0.0,0,0,0
2025-08-07,0.008896855837736717,0,0,0
2025-08-08,-0.0028828049679809798,0,0,0
2025-08-11,0.003325576726376904,0,0,0
2025-08-12,0.0017691291655341783,0,0,0
2025-08-13,-0.0013265533672057752,0,0,0
2025-08-14,-0.005323881252749855,0,0,0
2025-08-15,0.0011114817194056376,0,0,0
2025-08-18,-0.006463858457997626,0,0,0
2025-08-19,-0.006956159542832821,0,0,0
2025-08-20,0.002698450029600023,0,0,0
2025-08-21,-0.0011234693912840399,0,0,0
2025-08-22,0.0015725039744914533,0,0,0
2025-08-25,0.005372746302390501,0,0,0
2025-08-26,-0.005597238389987194,0,0,0
2025-08-27,0.0017945271751648264,0,0,0
2025-08-28,-0.006294984816221088,0,0,0
2025-08-29,-0.0013540963477292579,0,0,0
2025-09-01,0.001579600915152386,0,0,0
2025-09-02,0.006741598566919453,0,0,0
2025-09-03,-0.0017933203640436563,0,0,0
2025-09-04,-0.007431629744385115,0,0,0
2025-09-05,0.0015810279973187732,0,0,0
2025-09-08,0.005177276617823395,0,0,0
2025-09-09,-0.006532290375283011,0,0,0
2025-09-10,0.004059545493878519,0,0,0
2025-09-11,0.0015742722243773377,0,0,0
2025-09-12,0.002468859967978905,0,0,0
2025-09-15,0.00022413986421310206,0,0,0
2025-09-16,-0.002468305976623496,0,0,0
2025-09-17,0.0011227125912655783,0,0,0
2025-09-18,-0.011057316765132942,0,0,0
2025-09-19,0.000226885990763397,0,0,0
2025-09-22,0.0022660331473121627,0,0,0
2025-09-23,-0.011152955028626576,0,0,0
2025-09-24,0.0006864203449932984,0,0,0
2025-09-25,0.008427336061508342,0,0,0
2025-09-26,-0.0029528698344256053,0,0,0
2025-09-29,-0.008222979180431992,0,0,0
2025-09-30,0.0011461319306225416,0,0,0
2025-10-09,0.02220299635556725,0,1,1
2025-10-10,-0.0020186168119569305,0,0,0
2025-10-13,-0.0006737788014586158,0,0,0
2025-10-14,-0.0015739182563336836,0,0,0
2025-10-15,-0.009268745003766742,0,0,0
2025-10-16,-0.003412584360633004,0,0,0
2025-10-17,-0.005713648271511272,0,0,0
2025-10-20,0.0016031149660261242,0,0,0
2025-10-21,0.00547696485491971,0,0,0
2025-10-22,0.0013645669617969522,0,0,0
2025-10-23,0.015560129027098923,0,1,1
2025-10-24,0.0004474273005292273,0,0,0
2025-10-27,0.00044722719886744255,0,0,0
2025-10-28,-0.0024622284403702905,0,0,0
2025-10-29,0.005364340087675776,0,0,0
2025-10-30,-0.0029021116473055,0,0,0
2025-10-31,-0.00044722719886746846,0,0,0
2025-11-03,0.00935002359302048,0,0,0
2025-11-04,0.004642431240473083,0,0,0
2025-11-05,-0.0008826125903945971,0,0,0
2025-11-06,0.001103144072157168,0,0,0
2025-11-07,0.001982597851750379,0,0,0
2025-11-10,-0.0022031293335129853,0,0,0
2025-11-11,0.0002205314817627565,0,0,0
2025-11-12,0.00022048285835103015,0,0,0
2025-11-13,0.002642009462838576,0,0,0
2025-11-14,-0.01394908037753011,1,0,-1
2025-11-17,0.0017821345772634405,0,0,0
2025-11-18,-0.006923534077682098,0,0,0
2025-11-19,0.004918409199572699,0,0,0
2025-11-20,-0.0017857147602346438,0,0,0
2025-11-21,0.0004467277268842482,0,0,0
2025-11-24,0.0,0,0,0
2025-11-25,-0.0013407823237650395,0,0,0
2025-11-26,-0.00022363860095449956,0,0,0
2025-11-27,0.002680367921458874,0,0,0
2025-11-28,0.0004460303374570626,0,0,0
2025-12-01,0.007330922535051992,0,0,0
2025-12-02,0.006838010542055429,0,0,0
2025-12-03,0.0004395604466378798,0,0,0
2025-12-04,0.004822455641413219,0,0,0
2025-12-05,0.019060572714685666,0,1,1
2025-12-08,-0.0008585533903637785,0,0,0
2025-12-09,-0.009276304248678278,0,0,0
2025-12-10,0.00021670820325357147,0,0,0
2025-12-11,-0.003472979397028693,0,0,0
2025-12-12,0.026181753006363034,0,1,1
2025-12-15,-0.007441301478545768,0,0,0
2025-12-16,-0.017219538687110434,1,0,-1
2025-12-17,-0.0026086971315869706,0,0,0
2025-12-18,0.0026086971315870218,0,0,0
2025-12-19,0.001952066556322016,0,0,0
2025-12-22,0.00173197705127301,0,0,0
2025-12-23,-0.001082134073784722,0,0,0
2025-12-24,0.0060449234159137945,0,0,0
2025-12-25,-0.007128229772533958,0,0,0
2025-12-26,0.004542021434500986,0,0,0
2025-12-29,0.003661824231775508,0,0,0
2025-12-30,0.005360793367862074,0,0,0
2025-12-31,-0.004501132880791538,0,0,0
